wallet,label,mint,buy_sig,rule,ret
xyzfhxfy8NhfeNG3Um3WaUvFXzNuHkrhrZMD8dsStB6,xyzfhx,xCkZSYF9wrNnuMd5ZfJ233jPiduejBMYMmf8dGqpump,3tk2dXnsCyMbDjAsfDRG3AEGUyhbFTLzZYotk11qr6W15nApapybbBN1Eg2bGQ84cWYyJsebHj4BryfBDdNwrHtB,follow wallet,-0.08034501325557006
xyzfhxfy8NhfeNG3Um3WaUvFXzNuHkrhrZMD8dsStB6,xyzfhx,xCkZSYF9wrNnuMd5ZfJ233jPiduejBMYMmf8dGqpump,3tk2dXnsCyMbDjAsfDRG3AEGUyhbFTLzZYotk11qr6W15nApapybbBN1Eg2bGQ84cWYyJsebHj4BryfBDdNwrHtB,hold 1 slots,-0.07976611305675543
xyzfhxfy8NhfeNG3Um3WaUvFXzNuHkrhrZMD8dsStB6,xyzfhx,xCkZSYF9wrNnuMd5ZfJ233jPiduejBMYMmf8dGqpump,3tk2dXnsCyMbDjAsfDRG3AEGUyhbFTLzZYotk11qr6W15nApapybbBN1Eg2bGQ84cWYyJsebHj4BryfBDdNwrHtB,hold 3 slots,-0.08034501325557006
xyzfhxfy8NhfeNG3Um3WaUvFXzNuHkrhrZMD8dsStB6,xyzfhx,xCkZSYF9wrNnuMd5ZfJ233jPiduejBMYMmf8dGqpump,3tk2dXnsCyMbDjAsfDRG3AEGUyhbFTLzZYotk11qr6W15nApapybbBN1Eg2bGQ84cWYyJsebHj4BryfBDdNwrHtB,hold 5 slots,-0.08197028271395265
xyzfhxfy8NhfeNG3Um3WaUvFXzNuHkrhrZMD8dsStB6,xyzfhx,xCkZSYF9wrNnuMd5ZfJ233jPiduejBMYMmf8dGqpump,3tk2dXnsCyMbDjAsfDRG3AEGUyhbFTLzZYotk11qr6W15nApapybbBN1Eg2bGQ84cWYyJsebHj4BryfBDdNwrHtB,hold 12 slots,-0.2208311917030164
xyzfhxfy8NhfeNG3Um3WaUvFXzNuHkrhrZMD8dsStB6,xyzfhx,xCkZSYF9wrNnuMd5ZfJ233jPiduejBMYMmf8dGqpump,3tk2dXnsCyMbDjAsfDRG3AEGUyhbFTLzZYotk11qr6W15nApapybbBN1Eg2bGQ84cWYyJsebHj4BryfBDdNwrHtB,hold 25 slots,-0.2826392206166595
xyzfhxfy8NhfeNG3Um3WaUvFXzNuHkrhrZMD8dsStB6,xyzfhx,xCkZSYF9wrNnuMd5ZfJ233jPiduejBMYMmf8dGqpump,3tk2dXnsCyMbDjAsfDRG3AEGUyhbFTLzZYotk11qr6W15nApapybbBN1Eg2bGQ84cWYyJsebHj4BryfBDdNwrHtB,hold 50 slots,-0.4634909962953491
xyzfhxfy8NhfeNG3Um3WaUvFXzNuHkrhrZMD8dsStB6,xyzfhx,xCkZSYF9wrNnuMd5ZfJ233jPiduejBMYMmf8dGqpump,3tk2dXnsCyMbDjAsfDRG3AEGUyhbFTLzZYotk11qr6W15nApapybbBN1Eg2bGQ84cWYyJsebHj4BryfBDdNwrHtB,hold 75 slots,-0.5904599300620892
xyzfhxfy8NhfeNG3Um3WaUvFXzNuHkrhrZMD8dsStB6,xyzfhx,xCkZSYF9wrNnuMd5ZfJ233jPiduejBMYMmf8dGqpump,3tk2dXnsCyMbDjAsfDRG3AEGUyhbFTLzZYotk11qr6W15nApapybbBN1Eg2bGQ84cWYyJsebHj4BryfBDdNwrHtB,hold 150 slots,-0.5907132584518842
xyzfhxfy8NhfeNG3Um3WaUvFXzNuHkrhrZMD8dsStB6,xyzfhx,xCkZSYF9wrNnuMd5ZfJ233jPiduejBMYMmf8dGqpump,3tk2dXnsCyMbDjAsfDRG3AEGUyhbFTLzZYotk11qr6W15nApapybbBN1Eg2bGQ84cWYyJsebHj4BryfBDdNwrHtB,TP 10% / SL 10%,-0.16234627295303833
xyzfhxfy8NhfeNG3Um3WaUvFXzNuHkrhrZMD8dsStB6,xyzfhx,xCkZSYF9wrNnuMd5ZfJ233jPiduejBMYMmf8dGqpump,3tk2dXnsCyMbDjAsfDRG3AEGUyhbFTLzZYotk11qr6W15nApapybbBN1Eg2bGQ84cWYyJsebHj4BryfBDdNwrHtB,TP 20% / SL 10%,-0.16234627295303833
xyzfhxfy8NhfeNG3Um3WaUvFXzNuHkrhrZMD8dsStB6,xyzfhx,xCkZSYF9wrNnuMd5ZfJ233jPiduejBMYMmf8dGqpump,3tk2dXnsCyMbDjAsfDRG3AEGUyhbFTLzZYotk11qr6W15nApapybbBN1Eg2bGQ84cWYyJsebHj4BryfBDdNwrHtB,TP 30% / SL 15%,-0.16234627295303833
xyzfhxfy8NhfeNG3Um3WaUvFXzNuHkrhrZMD8dsStB6,xyzfhx,xCkZSYF9wrNnuMd5ZfJ233jPiduejBMYMmf8dGqpump,3tk2dXnsCyMbDjAsfDRG3AEGUyhbFTLzZYotk11qr6W15nApapybbBN1Eg2bGQ84cWYyJsebHj4BryfBDdNwrHtB,TP 50% / SL 25%,-0.2826392206166595
xyzfhxfy8NhfeNG3Um3WaUvFXzNuHkrhrZMD8dsStB6,xyzfhx,xCkZSYF9wrNnuMd5ZfJ233jPiduejBMYMmf8dGqpump,3tk2dXnsCyMbDjAsfDRG3AEGUyhbFTLzZYotk11qr6W15nApapybbBN1Eg2bGQ84cWYyJsebHj4BryfBDdNwrHtB,TP 100% / SL 30%,-0.319747127545747
xyzfhxfy8NhfeNG3Um3WaUvFXzNuHkrhrZMD8dsStB6,xyzfhx,GAL1BpJz1TG5vVhFWeqRwomWc3o97bkbnZQjy6HTpump,5UAzT2gEFSEK6uE5S68mUutGCZh17fpwyTPJzaMrSo22qqkonnGr6QnhpFuuKDUaxk6Q63iXBdk6hdkPeVKDEcW5,follow wallet,-0.40568258046104433
xyzfhxfy8NhfeNG3Um3WaUvFXzNuHkrhrZMD8dsStB6,xyzfhx,GAL1BpJz1TG5vVhFWeqRwomWc3o97bkbnZQjy6HTpump,5UAzT2gEFSEK6uE5S68mUutGCZh17fpwyTPJzaMrSo22qqkonnGr6QnhpFuuKDUaxk6Q63iXBdk6hdkPeVKDEcW5,hold 1 slots,-0.04105442195840156
xyzfhxfy8NhfeNG3Um3WaUvFXzNuHkrhrZMD8dsStB6,xyzfhx,GAL1BpJz1TG5vVhFWeqRwomWc3o97bkbnZQjy6HTpump,5UAzT2gEFSEK6uE5S68mUutGCZh17fpwyTPJzaMrSo22qqkonnGr6QnhpFuuKDUaxk6Q63iXBdk6hdkPeVKDEcW5,hold 3 slots,-0.05578932130077696
xyzfhxfy8NhfeNG3Um3WaUvFXzNuHkrhrZMD8dsStB6,xyzfhx,GAL1BpJz1TG5vVhFWeqRwomWc3o97bkbnZQjy6HTpump,5UAzT2gEFSEK6uE5S68mUutGCZh17fpwyTPJzaMrSo22qqkonnGr6QnhpFuuKDUaxk6Q63iXBdk6hdkPeVKDEcW5,hold 5 slots,-0.12743991567106627
xyzfhxfy8NhfeNG3Um3WaUvFXzNuHkrhrZMD8dsStB6,xyzfhx,GAL1BpJz1TG5vVhFWeqRwomWc3o97bkbnZQjy6HTpump,5UAzT2gEFSEK6uE5S68mUutGCZh17fpwyTPJzaMrSo22qqkonnGr6QnhpFuuKDUaxk6Q63iXBdk6hdkPeVKDEcW5,hold 12 slots,-0.06081396486164367
xyzfhxfy8NhfeNG3Um3WaUvFXzNuHkrhrZMD8dsStB6,xyzfhx,GAL1BpJz1TG5vVhFWeqRwomWc3o97bkbnZQjy6HTpump,5UAzT2gEFSEK6uE5S68mUutGCZh17fpwyTPJzaMrSo22qqkonnGr6QnhpFuuKDUaxk6Q63iXBdk6hdkPeVKDEcW5,hold 25 slots,-0.1818727226263238
xyzfhxfy8NhfeNG3Um3WaUvFXzNuHkrhrZMD8dsStB6,xyzfhx,GAL1BpJz1TG5vVhFWeqRwomWc3o97bkbnZQjy6HTpump,5UAzT2gEFSEK6uE5S68mUutGCZh17fpwyTPJzaMrSo22qqkonnGr6QnhpFuuKDUaxk6Q63iXBdk6hdkPeVKDEcW5,hold 50 slots,-0.45831433567164614
xyzfhxfy8NhfeNG3Um3WaUvFXzNuHkrhrZMD8dsStB6,xyzfhx,GAL1BpJz1TG5vVhFWeqRwomWc3o97bkbnZQjy6HTpump,5UAzT2gEFSEK6uE5S68mUutGCZh17fpwyTPJzaMrSo22qqkonnGr6QnhpFuuKDUaxk6Q63iXBdk6hdkPeVKDEcW5,hold 75 slots,-0.5147150029881025
xyzfhxfy8NhfeNG3Um3WaUvFXzNuHkrhrZMD8dsStB6,xyzfhx,GAL1BpJz1TG5vVhFWeqRwomWc3o97bkbnZQjy6HTpump,5UAzT2gEFSEK6uE5S68mUutGCZh17fpwyTPJzaMrSo22qqkonnGr6QnhpFuuKDUaxk6Q63iXBdk6hdkPeVKDEcW5,hold 150 slots,-0.5433025027890482
xyzfhxfy8NhfeNG3Um3WaUvFXzNuHkrhrZMD8dsStB6,xyzfhx,GAL1BpJz1TG5vVhFWeqRwomWc3o97bkbnZQjy6HTpump,5UAzT2gEFSEK6uE5S68mUutGCZh17fpwyTPJzaMrSo22qqkonnGr6QnhpFuuKDUaxk6Q63iXBdk6hdkPeVKDEcW5,TP 10% / SL 10%,-0.12743991567106627
xyzfhxfy8NhfeNG3Um3WaUvFXzNuHkrhrZMD8dsStB6,xyzfhx,GAL1BpJz1TG5vVhFWeqRwomWc3o97bkbnZQjy6HTpump,5UAzT2gEFSEK6uE5S68mUutGCZh17fpwyTPJzaMrSo22qqkonnGr6QnhpFuuKDUaxk6Q63iXBdk6hdkPeVKDEcW5,TP 20% / SL 10%,-0.12743991567106627
xyzfhxfy8NhfeNG3Um3WaUvFXzNuHkrhrZMD8dsStB6,xyzfhx,GAL1BpJz1TG5vVhFWeqRwomWc3o97bkbnZQjy6HTpump,5UAzT2gEFSEK6uE5S68mUutGCZh17fpwyTPJzaMrSo22qqkonnGr6QnhpFuuKDUaxk6Q63iXBdk6hdkPeVKDEcW5,TP 30% / SL 15%,-0.17619129615408577
xyzfhxfy8NhfeNG3Um3WaUvFXzNuHkrhrZMD8dsStB6,xyzfhx,GAL1BpJz1TG5vVhFWeqRwomWc3o97bkbnZQjy6HTpump,5UAzT2gEFSEK6uE5S68mUutGCZh17fpwyTPJzaMrSo22qqkonnGr6QnhpFuuKDUaxk6Q63iXBdk6hdkPeVKDEcW5,TP 50% / SL 25%,-0.27322674384635376
xyzfhxfy8NhfeNG3Um3WaUvFXzNuHkrhrZMD8dsStB6,xyzfhx,GAL1BpJz1TG5vVhFWeqRwomWc3o97bkbnZQjy6HTpump,5UAzT2gEFSEK6uE5S68mUutGCZh17fpwyTPJzaMrSo22qqkonnGr6QnhpFuuKDUaxk6Q63iXBdk6hdkPeVKDEcW5,TP 100% / SL 30%,-0.45831433567164614
AVjEtg2ECYKXYeqdRQXvaaAZBjfTjYuSMTR4WLhKoeQN,AVjEtg,8c66nL98dCKt7TVGXA5CbkXfN9rdjkBCuSzgco23pump,4yK6nBgHBCvDbX1nY9zZQy4M9L54UVoDcpPLnaGsqKrBktX7jeqXGZ5Us6H5CPMKHMsnwyKXaCNQCSdYLT6x8Ygk,follow wallet,-0.35706638491352727
AVjEtg2ECYKXYeqdRQXvaaAZBjfTjYuSMTR4WLhKoeQN,AVjEtg,8c66nL98dCKt7TVGXA5CbkXfN9rdjkBCuSzgco23pump,4yK6nBgHBCvDbX1nY9zZQy4M9L54UVoDcpPLnaGsqKrBktX7jeqXGZ5Us6H5CPMKHMsnwyKXaCNQCSdYLT6x8Ygk,hold 1 slots,-0.056340772927971246
AVjEtg2ECYKXYeqdRQXvaaAZBjfTjYuSMTR4WLhKoeQN,AVjEtg,8c66nL98dCKt7TVGXA5CbkXfN9rdjkBCuSzgco23pump,4yK6nBgHBCvDbX1nY9zZQy4M9L54UVoDcpPLnaGsqKrBktX7jeqXGZ5Us6H5CPMKHMsnwyKXaCNQCSdYLT6x8Ygk,hold 3 slots,-0.1340721812492181
AVjEtg2ECYKXYeqdRQXvaaAZBjfTjYuSMTR4WLhKoeQN,AVjEtg,8c66nL98dCKt7TVGXA5CbkXfN9rdjkBCuSzgco23pump,4yK6nBgHBCvDbX1nY9zZQy4M9L54UVoDcpPLnaGsqKrBktX7jeqXGZ5Us6H5CPMKHMsnwyKXaCNQCSdYLT6x8Ygk,hold 5 slots,-0.10393157800288702
AVjEtg2ECYKXYeqdRQXvaaAZBjfTjYuSMTR4WLhKoeQN,AVjEtg,8c66nL98dCKt7TVGXA5CbkXfN9rdjkBCuSzgco23pump,4yK6nBgHBCvDbX1nY9zZQy4M9L54UVoDcpPLnaGsqKrBktX7jeqXGZ5Us6H5CPMKHMsnwyKXaCNQCSdYLT6x8Ygk,hold 12 slots,0.07451409413275145
AVjEtg2ECYKXYeqdRQXvaaAZBjfTjYuSMTR4WLhKoeQN,AVjEtg,8c66nL98dCKt7TVGXA5CbkXfN9rdjkBCuSzgco23pump,4yK6nBgHBCvDbX1nY9zZQy4M9L54UVoDcpPLnaGsqKrBktX7jeqXGZ5Us6H5CPMKHMsnwyKXaCNQCSdYLT6x8Ygk,hold 25 slots,0.3281138086834564
AVjEtg2ECYKXYeqdRQXvaaAZBjfTjYuSMTR4WLhKoeQN,AVjEtg,8c66nL98dCKt7TVGXA5CbkXfN9rdjkBCuSzgco23pump,4yK6nBgHBCvDbX1nY9zZQy4M9L54UVoDcpPLnaGsqKrBktX7jeqXGZ5Us6H5CPMKHMsnwyKXaCNQCSdYLT6x8Ygk,hold 50 slots,0.2100495173817749
AVjEtg2ECYKXYeqdRQXvaaAZBjfTjYuSMTR4WLhKoeQN,AVjEtg,8c66nL98dCKt7TVGXA5CbkXfN9rdjkBCuSzgco23pump,4yK6nBgHBCvDbX1nY9zZQy4M9L54UVoDcpPLnaGsqKrBktX7jeqXGZ5Us6H5CPMKHMsnwyKXaCNQCSdYLT6x8Ygk,hold 75 slots,0.30989600508861137
AVjEtg2ECYKXYeqdRQXvaaAZBjfTjYuSMTR4WLhKoeQN,AVjEtg,8c66nL98dCKt7TVGXA5CbkXfN9rdjkBCuSzgco23pump,4yK6nBgHBCvDbX1nY9zZQy4M9L54UVoDcpPLnaGsqKrBktX7jeqXGZ5Us6H5CPMKHMsnwyKXaCNQCSdYLT6x8Ygk,hold 150 slots,-0.569405120851012
AVjEtg2ECYKXYeqdRQXvaaAZBjfTjYuSMTR4WLhKoeQN,AVjEtg,8c66nL98dCKt7TVGXA5CbkXfN9rdjkBCuSzgco23pump,4yK6nBgHBCvDbX1nY9zZQy4M9L54UVoDcpPLnaGsqKrBktX7jeqXGZ5Us6H5CPMKHMsnwyKXaCNQCSdYLT6x8Ygk,TP 10% / SL 10%,-0.1340721812492181
AVjEtg2ECYKXYeqdRQXvaaAZBjfTjYuSMTR4WLhKoeQN,AVjEtg,8c66nL98dCKt7TVGXA5CbkXfN9rdjkBCuSzgco23pump,4yK6nBgHBCvDbX1nY9zZQy4M9L54UVoDcpPLnaGsqKrBktX7jeqXGZ5Us6H5CPMKHMsnwyKXaCNQCSdYLT6x8Ygk,TP 20% / SL 10%,-0.1340721812492181
AVjEtg2ECYKXYeqdRQXvaaAZBjfTjYuSMTR4WLhKoeQN,AVjEtg,8c66nL98dCKt7TVGXA5CbkXfN9rdjkBCuSzgco23pump,4yK6nBgHBCvDbX1nY9zZQy4M9L54UVoDcpPLnaGsqKrBktX7jeqXGZ5Us6H5CPMKHMsnwyKXaCNQCSdYLT6x8Ygk,TP 30% / SL 15%,0.3281138086834564
AVjEtg2ECYKXYeqdRQXvaaAZBjfTjYuSMTR4WLhKoeQN,AVjEtg,8c66nL98dCKt7TVGXA5CbkXfN9rdjkBCuSzgco23pump,4yK6nBgHBCvDbX1nY9zZQy4M9L54UVoDcpPLnaGsqKrBktX7jeqXGZ5Us6H5CPMKHMsnwyKXaCNQCSdYLT6x8Ygk,TP 50% / SL 25%,-0.569405120851012
AVjEtg2ECYKXYeqdRQXvaaAZBjfTjYuSMTR4WLhKoeQN,AVjEtg,8c66nL98dCKt7TVGXA5CbkXfN9rdjkBCuSzgco23pump,4yK6nBgHBCvDbX1nY9zZQy4M9L54UVoDcpPLnaGsqKrBktX7jeqXGZ5Us6H5CPMKHMsnwyKXaCNQCSdYLT6x8Ygk,TP 100% / SL 30%,-0.569405120851012
AVjEtg2ECYKXYeqdRQXvaaAZBjfTjYuSMTR4WLhKoeQN,AVjEtg,6QPfNXj5qebDs3gQVBfgEZZsb2LGan4k7QuLPQ5ppump,2wsYoR87tD9iXztDwQQd6KHeSdUWpNm4t5S7KDGVZmo7pqcjj5EM9D5kRewW3dVxzyoqAyJHzPWZXz2yejF9scY9,follow wallet,-0.2578525185074445
AVjEtg2ECYKXYeqdRQXvaaAZBjfTjYuSMTR4WLhKoeQN,AVjEtg,6QPfNXj5qebDs3gQVBfgEZZsb2LGan4k7QuLPQ5ppump,2wsYoR87tD9iXztDwQQd6KHeSdUWpNm4t5S7KDGVZmo7pqcjj5EM9D5kRewW3dVxzyoqAyJHzPWZXz2yejF9scY9,hold 1 slots,-0.07168453997451663
AVjEtg2ECYKXYeqdRQXvaaAZBjfTjYuSMTR4WLhKoeQN,AVjEtg,6QPfNXj5qebDs3gQVBfgEZZsb2LGan4k7QuLPQ5ppump,2wsYoR87tD9iXztDwQQd6KHeSdUWpNm4t5S7KDGVZmo7pqcjj5EM9D5kRewW3dVxzyoqAyJHzPWZXz2yejF9scY9,hold 3 slots,-0.07127660383583928
AVjEtg2ECYKXYeqdRQXvaaAZBjfTjYuSMTR4WLhKoeQN,AVjEtg,6QPfNXj5qebDs3gQVBfgEZZsb2LGan4k7QuLPQ5ppump,2wsYoR87tD9iXztDwQQd6KHeSdUWpNm4t5S7KDGVZmo7pqcjj5EM9D5kRewW3dVxzyoqAyJHzPWZXz2yejF9scY9,hold 5 slots,-0.07127660383583928
AVjEtg2ECYKXYeqdRQXvaaAZBjfTjYuSMTR4WLhKoeQN,AVjEtg,6QPfNXj5qebDs3gQVBfgEZZsb2LGan4k7QuLPQ5ppump,2wsYoR87tD9iXztDwQQd6KHeSdUWpNm4t5S7KDGVZmo7pqcjj5EM9D5kRewW3dVxzyoqAyJHzPWZXz2yejF9scY9,hold 12 slots,-0.0988678696602478
AVjEtg2ECYKXYeqdRQXvaaAZBjfTjYuSMTR4WLhKoeQN,AVjEtg,6QPfNXj5qebDs3gQVBfgEZZsb2LGan4k7QuLPQ5ppump,2wsYoR87tD9iXztDwQQd6KHeSdUWpNm4t5S7KDGVZmo7pqcjj5EM9D5kRewW3dVxzyoqAyJHzPWZXz2yejF9scY9,hold 25 slots,-0.10102642286302851
AVjEtg2ECYKXYeqdRQXvaaAZBjfTjYuSMTR4WLhKoeQN,AVjEtg,6QPfNXj5qebDs3gQVBfgEZZsb2LGan4k7QuLPQ5ppump,2wsYoR87tD9iXztDwQQd6KHeSdUWpNm4t5S7KDGVZmo7pqcjj5EM9D5kRewW3dVxzyoqAyJHzPWZXz2yejF9scY9,hold 50 slots,-0.10102642286302851
AVjEtg2ECYKXYeqdRQXvaaAZBjfTjYuSMTR4WLhKoeQN,AVjEtg,6QPfNXj5qebDs3gQVBfgEZZsb2LGan4k7QuLPQ5ppump,2wsYoR87tD9iXztDwQQd6KHeSdUWpNm4t5S7KDGVZmo7pqcjj5EM9D5kRewW3dVxzyoqAyJHzPWZXz2yejF9scY9,hold 75 slots,-0.10285407198667909
AVjEtg2ECYKXYeqdRQXvaaAZBjfTjYuSMTR4WLhKoeQN,AVjEtg,6QPfNXj5qebDs3gQVBfgEZZsb2LGan4k7QuLPQ5ppump,2wsYoR87tD9iXztDwQQd6KHeSdUWpNm4t5S7KDGVZmo7pqcjj5EM9D5kRewW3dVxzyoqAyJHzPWZXz2yejF9scY9,hold 150 slots,-0.11431821659877814
AVjEtg2ECYKXYeqdRQXvaaAZBjfTjYuSMTR4WLhKoeQN,AVjEtg,6QPfNXj5qebDs3gQVBfgEZZsb2LGan4k7QuLPQ5ppump,2wsYoR87tD9iXztDwQQd6KHeSdUWpNm4t5S7KDGVZmo7pqcjj5EM9D5kRewW3dVxzyoqAyJHzPWZXz2yejF9scY9,TP 10% / SL 10%,-0.10102642286302851
AVjEtg2ECYKXYeqdRQXvaaAZBjfTjYuSMTR4WLhKoeQN,AVjEtg,6QPfNXj5qebDs3gQVBfgEZZsb2LGan4k7QuLPQ5ppump,2wsYoR87tD9iXztDwQQd6KHeSdUWpNm4t5S7KDGVZmo7pqcjj5EM9D5kRewW3dVxzyoqAyJHzPWZXz2yejF9scY9,TP 20% / SL 10%,-0.10102642286302851
AVjEtg2ECYKXYeqdRQXvaaAZBjfTjYuSMTR4WLhKoeQN,AVjEtg,6QPfNXj5qebDs3gQVBfgEZZsb2LGan4k7QuLPQ5ppump,2wsYoR87tD9iXztDwQQd6KHeSdUWpNm4t5S7KDGVZmo7pqcjj5EM9D5kRewW3dVxzyoqAyJHzPWZXz2yejF9scY9,TP 30% / SL 15%,-0.11431821659877814
AVjEtg2ECYKXYeqdRQXvaaAZBjfTjYuSMTR4WLhKoeQN,AVjEtg,6QPfNXj5qebDs3gQVBfgEZZsb2LGan4k7QuLPQ5ppump,2wsYoR87tD9iXztDwQQd6KHeSdUWpNm4t5S7KDGVZmo7pqcjj5EM9D5kRewW3dVxzyoqAyJHzPWZXz2yejF9scY9,TP 50% / SL 25%,-0.11431821659877814
AVjEtg2ECYKXYeqdRQXvaaAZBjfTjYuSMTR4WLhKoeQN,AVjEtg,6QPfNXj5qebDs3gQVBfgEZZsb2LGan4k7QuLPQ5ppump,2wsYoR87tD9iXztDwQQd6KHeSdUWpNm4t5S7KDGVZmo7pqcjj5EM9D5kRewW3dVxzyoqAyJHzPWZXz2yejF9scY9,TP 100% / SL 30%,-0.11431821659877814
AVjEtg2ECYKXYeqdRQXvaaAZBjfTjYuSMTR4WLhKoeQN,AVjEtg,9R8QoMTcK5QhHqnudSGAucjvDnHQy4LyuyxNVXDxBUMP,55qHSxCPV6znDLLQytdqb8Pew3ZQAmMTeKqzpd5MYQgRj6La3wHWGdijVR2msHS4xncMFVyj2z33da1Gjj65ZD2y,follow wallet,-0.1989763347810334
AVjEtg2ECYKXYeqdRQXvaaAZBjfTjYuSMTR4WLhKoeQN,AVjEtg,9R8QoMTcK5QhHqnudSGAucjvDnHQy4LyuyxNVXDxBUMP,55qHSxCPV6znDLLQytdqb8Pew3ZQAmMTeKqzpd5MYQgRj6La3wHWGdijVR2msHS4xncMFVyj2z33da1Gjj65ZD2y,hold 1 slots,-0.003753540628402114
AVjEtg2ECYKXYeqdRQXvaaAZBjfTjYuSMTR4WLhKoeQN,AVjEtg,9R8QoMTcK5QhHqnudSGAucjvDnHQy4LyuyxNVXDxBUMP,55qHSxCPV6znDLLQytdqb8Pew3ZQAmMTeKqzpd5MYQgRj6La3wHWGdijVR2msHS4xncMFVyj2z33da1Gjj65ZD2y,hold 3 slots,0.06421656655147576
AVjEtg2ECYKXYeqdRQXvaaAZBjfTjYuSMTR4WLhKoeQN,AVjEtg,9R8QoMTcK5QhHqnudSGAucjvDnHQy4LyuyxNVXDxBUMP,55qHSxCPV6znDLLQytdqb8Pew3ZQAmMTeKqzpd5MYQgRj6La3wHWGdijVR2msHS4xncMFVyj2z33da1Gjj65ZD2y,hold 5 slots,0.07549587566634156
AVjEtg2ECYKXYeqdRQXvaaAZBjfTjYuSMTR4WLhKoeQN,AVjEtg,9R8QoMTcK5QhHqnudSGAucjvDnHQy4LyuyxNVXDxBUMP,55qHSxCPV6znDLLQytdqb8Pew3ZQAmMTeKqzpd5MYQgRj6La3wHWGdijVR2msHS4xncMFVyj2z33da1Gjj65ZD2y,hold 12 slots,0.006989891509957314
AVjEtg2ECYKXYeqdRQXvaaAZBjfTjYuSMTR4WLhKoeQN,AVjEtg,9R8QoMTcK5QhHqnudSGAucjvDnHQy4LyuyxNVXDxBUMP,55qHSxCPV6znDLLQytdqb8Pew3ZQAmMTeKqzpd5MYQgRj6La3wHWGdijVR2msHS4xncMFVyj2z33da1Gjj65ZD2y,hold 25 slots,0.0023150457421190745
AVjEtg2ECYKXYeqdRQXvaaAZBjfTjYuSMTR4WLhKoeQN,AVjEtg,9R8QoMTcK5QhHqnudSGAucjvDnHQy4LyuyxNVXDxBUMP,55qHSxCPV6znDLLQytdqb8Pew3ZQAmMTeKqzpd5MYQgRj6La3wHWGdijVR2msHS4xncMFVyj2z33da1Gjj65ZD2y,hold 50 slots,-0.07518467940456175
AVjEtg2ECYKXYeqdRQXvaaAZBjfTjYuSMTR4WLhKoeQN,AVjEtg,9R8QoMTcK5QhHqnudSGAucjvDnHQy4LyuyxNVXDxBUMP,55qHSxCPV6znDLLQytdqb8Pew3ZQAmMTeKqzpd5MYQgRj6La3wHWGdijVR2msHS4xncMFVyj2z33da1Gjj65ZD2y,hold 75 slots,0.10996126231158757
AVjEtg2ECYKXYeqdRQXvaaAZBjfTjYuSMTR4WLhKoeQN,AVjEtg,9R8QoMTcK5QhHqnudSGAucjvDnHQy4LyuyxNVXDxBUMP,55qHSxCPV6znDLLQytdqb8Pew3ZQAmMTeKqzpd5MYQgRj6La3wHWGdijVR2msHS4xncMFVyj2z33da1Gjj65ZD2y,hold 150 slots,-0.05787258223294437
AVjEtg2ECYKXYeqdRQXvaaAZBjfTjYuSMTR4WLhKoeQN,AVjEtg,9R8QoMTcK5QhHqnudSGAucjvDnHQy4LyuyxNVXDxBUMP,55qHSxCPV6znDLLQytdqb8Pew3ZQAmMTeKqzpd5MYQgRj6La3wHWGdijVR2msHS4xncMFVyj2z33da1Gjj65ZD2y,TP 10% / SL 10%,0.11415475768488645
AVjEtg2ECYKXYeqdRQXvaaAZBjfTjYuSMTR4WLhKoeQN,AVjEtg,9R8QoMTcK5QhHqnudSGAucjvDnHQy4LyuyxNVXDxBUMP,55qHSxCPV6znDLLQytdqb8Pew3ZQAmMTeKqzpd5MYQgRj6La3wHWGdijVR2msHS4xncMFVyj2z33da1Gjj65ZD2y,TP 20% / SL 10%,-0.05787258223294437
AVjEtg2ECYKXYeqdRQXvaaAZBjfTjYuSMTR4WLhKoeQN,AVjEtg,9R8QoMTcK5QhHqnudSGAucjvDnHQy4LyuyxNVXDxBUMP,55qHSxCPV6znDLLQytdqb8Pew3ZQAmMTeKqzpd5MYQgRj6La3wHWGdijVR2msHS4xncMFVyj2z33da1Gjj65ZD2y,TP 30% / SL 15%,-0.05787258223294437
AVjEtg2ECYKXYeqdRQXvaaAZBjfTjYuSMTR4WLhKoeQN,AVjEtg,9R8QoMTcK5QhHqnudSGAucjvDnHQy4LyuyxNVXDxBUMP,55qHSxCPV6znDLLQytdqb8Pew3ZQAmMTeKqzpd5MYQgRj6La3wHWGdijVR2msHS4xncMFVyj2z33da1Gjj65ZD2y,TP 50% / SL 25%,-0.05787258223294437
AVjEtg2ECYKXYeqdRQXvaaAZBjfTjYuSMTR4WLhKoeQN,AVjEtg,9R8QoMTcK5QhHqnudSGAucjvDnHQy4LyuyxNVXDxBUMP,55qHSxCPV6znDLLQytdqb8Pew3ZQAmMTeKqzpd5MYQgRj6La3wHWGdijVR2msHS4xncMFVyj2z33da1Gjj65ZD2y,TP 100% / SL 30%,-0.05787258223294437
AVjEtg2ECYKXYeqdRQXvaaAZBjfTjYuSMTR4WLhKoeQN,AVjEtg,9MByxBZDBk8iQTQUYyqEbUCxdDXNCGRJnN7VcPMmpump,3Pb3UGURfTsATiKGB7s8RmBNE4JL7VBfo12KJeR4kZ2zBc9zY3UMkHv8NWweL6HFgeLeBuh7G81fKSdPPZNP5cTT,follow wallet,-0.30248369306620765
AVjEtg2ECYKXYeqdRQXvaaAZBjfTjYuSMTR4WLhKoeQN,AVjEtg,9MByxBZDBk8iQTQUYyqEbUCxdDXNCGRJnN7VcPMmpump,3Pb3UGURfTsATiKGB7s8RmBNE4JL7VBfo12KJeR4kZ2zBc9zY3UMkHv8NWweL6HFgeLeBuh7G81fKSdPPZNP5cTT,hold 1 slots,0.012587819499506832
AVjEtg2ECYKXYeqdRQXvaaAZBjfTjYuSMTR4WLhKoeQN,AVjEtg,9MByxBZDBk8iQTQUYyqEbUCxdDXNCGRJnN7VcPMmpump,3Pb3UGURfTsATiKGB7s8RmBNE4JL7VBfo12KJeR4kZ2zBc9zY3UMkHv8NWweL6HFgeLeBuh7G81fKSdPPZNP5cTT,hold 3 slots,-0.011967956844387888
AVjEtg2ECYKXYeqdRQXvaaAZBjfTjYuSMTR4WLhKoeQN,AVjEtg,9MByxBZDBk8iQTQUYyqEbUCxdDXNCGRJnN7VcPMmpump,3Pb3UGURfTsATiKGB7s8RmBNE4JL7VBfo12KJeR4kZ2zBc9zY3UMkHv8NWweL6HFgeLeBuh7G81fKSdPPZNP5cTT,hold 5 slots,-0.0008810673512915377
AVjEtg2ECYKXYeqdRQXvaaAZBjfTjYuSMTR4WLhKoeQN,AVjEtg,9MByxBZDBk8iQTQUYyqEbUCxdDXNCGRJnN7VcPMmpump,3Pb3UGURfTsATiKGB7s8RmBNE4JL7VBfo12KJeR4kZ2zBc9zY3UMkHv8NWweL6HFgeLeBuh7G81fKSdPPZNP5cTT,hold 12 slots,-0.02262009406612492
AVjEtg2ECYKXYeqdRQXvaaAZBjfTjYuSMTR4WLhKoeQN,AVjEtg,9MByxBZDBk8iQTQUYyqEbUCxdDXNCGRJnN7VcPMmpump,3Pb3UGURfTsATiKGB7s8RmBNE4JL7VBfo12KJeR4kZ2zBc9zY3UMkHv8NWweL6HFgeLeBuh7G81fKSdPPZNP5cTT,hold 25 slots,-0.02262009406612492
AVjEtg2ECYKXYeqdRQXvaaAZBjfTjYuSMTR4WLhKoeQN,AVjEtg,9MByxBZDBk8iQTQUYyqEbUCxdDXNCGRJnN7VcPMmpump,3Pb3UGURfTsATiKGB7s8RmBNE4JL7VBfo12KJeR4kZ2zBc9zY3UMkHv8NWweL6HFgeLeBuh7G81fKSdPPZNP5cTT,hold 50 slots,-0.007262299368306279
AVjEtg2ECYKXYeqdRQXvaaAZBjfTjYuSMTR4WLhKoeQN,AVjEtg,9MByxBZDBk8iQTQUYyqEbUCxdDXNCGRJnN7VcPMmpump,3Pb3UGURfTsATiKGB7s8RmBNE4JL7VBfo12KJeR4kZ2zBc9zY3UMkHv8NWweL6HFgeLeBuh7G81fKSdPPZNP5cTT,hold 75 slots,-0.14736104892260254
AVjEtg2ECYKXYeqdRQXvaaAZBjfTjYuSMTR4WLhKoeQN,AVjEtg,9MByxBZDBk8iQTQUYyqEbUCxdDXNCGRJnN7VcPMmpump,3Pb3UGURfTsATiKGB7s8RmBNE4JL7VBfo12KJeR4kZ2zBc9zY3UMkHv8NWweL6HFgeLeBuh7G81fKSdPPZNP5cTT,hold 150 slots,-0.17788210142668762
AVjEtg2ECYKXYeqdRQXvaaAZBjfTjYuSMTR4WLhKoeQN,AVjEtg,9MByxBZDBk8iQTQUYyqEbUCxdDXNCGRJnN7VcPMmpump,3Pb3UGURfTsATiKGB7s8RmBNE4JL7VBfo12KJeR4kZ2zBc9zY3UMkHv8NWweL6HFgeLeBuh7G81fKSdPPZNP5cTT,TP 10% / SL 10%,-0.14736104892260254
AVjEtg2ECYKXYeqdRQXvaaAZBjfTjYuSMTR4WLhKoeQN,AVjEtg,9MByxBZDBk8iQTQUYyqEbUCxdDXNCGRJnN7VcPMmpump,3Pb3UGURfTsATiKGB7s8RmBNE4JL7VBfo12KJeR4kZ2zBc9zY3UMkHv8NWweL6HFgeLeBuh7G81fKSdPPZNP5cTT,TP 20% / SL 10%,-0.14736104892260254
AVjEtg2ECYKXYeqdRQXvaaAZBjfTjYuSMTR4WLhKoeQN,AVjEtg,9MByxBZDBk8iQTQUYyqEbUCxdDXNCGRJnN7VcPMmpump,3Pb3UGURfTsATiKGB7s8RmBNE4JL7VBfo12KJeR4kZ2zBc9zY3UMkHv8NWweL6HFgeLeBuh7G81fKSdPPZNP5cTT,TP 30% / SL 15%,-0.2589668084297143
AVjEtg2ECYKXYeqdRQXvaaAZBjfTjYuSMTR4WLhKoeQN,AVjEtg,9MByxBZDBk8iQTQUYyqEbUCxdDXNCGRJnN7VcPMmpump,3Pb3UGURfTsATiKGB7s8RmBNE4JL7VBfo12KJeR4kZ2zBc9zY3UMkHv8NWweL6HFgeLeBuh7G81fKSdPPZNP5cTT,TP 50% / SL 25%,-0.2589668084297143
AVjEtg2ECYKXYeqdRQXvaaAZBjfTjYuSMTR4WLhKoeQN,AVjEtg,9MByxBZDBk8iQTQUYyqEbUCxdDXNCGRJnN7VcPMmpump,3Pb3UGURfTsATiKGB7s8RmBNE4JL7VBfo12KJeR4kZ2zBc9zY3UMkHv8NWweL6HFgeLeBuh7G81fKSdPPZNP5cTT,TP 100% / SL 30%,-0.17788210142668762
DrJ6SnDXkEsPeGdmSs93v5rwWumv5QMvAGSZjAyWSd5o,DrJ6Sn,6w7GyqiPQJGFLYkfcCaSRmiC6DPuM6ULWKUQnpwVpump,ApjLxHW7YV1476uRgPqYze2par8VNUCxV8bAEaK1SxAFg4mpxtbe8y8EZe8AdtAXZDALUifSze2G1F7vwrxC2YM,hold 1 slots,-0.02207483889614749
DrJ6SnDXkEsPeGdmSs93v5rwWumv5QMvAGSZjAyWSd5o,DrJ6Sn,6w7GyqiPQJGFLYkfcCaSRmiC6DPuM6ULWKUQnpwVpump,ApjLxHW7YV1476uRgPqYze2par8VNUCxV8bAEaK1SxAFg4mpxtbe8y8EZe8AdtAXZDALUifSze2G1F7vwrxC2YM,hold 3 slots,-0.02207483889614749
DrJ6SnDXkEsPeGdmSs93v5rwWumv5QMvAGSZjAyWSd5o,DrJ6Sn,6w7GyqiPQJGFLYkfcCaSRmiC6DPuM6ULWKUQnpwVpump,ApjLxHW7YV1476uRgPqYze2par8VNUCxV8bAEaK1SxAFg4mpxtbe8y8EZe8AdtAXZDALUifSze2G1F7vwrxC2YM,hold 5 slots,-0.02207483889614749
DrJ6SnDXkEsPeGdmSs93v5rwWumv5QMvAGSZjAyWSd5o,DrJ6Sn,6w7GyqiPQJGFLYkfcCaSRmiC6DPuM6ULWKUQnpwVpump,ApjLxHW7YV1476uRgPqYze2par8VNUCxV8bAEaK1SxAFg4mpxtbe8y8EZe8AdtAXZDALUifSze2G1F7vwrxC2YM,hold 12 slots,-0.02207483889614749
DrJ6SnDXkEsPeGdmSs93v5rwWumv5QMvAGSZjAyWSd5o,DrJ6Sn,6w7GyqiPQJGFLYkfcCaSRmiC6DPuM6ULWKUQnpwVpump,ApjLxHW7YV1476uRgPqYze2par8VNUCxV8bAEaK1SxAFg4mpxtbe8y8EZe8AdtAXZDALUifSze2G1F7vwrxC2YM,hold 25 slots,-0.02207483889614749
DrJ6SnDXkEsPeGdmSs93v5rwWumv5QMvAGSZjAyWSd5o,DrJ6Sn,6w7GyqiPQJGFLYkfcCaSRmiC6DPuM6ULWKUQnpwVpump,ApjLxHW7YV1476uRgPqYze2par8VNUCxV8bAEaK1SxAFg4mpxtbe8y8EZe8AdtAXZDALUifSze2G1F7vwrxC2YM,hold 50 slots,-0.02207483889614749
DrJ6SnDXkEsPeGdmSs93v5rwWumv5QMvAGSZjAyWSd5o,DrJ6Sn,6w7GyqiPQJGFLYkfcCaSRmiC6DPuM6ULWKUQnpwVpump,ApjLxHW7YV1476uRgPqYze2par8VNUCxV8bAEaK1SxAFg4mpxtbe8y8EZe8AdtAXZDALUifSze2G1F7vwrxC2YM,hold 75 slots,-0.02207483889614749
DrJ6SnDXkEsPeGdmSs93v5rwWumv5QMvAGSZjAyWSd5o,DrJ6Sn,6w7GyqiPQJGFLYkfcCaSRmiC6DPuM6ULWKUQnpwVpump,ApjLxHW7YV1476uRgPqYze2par8VNUCxV8bAEaK1SxAFg4mpxtbe8y8EZe8AdtAXZDALUifSze2G1F7vwrxC2YM,hold 150 slots,-0.02207483889614749
DrJ6SnDXkEsPeGdmSs93v5rwWumv5QMvAGSZjAyWSd5o,DrJ6Sn,6w7GyqiPQJGFLYkfcCaSRmiC6DPuM6ULWKUQnpwVpump,ApjLxHW7YV1476uRgPqYze2par8VNUCxV8bAEaK1SxAFg4mpxtbe8y8EZe8AdtAXZDALUifSze2G1F7vwrxC2YM,TP 10% / SL 10%,-0.02207483889614749
DrJ6SnDXkEsPeGdmSs93v5rwWumv5QMvAGSZjAyWSd5o,DrJ6Sn,6w7GyqiPQJGFLYkfcCaSRmiC6DPuM6ULWKUQnpwVpump,ApjLxHW7YV1476uRgPqYze2par8VNUCxV8bAEaK1SxAFg4mpxtbe8y8EZe8AdtAXZDALUifSze2G1F7vwrxC2YM,TP 20% / SL 10%,-0.02207483889614749
DrJ6SnDXkEsPeGdmSs93v5rwWumv5QMvAGSZjAyWSd5o,DrJ6Sn,6w7GyqiPQJGFLYkfcCaSRmiC6DPuM6ULWKUQnpwVpump,ApjLxHW7YV1476uRgPqYze2par8VNUCxV8bAEaK1SxAFg4mpxtbe8y8EZe8AdtAXZDALUifSze2G1F7vwrxC2YM,TP 30% / SL 15%,-0.02207483889614749
DrJ6SnDXkEsPeGdmSs93v5rwWumv5QMvAGSZjAyWSd5o,DrJ6Sn,6w7GyqiPQJGFLYkfcCaSRmiC6DPuM6ULWKUQnpwVpump,ApjLxHW7YV1476uRgPqYze2par8VNUCxV8bAEaK1SxAFg4mpxtbe8y8EZe8AdtAXZDALUifSze2G1F7vwrxC2YM,TP 50% / SL 25%,-0.02207483889614749
DrJ6SnDXkEsPeGdmSs93v5rwWumv5QMvAGSZjAyWSd5o,DrJ6Sn,6w7GyqiPQJGFLYkfcCaSRmiC6DPuM6ULWKUQnpwVpump,ApjLxHW7YV1476uRgPqYze2par8VNUCxV8bAEaK1SxAFg4mpxtbe8y8EZe8AdtAXZDALUifSze2G1F7vwrxC2YM,TP 100% / SL 30%,-0.02207483889614749
Cv5GgkpXvtXcsrMcKCJvx46BpMjiM61mpPU1j8RbbbVL,Cv5Ggk,89enxWmFf5mgD5MRdxqZNK7ntMcDoi3AYYUw4pNfpump,3kj9dZJMJv1mMYUptqAJNLPCCufByVyFswZuPfKPeEmDmVyVNNkdMQijLB8EKVJvWHAWpzwPhBmPirEdbJuDzoPo,follow wallet,-0.04266813864889157
Cv5GgkpXvtXcsrMcKCJvx46BpMjiM61mpPU1j8RbbbVL,Cv5Ggk,89enxWmFf5mgD5MRdxqZNK7ntMcDoi3AYYUw4pNfpump,3kj9dZJMJv1mMYUptqAJNLPCCufByVyFswZuPfKPeEmDmVyVNNkdMQijLB8EKVJvWHAWpzwPhBmPirEdbJuDzoPo,hold 1 slots,-0.038007836056858535
Cv5GgkpXvtXcsrMcKCJvx46BpMjiM61mpPU1j8RbbbVL,Cv5Ggk,89enxWmFf5mgD5MRdxqZNK7ntMcDoi3AYYUw4pNfpump,3kj9dZJMJv1mMYUptqAJNLPCCufByVyFswZuPfKPeEmDmVyVNNkdMQijLB8EKVJvWHAWpzwPhBmPirEdbJuDzoPo,hold 3 slots,0.04162156239799499
Cv5GgkpXvtXcsrMcKCJvx46BpMjiM61mpPU1j8RbbbVL,Cv5Ggk,89enxWmFf5mgD5MRdxqZNK7ntMcDoi3AYYUw4pNfpump,3kj9dZJMJv1mMYUptqAJNLPCCufByVyFswZuPfKPeEmDmVyVNNkdMQijLB8EKVJvWHAWpzwPhBmPirEdbJuDzoPo,hold 5 slots,0.04162156239799499
Cv5GgkpXvtXcsrMcKCJvx46BpMjiM61mpPU1j8RbbbVL,Cv5Ggk,89enxWmFf5mgD5MRdxqZNK7ntMcDoi3AYYUw4pNfpump,3kj9dZJMJv1mMYUptqAJNLPCCufByVyFswZuPfKPeEmDmVyVNNkdMQijLB8EKVJvWHAWpzwPhBmPirEdbJuDzoPo,hold 12 slots,0.0820451515230565
Cv5GgkpXvtXcsrMcKCJvx46BpMjiM61mpPU1j8RbbbVL,Cv5Ggk,89enxWmFf5mgD5MRdxqZNK7ntMcDoi3AYYUw4pNfpump,3kj9dZJMJv1mMYUptqAJNLPCCufByVyFswZuPfKPeEmDmVyVNNkdMQijLB8EKVJvWHAWpzwPhBmPirEdbJuDzoPo,hold 25 slots,0.35637812045520495
Cv5GgkpXvtXcsrMcKCJvx46BpMjiM61mpPU1j8RbbbVL,Cv5Ggk,89enxWmFf5mgD5MRdxqZNK7ntMcDoi3AYYUw4pNfpump,3kj9dZJMJv1mMYUptqAJNLPCCufByVyFswZuPfKPeEmDmVyVNNkdMQijLB8EKVJvWHAWpzwPhBmPirEdbJuDzoPo,hold 50 slots,0.33003973204922676
Cv5GgkpXvtXcsrMcKCJvx46BpMjiM61mpPU1j8RbbbVL,Cv5Ggk,89enxWmFf5mgD5MRdxqZNK7ntMcDoi3AYYUw4pNfpump,3kj9dZJMJv1mMYUptqAJNLPCCufByVyFswZuPfKPeEmDmVyVNNkdMQijLB8EKVJvWHAWpzwPhBmPirEdbJuDzoPo,hold 75 slots,0.4599439205205767
Cv5GgkpXvtXcsrMcKCJvx46BpMjiM61mpPU1j8RbbbVL,Cv5Ggk,89enxWmFf5mgD5MRdxqZNK7ntMcDoi3AYYUw4pNfpump,3kj9dZJMJv1mMYUptqAJNLPCCufByVyFswZuPfKPeEmDmVyVNNkdMQijLB8EKVJvWHAWpzwPhBmPirEdbJuDzoPo,hold 150 slots,0.340953623507498
Cv5GgkpXvtXcsrMcKCJvx46BpMjiM61mpPU1j8RbbbVL,Cv5Ggk,89enxWmFf5mgD5MRdxqZNK7ntMcDoi3AYYUw4pNfpump,3kj9dZJMJv1mMYUptqAJNLPCCufByVyFswZuPfKPeEmDmVyVNNkdMQijLB8EKVJvWHAWpzwPhBmPirEdbJuDzoPo,TP 10% / SL 10%,0.17280108443482065
Cv5GgkpXvtXcsrMcKCJvx46BpMjiM61mpPU1j8RbbbVL,Cv5Ggk,89enxWmFf5mgD5MRdxqZNK7ntMcDoi3AYYUw4pNfpump,3kj9dZJMJv1mMYUptqAJNLPCCufByVyFswZuPfKPeEmDmVyVNNkdMQijLB8EKVJvWHAWpzwPhBmPirEdbJuDzoPo,TP 20% / SL 10%,0.35637812045520495
Cv5GgkpXvtXcsrMcKCJvx46BpMjiM61mpPU1j8RbbbVL,Cv5Ggk,89enxWmFf5mgD5MRdxqZNK7ntMcDoi3AYYUw4pNfpump,3kj9dZJMJv1mMYUptqAJNLPCCufByVyFswZuPfKPeEmDmVyVNNkdMQijLB8EKVJvWHAWpzwPhBmPirEdbJuDzoPo,TP 30% / SL 15%,0.35637812045520495
Cv5GgkpXvtXcsrMcKCJvx46BpMjiM61mpPU1j8RbbbVL,Cv5Ggk,89enxWmFf5mgD5MRdxqZNK7ntMcDoi3AYYUw4pNfpump,3kj9dZJMJv1mMYUptqAJNLPCCufByVyFswZuPfKPeEmDmVyVNNkdMQijLB8EKVJvWHAWpzwPhBmPirEdbJuDzoPo,TP 50% / SL 25%,0.340953623507498
Cv5GgkpXvtXcsrMcKCJvx46BpMjiM61mpPU1j8RbbbVL,Cv5Ggk,89enxWmFf5mgD5MRdxqZNK7ntMcDoi3AYYUw4pNfpump,3kj9dZJMJv1mMYUptqAJNLPCCufByVyFswZuPfKPeEmDmVyVNNkdMQijLB8EKVJvWHAWpzwPhBmPirEdbJuDzoPo,TP 100% / SL 30%,0.340953623507498
Cv5GgkpXvtXcsrMcKCJvx46BpMjiM61mpPU1j8RbbbVL,Cv5Ggk,HXHZT27p7C9t62QyDgPoEHiRFsLoqUTYnJAmZ16tpump,W4ayw5u1jQAKPomvTHtGAxSgK5SJs2P1aczD7JG2Y2rJCbvj96f5CwkmDxzkv9mUiKb6xvgVY24ZS1GckEwm4Nu,hold 1 slots,-0.054398960479553816
Cv5GgkpXvtXcsrMcKCJvx46BpMjiM61mpPU1j8RbbbVL,Cv5Ggk,HXHZT27p7C9t62QyDgPoEHiRFsLoqUTYnJAmZ16tpump,W4ayw5u1jQAKPomvTHtGAxSgK5SJs2P1aczD7JG2Y2rJCbvj96f5CwkmDxzkv9mUiKb6xvgVY24ZS1GckEwm4Nu,hold 3 slots,-0.054398960479553816
Cv5GgkpXvtXcsrMcKCJvx46BpMjiM61mpPU1j8RbbbVL,Cv5Ggk,HXHZT27p7C9t62QyDgPoEHiRFsLoqUTYnJAmZ16tpump,W4ayw5u1jQAKPomvTHtGAxSgK5SJs2P1aczD7JG2Y2rJCbvj96f5CwkmDxzkv9mUiKb6xvgVY24ZS1GckEwm4Nu,hold 5 slots,-0.054398960479553816
Cv5GgkpXvtXcsrMcKCJvx46BpMjiM61mpPU1j8RbbbVL,Cv5Ggk,HXHZT27p7C9t62QyDgPoEHiRFsLoqUTYnJAmZ16tpump,W4ayw5u1jQAKPomvTHtGAxSgK5SJs2P1aczD7JG2Y2rJCbvj96f5CwkmDxzkv9mUiKb6xvgVY24ZS1GckEwm4Nu,hold 12 slots,-0.04280734571308661
Cv5GgkpXvtXcsrMcKCJvx46BpMjiM61mpPU1j8RbbbVL,Cv5Ggk,HXHZT27p7C9t62QyDgPoEHiRFsLoqUTYnJAmZ16tpump,W4ayw5u1jQAKPomvTHtGAxSgK5SJs2P1aczD7JG2Y2rJCbvj96f5CwkmDxzkv9mUiKb6xvgVY24ZS1GckEwm4Nu,hold 25 slots,0.03219675446557736
Cv5GgkpXvtXcsrMcKCJvx46BpMjiM61mpPU1j8RbbbVL,Cv5Ggk,HXHZT27p7C9t62QyDgPoEHiRFsLoqUTYnJAmZ16tpump,W4ayw5u1jQAKPomvTHtGAxSgK5SJs2P1aczD7JG2Y2rJCbvj96f5CwkmDxzkv9mUiKb6xvgVY24ZS1GckEwm4Nu,hold 50 slots,-0.03493805181289065
Cv5GgkpXvtXcsrMcKCJvx46BpMjiM61mpPU1j8RbbbVL,Cv5Ggk,HXHZT27p7C9t62QyDgPoEHiRFsLoqUTYnJAmZ16tpump,W4ayw5u1jQAKPomvTHtGAxSgK5SJs2P1aczD7JG2Y2rJCbvj96f5CwkmDxzkv9mUiKb6xvgVY24ZS1GckEwm4Nu,hold 75 slots,-0.03300816224135256
Cv5GgkpXvtXcsrMcKCJvx46BpMjiM61mpPU1j8RbbbVL,Cv5Ggk,HXHZT27p7C9t62QyDgPoEHiRFsLoqUTYnJAmZ16tpump,W4ayw5u1jQAKPomvTHtGAxSgK5SJs2P1aczD7JG2Y2rJCbvj96f5CwkmDxzkv9mUiKb6xvgVY24ZS1GckEwm4Nu,hold 150 slots,0.7281133560469129
Cv5GgkpXvtXcsrMcKCJvx46BpMjiM61mpPU1j8RbbbVL,Cv5Ggk,HXHZT27p7C9t62QyDgPoEHiRFsLoqUTYnJAmZ16tpump,W4ayw5u1jQAKPomvTHtGAxSgK5SJs2P1aczD7JG2Y2rJCbvj96f5CwkmDxzkv9mUiKb6xvgVY24ZS1GckEwm4Nu,TP 10% / SL 10%,0.1747309662624805
Cv5GgkpXvtXcsrMcKCJvx46BpMjiM61mpPU1j8RbbbVL,Cv5Ggk,HXHZT27p7C9t62QyDgPoEHiRFsLoqUTYnJAmZ16tpump,W4ayw5u1jQAKPomvTHtGAxSgK5SJs2P1aczD7JG2Y2rJCbvj96f5CwkmDxzkv9mUiKb6xvgVY24ZS1GckEwm4Nu,TP 20% / SL 10%,0.7281133560469129
Cv5GgkpXvtXcsrMcKCJvx46BpMjiM61mpPU1j8RbbbVL,Cv5Ggk,HXHZT27p7C9t62QyDgPoEHiRFsLoqUTYnJAmZ16tpump,W4ayw5u1jQAKPomvTHtGAxSgK5SJs2P1aczD7JG2Y2rJCbvj96f5CwkmDxzkv9mUiKb6xvgVY24ZS1GckEwm4Nu,TP 30% / SL 15%,0.7281133560469129
Cv5GgkpXvtXcsrMcKCJvx46BpMjiM61mpPU1j8RbbbVL,Cv5Ggk,HXHZT27p7C9t62QyDgPoEHiRFsLoqUTYnJAmZ16tpump,W4ayw5u1jQAKPomvTHtGAxSgK5SJs2P1aczD7JG2Y2rJCbvj96f5CwkmDxzkv9mUiKb6xvgVY24ZS1GckEwm4Nu,TP 50% / SL 25%,0.7281133560469129
Cv5GgkpXvtXcsrMcKCJvx46BpMjiM61mpPU1j8RbbbVL,Cv5Ggk,HXHZT27p7C9t62QyDgPoEHiRFsLoqUTYnJAmZ16tpump,W4ayw5u1jQAKPomvTHtGAxSgK5SJs2P1aczD7JG2Y2rJCbvj96f5CwkmDxzkv9mUiKb6xvgVY24ZS1GckEwm4Nu,TP 100% / SL 30%,0.7281133560469129
Cv5GgkpXvtXcsrMcKCJvx46BpMjiM61mpPU1j8RbbbVL,Cv5Ggk,14rRSwdxuP1FTgVhFUvycZcYVZjgSrynGzoJkWd5pump,4181cba7bv6U2EuFeXAB9GTneVkhy1S1tLG1pnhshjhQh37wxhm9iUK1NwiU6savREXo3ggeBcX1i35UxVyFuX6q,follow wallet,0.025853661268566253
Cv5GgkpXvtXcsrMcKCJvx46BpMjiM61mpPU1j8RbbbVL,Cv5Ggk,14rRSwdxuP1FTgVhFUvycZcYVZjgSrynGzoJkWd5pump,4181cba7bv6U2EuFeXAB9GTneVkhy1S1tLG1pnhshjhQh37wxhm9iUK1NwiU6savREXo3ggeBcX1i35UxVyFuX6q,hold 1 slots,-0.04903446772970283
Cv5GgkpXvtXcsrMcKCJvx46BpMjiM61mpPU1j8RbbbVL,Cv5Ggk,14rRSwdxuP1FTgVhFUvycZcYVZjgSrynGzoJkWd5pump,4181cba7bv6U2EuFeXAB9GTneVkhy1S1tLG1pnhshjhQh37wxhm9iUK1NwiU6savREXo3ggeBcX1i35UxVyFuX6q,hold 3 slots,0.024322043815131783
Cv5GgkpXvtXcsrMcKCJvx46BpMjiM61mpPU1j8RbbbVL,Cv5Ggk,14rRSwdxuP1FTgVhFUvycZcYVZjgSrynGzoJkWd5pump,4181cba7bv6U2EuFeXAB9GTneVkhy1S1tLG1pnhshjhQh37wxhm9iUK1NwiU6savREXo3ggeBcX1i35UxVyFuX6q,hold 5 slots,0.03795369694642448
Cv5GgkpXvtXcsrMcKCJvx46BpMjiM61mpPU1j8RbbbVL,Cv5Ggk,14rRSwdxuP1FTgVhFUvycZcYVZjgSrynGzoJkWd5pump,4181cba7bv6U2EuFeXAB9GTneVkhy1S1tLG1pnhshjhQh37wxhm9iUK1NwiU6savREXo3ggeBcX1i35UxVyFuX6q,hold 12 slots,0.15837605082218384
Cv5GgkpXvtXcsrMcKCJvx46BpMjiM61mpPU1j8RbbbVL,Cv5Ggk,14rRSwdxuP1FTgVhFUvycZcYVZjgSrynGzoJkWd5pump,4181cba7bv6U2EuFeXAB9GTneVkhy1S1tLG1pnhshjhQh37wxhm9iUK1NwiU6savREXo3ggeBcX1i35UxVyFuX6q,hold 25 slots,0.0685014320363593
Cv5GgkpXvtXcsrMcKCJvx46BpMjiM61mpPU1j8RbbbVL,Cv5Ggk,14rRSwdxuP1FTgVhFUvycZcYVZjgSrynGzoJkWd5pump,4181cba7bv6U2EuFeXAB9GTneVkhy1S1tLG1pnhshjhQh37wxhm9iUK1NwiU6savREXo3ggeBcX1i35UxVyFuX6q,hold 50 slots,0.10743441684481192
Cv5GgkpXvtXcsrMcKCJvx46BpMjiM61mpPU1j8RbbbVL,Cv5Ggk,14rRSwdxuP1FTgVhFUvycZcYVZjgSrynGzoJkWd5pump,4181cba7bv6U2EuFeXAB9GTneVkhy1S1tLG1pnhshjhQh37wxhm9iUK1NwiU6savREXo3ggeBcX1i35UxVyFuX6q,hold 75 slots,0.08167802922554804
Cv5GgkpXvtXcsrMcKCJvx46BpMjiM61mpPU1j8RbbbVL,Cv5Ggk,14rRSwdxuP1FTgVhFUvycZcYVZjgSrynGzoJkWd5pump,4181cba7bv6U2EuFeXAB9GTneVkhy1S1tLG1pnhshjhQh37wxhm9iUK1NwiU6savREXo3ggeBcX1i35UxVyFuX6q,hold 150 slots,-0.05707036533492553
Cv5GgkpXvtXcsrMcKCJvx46BpMjiM61mpPU1j8RbbbVL,Cv5Ggk,14rRSwdxuP1FTgVhFUvycZcYVZjgSrynGzoJkWd5pump,4181cba7bv6U2EuFeXAB9GTneVkhy1S1tLG1pnhshjhQh37wxhm9iUK1NwiU6savREXo3ggeBcX1i35UxVyFuX6q,TP 10% / SL 10%,0.1583586639683442
Cv5GgkpXvtXcsrMcKCJvx46BpMjiM61mpPU1j8RbbbVL,Cv5Ggk,14rRSwdxuP1FTgVhFUvycZcYVZjgSrynGzoJkWd5pump,4181cba7bv6U2EuFeXAB9GTneVkhy1S1tLG1pnhshjhQh37wxhm9iUK1NwiU6savREXo3ggeBcX1i35UxVyFuX6q,TP 20% / SL 10%,-0.05707036533492553
Cv5GgkpXvtXcsrMcKCJvx46BpMjiM61mpPU1j8RbbbVL,Cv5Ggk,14rRSwdxuP1FTgVhFUvycZcYVZjgSrynGzoJkWd5pump,4181cba7bv6U2EuFeXAB9GTneVkhy1S1tLG1pnhshjhQh37wxhm9iUK1NwiU6savREXo3ggeBcX1i35UxVyFuX6q,TP 30% / SL 15%,-0.05707036533492553
Cv5GgkpXvtXcsrMcKCJvx46BpMjiM61mpPU1j8RbbbVL,Cv5Ggk,14rRSwdxuP1FTgVhFUvycZcYVZjgSrynGzoJkWd5pump,4181cba7bv6U2EuFeXAB9GTneVkhy1S1tLG1pnhshjhQh37wxhm9iUK1NwiU6savREXo3ggeBcX1i35UxVyFuX6q,TP 50% / SL 25%,-0.05707036533492553
Cv5GgkpXvtXcsrMcKCJvx46BpMjiM61mpPU1j8RbbbVL,Cv5Ggk,14rRSwdxuP1FTgVhFUvycZcYVZjgSrynGzoJkWd5pump,4181cba7bv6U2EuFeXAB9GTneVkhy1S1tLG1pnhshjhQh37wxhm9iUK1NwiU6savREXo3ggeBcX1i35UxVyFuX6q,TP 100% / SL 30%,-0.05707036533492553
CAPn1yH4oSywsxGU456jfgTrSSUidf9jgeAnHceNUJdw,CAPn1y,3nRCD613j3ejYn984YZqG2mLtDy4ciUJBm6RXpbspump,2ajpfGpYBQEDBPDtPPJzs8Gdvxdo4QRBtFMQC2niqZL9sYCCJZEcr7T8R72Bj7R1jGbT2PK22vn6chvZoqYE6pBp,follow wallet,-0.1466357998843812
CAPn1yH4oSywsxGU456jfgTrSSUidf9jgeAnHceNUJdw,CAPn1y,3nRCD613j3ejYn984YZqG2mLtDy4ciUJBm6RXpbspump,2ajpfGpYBQEDBPDtPPJzs8Gdvxdo4QRBtFMQC2niqZL9sYCCJZEcr7T8R72Bj7R1jGbT2PK22vn6chvZoqYE6pBp,hold 1 slots,-0.045479205388109206
CAPn1yH4oSywsxGU456jfgTrSSUidf9jgeAnHceNUJdw,CAPn1y,3nRCD613j3ejYn984YZqG2mLtDy4ciUJBm6RXpbspump,2ajpfGpYBQEDBPDtPPJzs8Gdvxdo4QRBtFMQC2niqZL9sYCCJZEcr7T8R72Bj7R1jGbT2PK22vn6chvZoqYE6pBp,hold 3 slots,-0.031930962757678275
CAPn1yH4oSywsxGU456jfgTrSSUidf9jgeAnHceNUJdw,CAPn1y,3nRCD613j3ejYn984YZqG2mLtDy4ciUJBm6RXpbspump,2ajpfGpYBQEDBPDtPPJzs8Gdvxdo4QRBtFMQC2niqZL9sYCCJZEcr7T8R72Bj7R1jGbT2PK22vn6chvZoqYE6pBp,hold 5 slots,-0.03349929589038694
CAPn1yH4oSywsxGU456jfgTrSSUidf9jgeAnHceNUJdw,CAPn1y,3nRCD613j3ejYn984YZqG2mLtDy4ciUJBm6RXpbspump,2ajpfGpYBQEDBPDtPPJzs8Gdvxdo4QRBtFMQC2niqZL9sYCCJZEcr7T8R72Bj7R1jGbT2PK22vn6chvZoqYE6pBp,hold 12 slots,-0.059672250067346215
CAPn1yH4oSywsxGU456jfgTrSSUidf9jgeAnHceNUJdw,CAPn1y,3nRCD613j3ejYn984YZqG2mLtDy4ciUJBm6RXpbspump,2ajpfGpYBQEDBPDtPPJzs8Gdvxdo4QRBtFMQC2niqZL9sYCCJZEcr7T8R72Bj7R1jGbT2PK22vn6chvZoqYE6pBp,hold 25 slots,-0.05765671216554451
CAPn1yH4oSywsxGU456jfgTrSSUidf9jgeAnHceNUJdw,CAPn1y,3nRCD613j3ejYn984YZqG2mLtDy4ciUJBm6RXpbspump,2ajpfGpYBQEDBPDtPPJzs8Gdvxdo4QRBtFMQC2niqZL9sYCCJZEcr7T8R72Bj7R1jGbT2PK22vn6chvZoqYE6pBp,hold 50 slots,-0.19953157733647336
CAPn1yH4oSywsxGU456jfgTrSSUidf9jgeAnHceNUJdw,CAPn1y,3nRCD613j3ejYn984YZqG2mLtDy4ciUJBm6RXpbspump,2ajpfGpYBQEDBPDtPPJzs8Gdvxdo4QRBtFMQC2niqZL9sYCCJZEcr7T8R72Bj7R1jGbT2PK22vn6chvZoqYE6pBp,hold 75 slots,-0.1807177624481677
CAPn1yH4oSywsxGU456jfgTrSSUidf9jgeAnHceNUJdw,CAPn1y,3nRCD613j3ejYn984YZqG2mLtDy4ciUJBm6RXpbspump,2ajpfGpYBQEDBPDtPPJzs8Gdvxdo4QRBtFMQC2niqZL9sYCCJZEcr7T8R72Bj7R1jGbT2PK22vn6chvZoqYE6pBp,hold 150 slots,-0.15697867809573127
CAPn1yH4oSywsxGU456jfgTrSSUidf9jgeAnHceNUJdw,CAPn1y,3nRCD613j3ejYn984YZqG2mLtDy4ciUJBm6RXpbspump,2ajpfGpYBQEDBPDtPPJzs8Gdvxdo4QRBtFMQC2niqZL9sYCCJZEcr7T8R72Bj7R1jGbT2PK22vn6chvZoqYE6pBp,TP 10% / SL 10%,-0.19953157733647336
CAPn1yH4oSywsxGU456jfgTrSSUidf9jgeAnHceNUJdw,CAPn1y,3nRCD613j3ejYn984YZqG2mLtDy4ciUJBm6RXpbspump,2ajpfGpYBQEDBPDtPPJzs8Gdvxdo4QRBtFMQC2niqZL9sYCCJZEcr7T8R72Bj7R1jGbT2PK22vn6chvZoqYE6pBp,TP 20% / SL 10%,-0.19953157733647336
CAPn1yH4oSywsxGU456jfgTrSSUidf9jgeAnHceNUJdw,CAPn1y,3nRCD613j3ejYn984YZqG2mLtDy4ciUJBm6RXpbspump,2ajpfGpYBQEDBPDtPPJzs8Gdvxdo4QRBtFMQC2niqZL9sYCCJZEcr7T8R72Bj7R1jGbT2PK22vn6chvZoqYE6pBp,TP 30% / SL 15%,-0.19953157733647336
CAPn1yH4oSywsxGU456jfgTrSSUidf9jgeAnHceNUJdw,CAPn1y,3nRCD613j3ejYn984YZqG2mLtDy4ciUJBm6RXpbspump,2ajpfGpYBQEDBPDtPPJzs8Gdvxdo4QRBtFMQC2niqZL9sYCCJZEcr7T8R72Bj7R1jGbT2PK22vn6chvZoqYE6pBp,TP 50% / SL 25%,-0.15697867809573127
CAPn1yH4oSywsxGU456jfgTrSSUidf9jgeAnHceNUJdw,CAPn1y,3nRCD613j3ejYn984YZqG2mLtDy4ciUJBm6RXpbspump,2ajpfGpYBQEDBPDtPPJzs8Gdvxdo4QRBtFMQC2niqZL9sYCCJZEcr7T8R72Bj7R1jGbT2PK22vn6chvZoqYE6pBp,TP 100% / SL 30%,-0.15697867809573127
CAPn1yH4oSywsxGU456jfgTrSSUidf9jgeAnHceNUJdw,CAPn1y,DppWLLeBgn49Poy15Jqq8vewEEtSrMBQNzKKzYgZpump,uA1qZqcMUQFW9xiGvUm8ipDbTEtx1baMinXVe4dudUJCR1o2FYGoPwisjtBvhFYJGZbqa2DZfiHK839NmQwLFJ4,follow wallet,-0.3368557586374292
CAPn1yH4oSywsxGU456jfgTrSSUidf9jgeAnHceNUJdw,CAPn1y,DppWLLeBgn49Poy15Jqq8vewEEtSrMBQNzKKzYgZpump,uA1qZqcMUQFW9xiGvUm8ipDbTEtx1baMinXVe4dudUJCR1o2FYGoPwisjtBvhFYJGZbqa2DZfiHK839NmQwLFJ4,hold 1 slots,-0.05203171760091555
CAPn1yH4oSywsxGU456jfgTrSSUidf9jgeAnHceNUJdw,CAPn1y,DppWLLeBgn49Poy15Jqq8vewEEtSrMBQNzKKzYgZpump,uA1qZqcMUQFW9xiGvUm8ipDbTEtx1baMinXVe4dudUJCR1o2FYGoPwisjtBvhFYJGZbqa2DZfiHK839NmQwLFJ4,hold 3 slots,-0.010112306346004605
CAPn1yH4oSywsxGU456jfgTrSSUidf9jgeAnHceNUJdw,CAPn1y,DppWLLeBgn49Poy15Jqq8vewEEtSrMBQNzKKzYgZpump,uA1qZqcMUQFW9xiGvUm8ipDbTEtx1baMinXVe4dudUJCR1o2FYGoPwisjtBvhFYJGZbqa2DZfiHK839NmQwLFJ4,hold 5 slots,-0.012167792828618169
CAPn1yH4oSywsxGU456jfgTrSSUidf9jgeAnHceNUJdw,CAPn1y,DppWLLeBgn49Poy15Jqq8vewEEtSrMBQNzKKzYgZpump,uA1qZqcMUQFW9xiGvUm8ipDbTEtx1baMinXVe4dudUJCR1o2FYGoPwisjtBvhFYJGZbqa2DZfiHK839NmQwLFJ4,hold 12 slots,0.0037393466743725536
CAPn1yH4oSywsxGU456jfgTrSSUidf9jgeAnHceNUJdw,CAPn1y,DppWLLeBgn49Poy15Jqq8vewEEtSrMBQNzKKzYgZpump,uA1qZqcMUQFW9xiGvUm8ipDbTEtx1baMinXVe4dudUJCR1o2FYGoPwisjtBvhFYJGZbqa2DZfiHK839NmQwLFJ4,hold 25 slots,-0.06675292583528686
CAPn1yH4oSywsxGU456jfgTrSSUidf9jgeAnHceNUJdw,CAPn1y,DppWLLeBgn49Poy15Jqq8vewEEtSrMBQNzKKzYgZpump,uA1qZqcMUQFW9xiGvUm8ipDbTEtx1baMinXVe4dudUJCR1o2FYGoPwisjtBvhFYJGZbqa2DZfiHK839NmQwLFJ4,hold 50 slots,-0.0078345630889771
CAPn1yH4oSywsxGU456jfgTrSSUidf9jgeAnHceNUJdw,CAPn1y,DppWLLeBgn49Poy15Jqq8vewEEtSrMBQNzKKzYgZpump,uA1qZqcMUQFW9xiGvUm8ipDbTEtx1baMinXVe4dudUJCR1o2FYGoPwisjtBvhFYJGZbqa2DZfiHK839NmQwLFJ4,hold 75 slots,-0.03543169374327397
CAPn1yH4oSywsxGU456jfgTrSSUidf9jgeAnHceNUJdw,CAPn1y,DppWLLeBgn49Poy15Jqq8vewEEtSrMBQNzKKzYgZpump,uA1qZqcMUQFW9xiGvUm8ipDbTEtx1baMinXVe4dudUJCR1o2FYGoPwisjtBvhFYJGZbqa2DZfiHK839NmQwLFJ4,hold 150 slots,-0.044971727652817366
CAPn1yH4oSywsxGU456jfgTrSSUidf9jgeAnHceNUJdw,CAPn1y,DppWLLeBgn49Poy15Jqq8vewEEtSrMBQNzKKzYgZpump,uA1qZqcMUQFW9xiGvUm8ipDbTEtx1baMinXVe4dudUJCR1o2FYGoPwisjtBvhFYJGZbqa2DZfiHK839NmQwLFJ4,TP 10% / SL 10%,-0.044971727652817366
CAPn1yH4oSywsxGU456jfgTrSSUidf9jgeAnHceNUJdw,CAPn1y,DppWLLeBgn49Poy15Jqq8vewEEtSrMBQNzKKzYgZpump,uA1qZqcMUQFW9xiGvUm8ipDbTEtx1baMinXVe4dudUJCR1o2FYGoPwisjtBvhFYJGZbqa2DZfiHK839NmQwLFJ4,TP 20% / SL 10%,-0.044971727652817366
CAPn1yH4oSywsxGU456jfgTrSSUidf9jgeAnHceNUJdw,CAPn1y,DppWLLeBgn49Poy15Jqq8vewEEtSrMBQNzKKzYgZpump,uA1qZqcMUQFW9xiGvUm8ipDbTEtx1baMinXVe4dudUJCR1o2FYGoPwisjtBvhFYJGZbqa2DZfiHK839NmQwLFJ4,TP 30% / SL 15%,-0.044971727652817366
CAPn1yH4oSywsxGU456jfgTrSSUidf9jgeAnHceNUJdw,CAPn1y,DppWLLeBgn49Poy15Jqq8vewEEtSrMBQNzKKzYgZpump,uA1qZqcMUQFW9xiGvUm8ipDbTEtx1baMinXVe4dudUJCR1o2FYGoPwisjtBvhFYJGZbqa2DZfiHK839NmQwLFJ4,TP 50% / SL 25%,-0.044971727652817366
CAPn1yH4oSywsxGU456jfgTrSSUidf9jgeAnHceNUJdw,CAPn1y,DppWLLeBgn49Poy15Jqq8vewEEtSrMBQNzKKzYgZpump,uA1qZqcMUQFW9xiGvUm8ipDbTEtx1baMinXVe4dudUJCR1o2FYGoPwisjtBvhFYJGZbqa2DZfiHK839NmQwLFJ4,TP 100% / SL 30%,-0.044971727652817366
Di75xbVUg3u1qcmZci3NcZ8rjFMj7tsnYEoFdEMjS4ow,Di75xb,BxCR4c6zhjSkLZiia3XFZURvvAtX8upPkm3PiriQeMPN,3WQ4qYWvwjGtU2QLZMdPCmvnAqvzkytT4VNoavAscfhKZgEsv2gUwGLcQwwRFFdRFiT4Upix2PcaCRTZeK5f26B5,follow wallet,-0.38822185797156916
Di75xbVUg3u1qcmZci3NcZ8rjFMj7tsnYEoFdEMjS4ow,Di75xb,BxCR4c6zhjSkLZiia3XFZURvvAtX8upPkm3PiriQeMPN,3WQ4qYWvwjGtU2QLZMdPCmvnAqvzkytT4VNoavAscfhKZgEsv2gUwGLcQwwRFFdRFiT4Upix2PcaCRTZeK5f26B5,hold 1 slots,0.03171914141214359
Di75xbVUg3u1qcmZci3NcZ8rjFMj7tsnYEoFdEMjS4ow,Di75xb,BxCR4c6zhjSkLZiia3XFZURvvAtX8upPkm3PiriQeMPN,3WQ4qYWvwjGtU2QLZMdPCmvnAqvzkytT4VNoavAscfhKZgEsv2gUwGLcQwwRFFdRFiT4Upix2PcaCRTZeK5f26B5,hold 3 slots,-0.1043566568398645
Di75xbVUg3u1qcmZci3NcZ8rjFMj7tsnYEoFdEMjS4ow,Di75xb,BxCR4c6zhjSkLZiia3XFZURvvAtX8upPkm3PiriQeMPN,3WQ4qYWvwjGtU2QLZMdPCmvnAqvzkytT4VNoavAscfhKZgEsv2gUwGLcQwwRFFdRFiT4Upix2PcaCRTZeK5f26B5,hold 5 slots,-0.20920550020625736
Di75xbVUg3u1qcmZci3NcZ8rjFMj7tsnYEoFdEMjS4ow,Di75xb,BxCR4c6zhjSkLZiia3XFZURvvAtX8upPkm3PiriQeMPN,3WQ4qYWvwjGtU2QLZMdPCmvnAqvzkytT4VNoavAscfhKZgEsv2gUwGLcQwwRFFdRFiT4Upix2PcaCRTZeK5f26B5,hold 12 slots,-0.22757775218403448
Di75xbVUg3u1qcmZci3NcZ8rjFMj7tsnYEoFdEMjS4ow,Di75xb,BxCR4c6zhjSkLZiia3XFZURvvAtX8upPkm3PiriQeMPN,3WQ4qYWvwjGtU2QLZMdPCmvnAqvzkytT4VNoavAscfhKZgEsv2gUwGLcQwwRFFdRFiT4Upix2PcaCRTZeK5f26B5,hold 25 slots,-0.019742947431270717
Di75xbVUg3u1qcmZci3NcZ8rjFMj7tsnYEoFdEMjS4ow,Di75xb,BxCR4c6zhjSkLZiia3XFZURvvAtX8upPkm3PiriQeMPN,3WQ4qYWvwjGtU2QLZMdPCmvnAqvzkytT4VNoavAscfhKZgEsv2gUwGLcQwwRFFdRFiT4Upix2PcaCRTZeK5f26B5,hold 50 slots,-0.20869197882771362
Di75xbVUg3u1qcmZci3NcZ8rjFMj7tsnYEoFdEMjS4ow,Di75xb,BxCR4c6zhjSkLZiia3XFZURvvAtX8upPkm3PiriQeMPN,3WQ4qYWvwjGtU2QLZMdPCmvnAqvzkytT4VNoavAscfhKZgEsv2gUwGLcQwwRFFdRFiT4Upix2PcaCRTZeK5f26B5,hold 75 slots,-0.5453050511671276
Di75xbVUg3u1qcmZci3NcZ8rjFMj7tsnYEoFdEMjS4ow,Di75xb,BxCR4c6zhjSkLZiia3XFZURvvAtX8upPkm3PiriQeMPN,3WQ4qYWvwjGtU2QLZMdPCmvnAqvzkytT4VNoavAscfhKZgEsv2gUwGLcQwwRFFdRFiT4Upix2PcaCRTZeK5f26B5,hold 150 slots,-0.7879570430583731
Di75xbVUg3u1qcmZci3NcZ8rjFMj7tsnYEoFdEMjS4ow,Di75xb,BxCR4c6zhjSkLZiia3XFZURvvAtX8upPkm3PiriQeMPN,3WQ4qYWvwjGtU2QLZMdPCmvnAqvzkytT4VNoavAscfhKZgEsv2gUwGLcQwwRFFdRFiT4Upix2PcaCRTZeK5f26B5,TP 10% / SL 10%,-0.1043566568398645
Di75xbVUg3u1qcmZci3NcZ8rjFMj7tsnYEoFdEMjS4ow,Di75xb,BxCR4c6zhjSkLZiia3XFZURvvAtX8upPkm3PiriQeMPN,3WQ4qYWvwjGtU2QLZMdPCmvnAqvzkytT4VNoavAscfhKZgEsv2gUwGLcQwwRFFdRFiT4Upix2PcaCRTZeK5f26B5,TP 20% / SL 10%,-0.1043566568398645
Di75xbVUg3u1qcmZci3NcZ8rjFMj7tsnYEoFdEMjS4ow,Di75xb,BxCR4c6zhjSkLZiia3XFZURvvAtX8upPkm3PiriQeMPN,3WQ4qYWvwjGtU2QLZMdPCmvnAqvzkytT4VNoavAscfhKZgEsv2gUwGLcQwwRFFdRFiT4Upix2PcaCRTZeK5f26B5,TP 30% / SL 15%,-0.20920550020625736
Di75xbVUg3u1qcmZci3NcZ8rjFMj7tsnYEoFdEMjS4ow,Di75xb,BxCR4c6zhjSkLZiia3XFZURvvAtX8upPkm3PiriQeMPN,3WQ4qYWvwjGtU2QLZMdPCmvnAqvzkytT4VNoavAscfhKZgEsv2gUwGLcQwwRFFdRFiT4Upix2PcaCRTZeK5f26B5,TP 50% / SL 25%,-0.38822185797156916
Di75xbVUg3u1qcmZci3NcZ8rjFMj7tsnYEoFdEMjS4ow,Di75xb,BxCR4c6zhjSkLZiia3XFZURvvAtX8upPkm3PiriQeMPN,3WQ4qYWvwjGtU2QLZMdPCmvnAqvzkytT4VNoavAscfhKZgEsv2gUwGLcQwwRFFdRFiT4Upix2PcaCRTZeK5f26B5,TP 100% / SL 30%,-0.38822185797156916
Di75xbVUg3u1qcmZci3NcZ8rjFMj7tsnYEoFdEMjS4ow,Di75xb,8NTAbAMeZ6U8SnDvat8ZE8rPhxgBoobq4RsXK6dfpump,437YcJppJtN4KbLJakroBt1sTBysMC5cTfrbcdpmVnrUV9eKSEETGwcp3zKm8oDpFY7ZM3FN29EpfEwAqWyTe9QH,follow wallet,-0.5764055613866381
Di75xbVUg3u1qcmZci3NcZ8rjFMj7tsnYEoFdEMjS4ow,Di75xb,8NTAbAMeZ6U8SnDvat8ZE8rPhxgBoobq4RsXK6dfpump,437YcJppJtN4KbLJakroBt1sTBysMC5cTfrbcdpmVnrUV9eKSEETGwcp3zKm8oDpFY7ZM3FN29EpfEwAqWyTe9QH,hold 1 slots,-0.05280514710929203
Di75xbVUg3u1qcmZci3NcZ8rjFMj7tsnYEoFdEMjS4ow,Di75xb,8NTAbAMeZ6U8SnDvat8ZE8rPhxgBoobq4RsXK6dfpump,437YcJppJtN4KbLJakroBt1sTBysMC5cTfrbcdpmVnrUV9eKSEETGwcp3zKm8oDpFY7ZM3FN29EpfEwAqWyTe9QH,hold 3 slots,-0.06914524750665653
Di75xbVUg3u1qcmZci3NcZ8rjFMj7tsnYEoFdEMjS4ow,Di75xb,8NTAbAMeZ6U8SnDvat8ZE8rPhxgBoobq4RsXK6dfpump,437YcJppJtN4KbLJakroBt1sTBysMC5cTfrbcdpmVnrUV9eKSEETGwcp3zKm8oDpFY7ZM3FN29EpfEwAqWyTe9QH,hold 5 slots,-0.08530076323238647
Di75xbVUg3u1qcmZci3NcZ8rjFMj7tsnYEoFdEMjS4ow,Di75xb,8NTAbAMeZ6U8SnDvat8ZE8rPhxgBoobq4RsXK6dfpump,437YcJppJtN4KbLJakroBt1sTBysMC5cTfrbcdpmVnrUV9eKSEETGwcp3zKm8oDpFY7ZM3FN29EpfEwAqWyTe9QH,hold 12 slots,0.07430518055671143
Di75xbVUg3u1qcmZci3NcZ8rjFMj7tsnYEoFdEMjS4ow,Di75xb,8NTAbAMeZ6U8SnDvat8ZE8rPhxgBoobq4RsXK6dfpump,437YcJppJtN4KbLJakroBt1sTBysMC5cTfrbcdpmVnrUV9eKSEETGwcp3zKm8oDpFY7ZM3FN29EpfEwAqWyTe9QH,hold 25 slots,-0.0037734316637585167
Di75xbVUg3u1qcmZci3NcZ8rjFMj7tsnYEoFdEMjS4ow,Di75xb,8NTAbAMeZ6U8SnDvat8ZE8rPhxgBoobq4RsXK6dfpump,437YcJppJtN4KbLJakroBt1sTBysMC5cTfrbcdpmVnrUV9eKSEETGwcp3zKm8oDpFY7ZM3FN29EpfEwAqWyTe9QH,hold 50 slots,0.021606195409556866
Di75xbVUg3u1qcmZci3NcZ8rjFMj7tsnYEoFdEMjS4ow,Di75xb,8NTAbAMeZ6U8SnDvat8ZE8rPhxgBoobq4RsXK6dfpump,437YcJppJtN4KbLJakroBt1sTBysMC5cTfrbcdpmVnrUV9eKSEETGwcp3zKm8oDpFY7ZM3FN29EpfEwAqWyTe9QH,hold 75 slots,-0.13831265835157597
Di75xbVUg3u1qcmZci3NcZ8rjFMj7tsnYEoFdEMjS4ow,Di75xb,8NTAbAMeZ6U8SnDvat8ZE8rPhxgBoobq4RsXK6dfpump,437YcJppJtN4KbLJakroBt1sTBysMC5cTfrbcdpmVnrUV9eKSEETGwcp3zKm8oDpFY7ZM3FN29EpfEwAqWyTe9QH,hold 150 slots,0.35181492266544173
Di75xbVUg3u1qcmZci3NcZ8rjFMj7tsnYEoFdEMjS4ow,Di75xb,8NTAbAMeZ6U8SnDvat8ZE8rPhxgBoobq4RsXK6dfpump,437YcJppJtN4KbLJakroBt1sTBysMC5cTfrbcdpmVnrUV9eKSEETGwcp3zKm8oDpFY7ZM3FN29EpfEwAqWyTe9QH,TP 10% / SL 10%,-0.13831265835157597
Di75xbVUg3u1qcmZci3NcZ8rjFMj7tsnYEoFdEMjS4ow,Di75xb,8NTAbAMeZ6U8SnDvat8ZE8rPhxgBoobq4RsXK6dfpump,437YcJppJtN4KbLJakroBt1sTBysMC5cTfrbcdpmVnrUV9eKSEETGwcp3zKm8oDpFY7ZM3FN29EpfEwAqWyTe9QH,TP 20% / SL 10%,-0.13831265835157597
Di75xbVUg3u1qcmZci3NcZ8rjFMj7tsnYEoFdEMjS4ow,Di75xb,8NTAbAMeZ6U8SnDvat8ZE8rPhxgBoobq4RsXK6dfpump,437YcJppJtN4KbLJakroBt1sTBysMC5cTfrbcdpmVnrUV9eKSEETGwcp3zKm8oDpFY7ZM3FN29EpfEwAqWyTe9QH,TP 30% / SL 15%,0.35181492266544173
Di75xbVUg3u1qcmZci3NcZ8rjFMj7tsnYEoFdEMjS4ow,Di75xb,8NTAbAMeZ6U8SnDvat8ZE8rPhxgBoobq4RsXK6dfpump,437YcJppJtN4KbLJakroBt1sTBysMC5cTfrbcdpmVnrUV9eKSEETGwcp3zKm8oDpFY7ZM3FN29EpfEwAqWyTe9QH,TP 50% / SL 25%,0.35181492266544173
Di75xbVUg3u1qcmZci3NcZ8rjFMj7tsnYEoFdEMjS4ow,Di75xb,8NTAbAMeZ6U8SnDvat8ZE8rPhxgBoobq4RsXK6dfpump,437YcJppJtN4KbLJakroBt1sTBysMC5cTfrbcdpmVnrUV9eKSEETGwcp3zKm8oDpFY7ZM3FN29EpfEwAqWyTe9QH,TP 100% / SL 30%,0.35181492266544173
Di75xbVUg3u1qcmZci3NcZ8rjFMj7tsnYEoFdEMjS4ow,Di75xb,Cb6KaE5af9fP2HC8xpmna5uKxXeKZosu8SXbe1pSxAUU,2SyVobHzbHsSU7D5ZCtDK4XkTqSW1AY4arY8c4n57ho1mbEhjJff47SDQU7qZyCfDa1RuWjqhYA2TNBrmZNfdtHY,hold 1 slots,-0.09349457675895573
Di75xbVUg3u1qcmZci3NcZ8rjFMj7tsnYEoFdEMjS4ow,Di75xb,Cb6KaE5af9fP2HC8xpmna5uKxXeKZosu8SXbe1pSxAUU,2SyVobHzbHsSU7D5ZCtDK4XkTqSW1AY4arY8c4n57ho1mbEhjJff47SDQU7qZyCfDa1RuWjqhYA2TNBrmZNfdtHY,hold 3 slots,-0.06963896511739623
Di75xbVUg3u1qcmZci3NcZ8rjFMj7tsnYEoFdEMjS4ow,Di75xb,Cb6KaE5af9fP2HC8xpmna5uKxXeKZosu8SXbe1pSxAUU,2SyVobHzbHsSU7D5ZCtDK4XkTqSW1AY4arY8c4n57ho1mbEhjJff47SDQU7qZyCfDa1RuWjqhYA2TNBrmZNfdtHY,hold 5 slots,-0.15907700726879026
Di75xbVUg3u1qcmZci3NcZ8rjFMj7tsnYEoFdEMjS4ow,Di75xb,Cb6KaE5af9fP2HC8xpmna5uKxXeKZosu8SXbe1pSxAUU,2SyVobHzbHsSU7D5ZCtDK4XkTqSW1AY4arY8c4n57ho1mbEhjJff47SDQU7qZyCfDa1RuWjqhYA2TNBrmZNfdtHY,hold 12 slots,-0.1533382526333344
Di75xbVUg3u1qcmZci3NcZ8rjFMj7tsnYEoFdEMjS4ow,Di75xb,Cb6KaE5af9fP2HC8xpmna5uKxXeKZosu8SXbe1pSxAUU,2SyVobHzbHsSU7D5ZCtDK4XkTqSW1AY4arY8c4n57ho1mbEhjJff47SDQU7qZyCfDa1RuWjqhYA2TNBrmZNfdtHY,hold 25 slots,-0.16746655473328495
Di75xbVUg3u1qcmZci3NcZ8rjFMj7tsnYEoFdEMjS4ow,Di75xb,Cb6KaE5af9fP2HC8xpmna5uKxXeKZosu8SXbe1pSxAUU,2SyVobHzbHsSU7D5ZCtDK4XkTqSW1AY4arY8c4n57ho1mbEhjJff47SDQU7qZyCfDa1RuWjqhYA2TNBrmZNfdtHY,hold 50 slots,0.2274128631479602
Di75xbVUg3u1qcmZci3NcZ8rjFMj7tsnYEoFdEMjS4ow,Di75xb,Cb6KaE5af9fP2HC8xpmna5uKxXeKZosu8SXbe1pSxAUU,2SyVobHzbHsSU7D5ZCtDK4XkTqSW1AY4arY8c4n57ho1mbEhjJff47SDQU7qZyCfDa1RuWjqhYA2TNBrmZNfdtHY,hold 75 slots,0.16316499872717524
Di75xbVUg3u1qcmZci3NcZ8rjFMj7tsnYEoFdEMjS4ow,Di75xb,Cb6KaE5af9fP2HC8xpmna5uKxXeKZosu8SXbe1pSxAUU,2SyVobHzbHsSU7D5ZCtDK4XkTqSW1AY4arY8c4n57ho1mbEhjJff47SDQU7qZyCfDa1RuWjqhYA2TNBrmZNfdtHY,hold 150 slots,0.17297130002707575
Di75xbVUg3u1qcmZci3NcZ8rjFMj7tsnYEoFdEMjS4ow,Di75xb,Cb6KaE5af9fP2HC8xpmna5uKxXeKZosu8SXbe1pSxAUU,2SyVobHzbHsSU7D5ZCtDK4XkTqSW1AY4arY8c4n57ho1mbEhjJff47SDQU7qZyCfDa1RuWjqhYA2TNBrmZNfdtHY,TP 10% / SL 10%,-0.15907700726879026
Di75xbVUg3u1qcmZci3NcZ8rjFMj7tsnYEoFdEMjS4ow,Di75xb,Cb6KaE5af9fP2HC8xpmna5uKxXeKZosu8SXbe1pSxAUU,2SyVobHzbHsSU7D5ZCtDK4XkTqSW1AY4arY8c4n57ho1mbEhjJff47SDQU7qZyCfDa1RuWjqhYA2TNBrmZNfdtHY,TP 20% / SL 10%,-0.15907700726879026
Di75xbVUg3u1qcmZci3NcZ8rjFMj7tsnYEoFdEMjS4ow,Di75xb,Cb6KaE5af9fP2HC8xpmna5uKxXeKZosu8SXbe1pSxAUU,2SyVobHzbHsSU7D5ZCtDK4XkTqSW1AY4arY8c4n57ho1mbEhjJff47SDQU7qZyCfDa1RuWjqhYA2TNBrmZNfdtHY,TP 30% / SL 15%,-0.15907700726879026
Di75xbVUg3u1qcmZci3NcZ8rjFMj7tsnYEoFdEMjS4ow,Di75xb,Cb6KaE5af9fP2HC8xpmna5uKxXeKZosu8SXbe1pSxAUU,2SyVobHzbHsSU7D5ZCtDK4XkTqSW1AY4arY8c4n57ho1mbEhjJff47SDQU7qZyCfDa1RuWjqhYA2TNBrmZNfdtHY,TP 50% / SL 25%,0.17297130002707575
Di75xbVUg3u1qcmZci3NcZ8rjFMj7tsnYEoFdEMjS4ow,Di75xb,Cb6KaE5af9fP2HC8xpmna5uKxXeKZosu8SXbe1pSxAUU,2SyVobHzbHsSU7D5ZCtDK4XkTqSW1AY4arY8c4n57ho1mbEhjJff47SDQU7qZyCfDa1RuWjqhYA2TNBrmZNfdtHY,TP 100% / SL 30%,0.17297130002707575
Di75xbVUg3u1qcmZci3NcZ8rjFMj7tsnYEoFdEMjS4ow,Di75xb,FxB1qj7V9D4Qa3Qoe6BQ4DjyU5nWu9DEj3J1oAkPpump,3VXZRL1FELZnhyfF2Dd2Brx2v31ugJQ5CA2FY7BmBHjgDRmEzCBDPp6zBacNqDX4aBqaCEuf4ULk6rqY8MxVs9xA,follow wallet,-0.15927540926849915
Di75xbVUg3u1qcmZci3NcZ8rjFMj7tsnYEoFdEMjS4ow,Di75xb,FxB1qj7V9D4Qa3Qoe6BQ4DjyU5nWu9DEj3J1oAkPpump,3VXZRL1FELZnhyfF2Dd2Brx2v31ugJQ5CA2FY7BmBHjgDRmEzCBDPp6zBacNqDX4aBqaCEuf4ULk6rqY8MxVs9xA,hold 1 slots,0.0038218970850591658
Di75xbVUg3u1qcmZci3NcZ8rjFMj7tsnYEoFdEMjS4ow,Di75xb,FxB1qj7V9D4Qa3Qoe6BQ4DjyU5nWu9DEj3J1oAkPpump,3VXZRL1FELZnhyfF2Dd2Brx2v31ugJQ5CA2FY7BmBHjgDRmEzCBDPp6zBacNqDX4aBqaCEuf4ULk6rqY8MxVs9xA,hold 3 slots,-0.008477644736956835
Di75xbVUg3u1qcmZci3NcZ8rjFMj7tsnYEoFdEMjS4ow,Di75xb,FxB1qj7V9D4Qa3Qoe6BQ4DjyU5nWu9DEj3J1oAkPpump,3VXZRL1FELZnhyfF2Dd2Brx2v31ugJQ5CA2FY7BmBHjgDRmEzCBDPp6zBacNqDX4aBqaCEuf4ULk6rqY8MxVs9xA,hold 5 slots,-0.04531038208952212
Di75xbVUg3u1qcmZci3NcZ8rjFMj7tsnYEoFdEMjS4ow,Di75xb,FxB1qj7V9D4Qa3Qoe6BQ4DjyU5nWu9DEj3J1oAkPpump,3VXZRL1FELZnhyfF2Dd2Brx2v31ugJQ5CA2FY7BmBHjgDRmEzCBDPp6zBacNqDX4aBqaCEuf4ULk6rqY8MxVs9xA,hold 12 slots,-0.07422303336419989
Di75xbVUg3u1qcmZci3NcZ8rjFMj7tsnYEoFdEMjS4ow,Di75xb,FxB1qj7V9D4Qa3Qoe6BQ4DjyU5nWu9DEj3J1oAkPpump,3VXZRL1FELZnhyfF2Dd2Brx2v31ugJQ5CA2FY7BmBHjgDRmEzCBDPp6zBacNqDX4aBqaCEuf4ULk6rqY8MxVs9xA,hold 25 slots,0.11236743683271169
Di75xbVUg3u1qcmZci3NcZ8rjFMj7tsnYEoFdEMjS4ow,Di75xb,FxB1qj7V9D4Qa3Qoe6BQ4DjyU5nWu9DEj3J1oAkPpump,3VXZRL1FELZnhyfF2Dd2Brx2v31ugJQ5CA2FY7BmBHjgDRmEzCBDPp6zBacNqDX4aBqaCEuf4ULk6rqY8MxVs9xA,hold 50 slots,0.03329865661865294
Di75xbVUg3u1qcmZci3NcZ8rjFMj7tsnYEoFdEMjS4ow,Di75xb,FxB1qj7V9D4Qa3Qoe6BQ4DjyU5nWu9DEj3J1oAkPpump,3VXZRL1FELZnhyfF2Dd2Brx2v31ugJQ5CA2FY7BmBHjgDRmEzCBDPp6zBacNqDX4aBqaCEuf4ULk6rqY8MxVs9xA,hold 75 slots,0.14780644122101927
Di75xbVUg3u1qcmZci3NcZ8rjFMj7tsnYEoFdEMjS4ow,Di75xb,FxB1qj7V9D4Qa3Qoe6BQ4DjyU5nWu9DEj3J1oAkPpump,3VXZRL1FELZnhyfF2Dd2Brx2v31ugJQ5CA2FY7BmBHjgDRmEzCBDPp6zBacNqDX4aBqaCEuf4ULk6rqY8MxVs9xA,hold 150 slots,0.435492332872854
Di75xbVUg3u1qcmZci3NcZ8rjFMj7tsnYEoFdEMjS4ow,Di75xb,FxB1qj7V9D4Qa3Qoe6BQ4DjyU5nWu9DEj3J1oAkPpump,3VXZRL1FELZnhyfF2Dd2Brx2v31ugJQ5CA2FY7BmBHjgDRmEzCBDPp6zBacNqDX4aBqaCEuf4ULk6rqY8MxVs9xA,TP 10% / SL 10%,0.11236743683271169
Di75xbVUg3u1qcmZci3NcZ8rjFMj7tsnYEoFdEMjS4ow,Di75xb,FxB1qj7V9D4Qa3Qoe6BQ4DjyU5nWu9DEj3J1oAkPpump,3VXZRL1FELZnhyfF2Dd2Brx2v31ugJQ5CA2FY7BmBHjgDRmEzCBDPp6zBacNqDX4aBqaCEuf4ULk6rqY8MxVs9xA,TP 20% / SL 10%,0.2844591065171509
Di75xbVUg3u1qcmZci3NcZ8rjFMj7tsnYEoFdEMjS4ow,Di75xb,FxB1qj7V9D4Qa3Qoe6BQ4DjyU5nWu9DEj3J1oAkPpump,3VXZRL1FELZnhyfF2Dd2Brx2v31ugJQ5CA2FY7BmBHjgDRmEzCBDPp6zBacNqDX4aBqaCEuf4ULk6rqY8MxVs9xA,TP 30% / SL 15%,0.435492332872854
Di75xbVUg3u1qcmZci3NcZ8rjFMj7tsnYEoFdEMjS4ow,Di75xb,FxB1qj7V9D4Qa3Qoe6BQ4DjyU5nWu9DEj3J1oAkPpump,3VXZRL1FELZnhyfF2Dd2Brx2v31ugJQ5CA2FY7BmBHjgDRmEzCBDPp6zBacNqDX4aBqaCEuf4ULk6rqY8MxVs9xA,TP 50% / SL 25%,0.435492332872854
Di75xbVUg3u1qcmZci3NcZ8rjFMj7tsnYEoFdEMjS4ow,Di75xb,FxB1qj7V9D4Qa3Qoe6BQ4DjyU5nWu9DEj3J1oAkPpump,3VXZRL1FELZnhyfF2Dd2Brx2v31ugJQ5CA2FY7BmBHjgDRmEzCBDPp6zBacNqDX4aBqaCEuf4ULk6rqY8MxVs9xA,TP 100% / SL 30%,0.435492332872854
Di75xbVUg3u1qcmZci3NcZ8rjFMj7tsnYEoFdEMjS4ow,Di75xb,HXHZT27p7C9t62QyDgPoEHiRFsLoqUTYnJAmZ16tpump,3iebPC4H24gKijsetyrWh4oXWBeCdJ78YHKhDLaRvpQKaAv1wSejLv5ihP2G99VVHDKPz2rAS888snUVM2GBRL74,hold 1 slots,-0.048702783869405505
Di75xbVUg3u1qcmZci3NcZ8rjFMj7tsnYEoFdEMjS4ow,Di75xb,HXHZT27p7C9t62QyDgPoEHiRFsLoqUTYnJAmZ16tpump,3iebPC4H24gKijsetyrWh4oXWBeCdJ78YHKhDLaRvpQKaAv1wSejLv5ihP2G99VVHDKPz2rAS888snUVM2GBRL74,hold 3 slots,-0.048702783869405505
Di75xbVUg3u1qcmZci3NcZ8rjFMj7tsnYEoFdEMjS4ow,Di75xb,HXHZT27p7C9t62QyDgPoEHiRFsLoqUTYnJAmZ16tpump,3iebPC4H24gKijsetyrWh4oXWBeCdJ78YHKhDLaRvpQKaAv1wSejLv5ihP2G99VVHDKPz2rAS888snUVM2GBRL74,hold 5 slots,-0.048702783869405505
Di75xbVUg3u1qcmZci3NcZ8rjFMj7tsnYEoFdEMjS4ow,Di75xb,HXHZT27p7C9t62QyDgPoEHiRFsLoqUTYnJAmZ16tpump,3iebPC4H24gKijsetyrWh4oXWBeCdJ78YHKhDLaRvpQKaAv1wSejLv5ihP2G99VVHDKPz2rAS888snUVM2GBRL74,hold 12 slots,-0.006043994739132762
Di75xbVUg3u1qcmZci3NcZ8rjFMj7tsnYEoFdEMjS4ow,Di75xb,HXHZT27p7C9t62QyDgPoEHiRFsLoqUTYnJAmZ16tpump,3iebPC4H24gKijsetyrWh4oXWBeCdJ78YHKhDLaRvpQKaAv1wSejLv5ihP2G99VVHDKPz2rAS888snUVM2GBRL74,hold 25 slots,0.0715342697813251
Di75xbVUg3u1qcmZci3NcZ8rjFMj7tsnYEoFdEMjS4ow,Di75xb,HXHZT27p7C9t62QyDgPoEHiRFsLoqUTYnJAmZ16tpump,3iebPC4H24gKijsetyrWh4oXWBeCdJ78YHKhDLaRvpQKaAv1wSejLv5ihP2G99VVHDKPz2rAS888snUVM2GBRL74,hold 50 slots,0.07421209769986273
Di75xbVUg3u1qcmZci3NcZ8rjFMj7tsnYEoFdEMjS4ow,Di75xb,HXHZT27p7C9t62QyDgPoEHiRFsLoqUTYnJAmZ16tpump,3iebPC4H24gKijsetyrWh4oXWBeCdJ78YHKhDLaRvpQKaAv1wSejLv5ihP2G99VVHDKPz2rAS888snUVM2GBRL74,hold 75 slots,-0.10084915860058594
Di75xbVUg3u1qcmZci3NcZ8rjFMj7tsnYEoFdEMjS4ow,Di75xb,HXHZT27p7C9t62QyDgPoEHiRFsLoqUTYnJAmZ16tpump,3iebPC4H24gKijsetyrWh4oXWBeCdJ78YHKhDLaRvpQKaAv1wSejLv5ihP2G99VVHDKPz2rAS888snUVM2GBRL74,hold 150 slots,0.04356327226061761
Di75xbVUg3u1qcmZci3NcZ8rjFMj7tsnYEoFdEMjS4ow,Di75xb,HXHZT27p7C9t62QyDgPoEHiRFsLoqUTYnJAmZ16tpump,3iebPC4H24gKijsetyrWh4oXWBeCdJ78YHKhDLaRvpQKaAv1wSejLv5ihP2G99VVHDKPz2rAS888snUVM2GBRL74,TP 10% / SL 10%,-0.10084915860058594
Di75xbVUg3u1qcmZci3NcZ8rjFMj7tsnYEoFdEMjS4ow,Di75xb,HXHZT27p7C9t62QyDgPoEHiRFsLoqUTYnJAmZ16tpump,3iebPC4H24gKijsetyrWh4oXWBeCdJ78YHKhDLaRvpQKaAv1wSejLv5ihP2G99VVHDKPz2rAS888snUVM2GBRL74,TP 20% / SL 10%,-0.10084915860058594
Di75xbVUg3u1qcmZci3NcZ8rjFMj7tsnYEoFdEMjS4ow,Di75xb,HXHZT27p7C9t62QyDgPoEHiRFsLoqUTYnJAmZ16tpump,3iebPC4H24gKijsetyrWh4oXWBeCdJ78YHKhDLaRvpQKaAv1wSejLv5ihP2G99VVHDKPz2rAS888snUVM2GBRL74,TP 30% / SL 15%,0.04356327226061761
Di75xbVUg3u1qcmZci3NcZ8rjFMj7tsnYEoFdEMjS4ow,Di75xb,HXHZT27p7C9t62QyDgPoEHiRFsLoqUTYnJAmZ16tpump,3iebPC4H24gKijsetyrWh4oXWBeCdJ78YHKhDLaRvpQKaAv1wSejLv5ihP2G99VVHDKPz2rAS888snUVM2GBRL74,TP 50% / SL 25%,0.04356327226061761
Di75xbVUg3u1qcmZci3NcZ8rjFMj7tsnYEoFdEMjS4ow,Di75xb,HXHZT27p7C9t62QyDgPoEHiRFsLoqUTYnJAmZ16tpump,3iebPC4H24gKijsetyrWh4oXWBeCdJ78YHKhDLaRvpQKaAv1wSejLv5ihP2G99VVHDKPz2rAS888snUVM2GBRL74,TP 100% / SL 30%,0.04356327226061761
Ab2baaggUWJMsVUtCvpRjq6iBRDk2Lxr5qzicHueHxM1,Ab2baa,VTtPk5KG2FrHYXUwv7YvmRjxk66tuSutxvptFZAJAGP,3kS2rYboE1feYnLjiH4TF7tqiG5hhHaiBWv2NUt5imfPG9q9LNay2bFUxJoHzaULkc2GRQtiwAMETYsUEBxhngxr,follow wallet,-0.17401160858413459
Ab2baaggUWJMsVUtCvpRjq6iBRDk2Lxr5qzicHueHxM1,Ab2baa,VTtPk5KG2FrHYXUwv7YvmRjxk66tuSutxvptFZAJAGP,3kS2rYboE1feYnLjiH4TF7tqiG5hhHaiBWv2NUt5imfPG9q9LNay2bFUxJoHzaULkc2GRQtiwAMETYsUEBxhngxr,hold 1 slots,-0.013165818623765944
Ab2baaggUWJMsVUtCvpRjq6iBRDk2Lxr5qzicHueHxM1,Ab2baa,VTtPk5KG2FrHYXUwv7YvmRjxk66tuSutxvptFZAJAGP,3kS2rYboE1feYnLjiH4TF7tqiG5hhHaiBWv2NUt5imfPG9q9LNay2bFUxJoHzaULkc2GRQtiwAMETYsUEBxhngxr,hold 3 slots,-0.005948771247121573
Ab2baaggUWJMsVUtCvpRjq6iBRDk2Lxr5qzicHueHxM1,Ab2baa,VTtPk5KG2FrHYXUwv7YvmRjxk66tuSutxvptFZAJAGP,3kS2rYboE1feYnLjiH4TF7tqiG5hhHaiBWv2NUt5imfPG9q9LNay2bFUxJoHzaULkc2GRQtiwAMETYsUEBxhngxr,hold 5 slots,-0.005948771247121573
Ab2baaggUWJMsVUtCvpRjq6iBRDk2Lxr5qzicHueHxM1,Ab2baa,VTtPk5KG2FrHYXUwv7YvmRjxk66tuSutxvptFZAJAGP,3kS2rYboE1feYnLjiH4TF7tqiG5hhHaiBWv2NUt5imfPG9q9LNay2bFUxJoHzaULkc2GRQtiwAMETYsUEBxhngxr,hold 12 slots,-0.005948771247121573
Ab2baaggUWJMsVUtCvpRjq6iBRDk2Lxr5qzicHueHxM1,Ab2baa,VTtPk5KG2FrHYXUwv7YvmRjxk66tuSutxvptFZAJAGP,3kS2rYboE1feYnLjiH4TF7tqiG5hhHaiBWv2NUt5imfPG9q9LNay2bFUxJoHzaULkc2GRQtiwAMETYsUEBxhngxr,hold 25 slots,-0.005948771247121573
Ab2baaggUWJMsVUtCvpRjq6iBRDk2Lxr5qzicHueHxM1,Ab2baa,VTtPk5KG2FrHYXUwv7YvmRjxk66tuSutxvptFZAJAGP,3kS2rYboE1feYnLjiH4TF7tqiG5hhHaiBWv2NUt5imfPG9q9LNay2bFUxJoHzaULkc2GRQtiwAMETYsUEBxhngxr,hold 50 slots,-0.046355182509982946
Ab2baaggUWJMsVUtCvpRjq6iBRDk2Lxr5qzicHueHxM1,Ab2baa,VTtPk5KG2FrHYXUwv7YvmRjxk66tuSutxvptFZAJAGP,3kS2rYboE1feYnLjiH4TF7tqiG5hhHaiBWv2NUt5imfPG9q9LNay2bFUxJoHzaULkc2GRQtiwAMETYsUEBxhngxr,hold 75 slots,-0.046355182509982946
Ab2baaggUWJMsVUtCvpRjq6iBRDk2Lxr5qzicHueHxM1,Ab2baa,VTtPk5KG2FrHYXUwv7YvmRjxk66tuSutxvptFZAJAGP,3kS2rYboE1feYnLjiH4TF7tqiG5hhHaiBWv2NUt5imfPG9q9LNay2bFUxJoHzaULkc2GRQtiwAMETYsUEBxhngxr,hold 150 slots,-0.046355182509982946
Ab2baaggUWJMsVUtCvpRjq6iBRDk2Lxr5qzicHueHxM1,Ab2baa,VTtPk5KG2FrHYXUwv7YvmRjxk66tuSutxvptFZAJAGP,3kS2rYboE1feYnLjiH4TF7tqiG5hhHaiBWv2NUt5imfPG9q9LNay2bFUxJoHzaULkc2GRQtiwAMETYsUEBxhngxr,TP 10% / SL 10%,-0.046355182509982946
Ab2baaggUWJMsVUtCvpRjq6iBRDk2Lxr5qzicHueHxM1,Ab2baa,VTtPk5KG2FrHYXUwv7YvmRjxk66tuSutxvptFZAJAGP,3kS2rYboE1feYnLjiH4TF7tqiG5hhHaiBWv2NUt5imfPG9q9LNay2bFUxJoHzaULkc2GRQtiwAMETYsUEBxhngxr,TP 20% / SL 10%,-0.046355182509982946
Ab2baaggUWJMsVUtCvpRjq6iBRDk2Lxr5qzicHueHxM1,Ab2baa,VTtPk5KG2FrHYXUwv7YvmRjxk66tuSutxvptFZAJAGP,3kS2rYboE1feYnLjiH4TF7tqiG5hhHaiBWv2NUt5imfPG9q9LNay2bFUxJoHzaULkc2GRQtiwAMETYsUEBxhngxr,TP 30% / SL 15%,-0.046355182509982946
Ab2baaggUWJMsVUtCvpRjq6iBRDk2Lxr5qzicHueHxM1,Ab2baa,VTtPk5KG2FrHYXUwv7YvmRjxk66tuSutxvptFZAJAGP,3kS2rYboE1feYnLjiH4TF7tqiG5hhHaiBWv2NUt5imfPG9q9LNay2bFUxJoHzaULkc2GRQtiwAMETYsUEBxhngxr,TP 50% / SL 25%,-0.046355182509982946
Ab2baaggUWJMsVUtCvpRjq6iBRDk2Lxr5qzicHueHxM1,Ab2baa,VTtPk5KG2FrHYXUwv7YvmRjxk66tuSutxvptFZAJAGP,3kS2rYboE1feYnLjiH4TF7tqiG5hhHaiBWv2NUt5imfPG9q9LNay2bFUxJoHzaULkc2GRQtiwAMETYsUEBxhngxr,TP 100% / SL 30%,-0.046355182509982946
2ycU6vR2e7XfzuR7SRD5CLQJVMYq7gz4vMsefFJb6FMZ,2ycU6v,64AeqraE8oTscy4FbZfe7Wq5u8WbZnqQJxKxywjRpump,3bV5CnzBCgoZHBbRwYkRmmgpWqJ8DWrEjLZ3RdPthTA4MBPBqKYqNM459VyuoDiWVLHwBawtgV9nMBQQZqGc3mux,hold 1 slots,0.002397884269396305
2ycU6vR2e7XfzuR7SRD5CLQJVMYq7gz4vMsefFJb6FMZ,2ycU6v,64AeqraE8oTscy4FbZfe7Wq5u8WbZnqQJxKxywjRpump,3bV5CnzBCgoZHBbRwYkRmmgpWqJ8DWrEjLZ3RdPthTA4MBPBqKYqNM459VyuoDiWVLHwBawtgV9nMBQQZqGc3mux,hold 3 slots,0.006447105886655211
2ycU6vR2e7XfzuR7SRD5CLQJVMYq7gz4vMsefFJb6FMZ,2ycU6v,64AeqraE8oTscy4FbZfe7Wq5u8WbZnqQJxKxywjRpump,3bV5CnzBCgoZHBbRwYkRmmgpWqJ8DWrEjLZ3RdPthTA4MBPBqKYqNM459VyuoDiWVLHwBawtgV9nMBQQZqGc3mux,hold 5 slots,0.010555149352698325
2ycU6vR2e7XfzuR7SRD5CLQJVMYq7gz4vMsefFJb6FMZ,2ycU6v,64AeqraE8oTscy4FbZfe7Wq5u8WbZnqQJxKxywjRpump,3bV5CnzBCgoZHBbRwYkRmmgpWqJ8DWrEjLZ3RdPthTA4MBPBqKYqNM459VyuoDiWVLHwBawtgV9nMBQQZqGc3mux,hold 12 slots,0.010555149352698325
2ycU6vR2e7XfzuR7SRD5CLQJVMYq7gz4vMsefFJb6FMZ,2ycU6v,64AeqraE8oTscy4FbZfe7Wq5u8WbZnqQJxKxywjRpump,3bV5CnzBCgoZHBbRwYkRmmgpWqJ8DWrEjLZ3RdPthTA4MBPBqKYqNM459VyuoDiWVLHwBawtgV9nMBQQZqGc3mux,hold 25 slots,0.1322987848511541
2ycU6vR2e7XfzuR7SRD5CLQJVMYq7gz4vMsefFJb6FMZ,2ycU6v,64AeqraE8oTscy4FbZfe7Wq5u8WbZnqQJxKxywjRpump,3bV5CnzBCgoZHBbRwYkRmmgpWqJ8DWrEjLZ3RdPthTA4MBPBqKYqNM459VyuoDiWVLHwBawtgV9nMBQQZqGc3mux,hold 50 slots,0.07911583249131704
2ycU6vR2e7XfzuR7SRD5CLQJVMYq7gz4vMsefFJb6FMZ,2ycU6v,64AeqraE8oTscy4FbZfe7Wq5u8WbZnqQJxKxywjRpump,3bV5CnzBCgoZHBbRwYkRmmgpWqJ8DWrEjLZ3RdPthTA4MBPBqKYqNM459VyuoDiWVLHwBawtgV9nMBQQZqGc3mux,hold 75 slots,0.008318891298807383
2ycU6vR2e7XfzuR7SRD5CLQJVMYq7gz4vMsefFJb6FMZ,2ycU6v,64AeqraE8oTscy4FbZfe7Wq5u8WbZnqQJxKxywjRpump,3bV5CnzBCgoZHBbRwYkRmmgpWqJ8DWrEjLZ3RdPthTA4MBPBqKYqNM459VyuoDiWVLHwBawtgV9nMBQQZqGc3mux,hold 150 slots,0.008318891298807383
2ycU6vR2e7XfzuR7SRD5CLQJVMYq7gz4vMsefFJb6FMZ,2ycU6v,64AeqraE8oTscy4FbZfe7Wq5u8WbZnqQJxKxywjRpump,3bV5CnzBCgoZHBbRwYkRmmgpWqJ8DWrEjLZ3RdPthTA4MBPBqKYqNM459VyuoDiWVLHwBawtgV9nMBQQZqGc3mux,TP 10% / SL 10%,0.1322987848511541
2ycU6vR2e7XfzuR7SRD5CLQJVMYq7gz4vMsefFJb6FMZ,2ycU6v,64AeqraE8oTscy4FbZfe7Wq5u8WbZnqQJxKxywjRpump,3bV5CnzBCgoZHBbRwYkRmmgpWqJ8DWrEjLZ3RdPthTA4MBPBqKYqNM459VyuoDiWVLHwBawtgV9nMBQQZqGc3mux,TP 20% / SL 10%,0.008318891298807383
2ycU6vR2e7XfzuR7SRD5CLQJVMYq7gz4vMsefFJb6FMZ,2ycU6v,64AeqraE8oTscy4FbZfe7Wq5u8WbZnqQJxKxywjRpump,3bV5CnzBCgoZHBbRwYkRmmgpWqJ8DWrEjLZ3RdPthTA4MBPBqKYqNM459VyuoDiWVLHwBawtgV9nMBQQZqGc3mux,TP 30% / SL 15%,0.008318891298807383
2ycU6vR2e7XfzuR7SRD5CLQJVMYq7gz4vMsefFJb6FMZ,2ycU6v,64AeqraE8oTscy4FbZfe7Wq5u8WbZnqQJxKxywjRpump,3bV5CnzBCgoZHBbRwYkRmmgpWqJ8DWrEjLZ3RdPthTA4MBPBqKYqNM459VyuoDiWVLHwBawtgV9nMBQQZqGc3mux,TP 50% / SL 25%,0.008318891298807383
2ycU6vR2e7XfzuR7SRD5CLQJVMYq7gz4vMsefFJb6FMZ,2ycU6v,64AeqraE8oTscy4FbZfe7Wq5u8WbZnqQJxKxywjRpump,3bV5CnzBCgoZHBbRwYkRmmgpWqJ8DWrEjLZ3RdPthTA4MBPBqKYqNM459VyuoDiWVLHwBawtgV9nMBQQZqGc3mux,TP 100% / SL 30%,0.008318891298807383
2e1w3Xo441Ytvwn54wCn8itAXwCKbiizc9ynGEv14Vis,2e1w3X,A6bHvPgxpt476PWDdz8Nk8tkob6XoQg8PWHMnt8cpump,58RfyJ3PrURK7FZHnK735KuSNwfZoctKfFE8jvEJkmVCAASuoeY4MsAraL1kzRsfZ7isDeS2i4w177Gh5DNmcYwQ,follow wallet,-0.3288179025494299
2e1w3Xo441Ytvwn54wCn8itAXwCKbiizc9ynGEv14Vis,2e1w3X,A6bHvPgxpt476PWDdz8Nk8tkob6XoQg8PWHMnt8cpump,58RfyJ3PrURK7FZHnK735KuSNwfZoctKfFE8jvEJkmVCAASuoeY4MsAraL1kzRsfZ7isDeS2i4w177Gh5DNmcYwQ,hold 1 slots,0.0052563716418639415
2e1w3Xo441Ytvwn54wCn8itAXwCKbiizc9ynGEv14Vis,2e1w3X,A6bHvPgxpt476PWDdz8Nk8tkob6XoQg8PWHMnt8cpump,58RfyJ3PrURK7FZHnK735KuSNwfZoctKfFE8jvEJkmVCAASuoeY4MsAraL1kzRsfZ7isDeS2i4w177Gh5DNmcYwQ,hold 3 slots,0.0527232329103961
2e1w3Xo441Ytvwn54wCn8itAXwCKbiizc9ynGEv14Vis,2e1w3X,A6bHvPgxpt476PWDdz8Nk8tkob6XoQg8PWHMnt8cpump,58RfyJ3PrURK7FZHnK735KuSNwfZoctKfFE8jvEJkmVCAASuoeY4MsAraL1kzRsfZ7isDeS2i4w177Gh5DNmcYwQ,hold 5 slots,-0.007818477044872403
2e1w3Xo441Ytvwn54wCn8itAXwCKbiizc9ynGEv14Vis,2e1w3X,A6bHvPgxpt476PWDdz8Nk8tkob6XoQg8PWHMnt8cpump,58RfyJ3PrURK7FZHnK735KuSNwfZoctKfFE8jvEJkmVCAASuoeY4MsAraL1kzRsfZ7isDeS2i4w177Gh5DNmcYwQ,hold 12 slots,-0.009338613104967714
2e1w3Xo441Ytvwn54wCn8itAXwCKbiizc9ynGEv14Vis,2e1w3X,A6bHvPgxpt476PWDdz8Nk8tkob6XoQg8PWHMnt8cpump,58RfyJ3PrURK7FZHnK735KuSNwfZoctKfFE8jvEJkmVCAASuoeY4MsAraL1kzRsfZ7isDeS2i4w177Gh5DNmcYwQ,hold 25 slots,-0.025245832842258335
2e1w3Xo441Ytvwn54wCn8itAXwCKbiizc9ynGEv14Vis,2e1w3X,A6bHvPgxpt476PWDdz8Nk8tkob6XoQg8PWHMnt8cpump,58RfyJ3PrURK7FZHnK735KuSNwfZoctKfFE8jvEJkmVCAASuoeY4MsAraL1kzRsfZ7isDeS2i4w177Gh5DNmcYwQ,hold 50 slots,0.8503869749622376
2e1w3Xo441Ytvwn54wCn8itAXwCKbiizc9ynGEv14Vis,2e1w3X,A6bHvPgxpt476PWDdz8Nk8tkob6XoQg8PWHMnt8cpump,58RfyJ3PrURK7FZHnK735KuSNwfZoctKfFE8jvEJkmVCAASuoeY4MsAraL1kzRsfZ7isDeS2i4w177Gh5DNmcYwQ,hold 75 slots,1.1062608660995972
2e1w3Xo441Ytvwn54wCn8itAXwCKbiizc9ynGEv14Vis,2e1w3X,A6bHvPgxpt476PWDdz8Nk8tkob6XoQg8PWHMnt8cpump,58RfyJ3PrURK7FZHnK735KuSNwfZoctKfFE8jvEJkmVCAASuoeY4MsAraL1kzRsfZ7isDeS2i4w177Gh5DNmcYwQ,hold 150 slots,1.5983887705430604
2e1w3Xo441Ytvwn54wCn8itAXwCKbiizc9ynGEv14Vis,2e1w3X,A6bHvPgxpt476PWDdz8Nk8tkob6XoQg8PWHMnt8cpump,58RfyJ3PrURK7FZHnK735KuSNwfZoctKfFE8jvEJkmVCAASuoeY4MsAraL1kzRsfZ7isDeS2i4w177Gh5DNmcYwQ,TP 10% / SL 10%,0.742130977050133
2e1w3Xo441Ytvwn54wCn8itAXwCKbiizc9ynGEv14Vis,2e1w3X,A6bHvPgxpt476PWDdz8Nk8tkob6XoQg8PWHMnt8cpump,58RfyJ3PrURK7FZHnK735KuSNwfZoctKfFE8jvEJkmVCAASuoeY4MsAraL1kzRsfZ7isDeS2i4w177Gh5DNmcYwQ,TP 20% / SL 10%,0.742130977050133
2e1w3Xo441Ytvwn54wCn8itAXwCKbiizc9ynGEv14Vis,2e1w3X,A6bHvPgxpt476PWDdz8Nk8tkob6XoQg8PWHMnt8cpump,58RfyJ3PrURK7FZHnK735KuSNwfZoctKfFE8jvEJkmVCAASuoeY4MsAraL1kzRsfZ7isDeS2i4w177Gh5DNmcYwQ,TP 30% / SL 15%,0.742130977050133
2e1w3Xo441Ytvwn54wCn8itAXwCKbiizc9ynGEv14Vis,2e1w3X,A6bHvPgxpt476PWDdz8Nk8tkob6XoQg8PWHMnt8cpump,58RfyJ3PrURK7FZHnK735KuSNwfZoctKfFE8jvEJkmVCAASuoeY4MsAraL1kzRsfZ7isDeS2i4w177Gh5DNmcYwQ,TP 50% / SL 25%,0.742130977050133
2e1w3Xo441Ytvwn54wCn8itAXwCKbiizc9ynGEv14Vis,2e1w3X,A6bHvPgxpt476PWDdz8Nk8tkob6XoQg8PWHMnt8cpump,58RfyJ3PrURK7FZHnK735KuSNwfZoctKfFE8jvEJkmVCAASuoeY4MsAraL1kzRsfZ7isDeS2i4w177Gh5DNmcYwQ,TP 100% / SL 30%,1.1062608660995972
2e1w3Xo441Ytvwn54wCn8itAXwCKbiizc9ynGEv14Vis,2e1w3X,AaJXFvEZrp2YnDRLHLMrjCfvWE6mf85iP7mVfNWYtoB8,QuFMtL2o8ZmyymrJ9UnqMTZmSkXuXXiVwiUnvPRSZuszWarW8XnoLcmCn1yX3t9pwwsrp62u9jWJEsbsH96FE3y,follow wallet,-0.2929100276536243
2e1w3Xo441Ytvwn54wCn8itAXwCKbiizc9ynGEv14Vis,2e1w3X,AaJXFvEZrp2YnDRLHLMrjCfvWE6mf85iP7mVfNWYtoB8,QuFMtL2o8ZmyymrJ9UnqMTZmSkXuXXiVwiUnvPRSZuszWarW8XnoLcmCn1yX3t9pwwsrp62u9jWJEsbsH96FE3y,hold 1 slots,-0.0965570159787085
2e1w3Xo441Ytvwn54wCn8itAXwCKbiizc9ynGEv14Vis,2e1w3X,AaJXFvEZrp2YnDRLHLMrjCfvWE6mf85iP7mVfNWYtoB8,QuFMtL2o8ZmyymrJ9UnqMTZmSkXuXXiVwiUnvPRSZuszWarW8XnoLcmCn1yX3t9pwwsrp62u9jWJEsbsH96FE3y,hold 3 slots,-0.09017422506117678
2e1w3Xo441Ytvwn54wCn8itAXwCKbiizc9ynGEv14Vis,2e1w3X,AaJXFvEZrp2YnDRLHLMrjCfvWE6mf85iP7mVfNWYtoB8,QuFMtL2o8ZmyymrJ9UnqMTZmSkXuXXiVwiUnvPRSZuszWarW8XnoLcmCn1yX3t9pwwsrp62u9jWJEsbsH96FE3y,hold 5 slots,-0.10182613751087952
2e1w3Xo441Ytvwn54wCn8itAXwCKbiizc9ynGEv14Vis,2e1w3X,AaJXFvEZrp2YnDRLHLMrjCfvWE6mf85iP7mVfNWYtoB8,QuFMtL2o8ZmyymrJ9UnqMTZmSkXuXXiVwiUnvPRSZuszWarW8XnoLcmCn1yX3t9pwwsrp62u9jWJEsbsH96FE3y,hold 12 slots,-0.20820822039567508
2e1w3Xo441Ytvwn54wCn8itAXwCKbiizc9ynGEv14Vis,2e1w3X,AaJXFvEZrp2YnDRLHLMrjCfvWE6mf85iP7mVfNWYtoB8,QuFMtL2o8ZmyymrJ9UnqMTZmSkXuXXiVwiUnvPRSZuszWarW8XnoLcmCn1yX3t9pwwsrp62u9jWJEsbsH96FE3y,hold 25 slots,-0.2499016857862195
2e1w3Xo441Ytvwn54wCn8itAXwCKbiizc9ynGEv14Vis,2e1w3X,AaJXFvEZrp2YnDRLHLMrjCfvWE6mf85iP7mVfNWYtoB8,QuFMtL2o8ZmyymrJ9UnqMTZmSkXuXXiVwiUnvPRSZuszWarW8XnoLcmCn1yX3t9pwwsrp62u9jWJEsbsH96FE3y,hold 50 slots,-0.41986449257810365
2e1w3Xo441Ytvwn54wCn8itAXwCKbiizc9ynGEv14Vis,2e1w3X,AaJXFvEZrp2YnDRLHLMrjCfvWE6mf85iP7mVfNWYtoB8,QuFMtL2o8ZmyymrJ9UnqMTZmSkXuXXiVwiUnvPRSZuszWarW8XnoLcmCn1yX3t9pwwsrp62u9jWJEsbsH96FE3y,hold 75 slots,-0.3675639622040595
2e1w3Xo441Ytvwn54wCn8itAXwCKbiizc9ynGEv14Vis,2e1w3X,AaJXFvEZrp2YnDRLHLMrjCfvWE6mf85iP7mVfNWYtoB8,QuFMtL2o8ZmyymrJ9UnqMTZmSkXuXXiVwiUnvPRSZuszWarW8XnoLcmCn1yX3t9pwwsrp62u9jWJEsbsH96FE3y,hold 150 slots,-0.41436069246066287
2e1w3Xo441Ytvwn54wCn8itAXwCKbiizc9ynGEv14Vis,2e1w3X,AaJXFvEZrp2YnDRLHLMrjCfvWE6mf85iP7mVfNWYtoB8,QuFMtL2o8ZmyymrJ9UnqMTZmSkXuXXiVwiUnvPRSZuszWarW8XnoLcmCn1yX3t9pwwsrp62u9jWJEsbsH96FE3y,TP 10% / SL 10%,-0.10182613751087952
2e1w3Xo441Ytvwn54wCn8itAXwCKbiizc9ynGEv14Vis,2e1w3X,AaJXFvEZrp2YnDRLHLMrjCfvWE6mf85iP7mVfNWYtoB8,QuFMtL2o8ZmyymrJ9UnqMTZmSkXuXXiVwiUnvPRSZuszWarW8XnoLcmCn1yX3t9pwwsrp62u9jWJEsbsH96FE3y,TP 20% / SL 10%,-0.10182613751087952
2e1w3Xo441Ytvwn54wCn8itAXwCKbiizc9ynGEv14Vis,2e1w3X,AaJXFvEZrp2YnDRLHLMrjCfvWE6mf85iP7mVfNWYtoB8,QuFMtL2o8ZmyymrJ9UnqMTZmSkXuXXiVwiUnvPRSZuszWarW8XnoLcmCn1yX3t9pwwsrp62u9jWJEsbsH96FE3y,TP 30% / SL 15%,-0.2135902979788654
2e1w3Xo441Ytvwn54wCn8itAXwCKbiizc9ynGEv14Vis,2e1w3X,AaJXFvEZrp2YnDRLHLMrjCfvWE6mf85iP7mVfNWYtoB8,QuFMtL2o8ZmyymrJ9UnqMTZmSkXuXXiVwiUnvPRSZuszWarW8XnoLcmCn1yX3t9pwwsrp62u9jWJEsbsH96FE3y,TP 50% / SL 25%,-0.41986449257810365
2e1w3Xo441Ytvwn54wCn8itAXwCKbiizc9ynGEv14Vis,2e1w3X,AaJXFvEZrp2YnDRLHLMrjCfvWE6mf85iP7mVfNWYtoB8,QuFMtL2o8ZmyymrJ9UnqMTZmSkXuXXiVwiUnvPRSZuszWarW8XnoLcmCn1yX3t9pwwsrp62u9jWJEsbsH96FE3y,TP 100% / SL 30%,-0.41986449257810365
4DdrfiDHpmx55i4SPssxVzS9ZaKLb8qr45NKY9Er9nNh,4Ddrfi,EqG2UuDm1BysLg3u5jjYYqZz13HYt29awgqEwY36pump,24ZP4bZRbhg2Fw7WkiEc8qJP8MJkZZLhB8q7oQWff9wLbPwCCfS4nqvrw8c8XdLzKdj9NHCnFk8DYYTBCHXRxpma,follow wallet,-0.21348877139243044
4DdrfiDHpmx55i4SPssxVzS9ZaKLb8qr45NKY9Er9nNh,4Ddrfi,EqG2UuDm1BysLg3u5jjYYqZz13HYt29awgqEwY36pump,24ZP4bZRbhg2Fw7WkiEc8qJP8MJkZZLhB8q7oQWff9wLbPwCCfS4nqvrw8c8XdLzKdj9NHCnFk8DYYTBCHXRxpma,hold 1 slots,-0.06096966836934757
4DdrfiDHpmx55i4SPssxVzS9ZaKLb8qr45NKY9Er9nNh,4Ddrfi,EqG2UuDm1BysLg3u5jjYYqZz13HYt29awgqEwY36pump,24ZP4bZRbhg2Fw7WkiEc8qJP8MJkZZLhB8q7oQWff9wLbPwCCfS4nqvrw8c8XdLzKdj9NHCnFk8DYYTBCHXRxpma,hold 3 slots,-0.055439165142536995
4DdrfiDHpmx55i4SPssxVzS9ZaKLb8qr45NKY9Er9nNh,4Ddrfi,EqG2UuDm1BysLg3u5jjYYqZz13HYt29awgqEwY36pump,24ZP4bZRbhg2Fw7WkiEc8qJP8MJkZZLhB8q7oQWff9wLbPwCCfS4nqvrw8c8XdLzKdj9NHCnFk8DYYTBCHXRxpma,hold 5 slots,-0.055439165142536995
4DdrfiDHpmx55i4SPssxVzS9ZaKLb8qr45NKY9Er9nNh,4Ddrfi,EqG2UuDm1BysLg3u5jjYYqZz13HYt29awgqEwY36pump,24ZP4bZRbhg2Fw7WkiEc8qJP8MJkZZLhB8q7oQWff9wLbPwCCfS4nqvrw8c8XdLzKdj9NHCnFk8DYYTBCHXRxpma,hold 12 slots,-0.05052145390637946
4DdrfiDHpmx55i4SPssxVzS9ZaKLb8qr45NKY9Er9nNh,4Ddrfi,EqG2UuDm1BysLg3u5jjYYqZz13HYt29awgqEwY36pump,24ZP4bZRbhg2Fw7WkiEc8qJP8MJkZZLhB8q7oQWff9wLbPwCCfS4nqvrw8c8XdLzKdj9NHCnFk8DYYTBCHXRxpma,hold 25 slots,-0.04774312021448302
4DdrfiDHpmx55i4SPssxVzS9ZaKLb8qr45NKY9Er9nNh,4Ddrfi,EqG2UuDm1BysLg3u5jjYYqZz13HYt29awgqEwY36pump,24ZP4bZRbhg2Fw7WkiEc8qJP8MJkZZLhB8q7oQWff9wLbPwCCfS4nqvrw8c8XdLzKdj9NHCnFk8DYYTBCHXRxpma,hold 50 slots,-0.04774312021448302
4DdrfiDHpmx55i4SPssxVzS9ZaKLb8qr45NKY9Er9nNh,4Ddrfi,EqG2UuDm1BysLg3u5jjYYqZz13HYt29awgqEwY36pump,24ZP4bZRbhg2Fw7WkiEc8qJP8MJkZZLhB8q7oQWff9wLbPwCCfS4nqvrw8c8XdLzKdj9NHCnFk8DYYTBCHXRxpma,hold 75 slots,-0.21939290791848148
4DdrfiDHpmx55i4SPssxVzS9ZaKLb8qr45NKY9Er9nNh,4Ddrfi,EqG2UuDm1BysLg3u5jjYYqZz13HYt29awgqEwY36pump,24ZP4bZRbhg2Fw7WkiEc8qJP8MJkZZLhB8q7oQWff9wLbPwCCfS4nqvrw8c8XdLzKdj9NHCnFk8DYYTBCHXRxpma,hold 150 slots,-0.22101233966623568
4DdrfiDHpmx55i4SPssxVzS9ZaKLb8qr45NKY9Er9nNh,4Ddrfi,EqG2UuDm1BysLg3u5jjYYqZz13HYt29awgqEwY36pump,24ZP4bZRbhg2Fw7WkiEc8qJP8MJkZZLhB8q7oQWff9wLbPwCCfS4nqvrw8c8XdLzKdj9NHCnFk8DYYTBCHXRxpma,TP 10% / SL 10%,-0.21939290791848148
4DdrfiDHpmx55i4SPssxVzS9ZaKLb8qr45NKY9Er9nNh,4Ddrfi,EqG2UuDm1BysLg3u5jjYYqZz13HYt29awgqEwY36pump,24ZP4bZRbhg2Fw7WkiEc8qJP8MJkZZLhB8q7oQWff9wLbPwCCfS4nqvrw8c8XdLzKdj9NHCnFk8DYYTBCHXRxpma,TP 20% / SL 10%,-0.21939290791848148
4DdrfiDHpmx55i4SPssxVzS9ZaKLb8qr45NKY9Er9nNh,4Ddrfi,EqG2UuDm1BysLg3u5jjYYqZz13HYt29awgqEwY36pump,24ZP4bZRbhg2Fw7WkiEc8qJP8MJkZZLhB8q7oQWff9wLbPwCCfS4nqvrw8c8XdLzKdj9NHCnFk8DYYTBCHXRxpma,TP 30% / SL 15%,-0.21939290791848148
4DdrfiDHpmx55i4SPssxVzS9ZaKLb8qr45NKY9Er9nNh,4Ddrfi,EqG2UuDm1BysLg3u5jjYYqZz13HYt29awgqEwY36pump,24ZP4bZRbhg2Fw7WkiEc8qJP8MJkZZLhB8q7oQWff9wLbPwCCfS4nqvrw8c8XdLzKdj9NHCnFk8DYYTBCHXRxpma,TP 50% / SL 25%,-0.22101233966623568
4DdrfiDHpmx55i4SPssxVzS9ZaKLb8qr45NKY9Er9nNh,4Ddrfi,EqG2UuDm1BysLg3u5jjYYqZz13HYt29awgqEwY36pump,24ZP4bZRbhg2Fw7WkiEc8qJP8MJkZZLhB8q7oQWff9wLbPwCCfS4nqvrw8c8XdLzKdj9NHCnFk8DYYTBCHXRxpma,TP 100% / SL 30%,-0.22101233966623568
4DdrfiDHpmx55i4SPssxVzS9ZaKLb8qr45NKY9Er9nNh,4Ddrfi,5bcMnxY6djMES8oTTtcvEuzdSE2Rnk5DsVyCf8yPpump,58PDBQckTshdKb25QDKH7WDsX33CpYBg9LjCmWcGDj8ZH3NM3U2xmXukLAyeVthAJL6TGjBSAZJ2BVHL7nNkckBo,follow wallet,-0.1426600753028375
4DdrfiDHpmx55i4SPssxVzS9ZaKLb8qr45NKY9Er9nNh,4Ddrfi,5bcMnxY6djMES8oTTtcvEuzdSE2Rnk5DsVyCf8yPpump,58PDBQckTshdKb25QDKH7WDsX33CpYBg9LjCmWcGDj8ZH3NM3U2xmXukLAyeVthAJL6TGjBSAZJ2BVHL7nNkckBo,hold 1 slots,-0.05706284929245603
4DdrfiDHpmx55i4SPssxVzS9ZaKLb8qr45NKY9Er9nNh,4Ddrfi,5bcMnxY6djMES8oTTtcvEuzdSE2Rnk5DsVyCf8yPpump,58PDBQckTshdKb25QDKH7WDsX33CpYBg9LjCmWcGDj8ZH3NM3U2xmXukLAyeVthAJL6TGjBSAZJ2BVHL7nNkckBo,hold 3 slots,-0.08897824986945677
4DdrfiDHpmx55i4SPssxVzS9ZaKLb8qr45NKY9Er9nNh,4Ddrfi,5bcMnxY6djMES8oTTtcvEuzdSE2Rnk5DsVyCf8yPpump,58PDBQckTshdKb25QDKH7WDsX33CpYBg9LjCmWcGDj8ZH3NM3U2xmXukLAyeVthAJL6TGjBSAZJ2BVHL7nNkckBo,hold 5 slots,-0.02953735608643067
4DdrfiDHpmx55i4SPssxVzS9ZaKLb8qr45NKY9Er9nNh,4Ddrfi,5bcMnxY6djMES8oTTtcvEuzdSE2Rnk5DsVyCf8yPpump,58PDBQckTshdKb25QDKH7WDsX33CpYBg9LjCmWcGDj8ZH3NM3U2xmXukLAyeVthAJL6TGjBSAZJ2BVHL7nNkckBo,hold 12 slots,-0.09589898002530456
4DdrfiDHpmx55i4SPssxVzS9ZaKLb8qr45NKY9Er9nNh,4Ddrfi,5bcMnxY6djMES8oTTtcvEuzdSE2Rnk5DsVyCf8yPpump,58PDBQckTshdKb25QDKH7WDsX33CpYBg9LjCmWcGDj8ZH3NM3U2xmXukLAyeVthAJL6TGjBSAZJ2BVHL7nNkckBo,hold 25 slots,-0.0888148722241211
4DdrfiDHpmx55i4SPssxVzS9ZaKLb8qr45NKY9Er9nNh,4Ddrfi,5bcMnxY6djMES8oTTtcvEuzdSE2Rnk5DsVyCf8yPpump,58PDBQckTshdKb25QDKH7WDsX33CpYBg9LjCmWcGDj8ZH3NM3U2xmXukLAyeVthAJL6TGjBSAZJ2BVHL7nNkckBo,hold 50 slots,-0.0888148722241211
4DdrfiDHpmx55i4SPssxVzS9ZaKLb8qr45NKY9Er9nNh,4Ddrfi,5bcMnxY6djMES8oTTtcvEuzdSE2Rnk5DsVyCf8yPpump,58PDBQckTshdKb25QDKH7WDsX33CpYBg9LjCmWcGDj8ZH3NM3U2xmXukLAyeVthAJL6TGjBSAZJ2BVHL7nNkckBo,hold 75 slots,-0.09128707873333311
4DdrfiDHpmx55i4SPssxVzS9ZaKLb8qr45NKY9Er9nNh,4Ddrfi,5bcMnxY6djMES8oTTtcvEuzdSE2Rnk5DsVyCf8yPpump,58PDBQckTshdKb25QDKH7WDsX33CpYBg9LjCmWcGDj8ZH3NM3U2xmXukLAyeVthAJL6TGjBSAZJ2BVHL7nNkckBo,hold 150 slots,-0.06089194391416991
4DdrfiDHpmx55i4SPssxVzS9ZaKLb8qr45NKY9Er9nNh,4Ddrfi,5bcMnxY6djMES8oTTtcvEuzdSE2Rnk5DsVyCf8yPpump,58PDBQckTshdKb25QDKH7WDsX33CpYBg9LjCmWcGDj8ZH3NM3U2xmXukLAyeVthAJL6TGjBSAZJ2BVHL7nNkckBo,TP 10% / SL 10%,-0.06089194391416991
4DdrfiDHpmx55i4SPssxVzS9ZaKLb8qr45NKY9Er9nNh,4Ddrfi,5bcMnxY6djMES8oTTtcvEuzdSE2Rnk5DsVyCf8yPpump,58PDBQckTshdKb25QDKH7WDsX33CpYBg9LjCmWcGDj8ZH3NM3U2xmXukLAyeVthAJL6TGjBSAZJ2BVHL7nNkckBo,TP 20% / SL 10%,-0.06089194391416991
4DdrfiDHpmx55i4SPssxVzS9ZaKLb8qr45NKY9Er9nNh,4Ddrfi,5bcMnxY6djMES8oTTtcvEuzdSE2Rnk5DsVyCf8yPpump,58PDBQckTshdKb25QDKH7WDsX33CpYBg9LjCmWcGDj8ZH3NM3U2xmXukLAyeVthAJL6TGjBSAZJ2BVHL7nNkckBo,TP 30% / SL 15%,-0.06089194391416991
4DdrfiDHpmx55i4SPssxVzS9ZaKLb8qr45NKY9Er9nNh,4Ddrfi,5bcMnxY6djMES8oTTtcvEuzdSE2Rnk5DsVyCf8yPpump,58PDBQckTshdKb25QDKH7WDsX33CpYBg9LjCmWcGDj8ZH3NM3U2xmXukLAyeVthAJL6TGjBSAZJ2BVHL7nNkckBo,TP 50% / SL 25%,-0.06089194391416991
4DdrfiDHpmx55i4SPssxVzS9ZaKLb8qr45NKY9Er9nNh,4Ddrfi,5bcMnxY6djMES8oTTtcvEuzdSE2Rnk5DsVyCf8yPpump,58PDBQckTshdKb25QDKH7WDsX33CpYBg9LjCmWcGDj8ZH3NM3U2xmXukLAyeVthAJL6TGjBSAZJ2BVHL7nNkckBo,TP 100% / SL 30%,-0.06089194391416991
4DdrfiDHpmx55i4SPssxVzS9ZaKLb8qr45NKY9Er9nNh,4Ddrfi,3eqQkKPkUT36uXUFQP1GH3XoHDmJSks19NFhN93RmVth,3hPHFRfxFU9sb29iYvkzdsK6kjVqCGamBWeuivKPmQx19Zfwws7VS64y7K8cdRb1JfV6iQJQPbV22J4rn9PosASn,follow wallet,-0.1940192522588172
4DdrfiDHpmx55i4SPssxVzS9ZaKLb8qr45NKY9Er9nNh,4Ddrfi,3eqQkKPkUT36uXUFQP1GH3XoHDmJSks19NFhN93RmVth,3hPHFRfxFU9sb29iYvkzdsK6kjVqCGamBWeuivKPmQx19Zfwws7VS64y7K8cdRb1JfV6iQJQPbV22J4rn9PosASn,hold 1 slots,-0.06342318175030637
4DdrfiDHpmx55i4SPssxVzS9ZaKLb8qr45NKY9Er9nNh,4Ddrfi,3eqQkKPkUT36uXUFQP1GH3XoHDmJSks19NFhN93RmVth,3hPHFRfxFU9sb29iYvkzdsK6kjVqCGamBWeuivKPmQx19Zfwws7VS64y7K8cdRb1JfV6iQJQPbV22J4rn9PosASn,hold 3 slots,-0.09500264554508733
4DdrfiDHpmx55i4SPssxVzS9ZaKLb8qr45NKY9Er9nNh,4Ddrfi,3eqQkKPkUT36uXUFQP1GH3XoHDmJSks19NFhN93RmVth,3hPHFRfxFU9sb29iYvkzdsK6kjVqCGamBWeuivKPmQx19Zfwws7VS64y7K8cdRb1JfV6iQJQPbV22J4rn9PosASn,hold 5 slots,-0.09500264554508733
4DdrfiDHpmx55i4SPssxVzS9ZaKLb8qr45NKY9Er9nNh,4Ddrfi,3eqQkKPkUT36uXUFQP1GH3XoHDmJSks19NFhN93RmVth,3hPHFRfxFU9sb29iYvkzdsK6kjVqCGamBWeuivKPmQx19Zfwws7VS64y7K8cdRb1JfV6iQJQPbV22J4rn9PosASn,hold 12 slots,-0.09211740569480778
4DdrfiDHpmx55i4SPssxVzS9ZaKLb8qr45NKY9Er9nNh,4Ddrfi,3eqQkKPkUT36uXUFQP1GH3XoHDmJSks19NFhN93RmVth,3hPHFRfxFU9sb29iYvkzdsK6kjVqCGamBWeuivKPmQx19Zfwws7VS64y7K8cdRb1JfV6iQJQPbV22J4rn9PosASn,hold 25 slots,-0.09049920906635808
4DdrfiDHpmx55i4SPssxVzS9ZaKLb8qr45NKY9Er9nNh,4Ddrfi,3eqQkKPkUT36uXUFQP1GH3XoHDmJSks19NFhN93RmVth,3hPHFRfxFU9sb29iYvkzdsK6kjVqCGamBWeuivKPmQx19Zfwws7VS64y7K8cdRb1JfV6iQJQPbV22J4rn9PosASn,hold 50 slots,-0.09897113519824396
4DdrfiDHpmx55i4SPssxVzS9ZaKLb8qr45NKY9Er9nNh,4Ddrfi,3eqQkKPkUT36uXUFQP1GH3XoHDmJSks19NFhN93RmVth,3hPHFRfxFU9sb29iYvkzdsK6kjVqCGamBWeuivKPmQx19Zfwws7VS64y7K8cdRb1JfV6iQJQPbV22J4rn9PosASn,hold 75 slots,-0.09729058482493591
4DdrfiDHpmx55i4SPssxVzS9ZaKLb8qr45NKY9Er9nNh,4Ddrfi,3eqQkKPkUT36uXUFQP1GH3XoHDmJSks19NFhN93RmVth,3hPHFRfxFU9sb29iYvkzdsK6kjVqCGamBWeuivKPmQx19Zfwws7VS64y7K8cdRb1JfV6iQJQPbV22J4rn9PosASn,hold 150 slots,-0.06764404734253907
4DdrfiDHpmx55i4SPssxVzS9ZaKLb8qr45NKY9Er9nNh,4Ddrfi,3eqQkKPkUT36uXUFQP1GH3XoHDmJSks19NFhN93RmVth,3hPHFRfxFU9sb29iYvkzdsK6kjVqCGamBWeuivKPmQx19Zfwws7VS64y7K8cdRb1JfV6iQJQPbV22J4rn9PosASn,TP 10% / SL 10%,-0.06764404734253907
4DdrfiDHpmx55i4SPssxVzS9ZaKLb8qr45NKY9Er9nNh,4Ddrfi,3eqQkKPkUT36uXUFQP1GH3XoHDmJSks19NFhN93RmVth,3hPHFRfxFU9sb29iYvkzdsK6kjVqCGamBWeuivKPmQx19Zfwws7VS64y7K8cdRb1JfV6iQJQPbV22J4rn9PosASn,TP 20% / SL 10%,-0.06764404734253907
4DdrfiDHpmx55i4SPssxVzS9ZaKLb8qr45NKY9Er9nNh,4Ddrfi,3eqQkKPkUT36uXUFQP1GH3XoHDmJSks19NFhN93RmVth,3hPHFRfxFU9sb29iYvkzdsK6kjVqCGamBWeuivKPmQx19Zfwws7VS64y7K8cdRb1JfV6iQJQPbV22J4rn9PosASn,TP 30% / SL 15%,-0.06764404734253907
4DdrfiDHpmx55i4SPssxVzS9ZaKLb8qr45NKY9Er9nNh,4Ddrfi,3eqQkKPkUT36uXUFQP1GH3XoHDmJSks19NFhN93RmVth,3hPHFRfxFU9sb29iYvkzdsK6kjVqCGamBWeuivKPmQx19Zfwws7VS64y7K8cdRb1JfV6iQJQPbV22J4rn9PosASn,TP 50% / SL 25%,-0.06764404734253907
4DdrfiDHpmx55i4SPssxVzS9ZaKLb8qr45NKY9Er9nNh,4Ddrfi,3eqQkKPkUT36uXUFQP1GH3XoHDmJSks19NFhN93RmVth,3hPHFRfxFU9sb29iYvkzdsK6kjVqCGamBWeuivKPmQx19Zfwws7VS64y7K8cdRb1JfV6iQJQPbV22J4rn9PosASn,TP 100% / SL 30%,-0.06764404734253907
4DdrfiDHpmx55i4SPssxVzS9ZaKLb8qr45NKY9Er9nNh,4Ddrfi,26mjVANmPvnpwRd1Wnp5PLybEukbeW5pqnPw7ejepump,4N156r7b3bL2uh65zSCG82oADsVhmeCYcPEe9VDuGpgVbybdDMkLTNFwFP2yw9hMTgpWT3b39FUeXPX7XHeN2qfP,follow wallet,-0.12353080493113708
4DdrfiDHpmx55i4SPssxVzS9ZaKLb8qr45NKY9Er9nNh,4Ddrfi,26mjVANmPvnpwRd1Wnp5PLybEukbeW5pqnPw7ejepump,4N156r7b3bL2uh65zSCG82oADsVhmeCYcPEe9VDuGpgVbybdDMkLTNFwFP2yw9hMTgpWT3b39FUeXPX7XHeN2qfP,hold 1 slots,-0.04973396808403265
4DdrfiDHpmx55i4SPssxVzS9ZaKLb8qr45NKY9Er9nNh,4Ddrfi,26mjVANmPvnpwRd1Wnp5PLybEukbeW5pqnPw7ejepump,4N156r7b3bL2uh65zSCG82oADsVhmeCYcPEe9VDuGpgVbybdDMkLTNFwFP2yw9hMTgpWT3b39FUeXPX7XHeN2qfP,hold 3 slots,-0.04973396808403265
4DdrfiDHpmx55i4SPssxVzS9ZaKLb8qr45NKY9Er9nNh,4Ddrfi,26mjVANmPvnpwRd1Wnp5PLybEukbeW5pqnPw7ejepump,4N156r7b3bL2uh65zSCG82oADsVhmeCYcPEe9VDuGpgVbybdDMkLTNFwFP2yw9hMTgpWT3b39FUeXPX7XHeN2qfP,hold 5 slots,-0.04973396808403265
4DdrfiDHpmx55i4SPssxVzS9ZaKLb8qr45NKY9Er9nNh,4Ddrfi,26mjVANmPvnpwRd1Wnp5PLybEukbeW5pqnPw7ejepump,4N156r7b3bL2uh65zSCG82oADsVhmeCYcPEe9VDuGpgVbybdDMkLTNFwFP2yw9hMTgpWT3b39FUeXPX7XHeN2qfP,hold 12 slots,-0.04505024981136656
4DdrfiDHpmx55i4SPssxVzS9ZaKLb8qr45NKY9Er9nNh,4Ddrfi,26mjVANmPvnpwRd1Wnp5PLybEukbeW5pqnPw7ejepump,4N156r7b3bL2uh65zSCG82oADsVhmeCYcPEe9VDuGpgVbybdDMkLTNFwFP2yw9hMTgpWT3b39FUeXPX7XHeN2qfP,hold 25 slots,-0.04242945171665776
4DdrfiDHpmx55i4SPssxVzS9ZaKLb8qr45NKY9Er9nNh,4Ddrfi,26mjVANmPvnpwRd1Wnp5PLybEukbeW5pqnPw7ejepump,4N156r7b3bL2uh65zSCG82oADsVhmeCYcPEe9VDuGpgVbybdDMkLTNFwFP2yw9hMTgpWT3b39FUeXPX7XHeN2qfP,hold 50 slots,-0.06885162028291929
4DdrfiDHpmx55i4SPssxVzS9ZaKLb8qr45NKY9Er9nNh,4Ddrfi,26mjVANmPvnpwRd1Wnp5PLybEukbeW5pqnPw7ejepump,4N156r7b3bL2uh65zSCG82oADsVhmeCYcPEe9VDuGpgVbybdDMkLTNFwFP2yw9hMTgpWT3b39FUeXPX7XHeN2qfP,hold 75 slots,-0.06885162028291929
4DdrfiDHpmx55i4SPssxVzS9ZaKLb8qr45NKY9Er9nNh,4Ddrfi,26mjVANmPvnpwRd1Wnp5PLybEukbeW5pqnPw7ejepump,4N156r7b3bL2uh65zSCG82oADsVhmeCYcPEe9VDuGpgVbybdDMkLTNFwFP2yw9hMTgpWT3b39FUeXPX7XHeN2qfP,hold 150 slots,-0.08396519599710334
4DdrfiDHpmx55i4SPssxVzS9ZaKLb8qr45NKY9Er9nNh,4Ddrfi,26mjVANmPvnpwRd1Wnp5PLybEukbeW5pqnPw7ejepump,4N156r7b3bL2uh65zSCG82oADsVhmeCYcPEe9VDuGpgVbybdDMkLTNFwFP2yw9hMTgpWT3b39FUeXPX7XHeN2qfP,TP 10% / SL 10%,-0.08396519599710334
4DdrfiDHpmx55i4SPssxVzS9ZaKLb8qr45NKY9Er9nNh,4Ddrfi,26mjVANmPvnpwRd1Wnp5PLybEukbeW5pqnPw7ejepump,4N156r7b3bL2uh65zSCG82oADsVhmeCYcPEe9VDuGpgVbybdDMkLTNFwFP2yw9hMTgpWT3b39FUeXPX7XHeN2qfP,TP 20% / SL 10%,-0.08396519599710334
4DdrfiDHpmx55i4SPssxVzS9ZaKLb8qr45NKY9Er9nNh,4Ddrfi,26mjVANmPvnpwRd1Wnp5PLybEukbeW5pqnPw7ejepump,4N156r7b3bL2uh65zSCG82oADsVhmeCYcPEe9VDuGpgVbybdDMkLTNFwFP2yw9hMTgpWT3b39FUeXPX7XHeN2qfP,TP 30% / SL 15%,-0.08396519599710334
4DdrfiDHpmx55i4SPssxVzS9ZaKLb8qr45NKY9Er9nNh,4Ddrfi,26mjVANmPvnpwRd1Wnp5PLybEukbeW5pqnPw7ejepump,4N156r7b3bL2uh65zSCG82oADsVhmeCYcPEe9VDuGpgVbybdDMkLTNFwFP2yw9hMTgpWT3b39FUeXPX7XHeN2qfP,TP 50% / SL 25%,-0.08396519599710334
4DdrfiDHpmx55i4SPssxVzS9ZaKLb8qr45NKY9Er9nNh,4Ddrfi,26mjVANmPvnpwRd1Wnp5PLybEukbeW5pqnPw7ejepump,4N156r7b3bL2uh65zSCG82oADsVhmeCYcPEe9VDuGpgVbybdDMkLTNFwFP2yw9hMTgpWT3b39FUeXPX7XHeN2qfP,TP 100% / SL 30%,-0.08396519599710334
4DdrfiDHpmx55i4SPssxVzS9ZaKLb8qr45NKY9Er9nNh,4Ddrfi,GKVDiRswZroTfv7ukj9LR5XR4pLxYzZZ2HUTPqv7pump,4bz94SELU9kg9W1zPwgvKHvd3zzgN8gWaZVbshWDkj4CRAczNCptizRQGtZjYdsxbh2pHkqCFKjhW4kV3EMCappq,follow wallet,-0.4383048768025806
4DdrfiDHpmx55i4SPssxVzS9ZaKLb8qr45NKY9Er9nNh,4Ddrfi,GKVDiRswZroTfv7ukj9LR5XR4pLxYzZZ2HUTPqv7pump,4bz94SELU9kg9W1zPwgvKHvd3zzgN8gWaZVbshWDkj4CRAczNCptizRQGtZjYdsxbh2pHkqCFKjhW4kV3EMCappq,hold 1 slots,-0.04925627723116577
4DdrfiDHpmx55i4SPssxVzS9ZaKLb8qr45NKY9Er9nNh,4Ddrfi,GKVDiRswZroTfv7ukj9LR5XR4pLxYzZZ2HUTPqv7pump,4bz94SELU9kg9W1zPwgvKHvd3zzgN8gWaZVbshWDkj4CRAczNCptizRQGtZjYdsxbh2pHkqCFKjhW4kV3EMCappq,hold 3 slots,-0.08858712658452095
4DdrfiDHpmx55i4SPssxVzS9ZaKLb8qr45NKY9Er9nNh,4Ddrfi,GKVDiRswZroTfv7ukj9LR5XR4pLxYzZZ2HUTPqv7pump,4bz94SELU9kg9W1zPwgvKHvd3zzgN8gWaZVbshWDkj4CRAczNCptizRQGtZjYdsxbh2pHkqCFKjhW4kV3EMCappq,hold 5 slots,-0.08858712658452095
4DdrfiDHpmx55i4SPssxVzS9ZaKLb8qr45NKY9Er9nNh,4Ddrfi,GKVDiRswZroTfv7ukj9LR5XR4pLxYzZZ2HUTPqv7pump,4bz94SELU9kg9W1zPwgvKHvd3zzgN8gWaZVbshWDkj4CRAczNCptizRQGtZjYdsxbh2pHkqCFKjhW4kV3EMCappq,hold 12 slots,-0.09601731718520451
4DdrfiDHpmx55i4SPssxVzS9ZaKLb8qr45NKY9Er9nNh,4Ddrfi,GKVDiRswZroTfv7ukj9LR5XR4pLxYzZZ2HUTPqv7pump,4bz94SELU9kg9W1zPwgvKHvd3zzgN8gWaZVbshWDkj4CRAczNCptizRQGtZjYdsxbh2pHkqCFKjhW4kV3EMCappq,hold 25 slots,-0.12577134941719056
4DdrfiDHpmx55i4SPssxVzS9ZaKLb8qr45NKY9Er9nNh,4Ddrfi,GKVDiRswZroTfv7ukj9LR5XR4pLxYzZZ2HUTPqv7pump,4bz94SELU9kg9W1zPwgvKHvd3zzgN8gWaZVbshWDkj4CRAczNCptizRQGtZjYdsxbh2pHkqCFKjhW4kV3EMCappq,hold 50 slots,-0.09430530285099734
4DdrfiDHpmx55i4SPssxVzS9ZaKLb8qr45NKY9Er9nNh,4Ddrfi,GKVDiRswZroTfv7ukj9LR5XR4pLxYzZZ2HUTPqv7pump,4bz94SELU9kg9W1zPwgvKHvd3zzgN8gWaZVbshWDkj4CRAczNCptizRQGtZjYdsxbh2pHkqCFKjhW4kV3EMCappq,hold 75 slots,-0.11490307428518307
4DdrfiDHpmx55i4SPssxVzS9ZaKLb8qr45NKY9Er9nNh,4Ddrfi,GKVDiRswZroTfv7ukj9LR5XR4pLxYzZZ2HUTPqv7pump,4bz94SELU9kg9W1zPwgvKHvd3zzgN8gWaZVbshWDkj4CRAczNCptizRQGtZjYdsxbh2pHkqCFKjhW4kV3EMCappq,hold 150 slots,-0.16971607418252624
4DdrfiDHpmx55i4SPssxVzS9ZaKLb8qr45NKY9Er9nNh,4Ddrfi,GKVDiRswZroTfv7ukj9LR5XR4pLxYzZZ2HUTPqv7pump,4bz94SELU9kg9W1zPwgvKHvd3zzgN8gWaZVbshWDkj4CRAczNCptizRQGtZjYdsxbh2pHkqCFKjhW4kV3EMCappq,TP 10% / SL 10%,-0.12978815927516973
4DdrfiDHpmx55i4SPssxVzS9ZaKLb8qr45NKY9Er9nNh,4Ddrfi,GKVDiRswZroTfv7ukj9LR5XR4pLxYzZZ2HUTPqv7pump,4bz94SELU9kg9W1zPwgvKHvd3zzgN8gWaZVbshWDkj4CRAczNCptizRQGtZjYdsxbh2pHkqCFKjhW4kV3EMCappq,TP 20% / SL 10%,-0.12978815927516973
4DdrfiDHpmx55i4SPssxVzS9ZaKLb8qr45NKY9Er9nNh,4Ddrfi,GKVDiRswZroTfv7ukj9LR5XR4pLxYzZZ2HUTPqv7pump,4bz94SELU9kg9W1zPwgvKHvd3zzgN8gWaZVbshWDkj4CRAczNCptizRQGtZjYdsxbh2pHkqCFKjhW4kV3EMCappq,TP 30% / SL 15%,-0.15075286376138128
4DdrfiDHpmx55i4SPssxVzS9ZaKLb8qr45NKY9Er9nNh,4Ddrfi,GKVDiRswZroTfv7ukj9LR5XR4pLxYzZZ2HUTPqv7pump,4bz94SELU9kg9W1zPwgvKHvd3zzgN8gWaZVbshWDkj4CRAczNCptizRQGtZjYdsxbh2pHkqCFKjhW4kV3EMCappq,TP 50% / SL 25%,-0.16971607418252624
4DdrfiDHpmx55i4SPssxVzS9ZaKLb8qr45NKY9Er9nNh,4Ddrfi,GKVDiRswZroTfv7ukj9LR5XR4pLxYzZZ2HUTPqv7pump,4bz94SELU9kg9W1zPwgvKHvd3zzgN8gWaZVbshWDkj4CRAczNCptizRQGtZjYdsxbh2pHkqCFKjhW4kV3EMCappq,TP 100% / SL 30%,-0.16971607418252624
CXnf4Tt7qFz3KZNwn3Yve5MKaRyxGoAy2eDX3QT8e99m,CXnf4T,4urDDsAS3ndi6gdXVBhy95jxWfoYRNEBbsDuuQsHpump,29dy4YJ1ocsYnrNdHxhsXvix3jqawG5uKzBia4WJ8LQxauEwFamoLjxRSiHbvFP7J5p384wD41k7MRbsd5T1muRf,follow wallet,-0.10088831035263313
CXnf4Tt7qFz3KZNwn3Yve5MKaRyxGoAy2eDX3QT8e99m,CXnf4T,4urDDsAS3ndi6gdXVBhy95jxWfoYRNEBbsDuuQsHpump,29dy4YJ1ocsYnrNdHxhsXvix3jqawG5uKzBia4WJ8LQxauEwFamoLjxRSiHbvFP7J5p384wD41k7MRbsd5T1muRf,hold 1 slots,-0.03302684283671331
CXnf4Tt7qFz3KZNwn3Yve5MKaRyxGoAy2eDX3QT8e99m,CXnf4T,4urDDsAS3ndi6gdXVBhy95jxWfoYRNEBbsDuuQsHpump,29dy4YJ1ocsYnrNdHxhsXvix3jqawG5uKzBia4WJ8LQxauEwFamoLjxRSiHbvFP7J5p384wD41k7MRbsd5T1muRf,hold 3 slots,-0.02809137780728209
CXnf4Tt7qFz3KZNwn3Yve5MKaRyxGoAy2eDX3QT8e99m,CXnf4T,4urDDsAS3ndi6gdXVBhy95jxWfoYRNEBbsDuuQsHpump,29dy4YJ1ocsYnrNdHxhsXvix3jqawG5uKzBia4WJ8LQxauEwFamoLjxRSiHbvFP7J5p384wD41k7MRbsd5T1muRf,hold 5 slots,-0.02809137780728209
CXnf4Tt7qFz3KZNwn3Yve5MKaRyxGoAy2eDX3QT8e99m,CXnf4T,4urDDsAS3ndi6gdXVBhy95jxWfoYRNEBbsDuuQsHpump,29dy4YJ1ocsYnrNdHxhsXvix3jqawG5uKzBia4WJ8LQxauEwFamoLjxRSiHbvFP7J5p384wD41k7MRbsd5T1muRf,hold 12 slots,-0.02809137780728209
CXnf4Tt7qFz3KZNwn3Yve5MKaRyxGoAy2eDX3QT8e99m,CXnf4T,4urDDsAS3ndi6gdXVBhy95jxWfoYRNEBbsDuuQsHpump,29dy4YJ1ocsYnrNdHxhsXvix3jqawG5uKzBia4WJ8LQxauEwFamoLjxRSiHbvFP7J5p384wD41k7MRbsd5T1muRf,hold 25 slots,-0.02809137780728209
CXnf4Tt7qFz3KZNwn3Yve5MKaRyxGoAy2eDX3QT8e99m,CXnf4T,4urDDsAS3ndi6gdXVBhy95jxWfoYRNEBbsDuuQsHpump,29dy4YJ1ocsYnrNdHxhsXvix3jqawG5uKzBia4WJ8LQxauEwFamoLjxRSiHbvFP7J5p384wD41k7MRbsd5T1muRf,hold 50 slots,-0.02809137780728209
CXnf4Tt7qFz3KZNwn3Yve5MKaRyxGoAy2eDX3QT8e99m,CXnf4T,4urDDsAS3ndi6gdXVBhy95jxWfoYRNEBbsDuuQsHpump,29dy4YJ1ocsYnrNdHxhsXvix3jqawG5uKzBia4WJ8LQxauEwFamoLjxRSiHbvFP7J5p384wD41k7MRbsd5T1muRf,hold 75 slots,-0.030566865685593247
CXnf4Tt7qFz3KZNwn3Yve5MKaRyxGoAy2eDX3QT8e99m,CXnf4T,4urDDsAS3ndi6gdXVBhy95jxWfoYRNEBbsDuuQsHpump,29dy4YJ1ocsYnrNdHxhsXvix3jqawG5uKzBia4WJ8LQxauEwFamoLjxRSiHbvFP7J5p384wD41k7MRbsd5T1muRf,hold 150 slots,-0.030566865685593247
CXnf4Tt7qFz3KZNwn3Yve5MKaRyxGoAy2eDX3QT8e99m,CXnf4T,4urDDsAS3ndi6gdXVBhy95jxWfoYRNEBbsDuuQsHpump,29dy4YJ1ocsYnrNdHxhsXvix3jqawG5uKzBia4WJ8LQxauEwFamoLjxRSiHbvFP7J5p384wD41k7MRbsd5T1muRf,TP 10% / SL 10%,-0.030566865685593247
CXnf4Tt7qFz3KZNwn3Yve5MKaRyxGoAy2eDX3QT8e99m,CXnf4T,4urDDsAS3ndi6gdXVBhy95jxWfoYRNEBbsDuuQsHpump,29dy4YJ1ocsYnrNdHxhsXvix3jqawG5uKzBia4WJ8LQxauEwFamoLjxRSiHbvFP7J5p384wD41k7MRbsd5T1muRf,TP 20% / SL 10%,-0.030566865685593247
CXnf4Tt7qFz3KZNwn3Yve5MKaRyxGoAy2eDX3QT8e99m,CXnf4T,4urDDsAS3ndi6gdXVBhy95jxWfoYRNEBbsDuuQsHpump,29dy4YJ1ocsYnrNdHxhsXvix3jqawG5uKzBia4WJ8LQxauEwFamoLjxRSiHbvFP7J5p384wD41k7MRbsd5T1muRf,TP 30% / SL 15%,-0.030566865685593247
CXnf4Tt7qFz3KZNwn3Yve5MKaRyxGoAy2eDX3QT8e99m,CXnf4T,4urDDsAS3ndi6gdXVBhy95jxWfoYRNEBbsDuuQsHpump,29dy4YJ1ocsYnrNdHxhsXvix3jqawG5uKzBia4WJ8LQxauEwFamoLjxRSiHbvFP7J5p384wD41k7MRbsd5T1muRf,TP 50% / SL 25%,-0.030566865685593247
CXnf4Tt7qFz3KZNwn3Yve5MKaRyxGoAy2eDX3QT8e99m,CXnf4T,4urDDsAS3ndi6gdXVBhy95jxWfoYRNEBbsDuuQsHpump,29dy4YJ1ocsYnrNdHxhsXvix3jqawG5uKzBia4WJ8LQxauEwFamoLjxRSiHbvFP7J5p384wD41k7MRbsd5T1muRf,TP 100% / SL 30%,-0.030566865685593247
5dzH7gh5FjtrxUwtfBufJyTBA4fyCUGheZsdYQsE9vag,5dzH7g,BzA6JBKgH8qK3XzBpXUiF283jd1k7yCKzwJEiEFAhc68,36dBVXmhbHMDwfXmoBkPj4eiPeE3rWcR4hpiCC7qTyfH8cC6EKPy2jXqoT5QmYtcfNn8DCjQCGDfvamsmdXwoNyT,follow wallet,-0.08533132907433713
5dzH7gh5FjtrxUwtfBufJyTBA4fyCUGheZsdYQsE9vag,5dzH7g,BzA6JBKgH8qK3XzBpXUiF283jd1k7yCKzwJEiEFAhc68,36dBVXmhbHMDwfXmoBkPj4eiPeE3rWcR4hpiCC7qTyfH8cC6EKPy2jXqoT5QmYtcfNn8DCjQCGDfvamsmdXwoNyT,hold 1 slots,-0.010064650237099647
5dzH7gh5FjtrxUwtfBufJyTBA4fyCUGheZsdYQsE9vag,5dzH7g,BzA6JBKgH8qK3XzBpXUiF283jd1k7yCKzwJEiEFAhc68,36dBVXmhbHMDwfXmoBkPj4eiPeE3rWcR4hpiCC7qTyfH8cC6EKPy2jXqoT5QmYtcfNn8DCjQCGDfvamsmdXwoNyT,hold 3 slots,0.002805367737645864
5dzH7gh5FjtrxUwtfBufJyTBA4fyCUGheZsdYQsE9vag,5dzH7g,BzA6JBKgH8qK3XzBpXUiF283jd1k7yCKzwJEiEFAhc68,36dBVXmhbHMDwfXmoBkPj4eiPeE3rWcR4hpiCC7qTyfH8cC6EKPy2jXqoT5QmYtcfNn8DCjQCGDfvamsmdXwoNyT,hold 5 slots,0.00661605692794919
5dzH7gh5FjtrxUwtfBufJyTBA4fyCUGheZsdYQsE9vag,5dzH7g,BzA6JBKgH8qK3XzBpXUiF283jd1k7yCKzwJEiEFAhc68,36dBVXmhbHMDwfXmoBkPj4eiPeE3rWcR4hpiCC7qTyfH8cC6EKPy2jXqoT5QmYtcfNn8DCjQCGDfvamsmdXwoNyT,hold 12 slots,0.0104338801757251
5dzH7gh5FjtrxUwtfBufJyTBA4fyCUGheZsdYQsE9vag,5dzH7g,BzA6JBKgH8qK3XzBpXUiF283jd1k7yCKzwJEiEFAhc68,36dBVXmhbHMDwfXmoBkPj4eiPeE3rWcR4hpiCC7qTyfH8cC6EKPy2jXqoT5QmYtcfNn8DCjQCGDfvamsmdXwoNyT,hold 25 slots,-0.0022134463041968344
5dzH7gh5FjtrxUwtfBufJyTBA4fyCUGheZsdYQsE9vag,5dzH7g,BzA6JBKgH8qK3XzBpXUiF283jd1k7yCKzwJEiEFAhc68,36dBVXmhbHMDwfXmoBkPj4eiPeE3rWcR4hpiCC7qTyfH8cC6EKPy2jXqoT5QmYtcfNn8DCjQCGDfvamsmdXwoNyT,hold 50 slots,-0.0194798503958832
5dzH7gh5FjtrxUwtfBufJyTBA4fyCUGheZsdYQsE9vag,5dzH7g,BzA6JBKgH8qK3XzBpXUiF283jd1k7yCKzwJEiEFAhc68,36dBVXmhbHMDwfXmoBkPj4eiPeE3rWcR4hpiCC7qTyfH8cC6EKPy2jXqoT5QmYtcfNn8DCjQCGDfvamsmdXwoNyT,hold 75 slots,-0.04248353423519778
5dzH7gh5FjtrxUwtfBufJyTBA4fyCUGheZsdYQsE9vag,5dzH7g,BzA6JBKgH8qK3XzBpXUiF283jd1k7yCKzwJEiEFAhc68,36dBVXmhbHMDwfXmoBkPj4eiPeE3rWcR4hpiCC7qTyfH8cC6EKPy2jXqoT5QmYtcfNn8DCjQCGDfvamsmdXwoNyT,hold 150 slots,-0.07056014323248411
5dzH7gh5FjtrxUwtfBufJyTBA4fyCUGheZsdYQsE9vag,5dzH7g,BzA6JBKgH8qK3XzBpXUiF283jd1k7yCKzwJEiEFAhc68,36dBVXmhbHMDwfXmoBkPj4eiPeE3rWcR4hpiCC7qTyfH8cC6EKPy2jXqoT5QmYtcfNn8DCjQCGDfvamsmdXwoNyT,TP 10% / SL 10%,-0.07056014323248411
5dzH7gh5FjtrxUwtfBufJyTBA4fyCUGheZsdYQsE9vag,5dzH7g,BzA6JBKgH8qK3XzBpXUiF283jd1k7yCKzwJEiEFAhc68,36dBVXmhbHMDwfXmoBkPj4eiPeE3rWcR4hpiCC7qTyfH8cC6EKPy2jXqoT5QmYtcfNn8DCjQCGDfvamsmdXwoNyT,TP 20% / SL 10%,-0.07056014323248411
5dzH7gh5FjtrxUwtfBufJyTBA4fyCUGheZsdYQsE9vag,5dzH7g,BzA6JBKgH8qK3XzBpXUiF283jd1k7yCKzwJEiEFAhc68,36dBVXmhbHMDwfXmoBkPj4eiPeE3rWcR4hpiCC7qTyfH8cC6EKPy2jXqoT5QmYtcfNn8DCjQCGDfvamsmdXwoNyT,TP 30% / SL 15%,-0.07056014323248411
5dzH7gh5FjtrxUwtfBufJyTBA4fyCUGheZsdYQsE9vag,5dzH7g,BzA6JBKgH8qK3XzBpXUiF283jd1k7yCKzwJEiEFAhc68,36dBVXmhbHMDwfXmoBkPj4eiPeE3rWcR4hpiCC7qTyfH8cC6EKPy2jXqoT5QmYtcfNn8DCjQCGDfvamsmdXwoNyT,TP 50% / SL 25%,-0.07056014323248411
5dzH7gh5FjtrxUwtfBufJyTBA4fyCUGheZsdYQsE9vag,5dzH7g,BzA6JBKgH8qK3XzBpXUiF283jd1k7yCKzwJEiEFAhc68,36dBVXmhbHMDwfXmoBkPj4eiPeE3rWcR4hpiCC7qTyfH8cC6EKPy2jXqoT5QmYtcfNn8DCjQCGDfvamsmdXwoNyT,TP 100% / SL 30%,-0.07056014323248411
5dzH7gh5FjtrxUwtfBufJyTBA4fyCUGheZsdYQsE9vag,5dzH7g,J7kPg8nGo4C92sBrv3GmBUXd2YxntY6V6KEZArcBpump,4jUD7zj8dpeANeBU1T6siyxnF4hqdTEYXhsR8P446LwhFcjEzv8RDYFV9t5cX8jTTdCASrtXBACvPYgkuFkukVpQ,hold 1 slots,-0.051578476046417236
5dzH7gh5FjtrxUwtfBufJyTBA4fyCUGheZsdYQsE9vag,5dzH7g,J7kPg8nGo4C92sBrv3GmBUXd2YxntY6V6KEZArcBpump,4jUD7zj8dpeANeBU1T6siyxnF4hqdTEYXhsR8P446LwhFcjEzv8RDYFV9t5cX8jTTdCASrtXBACvPYgkuFkukVpQ,hold 3 slots,-0.0553686800848279
5dzH7gh5FjtrxUwtfBufJyTBA4fyCUGheZsdYQsE9vag,5dzH7g,J7kPg8nGo4C92sBrv3GmBUXd2YxntY6V6KEZArcBpump,4jUD7zj8dpeANeBU1T6siyxnF4hqdTEYXhsR8P446LwhFcjEzv8RDYFV9t5cX8jTTdCASrtXBACvPYgkuFkukVpQ,hold 5 slots,-0.0553686800848279
5dzH7gh5FjtrxUwtfBufJyTBA4fyCUGheZsdYQsE9vag,5dzH7g,J7kPg8nGo4C92sBrv3GmBUXd2YxntY6V6KEZArcBpump,4jUD7zj8dpeANeBU1T6siyxnF4hqdTEYXhsR8P446LwhFcjEzv8RDYFV9t5cX8jTTdCASrtXBACvPYgkuFkukVpQ,hold 12 slots,-0.08997341939066292
5dzH7gh5FjtrxUwtfBufJyTBA4fyCUGheZsdYQsE9vag,5dzH7g,J7kPg8nGo4C92sBrv3GmBUXd2YxntY6V6KEZArcBpump,4jUD7zj8dpeANeBU1T6siyxnF4hqdTEYXhsR8P446LwhFcjEzv8RDYFV9t5cX8jTTdCASrtXBACvPYgkuFkukVpQ,hold 25 slots,-0.08835907360498166
5dzH7gh5FjtrxUwtfBufJyTBA4fyCUGheZsdYQsE9vag,5dzH7g,J7kPg8nGo4C92sBrv3GmBUXd2YxntY6V6KEZArcBpump,4jUD7zj8dpeANeBU1T6siyxnF4hqdTEYXhsR8P446LwhFcjEzv8RDYFV9t5cX8jTTdCASrtXBACvPYgkuFkukVpQ,hold 50 slots,-0.1980806444756495
5dzH7gh5FjtrxUwtfBufJyTBA4fyCUGheZsdYQsE9vag,5dzH7g,J7kPg8nGo4C92sBrv3GmBUXd2YxntY6V6KEZArcBpump,4jUD7zj8dpeANeBU1T6siyxnF4hqdTEYXhsR8P446LwhFcjEzv8RDYFV9t5cX8jTTdCASrtXBACvPYgkuFkukVpQ,hold 75 slots,-0.05226831729805791
5dzH7gh5FjtrxUwtfBufJyTBA4fyCUGheZsdYQsE9vag,5dzH7g,J7kPg8nGo4C92sBrv3GmBUXd2YxntY6V6KEZArcBpump,4jUD7zj8dpeANeBU1T6siyxnF4hqdTEYXhsR8P446LwhFcjEzv8RDYFV9t5cX8jTTdCASrtXBACvPYgkuFkukVpQ,hold 150 slots,-0.028603439247603776
5dzH7gh5FjtrxUwtfBufJyTBA4fyCUGheZsdYQsE9vag,5dzH7g,J7kPg8nGo4C92sBrv3GmBUXd2YxntY6V6KEZArcBpump,4jUD7zj8dpeANeBU1T6siyxnF4hqdTEYXhsR8P446LwhFcjEzv8RDYFV9t5cX8jTTdCASrtXBACvPYgkuFkukVpQ,TP 10% / SL 10%,-0.1980806444756495
5dzH7gh5FjtrxUwtfBufJyTBA4fyCUGheZsdYQsE9vag,5dzH7g,J7kPg8nGo4C92sBrv3GmBUXd2YxntY6V6KEZArcBpump,4jUD7zj8dpeANeBU1T6siyxnF4hqdTEYXhsR8P446LwhFcjEzv8RDYFV9t5cX8jTTdCASrtXBACvPYgkuFkukVpQ,TP 20% / SL 10%,-0.1980806444756495
5dzH7gh5FjtrxUwtfBufJyTBA4fyCUGheZsdYQsE9vag,5dzH7g,J7kPg8nGo4C92sBrv3GmBUXd2YxntY6V6KEZArcBpump,4jUD7zj8dpeANeBU1T6siyxnF4hqdTEYXhsR8P446LwhFcjEzv8RDYFV9t5cX8jTTdCASrtXBACvPYgkuFkukVpQ,TP 30% / SL 15%,-0.1980806444756495
5dzH7gh5FjtrxUwtfBufJyTBA4fyCUGheZsdYQsE9vag,5dzH7g,J7kPg8nGo4C92sBrv3GmBUXd2YxntY6V6KEZArcBpump,4jUD7zj8dpeANeBU1T6siyxnF4hqdTEYXhsR8P446LwhFcjEzv8RDYFV9t5cX8jTTdCASrtXBACvPYgkuFkukVpQ,TP 50% / SL 25%,-0.028603439247603776
5dzH7gh5FjtrxUwtfBufJyTBA4fyCUGheZsdYQsE9vag,5dzH7g,J7kPg8nGo4C92sBrv3GmBUXd2YxntY6V6KEZArcBpump,4jUD7zj8dpeANeBU1T6siyxnF4hqdTEYXhsR8P446LwhFcjEzv8RDYFV9t5cX8jTTdCASrtXBACvPYgkuFkukVpQ,TP 100% / SL 30%,-0.028603439247603776
5dzH7gh5FjtrxUwtfBufJyTBA4fyCUGheZsdYQsE9vag,5dzH7g,8QXkTAZgso5W3kpgfoFypdRVh8rSrdrCq6U1vGuApump,2dPrQ5NbeGckhjDFgrfjXNZSt4W52WcdmyK67NFNeWtYJ2dWBFEbRxVxMYqzJ8r6vwbda6qiPx5ud3aaevFfLtS,follow wallet,-0.20392834275097776
5dzH7gh5FjtrxUwtfBufJyTBA4fyCUGheZsdYQsE9vag,5dzH7g,8QXkTAZgso5W3kpgfoFypdRVh8rSrdrCq6U1vGuApump,2dPrQ5NbeGckhjDFgrfjXNZSt4W52WcdmyK67NFNeWtYJ2dWBFEbRxVxMYqzJ8r6vwbda6qiPx5ud3aaevFfLtS,hold 1 slots,-0.048747314029441595
5dzH7gh5FjtrxUwtfBufJyTBA4fyCUGheZsdYQsE9vag,5dzH7g,8QXkTAZgso5W3kpgfoFypdRVh8rSrdrCq6U1vGuApump,2dPrQ5NbeGckhjDFgrfjXNZSt4W52WcdmyK67NFNeWtYJ2dWBFEbRxVxMYqzJ8r6vwbda6qiPx5ud3aaevFfLtS,hold 3 slots,-0.0813115447667023
5dzH7gh5FjtrxUwtfBufJyTBA4fyCUGheZsdYQsE9vag,5dzH7g,8QXkTAZgso5W3kpgfoFypdRVh8rSrdrCq6U1vGuApump,2dPrQ5NbeGckhjDFgrfjXNZSt4W52WcdmyK67NFNeWtYJ2dWBFEbRxVxMYqzJ8r6vwbda6qiPx5ud3aaevFfLtS,hold 5 slots,-0.06800047201932372
5dzH7gh5FjtrxUwtfBufJyTBA4fyCUGheZsdYQsE9vag,5dzH7g,8QXkTAZgso5W3kpgfoFypdRVh8rSrdrCq6U1vGuApump,2dPrQ5NbeGckhjDFgrfjXNZSt4W52WcdmyK67NFNeWtYJ2dWBFEbRxVxMYqzJ8r6vwbda6qiPx5ud3aaevFfLtS,hold 12 slots,-0.06800047201932372
5dzH7gh5FjtrxUwtfBufJyTBA4fyCUGheZsdYQsE9vag,5dzH7g,8QXkTAZgso5W3kpgfoFypdRVh8rSrdrCq6U1vGuApump,2dPrQ5NbeGckhjDFgrfjXNZSt4W52WcdmyK67NFNeWtYJ2dWBFEbRxVxMYqzJ8r6vwbda6qiPx5ud3aaevFfLtS,hold 25 slots,-0.13646139347398806
5dzH7gh5FjtrxUwtfBufJyTBA4fyCUGheZsdYQsE9vag,5dzH7g,8QXkTAZgso5W3kpgfoFypdRVh8rSrdrCq6U1vGuApump,2dPrQ5NbeGckhjDFgrfjXNZSt4W52WcdmyK67NFNeWtYJ2dWBFEbRxVxMYqzJ8r6vwbda6qiPx5ud3aaevFfLtS,hold 50 slots,-0.1335157235181525
5dzH7gh5FjtrxUwtfBufJyTBA4fyCUGheZsdYQsE9vag,5dzH7g,8QXkTAZgso5W3kpgfoFypdRVh8rSrdrCq6U1vGuApump,2dPrQ5NbeGckhjDFgrfjXNZSt4W52WcdmyK67NFNeWtYJ2dWBFEbRxVxMYqzJ8r6vwbda6qiPx5ud3aaevFfLtS,hold 75 slots,-0.1335157235181525
5dzH7gh5FjtrxUwtfBufJyTBA4fyCUGheZsdYQsE9vag,5dzH7g,8QXkTAZgso5W3kpgfoFypdRVh8rSrdrCq6U1vGuApump,2dPrQ5NbeGckhjDFgrfjXNZSt4W52WcdmyK67NFNeWtYJ2dWBFEbRxVxMYqzJ8r6vwbda6qiPx5ud3aaevFfLtS,hold 150 slots,-0.1056655181644727
5dzH7gh5FjtrxUwtfBufJyTBA4fyCUGheZsdYQsE9vag,5dzH7g,8QXkTAZgso5W3kpgfoFypdRVh8rSrdrCq6U1vGuApump,2dPrQ5NbeGckhjDFgrfjXNZSt4W52WcdmyK67NFNeWtYJ2dWBFEbRxVxMYqzJ8r6vwbda6qiPx5ud3aaevFfLtS,TP 10% / SL 10%,-0.13646139347398806
5dzH7gh5FjtrxUwtfBufJyTBA4fyCUGheZsdYQsE9vag,5dzH7g,8QXkTAZgso5W3kpgfoFypdRVh8rSrdrCq6U1vGuApump,2dPrQ5NbeGckhjDFgrfjXNZSt4W52WcdmyK67NFNeWtYJ2dWBFEbRxVxMYqzJ8r6vwbda6qiPx5ud3aaevFfLtS,TP 20% / SL 10%,-0.13646139347398806
5dzH7gh5FjtrxUwtfBufJyTBA4fyCUGheZsdYQsE9vag,5dzH7g,8QXkTAZgso5W3kpgfoFypdRVh8rSrdrCq6U1vGuApump,2dPrQ5NbeGckhjDFgrfjXNZSt4W52WcdmyK67NFNeWtYJ2dWBFEbRxVxMYqzJ8r6vwbda6qiPx5ud3aaevFfLtS,TP 30% / SL 15%,-0.1056655181644727
5dzH7gh5FjtrxUwtfBufJyTBA4fyCUGheZsdYQsE9vag,5dzH7g,8QXkTAZgso5W3kpgfoFypdRVh8rSrdrCq6U1vGuApump,2dPrQ5NbeGckhjDFgrfjXNZSt4W52WcdmyK67NFNeWtYJ2dWBFEbRxVxMYqzJ8r6vwbda6qiPx5ud3aaevFfLtS,TP 50% / SL 25%,-0.1056655181644727
5dzH7gh5FjtrxUwtfBufJyTBA4fyCUGheZsdYQsE9vag,5dzH7g,8QXkTAZgso5W3kpgfoFypdRVh8rSrdrCq6U1vGuApump,2dPrQ5NbeGckhjDFgrfjXNZSt4W52WcdmyK67NFNeWtYJ2dWBFEbRxVxMYqzJ8r6vwbda6qiPx5ud3aaevFfLtS,TP 100% / SL 30%,-0.1056655181644727
67Nwfi9hgwqhxGoovT2JGLU67uxfomLwQAWncjXXzU6U,67Nwfi,BRoSMhDGMdwtp1x7t5YZJ4crWUFZ87sHzJcg7LUJpump,37PWbhSy5i6h5yCmcHVVK9fE946btMGYBZJXwNVZ3WC8cA7Z8WC2MBcW9xT4jwMwPfL5c7CMwa9FRjqVWxqKyzbk,follow wallet,-0.5481013334806372
67Nwfi9hgwqhxGoovT2JGLU67uxfomLwQAWncjXXzU6U,67Nwfi,BRoSMhDGMdwtp1x7t5YZJ4crWUFZ87sHzJcg7LUJpump,37PWbhSy5i6h5yCmcHVVK9fE946btMGYBZJXwNVZ3WC8cA7Z8WC2MBcW9xT4jwMwPfL5c7CMwa9FRjqVWxqKyzbk,hold 1 slots,-0.020116584578449725
67Nwfi9hgwqhxGoovT2JGLU67uxfomLwQAWncjXXzU6U,67Nwfi,BRoSMhDGMdwtp1x7t5YZJ4crWUFZ87sHzJcg7LUJpump,37PWbhSy5i6h5yCmcHVVK9fE946btMGYBZJXwNVZ3WC8cA7Z8WC2MBcW9xT4jwMwPfL5c7CMwa9FRjqVWxqKyzbk,hold 3 slots,-0.08122386640229737
67Nwfi9hgwqhxGoovT2JGLU67uxfomLwQAWncjXXzU6U,67Nwfi,BRoSMhDGMdwtp1x7t5YZJ4crWUFZ87sHzJcg7LUJpump,37PWbhSy5i6h5yCmcHVVK9fE946btMGYBZJXwNVZ3WC8cA7Z8WC2MBcW9xT4jwMwPfL5c7CMwa9FRjqVWxqKyzbk,hold 5 slots,-0.06523622965630008
67Nwfi9hgwqhxGoovT2JGLU67uxfomLwQAWncjXXzU6U,67Nwfi,BRoSMhDGMdwtp1x7t5YZJ4crWUFZ87sHzJcg7LUJpump,37PWbhSy5i6h5yCmcHVVK9fE946btMGYBZJXwNVZ3WC8cA7Z8WC2MBcW9xT4jwMwPfL5c7CMwa9FRjqVWxqKyzbk,hold 12 slots,-0.05393209242829466
67Nwfi9hgwqhxGoovT2JGLU67uxfomLwQAWncjXXzU6U,67Nwfi,BRoSMhDGMdwtp1x7t5YZJ4crWUFZ87sHzJcg7LUJpump,37PWbhSy5i6h5yCmcHVVK9fE946btMGYBZJXwNVZ3WC8cA7Z8WC2MBcW9xT4jwMwPfL5c7CMwa9FRjqVWxqKyzbk,hold 25 slots,-0.20550123561846317
67Nwfi9hgwqhxGoovT2JGLU67uxfomLwQAWncjXXzU6U,67Nwfi,BRoSMhDGMdwtp1x7t5YZJ4crWUFZ87sHzJcg7LUJpump,37PWbhSy5i6h5yCmcHVVK9fE946btMGYBZJXwNVZ3WC8cA7Z8WC2MBcW9xT4jwMwPfL5c7CMwa9FRjqVWxqKyzbk,hold 50 slots,-0.3187050380594678
67Nwfi9hgwqhxGoovT2JGLU67uxfomLwQAWncjXXzU6U,67Nwfi,BRoSMhDGMdwtp1x7t5YZJ4crWUFZ87sHzJcg7LUJpump,37PWbhSy5i6h5yCmcHVVK9fE946btMGYBZJXwNVZ3WC8cA7Z8WC2MBcW9xT4jwMwPfL5c7CMwa9FRjqVWxqKyzbk,hold 75 slots,-0.2836156514392237
67Nwfi9hgwqhxGoovT2JGLU67uxfomLwQAWncjXXzU6U,67Nwfi,BRoSMhDGMdwtp1x7t5YZJ4crWUFZ87sHzJcg7LUJpump,37PWbhSy5i6h5yCmcHVVK9fE946btMGYBZJXwNVZ3WC8cA7Z8WC2MBcW9xT4jwMwPfL5c7CMwa9FRjqVWxqKyzbk,hold 150 slots,-0.4210206696781385
67Nwfi9hgwqhxGoovT2JGLU67uxfomLwQAWncjXXzU6U,67Nwfi,BRoSMhDGMdwtp1x7t5YZJ4crWUFZ87sHzJcg7LUJpump,37PWbhSy5i6h5yCmcHVVK9fE946btMGYBZJXwNVZ3WC8cA7Z8WC2MBcW9xT4jwMwPfL5c7CMwa9FRjqVWxqKyzbk,TP 10% / SL 10%,-0.1551770298605933
67Nwfi9hgwqhxGoovT2JGLU67uxfomLwQAWncjXXzU6U,67Nwfi,BRoSMhDGMdwtp1x7t5YZJ4crWUFZ87sHzJcg7LUJpump,37PWbhSy5i6h5yCmcHVVK9fE946btMGYBZJXwNVZ3WC8cA7Z8WC2MBcW9xT4jwMwPfL5c7CMwa9FRjqVWxqKyzbk,TP 20% / SL 10%,-0.1551770298605933
67Nwfi9hgwqhxGoovT2JGLU67uxfomLwQAWncjXXzU6U,67Nwfi,BRoSMhDGMdwtp1x7t5YZJ4crWUFZ87sHzJcg7LUJpump,37PWbhSy5i6h5yCmcHVVK9fE946btMGYBZJXwNVZ3WC8cA7Z8WC2MBcW9xT4jwMwPfL5c7CMwa9FRjqVWxqKyzbk,TP 30% / SL 15%,-0.1551770298605933
67Nwfi9hgwqhxGoovT2JGLU67uxfomLwQAWncjXXzU6U,67Nwfi,BRoSMhDGMdwtp1x7t5YZJ4crWUFZ87sHzJcg7LUJpump,37PWbhSy5i6h5yCmcHVVK9fE946btMGYBZJXwNVZ3WC8cA7Z8WC2MBcW9xT4jwMwPfL5c7CMwa9FRjqVWxqKyzbk,TP 50% / SL 25%,-0.33606963324346806
67Nwfi9hgwqhxGoovT2JGLU67uxfomLwQAWncjXXzU6U,67Nwfi,BRoSMhDGMdwtp1x7t5YZJ4crWUFZ87sHzJcg7LUJpump,37PWbhSy5i6h5yCmcHVVK9fE946btMGYBZJXwNVZ3WC8cA7Z8WC2MBcW9xT4jwMwPfL5c7CMwa9FRjqVWxqKyzbk,TP 100% / SL 30%,-0.33606963324346806
67Nwfi9hgwqhxGoovT2JGLU67uxfomLwQAWncjXXzU6U,67Nwfi,BXZTSaRAgDtPefLWCaVR4ersTst79FpbPoiztvGgpump,5fCaAoXXBJVLK4dSH2FvuZRFzr3hgE22NG7Ts5x5Cw1B1tgBFez62ifWfZS2Ff5GhNffFDcmebNp1ZPMJ9SvyV9Y,hold 1 slots,-0.022918985456671717
67Nwfi9hgwqhxGoovT2JGLU67uxfomLwQAWncjXXzU6U,67Nwfi,BXZTSaRAgDtPefLWCaVR4ersTst79FpbPoiztvGgpump,5fCaAoXXBJVLK4dSH2FvuZRFzr3hgE22NG7Ts5x5Cw1B1tgBFez62ifWfZS2Ff5GhNffFDcmebNp1ZPMJ9SvyV9Y,hold 3 slots,0.04625345574134707
67Nwfi9hgwqhxGoovT2JGLU67uxfomLwQAWncjXXzU6U,67Nwfi,BXZTSaRAgDtPefLWCaVR4ersTst79FpbPoiztvGgpump,5fCaAoXXBJVLK4dSH2FvuZRFzr3hgE22NG7Ts5x5Cw1B1tgBFez62ifWfZS2Ff5GhNffFDcmebNp1ZPMJ9SvyV9Y,hold 5 slots,0.04625345574134707
67Nwfi9hgwqhxGoovT2JGLU67uxfomLwQAWncjXXzU6U,67Nwfi,BXZTSaRAgDtPefLWCaVR4ersTst79FpbPoiztvGgpump,5fCaAoXXBJVLK4dSH2FvuZRFzr3hgE22NG7Ts5x5Cw1B1tgBFez62ifWfZS2Ff5GhNffFDcmebNp1ZPMJ9SvyV9Y,hold 12 slots,0.04625345574134707
67Nwfi9hgwqhxGoovT2JGLU67uxfomLwQAWncjXXzU6U,67Nwfi,BXZTSaRAgDtPefLWCaVR4ersTst79FpbPoiztvGgpump,5fCaAoXXBJVLK4dSH2FvuZRFzr3hgE22NG7Ts5x5Cw1B1tgBFez62ifWfZS2Ff5GhNffFDcmebNp1ZPMJ9SvyV9Y,hold 25 slots,0.05082710772286069
67Nwfi9hgwqhxGoovT2JGLU67uxfomLwQAWncjXXzU6U,67Nwfi,BXZTSaRAgDtPefLWCaVR4ersTst79FpbPoiztvGgpump,5fCaAoXXBJVLK4dSH2FvuZRFzr3hgE22NG7Ts5x5Cw1B1tgBFez62ifWfZS2Ff5GhNffFDcmebNp1ZPMJ9SvyV9Y,hold 50 slots,0.04700339895433044
67Nwfi9hgwqhxGoovT2JGLU67uxfomLwQAWncjXXzU6U,67Nwfi,BXZTSaRAgDtPefLWCaVR4ersTst79FpbPoiztvGgpump,5fCaAoXXBJVLK4dSH2FvuZRFzr3hgE22NG7Ts5x5Cw1B1tgBFez62ifWfZS2Ff5GhNffFDcmebNp1ZPMJ9SvyV9Y,hold 75 slots,0.7316824532002258
67Nwfi9hgwqhxGoovT2JGLU67uxfomLwQAWncjXXzU6U,67Nwfi,BXZTSaRAgDtPefLWCaVR4ersTst79FpbPoiztvGgpump,5fCaAoXXBJVLK4dSH2FvuZRFzr3hgE22NG7Ts5x5Cw1B1tgBFez62ifWfZS2Ff5GhNffFDcmebNp1ZPMJ9SvyV9Y,hold 150 slots,0.527419488795553
67Nwfi9hgwqhxGoovT2JGLU67uxfomLwQAWncjXXzU6U,67Nwfi,BXZTSaRAgDtPefLWCaVR4ersTst79FpbPoiztvGgpump,5fCaAoXXBJVLK4dSH2FvuZRFzr3hgE22NG7Ts5x5Cw1B1tgBFez62ifWfZS2Ff5GhNffFDcmebNp1ZPMJ9SvyV9Y,TP 10% / SL 10%,0.7316824532002258
67Nwfi9hgwqhxGoovT2JGLU67uxfomLwQAWncjXXzU6U,67Nwfi,BXZTSaRAgDtPefLWCaVR4ersTst79FpbPoiztvGgpump,5fCaAoXXBJVLK4dSH2FvuZRFzr3hgE22NG7Ts5x5Cw1B1tgBFez62ifWfZS2Ff5GhNffFDcmebNp1ZPMJ9SvyV9Y,TP 20% / SL 10%,0.7316824532002258
67Nwfi9hgwqhxGoovT2JGLU67uxfomLwQAWncjXXzU6U,67Nwfi,BXZTSaRAgDtPefLWCaVR4ersTst79FpbPoiztvGgpump,5fCaAoXXBJVLK4dSH2FvuZRFzr3hgE22NG7Ts5x5Cw1B1tgBFez62ifWfZS2Ff5GhNffFDcmebNp1ZPMJ9SvyV9Y,TP 30% / SL 15%,0.7316824532002258
67Nwfi9hgwqhxGoovT2JGLU67uxfomLwQAWncjXXzU6U,67Nwfi,BXZTSaRAgDtPefLWCaVR4ersTst79FpbPoiztvGgpump,5fCaAoXXBJVLK4dSH2FvuZRFzr3hgE22NG7Ts5x5Cw1B1tgBFez62ifWfZS2Ff5GhNffFDcmebNp1ZPMJ9SvyV9Y,TP 50% / SL 25%,0.7316824532002258
67Nwfi9hgwqhxGoovT2JGLU67uxfomLwQAWncjXXzU6U,67Nwfi,BXZTSaRAgDtPefLWCaVR4ersTst79FpbPoiztvGgpump,5fCaAoXXBJVLK4dSH2FvuZRFzr3hgE22NG7Ts5x5Cw1B1tgBFez62ifWfZS2Ff5GhNffFDcmebNp1ZPMJ9SvyV9Y,TP 100% / SL 30%,0.527419488795553
67Nwfi9hgwqhxGoovT2JGLU67uxfomLwQAWncjXXzU6U,67Nwfi,95ccfn4UAUu3mQSvi7NJSJkHEnoLdW58qcRwwzmepump,9qERMDpsjUzFQzqneL1SVaHXUEyFG4wvkdiGG6CnBRAkMgNJpLVXxvscfEdpoTTUtanvsabvYAmR663VkUmF9wV,follow wallet,-0.09549161832429814
67Nwfi9hgwqhxGoovT2JGLU67uxfomLwQAWncjXXzU6U,67Nwfi,95ccfn4UAUu3mQSvi7NJSJkHEnoLdW58qcRwwzmepump,9qERMDpsjUzFQzqneL1SVaHXUEyFG4wvkdiGG6CnBRAkMgNJpLVXxvscfEdpoTTUtanvsabvYAmR663VkUmF9wV,hold 1 slots,-0.05172140927502811
67Nwfi9hgwqhxGoovT2JGLU67uxfomLwQAWncjXXzU6U,67Nwfi,95ccfn4UAUu3mQSvi7NJSJkHEnoLdW58qcRwwzmepump,9qERMDpsjUzFQzqneL1SVaHXUEyFG4wvkdiGG6CnBRAkMgNJpLVXxvscfEdpoTTUtanvsabvYAmR663VkUmF9wV,hold 3 slots,-0.12553747568093634
67Nwfi9hgwqhxGoovT2JGLU67uxfomLwQAWncjXXzU6U,67Nwfi,95ccfn4UAUu3mQSvi7NJSJkHEnoLdW58qcRwwzmepump,9qERMDpsjUzFQzqneL1SVaHXUEyFG4wvkdiGG6CnBRAkMgNJpLVXxvscfEdpoTTUtanvsabvYAmR663VkUmF9wV,hold 5 slots,-0.11279853543082893
67Nwfi9hgwqhxGoovT2JGLU67uxfomLwQAWncjXXzU6U,67Nwfi,95ccfn4UAUu3mQSvi7NJSJkHEnoLdW58qcRwwzmepump,9qERMDpsjUzFQzqneL1SVaHXUEyFG4wvkdiGG6CnBRAkMgNJpLVXxvscfEdpoTTUtanvsabvYAmR663VkUmF9wV,hold 12 slots,-0.10833372235237551
67Nwfi9hgwqhxGoovT2JGLU67uxfomLwQAWncjXXzU6U,67Nwfi,95ccfn4UAUu3mQSvi7NJSJkHEnoLdW58qcRwwzmepump,9qERMDpsjUzFQzqneL1SVaHXUEyFG4wvkdiGG6CnBRAkMgNJpLVXxvscfEdpoTTUtanvsabvYAmR663VkUmF9wV,hold 25 slots,0.12641262719081783
67Nwfi9hgwqhxGoovT2JGLU67uxfomLwQAWncjXXzU6U,67Nwfi,95ccfn4UAUu3mQSvi7NJSJkHEnoLdW58qcRwwzmepump,9qERMDpsjUzFQzqneL1SVaHXUEyFG4wvkdiGG6CnBRAkMgNJpLVXxvscfEdpoTTUtanvsabvYAmR663VkUmF9wV,hold 50 slots,0.22533324131494878
67Nwfi9hgwqhxGoovT2JGLU67uxfomLwQAWncjXXzU6U,67Nwfi,95ccfn4UAUu3mQSvi7NJSJkHEnoLdW58qcRwwzmepump,9qERMDpsjUzFQzqneL1SVaHXUEyFG4wvkdiGG6CnBRAkMgNJpLVXxvscfEdpoTTUtanvsabvYAmR663VkUmF9wV,hold 75 slots,0.2185768670439477
67Nwfi9hgwqhxGoovT2JGLU67uxfomLwQAWncjXXzU6U,67Nwfi,95ccfn4UAUu3mQSvi7NJSJkHEnoLdW58qcRwwzmepump,9qERMDpsjUzFQzqneL1SVaHXUEyFG4wvkdiGG6CnBRAkMgNJpLVXxvscfEdpoTTUtanvsabvYAmR663VkUmF9wV,hold 150 slots,0.1923309305440929
67Nwfi9hgwqhxGoovT2JGLU67uxfomLwQAWncjXXzU6U,67Nwfi,95ccfn4UAUu3mQSvi7NJSJkHEnoLdW58qcRwwzmepump,9qERMDpsjUzFQzqneL1SVaHXUEyFG4wvkdiGG6CnBRAkMgNJpLVXxvscfEdpoTTUtanvsabvYAmR663VkUmF9wV,TP 10% / SL 10%,-0.1281210919646405
67Nwfi9hgwqhxGoovT2JGLU67uxfomLwQAWncjXXzU6U,67Nwfi,95ccfn4UAUu3mQSvi7NJSJkHEnoLdW58qcRwwzmepump,9qERMDpsjUzFQzqneL1SVaHXUEyFG4wvkdiGG6CnBRAkMgNJpLVXxvscfEdpoTTUtanvsabvYAmR663VkUmF9wV,TP 20% / SL 10%,-0.1281210919646405
67Nwfi9hgwqhxGoovT2JGLU67uxfomLwQAWncjXXzU6U,67Nwfi,95ccfn4UAUu3mQSvi7NJSJkHEnoLdW58qcRwwzmepump,9qERMDpsjUzFQzqneL1SVaHXUEyFG4wvkdiGG6CnBRAkMgNJpLVXxvscfEdpoTTUtanvsabvYAmR663VkUmF9wV,TP 30% / SL 15%,0.1923309305440929
67Nwfi9hgwqhxGoovT2JGLU67uxfomLwQAWncjXXzU6U,67Nwfi,95ccfn4UAUu3mQSvi7NJSJkHEnoLdW58qcRwwzmepump,9qERMDpsjUzFQzqneL1SVaHXUEyFG4wvkdiGG6CnBRAkMgNJpLVXxvscfEdpoTTUtanvsabvYAmR663VkUmF9wV,TP 50% / SL 25%,0.1923309305440929
67Nwfi9hgwqhxGoovT2JGLU67uxfomLwQAWncjXXzU6U,67Nwfi,95ccfn4UAUu3mQSvi7NJSJkHEnoLdW58qcRwwzmepump,9qERMDpsjUzFQzqneL1SVaHXUEyFG4wvkdiGG6CnBRAkMgNJpLVXxvscfEdpoTTUtanvsabvYAmR663VkUmF9wV,TP 100% / SL 30%,0.1923309305440929
67Nwfi9hgwqhxGoovT2JGLU67uxfomLwQAWncjXXzU6U,67Nwfi,Gyk9Z93Ri2JUjqES9HTpc7pxCJTLD7vhBhEjBhyApump,2VBJWBSsDauD44cfjQnaQqu4kvpiEiWfK7aUVqXicgi2STXUCLnJdxSc7KkvANx7L7dem6JiFyxt2njjZLopX6UJ,hold 1 slots,-0.05603614699385261
67Nwfi9hgwqhxGoovT2JGLU67uxfomLwQAWncjXXzU6U,67Nwfi,Gyk9Z93Ri2JUjqES9HTpc7pxCJTLD7vhBhEjBhyApump,2VBJWBSsDauD44cfjQnaQqu4kvpiEiWfK7aUVqXicgi2STXUCLnJdxSc7KkvANx7L7dem6JiFyxt2njjZLopX6UJ,hold 3 slots,-0.0574640934638691
67Nwfi9hgwqhxGoovT2JGLU67uxfomLwQAWncjXXzU6U,67Nwfi,Gyk9Z93Ri2JUjqES9HTpc7pxCJTLD7vhBhEjBhyApump,2VBJWBSsDauD44cfjQnaQqu4kvpiEiWfK7aUVqXicgi2STXUCLnJdxSc7KkvANx7L7dem6JiFyxt2njjZLopX6UJ,hold 5 slots,-0.0574640934638691
67Nwfi9hgwqhxGoovT2JGLU67uxfomLwQAWncjXXzU6U,67Nwfi,Gyk9Z93Ri2JUjqES9HTpc7pxCJTLD7vhBhEjBhyApump,2VBJWBSsDauD44cfjQnaQqu4kvpiEiWfK7aUVqXicgi2STXUCLnJdxSc7KkvANx7L7dem6JiFyxt2njjZLopX6UJ,hold 12 slots,-0.060428710016996505
67Nwfi9hgwqhxGoovT2JGLU67uxfomLwQAWncjXXzU6U,67Nwfi,Gyk9Z93Ri2JUjqES9HTpc7pxCJTLD7vhBhEjBhyApump,2VBJWBSsDauD44cfjQnaQqu4kvpiEiWfK7aUVqXicgi2STXUCLnJdxSc7KkvANx7L7dem6JiFyxt2njjZLopX6UJ,hold 25 slots,-0.09561636302168525
67Nwfi9hgwqhxGoovT2JGLU67uxfomLwQAWncjXXzU6U,67Nwfi,Gyk9Z93Ri2JUjqES9HTpc7pxCJTLD7vhBhEjBhyApump,2VBJWBSsDauD44cfjQnaQqu4kvpiEiWfK7aUVqXicgi2STXUCLnJdxSc7KkvANx7L7dem6JiFyxt2njjZLopX6UJ,hold 50 slots,-0.10221654046492124
67Nwfi9hgwqhxGoovT2JGLU67uxfomLwQAWncjXXzU6U,67Nwfi,Gyk9Z93Ri2JUjqES9HTpc7pxCJTLD7vhBhEjBhyApump,2VBJWBSsDauD44cfjQnaQqu4kvpiEiWfK7aUVqXicgi2STXUCLnJdxSc7KkvANx7L7dem6JiFyxt2njjZLopX6UJ,hold 75 slots,-0.10934577689690006
67Nwfi9hgwqhxGoovT2JGLU67uxfomLwQAWncjXXzU6U,67Nwfi,Gyk9Z93Ri2JUjqES9HTpc7pxCJTLD7vhBhEjBhyApump,2VBJWBSsDauD44cfjQnaQqu4kvpiEiWfK7aUVqXicgi2STXUCLnJdxSc7KkvANx7L7dem6JiFyxt2njjZLopX6UJ,hold 150 slots,-0.11993996675614071
67Nwfi9hgwqhxGoovT2JGLU67uxfomLwQAWncjXXzU6U,67Nwfi,Gyk9Z93Ri2JUjqES9HTpc7pxCJTLD7vhBhEjBhyApump,2VBJWBSsDauD44cfjQnaQqu4kvpiEiWfK7aUVqXicgi2STXUCLnJdxSc7KkvANx7L7dem6JiFyxt2njjZLopX6UJ,TP 10% / SL 10%,-0.10221654046492124
67Nwfi9hgwqhxGoovT2JGLU67uxfomLwQAWncjXXzU6U,67Nwfi,Gyk9Z93Ri2JUjqES9HTpc7pxCJTLD7vhBhEjBhyApump,2VBJWBSsDauD44cfjQnaQqu4kvpiEiWfK7aUVqXicgi2STXUCLnJdxSc7KkvANx7L7dem6JiFyxt2njjZLopX6UJ,TP 20% / SL 10%,-0.10221654046492124
67Nwfi9hgwqhxGoovT2JGLU67uxfomLwQAWncjXXzU6U,67Nwfi,Gyk9Z93Ri2JUjqES9HTpc7pxCJTLD7vhBhEjBhyApump,2VBJWBSsDauD44cfjQnaQqu4kvpiEiWfK7aUVqXicgi2STXUCLnJdxSc7KkvANx7L7dem6JiFyxt2njjZLopX6UJ,TP 30% / SL 15%,-0.11993996675614071
67Nwfi9hgwqhxGoovT2JGLU67uxfomLwQAWncjXXzU6U,67Nwfi,Gyk9Z93Ri2JUjqES9HTpc7pxCJTLD7vhBhEjBhyApump,2VBJWBSsDauD44cfjQnaQqu4kvpiEiWfK7aUVqXicgi2STXUCLnJdxSc7KkvANx7L7dem6JiFyxt2njjZLopX6UJ,TP 50% / SL 25%,-0.11993996675614071
67Nwfi9hgwqhxGoovT2JGLU67uxfomLwQAWncjXXzU6U,67Nwfi,Gyk9Z93Ri2JUjqES9HTpc7pxCJTLD7vhBhEjBhyApump,2VBJWBSsDauD44cfjQnaQqu4kvpiEiWfK7aUVqXicgi2STXUCLnJdxSc7KkvANx7L7dem6JiFyxt2njjZLopX6UJ,TP 100% / SL 30%,-0.11993996675614071
67Nwfi9hgwqhxGoovT2JGLU67uxfomLwQAWncjXXzU6U,67Nwfi,FDJqEqqS68jummd8XGtBqzJTu2Pgc3pGQjozrpUzpump,4PBC3zXXzyAVhnNeSDfwHD6sgQCuJJTCBGsPdeWFmLjReYghuKE5pLcURmXAScMQ6n8Js4kvyUZsn44SQ5jJofji,hold 1 slots,-0.01427833134621215
67Nwfi9hgwqhxGoovT2JGLU67uxfomLwQAWncjXXzU6U,67Nwfi,FDJqEqqS68jummd8XGtBqzJTu2Pgc3pGQjozrpUzpump,4PBC3zXXzyAVhnNeSDfwHD6sgQCuJJTCBGsPdeWFmLjReYghuKE5pLcURmXAScMQ6n8Js4kvyUZsn44SQ5jJofji,hold 3 slots,-0.01427833134621215
67Nwfi9hgwqhxGoovT2JGLU67uxfomLwQAWncjXXzU6U,67Nwfi,FDJqEqqS68jummd8XGtBqzJTu2Pgc3pGQjozrpUzpump,4PBC3zXXzyAVhnNeSDfwHD6sgQCuJJTCBGsPdeWFmLjReYghuKE5pLcURmXAScMQ6n8Js4kvyUZsn44SQ5jJofji,hold 5 slots,-0.011554314747076988
67Nwfi9hgwqhxGoovT2JGLU67uxfomLwQAWncjXXzU6U,67Nwfi,FDJqEqqS68jummd8XGtBqzJTu2Pgc3pGQjozrpUzpump,4PBC3zXXzyAVhnNeSDfwHD6sgQCuJJTCBGsPdeWFmLjReYghuKE5pLcURmXAScMQ6n8Js4kvyUZsn44SQ5jJofji,hold 12 slots,-0.011554314747076988
67Nwfi9hgwqhxGoovT2JGLU67uxfomLwQAWncjXXzU6U,67Nwfi,FDJqEqqS68jummd8XGtBqzJTu2Pgc3pGQjozrpUzpump,4PBC3zXXzyAVhnNeSDfwHD6sgQCuJJTCBGsPdeWFmLjReYghuKE5pLcURmXAScMQ6n8Js4kvyUZsn44SQ5jJofji,hold 25 slots,-0.011554314747076988
67Nwfi9hgwqhxGoovT2JGLU67uxfomLwQAWncjXXzU6U,67Nwfi,FDJqEqqS68jummd8XGtBqzJTu2Pgc3pGQjozrpUzpump,4PBC3zXXzyAVhnNeSDfwHD6sgQCuJJTCBGsPdeWFmLjReYghuKE5pLcURmXAScMQ6n8Js4kvyUZsn44SQ5jJofji,hold 50 slots,-0.011554314747076988
67Nwfi9hgwqhxGoovT2JGLU67uxfomLwQAWncjXXzU6U,67Nwfi,FDJqEqqS68jummd8XGtBqzJTu2Pgc3pGQjozrpUzpump,4PBC3zXXzyAVhnNeSDfwHD6sgQCuJJTCBGsPdeWFmLjReYghuKE5pLcURmXAScMQ6n8Js4kvyUZsn44SQ5jJofji,hold 75 slots,-0.03283274835340273
67Nwfi9hgwqhxGoovT2JGLU67uxfomLwQAWncjXXzU6U,67Nwfi,FDJqEqqS68jummd8XGtBqzJTu2Pgc3pGQjozrpUzpump,4PBC3zXXzyAVhnNeSDfwHD6sgQCuJJTCBGsPdeWFmLjReYghuKE5pLcURmXAScMQ6n8Js4kvyUZsn44SQ5jJofji,hold 150 slots,-0.0469913484380182
67Nwfi9hgwqhxGoovT2JGLU67uxfomLwQAWncjXXzU6U,67Nwfi,FDJqEqqS68jummd8XGtBqzJTu2Pgc3pGQjozrpUzpump,4PBC3zXXzyAVhnNeSDfwHD6sgQCuJJTCBGsPdeWFmLjReYghuKE5pLcURmXAScMQ6n8Js4kvyUZsn44SQ5jJofji,TP 10% / SL 10%,-0.0469913484380182
67Nwfi9hgwqhxGoovT2JGLU67uxfomLwQAWncjXXzU6U,67Nwfi,FDJqEqqS68jummd8XGtBqzJTu2Pgc3pGQjozrpUzpump,4PBC3zXXzyAVhnNeSDfwHD6sgQCuJJTCBGsPdeWFmLjReYghuKE5pLcURmXAScMQ6n8Js4kvyUZsn44SQ5jJofji,TP 20% / SL 10%,-0.0469913484380182
67Nwfi9hgwqhxGoovT2JGLU67uxfomLwQAWncjXXzU6U,67Nwfi,FDJqEqqS68jummd8XGtBqzJTu2Pgc3pGQjozrpUzpump,4PBC3zXXzyAVhnNeSDfwHD6sgQCuJJTCBGsPdeWFmLjReYghuKE5pLcURmXAScMQ6n8Js4kvyUZsn44SQ5jJofji,TP 30% / SL 15%,-0.0469913484380182
67Nwfi9hgwqhxGoovT2JGLU67uxfomLwQAWncjXXzU6U,67Nwfi,FDJqEqqS68jummd8XGtBqzJTu2Pgc3pGQjozrpUzpump,4PBC3zXXzyAVhnNeSDfwHD6sgQCuJJTCBGsPdeWFmLjReYghuKE5pLcURmXAScMQ6n8Js4kvyUZsn44SQ5jJofji,TP 50% / SL 25%,-0.0469913484380182
67Nwfi9hgwqhxGoovT2JGLU67uxfomLwQAWncjXXzU6U,67Nwfi,FDJqEqqS68jummd8XGtBqzJTu2Pgc3pGQjozrpUzpump,4PBC3zXXzyAVhnNeSDfwHD6sgQCuJJTCBGsPdeWFmLjReYghuKE5pLcURmXAScMQ6n8Js4kvyUZsn44SQ5jJofji,TP 100% / SL 30%,-0.0469913484380182
7zTnUTHMd5qFUpZrrbXazpvGwC1Hvb3g5rFjnFAygLSo,7zTnUT,C3YejhEdDoqBw3tLV8RQkQ7nDnsjWijMzHgGZ5gLpump,txqKmMaD5MhdTWyMCDzXWxE5ikMK7x4TQ6E94N2fe8oeGnuDipvnsZzcCXi4FFNKxvsaxRCi4p42UqKnoPvNYnh,follow wallet,-0.4551260775910351
7zTnUTHMd5qFUpZrrbXazpvGwC1Hvb3g5rFjnFAygLSo,7zTnUT,C3YejhEdDoqBw3tLV8RQkQ7nDnsjWijMzHgGZ5gLpump,txqKmMaD5MhdTWyMCDzXWxE5ikMK7x4TQ6E94N2fe8oeGnuDipvnsZzcCXi4FFNKxvsaxRCi4p42UqKnoPvNYnh,hold 1 slots,-0.04895992213567817
7zTnUTHMd5qFUpZrrbXazpvGwC1Hvb3g5rFjnFAygLSo,7zTnUT,C3YejhEdDoqBw3tLV8RQkQ7nDnsjWijMzHgGZ5gLpump,txqKmMaD5MhdTWyMCDzXWxE5ikMK7x4TQ6E94N2fe8oeGnuDipvnsZzcCXi4FFNKxvsaxRCi4p42UqKnoPvNYnh,hold 3 slots,-0.05641876089105654
7zTnUTHMd5qFUpZrrbXazpvGwC1Hvb3g5rFjnFAygLSo,7zTnUT,C3YejhEdDoqBw3tLV8RQkQ7nDnsjWijMzHgGZ5gLpump,txqKmMaD5MhdTWyMCDzXWxE5ikMK7x4TQ6E94N2fe8oeGnuDipvnsZzcCXi4FFNKxvsaxRCi4p42UqKnoPvNYnh,hold 5 slots,-0.05641876089105654
7zTnUTHMd5qFUpZrrbXazpvGwC1Hvb3g5rFjnFAygLSo,7zTnUT,C3YejhEdDoqBw3tLV8RQkQ7nDnsjWijMzHgGZ5gLpump,txqKmMaD5MhdTWyMCDzXWxE5ikMK7x4TQ6E94N2fe8oeGnuDipvnsZzcCXi4FFNKxvsaxRCi4p42UqKnoPvNYnh,hold 12 slots,-0.05719446221884644
7zTnUTHMd5qFUpZrrbXazpvGwC1Hvb3g5rFjnFAygLSo,7zTnUT,C3YejhEdDoqBw3tLV8RQkQ7nDnsjWijMzHgGZ5gLpump,txqKmMaD5MhdTWyMCDzXWxE5ikMK7x4TQ6E94N2fe8oeGnuDipvnsZzcCXi4FFNKxvsaxRCi4p42UqKnoPvNYnh,hold 25 slots,-0.08555205677339542
7zTnUTHMd5qFUpZrrbXazpvGwC1Hvb3g5rFjnFAygLSo,7zTnUT,C3YejhEdDoqBw3tLV8RQkQ7nDnsjWijMzHgGZ5gLpump,txqKmMaD5MhdTWyMCDzXWxE5ikMK7x4TQ6E94N2fe8oeGnuDipvnsZzcCXi4FFNKxvsaxRCi4p42UqKnoPvNYnh,hold 50 slots,-0.1171043255800196
7zTnUTHMd5qFUpZrrbXazpvGwC1Hvb3g5rFjnFAygLSo,7zTnUT,C3YejhEdDoqBw3tLV8RQkQ7nDnsjWijMzHgGZ5gLpump,txqKmMaD5MhdTWyMCDzXWxE5ikMK7x4TQ6E94N2fe8oeGnuDipvnsZzcCXi4FFNKxvsaxRCi4p42UqKnoPvNYnh,hold 75 slots,-0.13228263227642453
7zTnUTHMd5qFUpZrrbXazpvGwC1Hvb3g5rFjnFAygLSo,7zTnUT,C3YejhEdDoqBw3tLV8RQkQ7nDnsjWijMzHgGZ5gLpump,txqKmMaD5MhdTWyMCDzXWxE5ikMK7x4TQ6E94N2fe8oeGnuDipvnsZzcCXi4FFNKxvsaxRCi4p42UqKnoPvNYnh,hold 150 slots,-0.06372356711284125
7zTnUTHMd5qFUpZrrbXazpvGwC1Hvb3g5rFjnFAygLSo,7zTnUT,C3YejhEdDoqBw3tLV8RQkQ7nDnsjWijMzHgGZ5gLpump,txqKmMaD5MhdTWyMCDzXWxE5ikMK7x4TQ6E94N2fe8oeGnuDipvnsZzcCXi4FFNKxvsaxRCi4p42UqKnoPvNYnh,TP 10% / SL 10%,-0.1171043255800196
7zTnUTHMd5qFUpZrrbXazpvGwC1Hvb3g5rFjnFAygLSo,7zTnUT,C3YejhEdDoqBw3tLV8RQkQ7nDnsjWijMzHgGZ5gLpump,txqKmMaD5MhdTWyMCDzXWxE5ikMK7x4TQ6E94N2fe8oeGnuDipvnsZzcCXi4FFNKxvsaxRCi4p42UqKnoPvNYnh,TP 20% / SL 10%,-0.1171043255800196
7zTnUTHMd5qFUpZrrbXazpvGwC1Hvb3g5rFjnFAygLSo,7zTnUT,C3YejhEdDoqBw3tLV8RQkQ7nDnsjWijMzHgGZ5gLpump,txqKmMaD5MhdTWyMCDzXWxE5ikMK7x4TQ6E94N2fe8oeGnuDipvnsZzcCXi4FFNKxvsaxRCi4p42UqKnoPvNYnh,TP 30% / SL 15%,-0.06372356711284125
7zTnUTHMd5qFUpZrrbXazpvGwC1Hvb3g5rFjnFAygLSo,7zTnUT,C3YejhEdDoqBw3tLV8RQkQ7nDnsjWijMzHgGZ5gLpump,txqKmMaD5MhdTWyMCDzXWxE5ikMK7x4TQ6E94N2fe8oeGnuDipvnsZzcCXi4FFNKxvsaxRCi4p42UqKnoPvNYnh,TP 50% / SL 25%,-0.06372356711284125
7zTnUTHMd5qFUpZrrbXazpvGwC1Hvb3g5rFjnFAygLSo,7zTnUT,C3YejhEdDoqBw3tLV8RQkQ7nDnsjWijMzHgGZ5gLpump,txqKmMaD5MhdTWyMCDzXWxE5ikMK7x4TQ6E94N2fe8oeGnuDipvnsZzcCXi4FFNKxvsaxRCi4p42UqKnoPvNYnh,TP 100% / SL 30%,-0.06372356711284125
7zTnUTHMd5qFUpZrrbXazpvGwC1Hvb3g5rFjnFAygLSo,7zTnUT,JCEg2y5A8xAbEtPNCgpoqmQ4Q7vozcGA6rzN8ecBpump,zx21xM1vd9Pgjz195UocDptAT1W5gJi6g1qnpTCXyR6YuV63FsyFKDzrnJYxBHhzEDrZvSyjHXHhqHFg8vNHXMW,follow wallet,-0.40839086665753055
7zTnUTHMd5qFUpZrrbXazpvGwC1Hvb3g5rFjnFAygLSo,7zTnUT,JCEg2y5A8xAbEtPNCgpoqmQ4Q7vozcGA6rzN8ecBpump,zx21xM1vd9Pgjz195UocDptAT1W5gJi6g1qnpTCXyR6YuV63FsyFKDzrnJYxBHhzEDrZvSyjHXHhqHFg8vNHXMW,hold 1 slots,-0.05570145511378539
7zTnUTHMd5qFUpZrrbXazpvGwC1Hvb3g5rFjnFAygLSo,7zTnUT,JCEg2y5A8xAbEtPNCgpoqmQ4Q7vozcGA6rzN8ecBpump,zx21xM1vd9Pgjz195UocDptAT1W5gJi6g1qnpTCXyR6YuV63FsyFKDzrnJYxBHhzEDrZvSyjHXHhqHFg8vNHXMW,hold 3 slots,-0.05570145511378539
7zTnUTHMd5qFUpZrrbXazpvGwC1Hvb3g5rFjnFAygLSo,7zTnUT,JCEg2y5A8xAbEtPNCgpoqmQ4Q7vozcGA6rzN8ecBpump,zx21xM1vd9Pgjz195UocDptAT1W5gJi6g1qnpTCXyR6YuV63FsyFKDzrnJYxBHhzEDrZvSyjHXHhqHFg8vNHXMW,hold 5 slots,-0.05570145511378539
7zTnUTHMd5qFUpZrrbXazpvGwC1Hvb3g5rFjnFAygLSo,7zTnUT,JCEg2y5A8xAbEtPNCgpoqmQ4Q7vozcGA6rzN8ecBpump,zx21xM1vd9Pgjz195UocDptAT1W5gJi6g1qnpTCXyR6YuV63FsyFKDzrnJYxBHhzEDrZvSyjHXHhqHFg8vNHXMW,hold 12 slots,-0.10970552166268313
7zTnUTHMd5qFUpZrrbXazpvGwC1Hvb3g5rFjnFAygLSo,7zTnUT,JCEg2y5A8xAbEtPNCgpoqmQ4Q7vozcGA6rzN8ecBpump,zx21xM1vd9Pgjz195UocDptAT1W5gJi6g1qnpTCXyR6YuV63FsyFKDzrnJYxBHhzEDrZvSyjHXHhqHFg8vNHXMW,hold 25 slots,-0.10160817099145936
7zTnUTHMd5qFUpZrrbXazpvGwC1Hvb3g5rFjnFAygLSo,7zTnUT,JCEg2y5A8xAbEtPNCgpoqmQ4Q7vozcGA6rzN8ecBpump,zx21xM1vd9Pgjz195UocDptAT1W5gJi6g1qnpTCXyR6YuV63FsyFKDzrnJYxBHhzEDrZvSyjHXHhqHFg8vNHXMW,hold 50 slots,-0.12653036563873113
7zTnUTHMd5qFUpZrrbXazpvGwC1Hvb3g5rFjnFAygLSo,7zTnUT,JCEg2y5A8xAbEtPNCgpoqmQ4Q7vozcGA6rzN8ecBpump,zx21xM1vd9Pgjz195UocDptAT1W5gJi6g1qnpTCXyR6YuV63FsyFKDzrnJYxBHhzEDrZvSyjHXHhqHFg8vNHXMW,hold 75 slots,-0.03283933394021368
7zTnUTHMd5qFUpZrrbXazpvGwC1Hvb3g5rFjnFAygLSo,7zTnUT,JCEg2y5A8xAbEtPNCgpoqmQ4Q7vozcGA6rzN8ecBpump,zx21xM1vd9Pgjz195UocDptAT1W5gJi6g1qnpTCXyR6YuV63FsyFKDzrnJYxBHhzEDrZvSyjHXHhqHFg8vNHXMW,hold 150 slots,-0.1759038048844086
7zTnUTHMd5qFUpZrrbXazpvGwC1Hvb3g5rFjnFAygLSo,7zTnUT,JCEg2y5A8xAbEtPNCgpoqmQ4Q7vozcGA6rzN8ecBpump,zx21xM1vd9Pgjz195UocDptAT1W5gJi6g1qnpTCXyR6YuV63FsyFKDzrnJYxBHhzEDrZvSyjHXHhqHFg8vNHXMW,TP 10% / SL 10%,-0.10519073985192692
7zTnUTHMd5qFUpZrrbXazpvGwC1Hvb3g5rFjnFAygLSo,7zTnUT,JCEg2y5A8xAbEtPNCgpoqmQ4Q7vozcGA6rzN8ecBpump,zx21xM1vd9Pgjz195UocDptAT1W5gJi6g1qnpTCXyR6YuV63FsyFKDzrnJYxBHhzEDrZvSyjHXHhqHFg8vNHXMW,TP 20% / SL 10%,-0.10519073985192692
7zTnUTHMd5qFUpZrrbXazpvGwC1Hvb3g5rFjnFAygLSo,7zTnUT,JCEg2y5A8xAbEtPNCgpoqmQ4Q7vozcGA6rzN8ecBpump,zx21xM1vd9Pgjz195UocDptAT1W5gJi6g1qnpTCXyR6YuV63FsyFKDzrnJYxBHhzEDrZvSyjHXHhqHFg8vNHXMW,TP 30% / SL 15%,-0.15050442283459653
7zTnUTHMd5qFUpZrrbXazpvGwC1Hvb3g5rFjnFAygLSo,7zTnUT,JCEg2y5A8xAbEtPNCgpoqmQ4Q7vozcGA6rzN8ecBpump,zx21xM1vd9Pgjz195UocDptAT1W5gJi6g1qnpTCXyR6YuV63FsyFKDzrnJYxBHhzEDrZvSyjHXHhqHFg8vNHXMW,TP 50% / SL 25%,-0.1759038048844086
7zTnUTHMd5qFUpZrrbXazpvGwC1Hvb3g5rFjnFAygLSo,7zTnUT,JCEg2y5A8xAbEtPNCgpoqmQ4Q7vozcGA6rzN8ecBpump,zx21xM1vd9Pgjz195UocDptAT1W5gJi6g1qnpTCXyR6YuV63FsyFKDzrnJYxBHhzEDrZvSyjHXHhqHFg8vNHXMW,TP 100% / SL 30%,-0.1759038048844086
7zTnUTHMd5qFUpZrrbXazpvGwC1Hvb3g5rFjnFAygLSo,7zTnUT,3FcCZAy22PTL8tBLa33iSEPWhf1iQDPK4xWDkbMwpump,2svYiPwp3xyruozMr6BMr9SU1BmYxaoeYb1VsbdxQtwzBLiQYaFAQwg5mxeNfw2MhCBFAdfSo7YguDDKGPESxJiN,follow wallet,-0.17685566017944218
7zTnUTHMd5qFUpZrrbXazpvGwC1Hvb3g5rFjnFAygLSo,7zTnUT,3FcCZAy22PTL8tBLa33iSEPWhf1iQDPK4xWDkbMwpump,2svYiPwp3xyruozMr6BMr9SU1BmYxaoeYb1VsbdxQtwzBLiQYaFAQwg5mxeNfw2MhCBFAdfSo7YguDDKGPESxJiN,hold 1 slots,-0.05728690204161322
7zTnUTHMd5qFUpZrrbXazpvGwC1Hvb3g5rFjnFAygLSo,7zTnUT,3FcCZAy22PTL8tBLa33iSEPWhf1iQDPK4xWDkbMwpump,2svYiPwp3xyruozMr6BMr9SU1BmYxaoeYb1VsbdxQtwzBLiQYaFAQwg5mxeNfw2MhCBFAdfSo7YguDDKGPESxJiN,hold 3 slots,-0.05323492463950134
7zTnUTHMd5qFUpZrrbXazpvGwC1Hvb3g5rFjnFAygLSo,7zTnUT,3FcCZAy22PTL8tBLa33iSEPWhf1iQDPK4xWDkbMwpump,2svYiPwp3xyruozMr6BMr9SU1BmYxaoeYb1VsbdxQtwzBLiQYaFAQwg5mxeNfw2MhCBFAdfSo7YguDDKGPESxJiN,hold 5 slots,-0.034483711188153146
7zTnUTHMd5qFUpZrrbXazpvGwC1Hvb3g5rFjnFAygLSo,7zTnUT,3FcCZAy22PTL8tBLa33iSEPWhf1iQDPK4xWDkbMwpump,2svYiPwp3xyruozMr6BMr9SU1BmYxaoeYb1VsbdxQtwzBLiQYaFAQwg5mxeNfw2MhCBFAdfSo7YguDDKGPESxJiN,hold 12 slots,0.00749791888046813
7zTnUTHMd5qFUpZrrbXazpvGwC1Hvb3g5rFjnFAygLSo,7zTnUT,3FcCZAy22PTL8tBLa33iSEPWhf1iQDPK4xWDkbMwpump,2svYiPwp3xyruozMr6BMr9SU1BmYxaoeYb1VsbdxQtwzBLiQYaFAQwg5mxeNfw2MhCBFAdfSo7YguDDKGPESxJiN,hold 25 slots,0.01027779180905938
7zTnUTHMd5qFUpZrrbXazpvGwC1Hvb3g5rFjnFAygLSo,7zTnUT,3FcCZAy22PTL8tBLa33iSEPWhf1iQDPK4xWDkbMwpump,2svYiPwp3xyruozMr6BMr9SU1BmYxaoeYb1VsbdxQtwzBLiQYaFAQwg5mxeNfw2MhCBFAdfSo7YguDDKGPESxJiN,hold 50 slots,-0.18039791914349365
7zTnUTHMd5qFUpZrrbXazpvGwC1Hvb3g5rFjnFAygLSo,7zTnUT,3FcCZAy22PTL8tBLa33iSEPWhf1iQDPK4xWDkbMwpump,2svYiPwp3xyruozMr6BMr9SU1BmYxaoeYb1VsbdxQtwzBLiQYaFAQwg5mxeNfw2MhCBFAdfSo7YguDDKGPESxJiN,hold 75 slots,-0.10193830633335388
7zTnUTHMd5qFUpZrrbXazpvGwC1Hvb3g5rFjnFAygLSo,7zTnUT,3FcCZAy22PTL8tBLa33iSEPWhf1iQDPK4xWDkbMwpump,2svYiPwp3xyruozMr6BMr9SU1BmYxaoeYb1VsbdxQtwzBLiQYaFAQwg5mxeNfw2MhCBFAdfSo7YguDDKGPESxJiN,hold 150 slots,-0.23270426831482113
7zTnUTHMd5qFUpZrrbXazpvGwC1Hvb3g5rFjnFAygLSo,7zTnUT,3FcCZAy22PTL8tBLa33iSEPWhf1iQDPK4xWDkbMwpump,2svYiPwp3xyruozMr6BMr9SU1BmYxaoeYb1VsbdxQtwzBLiQYaFAQwg5mxeNfw2MhCBFAdfSo7YguDDKGPESxJiN,TP 10% / SL 10%,-0.10801039717430486
7zTnUTHMd5qFUpZrrbXazpvGwC1Hvb3g5rFjnFAygLSo,7zTnUT,3FcCZAy22PTL8tBLa33iSEPWhf1iQDPK4xWDkbMwpump,2svYiPwp3xyruozMr6BMr9SU1BmYxaoeYb1VsbdxQtwzBLiQYaFAQwg5mxeNfw2MhCBFAdfSo7YguDDKGPESxJiN,TP 20% / SL 10%,-0.10801039717430486
7zTnUTHMd5qFUpZrrbXazpvGwC1Hvb3g5rFjnFAygLSo,7zTnUT,3FcCZAy22PTL8tBLa33iSEPWhf1iQDPK4xWDkbMwpump,2svYiPwp3xyruozMr6BMr9SU1BmYxaoeYb1VsbdxQtwzBLiQYaFAQwg5mxeNfw2MhCBFAdfSo7YguDDKGPESxJiN,TP 30% / SL 15%,-0.18039791914349365
7zTnUTHMd5qFUpZrrbXazpvGwC1Hvb3g5rFjnFAygLSo,7zTnUT,3FcCZAy22PTL8tBLa33iSEPWhf1iQDPK4xWDkbMwpump,2svYiPwp3xyruozMr6BMr9SU1BmYxaoeYb1VsbdxQtwzBLiQYaFAQwg5mxeNfw2MhCBFAdfSo7YguDDKGPESxJiN,TP 50% / SL 25%,-0.23270426831482113
7zTnUTHMd5qFUpZrrbXazpvGwC1Hvb3g5rFjnFAygLSo,7zTnUT,3FcCZAy22PTL8tBLa33iSEPWhf1iQDPK4xWDkbMwpump,2svYiPwp3xyruozMr6BMr9SU1BmYxaoeYb1VsbdxQtwzBLiQYaFAQwg5mxeNfw2MhCBFAdfSo7YguDDKGPESxJiN,TP 100% / SL 30%,-0.23270426831482113
DYmsQudNqJyyDvq86XmzAvrU9T7xwfQEwh6gPQw9TPNF,DYmsQu,DjZq4k4MmpLPq2kP1mgjD9Dt49vYi3YAagMVQSgfpump,47WVf8V5KAF3bwnpStJ1GTEFh46uXscrmKRjawhQhLPJkKba6k6afFw8AKDMQaQFAsYV1PRm9h3E8LcYnnch6WzV,follow wallet,-0.9857525515960158
DYmsQudNqJyyDvq86XmzAvrU9T7xwfQEwh6gPQw9TPNF,DYmsQu,DjZq4k4MmpLPq2kP1mgjD9Dt49vYi3YAagMVQSgfpump,47WVf8V5KAF3bwnpStJ1GTEFh46uXscrmKRjawhQhLPJkKba6k6afFw8AKDMQaQFAsYV1PRm9h3E8LcYnnch6WzV,hold 1 slots,0.20303752698879765
DYmsQudNqJyyDvq86XmzAvrU9T7xwfQEwh6gPQw9TPNF,DYmsQu,DjZq4k4MmpLPq2kP1mgjD9Dt49vYi3YAagMVQSgfpump,47WVf8V5KAF3bwnpStJ1GTEFh46uXscrmKRjawhQhLPJkKba6k6afFw8AKDMQaQFAsYV1PRm9h3E8LcYnnch6WzV,hold 3 slots,0.20303752698879765
DYmsQudNqJyyDvq86XmzAvrU9T7xwfQEwh6gPQw9TPNF,DYmsQu,DjZq4k4MmpLPq2kP1mgjD9Dt49vYi3YAagMVQSgfpump,47WVf8V5KAF3bwnpStJ1GTEFh46uXscrmKRjawhQhLPJkKba6k6afFw8AKDMQaQFAsYV1PRm9h3E8LcYnnch6WzV,hold 5 slots,-0.06742899908032596
DYmsQudNqJyyDvq86XmzAvrU9T7xwfQEwh6gPQw9TPNF,DYmsQu,DjZq4k4MmpLPq2kP1mgjD9Dt49vYi3YAagMVQSgfpump,47WVf8V5KAF3bwnpStJ1GTEFh46uXscrmKRjawhQhLPJkKba6k6afFw8AKDMQaQFAsYV1PRm9h3E8LcYnnch6WzV,hold 12 slots,0.2970391664513531
DYmsQudNqJyyDvq86XmzAvrU9T7xwfQEwh6gPQw9TPNF,DYmsQu,DjZq4k4MmpLPq2kP1mgjD9Dt49vYi3YAagMVQSgfpump,47WVf8V5KAF3bwnpStJ1GTEFh46uXscrmKRjawhQhLPJkKba6k6afFw8AKDMQaQFAsYV1PRm9h3E8LcYnnch6WzV,hold 25 slots,-0.34682387074077786
DYmsQudNqJyyDvq86XmzAvrU9T7xwfQEwh6gPQw9TPNF,DYmsQu,DjZq4k4MmpLPq2kP1mgjD9Dt49vYi3YAagMVQSgfpump,47WVf8V5KAF3bwnpStJ1GTEFh46uXscrmKRjawhQhLPJkKba6k6afFw8AKDMQaQFAsYV1PRm9h3E8LcYnnch6WzV,hold 50 slots,-0.16394287805983948
DYmsQudNqJyyDvq86XmzAvrU9T7xwfQEwh6gPQw9TPNF,DYmsQu,DjZq4k4MmpLPq2kP1mgjD9Dt49vYi3YAagMVQSgfpump,47WVf8V5KAF3bwnpStJ1GTEFh46uXscrmKRjawhQhLPJkKba6k6afFw8AKDMQaQFAsYV1PRm9h3E8LcYnnch6WzV,hold 75 slots,-0.5383548795180386
DYmsQudNqJyyDvq86XmzAvrU9T7xwfQEwh6gPQw9TPNF,DYmsQu,DjZq4k4MmpLPq2kP1mgjD9Dt49vYi3YAagMVQSgfpump,47WVf8V5KAF3bwnpStJ1GTEFh46uXscrmKRjawhQhLPJkKba6k6afFw8AKDMQaQFAsYV1PRm9h3E8LcYnnch6WzV,hold 150 slots,-0.87692455920793
DYmsQudNqJyyDvq86XmzAvrU9T7xwfQEwh6gPQw9TPNF,DYmsQu,DjZq4k4MmpLPq2kP1mgjD9Dt49vYi3YAagMVQSgfpump,47WVf8V5KAF3bwnpStJ1GTEFh46uXscrmKRjawhQhLPJkKba6k6afFw8AKDMQaQFAsYV1PRm9h3E8LcYnnch6WzV,TP 10% / SL 10%,0.20303752698879765
DYmsQudNqJyyDvq86XmzAvrU9T7xwfQEwh6gPQw9TPNF,DYmsQu,DjZq4k4MmpLPq2kP1mgjD9Dt49vYi3YAagMVQSgfpump,47WVf8V5KAF3bwnpStJ1GTEFh46uXscrmKRjawhQhLPJkKba6k6afFw8AKDMQaQFAsYV1PRm9h3E8LcYnnch6WzV,TP 20% / SL 10%,0.20303752698879765
DYmsQudNqJyyDvq86XmzAvrU9T7xwfQEwh6gPQw9TPNF,DYmsQu,DjZq4k4MmpLPq2kP1mgjD9Dt49vYi3YAagMVQSgfpump,47WVf8V5KAF3bwnpStJ1GTEFh46uXscrmKRjawhQhLPJkKba6k6afFw8AKDMQaQFAsYV1PRm9h3E8LcYnnch6WzV,TP 30% / SL 15%,-0.34682387074077786
DYmsQudNqJyyDvq86XmzAvrU9T7xwfQEwh6gPQw9TPNF,DYmsQu,DjZq4k4MmpLPq2kP1mgjD9Dt49vYi3YAagMVQSgfpump,47WVf8V5KAF3bwnpStJ1GTEFh46uXscrmKRjawhQhLPJkKba6k6afFw8AKDMQaQFAsYV1PRm9h3E8LcYnnch6WzV,TP 50% / SL 25%,-0.34682387074077786
DYmsQudNqJyyDvq86XmzAvrU9T7xwfQEwh6gPQw9TPNF,DYmsQu,DjZq4k4MmpLPq2kP1mgjD9Dt49vYi3YAagMVQSgfpump,47WVf8V5KAF3bwnpStJ1GTEFh46uXscrmKRjawhQhLPJkKba6k6afFw8AKDMQaQFAsYV1PRm9h3E8LcYnnch6WzV,TP 100% / SL 30%,-0.34682387074077786
CUHBzSPSaNS3tArEtM3maSV6pNdJhHJFYZpurPPK9P7H,CUHBzS,5nHdk8rRP68RLMBrRegngAtyxd6WB24QzoTYJVhXMEME,3gYDDBwEKwkpuL732BGU2do9zA42CQ3wE948HEgAtThfX6X2fi18xGtcn7XcAmFvdiPK4VWhCAzAbDQHX4NefwFf,hold 1 slots,-0.052527233091817616
CUHBzSPSaNS3tArEtM3maSV6pNdJhHJFYZpurPPK9P7H,CUHBzS,5nHdk8rRP68RLMBrRegngAtyxd6WB24QzoTYJVhXMEME,3gYDDBwEKwkpuL732BGU2do9zA42CQ3wE948HEgAtThfX6X2fi18xGtcn7XcAmFvdiPK4VWhCAzAbDQHX4NefwFf,hold 3 slots,-0.05244292321617317
CUHBzSPSaNS3tArEtM3maSV6pNdJhHJFYZpurPPK9P7H,CUHBzS,5nHdk8rRP68RLMBrRegngAtyxd6WB24QzoTYJVhXMEME,3gYDDBwEKwkpuL732BGU2do9zA42CQ3wE948HEgAtThfX6X2fi18xGtcn7XcAmFvdiPK4VWhCAzAbDQHX4NefwFf,hold 5 slots,-0.05244292321617317
CUHBzSPSaNS3tArEtM3maSV6pNdJhHJFYZpurPPK9P7H,CUHBzS,5nHdk8rRP68RLMBrRegngAtyxd6WB24QzoTYJVhXMEME,3gYDDBwEKwkpuL732BGU2do9zA42CQ3wE948HEgAtThfX6X2fi18xGtcn7XcAmFvdiPK4VWhCAzAbDQHX4NefwFf,hold 12 slots,-0.009480041968231202
CUHBzSPSaNS3tArEtM3maSV6pNdJhHJFYZpurPPK9P7H,CUHBzS,5nHdk8rRP68RLMBrRegngAtyxd6WB24QzoTYJVhXMEME,3gYDDBwEKwkpuL732BGU2do9zA42CQ3wE948HEgAtThfX6X2fi18xGtcn7XcAmFvdiPK4VWhCAzAbDQHX4NefwFf,hold 25 slots,0.09080377812841178
CUHBzSPSaNS3tArEtM3maSV6pNdJhHJFYZpurPPK9P7H,CUHBzS,5nHdk8rRP68RLMBrRegngAtyxd6WB24QzoTYJVhXMEME,3gYDDBwEKwkpuL732BGU2do9zA42CQ3wE948HEgAtThfX6X2fi18xGtcn7XcAmFvdiPK4VWhCAzAbDQHX4NefwFf,hold 50 slots,0.2351877839669361
CUHBzSPSaNS3tArEtM3maSV6pNdJhHJFYZpurPPK9P7H,CUHBzS,5nHdk8rRP68RLMBrRegngAtyxd6WB24QzoTYJVhXMEME,3gYDDBwEKwkpuL732BGU2do9zA42CQ3wE948HEgAtThfX6X2fi18xGtcn7XcAmFvdiPK4VWhCAzAbDQHX4NefwFf,hold 75 slots,0.18945635310057257
CUHBzSPSaNS3tArEtM3maSV6pNdJhHJFYZpurPPK9P7H,CUHBzS,5nHdk8rRP68RLMBrRegngAtyxd6WB24QzoTYJVhXMEME,3gYDDBwEKwkpuL732BGU2do9zA42CQ3wE948HEgAtThfX6X2fi18xGtcn7XcAmFvdiPK4VWhCAzAbDQHX4NefwFf,hold 150 slots,0.5742696512990954
CUHBzSPSaNS3tArEtM3maSV6pNdJhHJFYZpurPPK9P7H,CUHBzS,5nHdk8rRP68RLMBrRegngAtyxd6WB24QzoTYJVhXMEME,3gYDDBwEKwkpuL732BGU2do9zA42CQ3wE948HEgAtThfX6X2fi18xGtcn7XcAmFvdiPK4VWhCAzAbDQHX4NefwFf,TP 10% / SL 10%,0.15487652993411613
CUHBzSPSaNS3tArEtM3maSV6pNdJhHJFYZpurPPK9P7H,CUHBzS,5nHdk8rRP68RLMBrRegngAtyxd6WB24QzoTYJVhXMEME,3gYDDBwEKwkpuL732BGU2do9zA42CQ3wE948HEgAtThfX6X2fi18xGtcn7XcAmFvdiPK4VWhCAzAbDQHX4NefwFf,TP 20% / SL 10%,0.2351877839669361
CUHBzSPSaNS3tArEtM3maSV6pNdJhHJFYZpurPPK9P7H,CUHBzS,5nHdk8rRP68RLMBrRegngAtyxd6WB24QzoTYJVhXMEME,3gYDDBwEKwkpuL732BGU2do9zA42CQ3wE948HEgAtThfX6X2fi18xGtcn7XcAmFvdiPK4VWhCAzAbDQHX4NefwFf,TP 30% / SL 15%,0.5742696512990954
CUHBzSPSaNS3tArEtM3maSV6pNdJhHJFYZpurPPK9P7H,CUHBzS,5nHdk8rRP68RLMBrRegngAtyxd6WB24QzoTYJVhXMEME,3gYDDBwEKwkpuL732BGU2do9zA42CQ3wE948HEgAtThfX6X2fi18xGtcn7XcAmFvdiPK4VWhCAzAbDQHX4NefwFf,TP 50% / SL 25%,0.5742696512990954
CUHBzSPSaNS3tArEtM3maSV6pNdJhHJFYZpurPPK9P7H,CUHBzS,5nHdk8rRP68RLMBrRegngAtyxd6WB24QzoTYJVhXMEME,3gYDDBwEKwkpuL732BGU2do9zA42CQ3wE948HEgAtThfX6X2fi18xGtcn7XcAmFvdiPK4VWhCAzAbDQHX4NefwFf,TP 100% / SL 30%,0.5742696512990954
CUHBzSPSaNS3tArEtM3maSV6pNdJhHJFYZpurPPK9P7H,CUHBzS,CtwifzKtYp6CZmDs86pKpJUCpdnPV4udZygpYC5z8kT,2TNPkSQo8p3gSyL9uZ8Vcr5Xax7pdZ4MDRaZS1egoEdAFi3CBHLvBwMScDVVnEsiwWkyVavrzZigUU2ySMK1cQaT,follow wallet,-0.10766061335164465
CUHBzSPSaNS3tArEtM3maSV6pNdJhHJFYZpurPPK9P7H,CUHBzS,CtwifzKtYp6CZmDs86pKpJUCpdnPV4udZygpYC5z8kT,2TNPkSQo8p3gSyL9uZ8Vcr5Xax7pdZ4MDRaZS1egoEdAFi3CBHLvBwMScDVVnEsiwWkyVavrzZigUU2ySMK1cQaT,hold 1 slots,-0.05568978249701905
CUHBzSPSaNS3tArEtM3maSV6pNdJhHJFYZpurPPK9P7H,CUHBzS,CtwifzKtYp6CZmDs86pKpJUCpdnPV4udZygpYC5z8kT,2TNPkSQo8p3gSyL9uZ8Vcr5Xax7pdZ4MDRaZS1egoEdAFi3CBHLvBwMScDVVnEsiwWkyVavrzZigUU2ySMK1cQaT,hold 3 slots,-0.01572679897920346
CUHBzSPSaNS3tArEtM3maSV6pNdJhHJFYZpurPPK9P7H,CUHBzS,CtwifzKtYp6CZmDs86pKpJUCpdnPV4udZygpYC5z8kT,2TNPkSQo8p3gSyL9uZ8Vcr5Xax7pdZ4MDRaZS1egoEdAFi3CBHLvBwMScDVVnEsiwWkyVavrzZigUU2ySMK1cQaT,hold 5 slots,-0.005111326493174792
CUHBzSPSaNS3tArEtM3maSV6pNdJhHJFYZpurPPK9P7H,CUHBzS,CtwifzKtYp6CZmDs86pKpJUCpdnPV4udZygpYC5z8kT,2TNPkSQo8p3gSyL9uZ8Vcr5Xax7pdZ4MDRaZS1egoEdAFi3CBHLvBwMScDVVnEsiwWkyVavrzZigUU2ySMK1cQaT,hold 12 slots,-0.005111326493174792
CUHBzSPSaNS3tArEtM3maSV6pNdJhHJFYZpurPPK9P7H,CUHBzS,CtwifzKtYp6CZmDs86pKpJUCpdnPV4udZygpYC5z8kT,2TNPkSQo8p3gSyL9uZ8Vcr5Xax7pdZ4MDRaZS1egoEdAFi3CBHLvBwMScDVVnEsiwWkyVavrzZigUU2ySMK1cQaT,hold 25 slots,-0.07266448252819252
CUHBzSPSaNS3tArEtM3maSV6pNdJhHJFYZpurPPK9P7H,CUHBzS,CtwifzKtYp6CZmDs86pKpJUCpdnPV4udZygpYC5z8kT,2TNPkSQo8p3gSyL9uZ8Vcr5Xax7pdZ4MDRaZS1egoEdAFi3CBHLvBwMScDVVnEsiwWkyVavrzZigUU2ySMK1cQaT,hold 50 slots,-0.004062056114392161
CUHBzSPSaNS3tArEtM3maSV6pNdJhHJFYZpurPPK9P7H,CUHBzS,CtwifzKtYp6CZmDs86pKpJUCpdnPV4udZygpYC5z8kT,2TNPkSQo8p3gSyL9uZ8Vcr5Xax7pdZ4MDRaZS1egoEdAFi3CBHLvBwMScDVVnEsiwWkyVavrzZigUU2ySMK1cQaT,hold 75 slots,-0.07101255226902711
CUHBzSPSaNS3tArEtM3maSV6pNdJhHJFYZpurPPK9P7H,CUHBzS,CtwifzKtYp6CZmDs86pKpJUCpdnPV4udZygpYC5z8kT,2TNPkSQo8p3gSyL9uZ8Vcr5Xax7pdZ4MDRaZS1egoEdAFi3CBHLvBwMScDVVnEsiwWkyVavrzZigUU2ySMK1cQaT,hold 150 slots,-0.1116803025412296
CUHBzSPSaNS3tArEtM3maSV6pNdJhHJFYZpurPPK9P7H,CUHBzS,CtwifzKtYp6CZmDs86pKpJUCpdnPV4udZygpYC5z8kT,2TNPkSQo8p3gSyL9uZ8Vcr5Xax7pdZ4MDRaZS1egoEdAFi3CBHLvBwMScDVVnEsiwWkyVavrzZigUU2ySMK1cQaT,TP 10% / SL 10%,0.3918454111272559
CUHBzSPSaNS3tArEtM3maSV6pNdJhHJFYZpurPPK9P7H,CUHBzS,CtwifzKtYp6CZmDs86pKpJUCpdnPV4udZygpYC5z8kT,2TNPkSQo8p3gSyL9uZ8Vcr5Xax7pdZ4MDRaZS1egoEdAFi3CBHLvBwMScDVVnEsiwWkyVavrzZigUU2ySMK1cQaT,TP 20% / SL 10%,0.3918454111272559
CUHBzSPSaNS3tArEtM3maSV6pNdJhHJFYZpurPPK9P7H,CUHBzS,CtwifzKtYp6CZmDs86pKpJUCpdnPV4udZygpYC5z8kT,2TNPkSQo8p3gSyL9uZ8Vcr5Xax7pdZ4MDRaZS1egoEdAFi3CBHLvBwMScDVVnEsiwWkyVavrzZigUU2ySMK1cQaT,TP 30% / SL 15%,0.3918454111272559
CUHBzSPSaNS3tArEtM3maSV6pNdJhHJFYZpurPPK9P7H,CUHBzS,CtwifzKtYp6CZmDs86pKpJUCpdnPV4udZygpYC5z8kT,2TNPkSQo8p3gSyL9uZ8Vcr5Xax7pdZ4MDRaZS1egoEdAFi3CBHLvBwMScDVVnEsiwWkyVavrzZigUU2ySMK1cQaT,TP 50% / SL 25%,-0.1116803025412296
CUHBzSPSaNS3tArEtM3maSV6pNdJhHJFYZpurPPK9P7H,CUHBzS,CtwifzKtYp6CZmDs86pKpJUCpdnPV4udZygpYC5z8kT,2TNPkSQo8p3gSyL9uZ8Vcr5Xax7pdZ4MDRaZS1egoEdAFi3CBHLvBwMScDVVnEsiwWkyVavrzZigUU2ySMK1cQaT,TP 100% / SL 30%,-0.1116803025412296
GfXQesPe3Zuwg8JhAt6Cg8euJDTVx751enp9EQQmhzPH,GfXQes,DEfPDUXS2kKccV8FdbQ6aXS1ANANfBzfZ6y4gwmPpump,5DXGypvobvxy1jL3pCnipGEbwWSRM1Nh8PmZahg8YjKkHC8BWiMAGDzKNzoM9RLvzjrSkMaMS6nFTTJvCKHWvzNj,follow wallet,-0.511935533701258
GfXQesPe3Zuwg8JhAt6Cg8euJDTVx751enp9EQQmhzPH,GfXQes,DEfPDUXS2kKccV8FdbQ6aXS1ANANfBzfZ6y4gwmPpump,5DXGypvobvxy1jL3pCnipGEbwWSRM1Nh8PmZahg8YjKkHC8BWiMAGDzKNzoM9RLvzjrSkMaMS6nFTTJvCKHWvzNj,hold 1 slots,-0.024973886071461202
GfXQesPe3Zuwg8JhAt6Cg8euJDTVx751enp9EQQmhzPH,GfXQes,DEfPDUXS2kKccV8FdbQ6aXS1ANANfBzfZ6y4gwmPpump,5DXGypvobvxy1jL3pCnipGEbwWSRM1Nh8PmZahg8YjKkHC8BWiMAGDzKNzoM9RLvzjrSkMaMS6nFTTJvCKHWvzNj,hold 3 slots,-0.03936782249920476
GfXQesPe3Zuwg8JhAt6Cg8euJDTVx751enp9EQQmhzPH,GfXQes,DEfPDUXS2kKccV8FdbQ6aXS1ANANfBzfZ6y4gwmPpump,5DXGypvobvxy1jL3pCnipGEbwWSRM1Nh8PmZahg8YjKkHC8BWiMAGDzKNzoM9RLvzjrSkMaMS6nFTTJvCKHWvzNj,hold 5 slots,-0.16734891028100765
GfXQesPe3Zuwg8JhAt6Cg8euJDTVx751enp9EQQmhzPH,GfXQes,DEfPDUXS2kKccV8FdbQ6aXS1ANANfBzfZ6y4gwmPpump,5DXGypvobvxy1jL3pCnipGEbwWSRM1Nh8PmZahg8YjKkHC8BWiMAGDzKNzoM9RLvzjrSkMaMS6nFTTJvCKHWvzNj,hold 12 slots,-0.46484587008903017
GfXQesPe3Zuwg8JhAt6Cg8euJDTVx751enp9EQQmhzPH,GfXQes,DEfPDUXS2kKccV8FdbQ6aXS1ANANfBzfZ6y4gwmPpump,5DXGypvobvxy1jL3pCnipGEbwWSRM1Nh8PmZahg8YjKkHC8BWiMAGDzKNzoM9RLvzjrSkMaMS6nFTTJvCKHWvzNj,hold 25 slots,-0.5679944613680858
GfXQesPe3Zuwg8JhAt6Cg8euJDTVx751enp9EQQmhzPH,GfXQes,DEfPDUXS2kKccV8FdbQ6aXS1ANANfBzfZ6y4gwmPpump,5DXGypvobvxy1jL3pCnipGEbwWSRM1Nh8PmZahg8YjKkHC8BWiMAGDzKNzoM9RLvzjrSkMaMS6nFTTJvCKHWvzNj,hold 50 slots,-0.5542612277222156
GfXQesPe3Zuwg8JhAt6Cg8euJDTVx751enp9EQQmhzPH,GfXQes,DEfPDUXS2kKccV8FdbQ6aXS1ANANfBzfZ6y4gwmPpump,5DXGypvobvxy1jL3pCnipGEbwWSRM1Nh8PmZahg8YjKkHC8BWiMAGDzKNzoM9RLvzjrSkMaMS6nFTTJvCKHWvzNj,hold 75 slots,-0.45190529392148865
GfXQesPe3Zuwg8JhAt6Cg8euJDTVx751enp9EQQmhzPH,GfXQes,DEfPDUXS2kKccV8FdbQ6aXS1ANANfBzfZ6y4gwmPpump,5DXGypvobvxy1jL3pCnipGEbwWSRM1Nh8PmZahg8YjKkHC8BWiMAGDzKNzoM9RLvzjrSkMaMS6nFTTJvCKHWvzNj,hold 150 slots,-0.6722359715704327
GfXQesPe3Zuwg8JhAt6Cg8euJDTVx751enp9EQQmhzPH,GfXQes,DEfPDUXS2kKccV8FdbQ6aXS1ANANfBzfZ6y4gwmPpump,5DXGypvobvxy1jL3pCnipGEbwWSRM1Nh8PmZahg8YjKkHC8BWiMAGDzKNzoM9RLvzjrSkMaMS6nFTTJvCKHWvzNj,TP 10% / SL 10%,-0.16734891028100765
GfXQesPe3Zuwg8JhAt6Cg8euJDTVx751enp9EQQmhzPH,GfXQes,DEfPDUXS2kKccV8FdbQ6aXS1ANANfBzfZ6y4gwmPpump,5DXGypvobvxy1jL3pCnipGEbwWSRM1Nh8PmZahg8YjKkHC8BWiMAGDzKNzoM9RLvzjrSkMaMS6nFTTJvCKHWvzNj,TP 20% / SL 10%,-0.16734891028100765
GfXQesPe3Zuwg8JhAt6Cg8euJDTVx751enp9EQQmhzPH,GfXQes,DEfPDUXS2kKccV8FdbQ6aXS1ANANfBzfZ6y4gwmPpump,5DXGypvobvxy1jL3pCnipGEbwWSRM1Nh8PmZahg8YjKkHC8BWiMAGDzKNzoM9RLvzjrSkMaMS6nFTTJvCKHWvzNj,TP 30% / SL 15%,-0.16734891028100765
GfXQesPe3Zuwg8JhAt6Cg8euJDTVx751enp9EQQmhzPH,GfXQes,DEfPDUXS2kKccV8FdbQ6aXS1ANANfBzfZ6y4gwmPpump,5DXGypvobvxy1jL3pCnipGEbwWSRM1Nh8PmZahg8YjKkHC8BWiMAGDzKNzoM9RLvzjrSkMaMS6nFTTJvCKHWvzNj,TP 50% / SL 25%,-0.44172477126132204
GfXQesPe3Zuwg8JhAt6Cg8euJDTVx751enp9EQQmhzPH,GfXQes,DEfPDUXS2kKccV8FdbQ6aXS1ANANfBzfZ6y4gwmPpump,5DXGypvobvxy1jL3pCnipGEbwWSRM1Nh8PmZahg8YjKkHC8BWiMAGDzKNzoM9RLvzjrSkMaMS6nFTTJvCKHWvzNj,TP 100% / SL 30%,-0.44172477126132204
EtyHwLDfAi9E24Qw41xFUW8WtQ3NxajxJA2yaaUASR5a,EtyHwL,DroztAkGTJFpW5pyYx1thJWCoqfiMBt6AkqbCBx5pump,5EmamML5A2eXMNpbM51jZkLgEAeb2vtSrvk6ngFUsoPJkaiCpj8XssXCXp1u17pxxSw6Hf9M4MdYvKecdQCSPRgk,follow wallet,-0.5898439300490327
EtyHwLDfAi9E24Qw41xFUW8WtQ3NxajxJA2yaaUASR5a,EtyHwL,DroztAkGTJFpW5pyYx1thJWCoqfiMBt6AkqbCBx5pump,5EmamML5A2eXMNpbM51jZkLgEAeb2vtSrvk6ngFUsoPJkaiCpj8XssXCXp1u17pxxSw6Hf9M4MdYvKecdQCSPRgk,hold 1 slots,-0.0006558015006946326
EtyHwLDfAi9E24Qw41xFUW8WtQ3NxajxJA2yaaUASR5a,EtyHwL,DroztAkGTJFpW5pyYx1thJWCoqfiMBt6AkqbCBx5pump,5EmamML5A2eXMNpbM51jZkLgEAeb2vtSrvk6ngFUsoPJkaiCpj8XssXCXp1u17pxxSw6Hf9M4MdYvKecdQCSPRgk,hold 3 slots,-0.0006558015006946326
EtyHwLDfAi9E24Qw41xFUW8WtQ3NxajxJA2yaaUASR5a,EtyHwL,DroztAkGTJFpW5pyYx1thJWCoqfiMBt6AkqbCBx5pump,5EmamML5A2eXMNpbM51jZkLgEAeb2vtSrvk6ngFUsoPJkaiCpj8XssXCXp1u17pxxSw6Hf9M4MdYvKecdQCSPRgk,hold 5 slots,0.0035596551146252157
EtyHwLDfAi9E24Qw41xFUW8WtQ3NxajxJA2yaaUASR5a,EtyHwL,DroztAkGTJFpW5pyYx1thJWCoqfiMBt6AkqbCBx5pump,5EmamML5A2eXMNpbM51jZkLgEAeb2vtSrvk6ngFUsoPJkaiCpj8XssXCXp1u17pxxSw6Hf9M4MdYvKecdQCSPRgk,hold 12 slots,0.024370405238183616
EtyHwLDfAi9E24Qw41xFUW8WtQ3NxajxJA2yaaUASR5a,EtyHwL,DroztAkGTJFpW5pyYx1thJWCoqfiMBt6AkqbCBx5pump,5EmamML5A2eXMNpbM51jZkLgEAeb2vtSrvk6ngFUsoPJkaiCpj8XssXCXp1u17pxxSw6Hf9M4MdYvKecdQCSPRgk,hold 25 slots,0.07433019545573355
EtyHwLDfAi9E24Qw41xFUW8WtQ3NxajxJA2yaaUASR5a,EtyHwL,DroztAkGTJFpW5pyYx1thJWCoqfiMBt6AkqbCBx5pump,5EmamML5A2eXMNpbM51jZkLgEAeb2vtSrvk6ngFUsoPJkaiCpj8XssXCXp1u17pxxSw6Hf9M4MdYvKecdQCSPRgk,hold 50 slots,0.07215557320491575
EtyHwLDfAi9E24Qw41xFUW8WtQ3NxajxJA2yaaUASR5a,EtyHwL,DroztAkGTJFpW5pyYx1thJWCoqfiMBt6AkqbCBx5pump,5EmamML5A2eXMNpbM51jZkLgEAeb2vtSrvk6ngFUsoPJkaiCpj8XssXCXp1u17pxxSw6Hf9M4MdYvKecdQCSPRgk,hold 75 slots,0.14037240409820437
EtyHwLDfAi9E24Qw41xFUW8WtQ3NxajxJA2yaaUASR5a,EtyHwL,DroztAkGTJFpW5pyYx1thJWCoqfiMBt6AkqbCBx5pump,5EmamML5A2eXMNpbM51jZkLgEAeb2vtSrvk6ngFUsoPJkaiCpj8XssXCXp1u17pxxSw6Hf9M4MdYvKecdQCSPRgk,hold 150 slots,0.17278951296501208
EtyHwLDfAi9E24Qw41xFUW8WtQ3NxajxJA2yaaUASR5a,EtyHwL,DroztAkGTJFpW5pyYx1thJWCoqfiMBt6AkqbCBx5pump,5EmamML5A2eXMNpbM51jZkLgEAeb2vtSrvk6ngFUsoPJkaiCpj8XssXCXp1u17pxxSw6Hf9M4MdYvKecdQCSPRgk,TP 10% / SL 10%,0.11207819921984244
EtyHwLDfAi9E24Qw41xFUW8WtQ3NxajxJA2yaaUASR5a,EtyHwL,DroztAkGTJFpW5pyYx1thJWCoqfiMBt6AkqbCBx5pump,5EmamML5A2eXMNpbM51jZkLgEAeb2vtSrvk6ngFUsoPJkaiCpj8XssXCXp1u17pxxSw6Hf9M4MdYvKecdQCSPRgk,TP 20% / SL 10%,0.17278951296501208
EtyHwLDfAi9E24Qw41xFUW8WtQ3NxajxJA2yaaUASR5a,EtyHwL,DroztAkGTJFpW5pyYx1thJWCoqfiMBt6AkqbCBx5pump,5EmamML5A2eXMNpbM51jZkLgEAeb2vtSrvk6ngFUsoPJkaiCpj8XssXCXp1u17pxxSw6Hf9M4MdYvKecdQCSPRgk,TP 30% / SL 15%,0.17278951296501208
EtyHwLDfAi9E24Qw41xFUW8WtQ3NxajxJA2yaaUASR5a,EtyHwL,DroztAkGTJFpW5pyYx1thJWCoqfiMBt6AkqbCBx5pump,5EmamML5A2eXMNpbM51jZkLgEAeb2vtSrvk6ngFUsoPJkaiCpj8XssXCXp1u17pxxSw6Hf9M4MdYvKecdQCSPRgk,TP 50% / SL 25%,0.17278951296501208
EtyHwLDfAi9E24Qw41xFUW8WtQ3NxajxJA2yaaUASR5a,EtyHwL,DroztAkGTJFpW5pyYx1thJWCoqfiMBt6AkqbCBx5pump,5EmamML5A2eXMNpbM51jZkLgEAeb2vtSrvk6ngFUsoPJkaiCpj8XssXCXp1u17pxxSw6Hf9M4MdYvKecdQCSPRgk,TP 100% / SL 30%,0.17278951296501208
EtyHwLDfAi9E24Qw41xFUW8WtQ3NxajxJA2yaaUASR5a,EtyHwL,5MdcDKpZM16Uf17xgvCWTtyqZNCbCVewA5TGkrCypump,2CUcWdkiVNnhV25BkWNbJ5AMpqfbpVJEmB6yVdeTBegT2okUXDpgMueMGM2Rhhhf7fgacBYrRY25yaU3Pk4xLyrB,follow wallet,-0.10626526500472475
EtyHwLDfAi9E24Qw41xFUW8WtQ3NxajxJA2yaaUASR5a,EtyHwL,5MdcDKpZM16Uf17xgvCWTtyqZNCbCVewA5TGkrCypump,2CUcWdkiVNnhV25BkWNbJ5AMpqfbpVJEmB6yVdeTBegT2okUXDpgMueMGM2Rhhhf7fgacBYrRY25yaU3Pk4xLyrB,hold 1 slots,-0.0567641951616199
EtyHwLDfAi9E24Qw41xFUW8WtQ3NxajxJA2yaaUASR5a,EtyHwL,5MdcDKpZM16Uf17xgvCWTtyqZNCbCVewA5TGkrCypump,2CUcWdkiVNnhV25BkWNbJ5AMpqfbpVJEmB6yVdeTBegT2okUXDpgMueMGM2Rhhhf7fgacBYrRY25yaU3Pk4xLyrB,hold 3 slots,-0.0567641951616199
EtyHwLDfAi9E24Qw41xFUW8WtQ3NxajxJA2yaaUASR5a,EtyHwL,5MdcDKpZM16Uf17xgvCWTtyqZNCbCVewA5TGkrCypump,2CUcWdkiVNnhV25BkWNbJ5AMpqfbpVJEmB6yVdeTBegT2okUXDpgMueMGM2Rhhhf7fgacBYrRY25yaU3Pk4xLyrB,hold 5 slots,-0.057306897122984646
EtyHwLDfAi9E24Qw41xFUW8WtQ3NxajxJA2yaaUASR5a,EtyHwL,5MdcDKpZM16Uf17xgvCWTtyqZNCbCVewA5TGkrCypump,2CUcWdkiVNnhV25BkWNbJ5AMpqfbpVJEmB6yVdeTBegT2okUXDpgMueMGM2Rhhhf7fgacBYrRY25yaU3Pk4xLyrB,hold 12 slots,-0.08663796843027283
EtyHwLDfAi9E24Qw41xFUW8WtQ3NxajxJA2yaaUASR5a,EtyHwL,5MdcDKpZM16Uf17xgvCWTtyqZNCbCVewA5TGkrCypump,2CUcWdkiVNnhV25BkWNbJ5AMpqfbpVJEmB6yVdeTBegT2okUXDpgMueMGM2Rhhhf7fgacBYrRY25yaU3Pk4xLyrB,hold 25 slots,-0.11401573506104434
EtyHwLDfAi9E24Qw41xFUW8WtQ3NxajxJA2yaaUASR5a,EtyHwL,5MdcDKpZM16Uf17xgvCWTtyqZNCbCVewA5TGkrCypump,2CUcWdkiVNnhV25BkWNbJ5AMpqfbpVJEmB6yVdeTBegT2okUXDpgMueMGM2Rhhhf7fgacBYrRY25yaU3Pk4xLyrB,hold 50 slots,-0.1516490093454621
EtyHwLDfAi9E24Qw41xFUW8WtQ3NxajxJA2yaaUASR5a,EtyHwL,5MdcDKpZM16Uf17xgvCWTtyqZNCbCVewA5TGkrCypump,2CUcWdkiVNnhV25BkWNbJ5AMpqfbpVJEmB6yVdeTBegT2okUXDpgMueMGM2Rhhhf7fgacBYrRY25yaU3Pk4xLyrB,hold 75 slots,-0.2584937087364631
EtyHwLDfAi9E24Qw41xFUW8WtQ3NxajxJA2yaaUASR5a,EtyHwL,5MdcDKpZM16Uf17xgvCWTtyqZNCbCVewA5TGkrCypump,2CUcWdkiVNnhV25BkWNbJ5AMpqfbpVJEmB6yVdeTBegT2okUXDpgMueMGM2Rhhhf7fgacBYrRY25yaU3Pk4xLyrB,hold 150 slots,-0.15100722334857977
EtyHwLDfAi9E24Qw41xFUW8WtQ3NxajxJA2yaaUASR5a,EtyHwL,5MdcDKpZM16Uf17xgvCWTtyqZNCbCVewA5TGkrCypump,2CUcWdkiVNnhV25BkWNbJ5AMpqfbpVJEmB6yVdeTBegT2okUXDpgMueMGM2Rhhhf7fgacBYrRY25yaU3Pk4xLyrB,TP 10% / SL 10%,-0.1491285418379865
EtyHwLDfAi9E24Qw41xFUW8WtQ3NxajxJA2yaaUASR5a,EtyHwL,5MdcDKpZM16Uf17xgvCWTtyqZNCbCVewA5TGkrCypump,2CUcWdkiVNnhV25BkWNbJ5AMpqfbpVJEmB6yVdeTBegT2okUXDpgMueMGM2Rhhhf7fgacBYrRY25yaU3Pk4xLyrB,TP 20% / SL 10%,-0.1491285418379865
EtyHwLDfAi9E24Qw41xFUW8WtQ3NxajxJA2yaaUASR5a,EtyHwL,5MdcDKpZM16Uf17xgvCWTtyqZNCbCVewA5TGkrCypump,2CUcWdkiVNnhV25BkWNbJ5AMpqfbpVJEmB6yVdeTBegT2okUXDpgMueMGM2Rhhhf7fgacBYrRY25yaU3Pk4xLyrB,TP 30% / SL 15%,-0.16874059480490114
EtyHwLDfAi9E24Qw41xFUW8WtQ3NxajxJA2yaaUASR5a,EtyHwL,5MdcDKpZM16Uf17xgvCWTtyqZNCbCVewA5TGkrCypump,2CUcWdkiVNnhV25BkWNbJ5AMpqfbpVJEmB6yVdeTBegT2okUXDpgMueMGM2Rhhhf7fgacBYrRY25yaU3Pk4xLyrB,TP 50% / SL 25%,-0.2584937087364631
EtyHwLDfAi9E24Qw41xFUW8WtQ3NxajxJA2yaaUASR5a,EtyHwL,5MdcDKpZM16Uf17xgvCWTtyqZNCbCVewA5TGkrCypump,2CUcWdkiVNnhV25BkWNbJ5AMpqfbpVJEmB6yVdeTBegT2okUXDpgMueMGM2Rhhhf7fgacBYrRY25yaU3Pk4xLyrB,TP 100% / SL 30%,-0.15100722334857977
EtyHwLDfAi9E24Qw41xFUW8WtQ3NxajxJA2yaaUASR5a,EtyHwL,BraEbmvM8BsHf8pVrHhzHFMGwUTZ4MUUu5ppqCz6pump,h3rW1sS2pnaG51YYaXL3AHgmnfDEnWAjcjmRLgDHDduDb1RKXCJqJwrZ2deQA3A6DjkT9Tgmz2PVvV71ocZ9PQU,follow wallet,-0.08176437544091797
EtyHwLDfAi9E24Qw41xFUW8WtQ3NxajxJA2yaaUASR5a,EtyHwL,BraEbmvM8BsHf8pVrHhzHFMGwUTZ4MUUu5ppqCz6pump,h3rW1sS2pnaG51YYaXL3AHgmnfDEnWAjcjmRLgDHDduDb1RKXCJqJwrZ2deQA3A6DjkT9Tgmz2PVvV71ocZ9PQU,hold 1 slots,-0.004543462491580844
EtyHwLDfAi9E24Qw41xFUW8WtQ3NxajxJA2yaaUASR5a,EtyHwL,BraEbmvM8BsHf8pVrHhzHFMGwUTZ4MUUu5ppqCz6pump,h3rW1sS2pnaG51YYaXL3AHgmnfDEnWAjcjmRLgDHDduDb1RKXCJqJwrZ2deQA3A6DjkT9Tgmz2PVvV71ocZ9PQU,hold 3 slots,-0.004543462491580844
EtyHwLDfAi9E24Qw41xFUW8WtQ3NxajxJA2yaaUASR5a,EtyHwL,BraEbmvM8BsHf8pVrHhzHFMGwUTZ4MUUu5ppqCz6pump,h3rW1sS2pnaG51YYaXL3AHgmnfDEnWAjcjmRLgDHDduDb1RKXCJqJwrZ2deQA3A6DjkT9Tgmz2PVvV71ocZ9PQU,hold 5 slots,-0.05947321507729924
EtyHwLDfAi9E24Qw41xFUW8WtQ3NxajxJA2yaaUASR5a,EtyHwL,BraEbmvM8BsHf8pVrHhzHFMGwUTZ4MUUu5ppqCz6pump,h3rW1sS2pnaG51YYaXL3AHgmnfDEnWAjcjmRLgDHDduDb1RKXCJqJwrZ2deQA3A6DjkT9Tgmz2PVvV71ocZ9PQU,hold 12 slots,-0.05428083782714296
EtyHwLDfAi9E24Qw41xFUW8WtQ3NxajxJA2yaaUASR5a,EtyHwL,BraEbmvM8BsHf8pVrHhzHFMGwUTZ4MUUu5ppqCz6pump,h3rW1sS2pnaG51YYaXL3AHgmnfDEnWAjcjmRLgDHDduDb1RKXCJqJwrZ2deQA3A6DjkT9Tgmz2PVvV71ocZ9PQU,hold 25 slots,-0.08013102209158515
EtyHwLDfAi9E24Qw41xFUW8WtQ3NxajxJA2yaaUASR5a,EtyHwL,BraEbmvM8BsHf8pVrHhzHFMGwUTZ4MUUu5ppqCz6pump,h3rW1sS2pnaG51YYaXL3AHgmnfDEnWAjcjmRLgDHDduDb1RKXCJqJwrZ2deQA3A6DjkT9Tgmz2PVvV71ocZ9PQU,hold 50 slots,-0.09331879100114143
EtyHwLDfAi9E24Qw41xFUW8WtQ3NxajxJA2yaaUASR5a,EtyHwL,BraEbmvM8BsHf8pVrHhzHFMGwUTZ4MUUu5ppqCz6pump,h3rW1sS2pnaG51YYaXL3AHgmnfDEnWAjcjmRLgDHDduDb1RKXCJqJwrZ2deQA3A6DjkT9Tgmz2PVvV71ocZ9PQU,hold 75 slots,-0.1997391588798132
EtyHwLDfAi9E24Qw41xFUW8WtQ3NxajxJA2yaaUASR5a,EtyHwL,BraEbmvM8BsHf8pVrHhzHFMGwUTZ4MUUu5ppqCz6pump,h3rW1sS2pnaG51YYaXL3AHgmnfDEnWAjcjmRLgDHDduDb1RKXCJqJwrZ2deQA3A6DjkT9Tgmz2PVvV71ocZ9PQU,hold 150 slots,-0.06750151263854862
EtyHwLDfAi9E24Qw41xFUW8WtQ3NxajxJA2yaaUASR5a,EtyHwL,BraEbmvM8BsHf8pVrHhzHFMGwUTZ4MUUu5ppqCz6pump,h3rW1sS2pnaG51YYaXL3AHgmnfDEnWAjcjmRLgDHDduDb1RKXCJqJwrZ2deQA3A6DjkT9Tgmz2PVvV71ocZ9PQU,TP 10% / SL 10%,-0.1997391588798132
EtyHwLDfAi9E24Qw41xFUW8WtQ3NxajxJA2yaaUASR5a,EtyHwL,BraEbmvM8BsHf8pVrHhzHFMGwUTZ4MUUu5ppqCz6pump,h3rW1sS2pnaG51YYaXL3AHgmnfDEnWAjcjmRLgDHDduDb1RKXCJqJwrZ2deQA3A6DjkT9Tgmz2PVvV71ocZ9PQU,TP 20% / SL 10%,-0.1997391588798132
EtyHwLDfAi9E24Qw41xFUW8WtQ3NxajxJA2yaaUASR5a,EtyHwL,BraEbmvM8BsHf8pVrHhzHFMGwUTZ4MUUu5ppqCz6pump,h3rW1sS2pnaG51YYaXL3AHgmnfDEnWAjcjmRLgDHDduDb1RKXCJqJwrZ2deQA3A6DjkT9Tgmz2PVvV71ocZ9PQU,TP 30% / SL 15%,-0.1997391588798132
EtyHwLDfAi9E24Qw41xFUW8WtQ3NxajxJA2yaaUASR5a,EtyHwL,BraEbmvM8BsHf8pVrHhzHFMGwUTZ4MUUu5ppqCz6pump,h3rW1sS2pnaG51YYaXL3AHgmnfDEnWAjcjmRLgDHDduDb1RKXCJqJwrZ2deQA3A6DjkT9Tgmz2PVvV71ocZ9PQU,TP 50% / SL 25%,-0.06750151263854862
EtyHwLDfAi9E24Qw41xFUW8WtQ3NxajxJA2yaaUASR5a,EtyHwL,BraEbmvM8BsHf8pVrHhzHFMGwUTZ4MUUu5ppqCz6pump,h3rW1sS2pnaG51YYaXL3AHgmnfDEnWAjcjmRLgDHDduDb1RKXCJqJwrZ2deQA3A6DjkT9Tgmz2PVvV71ocZ9PQU,TP 100% / SL 30%,-0.06750151263854862
EtyHwLDfAi9E24Qw41xFUW8WtQ3NxajxJA2yaaUASR5a,EtyHwL,26k8nLnRo7LZvx1UY3gUAVLoGj64Nnh7CNGEtAffpump,vJ69y1HYjYZ2DqY2YAJzey7v7bNExaqfKYm4P1ArMkNKZthBNDJUSsj9jPPC2YMSUUe9YPHnKnSYUWpwqoNhvAw,follow wallet,-0.08167177410055543
EtyHwLDfAi9E24Qw41xFUW8WtQ3NxajxJA2yaaUASR5a,EtyHwL,26k8nLnRo7LZvx1UY3gUAVLoGj64Nnh7CNGEtAffpump,vJ69y1HYjYZ2DqY2YAJzey7v7bNExaqfKYm4P1ArMkNKZthBNDJUSsj9jPPC2YMSUUe9YPHnKnSYUWpwqoNhvAw,hold 1 slots,-0.05294413446554994
EtyHwLDfAi9E24Qw41xFUW8WtQ3NxajxJA2yaaUASR5a,EtyHwL,26k8nLnRo7LZvx1UY3gUAVLoGj64Nnh7CNGEtAffpump,vJ69y1HYjYZ2DqY2YAJzey7v7bNExaqfKYm4P1ArMkNKZthBNDJUSsj9jPPC2YMSUUe9YPHnKnSYUWpwqoNhvAw,hold 3 slots,-0.09716923361958801
EtyHwLDfAi9E24Qw41xFUW8WtQ3NxajxJA2yaaUASR5a,EtyHwL,26k8nLnRo7LZvx1UY3gUAVLoGj64Nnh7CNGEtAffpump,vJ69y1HYjYZ2DqY2YAJzey7v7bNExaqfKYm4P1ArMkNKZthBNDJUSsj9jPPC2YMSUUe9YPHnKnSYUWpwqoNhvAw,hold 5 slots,-0.07889919311847843
EtyHwLDfAi9E24Qw41xFUW8WtQ3NxajxJA2yaaUASR5a,EtyHwL,26k8nLnRo7LZvx1UY3gUAVLoGj64Nnh7CNGEtAffpump,vJ69y1HYjYZ2DqY2YAJzey7v7bNExaqfKYm4P1ArMkNKZthBNDJUSsj9jPPC2YMSUUe9YPHnKnSYUWpwqoNhvAw,hold 12 slots,-0.08702255584347962
EtyHwLDfAi9E24Qw41xFUW8WtQ3NxajxJA2yaaUASR5a,EtyHwL,26k8nLnRo7LZvx1UY3gUAVLoGj64Nnh7CNGEtAffpump,vJ69y1HYjYZ2DqY2YAJzey7v7bNExaqfKYm4P1ArMkNKZthBNDJUSsj9jPPC2YMSUUe9YPHnKnSYUWpwqoNhvAw,hold 25 slots,-0.08167177410055543
EtyHwLDfAi9E24Qw41xFUW8WtQ3NxajxJA2yaaUASR5a,EtyHwL,26k8nLnRo7LZvx1UY3gUAVLoGj64Nnh7CNGEtAffpump,vJ69y1HYjYZ2DqY2YAJzey7v7bNExaqfKYm4P1ArMkNKZthBNDJUSsj9jPPC2YMSUUe9YPHnKnSYUWpwqoNhvAw,hold 50 slots,-0.12254578065043092
EtyHwLDfAi9E24Qw41xFUW8WtQ3NxajxJA2yaaUASR5a,EtyHwL,26k8nLnRo7LZvx1UY3gUAVLoGj64Nnh7CNGEtAffpump,vJ69y1HYjYZ2DqY2YAJzey7v7bNExaqfKYm4P1ArMkNKZthBNDJUSsj9jPPC2YMSUUe9YPHnKnSYUWpwqoNhvAw,hold 75 slots,-0.08374389164167667
EtyHwLDfAi9E24Qw41xFUW8WtQ3NxajxJA2yaaUASR5a,EtyHwL,26k8nLnRo7LZvx1UY3gUAVLoGj64Nnh7CNGEtAffpump,vJ69y1HYjYZ2DqY2YAJzey7v7bNExaqfKYm4P1ArMkNKZthBNDJUSsj9jPPC2YMSUUe9YPHnKnSYUWpwqoNhvAw,hold 150 slots,-0.14346481037745978
EtyHwLDfAi9E24Qw41xFUW8WtQ3NxajxJA2yaaUASR5a,EtyHwL,26k8nLnRo7LZvx1UY3gUAVLoGj64Nnh7CNGEtAffpump,vJ69y1HYjYZ2DqY2YAJzey7v7bNExaqfKYm4P1ArMkNKZthBNDJUSsj9jPPC2YMSUUe9YPHnKnSYUWpwqoNhvAw,TP 10% / SL 10%,-0.14285546076065242
EtyHwLDfAi9E24Qw41xFUW8WtQ3NxajxJA2yaaUASR5a,EtyHwL,26k8nLnRo7LZvx1UY3gUAVLoGj64Nnh7CNGEtAffpump,vJ69y1HYjYZ2DqY2YAJzey7v7bNExaqfKYm4P1ArMkNKZthBNDJUSsj9jPPC2YMSUUe9YPHnKnSYUWpwqoNhvAw,TP 20% / SL 10%,-0.14285546076065242
EtyHwLDfAi9E24Qw41xFUW8WtQ3NxajxJA2yaaUASR5a,EtyHwL,26k8nLnRo7LZvx1UY3gUAVLoGj64Nnh7CNGEtAffpump,vJ69y1HYjYZ2DqY2YAJzey7v7bNExaqfKYm4P1ArMkNKZthBNDJUSsj9jPPC2YMSUUe9YPHnKnSYUWpwqoNhvAw,TP 30% / SL 15%,-0.17919217603436222
EtyHwLDfAi9E24Qw41xFUW8WtQ3NxajxJA2yaaUASR5a,EtyHwL,26k8nLnRo7LZvx1UY3gUAVLoGj64Nnh7CNGEtAffpump,vJ69y1HYjYZ2DqY2YAJzey7v7bNExaqfKYm4P1ArMkNKZthBNDJUSsj9jPPC2YMSUUe9YPHnKnSYUWpwqoNhvAw,TP 50% / SL 25%,-0.14346481037745978
EtyHwLDfAi9E24Qw41xFUW8WtQ3NxajxJA2yaaUASR5a,EtyHwL,26k8nLnRo7LZvx1UY3gUAVLoGj64Nnh7CNGEtAffpump,vJ69y1HYjYZ2DqY2YAJzey7v7bNExaqfKYm4P1ArMkNKZthBNDJUSsj9jPPC2YMSUUe9YPHnKnSYUWpwqoNhvAw,TP 100% / SL 30%,-0.14346481037745978
EtyHwLDfAi9E24Qw41xFUW8WtQ3NxajxJA2yaaUASR5a,EtyHwL,BDkLoZwLz45SiJFNNtnTupLBhAgihamKPL19HNsipump,4F978ZwswFv7Q6UqBFyDX7nRzQnzDiVWEwwQF7vLVPKzhcXybHHUfR3vjsYSqsc6HcddTthGCwQathmi1Uqh4vuT,follow wallet,-0.7266287359515946
EtyHwLDfAi9E24Qw41xFUW8WtQ3NxajxJA2yaaUASR5a,EtyHwL,BDkLoZwLz45SiJFNNtnTupLBhAgihamKPL19HNsipump,4F978ZwswFv7Q6UqBFyDX7nRzQnzDiVWEwwQF7vLVPKzhcXybHHUfR3vjsYSqsc6HcddTthGCwQathmi1Uqh4vuT,hold 1 slots,-0.6772547288860574
EtyHwLDfAi9E24Qw41xFUW8WtQ3NxajxJA2yaaUASR5a,EtyHwL,BDkLoZwLz45SiJFNNtnTupLBhAgihamKPL19HNsipump,4F978ZwswFv7Q6UqBFyDX7nRzQnzDiVWEwwQF7vLVPKzhcXybHHUfR3vjsYSqsc6HcddTthGCwQathmi1Uqh4vuT,hold 3 slots,-0.6997165271339444
EtyHwLDfAi9E24Qw41xFUW8WtQ3NxajxJA2yaaUASR5a,EtyHwL,BDkLoZwLz45SiJFNNtnTupLBhAgihamKPL19HNsipump,4F978ZwswFv7Q6UqBFyDX7nRzQnzDiVWEwwQF7vLVPKzhcXybHHUfR3vjsYSqsc6HcddTthGCwQathmi1Uqh4vuT,hold 5 slots,-0.6997165271339444
EtyHwLDfAi9E24Qw41xFUW8WtQ3NxajxJA2yaaUASR5a,EtyHwL,BDkLoZwLz45SiJFNNtnTupLBhAgihamKPL19HNsipump,4F978ZwswFv7Q6UqBFyDX7nRzQnzDiVWEwwQF7vLVPKzhcXybHHUfR3vjsYSqsc6HcddTthGCwQathmi1Uqh4vuT,hold 12 slots,-0.7004126051134207
EtyHwLDfAi9E24Qw41xFUW8WtQ3NxajxJA2yaaUASR5a,EtyHwL,BDkLoZwLz45SiJFNNtnTupLBhAgihamKPL19HNsipump,4F978ZwswFv7Q6UqBFyDX7nRzQnzDiVWEwwQF7vLVPKzhcXybHHUfR3vjsYSqsc6HcddTthGCwQathmi1Uqh4vuT,hold 25 slots,-0.7262878460419531
EtyHwLDfAi9E24Qw41xFUW8WtQ3NxajxJA2yaaUASR5a,EtyHwL,BDkLoZwLz45SiJFNNtnTupLBhAgihamKPL19HNsipump,4F978ZwswFv7Q6UqBFyDX7nRzQnzDiVWEwwQF7vLVPKzhcXybHHUfR3vjsYSqsc6HcddTthGCwQathmi1Uqh4vuT,hold 50 slots,-0.7262878460419531
EtyHwLDfAi9E24Qw41xFUW8WtQ3NxajxJA2yaaUASR5a,EtyHwL,BDkLoZwLz45SiJFNNtnTupLBhAgihamKPL19HNsipump,4F978ZwswFv7Q6UqBFyDX7nRzQnzDiVWEwwQF7vLVPKzhcXybHHUfR3vjsYSqsc6HcddTthGCwQathmi1Uqh4vuT,hold 75 slots,-0.728345121245312
EtyHwLDfAi9E24Qw41xFUW8WtQ3NxajxJA2yaaUASR5a,EtyHwL,BDkLoZwLz45SiJFNNtnTupLBhAgihamKPL19HNsipump,4F978ZwswFv7Q6UqBFyDX7nRzQnzDiVWEwwQF7vLVPKzhcXybHHUfR3vjsYSqsc6HcddTthGCwQathmi1Uqh4vuT,hold 150 slots,-0.7294052768931806
EtyHwLDfAi9E24Qw41xFUW8WtQ3NxajxJA2yaaUASR5a,EtyHwL,BDkLoZwLz45SiJFNNtnTupLBhAgihamKPL19HNsipump,4F978ZwswFv7Q6UqBFyDX7nRzQnzDiVWEwwQF7vLVPKzhcXybHHUfR3vjsYSqsc6HcddTthGCwQathmi1Uqh4vuT,TP 10% / SL 10%,-0.6772547288860574
EtyHwLDfAi9E24Qw41xFUW8WtQ3NxajxJA2yaaUASR5a,EtyHwL,BDkLoZwLz45SiJFNNtnTupLBhAgihamKPL19HNsipump,4F978ZwswFv7Q6UqBFyDX7nRzQnzDiVWEwwQF7vLVPKzhcXybHHUfR3vjsYSqsc6HcddTthGCwQathmi1Uqh4vuT,TP 20% / SL 10%,-0.6772547288860574
EtyHwLDfAi9E24Qw41xFUW8WtQ3NxajxJA2yaaUASR5a,EtyHwL,BDkLoZwLz45SiJFNNtnTupLBhAgihamKPL19HNsipump,4F978ZwswFv7Q6UqBFyDX7nRzQnzDiVWEwwQF7vLVPKzhcXybHHUfR3vjsYSqsc6HcddTthGCwQathmi1Uqh4vuT,TP 30% / SL 15%,-0.6772547288860574
EtyHwLDfAi9E24Qw41xFUW8WtQ3NxajxJA2yaaUASR5a,EtyHwL,BDkLoZwLz45SiJFNNtnTupLBhAgihamKPL19HNsipump,4F978ZwswFv7Q6UqBFyDX7nRzQnzDiVWEwwQF7vLVPKzhcXybHHUfR3vjsYSqsc6HcddTthGCwQathmi1Uqh4vuT,TP 50% / SL 25%,-0.6772547288860574
EtyHwLDfAi9E24Qw41xFUW8WtQ3NxajxJA2yaaUASR5a,EtyHwL,BDkLoZwLz45SiJFNNtnTupLBhAgihamKPL19HNsipump,4F978ZwswFv7Q6UqBFyDX7nRzQnzDiVWEwwQF7vLVPKzhcXybHHUfR3vjsYSqsc6HcddTthGCwQathmi1Uqh4vuT,TP 100% / SL 30%,-0.6772547288860574
2kv8X2a9bxnBM8NKLc6BBTX2z13GFNRL4oRotMUJRva9,2kv8X2,EKfBSf5etGkBxgEf9ydZCrtRE8KEHvg5sC7tgFS6pump,4ieWbjXNEMY2vC39noKq64u6MaBdGoHRtyMLtQe8mbbiL1xk9wFuYh7wFZudMxbRawoMfedT5bzg7m9eqgonKQS3,hold 1 slots,0.03463551012857974
2kv8X2a9bxnBM8NKLc6BBTX2z13GFNRL4oRotMUJRva9,2kv8X2,EKfBSf5etGkBxgEf9ydZCrtRE8KEHvg5sC7tgFS6pump,4ieWbjXNEMY2vC39noKq64u6MaBdGoHRtyMLtQe8mbbiL1xk9wFuYh7wFZudMxbRawoMfedT5bzg7m9eqgonKQS3,hold 3 slots,0.03463551012857974
2kv8X2a9bxnBM8NKLc6BBTX2z13GFNRL4oRotMUJRva9,2kv8X2,EKfBSf5etGkBxgEf9ydZCrtRE8KEHvg5sC7tgFS6pump,4ieWbjXNEMY2vC39noKq64u6MaBdGoHRtyMLtQe8mbbiL1xk9wFuYh7wFZudMxbRawoMfedT5bzg7m9eqgonKQS3,hold 5 slots,0.03463551012857974
2kv8X2a9bxnBM8NKLc6BBTX2z13GFNRL4oRotMUJRva9,2kv8X2,EKfBSf5etGkBxgEf9ydZCrtRE8KEHvg5sC7tgFS6pump,4ieWbjXNEMY2vC39noKq64u6MaBdGoHRtyMLtQe8mbbiL1xk9wFuYh7wFZudMxbRawoMfedT5bzg7m9eqgonKQS3,hold 12 slots,0.023916681756991506
2kv8X2a9bxnBM8NKLc6BBTX2z13GFNRL4oRotMUJRva9,2kv8X2,EKfBSf5etGkBxgEf9ydZCrtRE8KEHvg5sC7tgFS6pump,4ieWbjXNEMY2vC39noKq64u6MaBdGoHRtyMLtQe8mbbiL1xk9wFuYh7wFZudMxbRawoMfedT5bzg7m9eqgonKQS3,hold 25 slots,0.17025840761624456
2kv8X2a9bxnBM8NKLc6BBTX2z13GFNRL4oRotMUJRva9,2kv8X2,EKfBSf5etGkBxgEf9ydZCrtRE8KEHvg5sC7tgFS6pump,4ieWbjXNEMY2vC39noKq64u6MaBdGoHRtyMLtQe8mbbiL1xk9wFuYh7wFZudMxbRawoMfedT5bzg7m9eqgonKQS3,hold 50 slots,0.22913138925288867
2kv8X2a9bxnBM8NKLc6BBTX2z13GFNRL4oRotMUJRva9,2kv8X2,EKfBSf5etGkBxgEf9ydZCrtRE8KEHvg5sC7tgFS6pump,4ieWbjXNEMY2vC39noKq64u6MaBdGoHRtyMLtQe8mbbiL1xk9wFuYh7wFZudMxbRawoMfedT5bzg7m9eqgonKQS3,hold 75 slots,0.3831410643918884
2kv8X2a9bxnBM8NKLc6BBTX2z13GFNRL4oRotMUJRva9,2kv8X2,EKfBSf5etGkBxgEf9ydZCrtRE8KEHvg5sC7tgFS6pump,4ieWbjXNEMY2vC39noKq64u6MaBdGoHRtyMLtQe8mbbiL1xk9wFuYh7wFZudMxbRawoMfedT5bzg7m9eqgonKQS3,hold 150 slots,0.8873847599050513
2kv8X2a9bxnBM8NKLc6BBTX2z13GFNRL4oRotMUJRva9,2kv8X2,EKfBSf5etGkBxgEf9ydZCrtRE8KEHvg5sC7tgFS6pump,4ieWbjXNEMY2vC39noKq64u6MaBdGoHRtyMLtQe8mbbiL1xk9wFuYh7wFZudMxbRawoMfedT5bzg7m9eqgonKQS3,TP 10% / SL 10%,0.23131394923974538
2kv8X2a9bxnBM8NKLc6BBTX2z13GFNRL4oRotMUJRva9,2kv8X2,EKfBSf5etGkBxgEf9ydZCrtRE8KEHvg5sC7tgFS6pump,4ieWbjXNEMY2vC39noKq64u6MaBdGoHRtyMLtQe8mbbiL1xk9wFuYh7wFZudMxbRawoMfedT5bzg7m9eqgonKQS3,TP 20% / SL 10%,0.23131394923974538
2kv8X2a9bxnBM8NKLc6BBTX2z13GFNRL4oRotMUJRva9,2kv8X2,EKfBSf5etGkBxgEf9ydZCrtRE8KEHvg5sC7tgFS6pump,4ieWbjXNEMY2vC39noKq64u6MaBdGoHRtyMLtQe8mbbiL1xk9wFuYh7wFZudMxbRawoMfedT5bzg7m9eqgonKQS3,TP 30% / SL 15%,0.3831410643918884
2kv8X2a9bxnBM8NKLc6BBTX2z13GFNRL4oRotMUJRva9,2kv8X2,EKfBSf5etGkBxgEf9ydZCrtRE8KEHvg5sC7tgFS6pump,4ieWbjXNEMY2vC39noKq64u6MaBdGoHRtyMLtQe8mbbiL1xk9wFuYh7wFZudMxbRawoMfedT5bzg7m9eqgonKQS3,TP 50% / SL 25%,0.8247740024788086
2kv8X2a9bxnBM8NKLc6BBTX2z13GFNRL4oRotMUJRva9,2kv8X2,EKfBSf5etGkBxgEf9ydZCrtRE8KEHvg5sC7tgFS6pump,4ieWbjXNEMY2vC39noKq64u6MaBdGoHRtyMLtQe8mbbiL1xk9wFuYh7wFZudMxbRawoMfedT5bzg7m9eqgonKQS3,TP 100% / SL 30%,0.8873847599050513
2kv8X2a9bxnBM8NKLc6BBTX2z13GFNRL4oRotMUJRva9,2kv8X2,EwYudQcf96PAGanfLA9q4Q8QSAUk1QzkbiC3jrbppump,5ZMPJetRPxxy6CM4CwY5kGhYcBYaZ7yveTj2DRF1DxXHJpBR6RWkbKw6pt9uyFHouFTnGmQ93eXgmESxD11zbpaS,follow wallet,0.1961106354792206
2kv8X2a9bxnBM8NKLc6BBTX2z13GFNRL4oRotMUJRva9,2kv8X2,EwYudQcf96PAGanfLA9q4Q8QSAUk1QzkbiC3jrbppump,5ZMPJetRPxxy6CM4CwY5kGhYcBYaZ7yveTj2DRF1DxXHJpBR6RWkbKw6pt9uyFHouFTnGmQ93eXgmESxD11zbpaS,hold 1 slots,-0.07783006860577452
2kv8X2a9bxnBM8NKLc6BBTX2z13GFNRL4oRotMUJRva9,2kv8X2,EwYudQcf96PAGanfLA9q4Q8QSAUk1QzkbiC3jrbppump,5ZMPJetRPxxy6CM4CwY5kGhYcBYaZ7yveTj2DRF1DxXHJpBR6RWkbKw6pt9uyFHouFTnGmQ93eXgmESxD11zbpaS,hold 3 slots,-0.07434532796914375
2kv8X2a9bxnBM8NKLc6BBTX2z13GFNRL4oRotMUJRva9,2kv8X2,EwYudQcf96PAGanfLA9q4Q8QSAUk1QzkbiC3jrbppump,5ZMPJetRPxxy6CM4CwY5kGhYcBYaZ7yveTj2DRF1DxXHJpBR6RWkbKw6pt9uyFHouFTnGmQ93eXgmESxD11zbpaS,hold 5 slots,-0.06853744361614322
2kv8X2a9bxnBM8NKLc6BBTX2z13GFNRL4oRotMUJRva9,2kv8X2,EwYudQcf96PAGanfLA9q4Q8QSAUk1QzkbiC3jrbppump,5ZMPJetRPxxy6CM4CwY5kGhYcBYaZ7yveTj2DRF1DxXHJpBR6RWkbKw6pt9uyFHouFTnGmQ93eXgmESxD11zbpaS,hold 12 slots,0.02779526612102473
2kv8X2a9bxnBM8NKLc6BBTX2z13GFNRL4oRotMUJRva9,2kv8X2,EwYudQcf96PAGanfLA9q4Q8QSAUk1QzkbiC3jrbppump,5ZMPJetRPxxy6CM4CwY5kGhYcBYaZ7yveTj2DRF1DxXHJpBR6RWkbKw6pt9uyFHouFTnGmQ93eXgmESxD11zbpaS,hold 25 slots,0.014235705071870684
2kv8X2a9bxnBM8NKLc6BBTX2z13GFNRL4oRotMUJRva9,2kv8X2,EwYudQcf96PAGanfLA9q4Q8QSAUk1QzkbiC3jrbppump,5ZMPJetRPxxy6CM4CwY5kGhYcBYaZ7yveTj2DRF1DxXHJpBR6RWkbKw6pt9uyFHouFTnGmQ93eXgmESxD11zbpaS,hold 50 slots,-0.05864377094138372
2kv8X2a9bxnBM8NKLc6BBTX2z13GFNRL4oRotMUJRva9,2kv8X2,EwYudQcf96PAGanfLA9q4Q8QSAUk1QzkbiC3jrbppump,5ZMPJetRPxxy6CM4CwY5kGhYcBYaZ7yveTj2DRF1DxXHJpBR6RWkbKw6pt9uyFHouFTnGmQ93eXgmESxD11zbpaS,hold 75 slots,0.1998675951784582
2kv8X2a9bxnBM8NKLc6BBTX2z13GFNRL4oRotMUJRva9,2kv8X2,EwYudQcf96PAGanfLA9q4Q8QSAUk1QzkbiC3jrbppump,5ZMPJetRPxxy6CM4CwY5kGhYcBYaZ7yveTj2DRF1DxXHJpBR6RWkbKw6pt9uyFHouFTnGmQ93eXgmESxD11zbpaS,hold 150 slots,0.34960437676567935
2kv8X2a9bxnBM8NKLc6BBTX2z13GFNRL4oRotMUJRva9,2kv8X2,EwYudQcf96PAGanfLA9q4Q8QSAUk1QzkbiC3jrbppump,5ZMPJetRPxxy6CM4CwY5kGhYcBYaZ7yveTj2DRF1DxXHJpBR6RWkbKw6pt9uyFHouFTnGmQ93eXgmESxD11zbpaS,TP 10% / SL 10%,0.1109817772025721
2kv8X2a9bxnBM8NKLc6BBTX2z13GFNRL4oRotMUJRva9,2kv8X2,EwYudQcf96PAGanfLA9q4Q8QSAUk1QzkbiC3jrbppump,5ZMPJetRPxxy6CM4CwY5kGhYcBYaZ7yveTj2DRF1DxXHJpBR6RWkbKw6pt9uyFHouFTnGmQ93eXgmESxD11zbpaS,TP 20% / SL 10%,0.5761696955570843
2kv8X2a9bxnBM8NKLc6BBTX2z13GFNRL4oRotMUJRva9,2kv8X2,EwYudQcf96PAGanfLA9q4Q8QSAUk1QzkbiC3jrbppump,5ZMPJetRPxxy6CM4CwY5kGhYcBYaZ7yveTj2DRF1DxXHJpBR6RWkbKw6pt9uyFHouFTnGmQ93eXgmESxD11zbpaS,TP 30% / SL 15%,0.5761696955570843
2kv8X2a9bxnBM8NKLc6BBTX2z13GFNRL4oRotMUJRva9,2kv8X2,EwYudQcf96PAGanfLA9q4Q8QSAUk1QzkbiC3jrbppump,5ZMPJetRPxxy6CM4CwY5kGhYcBYaZ7yveTj2DRF1DxXHJpBR6RWkbKw6pt9uyFHouFTnGmQ93eXgmESxD11zbpaS,TP 50% / SL 25%,0.5761696955570843
2kv8X2a9bxnBM8NKLc6BBTX2z13GFNRL4oRotMUJRva9,2kv8X2,EwYudQcf96PAGanfLA9q4Q8QSAUk1QzkbiC3jrbppump,5ZMPJetRPxxy6CM4CwY5kGhYcBYaZ7yveTj2DRF1DxXHJpBR6RWkbKw6pt9uyFHouFTnGmQ93eXgmESxD11zbpaS,TP 100% / SL 30%,0.34960437676567935
2kv8X2a9bxnBM8NKLc6BBTX2z13GFNRL4oRotMUJRva9,2kv8X2,3yxRqmGSTF1e5fK4hy65mykpJZqJmJF62Bv6cAyPpump,4dLtwfKRApSzDD6vwSiKpH3fTXV4va33TYzV68P6NqgTyxAZGyg1yZgqQfbGomj52gCFtsinwJXCKty4WeSr1HFm,follow wallet,-0.23840590843244636
2kv8X2a9bxnBM8NKLc6BBTX2z13GFNRL4oRotMUJRva9,2kv8X2,3yxRqmGSTF1e5fK4hy65mykpJZqJmJF62Bv6cAyPpump,4dLtwfKRApSzDD6vwSiKpH3fTXV4va33TYzV68P6NqgTyxAZGyg1yZgqQfbGomj52gCFtsinwJXCKty4WeSr1HFm,hold 1 slots,0.06761009525928283
2kv8X2a9bxnBM8NKLc6BBTX2z13GFNRL4oRotMUJRva9,2kv8X2,3yxRqmGSTF1e5fK4hy65mykpJZqJmJF62Bv6cAyPpump,4dLtwfKRApSzDD6vwSiKpH3fTXV4va33TYzV68P6NqgTyxAZGyg1yZgqQfbGomj52gCFtsinwJXCKty4WeSr1HFm,hold 3 slots,0.06761009525928283
2kv8X2a9bxnBM8NKLc6BBTX2z13GFNRL4oRotMUJRva9,2kv8X2,3yxRqmGSTF1e5fK4hy65mykpJZqJmJF62Bv6cAyPpump,4dLtwfKRApSzDD6vwSiKpH3fTXV4va33TYzV68P6NqgTyxAZGyg1yZgqQfbGomj52gCFtsinwJXCKty4WeSr1HFm,hold 5 slots,0.014072282855286836
2kv8X2a9bxnBM8NKLc6BBTX2z13GFNRL4oRotMUJRva9,2kv8X2,3yxRqmGSTF1e5fK4hy65mykpJZqJmJF62Bv6cAyPpump,4dLtwfKRApSzDD6vwSiKpH3fTXV4va33TYzV68P6NqgTyxAZGyg1yZgqQfbGomj52gCFtsinwJXCKty4WeSr1HFm,hold 12 slots,0.04006825919011593
2kv8X2a9bxnBM8NKLc6BBTX2z13GFNRL4oRotMUJRva9,2kv8X2,3yxRqmGSTF1e5fK4hy65mykpJZqJmJF62Bv6cAyPpump,4dLtwfKRApSzDD6vwSiKpH3fTXV4va33TYzV68P6NqgTyxAZGyg1yZgqQfbGomj52gCFtsinwJXCKty4WeSr1HFm,hold 25 slots,0.003991865633873224
2kv8X2a9bxnBM8NKLc6BBTX2z13GFNRL4oRotMUJRva9,2kv8X2,3yxRqmGSTF1e5fK4hy65mykpJZqJmJF62Bv6cAyPpump,4dLtwfKRApSzDD6vwSiKpH3fTXV4va33TYzV68P6NqgTyxAZGyg1yZgqQfbGomj52gCFtsinwJXCKty4WeSr1HFm,hold 50 slots,0.04705834649474728
2kv8X2a9bxnBM8NKLc6BBTX2z13GFNRL4oRotMUJRva9,2kv8X2,3yxRqmGSTF1e5fK4hy65mykpJZqJmJF62Bv6cAyPpump,4dLtwfKRApSzDD6vwSiKpH3fTXV4va33TYzV68P6NqgTyxAZGyg1yZgqQfbGomj52gCFtsinwJXCKty4WeSr1HFm,hold 75 slots,0.029535582651324388
2kv8X2a9bxnBM8NKLc6BBTX2z13GFNRL4oRotMUJRva9,2kv8X2,3yxRqmGSTF1e5fK4hy65mykpJZqJmJF62Bv6cAyPpump,4dLtwfKRApSzDD6vwSiKpH3fTXV4va33TYzV68P6NqgTyxAZGyg1yZgqQfbGomj52gCFtsinwJXCKty4WeSr1HFm,hold 150 slots,0.1255130966104138
2kv8X2a9bxnBM8NKLc6BBTX2z13GFNRL4oRotMUJRva9,2kv8X2,3yxRqmGSTF1e5fK4hy65mykpJZqJmJF62Bv6cAyPpump,4dLtwfKRApSzDD6vwSiKpH3fTXV4va33TYzV68P6NqgTyxAZGyg1yZgqQfbGomj52gCFtsinwJXCKty4WeSr1HFm,TP 10% / SL 10%,0.1048946031722002
2kv8X2a9bxnBM8NKLc6BBTX2z13GFNRL4oRotMUJRva9,2kv8X2,3yxRqmGSTF1e5fK4hy65mykpJZqJmJF62Bv6cAyPpump,4dLtwfKRApSzDD6vwSiKpH3fTXV4va33TYzV68P6NqgTyxAZGyg1yZgqQfbGomj52gCFtsinwJXCKty4WeSr1HFm,TP 20% / SL 10%,0.1255130966104138
2kv8X2a9bxnBM8NKLc6BBTX2z13GFNRL4oRotMUJRva9,2kv8X2,3yxRqmGSTF1e5fK4hy65mykpJZqJmJF62Bv6cAyPpump,4dLtwfKRApSzDD6vwSiKpH3fTXV4va33TYzV68P6NqgTyxAZGyg1yZgqQfbGomj52gCFtsinwJXCKty4WeSr1HFm,TP 30% / SL 15%,0.1255130966104138
2kv8X2a9bxnBM8NKLc6BBTX2z13GFNRL4oRotMUJRva9,2kv8X2,3yxRqmGSTF1e5fK4hy65mykpJZqJmJF62Bv6cAyPpump,4dLtwfKRApSzDD6vwSiKpH3fTXV4va33TYzV68P6NqgTyxAZGyg1yZgqQfbGomj52gCFtsinwJXCKty4WeSr1HFm,TP 50% / SL 25%,0.1255130966104138
2kv8X2a9bxnBM8NKLc6BBTX2z13GFNRL4oRotMUJRva9,2kv8X2,3yxRqmGSTF1e5fK4hy65mykpJZqJmJF62Bv6cAyPpump,4dLtwfKRApSzDD6vwSiKpH3fTXV4va33TYzV68P6NqgTyxAZGyg1yZgqQfbGomj52gCFtsinwJXCKty4WeSr1HFm,TP 100% / SL 30%,0.1255130966104138
2kv8X2a9bxnBM8NKLc6BBTX2z13GFNRL4oRotMUJRva9,2kv8X2,Ci93KVsTxrgiMiVp8v367tBborTjiZKkZFB2cdjWpump,4ZNcYNhC3e2LVJU59gV8tQQrrq4S43tp3KmGU3zyn8xktnjCVyzBRAgiy58f4h4sVb7c3wqWSWPRzNr4CbboESdz,follow wallet,-0.3903609524666455
2kv8X2a9bxnBM8NKLc6BBTX2z13GFNRL4oRotMUJRva9,2kv8X2,Ci93KVsTxrgiMiVp8v367tBborTjiZKkZFB2cdjWpump,4ZNcYNhC3e2LVJU59gV8tQQrrq4S43tp3KmGU3zyn8xktnjCVyzBRAgiy58f4h4sVb7c3wqWSWPRzNr4CbboESdz,hold 1 slots,0.02426562747154236
2kv8X2a9bxnBM8NKLc6BBTX2z13GFNRL4oRotMUJRva9,2kv8X2,Ci93KVsTxrgiMiVp8v367tBborTjiZKkZFB2cdjWpump,4ZNcYNhC3e2LVJU59gV8tQQrrq4S43tp3KmGU3zyn8xktnjCVyzBRAgiy58f4h4sVb7c3wqWSWPRzNr4CbboESdz,hold 3 slots,0.10228812212254335
2kv8X2a9bxnBM8NKLc6BBTX2z13GFNRL4oRotMUJRva9,2kv8X2,Ci93KVsTxrgiMiVp8v367tBborTjiZKkZFB2cdjWpump,4ZNcYNhC3e2LVJU59gV8tQQrrq4S43tp3KmGU3zyn8xktnjCVyzBRAgiy58f4h4sVb7c3wqWSWPRzNr4CbboESdz,hold 5 slots,0.09868957406318307
2kv8X2a9bxnBM8NKLc6BBTX2z13GFNRL4oRotMUJRva9,2kv8X2,Ci93KVsTxrgiMiVp8v367tBborTjiZKkZFB2cdjWpump,4ZNcYNhC3e2LVJU59gV8tQQrrq4S43tp3KmGU3zyn8xktnjCVyzBRAgiy58f4h4sVb7c3wqWSWPRzNr4CbboESdz,hold 12 slots,0.10079795395073557
2kv8X2a9bxnBM8NKLc6BBTX2z13GFNRL4oRotMUJRva9,2kv8X2,Ci93KVsTxrgiMiVp8v367tBborTjiZKkZFB2cdjWpump,4ZNcYNhC3e2LVJU59gV8tQQrrq4S43tp3KmGU3zyn8xktnjCVyzBRAgiy58f4h4sVb7c3wqWSWPRzNr4CbboESdz,hold 25 slots,0.1251320338639569
2kv8X2a9bxnBM8NKLc6BBTX2z13GFNRL4oRotMUJRva9,2kv8X2,Ci93KVsTxrgiMiVp8v367tBborTjiZKkZFB2cdjWpump,4ZNcYNhC3e2LVJU59gV8tQQrrq4S43tp3KmGU3zyn8xktnjCVyzBRAgiy58f4h4sVb7c3wqWSWPRzNr4CbboESdz,hold 50 slots,0.20984688667985296
2kv8X2a9bxnBM8NKLc6BBTX2z13GFNRL4oRotMUJRva9,2kv8X2,Ci93KVsTxrgiMiVp8v367tBborTjiZKkZFB2cdjWpump,4ZNcYNhC3e2LVJU59gV8tQQrrq4S43tp3KmGU3zyn8xktnjCVyzBRAgiy58f4h4sVb7c3wqWSWPRzNr4CbboESdz,hold 75 slots,0.265654967692461
2kv8X2a9bxnBM8NKLc6BBTX2z13GFNRL4oRotMUJRva9,2kv8X2,Ci93KVsTxrgiMiVp8v367tBborTjiZKkZFB2cdjWpump,4ZNcYNhC3e2LVJU59gV8tQQrrq4S43tp3KmGU3zyn8xktnjCVyzBRAgiy58f4h4sVb7c3wqWSWPRzNr4CbboESdz,hold 150 slots,0.12077177642432427
2kv8X2a9bxnBM8NKLc6BBTX2z13GFNRL4oRotMUJRva9,2kv8X2,Ci93KVsTxrgiMiVp8v367tBborTjiZKkZFB2cdjWpump,4ZNcYNhC3e2LVJU59gV8tQQrrq4S43tp3KmGU3zyn8xktnjCVyzBRAgiy58f4h4sVb7c3wqWSWPRzNr4CbboESdz,TP 10% / SL 10%,0.10228812212254335
2kv8X2a9bxnBM8NKLc6BBTX2z13GFNRL4oRotMUJRva9,2kv8X2,Ci93KVsTxrgiMiVp8v367tBborTjiZKkZFB2cdjWpump,4ZNcYNhC3e2LVJU59gV8tQQrrq4S43tp3KmGU3zyn8xktnjCVyzBRAgiy58f4h4sVb7c3wqWSWPRzNr4CbboESdz,TP 20% / SL 10%,0.20984688667985296
2kv8X2a9bxnBM8NKLc6BBTX2z13GFNRL4oRotMUJRva9,2kv8X2,Ci93KVsTxrgiMiVp8v367tBborTjiZKkZFB2cdjWpump,4ZNcYNhC3e2LVJU59gV8tQQrrq4S43tp3KmGU3zyn8xktnjCVyzBRAgiy58f4h4sVb7c3wqWSWPRzNr4CbboESdz,TP 30% / SL 15%,0.12077177642432427
2kv8X2a9bxnBM8NKLc6BBTX2z13GFNRL4oRotMUJRva9,2kv8X2,Ci93KVsTxrgiMiVp8v367tBborTjiZKkZFB2cdjWpump,4ZNcYNhC3e2LVJU59gV8tQQrrq4S43tp3KmGU3zyn8xktnjCVyzBRAgiy58f4h4sVb7c3wqWSWPRzNr4CbboESdz,TP 50% / SL 25%,0.12077177642432427
2kv8X2a9bxnBM8NKLc6BBTX2z13GFNRL4oRotMUJRva9,2kv8X2,Ci93KVsTxrgiMiVp8v367tBborTjiZKkZFB2cdjWpump,4ZNcYNhC3e2LVJU59gV8tQQrrq4S43tp3KmGU3zyn8xktnjCVyzBRAgiy58f4h4sVb7c3wqWSWPRzNr4CbboESdz,TP 100% / SL 30%,0.12077177642432427
2kv8X2a9bxnBM8NKLc6BBTX2z13GFNRL4oRotMUJRva9,2kv8X2,8vYJgiQPkpDtbWkDy1wyYDcUq3D9fUXVJUtt6aNEpump,5z5rtwxo4D1eFegowf5pANsJ1ibis15RmKwBP3VTzha4Surw4XYJ1GXSkAw19VVDwhbv5Bq2Q1zDAmaqJQcDg6nk,follow wallet,-0.14612110780512882
2kv8X2a9bxnBM8NKLc6BBTX2z13GFNRL4oRotMUJRva9,2kv8X2,8vYJgiQPkpDtbWkDy1wyYDcUq3D9fUXVJUtt6aNEpump,5z5rtwxo4D1eFegowf5pANsJ1ibis15RmKwBP3VTzha4Surw4XYJ1GXSkAw19VVDwhbv5Bq2Q1zDAmaqJQcDg6nk,hold 1 slots,-0.014273186445803285
2kv8X2a9bxnBM8NKLc6BBTX2z13GFNRL4oRotMUJRva9,2kv8X2,8vYJgiQPkpDtbWkDy1wyYDcUq3D9fUXVJUtt6aNEpump,5z5rtwxo4D1eFegowf5pANsJ1ibis15RmKwBP3VTzha4Surw4XYJ1GXSkAw19VVDwhbv5Bq2Q1zDAmaqJQcDg6nk,hold 3 slots,-0.014273186445803285
2kv8X2a9bxnBM8NKLc6BBTX2z13GFNRL4oRotMUJRva9,2kv8X2,8vYJgiQPkpDtbWkDy1wyYDcUq3D9fUXVJUtt6aNEpump,5z5rtwxo4D1eFegowf5pANsJ1ibis15RmKwBP3VTzha4Surw4XYJ1GXSkAw19VVDwhbv5Bq2Q1zDAmaqJQcDg6nk,hold 5 slots,-0.01400670597270751
2kv8X2a9bxnBM8NKLc6BBTX2z13GFNRL4oRotMUJRva9,2kv8X2,8vYJgiQPkpDtbWkDy1wyYDcUq3D9fUXVJUtt6aNEpump,5z5rtwxo4D1eFegowf5pANsJ1ibis15RmKwBP3VTzha4Surw4XYJ1GXSkAw19VVDwhbv5Bq2Q1zDAmaqJQcDg6nk,hold 12 slots,-0.019807039645765426
2kv8X2a9bxnBM8NKLc6BBTX2z13GFNRL4oRotMUJRva9,2kv8X2,8vYJgiQPkpDtbWkDy1wyYDcUq3D9fUXVJUtt6aNEpump,5z5rtwxo4D1eFegowf5pANsJ1ibis15RmKwBP3VTzha4Surw4XYJ1GXSkAw19VVDwhbv5Bq2Q1zDAmaqJQcDg6nk,hold 25 slots,-0.06666762723343146
2kv8X2a9bxnBM8NKLc6BBTX2z13GFNRL4oRotMUJRva9,2kv8X2,8vYJgiQPkpDtbWkDy1wyYDcUq3D9fUXVJUtt6aNEpump,5z5rtwxo4D1eFegowf5pANsJ1ibis15RmKwBP3VTzha4Surw4XYJ1GXSkAw19VVDwhbv5Bq2Q1zDAmaqJQcDg6nk,hold 50 slots,-0.10895651696347164
2kv8X2a9bxnBM8NKLc6BBTX2z13GFNRL4oRotMUJRva9,2kv8X2,8vYJgiQPkpDtbWkDy1wyYDcUq3D9fUXVJUtt6aNEpump,5z5rtwxo4D1eFegowf5pANsJ1ibis15RmKwBP3VTzha4Surw4XYJ1GXSkAw19VVDwhbv5Bq2Q1zDAmaqJQcDg6nk,hold 75 slots,-0.11834862543387509
2kv8X2a9bxnBM8NKLc6BBTX2z13GFNRL4oRotMUJRva9,2kv8X2,8vYJgiQPkpDtbWkDy1wyYDcUq3D9fUXVJUtt6aNEpump,5z5rtwxo4D1eFegowf5pANsJ1ibis15RmKwBP3VTzha4Surw4XYJ1GXSkAw19VVDwhbv5Bq2Q1zDAmaqJQcDg6nk,hold 150 slots,-0.1803837437200458
2kv8X2a9bxnBM8NKLc6BBTX2z13GFNRL4oRotMUJRva9,2kv8X2,8vYJgiQPkpDtbWkDy1wyYDcUq3D9fUXVJUtt6aNEpump,5z5rtwxo4D1eFegowf5pANsJ1ibis15RmKwBP3VTzha4Surw4XYJ1GXSkAw19VVDwhbv5Bq2Q1zDAmaqJQcDg6nk,TP 10% / SL 10%,-0.14163376899951052
2kv8X2a9bxnBM8NKLc6BBTX2z13GFNRL4oRotMUJRva9,2kv8X2,8vYJgiQPkpDtbWkDy1wyYDcUq3D9fUXVJUtt6aNEpump,5z5rtwxo4D1eFegowf5pANsJ1ibis15RmKwBP3VTzha4Surw4XYJ1GXSkAw19VVDwhbv5Bq2Q1zDAmaqJQcDg6nk,TP 20% / SL 10%,-0.14163376899951052
2kv8X2a9bxnBM8NKLc6BBTX2z13GFNRL4oRotMUJRva9,2kv8X2,8vYJgiQPkpDtbWkDy1wyYDcUq3D9fUXVJUtt6aNEpump,5z5rtwxo4D1eFegowf5pANsJ1ibis15RmKwBP3VTzha4Surw4XYJ1GXSkAw19VVDwhbv5Bq2Q1zDAmaqJQcDg6nk,TP 30% / SL 15%,-0.1803837437200458
2kv8X2a9bxnBM8NKLc6BBTX2z13GFNRL4oRotMUJRva9,2kv8X2,8vYJgiQPkpDtbWkDy1wyYDcUq3D9fUXVJUtt6aNEpump,5z5rtwxo4D1eFegowf5pANsJ1ibis15RmKwBP3VTzha4Surw4XYJ1GXSkAw19VVDwhbv5Bq2Q1zDAmaqJQcDg6nk,TP 50% / SL 25%,-0.1803837437200458
2kv8X2a9bxnBM8NKLc6BBTX2z13GFNRL4oRotMUJRva9,2kv8X2,8vYJgiQPkpDtbWkDy1wyYDcUq3D9fUXVJUtt6aNEpump,5z5rtwxo4D1eFegowf5pANsJ1ibis15RmKwBP3VTzha4Surw4XYJ1GXSkAw19VVDwhbv5Bq2Q1zDAmaqJQcDg6nk,TP 100% / SL 30%,-0.1803837437200458
2hN82SXLUffhG3vxpezRmae1sGrCBMqHHBDxjmjpagqk,2hN82S,Dm24BDfEUQvAefR7HG3W4kwHcBKRj5TAtVG6HaZCpump,5NSkziCfAafHkesmLSsNaF3rtT63Ro5jTWYVKk6nA4YZ1KD7g669qdTnb5g1zihFU2Qrgf1TRRFW2pgEEzcSVQKj,follow wallet,-0.14382294718934144
2hN82SXLUffhG3vxpezRmae1sGrCBMqHHBDxjmjpagqk,2hN82S,Dm24BDfEUQvAefR7HG3W4kwHcBKRj5TAtVG6HaZCpump,5NSkziCfAafHkesmLSsNaF3rtT63Ro5jTWYVKk6nA4YZ1KD7g669qdTnb5g1zihFU2Qrgf1TRRFW2pgEEzcSVQKj,hold 1 slots,-0.056959200610079405
2hN82SXLUffhG3vxpezRmae1sGrCBMqHHBDxjmjpagqk,2hN82S,Dm24BDfEUQvAefR7HG3W4kwHcBKRj5TAtVG6HaZCpump,5NSkziCfAafHkesmLSsNaF3rtT63Ro5jTWYVKk6nA4YZ1KD7g669qdTnb5g1zihFU2Qrgf1TRRFW2pgEEzcSVQKj,hold 3 slots,-0.056959200610079405
2hN82SXLUffhG3vxpezRmae1sGrCBMqHHBDxjmjpagqk,2hN82S,Dm24BDfEUQvAefR7HG3W4kwHcBKRj5TAtVG6HaZCpump,5NSkziCfAafHkesmLSsNaF3rtT63Ro5jTWYVKk6nA4YZ1KD7g669qdTnb5g1zihFU2Qrgf1TRRFW2pgEEzcSVQKj,hold 5 slots,-0.010743543118591308
2hN82SXLUffhG3vxpezRmae1sGrCBMqHHBDxjmjpagqk,2hN82S,Dm24BDfEUQvAefR7HG3W4kwHcBKRj5TAtVG6HaZCpump,5NSkziCfAafHkesmLSsNaF3rtT63Ro5jTWYVKk6nA4YZ1KD7g669qdTnb5g1zihFU2Qrgf1TRRFW2pgEEzcSVQKj,hold 12 slots,0.02294329915836239
2hN82SXLUffhG3vxpezRmae1sGrCBMqHHBDxjmjpagqk,2hN82S,Dm24BDfEUQvAefR7HG3W4kwHcBKRj5TAtVG6HaZCpump,5NSkziCfAafHkesmLSsNaF3rtT63Ro5jTWYVKk6nA4YZ1KD7g669qdTnb5g1zihFU2Qrgf1TRRFW2pgEEzcSVQKj,hold 25 slots,0.02662140417612064
2hN82SXLUffhG3vxpezRmae1sGrCBMqHHBDxjmjpagqk,2hN82S,Dm24BDfEUQvAefR7HG3W4kwHcBKRj5TAtVG6HaZCpump,5NSkziCfAafHkesmLSsNaF3rtT63Ro5jTWYVKk6nA4YZ1KD7g669qdTnb5g1zihFU2Qrgf1TRRFW2pgEEzcSVQKj,hold 50 slots,0.10566701152933955
2hN82SXLUffhG3vxpezRmae1sGrCBMqHHBDxjmjpagqk,2hN82S,Dm24BDfEUQvAefR7HG3W4kwHcBKRj5TAtVG6HaZCpump,5NSkziCfAafHkesmLSsNaF3rtT63Ro5jTWYVKk6nA4YZ1KD7g669qdTnb5g1zihFU2Qrgf1TRRFW2pgEEzcSVQKj,hold 75 slots,0.10610193279345631
2hN82SXLUffhG3vxpezRmae1sGrCBMqHHBDxjmjpagqk,2hN82S,Dm24BDfEUQvAefR7HG3W4kwHcBKRj5TAtVG6HaZCpump,5NSkziCfAafHkesmLSsNaF3rtT63Ro5jTWYVKk6nA4YZ1KD7g669qdTnb5g1zihFU2Qrgf1TRRFW2pgEEzcSVQKj,hold 150 slots,0.040115071927703264
2hN82SXLUffhG3vxpezRmae1sGrCBMqHHBDxjmjpagqk,2hN82S,Dm24BDfEUQvAefR7HG3W4kwHcBKRj5TAtVG6HaZCpump,5NSkziCfAafHkesmLSsNaF3rtT63Ro5jTWYVKk6nA4YZ1KD7g669qdTnb5g1zihFU2Qrgf1TRRFW2pgEEzcSVQKj,TP 10% / SL 10%,0.10566701152933955
2hN82SXLUffhG3vxpezRmae1sGrCBMqHHBDxjmjpagqk,2hN82S,Dm24BDfEUQvAefR7HG3W4kwHcBKRj5TAtVG6HaZCpump,5NSkziCfAafHkesmLSsNaF3rtT63Ro5jTWYVKk6nA4YZ1KD7g669qdTnb5g1zihFU2Qrgf1TRRFW2pgEEzcSVQKj,TP 20% / SL 10%,0.040115071927703264
2hN82SXLUffhG3vxpezRmae1sGrCBMqHHBDxjmjpagqk,2hN82S,Dm24BDfEUQvAefR7HG3W4kwHcBKRj5TAtVG6HaZCpump,5NSkziCfAafHkesmLSsNaF3rtT63Ro5jTWYVKk6nA4YZ1KD7g669qdTnb5g1zihFU2Qrgf1TRRFW2pgEEzcSVQKj,TP 30% / SL 15%,0.040115071927703264
2hN82SXLUffhG3vxpezRmae1sGrCBMqHHBDxjmjpagqk,2hN82S,Dm24BDfEUQvAefR7HG3W4kwHcBKRj5TAtVG6HaZCpump,5NSkziCfAafHkesmLSsNaF3rtT63Ro5jTWYVKk6nA4YZ1KD7g669qdTnb5g1zihFU2Qrgf1TRRFW2pgEEzcSVQKj,TP 50% / SL 25%,0.040115071927703264
2hN82SXLUffhG3vxpezRmae1sGrCBMqHHBDxjmjpagqk,2hN82S,Dm24BDfEUQvAefR7HG3W4kwHcBKRj5TAtVG6HaZCpump,5NSkziCfAafHkesmLSsNaF3rtT63Ro5jTWYVKk6nA4YZ1KD7g669qdTnb5g1zihFU2Qrgf1TRRFW2pgEEzcSVQKj,TP 100% / SL 30%,0.040115071927703264
2hN82SXLUffhG3vxpezRmae1sGrCBMqHHBDxjmjpagqk,2hN82S,DrYcqaGPk2nDzLUCxUifxawejvWUfgFU7jLLp5pXpump,4J4JqxiYpkg9FLbvuuA7JTJozCk3iidMhoVaWNYnB6acxWAHXE4DYnybKTZdyWBJirMC5RTuN4xQVG8bHHujGTbt,follow wallet,-0.19704549151242245
2hN82SXLUffhG3vxpezRmae1sGrCBMqHHBDxjmjpagqk,2hN82S,DrYcqaGPk2nDzLUCxUifxawejvWUfgFU7jLLp5pXpump,4J4JqxiYpkg9FLbvuuA7JTJozCk3iidMhoVaWNYnB6acxWAHXE4DYnybKTZdyWBJirMC5RTuN4xQVG8bHHujGTbt,hold 1 slots,-0.061479554197766184
2hN82SXLUffhG3vxpezRmae1sGrCBMqHHBDxjmjpagqk,2hN82S,DrYcqaGPk2nDzLUCxUifxawejvWUfgFU7jLLp5pXpump,4J4JqxiYpkg9FLbvuuA7JTJozCk3iidMhoVaWNYnB6acxWAHXE4DYnybKTZdyWBJirMC5RTuN4xQVG8bHHujGTbt,hold 3 slots,-0.08288492378907539
2hN82SXLUffhG3vxpezRmae1sGrCBMqHHBDxjmjpagqk,2hN82S,DrYcqaGPk2nDzLUCxUifxawejvWUfgFU7jLLp5pXpump,4J4JqxiYpkg9FLbvuuA7JTJozCk3iidMhoVaWNYnB6acxWAHXE4DYnybKTZdyWBJirMC5RTuN4xQVG8bHHujGTbt,hold 5 slots,-0.06471566129308046
2hN82SXLUffhG3vxpezRmae1sGrCBMqHHBDxjmjpagqk,2hN82S,DrYcqaGPk2nDzLUCxUifxawejvWUfgFU7jLLp5pXpump,4J4JqxiYpkg9FLbvuuA7JTJozCk3iidMhoVaWNYnB6acxWAHXE4DYnybKTZdyWBJirMC5RTuN4xQVG8bHHujGTbt,hold 12 slots,-0.06471566129308046
2hN82SXLUffhG3vxpezRmae1sGrCBMqHHBDxjmjpagqk,2hN82S,DrYcqaGPk2nDzLUCxUifxawejvWUfgFU7jLLp5pXpump,4J4JqxiYpkg9FLbvuuA7JTJozCk3iidMhoVaWNYnB6acxWAHXE4DYnybKTZdyWBJirMC5RTuN4xQVG8bHHujGTbt,hold 25 slots,-0.08454969603198789
2hN82SXLUffhG3vxpezRmae1sGrCBMqHHBDxjmjpagqk,2hN82S,DrYcqaGPk2nDzLUCxUifxawejvWUfgFU7jLLp5pXpump,4J4JqxiYpkg9FLbvuuA7JTJozCk3iidMhoVaWNYnB6acxWAHXE4DYnybKTZdyWBJirMC5RTuN4xQVG8bHHujGTbt,hold 50 slots,-0.12406085931091618
2hN82SXLUffhG3vxpezRmae1sGrCBMqHHBDxjmjpagqk,2hN82S,DrYcqaGPk2nDzLUCxUifxawejvWUfgFU7jLLp5pXpump,4J4JqxiYpkg9FLbvuuA7JTJozCk3iidMhoVaWNYnB6acxWAHXE4DYnybKTZdyWBJirMC5RTuN4xQVG8bHHujGTbt,hold 75 slots,-0.12406085931091618
2hN82SXLUffhG3vxpezRmae1sGrCBMqHHBDxjmjpagqk,2hN82S,DrYcqaGPk2nDzLUCxUifxawejvWUfgFU7jLLp5pXpump,4J4JqxiYpkg9FLbvuuA7JTJozCk3iidMhoVaWNYnB6acxWAHXE4DYnybKTZdyWBJirMC5RTuN4xQVG8bHHujGTbt,hold 150 slots,-0.14187994387664365
2hN82SXLUffhG3vxpezRmae1sGrCBMqHHBDxjmjpagqk,2hN82S,DrYcqaGPk2nDzLUCxUifxawejvWUfgFU7jLLp5pXpump,4J4JqxiYpkg9FLbvuuA7JTJozCk3iidMhoVaWNYnB6acxWAHXE4DYnybKTZdyWBJirMC5RTuN4xQVG8bHHujGTbt,TP 10% / SL 10%,-0.12406085931091618
2hN82SXLUffhG3vxpezRmae1sGrCBMqHHBDxjmjpagqk,2hN82S,DrYcqaGPk2nDzLUCxUifxawejvWUfgFU7jLLp5pXpump,4J4JqxiYpkg9FLbvuuA7JTJozCk3iidMhoVaWNYnB6acxWAHXE4DYnybKTZdyWBJirMC5RTuN4xQVG8bHHujGTbt,TP 20% / SL 10%,-0.12406085931091618
2hN82SXLUffhG3vxpezRmae1sGrCBMqHHBDxjmjpagqk,2hN82S,DrYcqaGPk2nDzLUCxUifxawejvWUfgFU7jLLp5pXpump,4J4JqxiYpkg9FLbvuuA7JTJozCk3iidMhoVaWNYnB6acxWAHXE4DYnybKTZdyWBJirMC5RTuN4xQVG8bHHujGTbt,TP 30% / SL 15%,-0.14187994387664365
2hN82SXLUffhG3vxpezRmae1sGrCBMqHHBDxjmjpagqk,2hN82S,DrYcqaGPk2nDzLUCxUifxawejvWUfgFU7jLLp5pXpump,4J4JqxiYpkg9FLbvuuA7JTJozCk3iidMhoVaWNYnB6acxWAHXE4DYnybKTZdyWBJirMC5RTuN4xQVG8bHHujGTbt,TP 50% / SL 25%,-0.14187994387664365
2hN82SXLUffhG3vxpezRmae1sGrCBMqHHBDxjmjpagqk,2hN82S,DrYcqaGPk2nDzLUCxUifxawejvWUfgFU7jLLp5pXpump,4J4JqxiYpkg9FLbvuuA7JTJozCk3iidMhoVaWNYnB6acxWAHXE4DYnybKTZdyWBJirMC5RTuN4xQVG8bHHujGTbt,TP 100% / SL 30%,-0.14187994387664365
JDd3hy3gQn2V982mi1zqhNqUw1GfV2UL6g76STojCJPN,JDd3hy,ULKWPZLe5KEtu673BCpQ4ZGnT3APHiM7vrWUtMApump,27tf1jeAe7oq5o6TSg8y61h8khJEczoXvEdr1Lz1fLe1sUPKzrVLnqKhdc18DxKpv1A7LcYFWdRWUVz3NsrsiAad,follow wallet,-0.047297836545210005
JDd3hy3gQn2V982mi1zqhNqUw1GfV2UL6g76STojCJPN,JDd3hy,ULKWPZLe5KEtu673BCpQ4ZGnT3APHiM7vrWUtMApump,27tf1jeAe7oq5o6TSg8y61h8khJEczoXvEdr1Lz1fLe1sUPKzrVLnqKhdc18DxKpv1A7LcYFWdRWUVz3NsrsiAad,hold 1 slots,-0.06263740200857795
JDd3hy3gQn2V982mi1zqhNqUw1GfV2UL6g76STojCJPN,JDd3hy,ULKWPZLe5KEtu673BCpQ4ZGnT3APHiM7vrWUtMApump,27tf1jeAe7oq5o6TSg8y61h8khJEczoXvEdr1Lz1fLe1sUPKzrVLnqKhdc18DxKpv1A7LcYFWdRWUVz3NsrsiAad,hold 3 slots,-0.04411437827090395
JDd3hy3gQn2V982mi1zqhNqUw1GfV2UL6g76STojCJPN,JDd3hy,ULKWPZLe5KEtu673BCpQ4ZGnT3APHiM7vrWUtMApump,27tf1jeAe7oq5o6TSg8y61h8khJEczoXvEdr1Lz1fLe1sUPKzrVLnqKhdc18DxKpv1A7LcYFWdRWUVz3NsrsiAad,hold 5 slots,-0.04411437827090395
JDd3hy3gQn2V982mi1zqhNqUw1GfV2UL6g76STojCJPN,JDd3hy,ULKWPZLe5KEtu673BCpQ4ZGnT3APHiM7vrWUtMApump,27tf1jeAe7oq5o6TSg8y61h8khJEczoXvEdr1Lz1fLe1sUPKzrVLnqKhdc18DxKpv1A7LcYFWdRWUVz3NsrsiAad,hold 12 slots,-0.06572961097261382
JDd3hy3gQn2V982mi1zqhNqUw1GfV2UL6g76STojCJPN,JDd3hy,ULKWPZLe5KEtu673BCpQ4ZGnT3APHiM7vrWUtMApump,27tf1jeAe7oq5o6TSg8y61h8khJEczoXvEdr1Lz1fLe1sUPKzrVLnqKhdc18DxKpv1A7LcYFWdRWUVz3NsrsiAad,hold 25 slots,-0.06572961094121121
JDd3hy3gQn2V982mi1zqhNqUw1GfV2UL6g76STojCJPN,JDd3hy,ULKWPZLe5KEtu673BCpQ4ZGnT3APHiM7vrWUtMApump,27tf1jeAe7oq5o6TSg8y61h8khJEczoXvEdr1Lz1fLe1sUPKzrVLnqKhdc18DxKpv1A7LcYFWdRWUVz3NsrsiAad,hold 50 slots,-0.05643790965136051
JDd3hy3gQn2V982mi1zqhNqUw1GfV2UL6g76STojCJPN,JDd3hy,ULKWPZLe5KEtu673BCpQ4ZGnT3APHiM7vrWUtMApump,27tf1jeAe7oq5o6TSg8y61h8khJEczoXvEdr1Lz1fLe1sUPKzrVLnqKhdc18DxKpv1A7LcYFWdRWUVz3NsrsiAad,hold 75 slots,-0.06572961075275088
JDd3hy3gQn2V982mi1zqhNqUw1GfV2UL6g76STojCJPN,JDd3hy,ULKWPZLe5KEtu673BCpQ4ZGnT3APHiM7vrWUtMApump,27tf1jeAe7oq5o6TSg8y61h8khJEczoXvEdr1Lz1fLe1sUPKzrVLnqKhdc18DxKpv1A7LcYFWdRWUVz3NsrsiAad,hold 150 slots,-0.04734931990180147
JDd3hy3gQn2V982mi1zqhNqUw1GfV2UL6g76STojCJPN,JDd3hy,ULKWPZLe5KEtu673BCpQ4ZGnT3APHiM7vrWUtMApump,27tf1jeAe7oq5o6TSg8y61h8khJEczoXvEdr1Lz1fLe1sUPKzrVLnqKhdc18DxKpv1A7LcYFWdRWUVz3NsrsiAad,TP 10% / SL 10%,-0.04734931990180147
JDd3hy3gQn2V982mi1zqhNqUw1GfV2UL6g76STojCJPN,JDd3hy,ULKWPZLe5KEtu673BCpQ4ZGnT3APHiM7vrWUtMApump,27tf1jeAe7oq5o6TSg8y61h8khJEczoXvEdr1Lz1fLe1sUPKzrVLnqKhdc18DxKpv1A7LcYFWdRWUVz3NsrsiAad,TP 20% / SL 10%,-0.04734931990180147
JDd3hy3gQn2V982mi1zqhNqUw1GfV2UL6g76STojCJPN,JDd3hy,ULKWPZLe5KEtu673BCpQ4ZGnT3APHiM7vrWUtMApump,27tf1jeAe7oq5o6TSg8y61h8khJEczoXvEdr1Lz1fLe1sUPKzrVLnqKhdc18DxKpv1A7LcYFWdRWUVz3NsrsiAad,TP 30% / SL 15%,-0.04734931990180147
JDd3hy3gQn2V982mi1zqhNqUw1GfV2UL6g76STojCJPN,JDd3hy,ULKWPZLe5KEtu673BCpQ4ZGnT3APHiM7vrWUtMApump,27tf1jeAe7oq5o6TSg8y61h8khJEczoXvEdr1Lz1fLe1sUPKzrVLnqKhdc18DxKpv1A7LcYFWdRWUVz3NsrsiAad,TP 50% / SL 25%,-0.04734931990180147
JDd3hy3gQn2V982mi1zqhNqUw1GfV2UL6g76STojCJPN,JDd3hy,ULKWPZLe5KEtu673BCpQ4ZGnT3APHiM7vrWUtMApump,27tf1jeAe7oq5o6TSg8y61h8khJEczoXvEdr1Lz1fLe1sUPKzrVLnqKhdc18DxKpv1A7LcYFWdRWUVz3NsrsiAad,TP 100% / SL 30%,-0.04734931990180147
JDd3hy3gQn2V982mi1zqhNqUw1GfV2UL6g76STojCJPN,JDd3hy,Agx1SMCUbc1t58H5gvpRR5kGLWDFuUTeirUhM1zDpump,2mVwcxUL4kK95nTVqKSsAuBjEC6ETBPndj1b7a7pEwY4PpHpcnLr22nGZpanWTwKUhzgPjrSVCM98Hvn8ZPVtJpC,follow wallet,-0.054381125938069465
JDd3hy3gQn2V982mi1zqhNqUw1GfV2UL6g76STojCJPN,JDd3hy,Agx1SMCUbc1t58H5gvpRR5kGLWDFuUTeirUhM1zDpump,2mVwcxUL4kK95nTVqKSsAuBjEC6ETBPndj1b7a7pEwY4PpHpcnLr22nGZpanWTwKUhzgPjrSVCM98Hvn8ZPVtJpC,hold 1 slots,-0.05446335339174199
JDd3hy3gQn2V982mi1zqhNqUw1GfV2UL6g76STojCJPN,JDd3hy,Agx1SMCUbc1t58H5gvpRR5kGLWDFuUTeirUhM1zDpump,2mVwcxUL4kK95nTVqKSsAuBjEC6ETBPndj1b7a7pEwY4PpHpcnLr22nGZpanWTwKUhzgPjrSVCM98Hvn8ZPVtJpC,hold 3 slots,-0.05085500509659302
JDd3hy3gQn2V982mi1zqhNqUw1GfV2UL6g76STojCJPN,JDd3hy,Agx1SMCUbc1t58H5gvpRR5kGLWDFuUTeirUhM1zDpump,2mVwcxUL4kK95nTVqKSsAuBjEC6ETBPndj1b7a7pEwY4PpHpcnLr22nGZpanWTwKUhzgPjrSVCM98Hvn8ZPVtJpC,hold 5 slots,-0.018007916431170702
JDd3hy3gQn2V982mi1zqhNqUw1GfV2UL6g76STojCJPN,JDd3hy,Agx1SMCUbc1t58H5gvpRR5kGLWDFuUTeirUhM1zDpump,2mVwcxUL4kK95nTVqKSsAuBjEC6ETBPndj1b7a7pEwY4PpHpcnLr22nGZpanWTwKUhzgPjrSVCM98Hvn8ZPVtJpC,hold 12 slots,0.021042005443320275
JDd3hy3gQn2V982mi1zqhNqUw1GfV2UL6g76STojCJPN,JDd3hy,Agx1SMCUbc1t58H5gvpRR5kGLWDFuUTeirUhM1zDpump,2mVwcxUL4kK95nTVqKSsAuBjEC6ETBPndj1b7a7pEwY4PpHpcnLr22nGZpanWTwKUhzgPjrSVCM98Hvn8ZPVtJpC,hold 25 slots,-0.05425645986657166
JDd3hy3gQn2V982mi1zqhNqUw1GfV2UL6g76STojCJPN,JDd3hy,Agx1SMCUbc1t58H5gvpRR5kGLWDFuUTeirUhM1zDpump,2mVwcxUL4kK95nTVqKSsAuBjEC6ETBPndj1b7a7pEwY4PpHpcnLr22nGZpanWTwKUhzgPjrSVCM98Hvn8ZPVtJpC,hold 50 slots,-0.11026758584125984
JDd3hy3gQn2V982mi1zqhNqUw1GfV2UL6g76STojCJPN,JDd3hy,Agx1SMCUbc1t58H5gvpRR5kGLWDFuUTeirUhM1zDpump,2mVwcxUL4kK95nTVqKSsAuBjEC6ETBPndj1b7a7pEwY4PpHpcnLr22nGZpanWTwKUhzgPjrSVCM98Hvn8ZPVtJpC,hold 75 slots,-0.20123481991160524
JDd3hy3gQn2V982mi1zqhNqUw1GfV2UL6g76STojCJPN,JDd3hy,Agx1SMCUbc1t58H5gvpRR5kGLWDFuUTeirUhM1zDpump,2mVwcxUL4kK95nTVqKSsAuBjEC6ETBPndj1b7a7pEwY4PpHpcnLr22nGZpanWTwKUhzgPjrSVCM98Hvn8ZPVtJpC,hold 150 slots,-0.370636766186286
JDd3hy3gQn2V982mi1zqhNqUw1GfV2UL6g76STojCJPN,JDd3hy,Agx1SMCUbc1t58H5gvpRR5kGLWDFuUTeirUhM1zDpump,2mVwcxUL4kK95nTVqKSsAuBjEC6ETBPndj1b7a7pEwY4PpHpcnLr22nGZpanWTwKUhzgPjrSVCM98Hvn8ZPVtJpC,TP 10% / SL 10%,-0.11026758584125984
JDd3hy3gQn2V982mi1zqhNqUw1GfV2UL6g76STojCJPN,JDd3hy,Agx1SMCUbc1t58H5gvpRR5kGLWDFuUTeirUhM1zDpump,2mVwcxUL4kK95nTVqKSsAuBjEC6ETBPndj1b7a7pEwY4PpHpcnLr22nGZpanWTwKUhzgPjrSVCM98Hvn8ZPVtJpC,TP 20% / SL 10%,-0.11026758584125984
JDd3hy3gQn2V982mi1zqhNqUw1GfV2UL6g76STojCJPN,JDd3hy,Agx1SMCUbc1t58H5gvpRR5kGLWDFuUTeirUhM1zDpump,2mVwcxUL4kK95nTVqKSsAuBjEC6ETBPndj1b7a7pEwY4PpHpcnLr22nGZpanWTwKUhzgPjrSVCM98Hvn8ZPVtJpC,TP 30% / SL 15%,-0.20123481991160524
JDd3hy3gQn2V982mi1zqhNqUw1GfV2UL6g76STojCJPN,JDd3hy,Agx1SMCUbc1t58H5gvpRR5kGLWDFuUTeirUhM1zDpump,2mVwcxUL4kK95nTVqKSsAuBjEC6ETBPndj1b7a7pEwY4PpHpcnLr22nGZpanWTwKUhzgPjrSVCM98Hvn8ZPVtJpC,TP 50% / SL 25%,-0.2797476262982495
JDd3hy3gQn2V982mi1zqhNqUw1GfV2UL6g76STojCJPN,JDd3hy,Agx1SMCUbc1t58H5gvpRR5kGLWDFuUTeirUhM1zDpump,2mVwcxUL4kK95nTVqKSsAuBjEC6ETBPndj1b7a7pEwY4PpHpcnLr22nGZpanWTwKUhzgPjrSVCM98Hvn8ZPVtJpC,TP 100% / SL 30%,-0.370636766186286
9v9Xsxxu2pi4cDkTHtyL1Rg417uga48R2VcCP4L1Pe9R,9v9Xsx,9ED8J38KhyQFsPM4Eb44EzYmdLRhMuvVf6k81NM7pump,5wmk4YcgvELjEqaRaDksDEMLqHzrjpSpAJc2VyoPvZ3ihz1gT3yqaVwibPUYWvdPi5oyvakKDhkesbmR5mjDW64X,follow wallet,-0.38523123017138183
9v9Xsxxu2pi4cDkTHtyL1Rg417uga48R2VcCP4L1Pe9R,9v9Xsx,9ED8J38KhyQFsPM4Eb44EzYmdLRhMuvVf6k81NM7pump,5wmk4YcgvELjEqaRaDksDEMLqHzrjpSpAJc2VyoPvZ3ihz1gT3yqaVwibPUYWvdPi5oyvakKDhkesbmR5mjDW64X,hold 1 slots,-0.057537094116066334
9v9Xsxxu2pi4cDkTHtyL1Rg417uga48R2VcCP4L1Pe9R,9v9Xsx,9ED8J38KhyQFsPM4Eb44EzYmdLRhMuvVf6k81NM7pump,5wmk4YcgvELjEqaRaDksDEMLqHzrjpSpAJc2VyoPvZ3ihz1gT3yqaVwibPUYWvdPi5oyvakKDhkesbmR5mjDW64X,hold 3 slots,-0.0409785045617646
9v9Xsxxu2pi4cDkTHtyL1Rg417uga48R2VcCP4L1Pe9R,9v9Xsx,9ED8J38KhyQFsPM4Eb44EzYmdLRhMuvVf6k81NM7pump,5wmk4YcgvELjEqaRaDksDEMLqHzrjpSpAJc2VyoPvZ3ihz1gT3yqaVwibPUYWvdPi5oyvakKDhkesbmR5mjDW64X,hold 5 slots,-0.030028243609936594
9v9Xsxxu2pi4cDkTHtyL1Rg417uga48R2VcCP4L1Pe9R,9v9Xsx,9ED8J38KhyQFsPM4Eb44EzYmdLRhMuvVf6k81NM7pump,5wmk4YcgvELjEqaRaDksDEMLqHzrjpSpAJc2VyoPvZ3ihz1gT3yqaVwibPUYWvdPi5oyvakKDhkesbmR5mjDW64X,hold 12 slots,-0.051339087248160366
9v9Xsxxu2pi4cDkTHtyL1Rg417uga48R2VcCP4L1Pe9R,9v9Xsx,9ED8J38KhyQFsPM4Eb44EzYmdLRhMuvVf6k81NM7pump,5wmk4YcgvELjEqaRaDksDEMLqHzrjpSpAJc2VyoPvZ3ihz1gT3yqaVwibPUYWvdPi5oyvakKDhkesbmR5mjDW64X,hold 25 slots,0.012101060207009913
9v9Xsxxu2pi4cDkTHtyL1Rg417uga48R2VcCP4L1Pe9R,9v9Xsx,9ED8J38KhyQFsPM4Eb44EzYmdLRhMuvVf6k81NM7pump,5wmk4YcgvELjEqaRaDksDEMLqHzrjpSpAJc2VyoPvZ3ihz1gT3yqaVwibPUYWvdPi5oyvakKDhkesbmR5mjDW64X,hold 50 slots,-0.11708804692891966
9v9Xsxxu2pi4cDkTHtyL1Rg417uga48R2VcCP4L1Pe9R,9v9Xsx,9ED8J38KhyQFsPM4Eb44EzYmdLRhMuvVf6k81NM7pump,5wmk4YcgvELjEqaRaDksDEMLqHzrjpSpAJc2VyoPvZ3ihz1gT3yqaVwibPUYWvdPi5oyvakKDhkesbmR5mjDW64X,hold 75 slots,-0.21919522380490053
9v9Xsxxu2pi4cDkTHtyL1Rg417uga48R2VcCP4L1Pe9R,9v9Xsx,9ED8J38KhyQFsPM4Eb44EzYmdLRhMuvVf6k81NM7pump,5wmk4YcgvELjEqaRaDksDEMLqHzrjpSpAJc2VyoPvZ3ihz1gT3yqaVwibPUYWvdPi5oyvakKDhkesbmR5mjDW64X,hold 150 slots,-0.4929104622300153
9v9Xsxxu2pi4cDkTHtyL1Rg417uga48R2VcCP4L1Pe9R,9v9Xsx,9ED8J38KhyQFsPM4Eb44EzYmdLRhMuvVf6k81NM7pump,5wmk4YcgvELjEqaRaDksDEMLqHzrjpSpAJc2VyoPvZ3ihz1gT3yqaVwibPUYWvdPi5oyvakKDhkesbmR5mjDW64X,TP 10% / SL 10%,-0.11708804692891966
9v9Xsxxu2pi4cDkTHtyL1Rg417uga48R2VcCP4L1Pe9R,9v9Xsx,9ED8J38KhyQFsPM4Eb44EzYmdLRhMuvVf6k81NM7pump,5wmk4YcgvELjEqaRaDksDEMLqHzrjpSpAJc2VyoPvZ3ihz1gT3yqaVwibPUYWvdPi5oyvakKDhkesbmR5mjDW64X,TP 20% / SL 10%,-0.11708804692891966
9v9Xsxxu2pi4cDkTHtyL1Rg417uga48R2VcCP4L1Pe9R,9v9Xsx,9ED8J38KhyQFsPM4Eb44EzYmdLRhMuvVf6k81NM7pump,5wmk4YcgvELjEqaRaDksDEMLqHzrjpSpAJc2VyoPvZ3ihz1gT3yqaVwibPUYWvdPi5oyvakKDhkesbmR5mjDW64X,TP 30% / SL 15%,-0.21919522380490053
9v9Xsxxu2pi4cDkTHtyL1Rg417uga48R2VcCP4L1Pe9R,9v9Xsx,9ED8J38KhyQFsPM4Eb44EzYmdLRhMuvVf6k81NM7pump,5wmk4YcgvELjEqaRaDksDEMLqHzrjpSpAJc2VyoPvZ3ihz1gT3yqaVwibPUYWvdPi5oyvakKDhkesbmR5mjDW64X,TP 50% / SL 25%,-0.4929104622300153
9v9Xsxxu2pi4cDkTHtyL1Rg417uga48R2VcCP4L1Pe9R,9v9Xsx,9ED8J38KhyQFsPM4Eb44EzYmdLRhMuvVf6k81NM7pump,5wmk4YcgvELjEqaRaDksDEMLqHzrjpSpAJc2VyoPvZ3ihz1gT3yqaVwibPUYWvdPi5oyvakKDhkesbmR5mjDW64X,TP 100% / SL 30%,-0.4929104622300153
9v9Xsxxu2pi4cDkTHtyL1Rg417uga48R2VcCP4L1Pe9R,9v9Xsx,8hbxJVhsDXsQwVm5u5UwvVseHZiUsQLwYqd6R2YTpump,2xB7Qr5bQnD6z3zvSxV3NYKFWQXjtVNY2N1o8NLTEyLBRkDQJzQGcTHWZHYagRz3PoKk6GgeKQ7sQ6P6zfqfws68,follow wallet,1.9954937376844617
9v9Xsxxu2pi4cDkTHtyL1Rg417uga48R2VcCP4L1Pe9R,9v9Xsx,8hbxJVhsDXsQwVm5u5UwvVseHZiUsQLwYqd6R2YTpump,2xB7Qr5bQnD6z3zvSxV3NYKFWQXjtVNY2N1o8NLTEyLBRkDQJzQGcTHWZHYagRz3PoKk6GgeKQ7sQ6P6zfqfws68,hold 1 slots,-0.057040537930511476
9v9Xsxxu2pi4cDkTHtyL1Rg417uga48R2VcCP4L1Pe9R,9v9Xsx,8hbxJVhsDXsQwVm5u5UwvVseHZiUsQLwYqd6R2YTpump,2xB7Qr5bQnD6z3zvSxV3NYKFWQXjtVNY2N1o8NLTEyLBRkDQJzQGcTHWZHYagRz3PoKk6GgeKQ7sQ6P6zfqfws68,hold 3 slots,-0.057040537930511476
9v9Xsxxu2pi4cDkTHtyL1Rg417uga48R2VcCP4L1Pe9R,9v9Xsx,8hbxJVhsDXsQwVm5u5UwvVseHZiUsQLwYqd6R2YTpump,2xB7Qr5bQnD6z3zvSxV3NYKFWQXjtVNY2N1o8NLTEyLBRkDQJzQGcTHWZHYagRz3PoKk6GgeKQ7sQ6P6zfqfws68,hold 5 slots,-0.057040537930511476
9v9Xsxxu2pi4cDkTHtyL1Rg417uga48R2VcCP4L1Pe9R,9v9Xsx,8hbxJVhsDXsQwVm5u5UwvVseHZiUsQLwYqd6R2YTpump,2xB7Qr5bQnD6z3zvSxV3NYKFWQXjtVNY2N1o8NLTEyLBRkDQJzQGcTHWZHYagRz3PoKk6GgeKQ7sQ6P6zfqfws68,hold 12 slots,-0.15993802930941653
9v9Xsxxu2pi4cDkTHtyL1Rg417uga48R2VcCP4L1Pe9R,9v9Xsx,8hbxJVhsDXsQwVm5u5UwvVseHZiUsQLwYqd6R2YTpump,2xB7Qr5bQnD6z3zvSxV3NYKFWQXjtVNY2N1o8NLTEyLBRkDQJzQGcTHWZHYagRz3PoKk6GgeKQ7sQ6P6zfqfws68,hold 25 slots,-0.11778406481661319
9v9Xsxxu2pi4cDkTHtyL1Rg417uga48R2VcCP4L1Pe9R,9v9Xsx,8hbxJVhsDXsQwVm5u5UwvVseHZiUsQLwYqd6R2YTpump,2xB7Qr5bQnD6z3zvSxV3NYKFWQXjtVNY2N1o8NLTEyLBRkDQJzQGcTHWZHYagRz3PoKk6GgeKQ7sQ6P6zfqfws68,hold 50 slots,-0.047045870306486846
9v9Xsxxu2pi4cDkTHtyL1Rg417uga48R2VcCP4L1Pe9R,9v9Xsx,8hbxJVhsDXsQwVm5u5UwvVseHZiUsQLwYqd6R2YTpump,2xB7Qr5bQnD6z3zvSxV3NYKFWQXjtVNY2N1o8NLTEyLBRkDQJzQGcTHWZHYagRz3PoKk6GgeKQ7sQ6P6zfqfws68,hold 75 slots,-0.007818870897744775
9v9Xsxxu2pi4cDkTHtyL1Rg417uga48R2VcCP4L1Pe9R,9v9Xsx,8hbxJVhsDXsQwVm5u5UwvVseHZiUsQLwYqd6R2YTpump,2xB7Qr5bQnD6z3zvSxV3NYKFWQXjtVNY2N1o8NLTEyLBRkDQJzQGcTHWZHYagRz3PoKk6GgeKQ7sQ6P6zfqfws68,hold 150 slots,0.5408628831689666
9v9Xsxxu2pi4cDkTHtyL1Rg417uga48R2VcCP4L1Pe9R,9v9Xsx,8hbxJVhsDXsQwVm5u5UwvVseHZiUsQLwYqd6R2YTpump,2xB7Qr5bQnD6z3zvSxV3NYKFWQXjtVNY2N1o8NLTEyLBRkDQJzQGcTHWZHYagRz3PoKk6GgeKQ7sQ6P6zfqfws68,TP 10% / SL 10%,-0.13496105787186408
9v9Xsxxu2pi4cDkTHtyL1Rg417uga48R2VcCP4L1Pe9R,9v9Xsx,8hbxJVhsDXsQwVm5u5UwvVseHZiUsQLwYqd6R2YTpump,2xB7Qr5bQnD6z3zvSxV3NYKFWQXjtVNY2N1o8NLTEyLBRkDQJzQGcTHWZHYagRz3PoKk6GgeKQ7sQ6P6zfqfws68,TP 20% / SL 10%,-0.13496105787186408
9v9Xsxxu2pi4cDkTHtyL1Rg417uga48R2VcCP4L1Pe9R,9v9Xsx,8hbxJVhsDXsQwVm5u5UwvVseHZiUsQLwYqd6R2YTpump,2xB7Qr5bQnD6z3zvSxV3NYKFWQXjtVNY2N1o8NLTEyLBRkDQJzQGcTHWZHYagRz3PoKk6GgeKQ7sQ6P6zfqfws68,TP 30% / SL 15%,-0.15993802930941653
9v9Xsxxu2pi4cDkTHtyL1Rg417uga48R2VcCP4L1Pe9R,9v9Xsx,8hbxJVhsDXsQwVm5u5UwvVseHZiUsQLwYqd6R2YTpump,2xB7Qr5bQnD6z3zvSxV3NYKFWQXjtVNY2N1o8NLTEyLBRkDQJzQGcTHWZHYagRz3PoKk6GgeKQ7sQ6P6zfqfws68,TP 50% / SL 25%,0.5408628831689666
9v9Xsxxu2pi4cDkTHtyL1Rg417uga48R2VcCP4L1Pe9R,9v9Xsx,8hbxJVhsDXsQwVm5u5UwvVseHZiUsQLwYqd6R2YTpump,2xB7Qr5bQnD6z3zvSxV3NYKFWQXjtVNY2N1o8NLTEyLBRkDQJzQGcTHWZHYagRz3PoKk6GgeKQ7sQ6P6zfqfws68,TP 100% / SL 30%,0.5408628831689666
9v9Xsxxu2pi4cDkTHtyL1Rg417uga48R2VcCP4L1Pe9R,9v9Xsx,77pvZTsADypMqnDQWEZZpSJVzFXWM1EV6AsXGYikpump,4aZFMj42yJGudaB3cdVWgPqZfWBzyaX1RNJpLAwYHxzt9fzHZzPDuyaWg1KM6qHSgErCvjT4bBktGWPqggGbch1i,follow wallet,-0.2687181891282818
9v9Xsxxu2pi4cDkTHtyL1Rg417uga48R2VcCP4L1Pe9R,9v9Xsx,77pvZTsADypMqnDQWEZZpSJVzFXWM1EV6AsXGYikpump,4aZFMj42yJGudaB3cdVWgPqZfWBzyaX1RNJpLAwYHxzt9fzHZzPDuyaWg1KM6qHSgErCvjT4bBktGWPqggGbch1i,hold 1 slots,-0.034882392488736036
9v9Xsxxu2pi4cDkTHtyL1Rg417uga48R2VcCP4L1Pe9R,9v9Xsx,77pvZTsADypMqnDQWEZZpSJVzFXWM1EV6AsXGYikpump,4aZFMj42yJGudaB3cdVWgPqZfWBzyaX1RNJpLAwYHxzt9fzHZzPDuyaWg1KM6qHSgErCvjT4bBktGWPqggGbch1i,hold 3 slots,-0.0371638791202631
9v9Xsxxu2pi4cDkTHtyL1Rg417uga48R2VcCP4L1Pe9R,9v9Xsx,77pvZTsADypMqnDQWEZZpSJVzFXWM1EV6AsXGYikpump,4aZFMj42yJGudaB3cdVWgPqZfWBzyaX1RNJpLAwYHxzt9fzHZzPDuyaWg1KM6qHSgErCvjT4bBktGWPqggGbch1i,hold 5 slots,-0.037567502009805326
9v9Xsxxu2pi4cDkTHtyL1Rg417uga48R2VcCP4L1Pe9R,9v9Xsx,77pvZTsADypMqnDQWEZZpSJVzFXWM1EV6AsXGYikpump,4aZFMj42yJGudaB3cdVWgPqZfWBzyaX1RNJpLAwYHxzt9fzHZzPDuyaWg1KM6qHSgErCvjT4bBktGWPqggGbch1i,hold 12 slots,-0.037567502009805326
9v9Xsxxu2pi4cDkTHtyL1Rg417uga48R2VcCP4L1Pe9R,9v9Xsx,77pvZTsADypMqnDQWEZZpSJVzFXWM1EV6AsXGYikpump,4aZFMj42yJGudaB3cdVWgPqZfWBzyaX1RNJpLAwYHxzt9fzHZzPDuyaWg1KM6qHSgErCvjT4bBktGWPqggGbch1i,hold 25 slots,-0.04099720847480285
9v9Xsxxu2pi4cDkTHtyL1Rg417uga48R2VcCP4L1Pe9R,9v9Xsx,77pvZTsADypMqnDQWEZZpSJVzFXWM1EV6AsXGYikpump,4aZFMj42yJGudaB3cdVWgPqZfWBzyaX1RNJpLAwYHxzt9fzHZzPDuyaWg1KM6qHSgErCvjT4bBktGWPqggGbch1i,hold 50 slots,-0.05196487743944454
9v9Xsxxu2pi4cDkTHtyL1Rg417uga48R2VcCP4L1Pe9R,9v9Xsx,77pvZTsADypMqnDQWEZZpSJVzFXWM1EV6AsXGYikpump,4aZFMj42yJGudaB3cdVWgPqZfWBzyaX1RNJpLAwYHxzt9fzHZzPDuyaWg1KM6qHSgErCvjT4bBktGWPqggGbch1i,hold 75 slots,-0.05201514299648499
9v9Xsxxu2pi4cDkTHtyL1Rg417uga48R2VcCP4L1Pe9R,9v9Xsx,77pvZTsADypMqnDQWEZZpSJVzFXWM1EV6AsXGYikpump,4aZFMj42yJGudaB3cdVWgPqZfWBzyaX1RNJpLAwYHxzt9fzHZzPDuyaWg1KM6qHSgErCvjT4bBktGWPqggGbch1i,hold 150 slots,-0.06530684505432319
9v9Xsxxu2pi4cDkTHtyL1Rg417uga48R2VcCP4L1Pe9R,9v9Xsx,77pvZTsADypMqnDQWEZZpSJVzFXWM1EV6AsXGYikpump,4aZFMj42yJGudaB3cdVWgPqZfWBzyaX1RNJpLAwYHxzt9fzHZzPDuyaWg1KM6qHSgErCvjT4bBktGWPqggGbch1i,TP 10% / SL 10%,-0.06530684505432319
9v9Xsxxu2pi4cDkTHtyL1Rg417uga48R2VcCP4L1Pe9R,9v9Xsx,77pvZTsADypMqnDQWEZZpSJVzFXWM1EV6AsXGYikpump,4aZFMj42yJGudaB3cdVWgPqZfWBzyaX1RNJpLAwYHxzt9fzHZzPDuyaWg1KM6qHSgErCvjT4bBktGWPqggGbch1i,TP 20% / SL 10%,-0.06530684505432319
9v9Xsxxu2pi4cDkTHtyL1Rg417uga48R2VcCP4L1Pe9R,9v9Xsx,77pvZTsADypMqnDQWEZZpSJVzFXWM1EV6AsXGYikpump,4aZFMj42yJGudaB3cdVWgPqZfWBzyaX1RNJpLAwYHxzt9fzHZzPDuyaWg1KM6qHSgErCvjT4bBktGWPqggGbch1i,TP 30% / SL 15%,-0.06530684505432319
9v9Xsxxu2pi4cDkTHtyL1Rg417uga48R2VcCP4L1Pe9R,9v9Xsx,77pvZTsADypMqnDQWEZZpSJVzFXWM1EV6AsXGYikpump,4aZFMj42yJGudaB3cdVWgPqZfWBzyaX1RNJpLAwYHxzt9fzHZzPDuyaWg1KM6qHSgErCvjT4bBktGWPqggGbch1i,TP 50% / SL 25%,-0.06530684505432319
9v9Xsxxu2pi4cDkTHtyL1Rg417uga48R2VcCP4L1Pe9R,9v9Xsx,77pvZTsADypMqnDQWEZZpSJVzFXWM1EV6AsXGYikpump,4aZFMj42yJGudaB3cdVWgPqZfWBzyaX1RNJpLAwYHxzt9fzHZzPDuyaWg1KM6qHSgErCvjT4bBktGWPqggGbch1i,TP 100% / SL 30%,-0.06530684505432319
9v9Xsxxu2pi4cDkTHtyL1Rg417uga48R2VcCP4L1Pe9R,9v9Xsx,2psjnjVVFJ23TD4Kw68S2DNE1ncKusd6P176yV4Hpump,4ns2izcDkUU3pvdLYtbSQS9VUHLNB5iMommX3ZfHsgfjYi2WmAfH45kFs1vnLjyT1a5CbZquhLngh87f4bM2JXMG,follow wallet,-0.11109853595343053
9v9Xsxxu2pi4cDkTHtyL1Rg417uga48R2VcCP4L1Pe9R,9v9Xsx,2psjnjVVFJ23TD4Kw68S2DNE1ncKusd6P176yV4Hpump,4ns2izcDkUU3pvdLYtbSQS9VUHLNB5iMommX3ZfHsgfjYi2WmAfH45kFs1vnLjyT1a5CbZquhLngh87f4bM2JXMG,hold 1 slots,0.08008635281407284
9v9Xsxxu2pi4cDkTHtyL1Rg417uga48R2VcCP4L1Pe9R,9v9Xsx,2psjnjVVFJ23TD4Kw68S2DNE1ncKusd6P176yV4Hpump,4ns2izcDkUU3pvdLYtbSQS9VUHLNB5iMommX3ZfHsgfjYi2WmAfH45kFs1vnLjyT1a5CbZquhLngh87f4bM2JXMG,hold 3 slots,0.013606142548295258
9v9Xsxxu2pi4cDkTHtyL1Rg417uga48R2VcCP4L1Pe9R,9v9Xsx,2psjnjVVFJ23TD4Kw68S2DNE1ncKusd6P176yV4Hpump,4ns2izcDkUU3pvdLYtbSQS9VUHLNB5iMommX3ZfHsgfjYi2WmAfH45kFs1vnLjyT1a5CbZquhLngh87f4bM2JXMG,hold 5 slots,0.013606142548295258
9v9Xsxxu2pi4cDkTHtyL1Rg417uga48R2VcCP4L1Pe9R,9v9Xsx,2psjnjVVFJ23TD4Kw68S2DNE1ncKusd6P176yV4Hpump,4ns2izcDkUU3pvdLYtbSQS9VUHLNB5iMommX3ZfHsgfjYi2WmAfH45kFs1vnLjyT1a5CbZquhLngh87f4bM2JXMG,hold 12 slots,0.013606142548295258
9v9Xsxxu2pi4cDkTHtyL1Rg417uga48R2VcCP4L1Pe9R,9v9Xsx,2psjnjVVFJ23TD4Kw68S2DNE1ncKusd6P176yV4Hpump,4ns2izcDkUU3pvdLYtbSQS9VUHLNB5iMommX3ZfHsgfjYi2WmAfH45kFs1vnLjyT1a5CbZquhLngh87f4bM2JXMG,hold 25 slots,0.014171346649473907
9v9Xsxxu2pi4cDkTHtyL1Rg417uga48R2VcCP4L1Pe9R,9v9Xsx,2psjnjVVFJ23TD4Kw68S2DNE1ncKusd6P176yV4Hpump,4ns2izcDkUU3pvdLYtbSQS9VUHLNB5iMommX3ZfHsgfjYi2WmAfH45kFs1vnLjyT1a5CbZquhLngh87f4bM2JXMG,hold 50 slots,0.16024744326905035
9v9Xsxxu2pi4cDkTHtyL1Rg417uga48R2VcCP4L1Pe9R,9v9Xsx,2psjnjVVFJ23TD4Kw68S2DNE1ncKusd6P176yV4Hpump,4ns2izcDkUU3pvdLYtbSQS9VUHLNB5iMommX3ZfHsgfjYi2WmAfH45kFs1vnLjyT1a5CbZquhLngh87f4bM2JXMG,hold 75 slots,0.16024744326905035
9v9Xsxxu2pi4cDkTHtyL1Rg417uga48R2VcCP4L1Pe9R,9v9Xsx,2psjnjVVFJ23TD4Kw68S2DNE1ncKusd6P176yV4Hpump,4ns2izcDkUU3pvdLYtbSQS9VUHLNB5iMommX3ZfHsgfjYi2WmAfH45kFs1vnLjyT1a5CbZquhLngh87f4bM2JXMG,hold 150 slots,0.08750031698858285
9v9Xsxxu2pi4cDkTHtyL1Rg417uga48R2VcCP4L1Pe9R,9v9Xsx,2psjnjVVFJ23TD4Kw68S2DNE1ncKusd6P176yV4Hpump,4ns2izcDkUU3pvdLYtbSQS9VUHLNB5iMommX3ZfHsgfjYi2WmAfH45kFs1vnLjyT1a5CbZquhLngh87f4bM2JXMG,TP 10% / SL 10%,0.16024744326905035
9v9Xsxxu2pi4cDkTHtyL1Rg417uga48R2VcCP4L1Pe9R,9v9Xsx,2psjnjVVFJ23TD4Kw68S2DNE1ncKusd6P176yV4Hpump,4ns2izcDkUU3pvdLYtbSQS9VUHLNB5iMommX3ZfHsgfjYi2WmAfH45kFs1vnLjyT1a5CbZquhLngh87f4bM2JXMG,TP 20% / SL 10%,0.08750031698858285
9v9Xsxxu2pi4cDkTHtyL1Rg417uga48R2VcCP4L1Pe9R,9v9Xsx,2psjnjVVFJ23TD4Kw68S2DNE1ncKusd6P176yV4Hpump,4ns2izcDkUU3pvdLYtbSQS9VUHLNB5iMommX3ZfHsgfjYi2WmAfH45kFs1vnLjyT1a5CbZquhLngh87f4bM2JXMG,TP 30% / SL 15%,0.08750031698858285
9v9Xsxxu2pi4cDkTHtyL1Rg417uga48R2VcCP4L1Pe9R,9v9Xsx,2psjnjVVFJ23TD4Kw68S2DNE1ncKusd6P176yV4Hpump,4ns2izcDkUU3pvdLYtbSQS9VUHLNB5iMommX3ZfHsgfjYi2WmAfH45kFs1vnLjyT1a5CbZquhLngh87f4bM2JXMG,TP 50% / SL 25%,0.08750031698858285
9v9Xsxxu2pi4cDkTHtyL1Rg417uga48R2VcCP4L1Pe9R,9v9Xsx,2psjnjVVFJ23TD4Kw68S2DNE1ncKusd6P176yV4Hpump,4ns2izcDkUU3pvdLYtbSQS9VUHLNB5iMommX3ZfHsgfjYi2WmAfH45kFs1vnLjyT1a5CbZquhLngh87f4bM2JXMG,TP 100% / SL 30%,0.08750031698858285
9v9Xsxxu2pi4cDkTHtyL1Rg417uga48R2VcCP4L1Pe9R,9v9Xsx,FnEjuABjxvfdwwoWNPZ8ex6qbEF8kPyZxtP9sozXpump,4Bv21cHXv1c6Epxsrmm8GKZJ1ZScHs7A99oyozq47yZpznoheZKpv2zwqMrSayTFRqHxuAGmyVXjUBvDgZDMnb9k,follow wallet,-0.42566514655507565
9v9Xsxxu2pi4cDkTHtyL1Rg417uga48R2VcCP4L1Pe9R,9v9Xsx,FnEjuABjxvfdwwoWNPZ8ex6qbEF8kPyZxtP9sozXpump,4Bv21cHXv1c6Epxsrmm8GKZJ1ZScHs7A99oyozq47yZpznoheZKpv2zwqMrSayTFRqHxuAGmyVXjUBvDgZDMnb9k,hold 1 slots,-0.05819963320033455
9v9Xsxxu2pi4cDkTHtyL1Rg417uga48R2VcCP4L1Pe9R,9v9Xsx,FnEjuABjxvfdwwoWNPZ8ex6qbEF8kPyZxtP9sozXpump,4Bv21cHXv1c6Epxsrmm8GKZJ1ZScHs7A99oyozq47yZpznoheZKpv2zwqMrSayTFRqHxuAGmyVXjUBvDgZDMnb9k,hold 3 slots,-0.05819963320033455
9v9Xsxxu2pi4cDkTHtyL1Rg417uga48R2VcCP4L1Pe9R,9v9Xsx,FnEjuABjxvfdwwoWNPZ8ex6qbEF8kPyZxtP9sozXpump,4Bv21cHXv1c6Epxsrmm8GKZJ1ZScHs7A99oyozq47yZpznoheZKpv2zwqMrSayTFRqHxuAGmyVXjUBvDgZDMnb9k,hold 5 slots,-0.055991622031154153
9v9Xsxxu2pi4cDkTHtyL1Rg417uga48R2VcCP4L1Pe9R,9v9Xsx,FnEjuABjxvfdwwoWNPZ8ex6qbEF8kPyZxtP9sozXpump,4Bv21cHXv1c6Epxsrmm8GKZJ1ZScHs7A99oyozq47yZpznoheZKpv2zwqMrSayTFRqHxuAGmyVXjUBvDgZDMnb9k,hold 12 slots,-0.055991622031154153
9v9Xsxxu2pi4cDkTHtyL1Rg417uga48R2VcCP4L1Pe9R,9v9Xsx,FnEjuABjxvfdwwoWNPZ8ex6qbEF8kPyZxtP9sozXpump,4Bv21cHXv1c6Epxsrmm8GKZJ1ZScHs7A99oyozq47yZpznoheZKpv2zwqMrSayTFRqHxuAGmyVXjUBvDgZDMnb9k,hold 25 slots,-0.055991622031154153
9v9Xsxxu2pi4cDkTHtyL1Rg417uga48R2VcCP4L1Pe9R,9v9Xsx,FnEjuABjxvfdwwoWNPZ8ex6qbEF8kPyZxtP9sozXpump,4Bv21cHXv1c6Epxsrmm8GKZJ1ZScHs7A99oyozq47yZpznoheZKpv2zwqMrSayTFRqHxuAGmyVXjUBvDgZDMnb9k,hold 50 slots,-0.1451735911852777
9v9Xsxxu2pi4cDkTHtyL1Rg417uga48R2VcCP4L1Pe9R,9v9Xsx,FnEjuABjxvfdwwoWNPZ8ex6qbEF8kPyZxtP9sozXpump,4Bv21cHXv1c6Epxsrmm8GKZJ1ZScHs7A99oyozq47yZpznoheZKpv2zwqMrSayTFRqHxuAGmyVXjUBvDgZDMnb9k,hold 75 slots,-0.1416957882863214
9v9Xsxxu2pi4cDkTHtyL1Rg417uga48R2VcCP4L1Pe9R,9v9Xsx,FnEjuABjxvfdwwoWNPZ8ex6qbEF8kPyZxtP9sozXpump,4Bv21cHXv1c6Epxsrmm8GKZJ1ZScHs7A99oyozq47yZpznoheZKpv2zwqMrSayTFRqHxuAGmyVXjUBvDgZDMnb9k,hold 150 slots,-0.15362894915196837
9v9Xsxxu2pi4cDkTHtyL1Rg417uga48R2VcCP4L1Pe9R,9v9Xsx,FnEjuABjxvfdwwoWNPZ8ex6qbEF8kPyZxtP9sozXpump,4Bv21cHXv1c6Epxsrmm8GKZJ1ZScHs7A99oyozq47yZpznoheZKpv2zwqMrSayTFRqHxuAGmyVXjUBvDgZDMnb9k,TP 10% / SL 10%,-0.14032771794692386
9v9Xsxxu2pi4cDkTHtyL1Rg417uga48R2VcCP4L1Pe9R,9v9Xsx,FnEjuABjxvfdwwoWNPZ8ex6qbEF8kPyZxtP9sozXpump,4Bv21cHXv1c6Epxsrmm8GKZJ1ZScHs7A99oyozq47yZpznoheZKpv2zwqMrSayTFRqHxuAGmyVXjUBvDgZDMnb9k,TP 20% / SL 10%,-0.14032771794692386
9v9Xsxxu2pi4cDkTHtyL1Rg417uga48R2VcCP4L1Pe9R,9v9Xsx,FnEjuABjxvfdwwoWNPZ8ex6qbEF8kPyZxtP9sozXpump,4Bv21cHXv1c6Epxsrmm8GKZJ1ZScHs7A99oyozq47yZpznoheZKpv2zwqMrSayTFRqHxuAGmyVXjUBvDgZDMnb9k,TP 30% / SL 15%,-0.15362894915196837
9v9Xsxxu2pi4cDkTHtyL1Rg417uga48R2VcCP4L1Pe9R,9v9Xsx,FnEjuABjxvfdwwoWNPZ8ex6qbEF8kPyZxtP9sozXpump,4Bv21cHXv1c6Epxsrmm8GKZJ1ZScHs7A99oyozq47yZpznoheZKpv2zwqMrSayTFRqHxuAGmyVXjUBvDgZDMnb9k,TP 50% / SL 25%,-0.15362894915196837
9v9Xsxxu2pi4cDkTHtyL1Rg417uga48R2VcCP4L1Pe9R,9v9Xsx,FnEjuABjxvfdwwoWNPZ8ex6qbEF8kPyZxtP9sozXpump,4Bv21cHXv1c6Epxsrmm8GKZJ1ZScHs7A99oyozq47yZpznoheZKpv2zwqMrSayTFRqHxuAGmyVXjUBvDgZDMnb9k,TP 100% / SL 30%,-0.15362894915196837
2net6etAtTe3Rbq2gKECmQwnzcKVXRaLcHy2Zy1iCiWz,2net6e,3tnKq9NZNST3KTsi9esgHwUjquRqS1g7XbtYCUrBpump,R8cSYrbc8YeqYbREtE7YwvA7kR5ySwEXNH1LRdJpJ7cDX6ha7PRbARY4fEXtwUAUhckz9QvVFhcMPc4KZSmgmnu,follow wallet,-0.30584032994866767
2net6etAtTe3Rbq2gKECmQwnzcKVXRaLcHy2Zy1iCiWz,2net6e,3tnKq9NZNST3KTsi9esgHwUjquRqS1g7XbtYCUrBpump,R8cSYrbc8YeqYbREtE7YwvA7kR5ySwEXNH1LRdJpJ7cDX6ha7PRbARY4fEXtwUAUhckz9QvVFhcMPc4KZSmgmnu,hold 1 slots,-0.045329844342877866
2net6etAtTe3Rbq2gKECmQwnzcKVXRaLcHy2Zy1iCiWz,2net6e,3tnKq9NZNST3KTsi9esgHwUjquRqS1g7XbtYCUrBpump,R8cSYrbc8YeqYbREtE7YwvA7kR5ySwEXNH1LRdJpJ7cDX6ha7PRbARY4fEXtwUAUhckz9QvVFhcMPc4KZSmgmnu,hold 3 slots,-0.045329844342877866
2net6etAtTe3Rbq2gKECmQwnzcKVXRaLcHy2Zy1iCiWz,2net6e,3tnKq9NZNST3KTsi9esgHwUjquRqS1g7XbtYCUrBpump,R8cSYrbc8YeqYbREtE7YwvA7kR5ySwEXNH1LRdJpJ7cDX6ha7PRbARY4fEXtwUAUhckz9QvVFhcMPc4KZSmgmnu,hold 5 slots,-0.08842853624423958
2net6etAtTe3Rbq2gKECmQwnzcKVXRaLcHy2Zy1iCiWz,2net6e,3tnKq9NZNST3KTsi9esgHwUjquRqS1g7XbtYCUrBpump,R8cSYrbc8YeqYbREtE7YwvA7kR5ySwEXNH1LRdJpJ7cDX6ha7PRbARY4fEXtwUAUhckz9QvVFhcMPc4KZSmgmnu,hold 12 slots,-0.04791731474583685
2net6etAtTe3Rbq2gKECmQwnzcKVXRaLcHy2Zy1iCiWz,2net6e,3tnKq9NZNST3KTsi9esgHwUjquRqS1g7XbtYCUrBpump,R8cSYrbc8YeqYbREtE7YwvA7kR5ySwEXNH1LRdJpJ7cDX6ha7PRbARY4fEXtwUAUhckz9QvVFhcMPc4KZSmgmnu,hold 25 slots,0.05346681043659973
2net6etAtTe3Rbq2gKECmQwnzcKVXRaLcHy2Zy1iCiWz,2net6e,3tnKq9NZNST3KTsi9esgHwUjquRqS1g7XbtYCUrBpump,R8cSYrbc8YeqYbREtE7YwvA7kR5ySwEXNH1LRdJpJ7cDX6ha7PRbARY4fEXtwUAUhckz9QvVFhcMPc4KZSmgmnu,hold 50 slots,0.055422510644430524
2net6etAtTe3Rbq2gKECmQwnzcKVXRaLcHy2Zy1iCiWz,2net6e,3tnKq9NZNST3KTsi9esgHwUjquRqS1g7XbtYCUrBpump,R8cSYrbc8YeqYbREtE7YwvA7kR5ySwEXNH1LRdJpJ7cDX6ha7PRbARY4fEXtwUAUhckz9QvVFhcMPc4KZSmgmnu,hold 75 slots,0.06253891741370665
2net6etAtTe3Rbq2gKECmQwnzcKVXRaLcHy2Zy1iCiWz,2net6e,3tnKq9NZNST3KTsi9esgHwUjquRqS1g7XbtYCUrBpump,R8cSYrbc8YeqYbREtE7YwvA7kR5ySwEXNH1LRdJpJ7cDX6ha7PRbARY4fEXtwUAUhckz9QvVFhcMPc4KZSmgmnu,hold 150 slots,-0.1135961912247089
2net6etAtTe3Rbq2gKECmQwnzcKVXRaLcHy2Zy1iCiWz,2net6e,3tnKq9NZNST3KTsi9esgHwUjquRqS1g7XbtYCUrBpump,R8cSYrbc8YeqYbREtE7YwvA7kR5ySwEXNH1LRdJpJ7cDX6ha7PRbARY4fEXtwUAUhckz9QvVFhcMPc4KZSmgmnu,TP 10% / SL 10%,-0.1135961912247089
2net6etAtTe3Rbq2gKECmQwnzcKVXRaLcHy2Zy1iCiWz,2net6e,3tnKq9NZNST3KTsi9esgHwUjquRqS1g7XbtYCUrBpump,R8cSYrbc8YeqYbREtE7YwvA7kR5ySwEXNH1LRdJpJ7cDX6ha7PRbARY4fEXtwUAUhckz9QvVFhcMPc4KZSmgmnu,TP 20% / SL 10%,-0.1135961912247089
2net6etAtTe3Rbq2gKECmQwnzcKVXRaLcHy2Zy1iCiWz,2net6e,3tnKq9NZNST3KTsi9esgHwUjquRqS1g7XbtYCUrBpump,R8cSYrbc8YeqYbREtE7YwvA7kR5ySwEXNH1LRdJpJ7cDX6ha7PRbARY4fEXtwUAUhckz9QvVFhcMPc4KZSmgmnu,TP 30% / SL 15%,-0.1135961912247089
2net6etAtTe3Rbq2gKECmQwnzcKVXRaLcHy2Zy1iCiWz,2net6e,3tnKq9NZNST3KTsi9esgHwUjquRqS1g7XbtYCUrBpump,R8cSYrbc8YeqYbREtE7YwvA7kR5ySwEXNH1LRdJpJ7cDX6ha7PRbARY4fEXtwUAUhckz9QvVFhcMPc4KZSmgmnu,TP 50% / SL 25%,-0.1135961912247089
2net6etAtTe3Rbq2gKECmQwnzcKVXRaLcHy2Zy1iCiWz,2net6e,3tnKq9NZNST3KTsi9esgHwUjquRqS1g7XbtYCUrBpump,R8cSYrbc8YeqYbREtE7YwvA7kR5ySwEXNH1LRdJpJ7cDX6ha7PRbARY4fEXtwUAUhckz9QvVFhcMPc4KZSmgmnu,TP 100% / SL 30%,-0.1135961912247089
FRbUNvGxYNC1eFngpn7AD3f14aKKTJVC6zSMtvj2dyCS,FRbUNv,CmfgWBc2DN1XNdqZADN4jpNbJuvGzRccA2HgJVdwpump,5UZbNopJTFT1XUTK3hSpAZ42wpu5LSsS3QS5PPpvooEzFuqN2V3gCN3eq9pkR7dB9gCGmikC1Ff18gBZoybAiSwL,follow wallet,-0.3482969789882922
FRbUNvGxYNC1eFngpn7AD3f14aKKTJVC6zSMtvj2dyCS,FRbUNv,CmfgWBc2DN1XNdqZADN4jpNbJuvGzRccA2HgJVdwpump,5UZbNopJTFT1XUTK3hSpAZ42wpu5LSsS3QS5PPpvooEzFuqN2V3gCN3eq9pkR7dB9gCGmikC1Ff18gBZoybAiSwL,hold 1 slots,-0.0596829933792243
FRbUNvGxYNC1eFngpn7AD3f14aKKTJVC6zSMtvj2dyCS,FRbUNv,CmfgWBc2DN1XNdqZADN4jpNbJuvGzRccA2HgJVdwpump,5UZbNopJTFT1XUTK3hSpAZ42wpu5LSsS3QS5PPpvooEzFuqN2V3gCN3eq9pkR7dB9gCGmikC1Ff18gBZoybAiSwL,hold 3 slots,-0.05587397053312314
FRbUNvGxYNC1eFngpn7AD3f14aKKTJVC6zSMtvj2dyCS,FRbUNv,CmfgWBc2DN1XNdqZADN4jpNbJuvGzRccA2HgJVdwpump,5UZbNopJTFT1XUTK3hSpAZ42wpu5LSsS3QS5PPpvooEzFuqN2V3gCN3eq9pkR7dB9gCGmikC1Ff18gBZoybAiSwL,hold 5 slots,-0.09859665331032538
FRbUNvGxYNC1eFngpn7AD3f14aKKTJVC6zSMtvj2dyCS,FRbUNv,CmfgWBc2DN1XNdqZADN4jpNbJuvGzRccA2HgJVdwpump,5UZbNopJTFT1XUTK3hSpAZ42wpu5LSsS3QS5PPpvooEzFuqN2V3gCN3eq9pkR7dB9gCGmikC1Ff18gBZoybAiSwL,hold 12 slots,-0.15474279151630127
FRbUNvGxYNC1eFngpn7AD3f14aKKTJVC6zSMtvj2dyCS,FRbUNv,CmfgWBc2DN1XNdqZADN4jpNbJuvGzRccA2HgJVdwpump,5UZbNopJTFT1XUTK3hSpAZ42wpu5LSsS3QS5PPpvooEzFuqN2V3gCN3eq9pkR7dB9gCGmikC1Ff18gBZoybAiSwL,hold 25 slots,-0.14237912523360968
FRbUNvGxYNC1eFngpn7AD3f14aKKTJVC6zSMtvj2dyCS,FRbUNv,CmfgWBc2DN1XNdqZADN4jpNbJuvGzRccA2HgJVdwpump,5UZbNopJTFT1XUTK3hSpAZ42wpu5LSsS3QS5PPpvooEzFuqN2V3gCN3eq9pkR7dB9gCGmikC1Ff18gBZoybAiSwL,hold 50 slots,-0.4599745544813544
FRbUNvGxYNC1eFngpn7AD3f14aKKTJVC6zSMtvj2dyCS,FRbUNv,CmfgWBc2DN1XNdqZADN4jpNbJuvGzRccA2HgJVdwpump,5UZbNopJTFT1XUTK3hSpAZ42wpu5LSsS3QS5PPpvooEzFuqN2V3gCN3eq9pkR7dB9gCGmikC1Ff18gBZoybAiSwL,hold 75 slots,-0.5579570566910242
FRbUNvGxYNC1eFngpn7AD3f14aKKTJVC6zSMtvj2dyCS,FRbUNv,CmfgWBc2DN1XNdqZADN4jpNbJuvGzRccA2HgJVdwpump,5UZbNopJTFT1XUTK3hSpAZ42wpu5LSsS3QS5PPpvooEzFuqN2V3gCN3eq9pkR7dB9gCGmikC1Ff18gBZoybAiSwL,hold 150 slots,-0.6230340656469684
FRbUNvGxYNC1eFngpn7AD3f14aKKTJVC6zSMtvj2dyCS,FRbUNv,CmfgWBc2DN1XNdqZADN4jpNbJuvGzRccA2HgJVdwpump,5UZbNopJTFT1XUTK3hSpAZ42wpu5LSsS3QS5PPpvooEzFuqN2V3gCN3eq9pkR7dB9gCGmikC1Ff18gBZoybAiSwL,TP 10% / SL 10%,-0.11857563288530518
FRbUNvGxYNC1eFngpn7AD3f14aKKTJVC6zSMtvj2dyCS,FRbUNv,CmfgWBc2DN1XNdqZADN4jpNbJuvGzRccA2HgJVdwpump,5UZbNopJTFT1XUTK3hSpAZ42wpu5LSsS3QS5PPpvooEzFuqN2V3gCN3eq9pkR7dB9gCGmikC1Ff18gBZoybAiSwL,TP 20% / SL 10%,-0.11857563288530518
FRbUNvGxYNC1eFngpn7AD3f14aKKTJVC6zSMtvj2dyCS,FRbUNv,CmfgWBc2DN1XNdqZADN4jpNbJuvGzRccA2HgJVdwpump,5UZbNopJTFT1XUTK3hSpAZ42wpu5LSsS3QS5PPpvooEzFuqN2V3gCN3eq9pkR7dB9gCGmikC1Ff18gBZoybAiSwL,TP 30% / SL 15%,-0.15474279151630127
FRbUNvGxYNC1eFngpn7AD3f14aKKTJVC6zSMtvj2dyCS,FRbUNv,CmfgWBc2DN1XNdqZADN4jpNbJuvGzRccA2HgJVdwpump,5UZbNopJTFT1XUTK3hSpAZ42wpu5LSsS3QS5PPpvooEzFuqN2V3gCN3eq9pkR7dB9gCGmikC1Ff18gBZoybAiSwL,TP 50% / SL 25%,-0.3213566939610302
FRbUNvGxYNC1eFngpn7AD3f14aKKTJVC6zSMtvj2dyCS,FRbUNv,CmfgWBc2DN1XNdqZADN4jpNbJuvGzRccA2HgJVdwpump,5UZbNopJTFT1XUTK3hSpAZ42wpu5LSsS3QS5PPpvooEzFuqN2V3gCN3eq9pkR7dB9gCGmikC1Ff18gBZoybAiSwL,TP 100% / SL 30%,-0.3213566939610302
FRbUNvGxYNC1eFngpn7AD3f14aKKTJVC6zSMtvj2dyCS,FRbUNv,5TidmfprPCVt1QUaSrD3WVuf2ubrXy5EhS2CzfCspump,5QQ1TmbQjD1MLxwXzcCa3M9sAp1wLBFoMmphFi4cxj5MGBXsWBaibZtqMzC5xWyvBdbQ1GwbLc4c6D4VpMV2RxZw,follow wallet,-0.41913899761301243
FRbUNvGxYNC1eFngpn7AD3f14aKKTJVC6zSMtvj2dyCS,FRbUNv,5TidmfprPCVt1QUaSrD3WVuf2ubrXy5EhS2CzfCspump,5QQ1TmbQjD1MLxwXzcCa3M9sAp1wLBFoMmphFi4cxj5MGBXsWBaibZtqMzC5xWyvBdbQ1GwbLc4c6D4VpMV2RxZw,hold 1 slots,-0.05941958533066225
FRbUNvGxYNC1eFngpn7AD3f14aKKTJVC6zSMtvj2dyCS,FRbUNv,5TidmfprPCVt1QUaSrD3WVuf2ubrXy5EhS2CzfCspump,5QQ1TmbQjD1MLxwXzcCa3M9sAp1wLBFoMmphFi4cxj5MGBXsWBaibZtqMzC5xWyvBdbQ1GwbLc4c6D4VpMV2RxZw,hold 3 slots,-0.08178650451954281
FRbUNvGxYNC1eFngpn7AD3f14aKKTJVC6zSMtvj2dyCS,FRbUNv,5TidmfprPCVt1QUaSrD3WVuf2ubrXy5EhS2CzfCspump,5QQ1TmbQjD1MLxwXzcCa3M9sAp1wLBFoMmphFi4cxj5MGBXsWBaibZtqMzC5xWyvBdbQ1GwbLc4c6D4VpMV2RxZw,hold 5 slots,-0.08178650451954281
FRbUNvGxYNC1eFngpn7AD3f14aKKTJVC6zSMtvj2dyCS,FRbUNv,5TidmfprPCVt1QUaSrD3WVuf2ubrXy5EhS2CzfCspump,5QQ1TmbQjD1MLxwXzcCa3M9sAp1wLBFoMmphFi4cxj5MGBXsWBaibZtqMzC5xWyvBdbQ1GwbLc4c6D4VpMV2RxZw,hold 12 slots,-0.1833367939891584
FRbUNvGxYNC1eFngpn7AD3f14aKKTJVC6zSMtvj2dyCS,FRbUNv,5TidmfprPCVt1QUaSrD3WVuf2ubrXy5EhS2CzfCspump,5QQ1TmbQjD1MLxwXzcCa3M9sAp1wLBFoMmphFi4cxj5MGBXsWBaibZtqMzC5xWyvBdbQ1GwbLc4c6D4VpMV2RxZw,hold 25 slots,-0.18371019249969794
FRbUNvGxYNC1eFngpn7AD3f14aKKTJVC6zSMtvj2dyCS,FRbUNv,5TidmfprPCVt1QUaSrD3WVuf2ubrXy5EhS2CzfCspump,5QQ1TmbQjD1MLxwXzcCa3M9sAp1wLBFoMmphFi4cxj5MGBXsWBaibZtqMzC5xWyvBdbQ1GwbLc4c6D4VpMV2RxZw,hold 50 slots,-0.15480147800641358
FRbUNvGxYNC1eFngpn7AD3f14aKKTJVC6zSMtvj2dyCS,FRbUNv,5TidmfprPCVt1QUaSrD3WVuf2ubrXy5EhS2CzfCspump,5QQ1TmbQjD1MLxwXzcCa3M9sAp1wLBFoMmphFi4cxj5MGBXsWBaibZtqMzC5xWyvBdbQ1GwbLc4c6D4VpMV2RxZw,hold 75 slots,-0.11950894781810917
FRbUNvGxYNC1eFngpn7AD3f14aKKTJVC6zSMtvj2dyCS,FRbUNv,5TidmfprPCVt1QUaSrD3WVuf2ubrXy5EhS2CzfCspump,5QQ1TmbQjD1MLxwXzcCa3M9sAp1wLBFoMmphFi4cxj5MGBXsWBaibZtqMzC5xWyvBdbQ1GwbLc4c6D4VpMV2RxZw,hold 150 slots,-0.35897506746186186
FRbUNvGxYNC1eFngpn7AD3f14aKKTJVC6zSMtvj2dyCS,FRbUNv,5TidmfprPCVt1QUaSrD3WVuf2ubrXy5EhS2CzfCspump,5QQ1TmbQjD1MLxwXzcCa3M9sAp1wLBFoMmphFi4cxj5MGBXsWBaibZtqMzC5xWyvBdbQ1GwbLc4c6D4VpMV2RxZw,TP 10% / SL 10%,-0.1833367939891584
FRbUNvGxYNC1eFngpn7AD3f14aKKTJVC6zSMtvj2dyCS,FRbUNv,5TidmfprPCVt1QUaSrD3WVuf2ubrXy5EhS2CzfCspump,5QQ1TmbQjD1MLxwXzcCa3M9sAp1wLBFoMmphFi4cxj5MGBXsWBaibZtqMzC5xWyvBdbQ1GwbLc4c6D4VpMV2RxZw,TP 20% / SL 10%,-0.1833367939891584
FRbUNvGxYNC1eFngpn7AD3f14aKKTJVC6zSMtvj2dyCS,FRbUNv,5TidmfprPCVt1QUaSrD3WVuf2ubrXy5EhS2CzfCspump,5QQ1TmbQjD1MLxwXzcCa3M9sAp1wLBFoMmphFi4cxj5MGBXsWBaibZtqMzC5xWyvBdbQ1GwbLc4c6D4VpMV2RxZw,TP 30% / SL 15%,-0.1833367939891584
FRbUNvGxYNC1eFngpn7AD3f14aKKTJVC6zSMtvj2dyCS,FRbUNv,5TidmfprPCVt1QUaSrD3WVuf2ubrXy5EhS2CzfCspump,5QQ1TmbQjD1MLxwXzcCa3M9sAp1wLBFoMmphFi4cxj5MGBXsWBaibZtqMzC5xWyvBdbQ1GwbLc4c6D4VpMV2RxZw,TP 50% / SL 25%,-0.35897506746186186
FRbUNvGxYNC1eFngpn7AD3f14aKKTJVC6zSMtvj2dyCS,FRbUNv,5TidmfprPCVt1QUaSrD3WVuf2ubrXy5EhS2CzfCspump,5QQ1TmbQjD1MLxwXzcCa3M9sAp1wLBFoMmphFi4cxj5MGBXsWBaibZtqMzC5xWyvBdbQ1GwbLc4c6D4VpMV2RxZw,TP 100% / SL 30%,-0.35897506746186186
FRbUNvGxYNC1eFngpn7AD3f14aKKTJVC6zSMtvj2dyCS,FRbUNv,H5yyQtx9TeENwdNmwYVJX6JVYkSaqcpvNqJuMMimpump,2kC4taYZ3YFiNUuLcgRiBWJf2WT63evd82vyA8EM8ZPqAKMAWY4sJF4JwQiebEKbcQBdztWKbA9XxKuwqmgibLmf,follow wallet,-0.3921885709199716
FRbUNvGxYNC1eFngpn7AD3f14aKKTJVC6zSMtvj2dyCS,FRbUNv,H5yyQtx9TeENwdNmwYVJX6JVYkSaqcpvNqJuMMimpump,2kC4taYZ3YFiNUuLcgRiBWJf2WT63evd82vyA8EM8ZPqAKMAWY4sJF4JwQiebEKbcQBdztWKbA9XxKuwqmgibLmf,hold 1 slots,-0.08411813837607121
FRbUNvGxYNC1eFngpn7AD3f14aKKTJVC6zSMtvj2dyCS,FRbUNv,H5yyQtx9TeENwdNmwYVJX6JVYkSaqcpvNqJuMMimpump,2kC4taYZ3YFiNUuLcgRiBWJf2WT63evd82vyA8EM8ZPqAKMAWY4sJF4JwQiebEKbcQBdztWKbA9XxKuwqmgibLmf,hold 3 slots,-0.08411813837607121
FRbUNvGxYNC1eFngpn7AD3f14aKKTJVC6zSMtvj2dyCS,FRbUNv,H5yyQtx9TeENwdNmwYVJX6JVYkSaqcpvNqJuMMimpump,2kC4taYZ3YFiNUuLcgRiBWJf2WT63evd82vyA8EM8ZPqAKMAWY4sJF4JwQiebEKbcQBdztWKbA9XxKuwqmgibLmf,hold 5 slots,-0.11380713593595457
FRbUNvGxYNC1eFngpn7AD3f14aKKTJVC6zSMtvj2dyCS,FRbUNv,H5yyQtx9TeENwdNmwYVJX6JVYkSaqcpvNqJuMMimpump,2kC4taYZ3YFiNUuLcgRiBWJf2WT63evd82vyA8EM8ZPqAKMAWY4sJF4JwQiebEKbcQBdztWKbA9XxKuwqmgibLmf,hold 12 slots,-0.17600697865366519
FRbUNvGxYNC1eFngpn7AD3f14aKKTJVC6zSMtvj2dyCS,FRbUNv,H5yyQtx9TeENwdNmwYVJX6JVYkSaqcpvNqJuMMimpump,2kC4taYZ3YFiNUuLcgRiBWJf2WT63evd82vyA8EM8ZPqAKMAWY4sJF4JwQiebEKbcQBdztWKbA9XxKuwqmgibLmf,hold 25 slots,-0.22681492717945434
FRbUNvGxYNC1eFngpn7AD3f14aKKTJVC6zSMtvj2dyCS,FRbUNv,H5yyQtx9TeENwdNmwYVJX6JVYkSaqcpvNqJuMMimpump,2kC4taYZ3YFiNUuLcgRiBWJf2WT63evd82vyA8EM8ZPqAKMAWY4sJF4JwQiebEKbcQBdztWKbA9XxKuwqmgibLmf,hold 50 slots,-0.20416184961561287
FRbUNvGxYNC1eFngpn7AD3f14aKKTJVC6zSMtvj2dyCS,FRbUNv,H5yyQtx9TeENwdNmwYVJX6JVYkSaqcpvNqJuMMimpump,2kC4taYZ3YFiNUuLcgRiBWJf2WT63evd82vyA8EM8ZPqAKMAWY4sJF4JwQiebEKbcQBdztWKbA9XxKuwqmgibLmf,hold 75 slots,-0.4079871318428546
FRbUNvGxYNC1eFngpn7AD3f14aKKTJVC6zSMtvj2dyCS,FRbUNv,H5yyQtx9TeENwdNmwYVJX6JVYkSaqcpvNqJuMMimpump,2kC4taYZ3YFiNUuLcgRiBWJf2WT63evd82vyA8EM8ZPqAKMAWY4sJF4JwQiebEKbcQBdztWKbA9XxKuwqmgibLmf,hold 150 slots,-0.4108153451265314
FRbUNvGxYNC1eFngpn7AD3f14aKKTJVC6zSMtvj2dyCS,FRbUNv,H5yyQtx9TeENwdNmwYVJX6JVYkSaqcpvNqJuMMimpump,2kC4taYZ3YFiNUuLcgRiBWJf2WT63evd82vyA8EM8ZPqAKMAWY4sJF4JwQiebEKbcQBdztWKbA9XxKuwqmgibLmf,TP 10% / SL 10%,-0.11380713593595457
FRbUNvGxYNC1eFngpn7AD3f14aKKTJVC6zSMtvj2dyCS,FRbUNv,H5yyQtx9TeENwdNmwYVJX6JVYkSaqcpvNqJuMMimpump,2kC4taYZ3YFiNUuLcgRiBWJf2WT63evd82vyA8EM8ZPqAKMAWY4sJF4JwQiebEKbcQBdztWKbA9XxKuwqmgibLmf,TP 20% / SL 10%,-0.11380713593595457
FRbUNvGxYNC1eFngpn7AD3f14aKKTJVC6zSMtvj2dyCS,FRbUNv,H5yyQtx9TeENwdNmwYVJX6JVYkSaqcpvNqJuMMimpump,2kC4taYZ3YFiNUuLcgRiBWJf2WT63evd82vyA8EM8ZPqAKMAWY4sJF4JwQiebEKbcQBdztWKbA9XxKuwqmgibLmf,TP 30% / SL 15%,-0.17600697865366519
FRbUNvGxYNC1eFngpn7AD3f14aKKTJVC6zSMtvj2dyCS,FRbUNv,H5yyQtx9TeENwdNmwYVJX6JVYkSaqcpvNqJuMMimpump,2kC4taYZ3YFiNUuLcgRiBWJf2WT63evd82vyA8EM8ZPqAKMAWY4sJF4JwQiebEKbcQBdztWKbA9XxKuwqmgibLmf,TP 50% / SL 25%,-0.4079871318428546
FRbUNvGxYNC1eFngpn7AD3f14aKKTJVC6zSMtvj2dyCS,FRbUNv,H5yyQtx9TeENwdNmwYVJX6JVYkSaqcpvNqJuMMimpump,2kC4taYZ3YFiNUuLcgRiBWJf2WT63evd82vyA8EM8ZPqAKMAWY4sJF4JwQiebEKbcQBdztWKbA9XxKuwqmgibLmf,TP 100% / SL 30%,-0.4079871318428546
FRbUNvGxYNC1eFngpn7AD3f14aKKTJVC6zSMtvj2dyCS,FRbUNv,12DDEQs4JMUvPXqxQ5LDuA1rfXy5aRuJuWahRzrqpump,55RugFGsESXvEtLeHttR3bb1Fbb5P3LGkRQZfwY91nBf4iBpdzzZBijknLeFWVY8gVCUFnGG9kxRnUox3FTVFUaM,follow wallet,-0.29188448446898196
FRbUNvGxYNC1eFngpn7AD3f14aKKTJVC6zSMtvj2dyCS,FRbUNv,12DDEQs4JMUvPXqxQ5LDuA1rfXy5aRuJuWahRzrqpump,55RugFGsESXvEtLeHttR3bb1Fbb5P3LGkRQZfwY91nBf4iBpdzzZBijknLeFWVY8gVCUFnGG9kxRnUox3FTVFUaM,hold 1 slots,-0.05705081527562749
FRbUNvGxYNC1eFngpn7AD3f14aKKTJVC6zSMtvj2dyCS,FRbUNv,12DDEQs4JMUvPXqxQ5LDuA1rfXy5aRuJuWahRzrqpump,55RugFGsESXvEtLeHttR3bb1Fbb5P3LGkRQZfwY91nBf4iBpdzzZBijknLeFWVY8gVCUFnGG9kxRnUox3FTVFUaM,hold 3 slots,-0.0554177221224854
FRbUNvGxYNC1eFngpn7AD3f14aKKTJVC6zSMtvj2dyCS,FRbUNv,12DDEQs4JMUvPXqxQ5LDuA1rfXy5aRuJuWahRzrqpump,55RugFGsESXvEtLeHttR3bb1Fbb5P3LGkRQZfwY91nBf4iBpdzzZBijknLeFWVY8gVCUFnGG9kxRnUox3FTVFUaM,hold 5 slots,-0.0554177221224854
FRbUNvGxYNC1eFngpn7AD3f14aKKTJVC6zSMtvj2dyCS,FRbUNv,12DDEQs4JMUvPXqxQ5LDuA1rfXy5aRuJuWahRzrqpump,55RugFGsESXvEtLeHttR3bb1Fbb5P3LGkRQZfwY91nBf4iBpdzzZBijknLeFWVY8gVCUFnGG9kxRnUox3FTVFUaM,hold 12 slots,-0.0554177221224854
FRbUNvGxYNC1eFngpn7AD3f14aKKTJVC6zSMtvj2dyCS,FRbUNv,12DDEQs4JMUvPXqxQ5LDuA1rfXy5aRuJuWahRzrqpump,55RugFGsESXvEtLeHttR3bb1Fbb5P3LGkRQZfwY91nBf4iBpdzzZBijknLeFWVY8gVCUFnGG9kxRnUox3FTVFUaM,hold 25 slots,-0.11009794784969365
FRbUNvGxYNC1eFngpn7AD3f14aKKTJVC6zSMtvj2dyCS,FRbUNv,12DDEQs4JMUvPXqxQ5LDuA1rfXy5aRuJuWahRzrqpump,55RugFGsESXvEtLeHttR3bb1Fbb5P3LGkRQZfwY91nBf4iBpdzzZBijknLeFWVY8gVCUFnGG9kxRnUox3FTVFUaM,hold 50 slots,-0.206193435887655
FRbUNvGxYNC1eFngpn7AD3f14aKKTJVC6zSMtvj2dyCS,FRbUNv,12DDEQs4JMUvPXqxQ5LDuA1rfXy5aRuJuWahRzrqpump,55RugFGsESXvEtLeHttR3bb1Fbb5P3LGkRQZfwY91nBf4iBpdzzZBijknLeFWVY8gVCUFnGG9kxRnUox3FTVFUaM,hold 75 slots,-0.23551101306370914
FRbUNvGxYNC1eFngpn7AD3f14aKKTJVC6zSMtvj2dyCS,FRbUNv,12DDEQs4JMUvPXqxQ5LDuA1rfXy5aRuJuWahRzrqpump,55RugFGsESXvEtLeHttR3bb1Fbb5P3LGkRQZfwY91nBf4iBpdzzZBijknLeFWVY8gVCUFnGG9kxRnUox3FTVFUaM,hold 150 slots,-0.4917266693398786
FRbUNvGxYNC1eFngpn7AD3f14aKKTJVC6zSMtvj2dyCS,FRbUNv,12DDEQs4JMUvPXqxQ5LDuA1rfXy5aRuJuWahRzrqpump,55RugFGsESXvEtLeHttR3bb1Fbb5P3LGkRQZfwY91nBf4iBpdzzZBijknLeFWVY8gVCUFnGG9kxRnUox3FTVFUaM,TP 10% / SL 10%,-0.11009794784969365
FRbUNvGxYNC1eFngpn7AD3f14aKKTJVC6zSMtvj2dyCS,FRbUNv,12DDEQs4JMUvPXqxQ5LDuA1rfXy5aRuJuWahRzrqpump,55RugFGsESXvEtLeHttR3bb1Fbb5P3LGkRQZfwY91nBf4iBpdzzZBijknLeFWVY8gVCUFnGG9kxRnUox3FTVFUaM,TP 20% / SL 10%,-0.11009794784969365
FRbUNvGxYNC1eFngpn7AD3f14aKKTJVC6zSMtvj2dyCS,FRbUNv,12DDEQs4JMUvPXqxQ5LDuA1rfXy5aRuJuWahRzrqpump,55RugFGsESXvEtLeHttR3bb1Fbb5P3LGkRQZfwY91nBf4iBpdzzZBijknLeFWVY8gVCUFnGG9kxRnUox3FTVFUaM,TP 30% / SL 15%,-0.2922406952095057
FRbUNvGxYNC1eFngpn7AD3f14aKKTJVC6zSMtvj2dyCS,FRbUNv,12DDEQs4JMUvPXqxQ5LDuA1rfXy5aRuJuWahRzrqpump,55RugFGsESXvEtLeHttR3bb1Fbb5P3LGkRQZfwY91nBf4iBpdzzZBijknLeFWVY8gVCUFnGG9kxRnUox3FTVFUaM,TP 50% / SL 25%,-0.2922406952095057
FRbUNvGxYNC1eFngpn7AD3f14aKKTJVC6zSMtvj2dyCS,FRbUNv,12DDEQs4JMUvPXqxQ5LDuA1rfXy5aRuJuWahRzrqpump,55RugFGsESXvEtLeHttR3bb1Fbb5P3LGkRQZfwY91nBf4iBpdzzZBijknLeFWVY8gVCUFnGG9kxRnUox3FTVFUaM,TP 100% / SL 30%,-0.4917266693398786
CEUA7zVoDRqRYoeHTP58UHU6TR8yvtVbeLrX1dppqoXJ,CEUA7z,9dCWpUWExYEEULis4wimo2kCo2LSh7k68hW8XZT9pump,2yeEhh1f4UCzZt3i4mpwf6EqRhs6ojesMyHLiENNCbYy7oXyXrLAb5sVicnBziChsHNwRHYBNpECnL1vwkUkdEAt,follow wallet,-0.46455129188098515
CEUA7zVoDRqRYoeHTP58UHU6TR8yvtVbeLrX1dppqoXJ,CEUA7z,9dCWpUWExYEEULis4wimo2kCo2LSh7k68hW8XZT9pump,2yeEhh1f4UCzZt3i4mpwf6EqRhs6ojesMyHLiENNCbYy7oXyXrLAb5sVicnBziChsHNwRHYBNpECnL1vwkUkdEAt,hold 1 slots,-0.04549099733432067
CEUA7zVoDRqRYoeHTP58UHU6TR8yvtVbeLrX1dppqoXJ,CEUA7z,9dCWpUWExYEEULis4wimo2kCo2LSh7k68hW8XZT9pump,2yeEhh1f4UCzZt3i4mpwf6EqRhs6ojesMyHLiENNCbYy7oXyXrLAb5sVicnBziChsHNwRHYBNpECnL1vwkUkdEAt,hold 3 slots,-0.06186177505037045
CEUA7zVoDRqRYoeHTP58UHU6TR8yvtVbeLrX1dppqoXJ,CEUA7z,9dCWpUWExYEEULis4wimo2kCo2LSh7k68hW8XZT9pump,2yeEhh1f4UCzZt3i4mpwf6EqRhs6ojesMyHLiENNCbYy7oXyXrLAb5sVicnBziChsHNwRHYBNpECnL1vwkUkdEAt,hold 5 slots,0.034128284998007775
CEUA7zVoDRqRYoeHTP58UHU6TR8yvtVbeLrX1dppqoXJ,CEUA7z,9dCWpUWExYEEULis4wimo2kCo2LSh7k68hW8XZT9pump,2yeEhh1f4UCzZt3i4mpwf6EqRhs6ojesMyHLiENNCbYy7oXyXrLAb5sVicnBziChsHNwRHYBNpECnL1vwkUkdEAt,hold 12 slots,0.22889433503756046
CEUA7zVoDRqRYoeHTP58UHU6TR8yvtVbeLrX1dppqoXJ,CEUA7z,9dCWpUWExYEEULis4wimo2kCo2LSh7k68hW8XZT9pump,2yeEhh1f4UCzZt3i4mpwf6EqRhs6ojesMyHLiENNCbYy7oXyXrLAb5sVicnBziChsHNwRHYBNpECnL1vwkUkdEAt,hold 25 slots,0.10539280085841299
CEUA7zVoDRqRYoeHTP58UHU6TR8yvtVbeLrX1dppqoXJ,CEUA7z,9dCWpUWExYEEULis4wimo2kCo2LSh7k68hW8XZT9pump,2yeEhh1f4UCzZt3i4mpwf6EqRhs6ojesMyHLiENNCbYy7oXyXrLAb5sVicnBziChsHNwRHYBNpECnL1vwkUkdEAt,hold 50 slots,-0.029960102784707666
CEUA7zVoDRqRYoeHTP58UHU6TR8yvtVbeLrX1dppqoXJ,CEUA7z,9dCWpUWExYEEULis4wimo2kCo2LSh7k68hW8XZT9pump,2yeEhh1f4UCzZt3i4mpwf6EqRhs6ojesMyHLiENNCbYy7oXyXrLAb5sVicnBziChsHNwRHYBNpECnL1vwkUkdEAt,hold 75 slots,-0.1268303111433929
CEUA7zVoDRqRYoeHTP58UHU6TR8yvtVbeLrX1dppqoXJ,CEUA7z,9dCWpUWExYEEULis4wimo2kCo2LSh7k68hW8XZT9pump,2yeEhh1f4UCzZt3i4mpwf6EqRhs6ojesMyHLiENNCbYy7oXyXrLAb5sVicnBziChsHNwRHYBNpECnL1vwkUkdEAt,hold 150 slots,-0.11324937834644294
CEUA7zVoDRqRYoeHTP58UHU6TR8yvtVbeLrX1dppqoXJ,CEUA7z,9dCWpUWExYEEULis4wimo2kCo2LSh7k68hW8XZT9pump,2yeEhh1f4UCzZt3i4mpwf6EqRhs6ojesMyHLiENNCbYy7oXyXrLAb5sVicnBziChsHNwRHYBNpECnL1vwkUkdEAt,TP 10% / SL 10%,0.22889433503756046
CEUA7zVoDRqRYoeHTP58UHU6TR8yvtVbeLrX1dppqoXJ,CEUA7z,9dCWpUWExYEEULis4wimo2kCo2LSh7k68hW8XZT9pump,2yeEhh1f4UCzZt3i4mpwf6EqRhs6ojesMyHLiENNCbYy7oXyXrLAb5sVicnBziChsHNwRHYBNpECnL1vwkUkdEAt,TP 20% / SL 10%,0.22889433503756046
CEUA7zVoDRqRYoeHTP58UHU6TR8yvtVbeLrX1dppqoXJ,CEUA7z,9dCWpUWExYEEULis4wimo2kCo2LSh7k68hW8XZT9pump,2yeEhh1f4UCzZt3i4mpwf6EqRhs6ojesMyHLiENNCbYy7oXyXrLAb5sVicnBziChsHNwRHYBNpECnL1vwkUkdEAt,TP 30% / SL 15%,-0.11324937834644294
CEUA7zVoDRqRYoeHTP58UHU6TR8yvtVbeLrX1dppqoXJ,CEUA7z,9dCWpUWExYEEULis4wimo2kCo2LSh7k68hW8XZT9pump,2yeEhh1f4UCzZt3i4mpwf6EqRhs6ojesMyHLiENNCbYy7oXyXrLAb5sVicnBziChsHNwRHYBNpECnL1vwkUkdEAt,TP 50% / SL 25%,-0.11324937834644294
CEUA7zVoDRqRYoeHTP58UHU6TR8yvtVbeLrX1dppqoXJ,CEUA7z,9dCWpUWExYEEULis4wimo2kCo2LSh7k68hW8XZT9pump,2yeEhh1f4UCzZt3i4mpwf6EqRhs6ojesMyHLiENNCbYy7oXyXrLAb5sVicnBziChsHNwRHYBNpECnL1vwkUkdEAt,TP 100% / SL 30%,-0.11324937834644294
CEUA7zVoDRqRYoeHTP58UHU6TR8yvtVbeLrX1dppqoXJ,CEUA7z,5bcMnxY6djMES8oTTtcvEuzdSE2Rnk5DsVyCf8yPpump,3M4nKzedzEfBJ5bRUXWgHr2dk9ULYz18uDymUxVLJb3RgFngBGDeaN9QkxERiApf7JMbeyfZreKbAkJ8e9GbCiaS,hold 1 slots,-0.05798058850102234
CEUA7zVoDRqRYoeHTP58UHU6TR8yvtVbeLrX1dppqoXJ,CEUA7z,5bcMnxY6djMES8oTTtcvEuzdSE2Rnk5DsVyCf8yPpump,3M4nKzedzEfBJ5bRUXWgHr2dk9ULYz18uDymUxVLJb3RgFngBGDeaN9QkxERiApf7JMbeyfZreKbAkJ8e9GbCiaS,hold 3 slots,-0.04498196323341858
CEUA7zVoDRqRYoeHTP58UHU6TR8yvtVbeLrX1dppqoXJ,CEUA7z,5bcMnxY6djMES8oTTtcvEuzdSE2Rnk5DsVyCf8yPpump,3M4nKzedzEfBJ5bRUXWgHr2dk9ULYz18uDymUxVLJb3RgFngBGDeaN9QkxERiApf7JMbeyfZreKbAkJ8e9GbCiaS,hold 5 slots,-0.04060275223430121
CEUA7zVoDRqRYoeHTP58UHU6TR8yvtVbeLrX1dppqoXJ,CEUA7z,5bcMnxY6djMES8oTTtcvEuzdSE2Rnk5DsVyCf8yPpump,3M4nKzedzEfBJ5bRUXWgHr2dk9ULYz18uDymUxVLJb3RgFngBGDeaN9QkxERiApf7JMbeyfZreKbAkJ8e9GbCiaS,hold 12 slots,-0.04060275223430121
CEUA7zVoDRqRYoeHTP58UHU6TR8yvtVbeLrX1dppqoXJ,CEUA7z,5bcMnxY6djMES8oTTtcvEuzdSE2Rnk5DsVyCf8yPpump,3M4nKzedzEfBJ5bRUXWgHr2dk9ULYz18uDymUxVLJb3RgFngBGDeaN9QkxERiApf7JMbeyfZreKbAkJ8e9GbCiaS,hold 25 slots,-0.04089467199564636
CEUA7zVoDRqRYoeHTP58UHU6TR8yvtVbeLrX1dppqoXJ,CEUA7z,5bcMnxY6djMES8oTTtcvEuzdSE2Rnk5DsVyCf8yPpump,3M4nKzedzEfBJ5bRUXWgHr2dk9ULYz18uDymUxVLJb3RgFngBGDeaN9QkxERiApf7JMbeyfZreKbAkJ8e9GbCiaS,hold 50 slots,-0.06525243814585388
CEUA7zVoDRqRYoeHTP58UHU6TR8yvtVbeLrX1dppqoXJ,CEUA7z,5bcMnxY6djMES8oTTtcvEuzdSE2Rnk5DsVyCf8yPpump,3M4nKzedzEfBJ5bRUXWgHr2dk9ULYz18uDymUxVLJb3RgFngBGDeaN9QkxERiApf7JMbeyfZreKbAkJ8e9GbCiaS,hold 75 slots,-0.09334532243434263
CEUA7zVoDRqRYoeHTP58UHU6TR8yvtVbeLrX1dppqoXJ,CEUA7z,5bcMnxY6djMES8oTTtcvEuzdSE2Rnk5DsVyCf8yPpump,3M4nKzedzEfBJ5bRUXWgHr2dk9ULYz18uDymUxVLJb3RgFngBGDeaN9QkxERiApf7JMbeyfZreKbAkJ8e9GbCiaS,hold 150 slots,-0.09309315949034727
CEUA7zVoDRqRYoeHTP58UHU6TR8yvtVbeLrX1dppqoXJ,CEUA7z,5bcMnxY6djMES8oTTtcvEuzdSE2Rnk5DsVyCf8yPpump,3M4nKzedzEfBJ5bRUXWgHr2dk9ULYz18uDymUxVLJb3RgFngBGDeaN9QkxERiApf7JMbeyfZreKbAkJ8e9GbCiaS,TP 10% / SL 10%,-0.09309315949034727
CEUA7zVoDRqRYoeHTP58UHU6TR8yvtVbeLrX1dppqoXJ,CEUA7z,5bcMnxY6djMES8oTTtcvEuzdSE2Rnk5DsVyCf8yPpump,3M4nKzedzEfBJ5bRUXWgHr2dk9ULYz18uDymUxVLJb3RgFngBGDeaN9QkxERiApf7JMbeyfZreKbAkJ8e9GbCiaS,TP 20% / SL 10%,-0.09309315949034727
CEUA7zVoDRqRYoeHTP58UHU6TR8yvtVbeLrX1dppqoXJ,CEUA7z,5bcMnxY6djMES8oTTtcvEuzdSE2Rnk5DsVyCf8yPpump,3M4nKzedzEfBJ5bRUXWgHr2dk9ULYz18uDymUxVLJb3RgFngBGDeaN9QkxERiApf7JMbeyfZreKbAkJ8e9GbCiaS,TP 30% / SL 15%,-0.09309315949034727
CEUA7zVoDRqRYoeHTP58UHU6TR8yvtVbeLrX1dppqoXJ,CEUA7z,5bcMnxY6djMES8oTTtcvEuzdSE2Rnk5DsVyCf8yPpump,3M4nKzedzEfBJ5bRUXWgHr2dk9ULYz18uDymUxVLJb3RgFngBGDeaN9QkxERiApf7JMbeyfZreKbAkJ8e9GbCiaS,TP 50% / SL 25%,-0.09309315949034727
CEUA7zVoDRqRYoeHTP58UHU6TR8yvtVbeLrX1dppqoXJ,CEUA7z,5bcMnxY6djMES8oTTtcvEuzdSE2Rnk5DsVyCf8yPpump,3M4nKzedzEfBJ5bRUXWgHr2dk9ULYz18uDymUxVLJb3RgFngBGDeaN9QkxERiApf7JMbeyfZreKbAkJ8e9GbCiaS,TP 100% / SL 30%,-0.09309315949034727
719sfKUjiMThumTt2u39VMGn612BZyCcwbM5Pe8SqFYz,719sfK,4ArpAfYvE2z3neDUXarvcuFsakyVgL8g15hWJKVvpump,GBnN6g946yA1o86RedqWEaSFqmauFcy1ydWLX65F9TQ45eShKpvqujEZvxLpXwAC2gBuDv25TRdoCbimyDBwPwX,follow wallet,1.4020308593284765
719sfKUjiMThumTt2u39VMGn612BZyCcwbM5Pe8SqFYz,719sfK,4ArpAfYvE2z3neDUXarvcuFsakyVgL8g15hWJKVvpump,GBnN6g946yA1o86RedqWEaSFqmauFcy1ydWLX65F9TQ45eShKpvqujEZvxLpXwAC2gBuDv25TRdoCbimyDBwPwX,hold 1 slots,-0.018904949910085442
719sfKUjiMThumTt2u39VMGn612BZyCcwbM5Pe8SqFYz,719sfK,4ArpAfYvE2z3neDUXarvcuFsakyVgL8g15hWJKVvpump,GBnN6g946yA1o86RedqWEaSFqmauFcy1ydWLX65F9TQ45eShKpvqujEZvxLpXwAC2gBuDv25TRdoCbimyDBwPwX,hold 3 slots,-0.01317496430885744
719sfKUjiMThumTt2u39VMGn612BZyCcwbM5Pe8SqFYz,719sfK,4ArpAfYvE2z3neDUXarvcuFsakyVgL8g15hWJKVvpump,GBnN6g946yA1o86RedqWEaSFqmauFcy1ydWLX65F9TQ45eShKpvqujEZvxLpXwAC2gBuDv25TRdoCbimyDBwPwX,hold 5 slots,-0.032820383396154756
719sfKUjiMThumTt2u39VMGn612BZyCcwbM5Pe8SqFYz,719sfK,4ArpAfYvE2z3neDUXarvcuFsakyVgL8g15hWJKVvpump,GBnN6g946yA1o86RedqWEaSFqmauFcy1ydWLX65F9TQ45eShKpvqujEZvxLpXwAC2gBuDv25TRdoCbimyDBwPwX,hold 12 slots,0.09741323693888784
719sfKUjiMThumTt2u39VMGn612BZyCcwbM5Pe8SqFYz,719sfK,4ArpAfYvE2z3neDUXarvcuFsakyVgL8g15hWJKVvpump,GBnN6g946yA1o86RedqWEaSFqmauFcy1ydWLX65F9TQ45eShKpvqujEZvxLpXwAC2gBuDv25TRdoCbimyDBwPwX,hold 25 slots,0.05615944441991997
719sfKUjiMThumTt2u39VMGn612BZyCcwbM5Pe8SqFYz,719sfK,4ArpAfYvE2z3neDUXarvcuFsakyVgL8g15hWJKVvpump,GBnN6g946yA1o86RedqWEaSFqmauFcy1ydWLX65F9TQ45eShKpvqujEZvxLpXwAC2gBuDv25TRdoCbimyDBwPwX,hold 50 slots,0.20506002196428275
719sfKUjiMThumTt2u39VMGn612BZyCcwbM5Pe8SqFYz,719sfK,4ArpAfYvE2z3neDUXarvcuFsakyVgL8g15hWJKVvpump,GBnN6g946yA1o86RedqWEaSFqmauFcy1ydWLX65F9TQ45eShKpvqujEZvxLpXwAC2gBuDv25TRdoCbimyDBwPwX,hold 75 slots,0.3083343430562372
719sfKUjiMThumTt2u39VMGn612BZyCcwbM5Pe8SqFYz,719sfK,4ArpAfYvE2z3neDUXarvcuFsakyVgL8g15hWJKVvpump,GBnN6g946yA1o86RedqWEaSFqmauFcy1ydWLX65F9TQ45eShKpvqujEZvxLpXwAC2gBuDv25TRdoCbimyDBwPwX,hold 150 slots,0.571562236343993
719sfKUjiMThumTt2u39VMGn612BZyCcwbM5Pe8SqFYz,719sfK,4ArpAfYvE2z3neDUXarvcuFsakyVgL8g15hWJKVvpump,GBnN6g946yA1o86RedqWEaSFqmauFcy1ydWLX65F9TQ45eShKpvqujEZvxLpXwAC2gBuDv25TRdoCbimyDBwPwX,TP 10% / SL 10%,0.1916809739602947
719sfKUjiMThumTt2u39VMGn612BZyCcwbM5Pe8SqFYz,719sfK,4ArpAfYvE2z3neDUXarvcuFsakyVgL8g15hWJKVvpump,GBnN6g946yA1o86RedqWEaSFqmauFcy1ydWLX65F9TQ45eShKpvqujEZvxLpXwAC2gBuDv25TRdoCbimyDBwPwX,TP 20% / SL 10%,0.20506002196428275
719sfKUjiMThumTt2u39VMGn612BZyCcwbM5Pe8SqFYz,719sfK,4ArpAfYvE2z3neDUXarvcuFsakyVgL8g15hWJKVvpump,GBnN6g946yA1o86RedqWEaSFqmauFcy1ydWLX65F9TQ45eShKpvqujEZvxLpXwAC2gBuDv25TRdoCbimyDBwPwX,TP 30% / SL 15%,0.3083343430562372
719sfKUjiMThumTt2u39VMGn612BZyCcwbM5Pe8SqFYz,719sfK,4ArpAfYvE2z3neDUXarvcuFsakyVgL8g15hWJKVvpump,GBnN6g946yA1o86RedqWEaSFqmauFcy1ydWLX65F9TQ45eShKpvqujEZvxLpXwAC2gBuDv25TRdoCbimyDBwPwX,TP 50% / SL 25%,0.571562236343993
719sfKUjiMThumTt2u39VMGn612BZyCcwbM5Pe8SqFYz,719sfK,4ArpAfYvE2z3neDUXarvcuFsakyVgL8g15hWJKVvpump,GBnN6g946yA1o86RedqWEaSFqmauFcy1ydWLX65F9TQ45eShKpvqujEZvxLpXwAC2gBuDv25TRdoCbimyDBwPwX,TP 100% / SL 30%,0.571562236343993
719sfKUjiMThumTt2u39VMGn612BZyCcwbM5Pe8SqFYz,719sfK,AFZc7qExhr4rQ44qWirmoB34t4ayjFwaPdSEWFUmpump,5aiKhd5E2KhgTeMnq8UHtmUDThSPVDuU943zEmMXBu5tsZX3MGZQzC74BApWAerEjx3L3CAAYYfZW9Was4jcnNJ7,follow wallet,-0.582111565498799
719sfKUjiMThumTt2u39VMGn612BZyCcwbM5Pe8SqFYz,719sfK,AFZc7qExhr4rQ44qWirmoB34t4ayjFwaPdSEWFUmpump,5aiKhd5E2KhgTeMnq8UHtmUDThSPVDuU943zEmMXBu5tsZX3MGZQzC74BApWAerEjx3L3CAAYYfZW9Was4jcnNJ7,hold 1 slots,-0.05757025985862923
719sfKUjiMThumTt2u39VMGn612BZyCcwbM5Pe8SqFYz,719sfK,AFZc7qExhr4rQ44qWirmoB34t4ayjFwaPdSEWFUmpump,5aiKhd5E2KhgTeMnq8UHtmUDThSPVDuU943zEmMXBu5tsZX3MGZQzC74BApWAerEjx3L3CAAYYfZW9Was4jcnNJ7,hold 3 slots,-0.22670624182715332
719sfKUjiMThumTt2u39VMGn612BZyCcwbM5Pe8SqFYz,719sfK,AFZc7qExhr4rQ44qWirmoB34t4ayjFwaPdSEWFUmpump,5aiKhd5E2KhgTeMnq8UHtmUDThSPVDuU943zEmMXBu5tsZX3MGZQzC74BApWAerEjx3L3CAAYYfZW9Was4jcnNJ7,hold 5 slots,-0.5311381759803518
719sfKUjiMThumTt2u39VMGn612BZyCcwbM5Pe8SqFYz,719sfK,AFZc7qExhr4rQ44qWirmoB34t4ayjFwaPdSEWFUmpump,5aiKhd5E2KhgTeMnq8UHtmUDThSPVDuU943zEmMXBu5tsZX3MGZQzC74BApWAerEjx3L3CAAYYfZW9Was4jcnNJ7,hold 12 slots,-0.5598536235825757
719sfKUjiMThumTt2u39VMGn612BZyCcwbM5Pe8SqFYz,719sfK,AFZc7qExhr4rQ44qWirmoB34t4ayjFwaPdSEWFUmpump,5aiKhd5E2KhgTeMnq8UHtmUDThSPVDuU943zEmMXBu5tsZX3MGZQzC74BApWAerEjx3L3CAAYYfZW9Was4jcnNJ7,hold 25 slots,-0.5598536235825757
719sfKUjiMThumTt2u39VMGn612BZyCcwbM5Pe8SqFYz,719sfK,AFZc7qExhr4rQ44qWirmoB34t4ayjFwaPdSEWFUmpump,5aiKhd5E2KhgTeMnq8UHtmUDThSPVDuU943zEmMXBu5tsZX3MGZQzC74BApWAerEjx3L3CAAYYfZW9Was4jcnNJ7,hold 50 slots,-0.5598536235825757
719sfKUjiMThumTt2u39VMGn612BZyCcwbM5Pe8SqFYz,719sfK,AFZc7qExhr4rQ44qWirmoB34t4ayjFwaPdSEWFUmpump,5aiKhd5E2KhgTeMnq8UHtmUDThSPVDuU943zEmMXBu5tsZX3MGZQzC74BApWAerEjx3L3CAAYYfZW9Was4jcnNJ7,hold 75 slots,-0.5598536235825757
719sfKUjiMThumTt2u39VMGn612BZyCcwbM5Pe8SqFYz,719sfK,AFZc7qExhr4rQ44qWirmoB34t4ayjFwaPdSEWFUmpump,5aiKhd5E2KhgTeMnq8UHtmUDThSPVDuU943zEmMXBu5tsZX3MGZQzC74BApWAerEjx3L3CAAYYfZW9Was4jcnNJ7,hold 150 slots,-0.5626687504152277
719sfKUjiMThumTt2u39VMGn612BZyCcwbM5Pe8SqFYz,719sfK,AFZc7qExhr4rQ44qWirmoB34t4ayjFwaPdSEWFUmpump,5aiKhd5E2KhgTeMnq8UHtmUDThSPVDuU943zEmMXBu5tsZX3MGZQzC74BApWAerEjx3L3CAAYYfZW9Was4jcnNJ7,TP 10% / SL 10%,-0.22670624182715332
719sfKUjiMThumTt2u39VMGn612BZyCcwbM5Pe8SqFYz,719sfK,AFZc7qExhr4rQ44qWirmoB34t4ayjFwaPdSEWFUmpump,5aiKhd5E2KhgTeMnq8UHtmUDThSPVDuU943zEmMXBu5tsZX3MGZQzC74BApWAerEjx3L3CAAYYfZW9Was4jcnNJ7,TP 20% / SL 10%,-0.22670624182715332
719sfKUjiMThumTt2u39VMGn612BZyCcwbM5Pe8SqFYz,719sfK,AFZc7qExhr4rQ44qWirmoB34t4ayjFwaPdSEWFUmpump,5aiKhd5E2KhgTeMnq8UHtmUDThSPVDuU943zEmMXBu5tsZX3MGZQzC74BApWAerEjx3L3CAAYYfZW9Was4jcnNJ7,TP 30% / SL 15%,-0.22670624182715332
719sfKUjiMThumTt2u39VMGn612BZyCcwbM5Pe8SqFYz,719sfK,AFZc7qExhr4rQ44qWirmoB34t4ayjFwaPdSEWFUmpump,5aiKhd5E2KhgTeMnq8UHtmUDThSPVDuU943zEmMXBu5tsZX3MGZQzC74BApWAerEjx3L3CAAYYfZW9Was4jcnNJ7,TP 50% / SL 25%,-0.5311381759803518
719sfKUjiMThumTt2u39VMGn612BZyCcwbM5Pe8SqFYz,719sfK,AFZc7qExhr4rQ44qWirmoB34t4ayjFwaPdSEWFUmpump,5aiKhd5E2KhgTeMnq8UHtmUDThSPVDuU943zEmMXBu5tsZX3MGZQzC74BApWAerEjx3L3CAAYYfZW9Was4jcnNJ7,TP 100% / SL 30%,-0.5311381759803518
39q2g5tTQn9n7KnuapzwS2smSx3NGYqBoea11tBjsGEt,39q2g5,Aq7Mna5V6pCM25u12hakzT8jmhTVN8ivG9NmSc2Tpump,5XCXTzRFYp16HCRFGjTgCNbZaLG5Sdq6LT4LgFsELyzz7J9La4DS6iD4qFEy4ipUjipvqpRWQyuRJJjkXiXfBn4G,hold 1 slots,-0.05075614419886291
39q2g5tTQn9n7KnuapzwS2smSx3NGYqBoea11tBjsGEt,39q2g5,Aq7Mna5V6pCM25u12hakzT8jmhTVN8ivG9NmSc2Tpump,5XCXTzRFYp16HCRFGjTgCNbZaLG5Sdq6LT4LgFsELyzz7J9La4DS6iD4qFEy4ipUjipvqpRWQyuRJJjkXiXfBn4G,hold 3 slots,-0.05075614419886291
39q2g5tTQn9n7KnuapzwS2smSx3NGYqBoea11tBjsGEt,39q2g5,Aq7Mna5V6pCM25u12hakzT8jmhTVN8ivG9NmSc2Tpump,5XCXTzRFYp16HCRFGjTgCNbZaLG5Sdq6LT4LgFsELyzz7J9La4DS6iD4qFEy4ipUjipvqpRWQyuRJJjkXiXfBn4G,hold 5 slots,-0.05075614419886291
39q2g5tTQn9n7KnuapzwS2smSx3NGYqBoea11tBjsGEt,39q2g5,Aq7Mna5V6pCM25u12hakzT8jmhTVN8ivG9NmSc2Tpump,5XCXTzRFYp16HCRFGjTgCNbZaLG5Sdq6LT4LgFsELyzz7J9La4DS6iD4qFEy4ipUjipvqpRWQyuRJJjkXiXfBn4G,hold 12 slots,-0.05075614419886291
39q2g5tTQn9n7KnuapzwS2smSx3NGYqBoea11tBjsGEt,39q2g5,Aq7Mna5V6pCM25u12hakzT8jmhTVN8ivG9NmSc2Tpump,5XCXTzRFYp16HCRFGjTgCNbZaLG5Sdq6LT4LgFsELyzz7J9La4DS6iD4qFEy4ipUjipvqpRWQyuRJJjkXiXfBn4G,hold 25 slots,-0.07092051516423284
39q2g5tTQn9n7KnuapzwS2smSx3NGYqBoea11tBjsGEt,39q2g5,Aq7Mna5V6pCM25u12hakzT8jmhTVN8ivG9NmSc2Tpump,5XCXTzRFYp16HCRFGjTgCNbZaLG5Sdq6LT4LgFsELyzz7J9La4DS6iD4qFEy4ipUjipvqpRWQyuRJJjkXiXfBn4G,hold 50 slots,0.19056527149342584
39q2g5tTQn9n7KnuapzwS2smSx3NGYqBoea11tBjsGEt,39q2g5,Aq7Mna5V6pCM25u12hakzT8jmhTVN8ivG9NmSc2Tpump,5XCXTzRFYp16HCRFGjTgCNbZaLG5Sdq6LT4LgFsELyzz7J9La4DS6iD4qFEy4ipUjipvqpRWQyuRJJjkXiXfBn4G,hold 75 slots,0.07585211075682069
39q2g5tTQn9n7KnuapzwS2smSx3NGYqBoea11tBjsGEt,39q2g5,Aq7Mna5V6pCM25u12hakzT8jmhTVN8ivG9NmSc2Tpump,5XCXTzRFYp16HCRFGjTgCNbZaLG5Sdq6LT4LgFsELyzz7J9La4DS6iD4qFEy4ipUjipvqpRWQyuRJJjkXiXfBn4G,hold 150 slots,-0.24618796667504275
39q2g5tTQn9n7KnuapzwS2smSx3NGYqBoea11tBjsGEt,39q2g5,Aq7Mna5V6pCM25u12hakzT8jmhTVN8ivG9NmSc2Tpump,5XCXTzRFYp16HCRFGjTgCNbZaLG5Sdq6LT4LgFsELyzz7J9La4DS6iD4qFEy4ipUjipvqpRWQyuRJJjkXiXfBn4G,TP 10% / SL 10%,-0.12395841324420656
39q2g5tTQn9n7KnuapzwS2smSx3NGYqBoea11tBjsGEt,39q2g5,Aq7Mna5V6pCM25u12hakzT8jmhTVN8ivG9NmSc2Tpump,5XCXTzRFYp16HCRFGjTgCNbZaLG5Sdq6LT4LgFsELyzz7J9La4DS6iD4qFEy4ipUjipvqpRWQyuRJJjkXiXfBn4G,TP 20% / SL 10%,-0.12395841324420656
39q2g5tTQn9n7KnuapzwS2smSx3NGYqBoea11tBjsGEt,39q2g5,Aq7Mna5V6pCM25u12hakzT8jmhTVN8ivG9NmSc2Tpump,5XCXTzRFYp16HCRFGjTgCNbZaLG5Sdq6LT4LgFsELyzz7J9La4DS6iD4qFEy4ipUjipvqpRWQyuRJJjkXiXfBn4G,TP 30% / SL 15%,-0.24618796667504275
39q2g5tTQn9n7KnuapzwS2smSx3NGYqBoea11tBjsGEt,39q2g5,Aq7Mna5V6pCM25u12hakzT8jmhTVN8ivG9NmSc2Tpump,5XCXTzRFYp16HCRFGjTgCNbZaLG5Sdq6LT4LgFsELyzz7J9La4DS6iD4qFEy4ipUjipvqpRWQyuRJJjkXiXfBn4G,TP 50% / SL 25%,-0.24618796667504275
39q2g5tTQn9n7KnuapzwS2smSx3NGYqBoea11tBjsGEt,39q2g5,Aq7Mna5V6pCM25u12hakzT8jmhTVN8ivG9NmSc2Tpump,5XCXTzRFYp16HCRFGjTgCNbZaLG5Sdq6LT4LgFsELyzz7J9La4DS6iD4qFEy4ipUjipvqpRWQyuRJJjkXiXfBn4G,TP 100% / SL 30%,-0.24618796667504275
39q2g5tTQn9n7KnuapzwS2smSx3NGYqBoea11tBjsGEt,39q2g5,54jMPwKcuJmxQAhxdbbbNbSyHnhsZrHRECg5hqUwpump,5xAk6XYKNEuXmZfwWnrhnrP24XbCJTDgRy5op7sSqEf8SiMJZsboXM9U2cEcte6Tkb746PboNXXgKMKaDgb6wzUd,follow wallet,-0.5219769283298273
39q2g5tTQn9n7KnuapzwS2smSx3NGYqBoea11tBjsGEt,39q2g5,54jMPwKcuJmxQAhxdbbbNbSyHnhsZrHRECg5hqUwpump,5xAk6XYKNEuXmZfwWnrhnrP24XbCJTDgRy5op7sSqEf8SiMJZsboXM9U2cEcte6Tkb746PboNXXgKMKaDgb6wzUd,hold 1 slots,-0.05209725309671271
39q2g5tTQn9n7KnuapzwS2smSx3NGYqBoea11tBjsGEt,39q2g5,54jMPwKcuJmxQAhxdbbbNbSyHnhsZrHRECg5hqUwpump,5xAk6XYKNEuXmZfwWnrhnrP24XbCJTDgRy5op7sSqEf8SiMJZsboXM9U2cEcte6Tkb746PboNXXgKMKaDgb6wzUd,hold 3 slots,-0.05209725309671271
39q2g5tTQn9n7KnuapzwS2smSx3NGYqBoea11tBjsGEt,39q2g5,54jMPwKcuJmxQAhxdbbbNbSyHnhsZrHRECg5hqUwpump,5xAk6XYKNEuXmZfwWnrhnrP24XbCJTDgRy5op7sSqEf8SiMJZsboXM9U2cEcte6Tkb746PboNXXgKMKaDgb6wzUd,hold 5 slots,-0.05209725309671271
39q2g5tTQn9n7KnuapzwS2smSx3NGYqBoea11tBjsGEt,39q2g5,54jMPwKcuJmxQAhxdbbbNbSyHnhsZrHRECg5hqUwpump,5xAk6XYKNEuXmZfwWnrhnrP24XbCJTDgRy5op7sSqEf8SiMJZsboXM9U2cEcte6Tkb746PboNXXgKMKaDgb6wzUd,hold 12 slots,-0.031517128946431876
39q2g5tTQn9n7KnuapzwS2smSx3NGYqBoea11tBjsGEt,39q2g5,54jMPwKcuJmxQAhxdbbbNbSyHnhsZrHRECg5hqUwpump,5xAk6XYKNEuXmZfwWnrhnrP24XbCJTDgRy5op7sSqEf8SiMJZsboXM9U2cEcte6Tkb746PboNXXgKMKaDgb6wzUd,hold 25 slots,0.020080314885303974
39q2g5tTQn9n7KnuapzwS2smSx3NGYqBoea11tBjsGEt,39q2g5,54jMPwKcuJmxQAhxdbbbNbSyHnhsZrHRECg5hqUwpump,5xAk6XYKNEuXmZfwWnrhnrP24XbCJTDgRy5op7sSqEf8SiMJZsboXM9U2cEcte6Tkb746PboNXXgKMKaDgb6wzUd,hold 50 slots,0.04949007031336784
39q2g5tTQn9n7KnuapzwS2smSx3NGYqBoea11tBjsGEt,39q2g5,54jMPwKcuJmxQAhxdbbbNbSyHnhsZrHRECg5hqUwpump,5xAk6XYKNEuXmZfwWnrhnrP24XbCJTDgRy5op7sSqEf8SiMJZsboXM9U2cEcte6Tkb746PboNXXgKMKaDgb6wzUd,hold 75 slots,-0.0026322173578954937
39q2g5tTQn9n7KnuapzwS2smSx3NGYqBoea11tBjsGEt,39q2g5,54jMPwKcuJmxQAhxdbbbNbSyHnhsZrHRECg5hqUwpump,5xAk6XYKNEuXmZfwWnrhnrP24XbCJTDgRy5op7sSqEf8SiMJZsboXM9U2cEcte6Tkb746PboNXXgKMKaDgb6wzUd,hold 150 slots,-0.05202584176782966
39q2g5tTQn9n7KnuapzwS2smSx3NGYqBoea11tBjsGEt,39q2g5,54jMPwKcuJmxQAhxdbbbNbSyHnhsZrHRECg5hqUwpump,5xAk6XYKNEuXmZfwWnrhnrP24XbCJTDgRy5op7sSqEf8SiMJZsboXM9U2cEcte6Tkb746PboNXXgKMKaDgb6wzUd,TP 10% / SL 10%,-0.05202584176782966
39q2g5tTQn9n7KnuapzwS2smSx3NGYqBoea11tBjsGEt,39q2g5,54jMPwKcuJmxQAhxdbbbNbSyHnhsZrHRECg5hqUwpump,5xAk6XYKNEuXmZfwWnrhnrP24XbCJTDgRy5op7sSqEf8SiMJZsboXM9U2cEcte6Tkb746PboNXXgKMKaDgb6wzUd,TP 20% / SL 10%,-0.05202584176782966
39q2g5tTQn9n7KnuapzwS2smSx3NGYqBoea11tBjsGEt,39q2g5,54jMPwKcuJmxQAhxdbbbNbSyHnhsZrHRECg5hqUwpump,5xAk6XYKNEuXmZfwWnrhnrP24XbCJTDgRy5op7sSqEf8SiMJZsboXM9U2cEcte6Tkb746PboNXXgKMKaDgb6wzUd,TP 30% / SL 15%,-0.05202584176782966
39q2g5tTQn9n7KnuapzwS2smSx3NGYqBoea11tBjsGEt,39q2g5,54jMPwKcuJmxQAhxdbbbNbSyHnhsZrHRECg5hqUwpump,5xAk6XYKNEuXmZfwWnrhnrP24XbCJTDgRy5op7sSqEf8SiMJZsboXM9U2cEcte6Tkb746PboNXXgKMKaDgb6wzUd,TP 50% / SL 25%,-0.05202584176782966
39q2g5tTQn9n7KnuapzwS2smSx3NGYqBoea11tBjsGEt,39q2g5,54jMPwKcuJmxQAhxdbbbNbSyHnhsZrHRECg5hqUwpump,5xAk6XYKNEuXmZfwWnrhnrP24XbCJTDgRy5op7sSqEf8SiMJZsboXM9U2cEcte6Tkb746PboNXXgKMKaDgb6wzUd,TP 100% / SL 30%,-0.05202584176782966
39q2g5tTQn9n7KnuapzwS2smSx3NGYqBoea11tBjsGEt,39q2g5,4riDXZW79vkk4ftXoSS3K72dpF4x1RK32ycji2mFpump,3SLfNWC4bn8Hng7VDpPMrBin4ysAK8M9FjA1goAFBqWhYemgXQkdVzUXD7Ek1qCxchGuWwX8n63DkLTBDCGjX9o7,hold 1 slots,-0.15008353925443113
39q2g5tTQn9n7KnuapzwS2smSx3NGYqBoea11tBjsGEt,39q2g5,4riDXZW79vkk4ftXoSS3K72dpF4x1RK32ycji2mFpump,3SLfNWC4bn8Hng7VDpPMrBin4ysAK8M9FjA1goAFBqWhYemgXQkdVzUXD7Ek1qCxchGuWwX8n63DkLTBDCGjX9o7,hold 3 slots,-0.15008353925443113
39q2g5tTQn9n7KnuapzwS2smSx3NGYqBoea11tBjsGEt,39q2g5,4riDXZW79vkk4ftXoSS3K72dpF4x1RK32ycji2mFpump,3SLfNWC4bn8Hng7VDpPMrBin4ysAK8M9FjA1goAFBqWhYemgXQkdVzUXD7Ek1qCxchGuWwX8n63DkLTBDCGjX9o7,hold 5 slots,-0.15866118318808103
39q2g5tTQn9n7KnuapzwS2smSx3NGYqBoea11tBjsGEt,39q2g5,4riDXZW79vkk4ftXoSS3K72dpF4x1RK32ycji2mFpump,3SLfNWC4bn8Hng7VDpPMrBin4ysAK8M9FjA1goAFBqWhYemgXQkdVzUXD7Ek1qCxchGuWwX8n63DkLTBDCGjX9o7,hold 12 slots,-0.16057749483156622
39q2g5tTQn9n7KnuapzwS2smSx3NGYqBoea11tBjsGEt,39q2g5,4riDXZW79vkk4ftXoSS3K72dpF4x1RK32ycji2mFpump,3SLfNWC4bn8Hng7VDpPMrBin4ysAK8M9FjA1goAFBqWhYemgXQkdVzUXD7Ek1qCxchGuWwX8n63DkLTBDCGjX9o7,hold 25 slots,-0.16213027702789426
39q2g5tTQn9n7KnuapzwS2smSx3NGYqBoea11tBjsGEt,39q2g5,4riDXZW79vkk4ftXoSS3K72dpF4x1RK32ycji2mFpump,3SLfNWC4bn8Hng7VDpPMrBin4ysAK8M9FjA1goAFBqWhYemgXQkdVzUXD7Ek1qCxchGuWwX8n63DkLTBDCGjX9o7,hold 50 slots,-0.16212415735891725
39q2g5tTQn9n7KnuapzwS2smSx3NGYqBoea11tBjsGEt,39q2g5,4riDXZW79vkk4ftXoSS3K72dpF4x1RK32ycji2mFpump,3SLfNWC4bn8Hng7VDpPMrBin4ysAK8M9FjA1goAFBqWhYemgXQkdVzUXD7Ek1qCxchGuWwX8n63DkLTBDCGjX9o7,hold 75 slots,-0.13302065317924072
39q2g5tTQn9n7KnuapzwS2smSx3NGYqBoea11tBjsGEt,39q2g5,4riDXZW79vkk4ftXoSS3K72dpF4x1RK32ycji2mFpump,3SLfNWC4bn8Hng7VDpPMrBin4ysAK8M9FjA1goAFBqWhYemgXQkdVzUXD7Ek1qCxchGuWwX8n63DkLTBDCGjX9o7,hold 150 slots,-0.00031152644443118577
39q2g5tTQn9n7KnuapzwS2smSx3NGYqBoea11tBjsGEt,39q2g5,4riDXZW79vkk4ftXoSS3K72dpF4x1RK32ycji2mFpump,3SLfNWC4bn8Hng7VDpPMrBin4ysAK8M9FjA1goAFBqWhYemgXQkdVzUXD7Ek1qCxchGuWwX8n63DkLTBDCGjX9o7,TP 10% / SL 10%,-0.15008353925443113
39q2g5tTQn9n7KnuapzwS2smSx3NGYqBoea11tBjsGEt,39q2g5,4riDXZW79vkk4ftXoSS3K72dpF4x1RK32ycji2mFpump,3SLfNWC4bn8Hng7VDpPMrBin4ysAK8M9FjA1goAFBqWhYemgXQkdVzUXD7Ek1qCxchGuWwX8n63DkLTBDCGjX9o7,TP 20% / SL 10%,-0.15008353925443113
39q2g5tTQn9n7KnuapzwS2smSx3NGYqBoea11tBjsGEt,39q2g5,4riDXZW79vkk4ftXoSS3K72dpF4x1RK32ycji2mFpump,3SLfNWC4bn8Hng7VDpPMrBin4ysAK8M9FjA1goAFBqWhYemgXQkdVzUXD7Ek1qCxchGuWwX8n63DkLTBDCGjX9o7,TP 30% / SL 15%,-0.15008353925443113
39q2g5tTQn9n7KnuapzwS2smSx3NGYqBoea11tBjsGEt,39q2g5,4riDXZW79vkk4ftXoSS3K72dpF4x1RK32ycji2mFpump,3SLfNWC4bn8Hng7VDpPMrBin4ysAK8M9FjA1goAFBqWhYemgXQkdVzUXD7Ek1qCxchGuWwX8n63DkLTBDCGjX9o7,TP 50% / SL 25%,-0.00031152644443118577
39q2g5tTQn9n7KnuapzwS2smSx3NGYqBoea11tBjsGEt,39q2g5,4riDXZW79vkk4ftXoSS3K72dpF4x1RK32ycji2mFpump,3SLfNWC4bn8Hng7VDpPMrBin4ysAK8M9FjA1goAFBqWhYemgXQkdVzUXD7Ek1qCxchGuWwX8n63DkLTBDCGjX9o7,TP 100% / SL 30%,-0.00031152644443118577
7j7AA3HZR2zEjwAQEKPFh2qucLY4fqZpB9iodf39w8xW,7j7AA3,HXHZT27p7C9t62QyDgPoEHiRFsLoqUTYnJAmZ16tpump,ygnafopHs5ub4ZL583C1t4uNZxEtZBYipcgPzJwHi7BfBasHXLaZ2sCp4fn43yhCSNUESnUQNFD3VCFGR6AQvWz,hold 1 slots,-0.08449225302612673
7j7AA3HZR2zEjwAQEKPFh2qucLY4fqZpB9iodf39w8xW,7j7AA3,HXHZT27p7C9t62QyDgPoEHiRFsLoqUTYnJAmZ16tpump,ygnafopHs5ub4ZL583C1t4uNZxEtZBYipcgPzJwHi7BfBasHXLaZ2sCp4fn43yhCSNUESnUQNFD3VCFGR6AQvWz,hold 3 slots,-0.0987387977635596
7j7AA3HZR2zEjwAQEKPFh2qucLY4fqZpB9iodf39w8xW,7j7AA3,HXHZT27p7C9t62QyDgPoEHiRFsLoqUTYnJAmZ16tpump,ygnafopHs5ub4ZL583C1t4uNZxEtZBYipcgPzJwHi7BfBasHXLaZ2sCp4fn43yhCSNUESnUQNFD3VCFGR6AQvWz,hold 5 slots,-0.1161886457571448
7j7AA3HZR2zEjwAQEKPFh2qucLY4fqZpB9iodf39w8xW,7j7AA3,HXHZT27p7C9t62QyDgPoEHiRFsLoqUTYnJAmZ16tpump,ygnafopHs5ub4ZL583C1t4uNZxEtZBYipcgPzJwHi7BfBasHXLaZ2sCp4fn43yhCSNUESnUQNFD3VCFGR6AQvWz,hold 12 slots,-0.08714059162709106
7j7AA3HZR2zEjwAQEKPFh2qucLY4fqZpB9iodf39w8xW,7j7AA3,HXHZT27p7C9t62QyDgPoEHiRFsLoqUTYnJAmZ16tpump,ygnafopHs5ub4ZL583C1t4uNZxEtZBYipcgPzJwHi7BfBasHXLaZ2sCp4fn43yhCSNUESnUQNFD3VCFGR6AQvWz,hold 25 slots,-0.00603414600497806
7j7AA3HZR2zEjwAQEKPFh2qucLY4fqZpB9iodf39w8xW,7j7AA3,HXHZT27p7C9t62QyDgPoEHiRFsLoqUTYnJAmZ16tpump,ygnafopHs5ub4ZL583C1t4uNZxEtZBYipcgPzJwHi7BfBasHXLaZ2sCp4fn43yhCSNUESnUQNFD3VCFGR6AQvWz,hold 50 slots,-0.00603414600497806
7j7AA3HZR2zEjwAQEKPFh2qucLY4fqZpB9iodf39w8xW,7j7AA3,HXHZT27p7C9t62QyDgPoEHiRFsLoqUTYnJAmZ16tpump,ygnafopHs5ub4ZL583C1t4uNZxEtZBYipcgPzJwHi7BfBasHXLaZ2sCp4fn43yhCSNUESnUQNFD3VCFGR6AQvWz,hold 75 slots,-0.00603414600497806
7j7AA3HZR2zEjwAQEKPFh2qucLY4fqZpB9iodf39w8xW,7j7AA3,HXHZT27p7C9t62QyDgPoEHiRFsLoqUTYnJAmZ16tpump,ygnafopHs5ub4ZL583C1t4uNZxEtZBYipcgPzJwHi7BfBasHXLaZ2sCp4fn43yhCSNUESnUQNFD3VCFGR6AQvWz,hold 150 slots,-0.00603414600497806
7j7AA3HZR2zEjwAQEKPFh2qucLY4fqZpB9iodf39w8xW,7j7AA3,HXHZT27p7C9t62QyDgPoEHiRFsLoqUTYnJAmZ16tpump,ygnafopHs5ub4ZL583C1t4uNZxEtZBYipcgPzJwHi7BfBasHXLaZ2sCp4fn43yhCSNUESnUQNFD3VCFGR6AQvWz,TP 10% / SL 10%,-0.1161886457571448
7j7AA3HZR2zEjwAQEKPFh2qucLY4fqZpB9iodf39w8xW,7j7AA3,HXHZT27p7C9t62QyDgPoEHiRFsLoqUTYnJAmZ16tpump,ygnafopHs5ub4ZL583C1t4uNZxEtZBYipcgPzJwHi7BfBasHXLaZ2sCp4fn43yhCSNUESnUQNFD3VCFGR6AQvWz,TP 20% / SL 10%,-0.1161886457571448
7j7AA3HZR2zEjwAQEKPFh2qucLY4fqZpB9iodf39w8xW,7j7AA3,HXHZT27p7C9t62QyDgPoEHiRFsLoqUTYnJAmZ16tpump,ygnafopHs5ub4ZL583C1t4uNZxEtZBYipcgPzJwHi7BfBasHXLaZ2sCp4fn43yhCSNUESnUQNFD3VCFGR6AQvWz,TP 30% / SL 15%,-0.00603414600497806
7j7AA3HZR2zEjwAQEKPFh2qucLY4fqZpB9iodf39w8xW,7j7AA3,HXHZT27p7C9t62QyDgPoEHiRFsLoqUTYnJAmZ16tpump,ygnafopHs5ub4ZL583C1t4uNZxEtZBYipcgPzJwHi7BfBasHXLaZ2sCp4fn43yhCSNUESnUQNFD3VCFGR6AQvWz,TP 50% / SL 25%,-0.00603414600497806
7j7AA3HZR2zEjwAQEKPFh2qucLY4fqZpB9iodf39w8xW,7j7AA3,HXHZT27p7C9t62QyDgPoEHiRFsLoqUTYnJAmZ16tpump,ygnafopHs5ub4ZL583C1t4uNZxEtZBYipcgPzJwHi7BfBasHXLaZ2sCp4fn43yhCSNUESnUQNFD3VCFGR6AQvWz,TP 100% / SL 30%,-0.00603414600497806
7j7AA3HZR2zEjwAQEKPFh2qucLY4fqZpB9iodf39w8xW,7j7AA3,FShzrBnvP7jE8xQcZHxvofH85ffXr5wjq25LYBLnGYBU,3odxfkPE5Q69eqY93rG1pdevnJwQmKndENS2Q377nDAdnqQu8w3UtLZSdHD43GVNsVj9pHRKHnuEWVLYNG7W7KyD,follow wallet,-0.4744655651353409
7j7AA3HZR2zEjwAQEKPFh2qucLY4fqZpB9iodf39w8xW,7j7AA3,FShzrBnvP7jE8xQcZHxvofH85ffXr5wjq25LYBLnGYBU,3odxfkPE5Q69eqY93rG1pdevnJwQmKndENS2Q377nDAdnqQu8w3UtLZSdHD43GVNsVj9pHRKHnuEWVLYNG7W7KyD,hold 1 slots,-0.057849187088886145
7j7AA3HZR2zEjwAQEKPFh2qucLY4fqZpB9iodf39w8xW,7j7AA3,FShzrBnvP7jE8xQcZHxvofH85ffXr5wjq25LYBLnGYBU,3odxfkPE5Q69eqY93rG1pdevnJwQmKndENS2Q377nDAdnqQu8w3UtLZSdHD43GVNsVj9pHRKHnuEWVLYNG7W7KyD,hold 3 slots,-0.32509405539739933
7j7AA3HZR2zEjwAQEKPFh2qucLY4fqZpB9iodf39w8xW,7j7AA3,FShzrBnvP7jE8xQcZHxvofH85ffXr5wjq25LYBLnGYBU,3odxfkPE5Q69eqY93rG1pdevnJwQmKndENS2Q377nDAdnqQu8w3UtLZSdHD43GVNsVj9pHRKHnuEWVLYNG7W7KyD,hold 5 slots,-0.3254292448135492
7j7AA3HZR2zEjwAQEKPFh2qucLY4fqZpB9iodf39w8xW,7j7AA3,FShzrBnvP7jE8xQcZHxvofH85ffXr5wjq25LYBLnGYBU,3odxfkPE5Q69eqY93rG1pdevnJwQmKndENS2Q377nDAdnqQu8w3UtLZSdHD43GVNsVj9pHRKHnuEWVLYNG7W7KyD,hold 12 slots,-0.3296241929239484
7j7AA3HZR2zEjwAQEKPFh2qucLY4fqZpB9iodf39w8xW,7j7AA3,FShzrBnvP7jE8xQcZHxvofH85ffXr5wjq25LYBLnGYBU,3odxfkPE5Q69eqY93rG1pdevnJwQmKndENS2Q377nDAdnqQu8w3UtLZSdHD43GVNsVj9pHRKHnuEWVLYNG7W7KyD,hold 25 slots,-0.48300173725235873
7j7AA3HZR2zEjwAQEKPFh2qucLY4fqZpB9iodf39w8xW,7j7AA3,FShzrBnvP7jE8xQcZHxvofH85ffXr5wjq25LYBLnGYBU,3odxfkPE5Q69eqY93rG1pdevnJwQmKndENS2Q377nDAdnqQu8w3UtLZSdHD43GVNsVj9pHRKHnuEWVLYNG7W7KyD,hold 50 slots,-0.5111232016816791
7j7AA3HZR2zEjwAQEKPFh2qucLY4fqZpB9iodf39w8xW,7j7AA3,FShzrBnvP7jE8xQcZHxvofH85ffXr5wjq25LYBLnGYBU,3odxfkPE5Q69eqY93rG1pdevnJwQmKndENS2Q377nDAdnqQu8w3UtLZSdHD43GVNsVj9pHRKHnuEWVLYNG7W7KyD,hold 75 slots,-0.5111232016816791
7j7AA3HZR2zEjwAQEKPFh2qucLY4fqZpB9iodf39w8xW,7j7AA3,FShzrBnvP7jE8xQcZHxvofH85ffXr5wjq25LYBLnGYBU,3odxfkPE5Q69eqY93rG1pdevnJwQmKndENS2Q377nDAdnqQu8w3UtLZSdHD43GVNsVj9pHRKHnuEWVLYNG7W7KyD,hold 150 slots,-0.5138108667004602
7j7AA3HZR2zEjwAQEKPFh2qucLY4fqZpB9iodf39w8xW,7j7AA3,FShzrBnvP7jE8xQcZHxvofH85ffXr5wjq25LYBLnGYBU,3odxfkPE5Q69eqY93rG1pdevnJwQmKndENS2Q377nDAdnqQu8w3UtLZSdHD43GVNsVj9pHRKHnuEWVLYNG7W7KyD,TP 10% / SL 10%,-0.32509405539739933
7j7AA3HZR2zEjwAQEKPFh2qucLY4fqZpB9iodf39w8xW,7j7AA3,FShzrBnvP7jE8xQcZHxvofH85ffXr5wjq25LYBLnGYBU,3odxfkPE5Q69eqY93rG1pdevnJwQmKndENS2Q377nDAdnqQu8w3UtLZSdHD43GVNsVj9pHRKHnuEWVLYNG7W7KyD,TP 20% / SL 10%,-0.32509405539739933
7j7AA3HZR2zEjwAQEKPFh2qucLY4fqZpB9iodf39w8xW,7j7AA3,FShzrBnvP7jE8xQcZHxvofH85ffXr5wjq25LYBLnGYBU,3odxfkPE5Q69eqY93rG1pdevnJwQmKndENS2Q377nDAdnqQu8w3UtLZSdHD43GVNsVj9pHRKHnuEWVLYNG7W7KyD,TP 30% / SL 15%,-0.32509405539739933
7j7AA3HZR2zEjwAQEKPFh2qucLY4fqZpB9iodf39w8xW,7j7AA3,FShzrBnvP7jE8xQcZHxvofH85ffXr5wjq25LYBLnGYBU,3odxfkPE5Q69eqY93rG1pdevnJwQmKndENS2Q377nDAdnqQu8w3UtLZSdHD43GVNsVj9pHRKHnuEWVLYNG7W7KyD,TP 50% / SL 25%,-0.32509405539739933
7j7AA3HZR2zEjwAQEKPFh2qucLY4fqZpB9iodf39w8xW,7j7AA3,FShzrBnvP7jE8xQcZHxvofH85ffXr5wjq25LYBLnGYBU,3odxfkPE5Q69eqY93rG1pdevnJwQmKndENS2Q377nDAdnqQu8w3UtLZSdHD43GVNsVj9pHRKHnuEWVLYNG7W7KyD,TP 100% / SL 30%,-0.32509405539739933
7j7AA3HZR2zEjwAQEKPFh2qucLY4fqZpB9iodf39w8xW,7j7AA3,147CGkE2EsXmrGJDDKw78nAPzL7z7GLAkos12rTdpump,2y8GHPYjhZrRn2LP5cNhrvAXTASdJzfyfeqz9brnQjdHDg6FcEZMqgX9yT957TWn3RiZvNiXjZSULv6FqnTm7uiy,follow wallet,0.015044354561437965
7j7AA3HZR2zEjwAQEKPFh2qucLY4fqZpB9iodf39w8xW,7j7AA3,147CGkE2EsXmrGJDDKw78nAPzL7z7GLAkos12rTdpump,2y8GHPYjhZrRn2LP5cNhrvAXTASdJzfyfeqz9brnQjdHDg6FcEZMqgX9yT957TWn3RiZvNiXjZSULv6FqnTm7uiy,hold 1 slots,-0.014778054801865816
7j7AA3HZR2zEjwAQEKPFh2qucLY4fqZpB9iodf39w8xW,7j7AA3,147CGkE2EsXmrGJDDKw78nAPzL7z7GLAkos12rTdpump,2y8GHPYjhZrRn2LP5cNhrvAXTASdJzfyfeqz9brnQjdHDg6FcEZMqgX9yT957TWn3RiZvNiXjZSULv6FqnTm7uiy,hold 3 slots,0.013906230336138845
7j7AA3HZR2zEjwAQEKPFh2qucLY4fqZpB9iodf39w8xW,7j7AA3,147CGkE2EsXmrGJDDKw78nAPzL7z7GLAkos12rTdpump,2y8GHPYjhZrRn2LP5cNhrvAXTASdJzfyfeqz9brnQjdHDg6FcEZMqgX9yT957TWn3RiZvNiXjZSULv6FqnTm7uiy,hold 5 slots,0.19015488553766108
7j7AA3HZR2zEjwAQEKPFh2qucLY4fqZpB9iodf39w8xW,7j7AA3,147CGkE2EsXmrGJDDKw78nAPzL7z7GLAkos12rTdpump,2y8GHPYjhZrRn2LP5cNhrvAXTASdJzfyfeqz9brnQjdHDg6FcEZMqgX9yT957TWn3RiZvNiXjZSULv6FqnTm7uiy,hold 12 slots,0.2662742057698498
7j7AA3HZR2zEjwAQEKPFh2qucLY4fqZpB9iodf39w8xW,7j7AA3,147CGkE2EsXmrGJDDKw78nAPzL7z7GLAkos12rTdpump,2y8GHPYjhZrRn2LP5cNhrvAXTASdJzfyfeqz9brnQjdHDg6FcEZMqgX9yT957TWn3RiZvNiXjZSULv6FqnTm7uiy,hold 25 slots,0.3047781560281787
7j7AA3HZR2zEjwAQEKPFh2qucLY4fqZpB9iodf39w8xW,7j7AA3,147CGkE2EsXmrGJDDKw78nAPzL7z7GLAkos12rTdpump,2y8GHPYjhZrRn2LP5cNhrvAXTASdJzfyfeqz9brnQjdHDg6FcEZMqgX9yT957TWn3RiZvNiXjZSULv6FqnTm7uiy,hold 50 slots,0.36125804805411244
7j7AA3HZR2zEjwAQEKPFh2qucLY4fqZpB9iodf39w8xW,7j7AA3,147CGkE2EsXmrGJDDKw78nAPzL7z7GLAkos12rTdpump,2y8GHPYjhZrRn2LP5cNhrvAXTASdJzfyfeqz9brnQjdHDg6FcEZMqgX9yT957TWn3RiZvNiXjZSULv6FqnTm7uiy,hold 75 slots,0.28678025217316533
7j7AA3HZR2zEjwAQEKPFh2qucLY4fqZpB9iodf39w8xW,7j7AA3,147CGkE2EsXmrGJDDKw78nAPzL7z7GLAkos12rTdpump,2y8GHPYjhZrRn2LP5cNhrvAXTASdJzfyfeqz9brnQjdHDg6FcEZMqgX9yT957TWn3RiZvNiXjZSULv6FqnTm7uiy,hold 150 slots,0.32274081280285405
7j7AA3HZR2zEjwAQEKPFh2qucLY4fqZpB9iodf39w8xW,7j7AA3,147CGkE2EsXmrGJDDKw78nAPzL7z7GLAkos12rTdpump,2y8GHPYjhZrRn2LP5cNhrvAXTASdJzfyfeqz9brnQjdHDg6FcEZMqgX9yT957TWn3RiZvNiXjZSULv6FqnTm7uiy,TP 10% / SL 10%,0.19015488553766108
7j7AA3HZR2zEjwAQEKPFh2qucLY4fqZpB9iodf39w8xW,7j7AA3,147CGkE2EsXmrGJDDKw78nAPzL7z7GLAkos12rTdpump,2y8GHPYjhZrRn2LP5cNhrvAXTASdJzfyfeqz9brnQjdHDg6FcEZMqgX9yT957TWn3RiZvNiXjZSULv6FqnTm7uiy,TP 20% / SL 10%,0.3007863961428919
7j7AA3HZR2zEjwAQEKPFh2qucLY4fqZpB9iodf39w8xW,7j7AA3,147CGkE2EsXmrGJDDKw78nAPzL7z7GLAkos12rTdpump,2y8GHPYjhZrRn2LP5cNhrvAXTASdJzfyfeqz9brnQjdHDg6FcEZMqgX9yT957TWn3RiZvNiXjZSULv6FqnTm7uiy,TP 30% / SL 15%,0.3007863961428919
7j7AA3HZR2zEjwAQEKPFh2qucLY4fqZpB9iodf39w8xW,7j7AA3,147CGkE2EsXmrGJDDKw78nAPzL7z7GLAkos12rTdpump,2y8GHPYjhZrRn2LP5cNhrvAXTASdJzfyfeqz9brnQjdHDg6FcEZMqgX9yT957TWn3RiZvNiXjZSULv6FqnTm7uiy,TP 50% / SL 25%,0.32274081280285405
7j7AA3HZR2zEjwAQEKPFh2qucLY4fqZpB9iodf39w8xW,7j7AA3,147CGkE2EsXmrGJDDKw78nAPzL7z7GLAkos12rTdpump,2y8GHPYjhZrRn2LP5cNhrvAXTASdJzfyfeqz9brnQjdHDg6FcEZMqgX9yT957TWn3RiZvNiXjZSULv6FqnTm7uiy,TP 100% / SL 30%,0.32274081280285405
7j7AA3HZR2zEjwAQEKPFh2qucLY4fqZpB9iodf39w8xW,7j7AA3,CKrkKohJ3r4qHRH6QdZYM3pUQsJCMAEeSF9gDRZZpump,5NcoBXGehrxoqWuzKQaXftV2GrZasxHujaogCYCbJybNp3YeWsiCta5tU9eWSxpBBykwyvf7ZjqFqdEyjg1fPT8s,follow wallet,0.7770128719585963
7j7AA3HZR2zEjwAQEKPFh2qucLY4fqZpB9iodf39w8xW,7j7AA3,CKrkKohJ3r4qHRH6QdZYM3pUQsJCMAEeSF9gDRZZpump,5NcoBXGehrxoqWuzKQaXftV2GrZasxHujaogCYCbJybNp3YeWsiCta5tU9eWSxpBBykwyvf7ZjqFqdEyjg1fPT8s,hold 1 slots,-0.058939372156469105
7j7AA3HZR2zEjwAQEKPFh2qucLY4fqZpB9iodf39w8xW,7j7AA3,CKrkKohJ3r4qHRH6QdZYM3pUQsJCMAEeSF9gDRZZpump,5NcoBXGehrxoqWuzKQaXftV2GrZasxHujaogCYCbJybNp3YeWsiCta5tU9eWSxpBBykwyvf7ZjqFqdEyjg1fPT8s,hold 3 slots,-0.06082573405796635
7j7AA3HZR2zEjwAQEKPFh2qucLY4fqZpB9iodf39w8xW,7j7AA3,CKrkKohJ3r4qHRH6QdZYM3pUQsJCMAEeSF9gDRZZpump,5NcoBXGehrxoqWuzKQaXftV2GrZasxHujaogCYCbJybNp3YeWsiCta5tU9eWSxpBBykwyvf7ZjqFqdEyjg1fPT8s,hold 5 slots,-0.05476648887305605
7j7AA3HZR2zEjwAQEKPFh2qucLY4fqZpB9iodf39w8xW,7j7AA3,CKrkKohJ3r4qHRH6QdZYM3pUQsJCMAEeSF9gDRZZpump,5NcoBXGehrxoqWuzKQaXftV2GrZasxHujaogCYCbJybNp3YeWsiCta5tU9eWSxpBBykwyvf7ZjqFqdEyjg1fPT8s,hold 12 slots,-0.08847414154044927
7j7AA3HZR2zEjwAQEKPFh2qucLY4fqZpB9iodf39w8xW,7j7AA3,CKrkKohJ3r4qHRH6QdZYM3pUQsJCMAEeSF9gDRZZpump,5NcoBXGehrxoqWuzKQaXftV2GrZasxHujaogCYCbJybNp3YeWsiCta5tU9eWSxpBBykwyvf7ZjqFqdEyjg1fPT8s,hold 25 slots,-0.09190510498981999
7j7AA3HZR2zEjwAQEKPFh2qucLY4fqZpB9iodf39w8xW,7j7AA3,CKrkKohJ3r4qHRH6QdZYM3pUQsJCMAEeSF9gDRZZpump,5NcoBXGehrxoqWuzKQaXftV2GrZasxHujaogCYCbJybNp3YeWsiCta5tU9eWSxpBBykwyvf7ZjqFqdEyjg1fPT8s,hold 50 slots,0.08456141230776787
7j7AA3HZR2zEjwAQEKPFh2qucLY4fqZpB9iodf39w8xW,7j7AA3,CKrkKohJ3r4qHRH6QdZYM3pUQsJCMAEeSF9gDRZZpump,5NcoBXGehrxoqWuzKQaXftV2GrZasxHujaogCYCbJybNp3YeWsiCta5tU9eWSxpBBykwyvf7ZjqFqdEyjg1fPT8s,hold 75 slots,0.05100354716211855
7j7AA3HZR2zEjwAQEKPFh2qucLY4fqZpB9iodf39w8xW,7j7AA3,CKrkKohJ3r4qHRH6QdZYM3pUQsJCMAEeSF9gDRZZpump,5NcoBXGehrxoqWuzKQaXftV2GrZasxHujaogCYCbJybNp3YeWsiCta5tU9eWSxpBBykwyvf7ZjqFqdEyjg1fPT8s,hold 150 slots,-0.07250843017160702
7j7AA3HZR2zEjwAQEKPFh2qucLY4fqZpB9iodf39w8xW,7j7AA3,CKrkKohJ3r4qHRH6QdZYM3pUQsJCMAEeSF9gDRZZpump,5NcoBXGehrxoqWuzKQaXftV2GrZasxHujaogCYCbJybNp3YeWsiCta5tU9eWSxpBBykwyvf7ZjqFqdEyjg1fPT8s,TP 10% / SL 10%,-0.07250843017160702
7j7AA3HZR2zEjwAQEKPFh2qucLY4fqZpB9iodf39w8xW,7j7AA3,CKrkKohJ3r4qHRH6QdZYM3pUQsJCMAEeSF9gDRZZpump,5NcoBXGehrxoqWuzKQaXftV2GrZasxHujaogCYCbJybNp3YeWsiCta5tU9eWSxpBBykwyvf7ZjqFqdEyjg1fPT8s,TP 20% / SL 10%,-0.07250843017160702
7j7AA3HZR2zEjwAQEKPFh2qucLY4fqZpB9iodf39w8xW,7j7AA3,CKrkKohJ3r4qHRH6QdZYM3pUQsJCMAEeSF9gDRZZpump,5NcoBXGehrxoqWuzKQaXftV2GrZasxHujaogCYCbJybNp3YeWsiCta5tU9eWSxpBBykwyvf7ZjqFqdEyjg1fPT8s,TP 30% / SL 15%,-0.07250843017160702
7j7AA3HZR2zEjwAQEKPFh2qucLY4fqZpB9iodf39w8xW,7j7AA3,CKrkKohJ3r4qHRH6QdZYM3pUQsJCMAEeSF9gDRZZpump,5NcoBXGehrxoqWuzKQaXftV2GrZasxHujaogCYCbJybNp3YeWsiCta5tU9eWSxpBBykwyvf7ZjqFqdEyjg1fPT8s,TP 50% / SL 25%,-0.07250843017160702
7j7AA3HZR2zEjwAQEKPFh2qucLY4fqZpB9iodf39w8xW,7j7AA3,CKrkKohJ3r4qHRH6QdZYM3pUQsJCMAEeSF9gDRZZpump,5NcoBXGehrxoqWuzKQaXftV2GrZasxHujaogCYCbJybNp3YeWsiCta5tU9eWSxpBBykwyvf7ZjqFqdEyjg1fPT8s,TP 100% / SL 30%,-0.07250843017160702
7j7AA3HZR2zEjwAQEKPFh2qucLY4fqZpB9iodf39w8xW,7j7AA3,BZACSv1YYjVHThNL7EQT7FqnDVcRz83FL7ZS7Upspump,4CoyKd5oUFeESZxPTRH7UJbyBfDWnqHEbThftBjXPa3mpXDiwgDPWghiCSWBimH5En63DshUMvYkzKuuKJV6WsBi,follow wallet,-0.019367426310355186
7j7AA3HZR2zEjwAQEKPFh2qucLY4fqZpB9iodf39w8xW,7j7AA3,BZACSv1YYjVHThNL7EQT7FqnDVcRz83FL7ZS7Upspump,4CoyKd5oUFeESZxPTRH7UJbyBfDWnqHEbThftBjXPa3mpXDiwgDPWghiCSWBimH5En63DshUMvYkzKuuKJV6WsBi,hold 1 slots,-0.013488702929151653
7j7AA3HZR2zEjwAQEKPFh2qucLY4fqZpB9iodf39w8xW,7j7AA3,BZACSv1YYjVHThNL7EQT7FqnDVcRz83FL7ZS7Upspump,4CoyKd5oUFeESZxPTRH7UJbyBfDWnqHEbThftBjXPa3mpXDiwgDPWghiCSWBimH5En63DshUMvYkzKuuKJV6WsBi,hold 3 slots,0.0258410019605664
7j7AA3HZR2zEjwAQEKPFh2qucLY4fqZpB9iodf39w8xW,7j7AA3,BZACSv1YYjVHThNL7EQT7FqnDVcRz83FL7ZS7Upspump,4CoyKd5oUFeESZxPTRH7UJbyBfDWnqHEbThftBjXPa3mpXDiwgDPWghiCSWBimH5En63DshUMvYkzKuuKJV6WsBi,hold 5 slots,0.015440981548654795
7j7AA3HZR2zEjwAQEKPFh2qucLY4fqZpB9iodf39w8xW,7j7AA3,BZACSv1YYjVHThNL7EQT7FqnDVcRz83FL7ZS7Upspump,4CoyKd5oUFeESZxPTRH7UJbyBfDWnqHEbThftBjXPa3mpXDiwgDPWghiCSWBimH5En63DshUMvYkzKuuKJV6WsBi,hold 12 slots,-0.04067245759962285
7j7AA3HZR2zEjwAQEKPFh2qucLY4fqZpB9iodf39w8xW,7j7AA3,BZACSv1YYjVHThNL7EQT7FqnDVcRz83FL7ZS7Upspump,4CoyKd5oUFeESZxPTRH7UJbyBfDWnqHEbThftBjXPa3mpXDiwgDPWghiCSWBimH5En63DshUMvYkzKuuKJV6WsBi,hold 25 slots,-0.01553114153511107
7j7AA3HZR2zEjwAQEKPFh2qucLY4fqZpB9iodf39w8xW,7j7AA3,BZACSv1YYjVHThNL7EQT7FqnDVcRz83FL7ZS7Upspump,4CoyKd5oUFeESZxPTRH7UJbyBfDWnqHEbThftBjXPa3mpXDiwgDPWghiCSWBimH5En63DshUMvYkzKuuKJV6WsBi,hold 50 slots,0.01801479640844607
7j7AA3HZR2zEjwAQEKPFh2qucLY4fqZpB9iodf39w8xW,7j7AA3,BZACSv1YYjVHThNL7EQT7FqnDVcRz83FL7ZS7Upspump,4CoyKd5oUFeESZxPTRH7UJbyBfDWnqHEbThftBjXPa3mpXDiwgDPWghiCSWBimH5En63DshUMvYkzKuuKJV6WsBi,hold 75 slots,0.24346840724719593
7j7AA3HZR2zEjwAQEKPFh2qucLY4fqZpB9iodf39w8xW,7j7AA3,BZACSv1YYjVHThNL7EQT7FqnDVcRz83FL7ZS7Upspump,4CoyKd5oUFeESZxPTRH7UJbyBfDWnqHEbThftBjXPa3mpXDiwgDPWghiCSWBimH5En63DshUMvYkzKuuKJV6WsBi,hold 150 slots,0.25347551958568837
7j7AA3HZR2zEjwAQEKPFh2qucLY4fqZpB9iodf39w8xW,7j7AA3,BZACSv1YYjVHThNL7EQT7FqnDVcRz83FL7ZS7Upspump,4CoyKd5oUFeESZxPTRH7UJbyBfDWnqHEbThftBjXPa3mpXDiwgDPWghiCSWBimH5En63DshUMvYkzKuuKJV6WsBi,TP 10% / SL 10%,0.24346840724719593
7j7AA3HZR2zEjwAQEKPFh2qucLY4fqZpB9iodf39w8xW,7j7AA3,BZACSv1YYjVHThNL7EQT7FqnDVcRz83FL7ZS7Upspump,4CoyKd5oUFeESZxPTRH7UJbyBfDWnqHEbThftBjXPa3mpXDiwgDPWghiCSWBimH5En63DshUMvYkzKuuKJV6WsBi,TP 20% / SL 10%,0.24346840724719593
7j7AA3HZR2zEjwAQEKPFh2qucLY4fqZpB9iodf39w8xW,7j7AA3,BZACSv1YYjVHThNL7EQT7FqnDVcRz83FL7ZS7Upspump,4CoyKd5oUFeESZxPTRH7UJbyBfDWnqHEbThftBjXPa3mpXDiwgDPWghiCSWBimH5En63DshUMvYkzKuuKJV6WsBi,TP 30% / SL 15%,0.44714522465733025
7j7AA3HZR2zEjwAQEKPFh2qucLY4fqZpB9iodf39w8xW,7j7AA3,BZACSv1YYjVHThNL7EQT7FqnDVcRz83FL7ZS7Upspump,4CoyKd5oUFeESZxPTRH7UJbyBfDWnqHEbThftBjXPa3mpXDiwgDPWghiCSWBimH5En63DshUMvYkzKuuKJV6WsBi,TP 50% / SL 25%,0.25347551958568837
7j7AA3HZR2zEjwAQEKPFh2qucLY4fqZpB9iodf39w8xW,7j7AA3,BZACSv1YYjVHThNL7EQT7FqnDVcRz83FL7ZS7Upspump,4CoyKd5oUFeESZxPTRH7UJbyBfDWnqHEbThftBjXPa3mpXDiwgDPWghiCSWBimH5En63DshUMvYkzKuuKJV6WsBi,TP 100% / SL 30%,0.25347551958568837
GDoG4tdbx8qkpECQKF5MebbEDpFJn6H739psqgoTG3aN,GDoG4t,HuKv1EW8izakDZ4wJimYEcB7rQojdS5UN6B5z8GhN2p4,26FWyAfG2fRbat6kV2iHEDCdkZHNyfqapeqh2Hhaqb35DjRvpGbSTKboibANPrsKt5dPs2EC225DbwsNkJf4nMeR,hold 1 slots,-0.06208905421512973
GDoG4tdbx8qkpECQKF5MebbEDpFJn6H739psqgoTG3aN,GDoG4t,HuKv1EW8izakDZ4wJimYEcB7rQojdS5UN6B5z8GhN2p4,26FWyAfG2fRbat6kV2iHEDCdkZHNyfqapeqh2Hhaqb35DjRvpGbSTKboibANPrsKt5dPs2EC225DbwsNkJf4nMeR,hold 3 slots,-0.06208905421512973
GDoG4tdbx8qkpECQKF5MebbEDpFJn6H739psqgoTG3aN,GDoG4t,HuKv1EW8izakDZ4wJimYEcB7rQojdS5UN6B5z8GhN2p4,26FWyAfG2fRbat6kV2iHEDCdkZHNyfqapeqh2Hhaqb35DjRvpGbSTKboibANPrsKt5dPs2EC225DbwsNkJf4nMeR,hold 5 slots,-0.06208905421512973
GDoG4tdbx8qkpECQKF5MebbEDpFJn6H739psqgoTG3aN,GDoG4t,HuKv1EW8izakDZ4wJimYEcB7rQojdS5UN6B5z8GhN2p4,26FWyAfG2fRbat6kV2iHEDCdkZHNyfqapeqh2Hhaqb35DjRvpGbSTKboibANPrsKt5dPs2EC225DbwsNkJf4nMeR,hold 12 slots,-0.06208905421512973
GDoG4tdbx8qkpECQKF5MebbEDpFJn6H739psqgoTG3aN,GDoG4t,HuKv1EW8izakDZ4wJimYEcB7rQojdS5UN6B5z8GhN2p4,26FWyAfG2fRbat6kV2iHEDCdkZHNyfqapeqh2Hhaqb35DjRvpGbSTKboibANPrsKt5dPs2EC225DbwsNkJf4nMeR,hold 25 slots,-0.06208905421512973
GDoG4tdbx8qkpECQKF5MebbEDpFJn6H739psqgoTG3aN,GDoG4t,HuKv1EW8izakDZ4wJimYEcB7rQojdS5UN6B5z8GhN2p4,26FWyAfG2fRbat6kV2iHEDCdkZHNyfqapeqh2Hhaqb35DjRvpGbSTKboibANPrsKt5dPs2EC225DbwsNkJf4nMeR,hold 50 slots,-0.06208905421512973
GDoG4tdbx8qkpECQKF5MebbEDpFJn6H739psqgoTG3aN,GDoG4t,HuKv1EW8izakDZ4wJimYEcB7rQojdS5UN6B5z8GhN2p4,26FWyAfG2fRbat6kV2iHEDCdkZHNyfqapeqh2Hhaqb35DjRvpGbSTKboibANPrsKt5dPs2EC225DbwsNkJf4nMeR,hold 75 slots,-0.07399210507397674
GDoG4tdbx8qkpECQKF5MebbEDpFJn6H739psqgoTG3aN,GDoG4t,HuKv1EW8izakDZ4wJimYEcB7rQojdS5UN6B5z8GhN2p4,26FWyAfG2fRbat6kV2iHEDCdkZHNyfqapeqh2Hhaqb35DjRvpGbSTKboibANPrsKt5dPs2EC225DbwsNkJf4nMeR,hold 150 slots,0.10275912782134103
GDoG4tdbx8qkpECQKF5MebbEDpFJn6H739psqgoTG3aN,GDoG4t,HuKv1EW8izakDZ4wJimYEcB7rQojdS5UN6B5z8GhN2p4,26FWyAfG2fRbat6kV2iHEDCdkZHNyfqapeqh2Hhaqb35DjRvpGbSTKboibANPrsKt5dPs2EC225DbwsNkJf4nMeR,TP 10% / SL 10%,0.10275912782134103
GDoG4tdbx8qkpECQKF5MebbEDpFJn6H739psqgoTG3aN,GDoG4t,HuKv1EW8izakDZ4wJimYEcB7rQojdS5UN6B5z8GhN2p4,26FWyAfG2fRbat6kV2iHEDCdkZHNyfqapeqh2Hhaqb35DjRvpGbSTKboibANPrsKt5dPs2EC225DbwsNkJf4nMeR,TP 20% / SL 10%,0.10275912782134103
GDoG4tdbx8qkpECQKF5MebbEDpFJn6H739psqgoTG3aN,GDoG4t,HuKv1EW8izakDZ4wJimYEcB7rQojdS5UN6B5z8GhN2p4,26FWyAfG2fRbat6kV2iHEDCdkZHNyfqapeqh2Hhaqb35DjRvpGbSTKboibANPrsKt5dPs2EC225DbwsNkJf4nMeR,TP 30% / SL 15%,0.10275912782134103
GDoG4tdbx8qkpECQKF5MebbEDpFJn6H739psqgoTG3aN,GDoG4t,HuKv1EW8izakDZ4wJimYEcB7rQojdS5UN6B5z8GhN2p4,26FWyAfG2fRbat6kV2iHEDCdkZHNyfqapeqh2Hhaqb35DjRvpGbSTKboibANPrsKt5dPs2EC225DbwsNkJf4nMeR,TP 50% / SL 25%,0.10275912782134103
GDoG4tdbx8qkpECQKF5MebbEDpFJn6H739psqgoTG3aN,GDoG4t,HuKv1EW8izakDZ4wJimYEcB7rQojdS5UN6B5z8GhN2p4,26FWyAfG2fRbat6kV2iHEDCdkZHNyfqapeqh2Hhaqb35DjRvpGbSTKboibANPrsKt5dPs2EC225DbwsNkJf4nMeR,TP 100% / SL 30%,0.10275912782134103
GDoG4tdbx8qkpECQKF5MebbEDpFJn6H739psqgoTG3aN,GDoG4t,3KRhDvrEa1FAcxWS1RCgJG9fYb1XyFgmdhm9RVNqpump,BK1zPHvPb1i9Piaf6CeZxCkBNvrfvya4uwDjCiTy2tLts5FYZcQgTkvvQgJhvJdzWSru8eeFWS9XfjLiZN7Kiic,hold 1 slots,-0.054999962954406144
GDoG4tdbx8qkpECQKF5MebbEDpFJn6H739psqgoTG3aN,GDoG4t,3KRhDvrEa1FAcxWS1RCgJG9fYb1XyFgmdhm9RVNqpump,BK1zPHvPb1i9Piaf6CeZxCkBNvrfvya4uwDjCiTy2tLts5FYZcQgTkvvQgJhvJdzWSru8eeFWS9XfjLiZN7Kiic,hold 3 slots,-0.054999962954406144
GDoG4tdbx8qkpECQKF5MebbEDpFJn6H739psqgoTG3aN,GDoG4t,3KRhDvrEa1FAcxWS1RCgJG9fYb1XyFgmdhm9RVNqpump,BK1zPHvPb1i9Piaf6CeZxCkBNvrfvya4uwDjCiTy2tLts5FYZcQgTkvvQgJhvJdzWSru8eeFWS9XfjLiZN7Kiic,hold 5 slots,-0.051766994589681384
GDoG4tdbx8qkpECQKF5MebbEDpFJn6H739psqgoTG3aN,GDoG4t,3KRhDvrEa1FAcxWS1RCgJG9fYb1XyFgmdhm9RVNqpump,BK1zPHvPb1i9Piaf6CeZxCkBNvrfvya4uwDjCiTy2tLts5FYZcQgTkvvQgJhvJdzWSru8eeFWS9XfjLiZN7Kiic,hold 12 slots,-0.051766994589681384
GDoG4tdbx8qkpECQKF5MebbEDpFJn6H739psqgoTG3aN,GDoG4t,3KRhDvrEa1FAcxWS1RCgJG9fYb1XyFgmdhm9RVNqpump,BK1zPHvPb1i9Piaf6CeZxCkBNvrfvya4uwDjCiTy2tLts5FYZcQgTkvvQgJhvJdzWSru8eeFWS9XfjLiZN7Kiic,hold 25 slots,-0.051766994589681384
GDoG4tdbx8qkpECQKF5MebbEDpFJn6H739psqgoTG3aN,GDoG4t,3KRhDvrEa1FAcxWS1RCgJG9fYb1XyFgmdhm9RVNqpump,BK1zPHvPb1i9Piaf6CeZxCkBNvrfvya4uwDjCiTy2tLts5FYZcQgTkvvQgJhvJdzWSru8eeFWS9XfjLiZN7Kiic,hold 50 slots,-0.051766994589681384
GDoG4tdbx8qkpECQKF5MebbEDpFJn6H739psqgoTG3aN,GDoG4t,3KRhDvrEa1FAcxWS1RCgJG9fYb1XyFgmdhm9RVNqpump,BK1zPHvPb1i9Piaf6CeZxCkBNvrfvya4uwDjCiTy2tLts5FYZcQgTkvvQgJhvJdzWSru8eeFWS9XfjLiZN7Kiic,hold 75 slots,-0.05804937797984135
GDoG4tdbx8qkpECQKF5MebbEDpFJn6H739psqgoTG3aN,GDoG4t,3KRhDvrEa1FAcxWS1RCgJG9fYb1XyFgmdhm9RVNqpump,BK1zPHvPb1i9Piaf6CeZxCkBNvrfvya4uwDjCiTy2tLts5FYZcQgTkvvQgJhvJdzWSru8eeFWS9XfjLiZN7Kiic,hold 150 slots,-0.05804937797984135
GDoG4tdbx8qkpECQKF5MebbEDpFJn6H739psqgoTG3aN,GDoG4t,3KRhDvrEa1FAcxWS1RCgJG9fYb1XyFgmdhm9RVNqpump,BK1zPHvPb1i9Piaf6CeZxCkBNvrfvya4uwDjCiTy2tLts5FYZcQgTkvvQgJhvJdzWSru8eeFWS9XfjLiZN7Kiic,TP 10% / SL 10%,-0.05804937797984135
GDoG4tdbx8qkpECQKF5MebbEDpFJn6H739psqgoTG3aN,GDoG4t,3KRhDvrEa1FAcxWS1RCgJG9fYb1XyFgmdhm9RVNqpump,BK1zPHvPb1i9Piaf6CeZxCkBNvrfvya4uwDjCiTy2tLts5FYZcQgTkvvQgJhvJdzWSru8eeFWS9XfjLiZN7Kiic,TP 20% / SL 10%,-0.05804937797984135
GDoG4tdbx8qkpECQKF5MebbEDpFJn6H739psqgoTG3aN,GDoG4t,3KRhDvrEa1FAcxWS1RCgJG9fYb1XyFgmdhm9RVNqpump,BK1zPHvPb1i9Piaf6CeZxCkBNvrfvya4uwDjCiTy2tLts5FYZcQgTkvvQgJhvJdzWSru8eeFWS9XfjLiZN7Kiic,TP 30% / SL 15%,-0.05804937797984135
GDoG4tdbx8qkpECQKF5MebbEDpFJn6H739psqgoTG3aN,GDoG4t,3KRhDvrEa1FAcxWS1RCgJG9fYb1XyFgmdhm9RVNqpump,BK1zPHvPb1i9Piaf6CeZxCkBNvrfvya4uwDjCiTy2tLts5FYZcQgTkvvQgJhvJdzWSru8eeFWS9XfjLiZN7Kiic,TP 50% / SL 25%,-0.05804937797984135
GDoG4tdbx8qkpECQKF5MebbEDpFJn6H739psqgoTG3aN,GDoG4t,3KRhDvrEa1FAcxWS1RCgJG9fYb1XyFgmdhm9RVNqpump,BK1zPHvPb1i9Piaf6CeZxCkBNvrfvya4uwDjCiTy2tLts5FYZcQgTkvvQgJhvJdzWSru8eeFWS9XfjLiZN7Kiic,TP 100% / SL 30%,-0.05804937797984135
EeXvxkcGqMDZeTaVeawzxm9mbzZwqDUMmfG3bF7uzumH,EeXvxk,9Qd3qnbcADAA2zt7QBC6wtWtFbj685HHXF6CGVkLpump,3cxR2aaPzxnThB4bnGaKBiMcaPo9CXjY7NcpKgrfBANxQhmc3FThkDQuy67jotJwHAKqx6KFGhGmTz64fBNVJ6i4,hold 1 slots,-0.03525045093253053
EeXvxkcGqMDZeTaVeawzxm9mbzZwqDUMmfG3bF7uzumH,EeXvxk,9Qd3qnbcADAA2zt7QBC6wtWtFbj685HHXF6CGVkLpump,3cxR2aaPzxnThB4bnGaKBiMcaPo9CXjY7NcpKgrfBANxQhmc3FThkDQuy67jotJwHAKqx6KFGhGmTz64fBNVJ6i4,hold 3 slots,0.003319071139974355
EeXvxkcGqMDZeTaVeawzxm9mbzZwqDUMmfG3bF7uzumH,EeXvxk,9Qd3qnbcADAA2zt7QBC6wtWtFbj685HHXF6CGVkLpump,3cxR2aaPzxnThB4bnGaKBiMcaPo9CXjY7NcpKgrfBANxQhmc3FThkDQuy67jotJwHAKqx6KFGhGmTz64fBNVJ6i4,hold 5 slots,0.003319071139974355
EeXvxkcGqMDZeTaVeawzxm9mbzZwqDUMmfG3bF7uzumH,EeXvxk,9Qd3qnbcADAA2zt7QBC6wtWtFbj685HHXF6CGVkLpump,3cxR2aaPzxnThB4bnGaKBiMcaPo9CXjY7NcpKgrfBANxQhmc3FThkDQuy67jotJwHAKqx6KFGhGmTz64fBNVJ6i4,hold 12 slots,0.035498964970307585
EeXvxkcGqMDZeTaVeawzxm9mbzZwqDUMmfG3bF7uzumH,EeXvxk,9Qd3qnbcADAA2zt7QBC6wtWtFbj685HHXF6CGVkLpump,3cxR2aaPzxnThB4bnGaKBiMcaPo9CXjY7NcpKgrfBANxQhmc3FThkDQuy67jotJwHAKqx6KFGhGmTz64fBNVJ6i4,hold 25 slots,0.04072651525206423
EeXvxkcGqMDZeTaVeawzxm9mbzZwqDUMmfG3bF7uzumH,EeXvxk,9Qd3qnbcADAA2zt7QBC6wtWtFbj685HHXF6CGVkLpump,3cxR2aaPzxnThB4bnGaKBiMcaPo9CXjY7NcpKgrfBANxQhmc3FThkDQuy67jotJwHAKqx6KFGhGmTz64fBNVJ6i4,hold 50 slots,0.052329073992976066
EeXvxkcGqMDZeTaVeawzxm9mbzZwqDUMmfG3bF7uzumH,EeXvxk,9Qd3qnbcADAA2zt7QBC6wtWtFbj685HHXF6CGVkLpump,3cxR2aaPzxnThB4bnGaKBiMcaPo9CXjY7NcpKgrfBANxQhmc3FThkDQuy67jotJwHAKqx6KFGhGmTz64fBNVJ6i4,hold 75 slots,0.012186619832230211
EeXvxkcGqMDZeTaVeawzxm9mbzZwqDUMmfG3bF7uzumH,EeXvxk,9Qd3qnbcADAA2zt7QBC6wtWtFbj685HHXF6CGVkLpump,3cxR2aaPzxnThB4bnGaKBiMcaPo9CXjY7NcpKgrfBANxQhmc3FThkDQuy67jotJwHAKqx6KFGhGmTz64fBNVJ6i4,hold 150 slots,-0.05624633398406982
EeXvxkcGqMDZeTaVeawzxm9mbzZwqDUMmfG3bF7uzumH,EeXvxk,9Qd3qnbcADAA2zt7QBC6wtWtFbj685HHXF6CGVkLpump,3cxR2aaPzxnThB4bnGaKBiMcaPo9CXjY7NcpKgrfBANxQhmc3FThkDQuy67jotJwHAKqx6KFGhGmTz64fBNVJ6i4,TP 10% / SL 10%,-0.05624633398406982
EeXvxkcGqMDZeTaVeawzxm9mbzZwqDUMmfG3bF7uzumH,EeXvxk,9Qd3qnbcADAA2zt7QBC6wtWtFbj685HHXF6CGVkLpump,3cxR2aaPzxnThB4bnGaKBiMcaPo9CXjY7NcpKgrfBANxQhmc3FThkDQuy67jotJwHAKqx6KFGhGmTz64fBNVJ6i4,TP 20% / SL 10%,-0.05624633398406982
EeXvxkcGqMDZeTaVeawzxm9mbzZwqDUMmfG3bF7uzumH,EeXvxk,9Qd3qnbcADAA2zt7QBC6wtWtFbj685HHXF6CGVkLpump,3cxR2aaPzxnThB4bnGaKBiMcaPo9CXjY7NcpKgrfBANxQhmc3FThkDQuy67jotJwHAKqx6KFGhGmTz64fBNVJ6i4,TP 30% / SL 15%,-0.05624633398406982
EeXvxkcGqMDZeTaVeawzxm9mbzZwqDUMmfG3bF7uzumH,EeXvxk,9Qd3qnbcADAA2zt7QBC6wtWtFbj685HHXF6CGVkLpump,3cxR2aaPzxnThB4bnGaKBiMcaPo9CXjY7NcpKgrfBANxQhmc3FThkDQuy67jotJwHAKqx6KFGhGmTz64fBNVJ6i4,TP 50% / SL 25%,-0.05624633398406982
EeXvxkcGqMDZeTaVeawzxm9mbzZwqDUMmfG3bF7uzumH,EeXvxk,9Qd3qnbcADAA2zt7QBC6wtWtFbj685HHXF6CGVkLpump,3cxR2aaPzxnThB4bnGaKBiMcaPo9CXjY7NcpKgrfBANxQhmc3FThkDQuy67jotJwHAKqx6KFGhGmTz64fBNVJ6i4,TP 100% / SL 30%,-0.05624633398406982
EeXvxkcGqMDZeTaVeawzxm9mbzZwqDUMmfG3bF7uzumH,EeXvxk,6X6M4BRZuYei8jcfSZQ5JUu2m3fnsmTwtS8ceEGspump,3CrsMoepiGcu6tAjK8V5grMrRJKF6vnT9WC2sdZQ3oj1XUax5n5ZutkGUkBoVBymtF6VdnoZPRbM7kp8ACtLm3RW,follow wallet,-0.3983971919260925
EeXvxkcGqMDZeTaVeawzxm9mbzZwqDUMmfG3bF7uzumH,EeXvxk,6X6M4BRZuYei8jcfSZQ5JUu2m3fnsmTwtS8ceEGspump,3CrsMoepiGcu6tAjK8V5grMrRJKF6vnT9WC2sdZQ3oj1XUax5n5ZutkGUkBoVBymtF6VdnoZPRbM7kp8ACtLm3RW,hold 1 slots,-0.048605305576239585
EeXvxkcGqMDZeTaVeawzxm9mbzZwqDUMmfG3bF7uzumH,EeXvxk,6X6M4BRZuYei8jcfSZQ5JUu2m3fnsmTwtS8ceEGspump,3CrsMoepiGcu6tAjK8V5grMrRJKF6vnT9WC2sdZQ3oj1XUax5n5ZutkGUkBoVBymtF6VdnoZPRbM7kp8ACtLm3RW,hold 3 slots,-0.17057546167389095
EeXvxkcGqMDZeTaVeawzxm9mbzZwqDUMmfG3bF7uzumH,EeXvxk,6X6M4BRZuYei8jcfSZQ5JUu2m3fnsmTwtS8ceEGspump,3CrsMoepiGcu6tAjK8V5grMrRJKF6vnT9WC2sdZQ3oj1XUax5n5ZutkGUkBoVBymtF6VdnoZPRbM7kp8ACtLm3RW,hold 5 slots,-0.19059209180379272
EeXvxkcGqMDZeTaVeawzxm9mbzZwqDUMmfG3bF7uzumH,EeXvxk,6X6M4BRZuYei8jcfSZQ5JUu2m3fnsmTwtS8ceEGspump,3CrsMoepiGcu6tAjK8V5grMrRJKF6vnT9WC2sdZQ3oj1XUax5n5ZutkGUkBoVBymtF6VdnoZPRbM7kp8ACtLm3RW,hold 12 slots,-0.033591019826473355
EeXvxkcGqMDZeTaVeawzxm9mbzZwqDUMmfG3bF7uzumH,EeXvxk,6X6M4BRZuYei8jcfSZQ5JUu2m3fnsmTwtS8ceEGspump,3CrsMoepiGcu6tAjK8V5grMrRJKF6vnT9WC2sdZQ3oj1XUax5n5ZutkGUkBoVBymtF6VdnoZPRbM7kp8ACtLm3RW,hold 25 slots,-0.14281415691116942
EeXvxkcGqMDZeTaVeawzxm9mbzZwqDUMmfG3bF7uzumH,EeXvxk,6X6M4BRZuYei8jcfSZQ5JUu2m3fnsmTwtS8ceEGspump,3CrsMoepiGcu6tAjK8V5grMrRJKF6vnT9WC2sdZQ3oj1XUax5n5ZutkGUkBoVBymtF6VdnoZPRbM7kp8ACtLm3RW,hold 50 slots,-0.13437351541842593
EeXvxkcGqMDZeTaVeawzxm9mbzZwqDUMmfG3bF7uzumH,EeXvxk,6X6M4BRZuYei8jcfSZQ5JUu2m3fnsmTwtS8ceEGspump,3CrsMoepiGcu6tAjK8V5grMrRJKF6vnT9WC2sdZQ3oj1XUax5n5ZutkGUkBoVBymtF6VdnoZPRbM7kp8ACtLm3RW,hold 75 slots,-0.20842847525597846
EeXvxkcGqMDZeTaVeawzxm9mbzZwqDUMmfG3bF7uzumH,EeXvxk,6X6M4BRZuYei8jcfSZQ5JUu2m3fnsmTwtS8ceEGspump,3CrsMoepiGcu6tAjK8V5grMrRJKF6vnT9WC2sdZQ3oj1XUax5n5ZutkGUkBoVBymtF6VdnoZPRbM7kp8ACtLm3RW,hold 150 slots,-0.3983971919260925
EeXvxkcGqMDZeTaVeawzxm9mbzZwqDUMmfG3bF7uzumH,EeXvxk,6X6M4BRZuYei8jcfSZQ5JUu2m3fnsmTwtS8ceEGspump,3CrsMoepiGcu6tAjK8V5grMrRJKF6vnT9WC2sdZQ3oj1XUax5n5ZutkGUkBoVBymtF6VdnoZPRbM7kp8ACtLm3RW,TP 10% / SL 10%,-0.17057546167389095
EeXvxkcGqMDZeTaVeawzxm9mbzZwqDUMmfG3bF7uzumH,EeXvxk,6X6M4BRZuYei8jcfSZQ5JUu2m3fnsmTwtS8ceEGspump,3CrsMoepiGcu6tAjK8V5grMrRJKF6vnT9WC2sdZQ3oj1XUax5n5ZutkGUkBoVBymtF6VdnoZPRbM7kp8ACtLm3RW,TP 20% / SL 10%,-0.17057546167389095
EeXvxkcGqMDZeTaVeawzxm9mbzZwqDUMmfG3bF7uzumH,EeXvxk,6X6M4BRZuYei8jcfSZQ5JUu2m3fnsmTwtS8ceEGspump,3CrsMoepiGcu6tAjK8V5grMrRJKF6vnT9WC2sdZQ3oj1XUax5n5ZutkGUkBoVBymtF6VdnoZPRbM7kp8ACtLm3RW,TP 30% / SL 15%,-0.17057546167389095
EeXvxkcGqMDZeTaVeawzxm9mbzZwqDUMmfG3bF7uzumH,EeXvxk,6X6M4BRZuYei8jcfSZQ5JUu2m3fnsmTwtS8ceEGspump,3CrsMoepiGcu6tAjK8V5grMrRJKF6vnT9WC2sdZQ3oj1XUax5n5ZutkGUkBoVBymtF6VdnoZPRbM7kp8ACtLm3RW,TP 50% / SL 25%,-0.3038019430350232
EeXvxkcGqMDZeTaVeawzxm9mbzZwqDUMmfG3bF7uzumH,EeXvxk,6X6M4BRZuYei8jcfSZQ5JUu2m3fnsmTwtS8ceEGspump,3CrsMoepiGcu6tAjK8V5grMrRJKF6vnT9WC2sdZQ3oj1XUax5n5ZutkGUkBoVBymtF6VdnoZPRbM7kp8ACtLm3RW,TP 100% / SL 30%,-0.3038019430350232
GXcAHhvutpa6gmwUVHtxg7KbYghsjNWQshKq4SinHRtQ,GXcAHh,Agx1SMCUbc1t58H5gvpRR5kGLWDFuUTeirUhM1zDpump,48Huo1d7ZCdyHmuy9fBnQ35Ts685s9oA3Tjo3M2ZUnfBzYFFFQ9zk235maFPH9tV4RsEVkVDm3LkzZQj6ZuQBNTu,follow wallet,-0.4606561653665576
GXcAHhvutpa6gmwUVHtxg7KbYghsjNWQshKq4SinHRtQ,GXcAHh,Agx1SMCUbc1t58H5gvpRR5kGLWDFuUTeirUhM1zDpump,48Huo1d7ZCdyHmuy9fBnQ35Ts685s9oA3Tjo3M2ZUnfBzYFFFQ9zk235maFPH9tV4RsEVkVDm3LkzZQj6ZuQBNTu,hold 1 slots,-0.04374410181247139
GXcAHhvutpa6gmwUVHtxg7KbYghsjNWQshKq4SinHRtQ,GXcAHh,Agx1SMCUbc1t58H5gvpRR5kGLWDFuUTeirUhM1zDpump,48Huo1d7ZCdyHmuy9fBnQ35Ts685s9oA3Tjo3M2ZUnfBzYFFFQ9zk235maFPH9tV4RsEVkVDm3LkzZQj6ZuQBNTu,hold 3 slots,-0.04374410181247139
GXcAHhvutpa6gmwUVHtxg7KbYghsjNWQshKq4SinHRtQ,GXcAHh,Agx1SMCUbc1t58H5gvpRR5kGLWDFuUTeirUhM1zDpump,48Huo1d7ZCdyHmuy9fBnQ35Ts685s9oA3Tjo3M2ZUnfBzYFFFQ9zk235maFPH9tV4RsEVkVDm3LkzZQj6ZuQBNTu,hold 5 slots,-0.04374410181247139
GXcAHhvutpa6gmwUVHtxg7KbYghsjNWQshKq4SinHRtQ,GXcAHh,Agx1SMCUbc1t58H5gvpRR5kGLWDFuUTeirUhM1zDpump,48Huo1d7ZCdyHmuy9fBnQ35Ts685s9oA3Tjo3M2ZUnfBzYFFFQ9zk235maFPH9tV4RsEVkVDm3LkzZQj6ZuQBNTu,hold 12 slots,-0.056943305665406466
GXcAHhvutpa6gmwUVHtxg7KbYghsjNWQshKq4SinHRtQ,GXcAHh,Agx1SMCUbc1t58H5gvpRR5kGLWDFuUTeirUhM1zDpump,48Huo1d7ZCdyHmuy9fBnQ35Ts685s9oA3Tjo3M2ZUnfBzYFFFQ9zk235maFPH9tV4RsEVkVDm3LkzZQj6ZuQBNTu,hold 25 slots,-0.09037817274767887
GXcAHhvutpa6gmwUVHtxg7KbYghsjNWQshKq4SinHRtQ,GXcAHh,Agx1SMCUbc1t58H5gvpRR5kGLWDFuUTeirUhM1zDpump,48Huo1d7ZCdyHmuy9fBnQ35Ts685s9oA3Tjo3M2ZUnfBzYFFFQ9zk235maFPH9tV4RsEVkVDm3LkzZQj6ZuQBNTu,hold 50 slots,-0.10207770825395632
GXcAHhvutpa6gmwUVHtxg7KbYghsjNWQshKq4SinHRtQ,GXcAHh,Agx1SMCUbc1t58H5gvpRR5kGLWDFuUTeirUhM1zDpump,48Huo1d7ZCdyHmuy9fBnQ35Ts685s9oA3Tjo3M2ZUnfBzYFFFQ9zk235maFPH9tV4RsEVkVDm3LkzZQj6ZuQBNTu,hold 75 slots,-0.1499130314856794
GXcAHhvutpa6gmwUVHtxg7KbYghsjNWQshKq4SinHRtQ,GXcAHh,Agx1SMCUbc1t58H5gvpRR5kGLWDFuUTeirUhM1zDpump,48Huo1d7ZCdyHmuy9fBnQ35Ts685s9oA3Tjo3M2ZUnfBzYFFFQ9zk235maFPH9tV4RsEVkVDm3LkzZQj6ZuQBNTu,hold 150 slots,-0.4225181146024829
GXcAHhvutpa6gmwUVHtxg7KbYghsjNWQshKq4SinHRtQ,GXcAHh,Agx1SMCUbc1t58H5gvpRR5kGLWDFuUTeirUhM1zDpump,48Huo1d7ZCdyHmuy9fBnQ35Ts685s9oA3Tjo3M2ZUnfBzYFFFQ9zk235maFPH9tV4RsEVkVDm3LkzZQj6ZuQBNTu,TP 10% / SL 10%,-0.1202477955047083
GXcAHhvutpa6gmwUVHtxg7KbYghsjNWQshKq4SinHRtQ,GXcAHh,Agx1SMCUbc1t58H5gvpRR5kGLWDFuUTeirUhM1zDpump,48Huo1d7ZCdyHmuy9fBnQ35Ts685s9oA3Tjo3M2ZUnfBzYFFFQ9zk235maFPH9tV4RsEVkVDm3LkzZQj6ZuQBNTu,TP 20% / SL 10%,-0.1202477955047083
GXcAHhvutpa6gmwUVHtxg7KbYghsjNWQshKq4SinHRtQ,GXcAHh,Agx1SMCUbc1t58H5gvpRR5kGLWDFuUTeirUhM1zDpump,48Huo1d7ZCdyHmuy9fBnQ35Ts685s9oA3Tjo3M2ZUnfBzYFFFQ9zk235maFPH9tV4RsEVkVDm3LkzZQj6ZuQBNTu,TP 30% / SL 15%,-0.20544080221336247
GXcAHhvutpa6gmwUVHtxg7KbYghsjNWQshKq4SinHRtQ,GXcAHh,Agx1SMCUbc1t58H5gvpRR5kGLWDFuUTeirUhM1zDpump,48Huo1d7ZCdyHmuy9fBnQ35Ts685s9oA3Tjo3M2ZUnfBzYFFFQ9zk235maFPH9tV4RsEVkVDm3LkzZQj6ZuQBNTu,TP 50% / SL 25%,-0.4225181146024829
GXcAHhvutpa6gmwUVHtxg7KbYghsjNWQshKq4SinHRtQ,GXcAHh,Agx1SMCUbc1t58H5gvpRR5kGLWDFuUTeirUhM1zDpump,48Huo1d7ZCdyHmuy9fBnQ35Ts685s9oA3Tjo3M2ZUnfBzYFFFQ9zk235maFPH9tV4RsEVkVDm3LkzZQj6ZuQBNTu,TP 100% / SL 30%,-0.4225181146024829
GXcAHhvutpa6gmwUVHtxg7KbYghsjNWQshKq4SinHRtQ,GXcAHh,D3W5S7GmRAC1iHMrRvDBG87v19hCSTCvZrBPXKkTNyRo,45r6bWpTqMsVh5Sc9yCeMzgK5JBCBr8Be1x3uGbbcF2CA4G2b6hRgpyg5w37sXxJRfNkPKnER9h3i2QkjK8MNHnv,follow wallet,-0.38288872572517646
GXcAHhvutpa6gmwUVHtxg7KbYghsjNWQshKq4SinHRtQ,GXcAHh,D3W5S7GmRAC1iHMrRvDBG87v19hCSTCvZrBPXKkTNyRo,45r6bWpTqMsVh5Sc9yCeMzgK5JBCBr8Be1x3uGbbcF2CA4G2b6hRgpyg5w37sXxJRfNkPKnER9h3i2QkjK8MNHnv,hold 1 slots,-0.05602628972836244
GXcAHhvutpa6gmwUVHtxg7KbYghsjNWQshKq4SinHRtQ,GXcAHh,D3W5S7GmRAC1iHMrRvDBG87v19hCSTCvZrBPXKkTNyRo,45r6bWpTqMsVh5Sc9yCeMzgK5JBCBr8Be1x3uGbbcF2CA4G2b6hRgpyg5w37sXxJRfNkPKnER9h3i2QkjK8MNHnv,hold 3 slots,-0.032031511541606425
GXcAHhvutpa6gmwUVHtxg7KbYghsjNWQshKq4SinHRtQ,GXcAHh,D3W5S7GmRAC1iHMrRvDBG87v19hCSTCvZrBPXKkTNyRo,45r6bWpTqMsVh5Sc9yCeMzgK5JBCBr8Be1x3uGbbcF2CA4G2b6hRgpyg5w37sXxJRfNkPKnER9h3i2QkjK8MNHnv,hold 5 slots,0.06245377385602784
GXcAHhvutpa6gmwUVHtxg7KbYghsjNWQshKq4SinHRtQ,GXcAHh,D3W5S7GmRAC1iHMrRvDBG87v19hCSTCvZrBPXKkTNyRo,45r6bWpTqMsVh5Sc9yCeMzgK5JBCBr8Be1x3uGbbcF2CA4G2b6hRgpyg5w37sXxJRfNkPKnER9h3i2QkjK8MNHnv,hold 12 slots,0.18239768864856146
GXcAHhvutpa6gmwUVHtxg7KbYghsjNWQshKq4SinHRtQ,GXcAHh,D3W5S7GmRAC1iHMrRvDBG87v19hCSTCvZrBPXKkTNyRo,45r6bWpTqMsVh5Sc9yCeMzgK5JBCBr8Be1x3uGbbcF2CA4G2b6hRgpyg5w37sXxJRfNkPKnER9h3i2QkjK8MNHnv,hold 25 slots,0.20285392234587407
GXcAHhvutpa6gmwUVHtxg7KbYghsjNWQshKq4SinHRtQ,GXcAHh,D3W5S7GmRAC1iHMrRvDBG87v19hCSTCvZrBPXKkTNyRo,45r6bWpTqMsVh5Sc9yCeMzgK5JBCBr8Be1x3uGbbcF2CA4G2b6hRgpyg5w37sXxJRfNkPKnER9h3i2QkjK8MNHnv,hold 50 slots,0.15757191041337393
GXcAHhvutpa6gmwUVHtxg7KbYghsjNWQshKq4SinHRtQ,GXcAHh,D3W5S7GmRAC1iHMrRvDBG87v19hCSTCvZrBPXKkTNyRo,45r6bWpTqMsVh5Sc9yCeMzgK5JBCBr8Be1x3uGbbcF2CA4G2b6hRgpyg5w37sXxJRfNkPKnER9h3i2QkjK8MNHnv,hold 75 slots,-0.2870225903948945
GXcAHhvutpa6gmwUVHtxg7KbYghsjNWQshKq4SinHRtQ,GXcAHh,D3W5S7GmRAC1iHMrRvDBG87v19hCSTCvZrBPXKkTNyRo,45r6bWpTqMsVh5Sc9yCeMzgK5JBCBr8Be1x3uGbbcF2CA4G2b6hRgpyg5w37sXxJRfNkPKnER9h3i2QkjK8MNHnv,hold 150 slots,-0.2334449267366358
GXcAHhvutpa6gmwUVHtxg7KbYghsjNWQshKq4SinHRtQ,GXcAHh,D3W5S7GmRAC1iHMrRvDBG87v19hCSTCvZrBPXKkTNyRo,45r6bWpTqMsVh5Sc9yCeMzgK5JBCBr8Be1x3uGbbcF2CA4G2b6hRgpyg5w37sXxJRfNkPKnER9h3i2QkjK8MNHnv,TP 10% / SL 10%,0.126756975689121
GXcAHhvutpa6gmwUVHtxg7KbYghsjNWQshKq4SinHRtQ,GXcAHh,D3W5S7GmRAC1iHMrRvDBG87v19hCSTCvZrBPXKkTNyRo,45r6bWpTqMsVh5Sc9yCeMzgK5JBCBr8Be1x3uGbbcF2CA4G2b6hRgpyg5w37sXxJRfNkPKnER9h3i2QkjK8MNHnv,TP 20% / SL 10%,0.20117818092749143
GXcAHhvutpa6gmwUVHtxg7KbYghsjNWQshKq4SinHRtQ,GXcAHh,D3W5S7GmRAC1iHMrRvDBG87v19hCSTCvZrBPXKkTNyRo,45r6bWpTqMsVh5Sc9yCeMzgK5JBCBr8Be1x3uGbbcF2CA4G2b6hRgpyg5w37sXxJRfNkPKnER9h3i2QkjK8MNHnv,TP 30% / SL 15%,-0.2870225903948945
GXcAHhvutpa6gmwUVHtxg7KbYghsjNWQshKq4SinHRtQ,GXcAHh,D3W5S7GmRAC1iHMrRvDBG87v19hCSTCvZrBPXKkTNyRo,45r6bWpTqMsVh5Sc9yCeMzgK5JBCBr8Be1x3uGbbcF2CA4G2b6hRgpyg5w37sXxJRfNkPKnER9h3i2QkjK8MNHnv,TP 50% / SL 25%,-0.2870225903948945
GXcAHhvutpa6gmwUVHtxg7KbYghsjNWQshKq4SinHRtQ,GXcAHh,D3W5S7GmRAC1iHMrRvDBG87v19hCSTCvZrBPXKkTNyRo,45r6bWpTqMsVh5Sc9yCeMzgK5JBCBr8Be1x3uGbbcF2CA4G2b6hRgpyg5w37sXxJRfNkPKnER9h3i2QkjK8MNHnv,TP 100% / SL 30%,-0.2334449267366358
EjtQrPTbcMevStBkpnjsH23NfUCMhGHusTYsHuGVQZp2,EjtQrP,62wTxEoELnDFTSyRSvBQzz2HhLgFrhMTUH7Wvvw8pump,5U9tc7rQCAkEb7k55m7hjjspGEcExUcwEa7uLSevgcLq7PvUGTTDtEuu2J8pkcnuiLKQ12LnAdEhZCTHPLd3o7ot,hold 1 slots,-0.05317700703660953
EjtQrPTbcMevStBkpnjsH23NfUCMhGHusTYsHuGVQZp2,EjtQrP,62wTxEoELnDFTSyRSvBQzz2HhLgFrhMTUH7Wvvw8pump,5U9tc7rQCAkEb7k55m7hjjspGEcExUcwEa7uLSevgcLq7PvUGTTDtEuu2J8pkcnuiLKQ12LnAdEhZCTHPLd3o7ot,hold 3 slots,-0.10055603594247556
EjtQrPTbcMevStBkpnjsH23NfUCMhGHusTYsHuGVQZp2,EjtQrP,62wTxEoELnDFTSyRSvBQzz2HhLgFrhMTUH7Wvvw8pump,5U9tc7rQCAkEb7k55m7hjjspGEcExUcwEa7uLSevgcLq7PvUGTTDtEuu2J8pkcnuiLKQ12LnAdEhZCTHPLd3o7ot,hold 5 slots,0.21126868852857542
EjtQrPTbcMevStBkpnjsH23NfUCMhGHusTYsHuGVQZp2,EjtQrP,62wTxEoELnDFTSyRSvBQzz2HhLgFrhMTUH7Wvvw8pump,5U9tc7rQCAkEb7k55m7hjjspGEcExUcwEa7uLSevgcLq7PvUGTTDtEuu2J8pkcnuiLKQ12LnAdEhZCTHPLd3o7ot,hold 12 slots,0.15405251425805663
EjtQrPTbcMevStBkpnjsH23NfUCMhGHusTYsHuGVQZp2,EjtQrP,62wTxEoELnDFTSyRSvBQzz2HhLgFrhMTUH7Wvvw8pump,5U9tc7rQCAkEb7k55m7hjjspGEcExUcwEa7uLSevgcLq7PvUGTTDtEuu2J8pkcnuiLKQ12LnAdEhZCTHPLd3o7ot,hold 25 slots,0.11311147061462165
EjtQrPTbcMevStBkpnjsH23NfUCMhGHusTYsHuGVQZp2,EjtQrP,62wTxEoELnDFTSyRSvBQzz2HhLgFrhMTUH7Wvvw8pump,5U9tc7rQCAkEb7k55m7hjjspGEcExUcwEa7uLSevgcLq7PvUGTTDtEuu2J8pkcnuiLKQ12LnAdEhZCTHPLd3o7ot,hold 50 slots,0.06061833347705937
EjtQrPTbcMevStBkpnjsH23NfUCMhGHusTYsHuGVQZp2,EjtQrP,62wTxEoELnDFTSyRSvBQzz2HhLgFrhMTUH7Wvvw8pump,5U9tc7rQCAkEb7k55m7hjjspGEcExUcwEa7uLSevgcLq7PvUGTTDtEuu2J8pkcnuiLKQ12LnAdEhZCTHPLd3o7ot,hold 75 slots,0.07983479069259142
EjtQrPTbcMevStBkpnjsH23NfUCMhGHusTYsHuGVQZp2,EjtQrP,62wTxEoELnDFTSyRSvBQzz2HhLgFrhMTUH7Wvvw8pump,5U9tc7rQCAkEb7k55m7hjjspGEcExUcwEa7uLSevgcLq7PvUGTTDtEuu2J8pkcnuiLKQ12LnAdEhZCTHPLd3o7ot,hold 150 slots,0.061337490484169956
EjtQrPTbcMevStBkpnjsH23NfUCMhGHusTYsHuGVQZp2,EjtQrP,62wTxEoELnDFTSyRSvBQzz2HhLgFrhMTUH7Wvvw8pump,5U9tc7rQCAkEb7k55m7hjjspGEcExUcwEa7uLSevgcLq7PvUGTTDtEuu2J8pkcnuiLKQ12LnAdEhZCTHPLd3o7ot,TP 10% / SL 10%,-0.10055603594247556
EjtQrPTbcMevStBkpnjsH23NfUCMhGHusTYsHuGVQZp2,EjtQrP,62wTxEoELnDFTSyRSvBQzz2HhLgFrhMTUH7Wvvw8pump,5U9tc7rQCAkEb7k55m7hjjspGEcExUcwEa7uLSevgcLq7PvUGTTDtEuu2J8pkcnuiLKQ12LnAdEhZCTHPLd3o7ot,TP 20% / SL 10%,-0.10055603594247556
EjtQrPTbcMevStBkpnjsH23NfUCMhGHusTYsHuGVQZp2,EjtQrP,62wTxEoELnDFTSyRSvBQzz2HhLgFrhMTUH7Wvvw8pump,5U9tc7rQCAkEb7k55m7hjjspGEcExUcwEa7uLSevgcLq7PvUGTTDtEuu2J8pkcnuiLKQ12LnAdEhZCTHPLd3o7ot,TP 30% / SL 15%,0.061337490484169956
EjtQrPTbcMevStBkpnjsH23NfUCMhGHusTYsHuGVQZp2,EjtQrP,62wTxEoELnDFTSyRSvBQzz2HhLgFrhMTUH7Wvvw8pump,5U9tc7rQCAkEb7k55m7hjjspGEcExUcwEa7uLSevgcLq7PvUGTTDtEuu2J8pkcnuiLKQ12LnAdEhZCTHPLd3o7ot,TP 50% / SL 25%,0.061337490484169956
EjtQrPTbcMevStBkpnjsH23NfUCMhGHusTYsHuGVQZp2,EjtQrP,62wTxEoELnDFTSyRSvBQzz2HhLgFrhMTUH7Wvvw8pump,5U9tc7rQCAkEb7k55m7hjjspGEcExUcwEa7uLSevgcLq7PvUGTTDtEuu2J8pkcnuiLKQ12LnAdEhZCTHPLd3o7ot,TP 100% / SL 30%,0.061337490484169956
EjtQrPTbcMevStBkpnjsH23NfUCMhGHusTYsHuGVQZp2,EjtQrP,GpGpapk6AufijYL8rG194MmGsrcvYHXWw4DvNsWupump,2kBAip8TTsRAZ3pMtXVDL1KAX81MVpebxsiLHopsLcgUfqPRJA2QCXos7DwAdpeJN2Scj8vJahgubfWeruZ1yNSi,follow wallet,0.31648389811619615
EjtQrPTbcMevStBkpnjsH23NfUCMhGHusTYsHuGVQZp2,EjtQrP,GpGpapk6AufijYL8rG194MmGsrcvYHXWw4DvNsWupump,2kBAip8TTsRAZ3pMtXVDL1KAX81MVpebxsiLHopsLcgUfqPRJA2QCXos7DwAdpeJN2Scj8vJahgubfWeruZ1yNSi,hold 1 slots,0.019832869466433048
EjtQrPTbcMevStBkpnjsH23NfUCMhGHusTYsHuGVQZp2,EjtQrP,GpGpapk6AufijYL8rG194MmGsrcvYHXWw4DvNsWupump,2kBAip8TTsRAZ3pMtXVDL1KAX81MVpebxsiLHopsLcgUfqPRJA2QCXos7DwAdpeJN2Scj8vJahgubfWeruZ1yNSi,hold 3 slots,0.00026997230435550114
EjtQrPTbcMevStBkpnjsH23NfUCMhGHusTYsHuGVQZp2,EjtQrP,GpGpapk6AufijYL8rG194MmGsrcvYHXWw4DvNsWupump,2kBAip8TTsRAZ3pMtXVDL1KAX81MVpebxsiLHopsLcgUfqPRJA2QCXos7DwAdpeJN2Scj8vJahgubfWeruZ1yNSi,hold 5 slots,-0.0026724848344994783
EjtQrPTbcMevStBkpnjsH23NfUCMhGHusTYsHuGVQZp2,EjtQrP,GpGpapk6AufijYL8rG194MmGsrcvYHXWw4DvNsWupump,2kBAip8TTsRAZ3pMtXVDL1KAX81MVpebxsiLHopsLcgUfqPRJA2QCXos7DwAdpeJN2Scj8vJahgubfWeruZ1yNSi,hold 12 slots,0.03847615170350337
EjtQrPTbcMevStBkpnjsH23NfUCMhGHusTYsHuGVQZp2,EjtQrP,GpGpapk6AufijYL8rG194MmGsrcvYHXWw4DvNsWupump,2kBAip8TTsRAZ3pMtXVDL1KAX81MVpebxsiLHopsLcgUfqPRJA2QCXos7DwAdpeJN2Scj8vJahgubfWeruZ1yNSi,hold 25 slots,-0.006611214903859854
EjtQrPTbcMevStBkpnjsH23NfUCMhGHusTYsHuGVQZp2,EjtQrP,GpGpapk6AufijYL8rG194MmGsrcvYHXWw4DvNsWupump,2kBAip8TTsRAZ3pMtXVDL1KAX81MVpebxsiLHopsLcgUfqPRJA2QCXos7DwAdpeJN2Scj8vJahgubfWeruZ1yNSi,hold 50 slots,-0.13010927769155514
EjtQrPTbcMevStBkpnjsH23NfUCMhGHusTYsHuGVQZp2,EjtQrP,GpGpapk6AufijYL8rG194MmGsrcvYHXWw4DvNsWupump,2kBAip8TTsRAZ3pMtXVDL1KAX81MVpebxsiLHopsLcgUfqPRJA2QCXos7DwAdpeJN2Scj8vJahgubfWeruZ1yNSi,hold 75 slots,-0.12446880881387698
EjtQrPTbcMevStBkpnjsH23NfUCMhGHusTYsHuGVQZp2,EjtQrP,GpGpapk6AufijYL8rG194MmGsrcvYHXWw4DvNsWupump,2kBAip8TTsRAZ3pMtXVDL1KAX81MVpebxsiLHopsLcgUfqPRJA2QCXos7DwAdpeJN2Scj8vJahgubfWeruZ1yNSi,hold 150 slots,-0.2239682936313696
EjtQrPTbcMevStBkpnjsH23NfUCMhGHusTYsHuGVQZp2,EjtQrP,GpGpapk6AufijYL8rG194MmGsrcvYHXWw4DvNsWupump,2kBAip8TTsRAZ3pMtXVDL1KAX81MVpebxsiLHopsLcgUfqPRJA2QCXos7DwAdpeJN2Scj8vJahgubfWeruZ1yNSi,TP 10% / SL 10%,-0.16457901840481448
EjtQrPTbcMevStBkpnjsH23NfUCMhGHusTYsHuGVQZp2,EjtQrP,GpGpapk6AufijYL8rG194MmGsrcvYHXWw4DvNsWupump,2kBAip8TTsRAZ3pMtXVDL1KAX81MVpebxsiLHopsLcgUfqPRJA2QCXos7DwAdpeJN2Scj8vJahgubfWeruZ1yNSi,TP 20% / SL 10%,-0.16457901840481448
EjtQrPTbcMevStBkpnjsH23NfUCMhGHusTYsHuGVQZp2,EjtQrP,GpGpapk6AufijYL8rG194MmGsrcvYHXWw4DvNsWupump,2kBAip8TTsRAZ3pMtXVDL1KAX81MVpebxsiLHopsLcgUfqPRJA2QCXos7DwAdpeJN2Scj8vJahgubfWeruZ1yNSi,TP 30% / SL 15%,-0.16457901840481448
EjtQrPTbcMevStBkpnjsH23NfUCMhGHusTYsHuGVQZp2,EjtQrP,GpGpapk6AufijYL8rG194MmGsrcvYHXWw4DvNsWupump,2kBAip8TTsRAZ3pMtXVDL1KAX81MVpebxsiLHopsLcgUfqPRJA2QCXos7DwAdpeJN2Scj8vJahgubfWeruZ1yNSi,TP 50% / SL 25%,-0.2239682936313696
EjtQrPTbcMevStBkpnjsH23NfUCMhGHusTYsHuGVQZp2,EjtQrP,GpGpapk6AufijYL8rG194MmGsrcvYHXWw4DvNsWupump,2kBAip8TTsRAZ3pMtXVDL1KAX81MVpebxsiLHopsLcgUfqPRJA2QCXos7DwAdpeJN2Scj8vJahgubfWeruZ1yNSi,TP 100% / SL 30%,-0.2239682936313696
EjtQrPTbcMevStBkpnjsH23NfUCMhGHusTYsHuGVQZp2,EjtQrP,Gfm729TtcakbPLNiwWuJKfpCLWpWhMwSbMVcHXppump,721ZPVg7tuXrPobT7RY1kSDmUpP3Zi3CSkZSxQW8CyLbEA6ARkGGCcrZb5SWvkzs74FsAZEqdVKfygMaupMkqZr,follow wallet,-0.24192640651853944
EjtQrPTbcMevStBkpnjsH23NfUCMhGHusTYsHuGVQZp2,EjtQrP,Gfm729TtcakbPLNiwWuJKfpCLWpWhMwSbMVcHXppump,721ZPVg7tuXrPobT7RY1kSDmUpP3Zi3CSkZSxQW8CyLbEA6ARkGGCcrZb5SWvkzs74FsAZEqdVKfygMaupMkqZr,hold 1 slots,-0.05689859120741034
EjtQrPTbcMevStBkpnjsH23NfUCMhGHusTYsHuGVQZp2,EjtQrP,Gfm729TtcakbPLNiwWuJKfpCLWpWhMwSbMVcHXppump,721ZPVg7tuXrPobT7RY1kSDmUpP3Zi3CSkZSxQW8CyLbEA6ARkGGCcrZb5SWvkzs74FsAZEqdVKfygMaupMkqZr,hold 3 slots,-0.05689859120741034
EjtQrPTbcMevStBkpnjsH23NfUCMhGHusTYsHuGVQZp2,EjtQrP,Gfm729TtcakbPLNiwWuJKfpCLWpWhMwSbMVcHXppump,721ZPVg7tuXrPobT7RY1kSDmUpP3Zi3CSkZSxQW8CyLbEA6ARkGGCcrZb5SWvkzs74FsAZEqdVKfygMaupMkqZr,hold 5 slots,-0.05689859120741034
EjtQrPTbcMevStBkpnjsH23NfUCMhGHusTYsHuGVQZp2,EjtQrP,Gfm729TtcakbPLNiwWuJKfpCLWpWhMwSbMVcHXppump,721ZPVg7tuXrPobT7RY1kSDmUpP3Zi3CSkZSxQW8CyLbEA6ARkGGCcrZb5SWvkzs74FsAZEqdVKfygMaupMkqZr,hold 12 slots,-0.05689859120741034
EjtQrPTbcMevStBkpnjsH23NfUCMhGHusTYsHuGVQZp2,EjtQrP,Gfm729TtcakbPLNiwWuJKfpCLWpWhMwSbMVcHXppump,721ZPVg7tuXrPobT7RY1kSDmUpP3Zi3CSkZSxQW8CyLbEA6ARkGGCcrZb5SWvkzs74FsAZEqdVKfygMaupMkqZr,hold 25 slots,-0.05519203275209415
EjtQrPTbcMevStBkpnjsH23NfUCMhGHusTYsHuGVQZp2,EjtQrP,Gfm729TtcakbPLNiwWuJKfpCLWpWhMwSbMVcHXppump,721ZPVg7tuXrPobT7RY1kSDmUpP3Zi3CSkZSxQW8CyLbEA6ARkGGCcrZb5SWvkzs74FsAZEqdVKfygMaupMkqZr,hold 50 slots,-0.056198798264103414
EjtQrPTbcMevStBkpnjsH23NfUCMhGHusTYsHuGVQZp2,EjtQrP,Gfm729TtcakbPLNiwWuJKfpCLWpWhMwSbMVcHXppump,721ZPVg7tuXrPobT7RY1kSDmUpP3Zi3CSkZSxQW8CyLbEA6ARkGGCcrZb5SWvkzs74FsAZEqdVKfygMaupMkqZr,hold 75 slots,-0.056198798264103414
EjtQrPTbcMevStBkpnjsH23NfUCMhGHusTYsHuGVQZp2,EjtQrP,Gfm729TtcakbPLNiwWuJKfpCLWpWhMwSbMVcHXppump,721ZPVg7tuXrPobT7RY1kSDmUpP3Zi3CSkZSxQW8CyLbEA6ARkGGCcrZb5SWvkzs74FsAZEqdVKfygMaupMkqZr,hold 150 slots,-0.037418990220975994
EjtQrPTbcMevStBkpnjsH23NfUCMhGHusTYsHuGVQZp2,EjtQrP,Gfm729TtcakbPLNiwWuJKfpCLWpWhMwSbMVcHXppump,721ZPVg7tuXrPobT7RY1kSDmUpP3Zi3CSkZSxQW8CyLbEA6ARkGGCcrZb5SWvkzs74FsAZEqdVKfygMaupMkqZr,TP 10% / SL 10%,-0.037418990220975994
EjtQrPTbcMevStBkpnjsH23NfUCMhGHusTYsHuGVQZp2,EjtQrP,Gfm729TtcakbPLNiwWuJKfpCLWpWhMwSbMVcHXppump,721ZPVg7tuXrPobT7RY1kSDmUpP3Zi3CSkZSxQW8CyLbEA6ARkGGCcrZb5SWvkzs74FsAZEqdVKfygMaupMkqZr,TP 20% / SL 10%,-0.037418990220975994
EjtQrPTbcMevStBkpnjsH23NfUCMhGHusTYsHuGVQZp2,EjtQrP,Gfm729TtcakbPLNiwWuJKfpCLWpWhMwSbMVcHXppump,721ZPVg7tuXrPobT7RY1kSDmUpP3Zi3CSkZSxQW8CyLbEA6ARkGGCcrZb5SWvkzs74FsAZEqdVKfygMaupMkqZr,TP 30% / SL 15%,-0.037418990220975994
EjtQrPTbcMevStBkpnjsH23NfUCMhGHusTYsHuGVQZp2,EjtQrP,Gfm729TtcakbPLNiwWuJKfpCLWpWhMwSbMVcHXppump,721ZPVg7tuXrPobT7RY1kSDmUpP3Zi3CSkZSxQW8CyLbEA6ARkGGCcrZb5SWvkzs74FsAZEqdVKfygMaupMkqZr,TP 50% / SL 25%,-0.037418990220975994
EjtQrPTbcMevStBkpnjsH23NfUCMhGHusTYsHuGVQZp2,EjtQrP,Gfm729TtcakbPLNiwWuJKfpCLWpWhMwSbMVcHXppump,721ZPVg7tuXrPobT7RY1kSDmUpP3Zi3CSkZSxQW8CyLbEA6ARkGGCcrZb5SWvkzs74FsAZEqdVKfygMaupMkqZr,TP 100% / SL 30%,-0.037418990220975994
