wallet,label,mint,buy_sig,rule,ret
B9K2wTQcRDLRLhMKFyRh2hPqHrr6VKiCC9yNGpkMUXrh,B9K2wT,FA8gZwCRBrH7cELq8cYAMisAtkEe2QRkkGNiFbNg8mgJ,3npGfvCWxe8Q1SLmQGy7GTJnwnPUir4TJttc2NvxjVm3YSJScSrLtZJT2hgQXKfouwB1hwfJpQD67qLR95p1434t,follow wallet,-0.5681089594025696
B9K2wTQcRDLRLhMKFyRh2hPqHrr6VKiCC9yNGpkMUXrh,B9K2wT,FA8gZwCRBrH7cELq8cYAMisAtkEe2QRkkGNiFbNg8mgJ,3npGfvCWxe8Q1SLmQGy7GTJnwnPUir4TJttc2NvxjVm3YSJScSrLtZJT2hgQXKfouwB1hwfJpQD67qLR95p1434t,hold 1 slots,0.10323511830592966
B9K2wTQcRDLRLhMKFyRh2hPqHrr6VKiCC9yNGpkMUXrh,B9K2wT,FA8gZwCRBrH7cELq8cYAMisAtkEe2QRkkGNiFbNg8mgJ,3npGfvCWxe8Q1SLmQGy7GTJnwnPUir4TJttc2NvxjVm3YSJScSrLtZJT2hgQXKfouwB1hwfJpQD67qLR95p1434t,hold 3 slots,0.18236896727553273
B9K2wTQcRDLRLhMKFyRh2hPqHrr6VKiCC9yNGpkMUXrh,B9K2wT,FA8gZwCRBrH7cELq8cYAMisAtkEe2QRkkGNiFbNg8mgJ,3npGfvCWxe8Q1SLmQGy7GTJnwnPUir4TJttc2NvxjVm3YSJScSrLtZJT2hgQXKfouwB1hwfJpQD67qLR95p1434t,hold 5 slots,0.12617307877216005
B9K2wTQcRDLRLhMKFyRh2hPqHrr6VKiCC9yNGpkMUXrh,B9K2wT,FA8gZwCRBrH7cELq8cYAMisAtkEe2QRkkGNiFbNg8mgJ,3npGfvCWxe8Q1SLmQGy7GTJnwnPUir4TJttc2NvxjVm3YSJScSrLtZJT2hgQXKfouwB1hwfJpQD67qLR95p1434t,hold 12 slots,-0.03615722394202399
B9K2wTQcRDLRLhMKFyRh2hPqHrr6VKiCC9yNGpkMUXrh,B9K2wT,FA8gZwCRBrH7cELq8cYAMisAtkEe2QRkkGNiFbNg8mgJ,3npGfvCWxe8Q1SLmQGy7GTJnwnPUir4TJttc2NvxjVm3YSJScSrLtZJT2hgQXKfouwB1hwfJpQD67qLR95p1434t,hold 25 slots,0.12050185776968811
B9K2wTQcRDLRLhMKFyRh2hPqHrr6VKiCC9yNGpkMUXrh,B9K2wT,FA8gZwCRBrH7cELq8cYAMisAtkEe2QRkkGNiFbNg8mgJ,3npGfvCWxe8Q1SLmQGy7GTJnwnPUir4TJttc2NvxjVm3YSJScSrLtZJT2hgQXKfouwB1hwfJpQD67qLR95p1434t,hold 50 slots,0.8644977825193341
B9K2wTQcRDLRLhMKFyRh2hPqHrr6VKiCC9yNGpkMUXrh,B9K2wT,FA8gZwCRBrH7cELq8cYAMisAtkEe2QRkkGNiFbNg8mgJ,3npGfvCWxe8Q1SLmQGy7GTJnwnPUir4TJttc2NvxjVm3YSJScSrLtZJT2hgQXKfouwB1hwfJpQD67qLR95p1434t,hold 75 slots,0.629510935126736
B9K2wTQcRDLRLhMKFyRh2hPqHrr6VKiCC9yNGpkMUXrh,B9K2wT,FA8gZwCRBrH7cELq8cYAMisAtkEe2QRkkGNiFbNg8mgJ,3npGfvCWxe8Q1SLmQGy7GTJnwnPUir4TJttc2NvxjVm3YSJScSrLtZJT2hgQXKfouwB1hwfJpQD67qLR95p1434t,hold 150 slots,-0.46402255871424924
B9K2wTQcRDLRLhMKFyRh2hPqHrr6VKiCC9yNGpkMUXrh,B9K2wT,FA8gZwCRBrH7cELq8cYAMisAtkEe2QRkkGNiFbNg8mgJ,3npGfvCWxe8Q1SLmQGy7GTJnwnPUir4TJttc2NvxjVm3YSJScSrLtZJT2hgQXKfouwB1hwfJpQD67qLR95p1434t,TP 10% / SL 10%,0.10323511830592966
B9K2wTQcRDLRLhMKFyRh2hPqHrr6VKiCC9yNGpkMUXrh,B9K2wT,FA8gZwCRBrH7cELq8cYAMisAtkEe2QRkkGNiFbNg8mgJ,3npGfvCWxe8Q1SLmQGy7GTJnwnPUir4TJttc2NvxjVm3YSJScSrLtZJT2hgQXKfouwB1hwfJpQD67qLR95p1434t,TP 20% / SL 10%,0.2880125126911023
B9K2wTQcRDLRLhMKFyRh2hPqHrr6VKiCC9yNGpkMUXrh,B9K2wT,FA8gZwCRBrH7cELq8cYAMisAtkEe2QRkkGNiFbNg8mgJ,3npGfvCWxe8Q1SLmQGy7GTJnwnPUir4TJttc2NvxjVm3YSJScSrLtZJT2hgQXKfouwB1hwfJpQD67qLR95p1434t,TP 30% / SL 15%,0.8644977825193341
B9K2wTQcRDLRLhMKFyRh2hPqHrr6VKiCC9yNGpkMUXrh,B9K2wT,FA8gZwCRBrH7cELq8cYAMisAtkEe2QRkkGNiFbNg8mgJ,3npGfvCWxe8Q1SLmQGy7GTJnwnPUir4TJttc2NvxjVm3YSJScSrLtZJT2hgQXKfouwB1hwfJpQD67qLR95p1434t,TP 50% / SL 25%,0.8644977825193341
B9K2wTQcRDLRLhMKFyRh2hPqHrr6VKiCC9yNGpkMUXrh,B9K2wT,FA8gZwCRBrH7cELq8cYAMisAtkEe2QRkkGNiFbNg8mgJ,3npGfvCWxe8Q1SLmQGy7GTJnwnPUir4TJttc2NvxjVm3YSJScSrLtZJT2hgQXKfouwB1hwfJpQD67qLR95p1434t,TP 100% / SL 30%,-0.46402255871424924
CUHBzSPSaNS3tArEtM3maSV6pNdJhHJFYZpurPPK9P7H,CUHBzS,C5zfrbubVK24fhBmUaavQ6vGVDsEVb4zLoYJ8DfrrNVx,G6kB84EoYS63fcHuv4WhV9CfFj6eTy85AfnuDKSp2CBZiXaF4KrApPsV9iXqxApzDpH1EcirTd5HtTjgCULfbTX,hold 1 slots,-0.12649321764047788
CUHBzSPSaNS3tArEtM3maSV6pNdJhHJFYZpurPPK9P7H,CUHBzS,C5zfrbubVK24fhBmUaavQ6vGVDsEVb4zLoYJ8DfrrNVx,G6kB84EoYS63fcHuv4WhV9CfFj6eTy85AfnuDKSp2CBZiXaF4KrApPsV9iXqxApzDpH1EcirTd5HtTjgCULfbTX,hold 3 slots,-0.10919155213320195
CUHBzSPSaNS3tArEtM3maSV6pNdJhHJFYZpurPPK9P7H,CUHBzS,C5zfrbubVK24fhBmUaavQ6vGVDsEVb4zLoYJ8DfrrNVx,G6kB84EoYS63fcHuv4WhV9CfFj6eTy85AfnuDKSp2CBZiXaF4KrApPsV9iXqxApzDpH1EcirTd5HtTjgCULfbTX,hold 5 slots,-0.10748419810331059
CUHBzSPSaNS3tArEtM3maSV6pNdJhHJFYZpurPPK9P7H,CUHBzS,C5zfrbubVK24fhBmUaavQ6vGVDsEVb4zLoYJ8DfrrNVx,G6kB84EoYS63fcHuv4WhV9CfFj6eTy85AfnuDKSp2CBZiXaF4KrApPsV9iXqxApzDpH1EcirTd5HtTjgCULfbTX,hold 12 slots,-0.11482770893356992
CUHBzSPSaNS3tArEtM3maSV6pNdJhHJFYZpurPPK9P7H,CUHBzS,C5zfrbubVK24fhBmUaavQ6vGVDsEVb4zLoYJ8DfrrNVx,G6kB84EoYS63fcHuv4WhV9CfFj6eTy85AfnuDKSp2CBZiXaF4KrApPsV9iXqxApzDpH1EcirTd5HtTjgCULfbTX,hold 25 slots,-0.12565219656681587
CUHBzSPSaNS3tArEtM3maSV6pNdJhHJFYZpurPPK9P7H,CUHBzS,C5zfrbubVK24fhBmUaavQ6vGVDsEVb4zLoYJ8DfrrNVx,G6kB84EoYS63fcHuv4WhV9CfFj6eTy85AfnuDKSp2CBZiXaF4KrApPsV9iXqxApzDpH1EcirTd5HtTjgCULfbTX,hold 50 slots,-0.0700519733964771
CUHBzSPSaNS3tArEtM3maSV6pNdJhHJFYZpurPPK9P7H,CUHBzS,C5zfrbubVK24fhBmUaavQ6vGVDsEVb4zLoYJ8DfrrNVx,G6kB84EoYS63fcHuv4WhV9CfFj6eTy85AfnuDKSp2CBZiXaF4KrApPsV9iXqxApzDpH1EcirTd5HtTjgCULfbTX,hold 75 slots,-0.04623595224250913
CUHBzSPSaNS3tArEtM3maSV6pNdJhHJFYZpurPPK9P7H,CUHBzS,C5zfrbubVK24fhBmUaavQ6vGVDsEVb4zLoYJ8DfrrNVx,G6kB84EoYS63fcHuv4WhV9CfFj6eTy85AfnuDKSp2CBZiXaF4KrApPsV9iXqxApzDpH1EcirTd5HtTjgCULfbTX,hold 150 slots,-0.1817621971575891
CUHBzSPSaNS3tArEtM3maSV6pNdJhHJFYZpurPPK9P7H,CUHBzS,C5zfrbubVK24fhBmUaavQ6vGVDsEVb4zLoYJ8DfrrNVx,G6kB84EoYS63fcHuv4WhV9CfFj6eTy85AfnuDKSp2CBZiXaF4KrApPsV9iXqxApzDpH1EcirTd5HtTjgCULfbTX,TP 10% / SL 10%,-0.12649321764047788
CUHBzSPSaNS3tArEtM3maSV6pNdJhHJFYZpurPPK9P7H,CUHBzS,C5zfrbubVK24fhBmUaavQ6vGVDsEVb4zLoYJ8DfrrNVx,G6kB84EoYS63fcHuv4WhV9CfFj6eTy85AfnuDKSp2CBZiXaF4KrApPsV9iXqxApzDpH1EcirTd5HtTjgCULfbTX,TP 20% / SL 10%,-0.12649321764047788
CUHBzSPSaNS3tArEtM3maSV6pNdJhHJFYZpurPPK9P7H,CUHBzS,C5zfrbubVK24fhBmUaavQ6vGVDsEVb4zLoYJ8DfrrNVx,G6kB84EoYS63fcHuv4WhV9CfFj6eTy85AfnuDKSp2CBZiXaF4KrApPsV9iXqxApzDpH1EcirTd5HtTjgCULfbTX,TP 30% / SL 15%,-0.16847441459333193
CUHBzSPSaNS3tArEtM3maSV6pNdJhHJFYZpurPPK9P7H,CUHBzS,C5zfrbubVK24fhBmUaavQ6vGVDsEVb4zLoYJ8DfrrNVx,G6kB84EoYS63fcHuv4WhV9CfFj6eTy85AfnuDKSp2CBZiXaF4KrApPsV9iXqxApzDpH1EcirTd5HtTjgCULfbTX,TP 50% / SL 25%,-0.1817621971575891
CUHBzSPSaNS3tArEtM3maSV6pNdJhHJFYZpurPPK9P7H,CUHBzS,C5zfrbubVK24fhBmUaavQ6vGVDsEVb4zLoYJ8DfrrNVx,G6kB84EoYS63fcHuv4WhV9CfFj6eTy85AfnuDKSp2CBZiXaF4KrApPsV9iXqxApzDpH1EcirTd5HtTjgCULfbTX,TP 100% / SL 30%,-0.1817621971575891
DrJ6SnDXkEsPeGdmSs93v5rwWumv5QMvAGSZjAyWSd5o,DrJ6Sn,9RyyZvXrA7vLaXWQLeEUckfeoEYzgyzrjFiRZ9a3pump,4DUauRgpK1MQ39Fa46s2ra6D31pKymTaJcGuTx6DK931CT5P3sumn7uT27xaE3nRPzencPgrCqVsKxDgnn7cAZQx,follow wallet,-0.09396157068264341
DrJ6SnDXkEsPeGdmSs93v5rwWumv5QMvAGSZjAyWSd5o,DrJ6Sn,9RyyZvXrA7vLaXWQLeEUckfeoEYzgyzrjFiRZ9a3pump,4DUauRgpK1MQ39Fa46s2ra6D31pKymTaJcGuTx6DK931CT5P3sumn7uT27xaE3nRPzencPgrCqVsKxDgnn7cAZQx,hold 1 slots,0.08234046970165276
DrJ6SnDXkEsPeGdmSs93v5rwWumv5QMvAGSZjAyWSd5o,DrJ6Sn,9RyyZvXrA7vLaXWQLeEUckfeoEYzgyzrjFiRZ9a3pump,4DUauRgpK1MQ39Fa46s2ra6D31pKymTaJcGuTx6DK931CT5P3sumn7uT27xaE3nRPzencPgrCqVsKxDgnn7cAZQx,hold 3 slots,0.08371455520762824
DrJ6SnDXkEsPeGdmSs93v5rwWumv5QMvAGSZjAyWSd5o,DrJ6Sn,9RyyZvXrA7vLaXWQLeEUckfeoEYzgyzrjFiRZ9a3pump,4DUauRgpK1MQ39Fa46s2ra6D31pKymTaJcGuTx6DK931CT5P3sumn7uT27xaE3nRPzencPgrCqVsKxDgnn7cAZQx,hold 5 slots,0.08998485751858878
DrJ6SnDXkEsPeGdmSs93v5rwWumv5QMvAGSZjAyWSd5o,DrJ6Sn,9RyyZvXrA7vLaXWQLeEUckfeoEYzgyzrjFiRZ9a3pump,4DUauRgpK1MQ39Fa46s2ra6D31pKymTaJcGuTx6DK931CT5P3sumn7uT27xaE3nRPzencPgrCqVsKxDgnn7cAZQx,hold 12 slots,0.0656669803085308
DrJ6SnDXkEsPeGdmSs93v5rwWumv5QMvAGSZjAyWSd5o,DrJ6Sn,9RyyZvXrA7vLaXWQLeEUckfeoEYzgyzrjFiRZ9a3pump,4DUauRgpK1MQ39Fa46s2ra6D31pKymTaJcGuTx6DK931CT5P3sumn7uT27xaE3nRPzencPgrCqVsKxDgnn7cAZQx,hold 25 slots,0.19277877079599237
DrJ6SnDXkEsPeGdmSs93v5rwWumv5QMvAGSZjAyWSd5o,DrJ6Sn,9RyyZvXrA7vLaXWQLeEUckfeoEYzgyzrjFiRZ9a3pump,4DUauRgpK1MQ39Fa46s2ra6D31pKymTaJcGuTx6DK931CT5P3sumn7uT27xaE3nRPzencPgrCqVsKxDgnn7cAZQx,hold 50 slots,0.1407495857485497
DrJ6SnDXkEsPeGdmSs93v5rwWumv5QMvAGSZjAyWSd5o,DrJ6Sn,9RyyZvXrA7vLaXWQLeEUckfeoEYzgyzrjFiRZ9a3pump,4DUauRgpK1MQ39Fa46s2ra6D31pKymTaJcGuTx6DK931CT5P3sumn7uT27xaE3nRPzencPgrCqVsKxDgnn7cAZQx,hold 75 slots,0.09313483933440542
DrJ6SnDXkEsPeGdmSs93v5rwWumv5QMvAGSZjAyWSd5o,DrJ6Sn,9RyyZvXrA7vLaXWQLeEUckfeoEYzgyzrjFiRZ9a3pump,4DUauRgpK1MQ39Fa46s2ra6D31pKymTaJcGuTx6DK931CT5P3sumn7uT27xaE3nRPzencPgrCqVsKxDgnn7cAZQx,hold 150 slots,0.3343167333594408
DrJ6SnDXkEsPeGdmSs93v5rwWumv5QMvAGSZjAyWSd5o,DrJ6Sn,9RyyZvXrA7vLaXWQLeEUckfeoEYzgyzrjFiRZ9a3pump,4DUauRgpK1MQ39Fa46s2ra6D31pKymTaJcGuTx6DK931CT5P3sumn7uT27xaE3nRPzencPgrCqVsKxDgnn7cAZQx,TP 10% / SL 10%,0.13436538029725956
DrJ6SnDXkEsPeGdmSs93v5rwWumv5QMvAGSZjAyWSd5o,DrJ6Sn,9RyyZvXrA7vLaXWQLeEUckfeoEYzgyzrjFiRZ9a3pump,4DUauRgpK1MQ39Fa46s2ra6D31pKymTaJcGuTx6DK931CT5P3sumn7uT27xaE3nRPzencPgrCqVsKxDgnn7cAZQx,TP 20% / SL 10%,0.2478495568386011
DrJ6SnDXkEsPeGdmSs93v5rwWumv5QMvAGSZjAyWSd5o,DrJ6Sn,9RyyZvXrA7vLaXWQLeEUckfeoEYzgyzrjFiRZ9a3pump,4DUauRgpK1MQ39Fa46s2ra6D31pKymTaJcGuTx6DK931CT5P3sumn7uT27xaE3nRPzencPgrCqVsKxDgnn7cAZQx,TP 30% / SL 15%,0.3343167333594408
DrJ6SnDXkEsPeGdmSs93v5rwWumv5QMvAGSZjAyWSd5o,DrJ6Sn,9RyyZvXrA7vLaXWQLeEUckfeoEYzgyzrjFiRZ9a3pump,4DUauRgpK1MQ39Fa46s2ra6D31pKymTaJcGuTx6DK931CT5P3sumn7uT27xaE3nRPzencPgrCqVsKxDgnn7cAZQx,TP 50% / SL 25%,0.3343167333594408
DrJ6SnDXkEsPeGdmSs93v5rwWumv5QMvAGSZjAyWSd5o,DrJ6Sn,9RyyZvXrA7vLaXWQLeEUckfeoEYzgyzrjFiRZ9a3pump,4DUauRgpK1MQ39Fa46s2ra6D31pKymTaJcGuTx6DK931CT5P3sumn7uT27xaE3nRPzencPgrCqVsKxDgnn7cAZQx,TP 100% / SL 30%,0.3343167333594408
DrJ6SnDXkEsPeGdmSs93v5rwWumv5QMvAGSZjAyWSd5o,DrJ6Sn,3Y6Kkspg4pXa3sqSmDp4t7GMD6tMpKYmU63ehKUz2nYW,4UcoqP4N7yvmSZ1DYbc3CosLrj42CbXKYC2rgXbJDzU6Sx8TkFLhevcXnXTb7uvGUt2GUsTm9Pk1v181bYtV3Bc3,follow wallet,-0.16044812624065555
DrJ6SnDXkEsPeGdmSs93v5rwWumv5QMvAGSZjAyWSd5o,DrJ6Sn,3Y6Kkspg4pXa3sqSmDp4t7GMD6tMpKYmU63ehKUz2nYW,4UcoqP4N7yvmSZ1DYbc3CosLrj42CbXKYC2rgXbJDzU6Sx8TkFLhevcXnXTb7uvGUt2GUsTm9Pk1v181bYtV3Bc3,hold 1 slots,-0.04524562748020327
DrJ6SnDXkEsPeGdmSs93v5rwWumv5QMvAGSZjAyWSd5o,DrJ6Sn,3Y6Kkspg4pXa3sqSmDp4t7GMD6tMpKYmU63ehKUz2nYW,4UcoqP4N7yvmSZ1DYbc3CosLrj42CbXKYC2rgXbJDzU6Sx8TkFLhevcXnXTb7uvGUt2GUsTm9Pk1v181bYtV3Bc3,hold 3 slots,-0.04524562748020327
DrJ6SnDXkEsPeGdmSs93v5rwWumv5QMvAGSZjAyWSd5o,DrJ6Sn,3Y6Kkspg4pXa3sqSmDp4t7GMD6tMpKYmU63ehKUz2nYW,4UcoqP4N7yvmSZ1DYbc3CosLrj42CbXKYC2rgXbJDzU6Sx8TkFLhevcXnXTb7uvGUt2GUsTm9Pk1v181bYtV3Bc3,hold 5 slots,-0.026712600027960182
DrJ6SnDXkEsPeGdmSs93v5rwWumv5QMvAGSZjAyWSd5o,DrJ6Sn,3Y6Kkspg4pXa3sqSmDp4t7GMD6tMpKYmU63ehKUz2nYW,4UcoqP4N7yvmSZ1DYbc3CosLrj42CbXKYC2rgXbJDzU6Sx8TkFLhevcXnXTb7uvGUt2GUsTm9Pk1v181bYtV3Bc3,hold 12 slots,-0.026712600027960182
DrJ6SnDXkEsPeGdmSs93v5rwWumv5QMvAGSZjAyWSd5o,DrJ6Sn,3Y6Kkspg4pXa3sqSmDp4t7GMD6tMpKYmU63ehKUz2nYW,4UcoqP4N7yvmSZ1DYbc3CosLrj42CbXKYC2rgXbJDzU6Sx8TkFLhevcXnXTb7uvGUt2GUsTm9Pk1v181bYtV3Bc3,hold 25 slots,0.08239263792642021
DrJ6SnDXkEsPeGdmSs93v5rwWumv5QMvAGSZjAyWSd5o,DrJ6Sn,3Y6Kkspg4pXa3sqSmDp4t7GMD6tMpKYmU63ehKUz2nYW,4UcoqP4N7yvmSZ1DYbc3CosLrj42CbXKYC2rgXbJDzU6Sx8TkFLhevcXnXTb7uvGUt2GUsTm9Pk1v181bYtV3Bc3,hold 50 slots,0.06415570625639522
DrJ6SnDXkEsPeGdmSs93v5rwWumv5QMvAGSZjAyWSd5o,DrJ6Sn,3Y6Kkspg4pXa3sqSmDp4t7GMD6tMpKYmU63ehKUz2nYW,4UcoqP4N7yvmSZ1DYbc3CosLrj42CbXKYC2rgXbJDzU6Sx8TkFLhevcXnXTb7uvGUt2GUsTm9Pk1v181bYtV3Bc3,hold 75 slots,0.06174128129498351
DrJ6SnDXkEsPeGdmSs93v5rwWumv5QMvAGSZjAyWSd5o,DrJ6Sn,3Y6Kkspg4pXa3sqSmDp4t7GMD6tMpKYmU63ehKUz2nYW,4UcoqP4N7yvmSZ1DYbc3CosLrj42CbXKYC2rgXbJDzU6Sx8TkFLhevcXnXTb7uvGUt2GUsTm9Pk1v181bYtV3Bc3,hold 150 slots,-0.001998887345982671
DrJ6SnDXkEsPeGdmSs93v5rwWumv5QMvAGSZjAyWSd5o,DrJ6Sn,3Y6Kkspg4pXa3sqSmDp4t7GMD6tMpKYmU63ehKUz2nYW,4UcoqP4N7yvmSZ1DYbc3CosLrj42CbXKYC2rgXbJDzU6Sx8TkFLhevcXnXTb7uvGUt2GUsTm9Pk1v181bYtV3Bc3,TP 10% / SL 10%,0.13995107359652756
DrJ6SnDXkEsPeGdmSs93v5rwWumv5QMvAGSZjAyWSd5o,DrJ6Sn,3Y6Kkspg4pXa3sqSmDp4t7GMD6tMpKYmU63ehKUz2nYW,4UcoqP4N7yvmSZ1DYbc3CosLrj42CbXKYC2rgXbJDzU6Sx8TkFLhevcXnXTb7uvGUt2GUsTm9Pk1v181bYtV3Bc3,TP 20% / SL 10%,-0.001998887345982671
DrJ6SnDXkEsPeGdmSs93v5rwWumv5QMvAGSZjAyWSd5o,DrJ6Sn,3Y6Kkspg4pXa3sqSmDp4t7GMD6tMpKYmU63ehKUz2nYW,4UcoqP4N7yvmSZ1DYbc3CosLrj42CbXKYC2rgXbJDzU6Sx8TkFLhevcXnXTb7uvGUt2GUsTm9Pk1v181bYtV3Bc3,TP 30% / SL 15%,-0.001998887345982671
DrJ6SnDXkEsPeGdmSs93v5rwWumv5QMvAGSZjAyWSd5o,DrJ6Sn,3Y6Kkspg4pXa3sqSmDp4t7GMD6tMpKYmU63ehKUz2nYW,4UcoqP4N7yvmSZ1DYbc3CosLrj42CbXKYC2rgXbJDzU6Sx8TkFLhevcXnXTb7uvGUt2GUsTm9Pk1v181bYtV3Bc3,TP 50% / SL 25%,-0.001998887345982671
DrJ6SnDXkEsPeGdmSs93v5rwWumv5QMvAGSZjAyWSd5o,DrJ6Sn,3Y6Kkspg4pXa3sqSmDp4t7GMD6tMpKYmU63ehKUz2nYW,4UcoqP4N7yvmSZ1DYbc3CosLrj42CbXKYC2rgXbJDzU6Sx8TkFLhevcXnXTb7uvGUt2GUsTm9Pk1v181bYtV3Bc3,TP 100% / SL 30%,-0.001998887345982671
DrJ6SnDXkEsPeGdmSs93v5rwWumv5QMvAGSZjAyWSd5o,DrJ6Sn,AMdB8FNui7vhYJbqi2dCzKpjy5Woekc5KHjLBoP4pump,5Kh7RFyEExzhPUD5yYabAwjPBKE3Nbej1navrgJSTS4oVuPDqj9dcj8DoqFiwQ3EfcA2LnF1m3vMgQhYAMxEXsRk,follow wallet,0.05379213625790346
DrJ6SnDXkEsPeGdmSs93v5rwWumv5QMvAGSZjAyWSd5o,DrJ6Sn,AMdB8FNui7vhYJbqi2dCzKpjy5Woekc5KHjLBoP4pump,5Kh7RFyEExzhPUD5yYabAwjPBKE3Nbej1navrgJSTS4oVuPDqj9dcj8DoqFiwQ3EfcA2LnF1m3vMgQhYAMxEXsRk,hold 1 slots,0.020695519986858486
DrJ6SnDXkEsPeGdmSs93v5rwWumv5QMvAGSZjAyWSd5o,DrJ6Sn,AMdB8FNui7vhYJbqi2dCzKpjy5Woekc5KHjLBoP4pump,5Kh7RFyEExzhPUD5yYabAwjPBKE3Nbej1navrgJSTS4oVuPDqj9dcj8DoqFiwQ3EfcA2LnF1m3vMgQhYAMxEXsRk,hold 3 slots,0.020695519986858486
DrJ6SnDXkEsPeGdmSs93v5rwWumv5QMvAGSZjAyWSd5o,DrJ6Sn,AMdB8FNui7vhYJbqi2dCzKpjy5Woekc5KHjLBoP4pump,5Kh7RFyEExzhPUD5yYabAwjPBKE3Nbej1navrgJSTS4oVuPDqj9dcj8DoqFiwQ3EfcA2LnF1m3vMgQhYAMxEXsRk,hold 5 slots,0.0032838214746948487
DrJ6SnDXkEsPeGdmSs93v5rwWumv5QMvAGSZjAyWSd5o,DrJ6Sn,AMdB8FNui7vhYJbqi2dCzKpjy5Woekc5KHjLBoP4pump,5Kh7RFyEExzhPUD5yYabAwjPBKE3Nbej1navrgJSTS4oVuPDqj9dcj8DoqFiwQ3EfcA2LnF1m3vMgQhYAMxEXsRk,hold 12 slots,-0.06299835860121464
DrJ6SnDXkEsPeGdmSs93v5rwWumv5QMvAGSZjAyWSd5o,DrJ6Sn,AMdB8FNui7vhYJbqi2dCzKpjy5Woekc5KHjLBoP4pump,5Kh7RFyEExzhPUD5yYabAwjPBKE3Nbej1navrgJSTS4oVuPDqj9dcj8DoqFiwQ3EfcA2LnF1m3vMgQhYAMxEXsRk,hold 25 slots,-0.1624019831120013
DrJ6SnDXkEsPeGdmSs93v5rwWumv5QMvAGSZjAyWSd5o,DrJ6Sn,AMdB8FNui7vhYJbqi2dCzKpjy5Woekc5KHjLBoP4pump,5Kh7RFyEExzhPUD5yYabAwjPBKE3Nbej1navrgJSTS4oVuPDqj9dcj8DoqFiwQ3EfcA2LnF1m3vMgQhYAMxEXsRk,hold 50 slots,-0.12831823927894473
DrJ6SnDXkEsPeGdmSs93v5rwWumv5QMvAGSZjAyWSd5o,DrJ6Sn,AMdB8FNui7vhYJbqi2dCzKpjy5Woekc5KHjLBoP4pump,5Kh7RFyEExzhPUD5yYabAwjPBKE3Nbej1navrgJSTS4oVuPDqj9dcj8DoqFiwQ3EfcA2LnF1m3vMgQhYAMxEXsRk,hold 75 slots,0.045531347717969295
DrJ6SnDXkEsPeGdmSs93v5rwWumv5QMvAGSZjAyWSd5o,DrJ6Sn,AMdB8FNui7vhYJbqi2dCzKpjy5Woekc5KHjLBoP4pump,5Kh7RFyEExzhPUD5yYabAwjPBKE3Nbej1navrgJSTS4oVuPDqj9dcj8DoqFiwQ3EfcA2LnF1m3vMgQhYAMxEXsRk,hold 150 slots,-0.09508185170828617
DrJ6SnDXkEsPeGdmSs93v5rwWumv5QMvAGSZjAyWSd5o,DrJ6Sn,AMdB8FNui7vhYJbqi2dCzKpjy5Woekc5KHjLBoP4pump,5Kh7RFyEExzhPUD5yYabAwjPBKE3Nbej1navrgJSTS4oVuPDqj9dcj8DoqFiwQ3EfcA2LnF1m3vMgQhYAMxEXsRk,TP 10% / SL 10%,-0.10923056264244999
DrJ6SnDXkEsPeGdmSs93v5rwWumv5QMvAGSZjAyWSd5o,DrJ6Sn,AMdB8FNui7vhYJbqi2dCzKpjy5Woekc5KHjLBoP4pump,5Kh7RFyEExzhPUD5yYabAwjPBKE3Nbej1navrgJSTS4oVuPDqj9dcj8DoqFiwQ3EfcA2LnF1m3vMgQhYAMxEXsRk,TP 20% / SL 10%,-0.10923056264244999
DrJ6SnDXkEsPeGdmSs93v5rwWumv5QMvAGSZjAyWSd5o,DrJ6Sn,AMdB8FNui7vhYJbqi2dCzKpjy5Woekc5KHjLBoP4pump,5Kh7RFyEExzhPUD5yYabAwjPBKE3Nbej1navrgJSTS4oVuPDqj9dcj8DoqFiwQ3EfcA2LnF1m3vMgQhYAMxEXsRk,TP 30% / SL 15%,-0.1624019831120013
DrJ6SnDXkEsPeGdmSs93v5rwWumv5QMvAGSZjAyWSd5o,DrJ6Sn,AMdB8FNui7vhYJbqi2dCzKpjy5Woekc5KHjLBoP4pump,5Kh7RFyEExzhPUD5yYabAwjPBKE3Nbej1navrgJSTS4oVuPDqj9dcj8DoqFiwQ3EfcA2LnF1m3vMgQhYAMxEXsRk,TP 50% / SL 25%,-0.09508185170828617
DrJ6SnDXkEsPeGdmSs93v5rwWumv5QMvAGSZjAyWSd5o,DrJ6Sn,AMdB8FNui7vhYJbqi2dCzKpjy5Woekc5KHjLBoP4pump,5Kh7RFyEExzhPUD5yYabAwjPBKE3Nbej1navrgJSTS4oVuPDqj9dcj8DoqFiwQ3EfcA2LnF1m3vMgQhYAMxEXsRk,TP 100% / SL 30%,-0.09508185170828617
Dvbv5TdAyPpJk16X9mUxWFVicYtCUxTLhuof8TGuUaRv,Dvbv5T,CTyEzEC2WwUgNivmkSp6ZdqnPmBb59EyY4QmCXmFAJiy,5ti9oYTWrWiR2iMEstw3ceVWRqxWWxftEz456acG3Vk1do2cKDzKqjSDpu9DfJ39zsytV8uN3DF3B4WS9pvtMnsp,hold 1 slots,-0.044919728542529944
Dvbv5TdAyPpJk16X9mUxWFVicYtCUxTLhuof8TGuUaRv,Dvbv5T,CTyEzEC2WwUgNivmkSp6ZdqnPmBb59EyY4QmCXmFAJiy,5ti9oYTWrWiR2iMEstw3ceVWRqxWWxftEz456acG3Vk1do2cKDzKqjSDpu9DfJ39zsytV8uN3DF3B4WS9pvtMnsp,hold 3 slots,-0.044919728542529944
Dvbv5TdAyPpJk16X9mUxWFVicYtCUxTLhuof8TGuUaRv,Dvbv5T,CTyEzEC2WwUgNivmkSp6ZdqnPmBb59EyY4QmCXmFAJiy,5ti9oYTWrWiR2iMEstw3ceVWRqxWWxftEz456acG3Vk1do2cKDzKqjSDpu9DfJ39zsytV8uN3DF3B4WS9pvtMnsp,hold 5 slots,-0.044888096364038704
Dvbv5TdAyPpJk16X9mUxWFVicYtCUxTLhuof8TGuUaRv,Dvbv5T,CTyEzEC2WwUgNivmkSp6ZdqnPmBb59EyY4QmCXmFAJiy,5ti9oYTWrWiR2iMEstw3ceVWRqxWWxftEz456acG3Vk1do2cKDzKqjSDpu9DfJ39zsytV8uN3DF3B4WS9pvtMnsp,hold 12 slots,-0.044888096364038704
Dvbv5TdAyPpJk16X9mUxWFVicYtCUxTLhuof8TGuUaRv,Dvbv5T,CTyEzEC2WwUgNivmkSp6ZdqnPmBb59EyY4QmCXmFAJiy,5ti9oYTWrWiR2iMEstw3ceVWRqxWWxftEz456acG3Vk1do2cKDzKqjSDpu9DfJ39zsytV8uN3DF3B4WS9pvtMnsp,hold 25 slots,-0.044888096364038704
Dvbv5TdAyPpJk16X9mUxWFVicYtCUxTLhuof8TGuUaRv,Dvbv5T,CTyEzEC2WwUgNivmkSp6ZdqnPmBb59EyY4QmCXmFAJiy,5ti9oYTWrWiR2iMEstw3ceVWRqxWWxftEz456acG3Vk1do2cKDzKqjSDpu9DfJ39zsytV8uN3DF3B4WS9pvtMnsp,hold 50 slots,-0.044888096364038704
Dvbv5TdAyPpJk16X9mUxWFVicYtCUxTLhuof8TGuUaRv,Dvbv5T,CTyEzEC2WwUgNivmkSp6ZdqnPmBb59EyY4QmCXmFAJiy,5ti9oYTWrWiR2iMEstw3ceVWRqxWWxftEz456acG3Vk1do2cKDzKqjSDpu9DfJ39zsytV8uN3DF3B4WS9pvtMnsp,hold 75 slots,-0.044888096364038704
Dvbv5TdAyPpJk16X9mUxWFVicYtCUxTLhuof8TGuUaRv,Dvbv5T,CTyEzEC2WwUgNivmkSp6ZdqnPmBb59EyY4QmCXmFAJiy,5ti9oYTWrWiR2iMEstw3ceVWRqxWWxftEz456acG3Vk1do2cKDzKqjSDpu9DfJ39zsytV8uN3DF3B4WS9pvtMnsp,hold 150 slots,0.10346503909473825
Dvbv5TdAyPpJk16X9mUxWFVicYtCUxTLhuof8TGuUaRv,Dvbv5T,CTyEzEC2WwUgNivmkSp6ZdqnPmBb59EyY4QmCXmFAJiy,5ti9oYTWrWiR2iMEstw3ceVWRqxWWxftEz456acG3Vk1do2cKDzKqjSDpu9DfJ39zsytV8uN3DF3B4WS9pvtMnsp,TP 10% / SL 10%,0.10346503909473825
Dvbv5TdAyPpJk16X9mUxWFVicYtCUxTLhuof8TGuUaRv,Dvbv5T,CTyEzEC2WwUgNivmkSp6ZdqnPmBb59EyY4QmCXmFAJiy,5ti9oYTWrWiR2iMEstw3ceVWRqxWWxftEz456acG3Vk1do2cKDzKqjSDpu9DfJ39zsytV8uN3DF3B4WS9pvtMnsp,TP 20% / SL 10%,0.10346503909473825
Dvbv5TdAyPpJk16X9mUxWFVicYtCUxTLhuof8TGuUaRv,Dvbv5T,CTyEzEC2WwUgNivmkSp6ZdqnPmBb59EyY4QmCXmFAJiy,5ti9oYTWrWiR2iMEstw3ceVWRqxWWxftEz456acG3Vk1do2cKDzKqjSDpu9DfJ39zsytV8uN3DF3B4WS9pvtMnsp,TP 30% / SL 15%,0.10346503909473825
Dvbv5TdAyPpJk16X9mUxWFVicYtCUxTLhuof8TGuUaRv,Dvbv5T,CTyEzEC2WwUgNivmkSp6ZdqnPmBb59EyY4QmCXmFAJiy,5ti9oYTWrWiR2iMEstw3ceVWRqxWWxftEz456acG3Vk1do2cKDzKqjSDpu9DfJ39zsytV8uN3DF3B4WS9pvtMnsp,TP 50% / SL 25%,0.10346503909473825
Dvbv5TdAyPpJk16X9mUxWFVicYtCUxTLhuof8TGuUaRv,Dvbv5T,CTyEzEC2WwUgNivmkSp6ZdqnPmBb59EyY4QmCXmFAJiy,5ti9oYTWrWiR2iMEstw3ceVWRqxWWxftEz456acG3Vk1do2cKDzKqjSDpu9DfJ39zsytV8uN3DF3B4WS9pvtMnsp,TP 100% / SL 30%,0.10346503909473825
EqiFgyNw6kgrmYstWyrP8VjKhka7XEmKTZzHSmwpr1Zb,EqiFgy,HtRwo89ERq2to7xxa4tXiN4uuqt4vzPYdzniHbPCpump,64LzDwRT9uRVThPGVRZge9wehSfY5fDixXffXPdqAzcZ4FA28ZpfRsneTCQbD3uJtJinTSPmSd5ng2VBBgCCKsg9,follow wallet,-0.3066850548397669
EqiFgyNw6kgrmYstWyrP8VjKhka7XEmKTZzHSmwpr1Zb,EqiFgy,HtRwo89ERq2to7xxa4tXiN4uuqt4vzPYdzniHbPCpump,64LzDwRT9uRVThPGVRZge9wehSfY5fDixXffXPdqAzcZ4FA28ZpfRsneTCQbD3uJtJinTSPmSd5ng2VBBgCCKsg9,hold 1 slots,-0.05440343885121214
EqiFgyNw6kgrmYstWyrP8VjKhka7XEmKTZzHSmwpr1Zb,EqiFgy,HtRwo89ERq2to7xxa4tXiN4uuqt4vzPYdzniHbPCpump,64LzDwRT9uRVThPGVRZge9wehSfY5fDixXffXPdqAzcZ4FA28ZpfRsneTCQbD3uJtJinTSPmSd5ng2VBBgCCKsg9,hold 3 slots,-0.05818431740868533
EqiFgyNw6kgrmYstWyrP8VjKhka7XEmKTZzHSmwpr1Zb,EqiFgy,HtRwo89ERq2to7xxa4tXiN4uuqt4vzPYdzniHbPCpump,64LzDwRT9uRVThPGVRZge9wehSfY5fDixXffXPdqAzcZ4FA28ZpfRsneTCQbD3uJtJinTSPmSd5ng2VBBgCCKsg9,hold 5 slots,-0.011784173851572871
EqiFgyNw6kgrmYstWyrP8VjKhka7XEmKTZzHSmwpr1Zb,EqiFgy,HtRwo89ERq2to7xxa4tXiN4uuqt4vzPYdzniHbPCpump,64LzDwRT9uRVThPGVRZge9wehSfY5fDixXffXPdqAzcZ4FA28ZpfRsneTCQbD3uJtJinTSPmSd5ng2VBBgCCKsg9,hold 12 slots,-0.008235470594800473
EqiFgyNw6kgrmYstWyrP8VjKhka7XEmKTZzHSmwpr1Zb,EqiFgy,HtRwo89ERq2to7xxa4tXiN4uuqt4vzPYdzniHbPCpump,64LzDwRT9uRVThPGVRZge9wehSfY5fDixXffXPdqAzcZ4FA28ZpfRsneTCQbD3uJtJinTSPmSd5ng2VBBgCCKsg9,hold 25 slots,-0.005826475192873597
EqiFgyNw6kgrmYstWyrP8VjKhka7XEmKTZzHSmwpr1Zb,EqiFgy,HtRwo89ERq2to7xxa4tXiN4uuqt4vzPYdzniHbPCpump,64LzDwRT9uRVThPGVRZge9wehSfY5fDixXffXPdqAzcZ4FA28ZpfRsneTCQbD3uJtJinTSPmSd5ng2VBBgCCKsg9,hold 50 slots,-0.05435444683285284
EqiFgyNw6kgrmYstWyrP8VjKhka7XEmKTZzHSmwpr1Zb,EqiFgy,HtRwo89ERq2to7xxa4tXiN4uuqt4vzPYdzniHbPCpump,64LzDwRT9uRVThPGVRZge9wehSfY5fDixXffXPdqAzcZ4FA28ZpfRsneTCQbD3uJtJinTSPmSd5ng2VBBgCCKsg9,hold 75 slots,-0.07559448977050973
EqiFgyNw6kgrmYstWyrP8VjKhka7XEmKTZzHSmwpr1Zb,EqiFgy,HtRwo89ERq2to7xxa4tXiN4uuqt4vzPYdzniHbPCpump,64LzDwRT9uRVThPGVRZge9wehSfY5fDixXffXPdqAzcZ4FA28ZpfRsneTCQbD3uJtJinTSPmSd5ng2VBBgCCKsg9,hold 150 slots,-0.28524786663920226
EqiFgyNw6kgrmYstWyrP8VjKhka7XEmKTZzHSmwpr1Zb,EqiFgy,HtRwo89ERq2to7xxa4tXiN4uuqt4vzPYdzniHbPCpump,64LzDwRT9uRVThPGVRZge9wehSfY5fDixXffXPdqAzcZ4FA28ZpfRsneTCQbD3uJtJinTSPmSd5ng2VBBgCCKsg9,TP 10% / SL 10%,-0.25105888758356143
EqiFgyNw6kgrmYstWyrP8VjKhka7XEmKTZzHSmwpr1Zb,EqiFgy,HtRwo89ERq2to7xxa4tXiN4uuqt4vzPYdzniHbPCpump,64LzDwRT9uRVThPGVRZge9wehSfY5fDixXffXPdqAzcZ4FA28ZpfRsneTCQbD3uJtJinTSPmSd5ng2VBBgCCKsg9,TP 20% / SL 10%,-0.25105888758356143
EqiFgyNw6kgrmYstWyrP8VjKhka7XEmKTZzHSmwpr1Zb,EqiFgy,HtRwo89ERq2to7xxa4tXiN4uuqt4vzPYdzniHbPCpump,64LzDwRT9uRVThPGVRZge9wehSfY5fDixXffXPdqAzcZ4FA28ZpfRsneTCQbD3uJtJinTSPmSd5ng2VBBgCCKsg9,TP 30% / SL 15%,-0.25105888758356143
EqiFgyNw6kgrmYstWyrP8VjKhka7XEmKTZzHSmwpr1Zb,EqiFgy,HtRwo89ERq2to7xxa4tXiN4uuqt4vzPYdzniHbPCpump,64LzDwRT9uRVThPGVRZge9wehSfY5fDixXffXPdqAzcZ4FA28ZpfRsneTCQbD3uJtJinTSPmSd5ng2VBBgCCKsg9,TP 50% / SL 25%,-0.25105888758356143
EqiFgyNw6kgrmYstWyrP8VjKhka7XEmKTZzHSmwpr1Zb,EqiFgy,HtRwo89ERq2to7xxa4tXiN4uuqt4vzPYdzniHbPCpump,64LzDwRT9uRVThPGVRZge9wehSfY5fDixXffXPdqAzcZ4FA28ZpfRsneTCQbD3uJtJinTSPmSd5ng2VBBgCCKsg9,TP 100% / SL 30%,-0.28524786663920226
EqiFgyNw6kgrmYstWyrP8VjKhka7XEmKTZzHSmwpr1Zb,EqiFgy,FYXNbt2LvCAfm1e56N48nscjHYPFCTz17kyxjjopump,4HqGJDiGQ8DBRgjXYhysKx8MQNhc13mEs551xZASusehJM5wzhvCLHwYSdDLTwgbYFS2fMB8WPzCaBLozmCUvF4A,follow wallet,-0.6575228409710181
EqiFgyNw6kgrmYstWyrP8VjKhka7XEmKTZzHSmwpr1Zb,EqiFgy,FYXNbt2LvCAfm1e56N48nscjHYPFCTz17kyxjjopump,4HqGJDiGQ8DBRgjXYhysKx8MQNhc13mEs551xZASusehJM5wzhvCLHwYSdDLTwgbYFS2fMB8WPzCaBLozmCUvF4A,hold 1 slots,-0.05154533717941535
EqiFgyNw6kgrmYstWyrP8VjKhka7XEmKTZzHSmwpr1Zb,EqiFgy,FYXNbt2LvCAfm1e56N48nscjHYPFCTz17kyxjjopump,4HqGJDiGQ8DBRgjXYhysKx8MQNhc13mEs551xZASusehJM5wzhvCLHwYSdDLTwgbYFS2fMB8WPzCaBLozmCUvF4A,hold 3 slots,-0.05154533717941535
EqiFgyNw6kgrmYstWyrP8VjKhka7XEmKTZzHSmwpr1Zb,EqiFgy,FYXNbt2LvCAfm1e56N48nscjHYPFCTz17kyxjjopump,4HqGJDiGQ8DBRgjXYhysKx8MQNhc13mEs551xZASusehJM5wzhvCLHwYSdDLTwgbYFS2fMB8WPzCaBLozmCUvF4A,hold 5 slots,-0.0513473621647315
EqiFgyNw6kgrmYstWyrP8VjKhka7XEmKTZzHSmwpr1Zb,EqiFgy,FYXNbt2LvCAfm1e56N48nscjHYPFCTz17kyxjjopump,4HqGJDiGQ8DBRgjXYhysKx8MQNhc13mEs551xZASusehJM5wzhvCLHwYSdDLTwgbYFS2fMB8WPzCaBLozmCUvF4A,hold 12 slots,-0.03667386462820804
EqiFgyNw6kgrmYstWyrP8VjKhka7XEmKTZzHSmwpr1Zb,EqiFgy,FYXNbt2LvCAfm1e56N48nscjHYPFCTz17kyxjjopump,4HqGJDiGQ8DBRgjXYhysKx8MQNhc13mEs551xZASusehJM5wzhvCLHwYSdDLTwgbYFS2fMB8WPzCaBLozmCUvF4A,hold 25 slots,-0.07710147674876344
EqiFgyNw6kgrmYstWyrP8VjKhka7XEmKTZzHSmwpr1Zb,EqiFgy,FYXNbt2LvCAfm1e56N48nscjHYPFCTz17kyxjjopump,4HqGJDiGQ8DBRgjXYhysKx8MQNhc13mEs551xZASusehJM5wzhvCLHwYSdDLTwgbYFS2fMB8WPzCaBLozmCUvF4A,hold 50 slots,-0.10489486007892942
EqiFgyNw6kgrmYstWyrP8VjKhka7XEmKTZzHSmwpr1Zb,EqiFgy,FYXNbt2LvCAfm1e56N48nscjHYPFCTz17kyxjjopump,4HqGJDiGQ8DBRgjXYhysKx8MQNhc13mEs551xZASusehJM5wzhvCLHwYSdDLTwgbYFS2fMB8WPzCaBLozmCUvF4A,hold 75 slots,-0.05225682330112553
EqiFgyNw6kgrmYstWyrP8VjKhka7XEmKTZzHSmwpr1Zb,EqiFgy,FYXNbt2LvCAfm1e56N48nscjHYPFCTz17kyxjjopump,4HqGJDiGQ8DBRgjXYhysKx8MQNhc13mEs551xZASusehJM5wzhvCLHwYSdDLTwgbYFS2fMB8WPzCaBLozmCUvF4A,hold 150 slots,-0.0704346108509754
EqiFgyNw6kgrmYstWyrP8VjKhka7XEmKTZzHSmwpr1Zb,EqiFgy,FYXNbt2LvCAfm1e56N48nscjHYPFCTz17kyxjjopump,4HqGJDiGQ8DBRgjXYhysKx8MQNhc13mEs551xZASusehJM5wzhvCLHwYSdDLTwgbYFS2fMB8WPzCaBLozmCUvF4A,TP 10% / SL 10%,-0.10489486007892942
EqiFgyNw6kgrmYstWyrP8VjKhka7XEmKTZzHSmwpr1Zb,EqiFgy,FYXNbt2LvCAfm1e56N48nscjHYPFCTz17kyxjjopump,4HqGJDiGQ8DBRgjXYhysKx8MQNhc13mEs551xZASusehJM5wzhvCLHwYSdDLTwgbYFS2fMB8WPzCaBLozmCUvF4A,TP 20% / SL 10%,-0.10489486007892942
EqiFgyNw6kgrmYstWyrP8VjKhka7XEmKTZzHSmwpr1Zb,EqiFgy,FYXNbt2LvCAfm1e56N48nscjHYPFCTz17kyxjjopump,4HqGJDiGQ8DBRgjXYhysKx8MQNhc13mEs551xZASusehJM5wzhvCLHwYSdDLTwgbYFS2fMB8WPzCaBLozmCUvF4A,TP 30% / SL 15%,-0.0704346108509754
EqiFgyNw6kgrmYstWyrP8VjKhka7XEmKTZzHSmwpr1Zb,EqiFgy,FYXNbt2LvCAfm1e56N48nscjHYPFCTz17kyxjjopump,4HqGJDiGQ8DBRgjXYhysKx8MQNhc13mEs551xZASusehJM5wzhvCLHwYSdDLTwgbYFS2fMB8WPzCaBLozmCUvF4A,TP 50% / SL 25%,-0.0704346108509754
EqiFgyNw6kgrmYstWyrP8VjKhka7XEmKTZzHSmwpr1Zb,EqiFgy,FYXNbt2LvCAfm1e56N48nscjHYPFCTz17kyxjjopump,4HqGJDiGQ8DBRgjXYhysKx8MQNhc13mEs551xZASusehJM5wzhvCLHwYSdDLTwgbYFS2fMB8WPzCaBLozmCUvF4A,TP 100% / SL 30%,-0.0704346108509754
EqiFgyNw6kgrmYstWyrP8VjKhka7XEmKTZzHSmwpr1Zb,EqiFgy,DakoeJuVFs3RSke3M9FVfBvuZjCgQxtrBCH7rQxbhDot,4nk6DmeDB7V9WghJoAgz72eMsNqbWiee4vmqY3yLrW98LJnTULhsHzA8BzPuDqiZrR1T32DDudhwq2pn3Qv1tHT6,follow wallet,-0.4884322188362781
EqiFgyNw6kgrmYstWyrP8VjKhka7XEmKTZzHSmwpr1Zb,EqiFgy,DakoeJuVFs3RSke3M9FVfBvuZjCgQxtrBCH7rQxbhDot,4nk6DmeDB7V9WghJoAgz72eMsNqbWiee4vmqY3yLrW98LJnTULhsHzA8BzPuDqiZrR1T32DDudhwq2pn3Qv1tHT6,hold 1 slots,-0.0905092751876489
EqiFgyNw6kgrmYstWyrP8VjKhka7XEmKTZzHSmwpr1Zb,EqiFgy,DakoeJuVFs3RSke3M9FVfBvuZjCgQxtrBCH7rQxbhDot,4nk6DmeDB7V9WghJoAgz72eMsNqbWiee4vmqY3yLrW98LJnTULhsHzA8BzPuDqiZrR1T32DDudhwq2pn3Qv1tHT6,hold 3 slots,-0.0905092751876489
EqiFgyNw6kgrmYstWyrP8VjKhka7XEmKTZzHSmwpr1Zb,EqiFgy,DakoeJuVFs3RSke3M9FVfBvuZjCgQxtrBCH7rQxbhDot,4nk6DmeDB7V9WghJoAgz72eMsNqbWiee4vmqY3yLrW98LJnTULhsHzA8BzPuDqiZrR1T32DDudhwq2pn3Qv1tHT6,hold 5 slots,-0.0906794978495239
EqiFgyNw6kgrmYstWyrP8VjKhka7XEmKTZzHSmwpr1Zb,EqiFgy,DakoeJuVFs3RSke3M9FVfBvuZjCgQxtrBCH7rQxbhDot,4nk6DmeDB7V9WghJoAgz72eMsNqbWiee4vmqY3yLrW98LJnTULhsHzA8BzPuDqiZrR1T32DDudhwq2pn3Qv1tHT6,hold 12 slots,-0.11521679183200811
EqiFgyNw6kgrmYstWyrP8VjKhka7XEmKTZzHSmwpr1Zb,EqiFgy,DakoeJuVFs3RSke3M9FVfBvuZjCgQxtrBCH7rQxbhDot,4nk6DmeDB7V9WghJoAgz72eMsNqbWiee4vmqY3yLrW98LJnTULhsHzA8BzPuDqiZrR1T32DDudhwq2pn3Qv1tHT6,hold 25 slots,-0.13913428132922365
EqiFgyNw6kgrmYstWyrP8VjKhka7XEmKTZzHSmwpr1Zb,EqiFgy,DakoeJuVFs3RSke3M9FVfBvuZjCgQxtrBCH7rQxbhDot,4nk6DmeDB7V9WghJoAgz72eMsNqbWiee4vmqY3yLrW98LJnTULhsHzA8BzPuDqiZrR1T32DDudhwq2pn3Qv1tHT6,hold 50 slots,-0.11007857207386113
EqiFgyNw6kgrmYstWyrP8VjKhka7XEmKTZzHSmwpr1Zb,EqiFgy,DakoeJuVFs3RSke3M9FVfBvuZjCgQxtrBCH7rQxbhDot,4nk6DmeDB7V9WghJoAgz72eMsNqbWiee4vmqY3yLrW98LJnTULhsHzA8BzPuDqiZrR1T32DDudhwq2pn3Qv1tHT6,hold 75 slots,0.014155790104591011
EqiFgyNw6kgrmYstWyrP8VjKhka7XEmKTZzHSmwpr1Zb,EqiFgy,DakoeJuVFs3RSke3M9FVfBvuZjCgQxtrBCH7rQxbhDot,4nk6DmeDB7V9WghJoAgz72eMsNqbWiee4vmqY3yLrW98LJnTULhsHzA8BzPuDqiZrR1T32DDudhwq2pn3Qv1tHT6,hold 150 slots,-0.09606077979823482
EqiFgyNw6kgrmYstWyrP8VjKhka7XEmKTZzHSmwpr1Zb,EqiFgy,DakoeJuVFs3RSke3M9FVfBvuZjCgQxtrBCH7rQxbhDot,4nk6DmeDB7V9WghJoAgz72eMsNqbWiee4vmqY3yLrW98LJnTULhsHzA8BzPuDqiZrR1T32DDudhwq2pn3Qv1tHT6,TP 10% / SL 10%,-0.11521679183200811
EqiFgyNw6kgrmYstWyrP8VjKhka7XEmKTZzHSmwpr1Zb,EqiFgy,DakoeJuVFs3RSke3M9FVfBvuZjCgQxtrBCH7rQxbhDot,4nk6DmeDB7V9WghJoAgz72eMsNqbWiee4vmqY3yLrW98LJnTULhsHzA8BzPuDqiZrR1T32DDudhwq2pn3Qv1tHT6,TP 20% / SL 10%,-0.11521679183200811
EqiFgyNw6kgrmYstWyrP8VjKhka7XEmKTZzHSmwpr1Zb,EqiFgy,DakoeJuVFs3RSke3M9FVfBvuZjCgQxtrBCH7rQxbhDot,4nk6DmeDB7V9WghJoAgz72eMsNqbWiee4vmqY3yLrW98LJnTULhsHzA8BzPuDqiZrR1T32DDudhwq2pn3Qv1tHT6,TP 30% / SL 15%,-0.15921386759094489
EqiFgyNw6kgrmYstWyrP8VjKhka7XEmKTZzHSmwpr1Zb,EqiFgy,DakoeJuVFs3RSke3M9FVfBvuZjCgQxtrBCH7rQxbhDot,4nk6DmeDB7V9WghJoAgz72eMsNqbWiee4vmqY3yLrW98LJnTULhsHzA8BzPuDqiZrR1T32DDudhwq2pn3Qv1tHT6,TP 50% / SL 25%,-0.09606077979823482
EqiFgyNw6kgrmYstWyrP8VjKhka7XEmKTZzHSmwpr1Zb,EqiFgy,DakoeJuVFs3RSke3M9FVfBvuZjCgQxtrBCH7rQxbhDot,4nk6DmeDB7V9WghJoAgz72eMsNqbWiee4vmqY3yLrW98LJnTULhsHzA8BzPuDqiZrR1T32DDudhwq2pn3Qv1tHT6,TP 100% / SL 30%,-0.09606077979823482
EqiFgyNw6kgrmYstWyrP8VjKhka7XEmKTZzHSmwpr1Zb,EqiFgy,HfVHZucUWmosob4Kgd44eRJQP5YK2fiMCKpz5KiBpump,5LBRRkS2DFHWpaR9pGzxBkuF3nCDrB6uvheeDWhVb3BctpQsUcHhyPKD4RDaHsPkznerXquMj3i36ArCRhapSv5n,follow wallet,-0.03976507947640693
EqiFgyNw6kgrmYstWyrP8VjKhka7XEmKTZzHSmwpr1Zb,EqiFgy,HfVHZucUWmosob4Kgd44eRJQP5YK2fiMCKpz5KiBpump,5LBRRkS2DFHWpaR9pGzxBkuF3nCDrB6uvheeDWhVb3BctpQsUcHhyPKD4RDaHsPkznerXquMj3i36ArCRhapSv5n,hold 1 slots,-0.07527249994253851
EqiFgyNw6kgrmYstWyrP8VjKhka7XEmKTZzHSmwpr1Zb,EqiFgy,HfVHZucUWmosob4Kgd44eRJQP5YK2fiMCKpz5KiBpump,5LBRRkS2DFHWpaR9pGzxBkuF3nCDrB6uvheeDWhVb3BctpQsUcHhyPKD4RDaHsPkznerXquMj3i36ArCRhapSv5n,hold 3 slots,-0.05661419092209351
EqiFgyNw6kgrmYstWyrP8VjKhka7XEmKTZzHSmwpr1Zb,EqiFgy,HfVHZucUWmosob4Kgd44eRJQP5YK2fiMCKpz5KiBpump,5LBRRkS2DFHWpaR9pGzxBkuF3nCDrB6uvheeDWhVb3BctpQsUcHhyPKD4RDaHsPkznerXquMj3i36ArCRhapSv5n,hold 5 slots,-0.057285604823975204
EqiFgyNw6kgrmYstWyrP8VjKhka7XEmKTZzHSmwpr1Zb,EqiFgy,HfVHZucUWmosob4Kgd44eRJQP5YK2fiMCKpz5KiBpump,5LBRRkS2DFHWpaR9pGzxBkuF3nCDrB6uvheeDWhVb3BctpQsUcHhyPKD4RDaHsPkznerXquMj3i36ArCRhapSv5n,hold 12 slots,0.0017177639891955854
EqiFgyNw6kgrmYstWyrP8VjKhka7XEmKTZzHSmwpr1Zb,EqiFgy,HfVHZucUWmosob4Kgd44eRJQP5YK2fiMCKpz5KiBpump,5LBRRkS2DFHWpaR9pGzxBkuF3nCDrB6uvheeDWhVb3BctpQsUcHhyPKD4RDaHsPkznerXquMj3i36ArCRhapSv5n,hold 25 slots,0.06156941786323356
EqiFgyNw6kgrmYstWyrP8VjKhka7XEmKTZzHSmwpr1Zb,EqiFgy,HfVHZucUWmosob4Kgd44eRJQP5YK2fiMCKpz5KiBpump,5LBRRkS2DFHWpaR9pGzxBkuF3nCDrB6uvheeDWhVb3BctpQsUcHhyPKD4RDaHsPkznerXquMj3i36ArCRhapSv5n,hold 50 slots,0.16753048546176147
EqiFgyNw6kgrmYstWyrP8VjKhka7XEmKTZzHSmwpr1Zb,EqiFgy,HfVHZucUWmosob4Kgd44eRJQP5YK2fiMCKpz5KiBpump,5LBRRkS2DFHWpaR9pGzxBkuF3nCDrB6uvheeDWhVb3BctpQsUcHhyPKD4RDaHsPkznerXquMj3i36ArCRhapSv5n,hold 75 slots,0.20512043499711918
EqiFgyNw6kgrmYstWyrP8VjKhka7XEmKTZzHSmwpr1Zb,EqiFgy,HfVHZucUWmosob4Kgd44eRJQP5YK2fiMCKpz5KiBpump,5LBRRkS2DFHWpaR9pGzxBkuF3nCDrB6uvheeDWhVb3BctpQsUcHhyPKD4RDaHsPkznerXquMj3i36ArCRhapSv5n,hold 150 slots,-0.18624991303363955
EqiFgyNw6kgrmYstWyrP8VjKhka7XEmKTZzHSmwpr1Zb,EqiFgy,HfVHZucUWmosob4Kgd44eRJQP5YK2fiMCKpz5KiBpump,5LBRRkS2DFHWpaR9pGzxBkuF3nCDrB6uvheeDWhVb3BctpQsUcHhyPKD4RDaHsPkznerXquMj3i36ArCRhapSv5n,TP 10% / SL 10%,0.1952089870779035
EqiFgyNw6kgrmYstWyrP8VjKhka7XEmKTZzHSmwpr1Zb,EqiFgy,HfVHZucUWmosob4Kgd44eRJQP5YK2fiMCKpz5KiBpump,5LBRRkS2DFHWpaR9pGzxBkuF3nCDrB6uvheeDWhVb3BctpQsUcHhyPKD4RDaHsPkznerXquMj3i36ArCRhapSv5n,TP 20% / SL 10%,0.20512043499711918
EqiFgyNw6kgrmYstWyrP8VjKhka7XEmKTZzHSmwpr1Zb,EqiFgy,HfVHZucUWmosob4Kgd44eRJQP5YK2fiMCKpz5KiBpump,5LBRRkS2DFHWpaR9pGzxBkuF3nCDrB6uvheeDWhVb3BctpQsUcHhyPKD4RDaHsPkznerXquMj3i36ArCRhapSv5n,TP 30% / SL 15%,-0.18624991303363955
EqiFgyNw6kgrmYstWyrP8VjKhka7XEmKTZzHSmwpr1Zb,EqiFgy,HfVHZucUWmosob4Kgd44eRJQP5YK2fiMCKpz5KiBpump,5LBRRkS2DFHWpaR9pGzxBkuF3nCDrB6uvheeDWhVb3BctpQsUcHhyPKD4RDaHsPkznerXquMj3i36ArCRhapSv5n,TP 50% / SL 25%,-0.18624991303363955
EqiFgyNw6kgrmYstWyrP8VjKhka7XEmKTZzHSmwpr1Zb,EqiFgy,HfVHZucUWmosob4Kgd44eRJQP5YK2fiMCKpz5KiBpump,5LBRRkS2DFHWpaR9pGzxBkuF3nCDrB6uvheeDWhVb3BctpQsUcHhyPKD4RDaHsPkznerXquMj3i36ArCRhapSv5n,TP 100% / SL 30%,-0.18624991303363955
EqiFgyNw6kgrmYstWyrP8VjKhka7XEmKTZzHSmwpr1Zb,EqiFgy,in2XHieoPDTn8KdVkZCwVdkTWNbvH3i5Xwk93aDpump,3kuMsHgGqxG9VwUXofV3TVz1EXfBy7GYuuBaN4ckfz8S3DkmXr4wrmj4QYbcSagXSB5YG8uccACrsKFzK5TxUPvB,follow wallet,-0.2555900125786927
EqiFgyNw6kgrmYstWyrP8VjKhka7XEmKTZzHSmwpr1Zb,EqiFgy,in2XHieoPDTn8KdVkZCwVdkTWNbvH3i5Xwk93aDpump,3kuMsHgGqxG9VwUXofV3TVz1EXfBy7GYuuBaN4ckfz8S3DkmXr4wrmj4QYbcSagXSB5YG8uccACrsKFzK5TxUPvB,hold 1 slots,-0.043035042729457976
EqiFgyNw6kgrmYstWyrP8VjKhka7XEmKTZzHSmwpr1Zb,EqiFgy,in2XHieoPDTn8KdVkZCwVdkTWNbvH3i5Xwk93aDpump,3kuMsHgGqxG9VwUXofV3TVz1EXfBy7GYuuBaN4ckfz8S3DkmXr4wrmj4QYbcSagXSB5YG8uccACrsKFzK5TxUPvB,hold 3 slots,-0.043035042729457976
EqiFgyNw6kgrmYstWyrP8VjKhka7XEmKTZzHSmwpr1Zb,EqiFgy,in2XHieoPDTn8KdVkZCwVdkTWNbvH3i5Xwk93aDpump,3kuMsHgGqxG9VwUXofV3TVz1EXfBy7GYuuBaN4ckfz8S3DkmXr4wrmj4QYbcSagXSB5YG8uccACrsKFzK5TxUPvB,hold 5 slots,-0.043035042729457976
EqiFgyNw6kgrmYstWyrP8VjKhka7XEmKTZzHSmwpr1Zb,EqiFgy,in2XHieoPDTn8KdVkZCwVdkTWNbvH3i5Xwk93aDpump,3kuMsHgGqxG9VwUXofV3TVz1EXfBy7GYuuBaN4ckfz8S3DkmXr4wrmj4QYbcSagXSB5YG8uccACrsKFzK5TxUPvB,hold 12 slots,-0.04436354690974617
EqiFgyNw6kgrmYstWyrP8VjKhka7XEmKTZzHSmwpr1Zb,EqiFgy,in2XHieoPDTn8KdVkZCwVdkTWNbvH3i5Xwk93aDpump,3kuMsHgGqxG9VwUXofV3TVz1EXfBy7GYuuBaN4ckfz8S3DkmXr4wrmj4QYbcSagXSB5YG8uccACrsKFzK5TxUPvB,hold 25 slots,-0.01824307390734136
EqiFgyNw6kgrmYstWyrP8VjKhka7XEmKTZzHSmwpr1Zb,EqiFgy,in2XHieoPDTn8KdVkZCwVdkTWNbvH3i5Xwk93aDpump,3kuMsHgGqxG9VwUXofV3TVz1EXfBy7GYuuBaN4ckfz8S3DkmXr4wrmj4QYbcSagXSB5YG8uccACrsKFzK5TxUPvB,hold 50 slots,-0.01873531350587523
EqiFgyNw6kgrmYstWyrP8VjKhka7XEmKTZzHSmwpr1Zb,EqiFgy,in2XHieoPDTn8KdVkZCwVdkTWNbvH3i5Xwk93aDpump,3kuMsHgGqxG9VwUXofV3TVz1EXfBy7GYuuBaN4ckfz8S3DkmXr4wrmj4QYbcSagXSB5YG8uccACrsKFzK5TxUPvB,hold 75 slots,-0.030349233938754917
EqiFgyNw6kgrmYstWyrP8VjKhka7XEmKTZzHSmwpr1Zb,EqiFgy,in2XHieoPDTn8KdVkZCwVdkTWNbvH3i5Xwk93aDpump,3kuMsHgGqxG9VwUXofV3TVz1EXfBy7GYuuBaN4ckfz8S3DkmXr4wrmj4QYbcSagXSB5YG8uccACrsKFzK5TxUPvB,hold 150 slots,-0.06360489688737428
EqiFgyNw6kgrmYstWyrP8VjKhka7XEmKTZzHSmwpr1Zb,EqiFgy,in2XHieoPDTn8KdVkZCwVdkTWNbvH3i5Xwk93aDpump,3kuMsHgGqxG9VwUXofV3TVz1EXfBy7GYuuBaN4ckfz8S3DkmXr4wrmj4QYbcSagXSB5YG8uccACrsKFzK5TxUPvB,TP 10% / SL 10%,-0.06360489688737428
EqiFgyNw6kgrmYstWyrP8VjKhka7XEmKTZzHSmwpr1Zb,EqiFgy,in2XHieoPDTn8KdVkZCwVdkTWNbvH3i5Xwk93aDpump,3kuMsHgGqxG9VwUXofV3TVz1EXfBy7GYuuBaN4ckfz8S3DkmXr4wrmj4QYbcSagXSB5YG8uccACrsKFzK5TxUPvB,TP 20% / SL 10%,-0.06360489688737428
EqiFgyNw6kgrmYstWyrP8VjKhka7XEmKTZzHSmwpr1Zb,EqiFgy,in2XHieoPDTn8KdVkZCwVdkTWNbvH3i5Xwk93aDpump,3kuMsHgGqxG9VwUXofV3TVz1EXfBy7GYuuBaN4ckfz8S3DkmXr4wrmj4QYbcSagXSB5YG8uccACrsKFzK5TxUPvB,TP 30% / SL 15%,-0.06360489688737428
EqiFgyNw6kgrmYstWyrP8VjKhka7XEmKTZzHSmwpr1Zb,EqiFgy,in2XHieoPDTn8KdVkZCwVdkTWNbvH3i5Xwk93aDpump,3kuMsHgGqxG9VwUXofV3TVz1EXfBy7GYuuBaN4ckfz8S3DkmXr4wrmj4QYbcSagXSB5YG8uccACrsKFzK5TxUPvB,TP 50% / SL 25%,-0.06360489688737428
EqiFgyNw6kgrmYstWyrP8VjKhka7XEmKTZzHSmwpr1Zb,EqiFgy,in2XHieoPDTn8KdVkZCwVdkTWNbvH3i5Xwk93aDpump,3kuMsHgGqxG9VwUXofV3TVz1EXfBy7GYuuBaN4ckfz8S3DkmXr4wrmj4QYbcSagXSB5YG8uccACrsKFzK5TxUPvB,TP 100% / SL 30%,-0.06360489688737428
G6fUXjMKPJzCY1rveAE6Qm7wy5U3vZgKDJmN1VPAdiZC,G6fUXj,259zMKd9Cej1Vp1kphJrWxzL2sSTK7XhgVXsaALWpump,3Mh7xxLuCygjby51rySsLgZkin8VQ7DoYJSX9mF81sKuTFJnsBcrf3PTjeYSqGrxhHoR4LDCCVWECfbYPh5xBz7g,follow wallet,-0.5902404326357649
G6fUXjMKPJzCY1rveAE6Qm7wy5U3vZgKDJmN1VPAdiZC,G6fUXj,259zMKd9Cej1Vp1kphJrWxzL2sSTK7XhgVXsaALWpump,3Mh7xxLuCygjby51rySsLgZkin8VQ7DoYJSX9mF81sKuTFJnsBcrf3PTjeYSqGrxhHoR4LDCCVWECfbYPh5xBz7g,hold 1 slots,-0.04899766804174686
G6fUXjMKPJzCY1rveAE6Qm7wy5U3vZgKDJmN1VPAdiZC,G6fUXj,259zMKd9Cej1Vp1kphJrWxzL2sSTK7XhgVXsaALWpump,3Mh7xxLuCygjby51rySsLgZkin8VQ7DoYJSX9mF81sKuTFJnsBcrf3PTjeYSqGrxhHoR4LDCCVWECfbYPh5xBz7g,hold 3 slots,-0.04899766804174686
G6fUXjMKPJzCY1rveAE6Qm7wy5U3vZgKDJmN1VPAdiZC,G6fUXj,259zMKd9Cej1Vp1kphJrWxzL2sSTK7XhgVXsaALWpump,3Mh7xxLuCygjby51rySsLgZkin8VQ7DoYJSX9mF81sKuTFJnsBcrf3PTjeYSqGrxhHoR4LDCCVWECfbYPh5xBz7g,hold 5 slots,-0.5902404326357649
G6fUXjMKPJzCY1rveAE6Qm7wy5U3vZgKDJmN1VPAdiZC,G6fUXj,259zMKd9Cej1Vp1kphJrWxzL2sSTK7XhgVXsaALWpump,3Mh7xxLuCygjby51rySsLgZkin8VQ7DoYJSX9mF81sKuTFJnsBcrf3PTjeYSqGrxhHoR4LDCCVWECfbYPh5xBz7g,hold 12 slots,-0.5890019629494415
G6fUXjMKPJzCY1rveAE6Qm7wy5U3vZgKDJmN1VPAdiZC,G6fUXj,259zMKd9Cej1Vp1kphJrWxzL2sSTK7XhgVXsaALWpump,3Mh7xxLuCygjby51rySsLgZkin8VQ7DoYJSX9mF81sKuTFJnsBcrf3PTjeYSqGrxhHoR4LDCCVWECfbYPh5xBz7g,hold 25 slots,-0.6142845499018926
G6fUXjMKPJzCY1rveAE6Qm7wy5U3vZgKDJmN1VPAdiZC,G6fUXj,259zMKd9Cej1Vp1kphJrWxzL2sSTK7XhgVXsaALWpump,3Mh7xxLuCygjby51rySsLgZkin8VQ7DoYJSX9mF81sKuTFJnsBcrf3PTjeYSqGrxhHoR4LDCCVWECfbYPh5xBz7g,hold 50 slots,-0.639227125046131
G6fUXjMKPJzCY1rveAE6Qm7wy5U3vZgKDJmN1VPAdiZC,G6fUXj,259zMKd9Cej1Vp1kphJrWxzL2sSTK7XhgVXsaALWpump,3Mh7xxLuCygjby51rySsLgZkin8VQ7DoYJSX9mF81sKuTFJnsBcrf3PTjeYSqGrxhHoR4LDCCVWECfbYPh5xBz7g,hold 75 slots,-0.639227125046131
G6fUXjMKPJzCY1rveAE6Qm7wy5U3vZgKDJmN1VPAdiZC,G6fUXj,259zMKd9Cej1Vp1kphJrWxzL2sSTK7XhgVXsaALWpump,3Mh7xxLuCygjby51rySsLgZkin8VQ7DoYJSX9mF81sKuTFJnsBcrf3PTjeYSqGrxhHoR4LDCCVWECfbYPh5xBz7g,hold 150 slots,-0.6557752590090241
G6fUXjMKPJzCY1rveAE6Qm7wy5U3vZgKDJmN1VPAdiZC,G6fUXj,259zMKd9Cej1Vp1kphJrWxzL2sSTK7XhgVXsaALWpump,3Mh7xxLuCygjby51rySsLgZkin8VQ7DoYJSX9mF81sKuTFJnsBcrf3PTjeYSqGrxhHoR4LDCCVWECfbYPh5xBz7g,TP 10% / SL 10%,-0.5902404326357649
G6fUXjMKPJzCY1rveAE6Qm7wy5U3vZgKDJmN1VPAdiZC,G6fUXj,259zMKd9Cej1Vp1kphJrWxzL2sSTK7XhgVXsaALWpump,3Mh7xxLuCygjby51rySsLgZkin8VQ7DoYJSX9mF81sKuTFJnsBcrf3PTjeYSqGrxhHoR4LDCCVWECfbYPh5xBz7g,TP 20% / SL 10%,-0.5902404326357649
G6fUXjMKPJzCY1rveAE6Qm7wy5U3vZgKDJmN1VPAdiZC,G6fUXj,259zMKd9Cej1Vp1kphJrWxzL2sSTK7XhgVXsaALWpump,3Mh7xxLuCygjby51rySsLgZkin8VQ7DoYJSX9mF81sKuTFJnsBcrf3PTjeYSqGrxhHoR4LDCCVWECfbYPh5xBz7g,TP 30% / SL 15%,-0.5902404326357649
G6fUXjMKPJzCY1rveAE6Qm7wy5U3vZgKDJmN1VPAdiZC,G6fUXj,259zMKd9Cej1Vp1kphJrWxzL2sSTK7XhgVXsaALWpump,3Mh7xxLuCygjby51rySsLgZkin8VQ7DoYJSX9mF81sKuTFJnsBcrf3PTjeYSqGrxhHoR4LDCCVWECfbYPh5xBz7g,TP 50% / SL 25%,-0.5902404326357649
G6fUXjMKPJzCY1rveAE6Qm7wy5U3vZgKDJmN1VPAdiZC,G6fUXj,259zMKd9Cej1Vp1kphJrWxzL2sSTK7XhgVXsaALWpump,3Mh7xxLuCygjby51rySsLgZkin8VQ7DoYJSX9mF81sKuTFJnsBcrf3PTjeYSqGrxhHoR4LDCCVWECfbYPh5xBz7g,TP 100% / SL 30%,-0.5902404326357649
EeXvxkcGqMDZeTaVeawzxm9mbzZwqDUMmfG3bF7uzumH,EeXvxk,65rJ4x6k8mwxobzvpbFhpWVLpfRSir3oEjtWeoSctZ1W,5Agz52KFDPNmRJDQ69BMw3kYJdr9jE4GPTBNNMyCNvRLDrzuFw5KQ8j4jbPwCjQVWxAhSa316i3qwAkAbnGbUYy7,hold 1 slots,-0.05733244820621157
EeXvxkcGqMDZeTaVeawzxm9mbzZwqDUMmfG3bF7uzumH,EeXvxk,65rJ4x6k8mwxobzvpbFhpWVLpfRSir3oEjtWeoSctZ1W,5Agz52KFDPNmRJDQ69BMw3kYJdr9jE4GPTBNNMyCNvRLDrzuFw5KQ8j4jbPwCjQVWxAhSa316i3qwAkAbnGbUYy7,hold 3 slots,-0.065879334612746
EeXvxkcGqMDZeTaVeawzxm9mbzZwqDUMmfG3bF7uzumH,EeXvxk,65rJ4x6k8mwxobzvpbFhpWVLpfRSir3oEjtWeoSctZ1W,5Agz52KFDPNmRJDQ69BMw3kYJdr9jE4GPTBNNMyCNvRLDrzuFw5KQ8j4jbPwCjQVWxAhSa316i3qwAkAbnGbUYy7,hold 5 slots,-0.065879334612746
EeXvxkcGqMDZeTaVeawzxm9mbzZwqDUMmfG3bF7uzumH,EeXvxk,65rJ4x6k8mwxobzvpbFhpWVLpfRSir3oEjtWeoSctZ1W,5Agz52KFDPNmRJDQ69BMw3kYJdr9jE4GPTBNNMyCNvRLDrzuFw5KQ8j4jbPwCjQVWxAhSa316i3qwAkAbnGbUYy7,hold 12 slots,0.02296530510202694
EeXvxkcGqMDZeTaVeawzxm9mbzZwqDUMmfG3bF7uzumH,EeXvxk,65rJ4x6k8mwxobzvpbFhpWVLpfRSir3oEjtWeoSctZ1W,5Agz52KFDPNmRJDQ69BMw3kYJdr9jE4GPTBNNMyCNvRLDrzuFw5KQ8j4jbPwCjQVWxAhSa316i3qwAkAbnGbUYy7,hold 25 slots,0.12897532998708366
EeXvxkcGqMDZeTaVeawzxm9mbzZwqDUMmfG3bF7uzumH,EeXvxk,65rJ4x6k8mwxobzvpbFhpWVLpfRSir3oEjtWeoSctZ1W,5Agz52KFDPNmRJDQ69BMw3kYJdr9jE4GPTBNNMyCNvRLDrzuFw5KQ8j4jbPwCjQVWxAhSa316i3qwAkAbnGbUYy7,hold 50 slots,0.2123902606954255
EeXvxkcGqMDZeTaVeawzxm9mbzZwqDUMmfG3bF7uzumH,EeXvxk,65rJ4x6k8mwxobzvpbFhpWVLpfRSir3oEjtWeoSctZ1W,5Agz52KFDPNmRJDQ69BMw3kYJdr9jE4GPTBNNMyCNvRLDrzuFw5KQ8j4jbPwCjQVWxAhSa316i3qwAkAbnGbUYy7,hold 75 slots,0.16235492327561044
EeXvxkcGqMDZeTaVeawzxm9mbzZwqDUMmfG3bF7uzumH,EeXvxk,65rJ4x6k8mwxobzvpbFhpWVLpfRSir3oEjtWeoSctZ1W,5Agz52KFDPNmRJDQ69BMw3kYJdr9jE4GPTBNNMyCNvRLDrzuFw5KQ8j4jbPwCjQVWxAhSa316i3qwAkAbnGbUYy7,hold 150 slots,0.4165497175196874
EeXvxkcGqMDZeTaVeawzxm9mbzZwqDUMmfG3bF7uzumH,EeXvxk,65rJ4x6k8mwxobzvpbFhpWVLpfRSir3oEjtWeoSctZ1W,5Agz52KFDPNmRJDQ69BMw3kYJdr9jE4GPTBNNMyCNvRLDrzuFw5KQ8j4jbPwCjQVWxAhSa316i3qwAkAbnGbUYy7,TP 10% / SL 10%,0.12897532998708366
EeXvxkcGqMDZeTaVeawzxm9mbzZwqDUMmfG3bF7uzumH,EeXvxk,65rJ4x6k8mwxobzvpbFhpWVLpfRSir3oEjtWeoSctZ1W,5Agz52KFDPNmRJDQ69BMw3kYJdr9jE4GPTBNNMyCNvRLDrzuFw5KQ8j4jbPwCjQVWxAhSa316i3qwAkAbnGbUYy7,TP 20% / SL 10%,0.2123902606954255
EeXvxkcGqMDZeTaVeawzxm9mbzZwqDUMmfG3bF7uzumH,EeXvxk,65rJ4x6k8mwxobzvpbFhpWVLpfRSir3oEjtWeoSctZ1W,5Agz52KFDPNmRJDQ69BMw3kYJdr9jE4GPTBNNMyCNvRLDrzuFw5KQ8j4jbPwCjQVWxAhSa316i3qwAkAbnGbUYy7,TP 30% / SL 15%,0.30263151013906503
EeXvxkcGqMDZeTaVeawzxm9mbzZwqDUMmfG3bF7uzumH,EeXvxk,65rJ4x6k8mwxobzvpbFhpWVLpfRSir3oEjtWeoSctZ1W,5Agz52KFDPNmRJDQ69BMw3kYJdr9jE4GPTBNNMyCNvRLDrzuFw5KQ8j4jbPwCjQVWxAhSa316i3qwAkAbnGbUYy7,TP 50% / SL 25%,0.4165497175196874
EeXvxkcGqMDZeTaVeawzxm9mbzZwqDUMmfG3bF7uzumH,EeXvxk,65rJ4x6k8mwxobzvpbFhpWVLpfRSir3oEjtWeoSctZ1W,5Agz52KFDPNmRJDQ69BMw3kYJdr9jE4GPTBNNMyCNvRLDrzuFw5KQ8j4jbPwCjQVWxAhSa316i3qwAkAbnGbUYy7,TP 100% / SL 30%,0.4165497175196874
EeXvxkcGqMDZeTaVeawzxm9mbzZwqDUMmfG3bF7uzumH,EeXvxk,HA88JTqnhSizNWHRYSFV61XfXJTbDxnUD8ija6gRYG3s,ehTdBj8e9WRFLZa8zLAk3hPvJRjAV8w2j7DmQjzty7SBqF1SEkHZ32fQCtLuebM1K2HYQ3URa73rUgAuHuNBXBk,follow wallet,-0.1724487555945282
EeXvxkcGqMDZeTaVeawzxm9mbzZwqDUMmfG3bF7uzumH,EeXvxk,HA88JTqnhSizNWHRYSFV61XfXJTbDxnUD8ija6gRYG3s,ehTdBj8e9WRFLZa8zLAk3hPvJRjAV8w2j7DmQjzty7SBqF1SEkHZ32fQCtLuebM1K2HYQ3URa73rUgAuHuNBXBk,hold 1 slots,-0.05496312378992796
EeXvxkcGqMDZeTaVeawzxm9mbzZwqDUMmfG3bF7uzumH,EeXvxk,HA88JTqnhSizNWHRYSFV61XfXJTbDxnUD8ija6gRYG3s,ehTdBj8e9WRFLZa8zLAk3hPvJRjAV8w2j7DmQjzty7SBqF1SEkHZ32fQCtLuebM1K2HYQ3URa73rUgAuHuNBXBk,hold 3 slots,-0.05104932668329954
EeXvxkcGqMDZeTaVeawzxm9mbzZwqDUMmfG3bF7uzumH,EeXvxk,HA88JTqnhSizNWHRYSFV61XfXJTbDxnUD8ija6gRYG3s,ehTdBj8e9WRFLZa8zLAk3hPvJRjAV8w2j7DmQjzty7SBqF1SEkHZ32fQCtLuebM1K2HYQ3URa73rUgAuHuNBXBk,hold 5 slots,-0.05104932668329954
EeXvxkcGqMDZeTaVeawzxm9mbzZwqDUMmfG3bF7uzumH,EeXvxk,HA88JTqnhSizNWHRYSFV61XfXJTbDxnUD8ija6gRYG3s,ehTdBj8e9WRFLZa8zLAk3hPvJRjAV8w2j7DmQjzty7SBqF1SEkHZ32fQCtLuebM1K2HYQ3URa73rUgAuHuNBXBk,hold 12 slots,-0.02971371146084106
EeXvxkcGqMDZeTaVeawzxm9mbzZwqDUMmfG3bF7uzumH,EeXvxk,HA88JTqnhSizNWHRYSFV61XfXJTbDxnUD8ija6gRYG3s,ehTdBj8e9WRFLZa8zLAk3hPvJRjAV8w2j7DmQjzty7SBqF1SEkHZ32fQCtLuebM1K2HYQ3URa73rUgAuHuNBXBk,hold 25 slots,-0.014217425063178062
EeXvxkcGqMDZeTaVeawzxm9mbzZwqDUMmfG3bF7uzumH,EeXvxk,HA88JTqnhSizNWHRYSFV61XfXJTbDxnUD8ija6gRYG3s,ehTdBj8e9WRFLZa8zLAk3hPvJRjAV8w2j7DmQjzty7SBqF1SEkHZ32fQCtLuebM1K2HYQ3URa73rUgAuHuNBXBk,hold 50 slots,-0.014217425063178062
EeXvxkcGqMDZeTaVeawzxm9mbzZwqDUMmfG3bF7uzumH,EeXvxk,HA88JTqnhSizNWHRYSFV61XfXJTbDxnUD8ija6gRYG3s,ehTdBj8e9WRFLZa8zLAk3hPvJRjAV8w2j7DmQjzty7SBqF1SEkHZ32fQCtLuebM1K2HYQ3URa73rUgAuHuNBXBk,hold 75 slots,-0.018577201739537953
EeXvxkcGqMDZeTaVeawzxm9mbzZwqDUMmfG3bF7uzumH,EeXvxk,HA88JTqnhSizNWHRYSFV61XfXJTbDxnUD8ija6gRYG3s,ehTdBj8e9WRFLZa8zLAk3hPvJRjAV8w2j7DmQjzty7SBqF1SEkHZ32fQCtLuebM1K2HYQ3URa73rUgAuHuNBXBk,hold 150 slots,0.013676240996677278
EeXvxkcGqMDZeTaVeawzxm9mbzZwqDUMmfG3bF7uzumH,EeXvxk,HA88JTqnhSizNWHRYSFV61XfXJTbDxnUD8ija6gRYG3s,ehTdBj8e9WRFLZa8zLAk3hPvJRjAV8w2j7DmQjzty7SBqF1SEkHZ32fQCtLuebM1K2HYQ3URa73rUgAuHuNBXBk,TP 10% / SL 10%,0.013676240996677278
EeXvxkcGqMDZeTaVeawzxm9mbzZwqDUMmfG3bF7uzumH,EeXvxk,HA88JTqnhSizNWHRYSFV61XfXJTbDxnUD8ija6gRYG3s,ehTdBj8e9WRFLZa8zLAk3hPvJRjAV8w2j7DmQjzty7SBqF1SEkHZ32fQCtLuebM1K2HYQ3URa73rUgAuHuNBXBk,TP 20% / SL 10%,0.013676240996677278
EeXvxkcGqMDZeTaVeawzxm9mbzZwqDUMmfG3bF7uzumH,EeXvxk,HA88JTqnhSizNWHRYSFV61XfXJTbDxnUD8ija6gRYG3s,ehTdBj8e9WRFLZa8zLAk3hPvJRjAV8w2j7DmQjzty7SBqF1SEkHZ32fQCtLuebM1K2HYQ3URa73rUgAuHuNBXBk,TP 30% / SL 15%,0.013676240996677278
EeXvxkcGqMDZeTaVeawzxm9mbzZwqDUMmfG3bF7uzumH,EeXvxk,HA88JTqnhSizNWHRYSFV61XfXJTbDxnUD8ija6gRYG3s,ehTdBj8e9WRFLZa8zLAk3hPvJRjAV8w2j7DmQjzty7SBqF1SEkHZ32fQCtLuebM1K2HYQ3URa73rUgAuHuNBXBk,TP 50% / SL 25%,0.013676240996677278
EeXvxkcGqMDZeTaVeawzxm9mbzZwqDUMmfG3bF7uzumH,EeXvxk,HA88JTqnhSizNWHRYSFV61XfXJTbDxnUD8ija6gRYG3s,ehTdBj8e9WRFLZa8zLAk3hPvJRjAV8w2j7DmQjzty7SBqF1SEkHZ32fQCtLuebM1K2HYQ3URa73rUgAuHuNBXBk,TP 100% / SL 30%,0.013676240996677278
EeXvxkcGqMDZeTaVeawzxm9mbzZwqDUMmfG3bF7uzumH,EeXvxk,6QPfNXj5qebDs3gQVBfgEZZsb2LGan4k7QuLPQ5ppump,3SHLXRnUK1vME6t6vM8Fg2odJYw7iPzFCtsZFabsVkgUYXsktTN153Hd8RL98GJhZqSHXa3wBABxH4ScbhA4cNfx,follow wallet,0.03262327095956421
EeXvxkcGqMDZeTaVeawzxm9mbzZwqDUMmfG3bF7uzumH,EeXvxk,6QPfNXj5qebDs3gQVBfgEZZsb2LGan4k7QuLPQ5ppump,3SHLXRnUK1vME6t6vM8Fg2odJYw7iPzFCtsZFabsVkgUYXsktTN153Hd8RL98GJhZqSHXa3wBABxH4ScbhA4cNfx,hold 1 slots,-0.05587383554625797
EeXvxkcGqMDZeTaVeawzxm9mbzZwqDUMmfG3bF7uzumH,EeXvxk,6QPfNXj5qebDs3gQVBfgEZZsb2LGan4k7QuLPQ5ppump,3SHLXRnUK1vME6t6vM8Fg2odJYw7iPzFCtsZFabsVkgUYXsktTN153Hd8RL98GJhZqSHXa3wBABxH4ScbhA4cNfx,hold 3 slots,-0.055839024724816916
EeXvxkcGqMDZeTaVeawzxm9mbzZwqDUMmfG3bF7uzumH,EeXvxk,6QPfNXj5qebDs3gQVBfgEZZsb2LGan4k7QuLPQ5ppump,3SHLXRnUK1vME6t6vM8Fg2odJYw7iPzFCtsZFabsVkgUYXsktTN153Hd8RL98GJhZqSHXa3wBABxH4ScbhA4cNfx,hold 5 slots,-0.04217700095287109
EeXvxkcGqMDZeTaVeawzxm9mbzZwqDUMmfG3bF7uzumH,EeXvxk,6QPfNXj5qebDs3gQVBfgEZZsb2LGan4k7QuLPQ5ppump,3SHLXRnUK1vME6t6vM8Fg2odJYw7iPzFCtsZFabsVkgUYXsktTN153Hd8RL98GJhZqSHXa3wBABxH4ScbhA4cNfx,hold 12 slots,-0.08328810530510616
EeXvxkcGqMDZeTaVeawzxm9mbzZwqDUMmfG3bF7uzumH,EeXvxk,6QPfNXj5qebDs3gQVBfgEZZsb2LGan4k7QuLPQ5ppump,3SHLXRnUK1vME6t6vM8Fg2odJYw7iPzFCtsZFabsVkgUYXsktTN153Hd8RL98GJhZqSHXa3wBABxH4ScbhA4cNfx,hold 25 slots,-0.08328810530510616
EeXvxkcGqMDZeTaVeawzxm9mbzZwqDUMmfG3bF7uzumH,EeXvxk,6QPfNXj5qebDs3gQVBfgEZZsb2LGan4k7QuLPQ5ppump,3SHLXRnUK1vME6t6vM8Fg2odJYw7iPzFCtsZFabsVkgUYXsktTN153Hd8RL98GJhZqSHXa3wBABxH4ScbhA4cNfx,hold 50 slots,-0.08286878828885555
EeXvxkcGqMDZeTaVeawzxm9mbzZwqDUMmfG3bF7uzumH,EeXvxk,6QPfNXj5qebDs3gQVBfgEZZsb2LGan4k7QuLPQ5ppump,3SHLXRnUK1vME6t6vM8Fg2odJYw7iPzFCtsZFabsVkgUYXsktTN153Hd8RL98GJhZqSHXa3wBABxH4ScbhA4cNfx,hold 75 slots,-0.0961585816295123
EeXvxkcGqMDZeTaVeawzxm9mbzZwqDUMmfG3bF7uzumH,EeXvxk,6QPfNXj5qebDs3gQVBfgEZZsb2LGan4k7QuLPQ5ppump,3SHLXRnUK1vME6t6vM8Fg2odJYw7iPzFCtsZFabsVkgUYXsktTN153Hd8RL98GJhZqSHXa3wBABxH4ScbhA4cNfx,hold 150 slots,-0.11325131330150331
EeXvxkcGqMDZeTaVeawzxm9mbzZwqDUMmfG3bF7uzumH,EeXvxk,6QPfNXj5qebDs3gQVBfgEZZsb2LGan4k7QuLPQ5ppump,3SHLXRnUK1vME6t6vM8Fg2odJYw7iPzFCtsZFabsVkgUYXsktTN153Hd8RL98GJhZqSHXa3wBABxH4ScbhA4cNfx,TP 10% / SL 10%,-0.11325131330150331
EeXvxkcGqMDZeTaVeawzxm9mbzZwqDUMmfG3bF7uzumH,EeXvxk,6QPfNXj5qebDs3gQVBfgEZZsb2LGan4k7QuLPQ5ppump,3SHLXRnUK1vME6t6vM8Fg2odJYw7iPzFCtsZFabsVkgUYXsktTN153Hd8RL98GJhZqSHXa3wBABxH4ScbhA4cNfx,TP 20% / SL 10%,-0.11325131330150331
EeXvxkcGqMDZeTaVeawzxm9mbzZwqDUMmfG3bF7uzumH,EeXvxk,6QPfNXj5qebDs3gQVBfgEZZsb2LGan4k7QuLPQ5ppump,3SHLXRnUK1vME6t6vM8Fg2odJYw7iPzFCtsZFabsVkgUYXsktTN153Hd8RL98GJhZqSHXa3wBABxH4ScbhA4cNfx,TP 30% / SL 15%,-0.11325131330150331
EeXvxkcGqMDZeTaVeawzxm9mbzZwqDUMmfG3bF7uzumH,EeXvxk,6QPfNXj5qebDs3gQVBfgEZZsb2LGan4k7QuLPQ5ppump,3SHLXRnUK1vME6t6vM8Fg2odJYw7iPzFCtsZFabsVkgUYXsktTN153Hd8RL98GJhZqSHXa3wBABxH4ScbhA4cNfx,TP 50% / SL 25%,-0.11325131330150331
EeXvxkcGqMDZeTaVeawzxm9mbzZwqDUMmfG3bF7uzumH,EeXvxk,6QPfNXj5qebDs3gQVBfgEZZsb2LGan4k7QuLPQ5ppump,3SHLXRnUK1vME6t6vM8Fg2odJYw7iPzFCtsZFabsVkgUYXsktTN153Hd8RL98GJhZqSHXa3wBABxH4ScbhA4cNfx,TP 100% / SL 30%,-0.11325131330150331
EeXvxkcGqMDZeTaVeawzxm9mbzZwqDUMmfG3bF7uzumH,EeXvxk,F85QmR1WrdtdzedFh7ogR6mHtGqr9ZwDEBLkTVSqpump,5ZrgwrCnMnJ4Jq9LoZwdGTy9ncbM7BuQ71giHofPdZro7iU7bPB1qguMpyNNrUE4NvGDQ7c7515sNd9XKAJ44F3D,follow wallet,-0.2721208971637299
EeXvxkcGqMDZeTaVeawzxm9mbzZwqDUMmfG3bF7uzumH,EeXvxk,F85QmR1WrdtdzedFh7ogR6mHtGqr9ZwDEBLkTVSqpump,5ZrgwrCnMnJ4Jq9LoZwdGTy9ncbM7BuQ71giHofPdZro7iU7bPB1qguMpyNNrUE4NvGDQ7c7515sNd9XKAJ44F3D,hold 1 slots,-0.05878682218675172
EeXvxkcGqMDZeTaVeawzxm9mbzZwqDUMmfG3bF7uzumH,EeXvxk,F85QmR1WrdtdzedFh7ogR6mHtGqr9ZwDEBLkTVSqpump,5ZrgwrCnMnJ4Jq9LoZwdGTy9ncbM7BuQ71giHofPdZro7iU7bPB1qguMpyNNrUE4NvGDQ7c7515sNd9XKAJ44F3D,hold 3 slots,-0.07464435217929877
EeXvxkcGqMDZeTaVeawzxm9mbzZwqDUMmfG3bF7uzumH,EeXvxk,F85QmR1WrdtdzedFh7ogR6mHtGqr9ZwDEBLkTVSqpump,5ZrgwrCnMnJ4Jq9LoZwdGTy9ncbM7BuQ71giHofPdZro7iU7bPB1qguMpyNNrUE4NvGDQ7c7515sNd9XKAJ44F3D,hold 5 slots,-0.09758166487471068
EeXvxkcGqMDZeTaVeawzxm9mbzZwqDUMmfG3bF7uzumH,EeXvxk,F85QmR1WrdtdzedFh7ogR6mHtGqr9ZwDEBLkTVSqpump,5ZrgwrCnMnJ4Jq9LoZwdGTy9ncbM7BuQ71giHofPdZro7iU7bPB1qguMpyNNrUE4NvGDQ7c7515sNd9XKAJ44F3D,hold 12 slots,-0.20716556165772773
EeXvxkcGqMDZeTaVeawzxm9mbzZwqDUMmfG3bF7uzumH,EeXvxk,F85QmR1WrdtdzedFh7ogR6mHtGqr9ZwDEBLkTVSqpump,5ZrgwrCnMnJ4Jq9LoZwdGTy9ncbM7BuQ71giHofPdZro7iU7bPB1qguMpyNNrUE4NvGDQ7c7515sNd9XKAJ44F3D,hold 25 slots,-0.17080243726090574
EeXvxkcGqMDZeTaVeawzxm9mbzZwqDUMmfG3bF7uzumH,EeXvxk,F85QmR1WrdtdzedFh7ogR6mHtGqr9ZwDEBLkTVSqpump,5ZrgwrCnMnJ4Jq9LoZwdGTy9ncbM7BuQ71giHofPdZro7iU7bPB1qguMpyNNrUE4NvGDQ7c7515sNd9XKAJ44F3D,hold 50 slots,-0.08472809095785641
EeXvxkcGqMDZeTaVeawzxm9mbzZwqDUMmfG3bF7uzumH,EeXvxk,F85QmR1WrdtdzedFh7ogR6mHtGqr9ZwDEBLkTVSqpump,5ZrgwrCnMnJ4Jq9LoZwdGTy9ncbM7BuQ71giHofPdZro7iU7bPB1qguMpyNNrUE4NvGDQ7c7515sNd9XKAJ44F3D,hold 75 slots,-0.09705068587049437
EeXvxkcGqMDZeTaVeawzxm9mbzZwqDUMmfG3bF7uzumH,EeXvxk,F85QmR1WrdtdzedFh7ogR6mHtGqr9ZwDEBLkTVSqpump,5ZrgwrCnMnJ4Jq9LoZwdGTy9ncbM7BuQ71giHofPdZro7iU7bPB1qguMpyNNrUE4NvGDQ7c7515sNd9XKAJ44F3D,hold 150 slots,-0.1966277527394568
EeXvxkcGqMDZeTaVeawzxm9mbzZwqDUMmfG3bF7uzumH,EeXvxk,F85QmR1WrdtdzedFh7ogR6mHtGqr9ZwDEBLkTVSqpump,5ZrgwrCnMnJ4Jq9LoZwdGTy9ncbM7BuQ71giHofPdZro7iU7bPB1qguMpyNNrUE4NvGDQ7c7515sNd9XKAJ44F3D,TP 10% / SL 10%,-0.1209291770746069
EeXvxkcGqMDZeTaVeawzxm9mbzZwqDUMmfG3bF7uzumH,EeXvxk,F85QmR1WrdtdzedFh7ogR6mHtGqr9ZwDEBLkTVSqpump,5ZrgwrCnMnJ4Jq9LoZwdGTy9ncbM7BuQ71giHofPdZro7iU7bPB1qguMpyNNrUE4NvGDQ7c7515sNd9XKAJ44F3D,TP 20% / SL 10%,-0.1209291770746069
EeXvxkcGqMDZeTaVeawzxm9mbzZwqDUMmfG3bF7uzumH,EeXvxk,F85QmR1WrdtdzedFh7ogR6mHtGqr9ZwDEBLkTVSqpump,5ZrgwrCnMnJ4Jq9LoZwdGTy9ncbM7BuQ71giHofPdZro7iU7bPB1qguMpyNNrUE4NvGDQ7c7515sNd9XKAJ44F3D,TP 30% / SL 15%,-0.20716556165772773
EeXvxkcGqMDZeTaVeawzxm9mbzZwqDUMmfG3bF7uzumH,EeXvxk,F85QmR1WrdtdzedFh7ogR6mHtGqr9ZwDEBLkTVSqpump,5ZrgwrCnMnJ4Jq9LoZwdGTy9ncbM7BuQ71giHofPdZro7iU7bPB1qguMpyNNrUE4NvGDQ7c7515sNd9XKAJ44F3D,TP 50% / SL 25%,-0.1966277527394568
EeXvxkcGqMDZeTaVeawzxm9mbzZwqDUMmfG3bF7uzumH,EeXvxk,F85QmR1WrdtdzedFh7ogR6mHtGqr9ZwDEBLkTVSqpump,5ZrgwrCnMnJ4Jq9LoZwdGTy9ncbM7BuQ71giHofPdZro7iU7bPB1qguMpyNNrUE4NvGDQ7c7515sNd9XKAJ44F3D,TP 100% / SL 30%,-0.1966277527394568
EeXvxkcGqMDZeTaVeawzxm9mbzZwqDUMmfG3bF7uzumH,EeXvxk,7eEqEXTrYjG4FbVq2PXfxJVaSRp4ZnYcD4RM1KxQpump,5pjcSwy9eWVLuN4YgzAEUkt8jhpSc6ni1FvFoEhv8ZnRDocMvBZJV5RWpGqeYhXzoZMmUnQFHLofwGofRd1DTQ9h,follow wallet,-0.716924156788429
EeXvxkcGqMDZeTaVeawzxm9mbzZwqDUMmfG3bF7uzumH,EeXvxk,7eEqEXTrYjG4FbVq2PXfxJVaSRp4ZnYcD4RM1KxQpump,5pjcSwy9eWVLuN4YgzAEUkt8jhpSc6ni1FvFoEhv8ZnRDocMvBZJV5RWpGqeYhXzoZMmUnQFHLofwGofRd1DTQ9h,hold 1 slots,-0.052228842061971426
EeXvxkcGqMDZeTaVeawzxm9mbzZwqDUMmfG3bF7uzumH,EeXvxk,7eEqEXTrYjG4FbVq2PXfxJVaSRp4ZnYcD4RM1KxQpump,5pjcSwy9eWVLuN4YgzAEUkt8jhpSc6ni1FvFoEhv8ZnRDocMvBZJV5RWpGqeYhXzoZMmUnQFHLofwGofRd1DTQ9h,hold 3 slots,-0.04211489090531373
EeXvxkcGqMDZeTaVeawzxm9mbzZwqDUMmfG3bF7uzumH,EeXvxk,7eEqEXTrYjG4FbVq2PXfxJVaSRp4ZnYcD4RM1KxQpump,5pjcSwy9eWVLuN4YgzAEUkt8jhpSc6ni1FvFoEhv8ZnRDocMvBZJV5RWpGqeYhXzoZMmUnQFHLofwGofRd1DTQ9h,hold 5 slots,-0.03194784864163697
EeXvxkcGqMDZeTaVeawzxm9mbzZwqDUMmfG3bF7uzumH,EeXvxk,7eEqEXTrYjG4FbVq2PXfxJVaSRp4ZnYcD4RM1KxQpump,5pjcSwy9eWVLuN4YgzAEUkt8jhpSc6ni1FvFoEhv8ZnRDocMvBZJV5RWpGqeYhXzoZMmUnQFHLofwGofRd1DTQ9h,hold 12 slots,-0.010123625334819317
EeXvxkcGqMDZeTaVeawzxm9mbzZwqDUMmfG3bF7uzumH,EeXvxk,7eEqEXTrYjG4FbVq2PXfxJVaSRp4ZnYcD4RM1KxQpump,5pjcSwy9eWVLuN4YgzAEUkt8jhpSc6ni1FvFoEhv8ZnRDocMvBZJV5RWpGqeYhXzoZMmUnQFHLofwGofRd1DTQ9h,hold 25 slots,-0.03930802154832518
EeXvxkcGqMDZeTaVeawzxm9mbzZwqDUMmfG3bF7uzumH,EeXvxk,7eEqEXTrYjG4FbVq2PXfxJVaSRp4ZnYcD4RM1KxQpump,5pjcSwy9eWVLuN4YgzAEUkt8jhpSc6ni1FvFoEhv8ZnRDocMvBZJV5RWpGqeYhXzoZMmUnQFHLofwGofRd1DTQ9h,hold 50 slots,-0.05775931935746705
EeXvxkcGqMDZeTaVeawzxm9mbzZwqDUMmfG3bF7uzumH,EeXvxk,7eEqEXTrYjG4FbVq2PXfxJVaSRp4ZnYcD4RM1KxQpump,5pjcSwy9eWVLuN4YgzAEUkt8jhpSc6ni1FvFoEhv8ZnRDocMvBZJV5RWpGqeYhXzoZMmUnQFHLofwGofRd1DTQ9h,hold 75 slots,-0.2028355376414918
EeXvxkcGqMDZeTaVeawzxm9mbzZwqDUMmfG3bF7uzumH,EeXvxk,7eEqEXTrYjG4FbVq2PXfxJVaSRp4ZnYcD4RM1KxQpump,5pjcSwy9eWVLuN4YgzAEUkt8jhpSc6ni1FvFoEhv8ZnRDocMvBZJV5RWpGqeYhXzoZMmUnQFHLofwGofRd1DTQ9h,hold 150 slots,-0.15653178672506346
EeXvxkcGqMDZeTaVeawzxm9mbzZwqDUMmfG3bF7uzumH,EeXvxk,7eEqEXTrYjG4FbVq2PXfxJVaSRp4ZnYcD4RM1KxQpump,5pjcSwy9eWVLuN4YgzAEUkt8jhpSc6ni1FvFoEhv8ZnRDocMvBZJV5RWpGqeYhXzoZMmUnQFHLofwGofRd1DTQ9h,TP 10% / SL 10%,-0.2028355376414918
EeXvxkcGqMDZeTaVeawzxm9mbzZwqDUMmfG3bF7uzumH,EeXvxk,7eEqEXTrYjG4FbVq2PXfxJVaSRp4ZnYcD4RM1KxQpump,5pjcSwy9eWVLuN4YgzAEUkt8jhpSc6ni1FvFoEhv8ZnRDocMvBZJV5RWpGqeYhXzoZMmUnQFHLofwGofRd1DTQ9h,TP 20% / SL 10%,-0.2028355376414918
EeXvxkcGqMDZeTaVeawzxm9mbzZwqDUMmfG3bF7uzumH,EeXvxk,7eEqEXTrYjG4FbVq2PXfxJVaSRp4ZnYcD4RM1KxQpump,5pjcSwy9eWVLuN4YgzAEUkt8jhpSc6ni1FvFoEhv8ZnRDocMvBZJV5RWpGqeYhXzoZMmUnQFHLofwGofRd1DTQ9h,TP 30% / SL 15%,-0.2028355376414918
EeXvxkcGqMDZeTaVeawzxm9mbzZwqDUMmfG3bF7uzumH,EeXvxk,7eEqEXTrYjG4FbVq2PXfxJVaSRp4ZnYcD4RM1KxQpump,5pjcSwy9eWVLuN4YgzAEUkt8jhpSc6ni1FvFoEhv8ZnRDocMvBZJV5RWpGqeYhXzoZMmUnQFHLofwGofRd1DTQ9h,TP 50% / SL 25%,-0.15653178672506346
EeXvxkcGqMDZeTaVeawzxm9mbzZwqDUMmfG3bF7uzumH,EeXvxk,7eEqEXTrYjG4FbVq2PXfxJVaSRp4ZnYcD4RM1KxQpump,5pjcSwy9eWVLuN4YgzAEUkt8jhpSc6ni1FvFoEhv8ZnRDocMvBZJV5RWpGqeYhXzoZMmUnQFHLofwGofRd1DTQ9h,TP 100% / SL 30%,-0.15653178672506346
EDXHdSFdadFbYFFjxPXBqMe1kCEDFqpPu552uvp48HR8,EDXHdS,4fnbY3dmhuETKVPffZDG9ngJ2Us1BnKRvrQS6CpAqKUp,4XkxXvTCih6NHunPeZgm99uzaLrGBB2vCLHMabc3CRxYC2n8q2qpU9d4M1rFZHG2Bec8MCTcve9caDFtrZDqbdxy,follow wallet,-0.3506828809350995
EDXHdSFdadFbYFFjxPXBqMe1kCEDFqpPu552uvp48HR8,EDXHdS,4fnbY3dmhuETKVPffZDG9ngJ2Us1BnKRvrQS6CpAqKUp,4XkxXvTCih6NHunPeZgm99uzaLrGBB2vCLHMabc3CRxYC2n8q2qpU9d4M1rFZHG2Bec8MCTcve9caDFtrZDqbdxy,hold 1 slots,-0.12113627455665468
EDXHdSFdadFbYFFjxPXBqMe1kCEDFqpPu552uvp48HR8,EDXHdS,4fnbY3dmhuETKVPffZDG9ngJ2Us1BnKRvrQS6CpAqKUp,4XkxXvTCih6NHunPeZgm99uzaLrGBB2vCLHMabc3CRxYC2n8q2qpU9d4M1rFZHG2Bec8MCTcve9caDFtrZDqbdxy,hold 3 slots,-0.12113627455665468
EDXHdSFdadFbYFFjxPXBqMe1kCEDFqpPu552uvp48HR8,EDXHdS,4fnbY3dmhuETKVPffZDG9ngJ2Us1BnKRvrQS6CpAqKUp,4XkxXvTCih6NHunPeZgm99uzaLrGBB2vCLHMabc3CRxYC2n8q2qpU9d4M1rFZHG2Bec8MCTcve9caDFtrZDqbdxy,hold 5 slots,-0.134909739831131
EDXHdSFdadFbYFFjxPXBqMe1kCEDFqpPu552uvp48HR8,EDXHdS,4fnbY3dmhuETKVPffZDG9ngJ2Us1BnKRvrQS6CpAqKUp,4XkxXvTCih6NHunPeZgm99uzaLrGBB2vCLHMabc3CRxYC2n8q2qpU9d4M1rFZHG2Bec8MCTcve9caDFtrZDqbdxy,hold 12 slots,-0.1476619682710712
EDXHdSFdadFbYFFjxPXBqMe1kCEDFqpPu552uvp48HR8,EDXHdS,4fnbY3dmhuETKVPffZDG9ngJ2Us1BnKRvrQS6CpAqKUp,4XkxXvTCih6NHunPeZgm99uzaLrGBB2vCLHMabc3CRxYC2n8q2qpU9d4M1rFZHG2Bec8MCTcve9caDFtrZDqbdxy,hold 25 slots,-0.17418364388239754
EDXHdSFdadFbYFFjxPXBqMe1kCEDFqpPu552uvp48HR8,EDXHdS,4fnbY3dmhuETKVPffZDG9ngJ2Us1BnKRvrQS6CpAqKUp,4XkxXvTCih6NHunPeZgm99uzaLrGBB2vCLHMabc3CRxYC2n8q2qpU9d4M1rFZHG2Bec8MCTcve9caDFtrZDqbdxy,hold 50 slots,-0.3600782319574894
EDXHdSFdadFbYFFjxPXBqMe1kCEDFqpPu552uvp48HR8,EDXHdS,4fnbY3dmhuETKVPffZDG9ngJ2Us1BnKRvrQS6CpAqKUp,4XkxXvTCih6NHunPeZgm99uzaLrGBB2vCLHMabc3CRxYC2n8q2qpU9d4M1rFZHG2Bec8MCTcve9caDFtrZDqbdxy,hold 75 slots,-0.3616121528313894
EDXHdSFdadFbYFFjxPXBqMe1kCEDFqpPu552uvp48HR8,EDXHdS,4fnbY3dmhuETKVPffZDG9ngJ2Us1BnKRvrQS6CpAqKUp,4XkxXvTCih6NHunPeZgm99uzaLrGBB2vCLHMabc3CRxYC2n8q2qpU9d4M1rFZHG2Bec8MCTcve9caDFtrZDqbdxy,hold 150 slots,-0.3926052525792471
EDXHdSFdadFbYFFjxPXBqMe1kCEDFqpPu552uvp48HR8,EDXHdS,4fnbY3dmhuETKVPffZDG9ngJ2Us1BnKRvrQS6CpAqKUp,4XkxXvTCih6NHunPeZgm99uzaLrGBB2vCLHMabc3CRxYC2n8q2qpU9d4M1rFZHG2Bec8MCTcve9caDFtrZDqbdxy,TP 10% / SL 10%,-0.12113627455665468
EDXHdSFdadFbYFFjxPXBqMe1kCEDFqpPu552uvp48HR8,EDXHdS,4fnbY3dmhuETKVPffZDG9ngJ2Us1BnKRvrQS6CpAqKUp,4XkxXvTCih6NHunPeZgm99uzaLrGBB2vCLHMabc3CRxYC2n8q2qpU9d4M1rFZHG2Bec8MCTcve9caDFtrZDqbdxy,TP 20% / SL 10%,-0.12113627455665468
EDXHdSFdadFbYFFjxPXBqMe1kCEDFqpPu552uvp48HR8,EDXHdS,4fnbY3dmhuETKVPffZDG9ngJ2Us1BnKRvrQS6CpAqKUp,4XkxXvTCih6NHunPeZgm99uzaLrGBB2vCLHMabc3CRxYC2n8q2qpU9d4M1rFZHG2Bec8MCTcve9caDFtrZDqbdxy,TP 30% / SL 15%,-0.17418364388239754
EDXHdSFdadFbYFFjxPXBqMe1kCEDFqpPu552uvp48HR8,EDXHdS,4fnbY3dmhuETKVPffZDG9ngJ2Us1BnKRvrQS6CpAqKUp,4XkxXvTCih6NHunPeZgm99uzaLrGBB2vCLHMabc3CRxYC2n8q2qpU9d4M1rFZHG2Bec8MCTcve9caDFtrZDqbdxy,TP 50% / SL 25%,-0.3584501428506613
EDXHdSFdadFbYFFjxPXBqMe1kCEDFqpPu552uvp48HR8,EDXHdS,4fnbY3dmhuETKVPffZDG9ngJ2Us1BnKRvrQS6CpAqKUp,4XkxXvTCih6NHunPeZgm99uzaLrGBB2vCLHMabc3CRxYC2n8q2qpU9d4M1rFZHG2Bec8MCTcve9caDFtrZDqbdxy,TP 100% / SL 30%,-0.3584501428506613
EDXHdSFdadFbYFFjxPXBqMe1kCEDFqpPu552uvp48HR8,EDXHdS,5Xc17W3emCMhmYDm55D6zEXstnrqDMJxNoxaCgecHqLg,qhXS64hsKkgvQ9t3G5J3NBRYQmczew4sRKjZhXv84LQ5mUyaXWwvTtTTY5MqwigSxKSgY2EY3ZDbkyVKg6d4sQv,follow wallet,-0.18601476186810303
EDXHdSFdadFbYFFjxPXBqMe1kCEDFqpPu552uvp48HR8,EDXHdS,5Xc17W3emCMhmYDm55D6zEXstnrqDMJxNoxaCgecHqLg,qhXS64hsKkgvQ9t3G5J3NBRYQmczew4sRKjZhXv84LQ5mUyaXWwvTtTTY5MqwigSxKSgY2EY3ZDbkyVKg6d4sQv,hold 1 slots,0.027409449478188512
EDXHdSFdadFbYFFjxPXBqMe1kCEDFqpPu552uvp48HR8,EDXHdS,5Xc17W3emCMhmYDm55D6zEXstnrqDMJxNoxaCgecHqLg,qhXS64hsKkgvQ9t3G5J3NBRYQmczew4sRKjZhXv84LQ5mUyaXWwvTtTTY5MqwigSxKSgY2EY3ZDbkyVKg6d4sQv,hold 3 slots,0.024527745566004636
EDXHdSFdadFbYFFjxPXBqMe1kCEDFqpPu552uvp48HR8,EDXHdS,5Xc17W3emCMhmYDm55D6zEXstnrqDMJxNoxaCgecHqLg,qhXS64hsKkgvQ9t3G5J3NBRYQmczew4sRKjZhXv84LQ5mUyaXWwvTtTTY5MqwigSxKSgY2EY3ZDbkyVKg6d4sQv,hold 5 slots,0.024735614542166114
EDXHdSFdadFbYFFjxPXBqMe1kCEDFqpPu552uvp48HR8,EDXHdS,5Xc17W3emCMhmYDm55D6zEXstnrqDMJxNoxaCgecHqLg,qhXS64hsKkgvQ9t3G5J3NBRYQmczew4sRKjZhXv84LQ5mUyaXWwvTtTTY5MqwigSxKSgY2EY3ZDbkyVKg6d4sQv,hold 12 slots,0.018877362502625106
EDXHdSFdadFbYFFjxPXBqMe1kCEDFqpPu552uvp48HR8,EDXHdS,5Xc17W3emCMhmYDm55D6zEXstnrqDMJxNoxaCgecHqLg,qhXS64hsKkgvQ9t3G5J3NBRYQmczew4sRKjZhXv84LQ5mUyaXWwvTtTTY5MqwigSxKSgY2EY3ZDbkyVKg6d4sQv,hold 25 slots,-0.12386651015184022
EDXHdSFdadFbYFFjxPXBqMe1kCEDFqpPu552uvp48HR8,EDXHdS,5Xc17W3emCMhmYDm55D6zEXstnrqDMJxNoxaCgecHqLg,qhXS64hsKkgvQ9t3G5J3NBRYQmczew4sRKjZhXv84LQ5mUyaXWwvTtTTY5MqwigSxKSgY2EY3ZDbkyVKg6d4sQv,hold 50 slots,-0.12990178836182498
EDXHdSFdadFbYFFjxPXBqMe1kCEDFqpPu552uvp48HR8,EDXHdS,5Xc17W3emCMhmYDm55D6zEXstnrqDMJxNoxaCgecHqLg,qhXS64hsKkgvQ9t3G5J3NBRYQmczew4sRKjZhXv84LQ5mUyaXWwvTtTTY5MqwigSxKSgY2EY3ZDbkyVKg6d4sQv,hold 75 slots,-0.051517885190296056
EDXHdSFdadFbYFFjxPXBqMe1kCEDFqpPu552uvp48HR8,EDXHdS,5Xc17W3emCMhmYDm55D6zEXstnrqDMJxNoxaCgecHqLg,qhXS64hsKkgvQ9t3G5J3NBRYQmczew4sRKjZhXv84LQ5mUyaXWwvTtTTY5MqwigSxKSgY2EY3ZDbkyVKg6d4sQv,hold 150 slots,-0.45923731061335443
EDXHdSFdadFbYFFjxPXBqMe1kCEDFqpPu552uvp48HR8,EDXHdS,5Xc17W3emCMhmYDm55D6zEXstnrqDMJxNoxaCgecHqLg,qhXS64hsKkgvQ9t3G5J3NBRYQmczew4sRKjZhXv84LQ5mUyaXWwvTtTTY5MqwigSxKSgY2EY3ZDbkyVKg6d4sQv,TP 10% / SL 10%,-0.12386651015184022
EDXHdSFdadFbYFFjxPXBqMe1kCEDFqpPu552uvp48HR8,EDXHdS,5Xc17W3emCMhmYDm55D6zEXstnrqDMJxNoxaCgecHqLg,qhXS64hsKkgvQ9t3G5J3NBRYQmczew4sRKjZhXv84LQ5mUyaXWwvTtTTY5MqwigSxKSgY2EY3ZDbkyVKg6d4sQv,TP 20% / SL 10%,-0.12386651015184022
EDXHdSFdadFbYFFjxPXBqMe1kCEDFqpPu552uvp48HR8,EDXHdS,5Xc17W3emCMhmYDm55D6zEXstnrqDMJxNoxaCgecHqLg,qhXS64hsKkgvQ9t3G5J3NBRYQmczew4sRKjZhXv84LQ5mUyaXWwvTtTTY5MqwigSxKSgY2EY3ZDbkyVKg6d4sQv,TP 30% / SL 15%,-0.17680111325466918
EDXHdSFdadFbYFFjxPXBqMe1kCEDFqpPu552uvp48HR8,EDXHdS,5Xc17W3emCMhmYDm55D6zEXstnrqDMJxNoxaCgecHqLg,qhXS64hsKkgvQ9t3G5J3NBRYQmczew4sRKjZhXv84LQ5mUyaXWwvTtTTY5MqwigSxKSgY2EY3ZDbkyVKg6d4sQv,TP 50% / SL 25%,-0.45923731061335443
EDXHdSFdadFbYFFjxPXBqMe1kCEDFqpPu552uvp48HR8,EDXHdS,5Xc17W3emCMhmYDm55D6zEXstnrqDMJxNoxaCgecHqLg,qhXS64hsKkgvQ9t3G5J3NBRYQmczew4sRKjZhXv84LQ5mUyaXWwvTtTTY5MqwigSxKSgY2EY3ZDbkyVKg6d4sQv,TP 100% / SL 30%,-0.45923731061335443
EDXHdSFdadFbYFFjxPXBqMe1kCEDFqpPu552uvp48HR8,EDXHdS,GMHSWkhaGyEcB9nBfW5gHZ3Weoq5i1EZJhiEiB66HBud,3V6LdzrdkLt4CWrro8QeKwfkTcVjpDADfe47EJXEh9j5Amb8c5YiewNWjS8KuDkCdgxmL9XwBsvaGBGEWusCjnMe,follow wallet,-0.6595467515644885
EDXHdSFdadFbYFFjxPXBqMe1kCEDFqpPu552uvp48HR8,EDXHdS,GMHSWkhaGyEcB9nBfW5gHZ3Weoq5i1EZJhiEiB66HBud,3V6LdzrdkLt4CWrro8QeKwfkTcVjpDADfe47EJXEh9j5Amb8c5YiewNWjS8KuDkCdgxmL9XwBsvaGBGEWusCjnMe,hold 1 slots,-0.05173923210053587
EDXHdSFdadFbYFFjxPXBqMe1kCEDFqpPu552uvp48HR8,EDXHdS,GMHSWkhaGyEcB9nBfW5gHZ3Weoq5i1EZJhiEiB66HBud,3V6LdzrdkLt4CWrro8QeKwfkTcVjpDADfe47EJXEh9j5Amb8c5YiewNWjS8KuDkCdgxmL9XwBsvaGBGEWusCjnMe,hold 3 slots,-0.07165708292177486
EDXHdSFdadFbYFFjxPXBqMe1kCEDFqpPu552uvp48HR8,EDXHdS,GMHSWkhaGyEcB9nBfW5gHZ3Weoq5i1EZJhiEiB66HBud,3V6LdzrdkLt4CWrro8QeKwfkTcVjpDADfe47EJXEh9j5Amb8c5YiewNWjS8KuDkCdgxmL9XwBsvaGBGEWusCjnMe,hold 5 slots,-0.10287679639227545
EDXHdSFdadFbYFFjxPXBqMe1kCEDFqpPu552uvp48HR8,EDXHdS,GMHSWkhaGyEcB9nBfW5gHZ3Weoq5i1EZJhiEiB66HBud,3V6LdzrdkLt4CWrro8QeKwfkTcVjpDADfe47EJXEh9j5Amb8c5YiewNWjS8KuDkCdgxmL9XwBsvaGBGEWusCjnMe,hold 12 slots,-0.11173765139514899
EDXHdSFdadFbYFFjxPXBqMe1kCEDFqpPu552uvp48HR8,EDXHdS,GMHSWkhaGyEcB9nBfW5gHZ3Weoq5i1EZJhiEiB66HBud,3V6LdzrdkLt4CWrro8QeKwfkTcVjpDADfe47EJXEh9j5Amb8c5YiewNWjS8KuDkCdgxmL9XwBsvaGBGEWusCjnMe,hold 25 slots,-0.08788417523157965
EDXHdSFdadFbYFFjxPXBqMe1kCEDFqpPu552uvp48HR8,EDXHdS,GMHSWkhaGyEcB9nBfW5gHZ3Weoq5i1EZJhiEiB66HBud,3V6LdzrdkLt4CWrro8QeKwfkTcVjpDADfe47EJXEh9j5Amb8c5YiewNWjS8KuDkCdgxmL9XwBsvaGBGEWusCjnMe,hold 50 slots,-0.10721428804263555
EDXHdSFdadFbYFFjxPXBqMe1kCEDFqpPu552uvp48HR8,EDXHdS,GMHSWkhaGyEcB9nBfW5gHZ3Weoq5i1EZJhiEiB66HBud,3V6LdzrdkLt4CWrro8QeKwfkTcVjpDADfe47EJXEh9j5Amb8c5YiewNWjS8KuDkCdgxmL9XwBsvaGBGEWusCjnMe,hold 75 slots,-0.12938900407170284
EDXHdSFdadFbYFFjxPXBqMe1kCEDFqpPu552uvp48HR8,EDXHdS,GMHSWkhaGyEcB9nBfW5gHZ3Weoq5i1EZJhiEiB66HBud,3V6LdzrdkLt4CWrro8QeKwfkTcVjpDADfe47EJXEh9j5Amb8c5YiewNWjS8KuDkCdgxmL9XwBsvaGBGEWusCjnMe,hold 150 slots,-0.1709657493603076
EDXHdSFdadFbYFFjxPXBqMe1kCEDFqpPu552uvp48HR8,EDXHdS,GMHSWkhaGyEcB9nBfW5gHZ3Weoq5i1EZJhiEiB66HBud,3V6LdzrdkLt4CWrro8QeKwfkTcVjpDADfe47EJXEh9j5Amb8c5YiewNWjS8KuDkCdgxmL9XwBsvaGBGEWusCjnMe,TP 10% / SL 10%,-0.10287679639227545
EDXHdSFdadFbYFFjxPXBqMe1kCEDFqpPu552uvp48HR8,EDXHdS,GMHSWkhaGyEcB9nBfW5gHZ3Weoq5i1EZJhiEiB66HBud,3V6LdzrdkLt4CWrro8QeKwfkTcVjpDADfe47EJXEh9j5Amb8c5YiewNWjS8KuDkCdgxmL9XwBsvaGBGEWusCjnMe,TP 20% / SL 10%,-0.10287679639227545
EDXHdSFdadFbYFFjxPXBqMe1kCEDFqpPu552uvp48HR8,EDXHdS,GMHSWkhaGyEcB9nBfW5gHZ3Weoq5i1EZJhiEiB66HBud,3V6LdzrdkLt4CWrro8QeKwfkTcVjpDADfe47EJXEh9j5Amb8c5YiewNWjS8KuDkCdgxmL9XwBsvaGBGEWusCjnMe,TP 30% / SL 15%,-0.1727271258375025
EDXHdSFdadFbYFFjxPXBqMe1kCEDFqpPu552uvp48HR8,EDXHdS,GMHSWkhaGyEcB9nBfW5gHZ3Weoq5i1EZJhiEiB66HBud,3V6LdzrdkLt4CWrro8QeKwfkTcVjpDADfe47EJXEh9j5Amb8c5YiewNWjS8KuDkCdgxmL9XwBsvaGBGEWusCjnMe,TP 50% / SL 25%,-0.1709657493603076
EDXHdSFdadFbYFFjxPXBqMe1kCEDFqpPu552uvp48HR8,EDXHdS,GMHSWkhaGyEcB9nBfW5gHZ3Weoq5i1EZJhiEiB66HBud,3V6LdzrdkLt4CWrro8QeKwfkTcVjpDADfe47EJXEh9j5Amb8c5YiewNWjS8KuDkCdgxmL9XwBsvaGBGEWusCjnMe,TP 100% / SL 30%,-0.1709657493603076
BtMBMPkoNbnLF9Xn552guQq528KKXcsNBNNBre3oaQtr,BtMBMP,EPBmHsmKZ4LL8iL59qkvN8TwUtkrXuxdL2fsMN3efWrm,Pv5cs7ZbEiaHMZ6jJUce19LU1T58Ff8sH8GptjZ6iLrBuf5cQouRy5iVnhsj8mdBrSDwmxx27atepctgw8KSRdV,hold 1 slots,-0.034759359316547875
BtMBMPkoNbnLF9Xn552guQq528KKXcsNBNNBre3oaQtr,BtMBMP,EPBmHsmKZ4LL8iL59qkvN8TwUtkrXuxdL2fsMN3efWrm,Pv5cs7ZbEiaHMZ6jJUce19LU1T58Ff8sH8GptjZ6iLrBuf5cQouRy5iVnhsj8mdBrSDwmxx27atepctgw8KSRdV,hold 3 slots,-0.08439395086988771
BtMBMPkoNbnLF9Xn552guQq528KKXcsNBNNBre3oaQtr,BtMBMP,EPBmHsmKZ4LL8iL59qkvN8TwUtkrXuxdL2fsMN3efWrm,Pv5cs7ZbEiaHMZ6jJUce19LU1T58Ff8sH8GptjZ6iLrBuf5cQouRy5iVnhsj8mdBrSDwmxx27atepctgw8KSRdV,hold 5 slots,-0.056598811408133505
BtMBMPkoNbnLF9Xn552guQq528KKXcsNBNNBre3oaQtr,BtMBMP,EPBmHsmKZ4LL8iL59qkvN8TwUtkrXuxdL2fsMN3efWrm,Pv5cs7ZbEiaHMZ6jJUce19LU1T58Ff8sH8GptjZ6iLrBuf5cQouRy5iVnhsj8mdBrSDwmxx27atepctgw8KSRdV,hold 12 slots,-0.06004795389162838
BtMBMPkoNbnLF9Xn552guQq528KKXcsNBNNBre3oaQtr,BtMBMP,EPBmHsmKZ4LL8iL59qkvN8TwUtkrXuxdL2fsMN3efWrm,Pv5cs7ZbEiaHMZ6jJUce19LU1T58Ff8sH8GptjZ6iLrBuf5cQouRy5iVnhsj8mdBrSDwmxx27atepctgw8KSRdV,hold 25 slots,-0.09962532531771184
BtMBMPkoNbnLF9Xn552guQq528KKXcsNBNNBre3oaQtr,BtMBMP,EPBmHsmKZ4LL8iL59qkvN8TwUtkrXuxdL2fsMN3efWrm,Pv5cs7ZbEiaHMZ6jJUce19LU1T58Ff8sH8GptjZ6iLrBuf5cQouRy5iVnhsj8mdBrSDwmxx27atepctgw8KSRdV,hold 50 slots,-0.17519380089534248
BtMBMPkoNbnLF9Xn552guQq528KKXcsNBNNBre3oaQtr,BtMBMP,EPBmHsmKZ4LL8iL59qkvN8TwUtkrXuxdL2fsMN3efWrm,Pv5cs7ZbEiaHMZ6jJUce19LU1T58Ff8sH8GptjZ6iLrBuf5cQouRy5iVnhsj8mdBrSDwmxx27atepctgw8KSRdV,hold 75 slots,-0.16213783411088445
BtMBMPkoNbnLF9Xn552guQq528KKXcsNBNNBre3oaQtr,BtMBMP,EPBmHsmKZ4LL8iL59qkvN8TwUtkrXuxdL2fsMN3efWrm,Pv5cs7ZbEiaHMZ6jJUce19LU1T58Ff8sH8GptjZ6iLrBuf5cQouRy5iVnhsj8mdBrSDwmxx27atepctgw8KSRdV,hold 150 slots,-0.20779594367274726
BtMBMPkoNbnLF9Xn552guQq528KKXcsNBNNBre3oaQtr,BtMBMP,EPBmHsmKZ4LL8iL59qkvN8TwUtkrXuxdL2fsMN3efWrm,Pv5cs7ZbEiaHMZ6jJUce19LU1T58Ff8sH8GptjZ6iLrBuf5cQouRy5iVnhsj8mdBrSDwmxx27atepctgw8KSRdV,TP 10% / SL 10%,-0.1205609869907453
BtMBMPkoNbnLF9Xn552guQq528KKXcsNBNNBre3oaQtr,BtMBMP,EPBmHsmKZ4LL8iL59qkvN8TwUtkrXuxdL2fsMN3efWrm,Pv5cs7ZbEiaHMZ6jJUce19LU1T58Ff8sH8GptjZ6iLrBuf5cQouRy5iVnhsj8mdBrSDwmxx27atepctgw8KSRdV,TP 20% / SL 10%,-0.1205609869907453
BtMBMPkoNbnLF9Xn552guQq528KKXcsNBNNBre3oaQtr,BtMBMP,EPBmHsmKZ4LL8iL59qkvN8TwUtkrXuxdL2fsMN3efWrm,Pv5cs7ZbEiaHMZ6jJUce19LU1T58Ff8sH8GptjZ6iLrBuf5cQouRy5iVnhsj8mdBrSDwmxx27atepctgw8KSRdV,TP 30% / SL 15%,-0.17519380089534248
BtMBMPkoNbnLF9Xn552guQq528KKXcsNBNNBre3oaQtr,BtMBMP,EPBmHsmKZ4LL8iL59qkvN8TwUtkrXuxdL2fsMN3efWrm,Pv5cs7ZbEiaHMZ6jJUce19LU1T58Ff8sH8GptjZ6iLrBuf5cQouRy5iVnhsj8mdBrSDwmxx27atepctgw8KSRdV,TP 50% / SL 25%,-0.20779594367274726
BtMBMPkoNbnLF9Xn552guQq528KKXcsNBNNBre3oaQtr,BtMBMP,EPBmHsmKZ4LL8iL59qkvN8TwUtkrXuxdL2fsMN3efWrm,Pv5cs7ZbEiaHMZ6jJUce19LU1T58Ff8sH8GptjZ6iLrBuf5cQouRy5iVnhsj8mdBrSDwmxx27atepctgw8KSRdV,TP 100% / SL 30%,-0.20779594367274726
BtMBMPkoNbnLF9Xn552guQq528KKXcsNBNNBre3oaQtr,BtMBMP,4sgExmEtqks8GCnHTJAMt6tLb6VWkMSPkqssNcXZELHE,5JjJAqDTo7nMTt1vs83iTVDRtpojypJZVtghRynBAYkSt5VitGD5SmXUXMJt2cinZZSukLcoFmcxXbvQVMsH193z,follow wallet,0.010393683236242054
BtMBMPkoNbnLF9Xn552guQq528KKXcsNBNNBre3oaQtr,BtMBMP,4sgExmEtqks8GCnHTJAMt6tLb6VWkMSPkqssNcXZELHE,5JjJAqDTo7nMTt1vs83iTVDRtpojypJZVtghRynBAYkSt5VitGD5SmXUXMJt2cinZZSukLcoFmcxXbvQVMsH193z,hold 1 slots,0.05690478549637878
BtMBMPkoNbnLF9Xn552guQq528KKXcsNBNNBre3oaQtr,BtMBMP,4sgExmEtqks8GCnHTJAMt6tLb6VWkMSPkqssNcXZELHE,5JjJAqDTo7nMTt1vs83iTVDRtpojypJZVtghRynBAYkSt5VitGD5SmXUXMJt2cinZZSukLcoFmcxXbvQVMsH193z,hold 3 slots,0.030231380547919275
BtMBMPkoNbnLF9Xn552guQq528KKXcsNBNNBre3oaQtr,BtMBMP,4sgExmEtqks8GCnHTJAMt6tLb6VWkMSPkqssNcXZELHE,5JjJAqDTo7nMTt1vs83iTVDRtpojypJZVtghRynBAYkSt5VitGD5SmXUXMJt2cinZZSukLcoFmcxXbvQVMsH193z,hold 5 slots,-0.020740222592714908
BtMBMPkoNbnLF9Xn552guQq528KKXcsNBNNBre3oaQtr,BtMBMP,4sgExmEtqks8GCnHTJAMt6tLb6VWkMSPkqssNcXZELHE,5JjJAqDTo7nMTt1vs83iTVDRtpojypJZVtghRynBAYkSt5VitGD5SmXUXMJt2cinZZSukLcoFmcxXbvQVMsH193z,hold 12 slots,-0.003119124712099076
BtMBMPkoNbnLF9Xn552guQq528KKXcsNBNNBre3oaQtr,BtMBMP,4sgExmEtqks8GCnHTJAMt6tLb6VWkMSPkqssNcXZELHE,5JjJAqDTo7nMTt1vs83iTVDRtpojypJZVtghRynBAYkSt5VitGD5SmXUXMJt2cinZZSukLcoFmcxXbvQVMsH193z,hold 25 slots,0.3003753180590167
BtMBMPkoNbnLF9Xn552guQq528KKXcsNBNNBre3oaQtr,BtMBMP,4sgExmEtqks8GCnHTJAMt6tLb6VWkMSPkqssNcXZELHE,5JjJAqDTo7nMTt1vs83iTVDRtpojypJZVtghRynBAYkSt5VitGD5SmXUXMJt2cinZZSukLcoFmcxXbvQVMsH193z,hold 50 slots,-0.16801471969427192
BtMBMPkoNbnLF9Xn552guQq528KKXcsNBNNBre3oaQtr,BtMBMP,4sgExmEtqks8GCnHTJAMt6tLb6VWkMSPkqssNcXZELHE,5JjJAqDTo7nMTt1vs83iTVDRtpojypJZVtghRynBAYkSt5VitGD5SmXUXMJt2cinZZSukLcoFmcxXbvQVMsH193z,hold 75 slots,-0.037662176699035044
BtMBMPkoNbnLF9Xn552guQq528KKXcsNBNNBre3oaQtr,BtMBMP,4sgExmEtqks8GCnHTJAMt6tLb6VWkMSPkqssNcXZELHE,5JjJAqDTo7nMTt1vs83iTVDRtpojypJZVtghRynBAYkSt5VitGD5SmXUXMJt2cinZZSukLcoFmcxXbvQVMsH193z,hold 150 slots,-0.2585401278869336
BtMBMPkoNbnLF9Xn552guQq528KKXcsNBNNBre3oaQtr,BtMBMP,4sgExmEtqks8GCnHTJAMt6tLb6VWkMSPkqssNcXZELHE,5JjJAqDTo7nMTt1vs83iTVDRtpojypJZVtghRynBAYkSt5VitGD5SmXUXMJt2cinZZSukLcoFmcxXbvQVMsH193z,TP 10% / SL 10%,-0.15776729497376718
BtMBMPkoNbnLF9Xn552guQq528KKXcsNBNNBre3oaQtr,BtMBMP,4sgExmEtqks8GCnHTJAMt6tLb6VWkMSPkqssNcXZELHE,5JjJAqDTo7nMTt1vs83iTVDRtpojypJZVtghRynBAYkSt5VitGD5SmXUXMJt2cinZZSukLcoFmcxXbvQVMsH193z,TP 20% / SL 10%,-0.15776729497376718
BtMBMPkoNbnLF9Xn552guQq528KKXcsNBNNBre3oaQtr,BtMBMP,4sgExmEtqks8GCnHTJAMt6tLb6VWkMSPkqssNcXZELHE,5JjJAqDTo7nMTt1vs83iTVDRtpojypJZVtghRynBAYkSt5VitGD5SmXUXMJt2cinZZSukLcoFmcxXbvQVMsH193z,TP 30% / SL 15%,-0.15776729497376718
BtMBMPkoNbnLF9Xn552guQq528KKXcsNBNNBre3oaQtr,BtMBMP,4sgExmEtqks8GCnHTJAMt6tLb6VWkMSPkqssNcXZELHE,5JjJAqDTo7nMTt1vs83iTVDRtpojypJZVtghRynBAYkSt5VitGD5SmXUXMJt2cinZZSukLcoFmcxXbvQVMsH193z,TP 50% / SL 25%,-0.28399608016859745
BtMBMPkoNbnLF9Xn552guQq528KKXcsNBNNBre3oaQtr,BtMBMP,4sgExmEtqks8GCnHTJAMt6tLb6VWkMSPkqssNcXZELHE,5JjJAqDTo7nMTt1vs83iTVDRtpojypJZVtghRynBAYkSt5VitGD5SmXUXMJt2cinZZSukLcoFmcxXbvQVMsH193z,TP 100% / SL 30%,-0.2585401278869336
BtMBMPkoNbnLF9Xn552guQq528KKXcsNBNNBre3oaQtr,BtMBMP,ECamzinc8fSwzDAw2uXnLd271HuL58aDAevhThZbzqa7,3qYt2huVxYkKAswEqm14XnNZA1M5QsmD2E16QVHZFTK6fsNDLGSa1oyiJrEJF6Gmm9EEELeNY7FmHde72eKUzziZ,follow wallet,0.1186859114605193
BtMBMPkoNbnLF9Xn552guQq528KKXcsNBNNBre3oaQtr,BtMBMP,ECamzinc8fSwzDAw2uXnLd271HuL58aDAevhThZbzqa7,3qYt2huVxYkKAswEqm14XnNZA1M5QsmD2E16QVHZFTK6fsNDLGSa1oyiJrEJF6Gmm9EEELeNY7FmHde72eKUzziZ,hold 1 slots,-0.00275181415012455
BtMBMPkoNbnLF9Xn552guQq528KKXcsNBNNBre3oaQtr,BtMBMP,ECamzinc8fSwzDAw2uXnLd271HuL58aDAevhThZbzqa7,3qYt2huVxYkKAswEqm14XnNZA1M5QsmD2E16QVHZFTK6fsNDLGSa1oyiJrEJF6Gmm9EEELeNY7FmHde72eKUzziZ,hold 3 slots,-0.004220196285715938
BtMBMPkoNbnLF9Xn552guQq528KKXcsNBNNBre3oaQtr,BtMBMP,ECamzinc8fSwzDAw2uXnLd271HuL58aDAevhThZbzqa7,3qYt2huVxYkKAswEqm14XnNZA1M5QsmD2E16QVHZFTK6fsNDLGSa1oyiJrEJF6Gmm9EEELeNY7FmHde72eKUzziZ,hold 5 slots,0.012738963871445894
BtMBMPkoNbnLF9Xn552guQq528KKXcsNBNNBre3oaQtr,BtMBMP,ECamzinc8fSwzDAw2uXnLd271HuL58aDAevhThZbzqa7,3qYt2huVxYkKAswEqm14XnNZA1M5QsmD2E16QVHZFTK6fsNDLGSa1oyiJrEJF6Gmm9EEELeNY7FmHde72eKUzziZ,hold 12 slots,-0.005839417679751039
BtMBMPkoNbnLF9Xn552guQq528KKXcsNBNNBre3oaQtr,BtMBMP,ECamzinc8fSwzDAw2uXnLd271HuL58aDAevhThZbzqa7,3qYt2huVxYkKAswEqm14XnNZA1M5QsmD2E16QVHZFTK6fsNDLGSa1oyiJrEJF6Gmm9EEELeNY7FmHde72eKUzziZ,hold 25 slots,0.3210678013968317
BtMBMPkoNbnLF9Xn552guQq528KKXcsNBNNBre3oaQtr,BtMBMP,ECamzinc8fSwzDAw2uXnLd271HuL58aDAevhThZbzqa7,3qYt2huVxYkKAswEqm14XnNZA1M5QsmD2E16QVHZFTK6fsNDLGSa1oyiJrEJF6Gmm9EEELeNY7FmHde72eKUzziZ,hold 50 slots,0.24580057318821646
BtMBMPkoNbnLF9Xn552guQq528KKXcsNBNNBre3oaQtr,BtMBMP,ECamzinc8fSwzDAw2uXnLd271HuL58aDAevhThZbzqa7,3qYt2huVxYkKAswEqm14XnNZA1M5QsmD2E16QVHZFTK6fsNDLGSa1oyiJrEJF6Gmm9EEELeNY7FmHde72eKUzziZ,hold 75 slots,0.2663669502523596
BtMBMPkoNbnLF9Xn552guQq528KKXcsNBNNBre3oaQtr,BtMBMP,ECamzinc8fSwzDAw2uXnLd271HuL58aDAevhThZbzqa7,3qYt2huVxYkKAswEqm14XnNZA1M5QsmD2E16QVHZFTK6fsNDLGSa1oyiJrEJF6Gmm9EEELeNY7FmHde72eKUzziZ,hold 150 slots,0.3817690075211737
BtMBMPkoNbnLF9Xn552guQq528KKXcsNBNNBre3oaQtr,BtMBMP,ECamzinc8fSwzDAw2uXnLd271HuL58aDAevhThZbzqa7,3qYt2huVxYkKAswEqm14XnNZA1M5QsmD2E16QVHZFTK6fsNDLGSa1oyiJrEJF6Gmm9EEELeNY7FmHde72eKUzziZ,TP 10% / SL 10%,0.3210678013968317
BtMBMPkoNbnLF9Xn552guQq528KKXcsNBNNBre3oaQtr,BtMBMP,ECamzinc8fSwzDAw2uXnLd271HuL58aDAevhThZbzqa7,3qYt2huVxYkKAswEqm14XnNZA1M5QsmD2E16QVHZFTK6fsNDLGSa1oyiJrEJF6Gmm9EEELeNY7FmHde72eKUzziZ,TP 20% / SL 10%,0.3210678013968317
BtMBMPkoNbnLF9Xn552guQq528KKXcsNBNNBre3oaQtr,BtMBMP,ECamzinc8fSwzDAw2uXnLd271HuL58aDAevhThZbzqa7,3qYt2huVxYkKAswEqm14XnNZA1M5QsmD2E16QVHZFTK6fsNDLGSa1oyiJrEJF6Gmm9EEELeNY7FmHde72eKUzziZ,TP 30% / SL 15%,0.3210678013968317
BtMBMPkoNbnLF9Xn552guQq528KKXcsNBNNBre3oaQtr,BtMBMP,ECamzinc8fSwzDAw2uXnLd271HuL58aDAevhThZbzqa7,3qYt2huVxYkKAswEqm14XnNZA1M5QsmD2E16QVHZFTK6fsNDLGSa1oyiJrEJF6Gmm9EEELeNY7FmHde72eKUzziZ,TP 50% / SL 25%,0.3817690075211737
BtMBMPkoNbnLF9Xn552guQq528KKXcsNBNNBre3oaQtr,BtMBMP,ECamzinc8fSwzDAw2uXnLd271HuL58aDAevhThZbzqa7,3qYt2huVxYkKAswEqm14XnNZA1M5QsmD2E16QVHZFTK6fsNDLGSa1oyiJrEJF6Gmm9EEELeNY7FmHde72eKUzziZ,TP 100% / SL 30%,0.3817690075211737
BtMBMPkoNbnLF9Xn552guQq528KKXcsNBNNBre3oaQtr,BtMBMP,FZ3KHKiu2ktFjJqeGzQvpxAM2sRYjnMu9ePV1rJwpump,niKe9PvBUekMm27nKM3PhSjZYiDWnmySVnB8wnXjh5SZsLGDydwmGJJdDJkTYrcshkjBHAc32qN4VtByR6qbgEg,follow wallet,-0.15001368062034548
BtMBMPkoNbnLF9Xn552guQq528KKXcsNBNNBre3oaQtr,BtMBMP,FZ3KHKiu2ktFjJqeGzQvpxAM2sRYjnMu9ePV1rJwpump,niKe9PvBUekMm27nKM3PhSjZYiDWnmySVnB8wnXjh5SZsLGDydwmGJJdDJkTYrcshkjBHAc32qN4VtByR6qbgEg,hold 1 slots,0.060450416655742766
BtMBMPkoNbnLF9Xn552guQq528KKXcsNBNNBre3oaQtr,BtMBMP,FZ3KHKiu2ktFjJqeGzQvpxAM2sRYjnMu9ePV1rJwpump,niKe9PvBUekMm27nKM3PhSjZYiDWnmySVnB8wnXjh5SZsLGDydwmGJJdDJkTYrcshkjBHAc32qN4VtByR6qbgEg,hold 3 slots,0.060450416655742766
BtMBMPkoNbnLF9Xn552guQq528KKXcsNBNNBre3oaQtr,BtMBMP,FZ3KHKiu2ktFjJqeGzQvpxAM2sRYjnMu9ePV1rJwpump,niKe9PvBUekMm27nKM3PhSjZYiDWnmySVnB8wnXjh5SZsLGDydwmGJJdDJkTYrcshkjBHAc32qN4VtByR6qbgEg,hold 5 slots,0.0041922524487146146
BtMBMPkoNbnLF9Xn552guQq528KKXcsNBNNBre3oaQtr,BtMBMP,FZ3KHKiu2ktFjJqeGzQvpxAM2sRYjnMu9ePV1rJwpump,niKe9PvBUekMm27nKM3PhSjZYiDWnmySVnB8wnXjh5SZsLGDydwmGJJdDJkTYrcshkjBHAc32qN4VtByR6qbgEg,hold 12 slots,-0.15001368062034548
BtMBMPkoNbnLF9Xn552guQq528KKXcsNBNNBre3oaQtr,BtMBMP,FZ3KHKiu2ktFjJqeGzQvpxAM2sRYjnMu9ePV1rJwpump,niKe9PvBUekMm27nKM3PhSjZYiDWnmySVnB8wnXjh5SZsLGDydwmGJJdDJkTYrcshkjBHAc32qN4VtByR6qbgEg,hold 25 slots,-0.19719812658662236
BtMBMPkoNbnLF9Xn552guQq528KKXcsNBNNBre3oaQtr,BtMBMP,FZ3KHKiu2ktFjJqeGzQvpxAM2sRYjnMu9ePV1rJwpump,niKe9PvBUekMm27nKM3PhSjZYiDWnmySVnB8wnXjh5SZsLGDydwmGJJdDJkTYrcshkjBHAc32qN4VtByR6qbgEg,hold 50 slots,-0.4291255903615005
BtMBMPkoNbnLF9Xn552guQq528KKXcsNBNNBre3oaQtr,BtMBMP,FZ3KHKiu2ktFjJqeGzQvpxAM2sRYjnMu9ePV1rJwpump,niKe9PvBUekMm27nKM3PhSjZYiDWnmySVnB8wnXjh5SZsLGDydwmGJJdDJkTYrcshkjBHAc32qN4VtByR6qbgEg,hold 75 slots,-0.43050782336694005
BtMBMPkoNbnLF9Xn552guQq528KKXcsNBNNBre3oaQtr,BtMBMP,FZ3KHKiu2ktFjJqeGzQvpxAM2sRYjnMu9ePV1rJwpump,niKe9PvBUekMm27nKM3PhSjZYiDWnmySVnB8wnXjh5SZsLGDydwmGJJdDJkTYrcshkjBHAc32qN4VtByR6qbgEg,hold 150 slots,-0.43050782336694005
BtMBMPkoNbnLF9Xn552guQq528KKXcsNBNNBre3oaQtr,BtMBMP,FZ3KHKiu2ktFjJqeGzQvpxAM2sRYjnMu9ePV1rJwpump,niKe9PvBUekMm27nKM3PhSjZYiDWnmySVnB8wnXjh5SZsLGDydwmGJJdDJkTYrcshkjBHAc32qN4VtByR6qbgEg,TP 10% / SL 10%,-0.15001368062034548
BtMBMPkoNbnLF9Xn552guQq528KKXcsNBNNBre3oaQtr,BtMBMP,FZ3KHKiu2ktFjJqeGzQvpxAM2sRYjnMu9ePV1rJwpump,niKe9PvBUekMm27nKM3PhSjZYiDWnmySVnB8wnXjh5SZsLGDydwmGJJdDJkTYrcshkjBHAc32qN4VtByR6qbgEg,TP 20% / SL 10%,-0.15001368062034548
BtMBMPkoNbnLF9Xn552guQq528KKXcsNBNNBre3oaQtr,BtMBMP,FZ3KHKiu2ktFjJqeGzQvpxAM2sRYjnMu9ePV1rJwpump,niKe9PvBUekMm27nKM3PhSjZYiDWnmySVnB8wnXjh5SZsLGDydwmGJJdDJkTYrcshkjBHAc32qN4VtByR6qbgEg,TP 30% / SL 15%,-0.15001368062034548
BtMBMPkoNbnLF9Xn552guQq528KKXcsNBNNBre3oaQtr,BtMBMP,FZ3KHKiu2ktFjJqeGzQvpxAM2sRYjnMu9ePV1rJwpump,niKe9PvBUekMm27nKM3PhSjZYiDWnmySVnB8wnXjh5SZsLGDydwmGJJdDJkTYrcshkjBHAc32qN4VtByR6qbgEg,TP 50% / SL 25%,-0.40682524754030003
BtMBMPkoNbnLF9Xn552guQq528KKXcsNBNNBre3oaQtr,BtMBMP,FZ3KHKiu2ktFjJqeGzQvpxAM2sRYjnMu9ePV1rJwpump,niKe9PvBUekMm27nKM3PhSjZYiDWnmySVnB8wnXjh5SZsLGDydwmGJJdDJkTYrcshkjBHAc32qN4VtByR6qbgEg,TP 100% / SL 30%,-0.40682524754030003
BtMBMPkoNbnLF9Xn552guQq528KKXcsNBNNBre3oaQtr,BtMBMP,BGDTrDHo9TMvDFTUxKrd8iQfqEPX8KorJgzUp4c8pump,5w7G56C6qSwEAHor2XDoqtPaBpigewGxtL5BqU7pQK8LiMpdT2SxR9Bj87SuozgsRKFHwLnxcReqawow1Tjw4eQ9,follow wallet,-0.06266852859948241
BtMBMPkoNbnLF9Xn552guQq528KKXcsNBNNBre3oaQtr,BtMBMP,BGDTrDHo9TMvDFTUxKrd8iQfqEPX8KorJgzUp4c8pump,5w7G56C6qSwEAHor2XDoqtPaBpigewGxtL5BqU7pQK8LiMpdT2SxR9Bj87SuozgsRKFHwLnxcReqawow1Tjw4eQ9,hold 1 slots,-0.06266232938635957
BtMBMPkoNbnLF9Xn552guQq528KKXcsNBNNBre3oaQtr,BtMBMP,BGDTrDHo9TMvDFTUxKrd8iQfqEPX8KorJgzUp4c8pump,5w7G56C6qSwEAHor2XDoqtPaBpigewGxtL5BqU7pQK8LiMpdT2SxR9Bj87SuozgsRKFHwLnxcReqawow1Tjw4eQ9,hold 3 slots,-0.06266852859948241
BtMBMPkoNbnLF9Xn552guQq528KKXcsNBNNBre3oaQtr,BtMBMP,BGDTrDHo9TMvDFTUxKrd8iQfqEPX8KorJgzUp4c8pump,5w7G56C6qSwEAHor2XDoqtPaBpigewGxtL5BqU7pQK8LiMpdT2SxR9Bj87SuozgsRKFHwLnxcReqawow1Tjw4eQ9,hold 5 slots,-0.06266852859948241
BtMBMPkoNbnLF9Xn552guQq528KKXcsNBNNBre3oaQtr,BtMBMP,BGDTrDHo9TMvDFTUxKrd8iQfqEPX8KorJgzUp4c8pump,5w7G56C6qSwEAHor2XDoqtPaBpigewGxtL5BqU7pQK8LiMpdT2SxR9Bj87SuozgsRKFHwLnxcReqawow1Tjw4eQ9,hold 12 slots,-0.06266852859948241
BtMBMPkoNbnLF9Xn552guQq528KKXcsNBNNBre3oaQtr,BtMBMP,BGDTrDHo9TMvDFTUxKrd8iQfqEPX8KorJgzUp4c8pump,5w7G56C6qSwEAHor2XDoqtPaBpigewGxtL5BqU7pQK8LiMpdT2SxR9Bj87SuozgsRKFHwLnxcReqawow1Tjw4eQ9,hold 25 slots,-0.06266852859948241
BtMBMPkoNbnLF9Xn552guQq528KKXcsNBNNBre3oaQtr,BtMBMP,BGDTrDHo9TMvDFTUxKrd8iQfqEPX8KorJgzUp4c8pump,5w7G56C6qSwEAHor2XDoqtPaBpigewGxtL5BqU7pQK8LiMpdT2SxR9Bj87SuozgsRKFHwLnxcReqawow1Tjw4eQ9,hold 50 slots,-0.06266852859948241
BtMBMPkoNbnLF9Xn552guQq528KKXcsNBNNBre3oaQtr,BtMBMP,BGDTrDHo9TMvDFTUxKrd8iQfqEPX8KorJgzUp4c8pump,5w7G56C6qSwEAHor2XDoqtPaBpigewGxtL5BqU7pQK8LiMpdT2SxR9Bj87SuozgsRKFHwLnxcReqawow1Tjw4eQ9,hold 75 slots,-0.06266852859948241
BtMBMPkoNbnLF9Xn552guQq528KKXcsNBNNBre3oaQtr,BtMBMP,BGDTrDHo9TMvDFTUxKrd8iQfqEPX8KorJgzUp4c8pump,5w7G56C6qSwEAHor2XDoqtPaBpigewGxtL5BqU7pQK8LiMpdT2SxR9Bj87SuozgsRKFHwLnxcReqawow1Tjw4eQ9,hold 150 slots,-0.06266852859948241
BtMBMPkoNbnLF9Xn552guQq528KKXcsNBNNBre3oaQtr,BtMBMP,BGDTrDHo9TMvDFTUxKrd8iQfqEPX8KorJgzUp4c8pump,5w7G56C6qSwEAHor2XDoqtPaBpigewGxtL5BqU7pQK8LiMpdT2SxR9Bj87SuozgsRKFHwLnxcReqawow1Tjw4eQ9,TP 10% / SL 10%,-0.06266852859948241
BtMBMPkoNbnLF9Xn552guQq528KKXcsNBNNBre3oaQtr,BtMBMP,BGDTrDHo9TMvDFTUxKrd8iQfqEPX8KorJgzUp4c8pump,5w7G56C6qSwEAHor2XDoqtPaBpigewGxtL5BqU7pQK8LiMpdT2SxR9Bj87SuozgsRKFHwLnxcReqawow1Tjw4eQ9,TP 20% / SL 10%,-0.06266852859948241
BtMBMPkoNbnLF9Xn552guQq528KKXcsNBNNBre3oaQtr,BtMBMP,BGDTrDHo9TMvDFTUxKrd8iQfqEPX8KorJgzUp4c8pump,5w7G56C6qSwEAHor2XDoqtPaBpigewGxtL5BqU7pQK8LiMpdT2SxR9Bj87SuozgsRKFHwLnxcReqawow1Tjw4eQ9,TP 30% / SL 15%,-0.06266852859948241
BtMBMPkoNbnLF9Xn552guQq528KKXcsNBNNBre3oaQtr,BtMBMP,BGDTrDHo9TMvDFTUxKrd8iQfqEPX8KorJgzUp4c8pump,5w7G56C6qSwEAHor2XDoqtPaBpigewGxtL5BqU7pQK8LiMpdT2SxR9Bj87SuozgsRKFHwLnxcReqawow1Tjw4eQ9,TP 50% / SL 25%,-0.06266852859948241
BtMBMPkoNbnLF9Xn552guQq528KKXcsNBNNBre3oaQtr,BtMBMP,BGDTrDHo9TMvDFTUxKrd8iQfqEPX8KorJgzUp4c8pump,5w7G56C6qSwEAHor2XDoqtPaBpigewGxtL5BqU7pQK8LiMpdT2SxR9Bj87SuozgsRKFHwLnxcReqawow1Tjw4eQ9,TP 100% / SL 30%,-0.06266852859948241
5T229oePmJGE5Cefys8jE9Jq8C7qfGNNWy3RVA7SmwEP,5T229o,ECamzinc8fSwzDAw2uXnLd271HuL58aDAevhThZbzqa7,t5huB4Wzqg9oTAXnMuAfx9B7wNMmwYud5fTXpkuFXVs1qQ6ZFPmB5rFSVrWNiaUQVpQB2yiv7pZN9dZzg2eyL2m,hold 1 slots,0.01116950138201785
5T229oePmJGE5Cefys8jE9Jq8C7qfGNNWy3RVA7SmwEP,5T229o,ECamzinc8fSwzDAw2uXnLd271HuL58aDAevhThZbzqa7,t5huB4Wzqg9oTAXnMuAfx9B7wNMmwYud5fTXpkuFXVs1qQ6ZFPmB5rFSVrWNiaUQVpQB2yiv7pZN9dZzg2eyL2m,hold 3 slots,0.01116950138201785
5T229oePmJGE5Cefys8jE9Jq8C7qfGNNWy3RVA7SmwEP,5T229o,ECamzinc8fSwzDAw2uXnLd271HuL58aDAevhThZbzqa7,t5huB4Wzqg9oTAXnMuAfx9B7wNMmwYud5fTXpkuFXVs1qQ6ZFPmB5rFSVrWNiaUQVpQB2yiv7pZN9dZzg2eyL2m,hold 5 slots,0.01116950138201785
5T229oePmJGE5Cefys8jE9Jq8C7qfGNNWy3RVA7SmwEP,5T229o,ECamzinc8fSwzDAw2uXnLd271HuL58aDAevhThZbzqa7,t5huB4Wzqg9oTAXnMuAfx9B7wNMmwYud5fTXpkuFXVs1qQ6ZFPmB5rFSVrWNiaUQVpQB2yiv7pZN9dZzg2eyL2m,hold 12 slots,0.004149118134398222
5T229oePmJGE5Cefys8jE9Jq8C7qfGNNWy3RVA7SmwEP,5T229o,ECamzinc8fSwzDAw2uXnLd271HuL58aDAevhThZbzqa7,t5huB4Wzqg9oTAXnMuAfx9B7wNMmwYud5fTXpkuFXVs1qQ6ZFPmB5rFSVrWNiaUQVpQB2yiv7pZN9dZzg2eyL2m,hold 25 slots,-0.010292577688562036
5T229oePmJGE5Cefys8jE9Jq8C7qfGNNWy3RVA7SmwEP,5T229o,ECamzinc8fSwzDAw2uXnLd271HuL58aDAevhThZbzqa7,t5huB4Wzqg9oTAXnMuAfx9B7wNMmwYud5fTXpkuFXVs1qQ6ZFPmB5rFSVrWNiaUQVpQB2yiv7pZN9dZzg2eyL2m,hold 50 slots,-0.025701357217034936
5T229oePmJGE5Cefys8jE9Jq8C7qfGNNWy3RVA7SmwEP,5T229o,ECamzinc8fSwzDAw2uXnLd271HuL58aDAevhThZbzqa7,t5huB4Wzqg9oTAXnMuAfx9B7wNMmwYud5fTXpkuFXVs1qQ6ZFPmB5rFSVrWNiaUQVpQB2yiv7pZN9dZzg2eyL2m,hold 75 slots,-0.039437007227384094
5T229oePmJGE5Cefys8jE9Jq8C7qfGNNWy3RVA7SmwEP,5T229o,ECamzinc8fSwzDAw2uXnLd271HuL58aDAevhThZbzqa7,t5huB4Wzqg9oTAXnMuAfx9B7wNMmwYud5fTXpkuFXVs1qQ6ZFPmB5rFSVrWNiaUQVpQB2yiv7pZN9dZzg2eyL2m,hold 150 slots,-0.0994117233657453
5T229oePmJGE5Cefys8jE9Jq8C7qfGNNWy3RVA7SmwEP,5T229o,ECamzinc8fSwzDAw2uXnLd271HuL58aDAevhThZbzqa7,t5huB4Wzqg9oTAXnMuAfx9B7wNMmwYud5fTXpkuFXVs1qQ6ZFPmB5rFSVrWNiaUQVpQB2yiv7pZN9dZzg2eyL2m,TP 10% / SL 10%,-0.0994117233657453
5T229oePmJGE5Cefys8jE9Jq8C7qfGNNWy3RVA7SmwEP,5T229o,ECamzinc8fSwzDAw2uXnLd271HuL58aDAevhThZbzqa7,t5huB4Wzqg9oTAXnMuAfx9B7wNMmwYud5fTXpkuFXVs1qQ6ZFPmB5rFSVrWNiaUQVpQB2yiv7pZN9dZzg2eyL2m,TP 20% / SL 10%,-0.0994117233657453
5T229oePmJGE5Cefys8jE9Jq8C7qfGNNWy3RVA7SmwEP,5T229o,ECamzinc8fSwzDAw2uXnLd271HuL58aDAevhThZbzqa7,t5huB4Wzqg9oTAXnMuAfx9B7wNMmwYud5fTXpkuFXVs1qQ6ZFPmB5rFSVrWNiaUQVpQB2yiv7pZN9dZzg2eyL2m,TP 30% / SL 15%,-0.0994117233657453
5T229oePmJGE5Cefys8jE9Jq8C7qfGNNWy3RVA7SmwEP,5T229o,ECamzinc8fSwzDAw2uXnLd271HuL58aDAevhThZbzqa7,t5huB4Wzqg9oTAXnMuAfx9B7wNMmwYud5fTXpkuFXVs1qQ6ZFPmB5rFSVrWNiaUQVpQB2yiv7pZN9dZzg2eyL2m,TP 50% / SL 25%,-0.0994117233657453
5T229oePmJGE5Cefys8jE9Jq8C7qfGNNWy3RVA7SmwEP,5T229o,ECamzinc8fSwzDAw2uXnLd271HuL58aDAevhThZbzqa7,t5huB4Wzqg9oTAXnMuAfx9B7wNMmwYud5fTXpkuFXVs1qQ6ZFPmB5rFSVrWNiaUQVpQB2yiv7pZN9dZzg2eyL2m,TP 100% / SL 30%,-0.0994117233657453
5T229oePmJGE5Cefys8jE9Jq8C7qfGNNWy3RVA7SmwEP,5T229o,C2PEi8xEXm23ALZ1ELemYHiqGvjrCdz5RFPUbSbjFSVr,52Lx29yZTDt4rj8Kvs28Px9PQK93gMFAo8aQfKvxFmp8TABt4ZZwZgAYgKc9Jx5GQFN7DTj2DhSMtnvhWQWBZDdo,follow wallet,0.20776992020890997
5T229oePmJGE5Cefys8jE9Jq8C7qfGNNWy3RVA7SmwEP,5T229o,C2PEi8xEXm23ALZ1ELemYHiqGvjrCdz5RFPUbSbjFSVr,52Lx29yZTDt4rj8Kvs28Px9PQK93gMFAo8aQfKvxFmp8TABt4ZZwZgAYgKc9Jx5GQFN7DTj2DhSMtnvhWQWBZDdo,hold 1 slots,-0.06183490701414549
5T229oePmJGE5Cefys8jE9Jq8C7qfGNNWy3RVA7SmwEP,5T229o,C2PEi8xEXm23ALZ1ELemYHiqGvjrCdz5RFPUbSbjFSVr,52Lx29yZTDt4rj8Kvs28Px9PQK93gMFAo8aQfKvxFmp8TABt4ZZwZgAYgKc9Jx5GQFN7DTj2DhSMtnvhWQWBZDdo,hold 3 slots,-0.048241263442327854
5T229oePmJGE5Cefys8jE9Jq8C7qfGNNWy3RVA7SmwEP,5T229o,C2PEi8xEXm23ALZ1ELemYHiqGvjrCdz5RFPUbSbjFSVr,52Lx29yZTDt4rj8Kvs28Px9PQK93gMFAo8aQfKvxFmp8TABt4ZZwZgAYgKc9Jx5GQFN7DTj2DhSMtnvhWQWBZDdo,hold 5 slots,-0.048241263442327854
5T229oePmJGE5Cefys8jE9Jq8C7qfGNNWy3RVA7SmwEP,5T229o,C2PEi8xEXm23ALZ1ELemYHiqGvjrCdz5RFPUbSbjFSVr,52Lx29yZTDt4rj8Kvs28Px9PQK93gMFAo8aQfKvxFmp8TABt4ZZwZgAYgKc9Jx5GQFN7DTj2DhSMtnvhWQWBZDdo,hold 12 slots,-0.0485580213107611
5T229oePmJGE5Cefys8jE9Jq8C7qfGNNWy3RVA7SmwEP,5T229o,C2PEi8xEXm23ALZ1ELemYHiqGvjrCdz5RFPUbSbjFSVr,52Lx29yZTDt4rj8Kvs28Px9PQK93gMFAo8aQfKvxFmp8TABt4ZZwZgAYgKc9Jx5GQFN7DTj2DhSMtnvhWQWBZDdo,hold 25 slots,-0.024672832693846465
5T229oePmJGE5Cefys8jE9Jq8C7qfGNNWy3RVA7SmwEP,5T229o,C2PEi8xEXm23ALZ1ELemYHiqGvjrCdz5RFPUbSbjFSVr,52Lx29yZTDt4rj8Kvs28Px9PQK93gMFAo8aQfKvxFmp8TABt4ZZwZgAYgKc9Jx5GQFN7DTj2DhSMtnvhWQWBZDdo,hold 50 slots,-0.018855662499066235
5T229oePmJGE5Cefys8jE9Jq8C7qfGNNWy3RVA7SmwEP,5T229o,C2PEi8xEXm23ALZ1ELemYHiqGvjrCdz5RFPUbSbjFSVr,52Lx29yZTDt4rj8Kvs28Px9PQK93gMFAo8aQfKvxFmp8TABt4ZZwZgAYgKc9Jx5GQFN7DTj2DhSMtnvhWQWBZDdo,hold 75 slots,0.00973492627508354
5T229oePmJGE5Cefys8jE9Jq8C7qfGNNWy3RVA7SmwEP,5T229o,C2PEi8xEXm23ALZ1ELemYHiqGvjrCdz5RFPUbSbjFSVr,52Lx29yZTDt4rj8Kvs28Px9PQK93gMFAo8aQfKvxFmp8TABt4ZZwZgAYgKc9Jx5GQFN7DTj2DhSMtnvhWQWBZDdo,hold 150 slots,0.13783832598430537
5T229oePmJGE5Cefys8jE9Jq8C7qfGNNWy3RVA7SmwEP,5T229o,C2PEi8xEXm23ALZ1ELemYHiqGvjrCdz5RFPUbSbjFSVr,52Lx29yZTDt4rj8Kvs28Px9PQK93gMFAo8aQfKvxFmp8TABt4ZZwZgAYgKc9Jx5GQFN7DTj2DhSMtnvhWQWBZDdo,TP 10% / SL 10%,0.13783832598430537
5T229oePmJGE5Cefys8jE9Jq8C7qfGNNWy3RVA7SmwEP,5T229o,C2PEi8xEXm23ALZ1ELemYHiqGvjrCdz5RFPUbSbjFSVr,52Lx29yZTDt4rj8Kvs28Px9PQK93gMFAo8aQfKvxFmp8TABt4ZZwZgAYgKc9Jx5GQFN7DTj2DhSMtnvhWQWBZDdo,TP 20% / SL 10%,0.13783832598430537
5T229oePmJGE5Cefys8jE9Jq8C7qfGNNWy3RVA7SmwEP,5T229o,C2PEi8xEXm23ALZ1ELemYHiqGvjrCdz5RFPUbSbjFSVr,52Lx29yZTDt4rj8Kvs28Px9PQK93gMFAo8aQfKvxFmp8TABt4ZZwZgAYgKc9Jx5GQFN7DTj2DhSMtnvhWQWBZDdo,TP 30% / SL 15%,0.13783832598430537
5T229oePmJGE5Cefys8jE9Jq8C7qfGNNWy3RVA7SmwEP,5T229o,C2PEi8xEXm23ALZ1ELemYHiqGvjrCdz5RFPUbSbjFSVr,52Lx29yZTDt4rj8Kvs28Px9PQK93gMFAo8aQfKvxFmp8TABt4ZZwZgAYgKc9Jx5GQFN7DTj2DhSMtnvhWQWBZDdo,TP 50% / SL 25%,0.13783832598430537
5T229oePmJGE5Cefys8jE9Jq8C7qfGNNWy3RVA7SmwEP,5T229o,C2PEi8xEXm23ALZ1ELemYHiqGvjrCdz5RFPUbSbjFSVr,52Lx29yZTDt4rj8Kvs28Px9PQK93gMFAo8aQfKvxFmp8TABt4ZZwZgAYgKc9Jx5GQFN7DTj2DhSMtnvhWQWBZDdo,TP 100% / SL 30%,0.13783832598430537
5T229oePmJGE5Cefys8jE9Jq8C7qfGNNWy3RVA7SmwEP,5T229o,4SpStYKgNYATg9GmkeW33uqjrnivFzSRuQSYs7Gapump,2e9frfVbrBx6KkSQaQffqsJydLPYhfWZWyzdrbENZamuAxJRiZWvk8dGd4W45HZpRuy4yf8bnaoUtqzTYiseyCQy,follow wallet,-0.19689867319015075
5T229oePmJGE5Cefys8jE9Jq8C7qfGNNWy3RVA7SmwEP,5T229o,4SpStYKgNYATg9GmkeW33uqjrnivFzSRuQSYs7Gapump,2e9frfVbrBx6KkSQaQffqsJydLPYhfWZWyzdrbENZamuAxJRiZWvk8dGd4W45HZpRuy4yf8bnaoUtqzTYiseyCQy,hold 1 slots,-0.04642550301049018
5T229oePmJGE5Cefys8jE9Jq8C7qfGNNWy3RVA7SmwEP,5T229o,4SpStYKgNYATg9GmkeW33uqjrnivFzSRuQSYs7Gapump,2e9frfVbrBx6KkSQaQffqsJydLPYhfWZWyzdrbENZamuAxJRiZWvk8dGd4W45HZpRuy4yf8bnaoUtqzTYiseyCQy,hold 3 slots,-0.04642550301049018
5T229oePmJGE5Cefys8jE9Jq8C7qfGNNWy3RVA7SmwEP,5T229o,4SpStYKgNYATg9GmkeW33uqjrnivFzSRuQSYs7Gapump,2e9frfVbrBx6KkSQaQffqsJydLPYhfWZWyzdrbENZamuAxJRiZWvk8dGd4W45HZpRuy4yf8bnaoUtqzTYiseyCQy,hold 5 slots,-0.04642550301049018
5T229oePmJGE5Cefys8jE9Jq8C7qfGNNWy3RVA7SmwEP,5T229o,4SpStYKgNYATg9GmkeW33uqjrnivFzSRuQSYs7Gapump,2e9frfVbrBx6KkSQaQffqsJydLPYhfWZWyzdrbENZamuAxJRiZWvk8dGd4W45HZpRuy4yf8bnaoUtqzTYiseyCQy,hold 12 slots,-0.04642550301049018
5T229oePmJGE5Cefys8jE9Jq8C7qfGNNWy3RVA7SmwEP,5T229o,4SpStYKgNYATg9GmkeW33uqjrnivFzSRuQSYs7Gapump,2e9frfVbrBx6KkSQaQffqsJydLPYhfWZWyzdrbENZamuAxJRiZWvk8dGd4W45HZpRuy4yf8bnaoUtqzTYiseyCQy,hold 25 slots,-0.04863921656418097
5T229oePmJGE5Cefys8jE9Jq8C7qfGNNWy3RVA7SmwEP,5T229o,4SpStYKgNYATg9GmkeW33uqjrnivFzSRuQSYs7Gapump,2e9frfVbrBx6KkSQaQffqsJydLPYhfWZWyzdrbENZamuAxJRiZWvk8dGd4W45HZpRuy4yf8bnaoUtqzTYiseyCQy,hold 50 slots,-0.04863921656418097
5T229oePmJGE5Cefys8jE9Jq8C7qfGNNWy3RVA7SmwEP,5T229o,4SpStYKgNYATg9GmkeW33uqjrnivFzSRuQSYs7Gapump,2e9frfVbrBx6KkSQaQffqsJydLPYhfWZWyzdrbENZamuAxJRiZWvk8dGd4W45HZpRuy4yf8bnaoUtqzTYiseyCQy,hold 75 slots,-0.19689867319015075
5T229oePmJGE5Cefys8jE9Jq8C7qfGNNWy3RVA7SmwEP,5T229o,4SpStYKgNYATg9GmkeW33uqjrnivFzSRuQSYs7Gapump,2e9frfVbrBx6KkSQaQffqsJydLPYhfWZWyzdrbENZamuAxJRiZWvk8dGd4W45HZpRuy4yf8bnaoUtqzTYiseyCQy,hold 150 slots,-0.19041579714150084
5T229oePmJGE5Cefys8jE9Jq8C7qfGNNWy3RVA7SmwEP,5T229o,4SpStYKgNYATg9GmkeW33uqjrnivFzSRuQSYs7Gapump,2e9frfVbrBx6KkSQaQffqsJydLPYhfWZWyzdrbENZamuAxJRiZWvk8dGd4W45HZpRuy4yf8bnaoUtqzTYiseyCQy,TP 10% / SL 10%,-0.19689867319015075
5T229oePmJGE5Cefys8jE9Jq8C7qfGNNWy3RVA7SmwEP,5T229o,4SpStYKgNYATg9GmkeW33uqjrnivFzSRuQSYs7Gapump,2e9frfVbrBx6KkSQaQffqsJydLPYhfWZWyzdrbENZamuAxJRiZWvk8dGd4W45HZpRuy4yf8bnaoUtqzTYiseyCQy,TP 20% / SL 10%,-0.19689867319015075
5T229oePmJGE5Cefys8jE9Jq8C7qfGNNWy3RVA7SmwEP,5T229o,4SpStYKgNYATg9GmkeW33uqjrnivFzSRuQSYs7Gapump,2e9frfVbrBx6KkSQaQffqsJydLPYhfWZWyzdrbENZamuAxJRiZWvk8dGd4W45HZpRuy4yf8bnaoUtqzTYiseyCQy,TP 30% / SL 15%,-0.19689867319015075
5T229oePmJGE5Cefys8jE9Jq8C7qfGNNWy3RVA7SmwEP,5T229o,4SpStYKgNYATg9GmkeW33uqjrnivFzSRuQSYs7Gapump,2e9frfVbrBx6KkSQaQffqsJydLPYhfWZWyzdrbENZamuAxJRiZWvk8dGd4W45HZpRuy4yf8bnaoUtqzTYiseyCQy,TP 50% / SL 25%,-0.19041579714150084
5T229oePmJGE5Cefys8jE9Jq8C7qfGNNWy3RVA7SmwEP,5T229o,4SpStYKgNYATg9GmkeW33uqjrnivFzSRuQSYs7Gapump,2e9frfVbrBx6KkSQaQffqsJydLPYhfWZWyzdrbENZamuAxJRiZWvk8dGd4W45HZpRuy4yf8bnaoUtqzTYiseyCQy,TP 100% / SL 30%,-0.19041579714150084
5T229oePmJGE5Cefys8jE9Jq8C7qfGNNWy3RVA7SmwEP,5T229o,ej6WkP2XCkUKrjy6jzVdBtcmvptKfMZtzs9rM9Ud2az,2QoZBf6SGQ8Za8YkjBRNdUaYCkNMmNekfZu7Ti1B9RXXqhX77fcWyhctM9DwMVxCA9snZiprMUeYaUEhhbfDooLH,follow wallet,-0.12060978685983945
5T229oePmJGE5Cefys8jE9Jq8C7qfGNNWy3RVA7SmwEP,5T229o,ej6WkP2XCkUKrjy6jzVdBtcmvptKfMZtzs9rM9Ud2az,2QoZBf6SGQ8Za8YkjBRNdUaYCkNMmNekfZu7Ti1B9RXXqhX77fcWyhctM9DwMVxCA9snZiprMUeYaUEhhbfDooLH,hold 1 slots,-0.050101345326800585
5T229oePmJGE5Cefys8jE9Jq8C7qfGNNWy3RVA7SmwEP,5T229o,ej6WkP2XCkUKrjy6jzVdBtcmvptKfMZtzs9rM9Ud2az,2QoZBf6SGQ8Za8YkjBRNdUaYCkNMmNekfZu7Ti1B9RXXqhX77fcWyhctM9DwMVxCA9snZiprMUeYaUEhhbfDooLH,hold 3 slots,-0.050101345326800585
5T229oePmJGE5Cefys8jE9Jq8C7qfGNNWy3RVA7SmwEP,5T229o,ej6WkP2XCkUKrjy6jzVdBtcmvptKfMZtzs9rM9Ud2az,2QoZBf6SGQ8Za8YkjBRNdUaYCkNMmNekfZu7Ti1B9RXXqhX77fcWyhctM9DwMVxCA9snZiprMUeYaUEhhbfDooLH,hold 5 slots,-0.050101345326800585
5T229oePmJGE5Cefys8jE9Jq8C7qfGNNWy3RVA7SmwEP,5T229o,ej6WkP2XCkUKrjy6jzVdBtcmvptKfMZtzs9rM9Ud2az,2QoZBf6SGQ8Za8YkjBRNdUaYCkNMmNekfZu7Ti1B9RXXqhX77fcWyhctM9DwMVxCA9snZiprMUeYaUEhhbfDooLH,hold 12 slots,-0.050101345326800585
5T229oePmJGE5Cefys8jE9Jq8C7qfGNNWy3RVA7SmwEP,5T229o,ej6WkP2XCkUKrjy6jzVdBtcmvptKfMZtzs9rM9Ud2az,2QoZBf6SGQ8Za8YkjBRNdUaYCkNMmNekfZu7Ti1B9RXXqhX77fcWyhctM9DwMVxCA9snZiprMUeYaUEhhbfDooLH,hold 25 slots,-0.050101345326800585
5T229oePmJGE5Cefys8jE9Jq8C7qfGNNWy3RVA7SmwEP,5T229o,ej6WkP2XCkUKrjy6jzVdBtcmvptKfMZtzs9rM9Ud2az,2QoZBf6SGQ8Za8YkjBRNdUaYCkNMmNekfZu7Ti1B9RXXqhX77fcWyhctM9DwMVxCA9snZiprMUeYaUEhhbfDooLH,hold 50 slots,-0.12060978685983945
5T229oePmJGE5Cefys8jE9Jq8C7qfGNNWy3RVA7SmwEP,5T229o,ej6WkP2XCkUKrjy6jzVdBtcmvptKfMZtzs9rM9Ud2az,2QoZBf6SGQ8Za8YkjBRNdUaYCkNMmNekfZu7Ti1B9RXXqhX77fcWyhctM9DwMVxCA9snZiprMUeYaUEhhbfDooLH,hold 75 slots,-0.12060978685983945
5T229oePmJGE5Cefys8jE9Jq8C7qfGNNWy3RVA7SmwEP,5T229o,ej6WkP2XCkUKrjy6jzVdBtcmvptKfMZtzs9rM9Ud2az,2QoZBf6SGQ8Za8YkjBRNdUaYCkNMmNekfZu7Ti1B9RXXqhX77fcWyhctM9DwMVxCA9snZiprMUeYaUEhhbfDooLH,hold 150 slots,-0.12060978685983945
5T229oePmJGE5Cefys8jE9Jq8C7qfGNNWy3RVA7SmwEP,5T229o,ej6WkP2XCkUKrjy6jzVdBtcmvptKfMZtzs9rM9Ud2az,2QoZBf6SGQ8Za8YkjBRNdUaYCkNMmNekfZu7Ti1B9RXXqhX77fcWyhctM9DwMVxCA9snZiprMUeYaUEhhbfDooLH,TP 10% / SL 10%,-0.12060978685983945
5T229oePmJGE5Cefys8jE9Jq8C7qfGNNWy3RVA7SmwEP,5T229o,ej6WkP2XCkUKrjy6jzVdBtcmvptKfMZtzs9rM9Ud2az,2QoZBf6SGQ8Za8YkjBRNdUaYCkNMmNekfZu7Ti1B9RXXqhX77fcWyhctM9DwMVxCA9snZiprMUeYaUEhhbfDooLH,TP 20% / SL 10%,-0.12060978685983945
5T229oePmJGE5Cefys8jE9Jq8C7qfGNNWy3RVA7SmwEP,5T229o,ej6WkP2XCkUKrjy6jzVdBtcmvptKfMZtzs9rM9Ud2az,2QoZBf6SGQ8Za8YkjBRNdUaYCkNMmNekfZu7Ti1B9RXXqhX77fcWyhctM9DwMVxCA9snZiprMUeYaUEhhbfDooLH,TP 30% / SL 15%,-0.12060978685983945
5T229oePmJGE5Cefys8jE9Jq8C7qfGNNWy3RVA7SmwEP,5T229o,ej6WkP2XCkUKrjy6jzVdBtcmvptKfMZtzs9rM9Ud2az,2QoZBf6SGQ8Za8YkjBRNdUaYCkNMmNekfZu7Ti1B9RXXqhX77fcWyhctM9DwMVxCA9snZiprMUeYaUEhhbfDooLH,TP 50% / SL 25%,-0.12060978685983945
5T229oePmJGE5Cefys8jE9Jq8C7qfGNNWy3RVA7SmwEP,5T229o,ej6WkP2XCkUKrjy6jzVdBtcmvptKfMZtzs9rM9Ud2az,2QoZBf6SGQ8Za8YkjBRNdUaYCkNMmNekfZu7Ti1B9RXXqhX77fcWyhctM9DwMVxCA9snZiprMUeYaUEhhbfDooLH,TP 100% / SL 30%,-0.12060978685983945
5T229oePmJGE5Cefys8jE9Jq8C7qfGNNWy3RVA7SmwEP,5T229o,HRbx9N5sFmXkXmDVKRkF1ttGXA4PU6hcfkBfjTmRpump,JSwTw62yFe7isr1qsLG4nhyWS8RWmTUi1MP3EaZuYDnS9JeK3gCZdohpLpnmBHFFQCnVGZapXAV2vLEeKFD2jVd,follow wallet,-0.5851791195160663
5T229oePmJGE5Cefys8jE9Jq8C7qfGNNWy3RVA7SmwEP,5T229o,HRbx9N5sFmXkXmDVKRkF1ttGXA4PU6hcfkBfjTmRpump,JSwTw62yFe7isr1qsLG4nhyWS8RWmTUi1MP3EaZuYDnS9JeK3gCZdohpLpnmBHFFQCnVGZapXAV2vLEeKFD2jVd,hold 1 slots,-0.029897874129845025
5T229oePmJGE5Cefys8jE9Jq8C7qfGNNWy3RVA7SmwEP,5T229o,HRbx9N5sFmXkXmDVKRkF1ttGXA4PU6hcfkBfjTmRpump,JSwTw62yFe7isr1qsLG4nhyWS8RWmTUi1MP3EaZuYDnS9JeK3gCZdohpLpnmBHFFQCnVGZapXAV2vLEeKFD2jVd,hold 3 slots,-0.028944981051926257
5T229oePmJGE5Cefys8jE9Jq8C7qfGNNWy3RVA7SmwEP,5T229o,HRbx9N5sFmXkXmDVKRkF1ttGXA4PU6hcfkBfjTmRpump,JSwTw62yFe7isr1qsLG4nhyWS8RWmTUi1MP3EaZuYDnS9JeK3gCZdohpLpnmBHFFQCnVGZapXAV2vLEeKFD2jVd,hold 5 slots,-0.027337189028148176
5T229oePmJGE5Cefys8jE9Jq8C7qfGNNWy3RVA7SmwEP,5T229o,HRbx9N5sFmXkXmDVKRkF1ttGXA4PU6hcfkBfjTmRpump,JSwTw62yFe7isr1qsLG4nhyWS8RWmTUi1MP3EaZuYDnS9JeK3gCZdohpLpnmBHFFQCnVGZapXAV2vLEeKFD2jVd,hold 12 slots,-0.01954146654129517
5T229oePmJGE5Cefys8jE9Jq8C7qfGNNWy3RVA7SmwEP,5T229o,HRbx9N5sFmXkXmDVKRkF1ttGXA4PU6hcfkBfjTmRpump,JSwTw62yFe7isr1qsLG4nhyWS8RWmTUi1MP3EaZuYDnS9JeK3gCZdohpLpnmBHFFQCnVGZapXAV2vLEeKFD2jVd,hold 25 slots,-0.16928717558359624
5T229oePmJGE5Cefys8jE9Jq8C7qfGNNWy3RVA7SmwEP,5T229o,HRbx9N5sFmXkXmDVKRkF1ttGXA4PU6hcfkBfjTmRpump,JSwTw62yFe7isr1qsLG4nhyWS8RWmTUi1MP3EaZuYDnS9JeK3gCZdohpLpnmBHFFQCnVGZapXAV2vLEeKFD2jVd,hold 50 slots,-0.5446971443140185
5T229oePmJGE5Cefys8jE9Jq8C7qfGNNWy3RVA7SmwEP,5T229o,HRbx9N5sFmXkXmDVKRkF1ttGXA4PU6hcfkBfjTmRpump,JSwTw62yFe7isr1qsLG4nhyWS8RWmTUi1MP3EaZuYDnS9JeK3gCZdohpLpnmBHFFQCnVGZapXAV2vLEeKFD2jVd,hold 75 slots,-0.60884089475448
5T229oePmJGE5Cefys8jE9Jq8C7qfGNNWy3RVA7SmwEP,5T229o,HRbx9N5sFmXkXmDVKRkF1ttGXA4PU6hcfkBfjTmRpump,JSwTw62yFe7isr1qsLG4nhyWS8RWmTUi1MP3EaZuYDnS9JeK3gCZdohpLpnmBHFFQCnVGZapXAV2vLEeKFD2jVd,hold 150 slots,-0.39352144922242915
5T229oePmJGE5Cefys8jE9Jq8C7qfGNNWy3RVA7SmwEP,5T229o,HRbx9N5sFmXkXmDVKRkF1ttGXA4PU6hcfkBfjTmRpump,JSwTw62yFe7isr1qsLG4nhyWS8RWmTUi1MP3EaZuYDnS9JeK3gCZdohpLpnmBHFFQCnVGZapXAV2vLEeKFD2jVd,TP 10% / SL 10%,-0.16928717558359624
5T229oePmJGE5Cefys8jE9Jq8C7qfGNNWy3RVA7SmwEP,5T229o,HRbx9N5sFmXkXmDVKRkF1ttGXA4PU6hcfkBfjTmRpump,JSwTw62yFe7isr1qsLG4nhyWS8RWmTUi1MP3EaZuYDnS9JeK3gCZdohpLpnmBHFFQCnVGZapXAV2vLEeKFD2jVd,TP 20% / SL 10%,-0.16928717558359624
5T229oePmJGE5Cefys8jE9Jq8C7qfGNNWy3RVA7SmwEP,5T229o,HRbx9N5sFmXkXmDVKRkF1ttGXA4PU6hcfkBfjTmRpump,JSwTw62yFe7isr1qsLG4nhyWS8RWmTUi1MP3EaZuYDnS9JeK3gCZdohpLpnmBHFFQCnVGZapXAV2vLEeKFD2jVd,TP 30% / SL 15%,-0.16928717558359624
5T229oePmJGE5Cefys8jE9Jq8C7qfGNNWy3RVA7SmwEP,5T229o,HRbx9N5sFmXkXmDVKRkF1ttGXA4PU6hcfkBfjTmRpump,JSwTw62yFe7isr1qsLG4nhyWS8RWmTUi1MP3EaZuYDnS9JeK3gCZdohpLpnmBHFFQCnVGZapXAV2vLEeKFD2jVd,TP 50% / SL 25%,-0.5679417895045465
5T229oePmJGE5Cefys8jE9Jq8C7qfGNNWy3RVA7SmwEP,5T229o,HRbx9N5sFmXkXmDVKRkF1ttGXA4PU6hcfkBfjTmRpump,JSwTw62yFe7isr1qsLG4nhyWS8RWmTUi1MP3EaZuYDnS9JeK3gCZdohpLpnmBHFFQCnVGZapXAV2vLEeKFD2jVd,TP 100% / SL 30%,-0.5679417895045465
B9oKseVKRntTvfADyaUoH7oVmoyVbBfUf4NKyQc4KK2D,B9oKse,BaczJQRA66rqoKfK5NCvHEQ8WAqRaSFfXQsJEqVUksX8,4ijzzSdkemSL8SsEZ9i7mh9BEeibmsiK9uoAeoZjEJ3bczfndcHeWE5HsZgHg4q4ReCdd6StVYwfCfvCE1afSKcg,follow wallet,-0.3764369615194
B9oKseVKRntTvfADyaUoH7oVmoyVbBfUf4NKyQc4KK2D,B9oKse,BaczJQRA66rqoKfK5NCvHEQ8WAqRaSFfXQsJEqVUksX8,4ijzzSdkemSL8SsEZ9i7mh9BEeibmsiK9uoAeoZjEJ3bczfndcHeWE5HsZgHg4q4ReCdd6StVYwfCfvCE1afSKcg,hold 1 slots,-0.05770530613139892
B9oKseVKRntTvfADyaUoH7oVmoyVbBfUf4NKyQc4KK2D,B9oKse,BaczJQRA66rqoKfK5NCvHEQ8WAqRaSFfXQsJEqVUksX8,4ijzzSdkemSL8SsEZ9i7mh9BEeibmsiK9uoAeoZjEJ3bczfndcHeWE5HsZgHg4q4ReCdd6StVYwfCfvCE1afSKcg,hold 3 slots,-0.057663151790016534
B9oKseVKRntTvfADyaUoH7oVmoyVbBfUf4NKyQc4KK2D,B9oKse,BaczJQRA66rqoKfK5NCvHEQ8WAqRaSFfXQsJEqVUksX8,4ijzzSdkemSL8SsEZ9i7mh9BEeibmsiK9uoAeoZjEJ3bczfndcHeWE5HsZgHg4q4ReCdd6StVYwfCfvCE1afSKcg,hold 5 slots,-0.057663151790016534
B9oKseVKRntTvfADyaUoH7oVmoyVbBfUf4NKyQc4KK2D,B9oKse,BaczJQRA66rqoKfK5NCvHEQ8WAqRaSFfXQsJEqVUksX8,4ijzzSdkemSL8SsEZ9i7mh9BEeibmsiK9uoAeoZjEJ3bczfndcHeWE5HsZgHg4q4ReCdd6StVYwfCfvCE1afSKcg,hold 12 slots,-0.06661595823710692
B9oKseVKRntTvfADyaUoH7oVmoyVbBfUf4NKyQc4KK2D,B9oKse,BaczJQRA66rqoKfK5NCvHEQ8WAqRaSFfXQsJEqVUksX8,4ijzzSdkemSL8SsEZ9i7mh9BEeibmsiK9uoAeoZjEJ3bczfndcHeWE5HsZgHg4q4ReCdd6StVYwfCfvCE1afSKcg,hold 25 slots,-0.0680105138773303
B9oKseVKRntTvfADyaUoH7oVmoyVbBfUf4NKyQc4KK2D,B9oKse,BaczJQRA66rqoKfK5NCvHEQ8WAqRaSFfXQsJEqVUksX8,4ijzzSdkemSL8SsEZ9i7mh9BEeibmsiK9uoAeoZjEJ3bczfndcHeWE5HsZgHg4q4ReCdd6StVYwfCfvCE1afSKcg,hold 50 slots,-0.08306799603168644
B9oKseVKRntTvfADyaUoH7oVmoyVbBfUf4NKyQc4KK2D,B9oKse,BaczJQRA66rqoKfK5NCvHEQ8WAqRaSFfXQsJEqVUksX8,4ijzzSdkemSL8SsEZ9i7mh9BEeibmsiK9uoAeoZjEJ3bczfndcHeWE5HsZgHg4q4ReCdd6StVYwfCfvCE1afSKcg,hold 75 slots,-0.1187853747476672
B9oKseVKRntTvfADyaUoH7oVmoyVbBfUf4NKyQc4KK2D,B9oKse,BaczJQRA66rqoKfK5NCvHEQ8WAqRaSFfXQsJEqVUksX8,4ijzzSdkemSL8SsEZ9i7mh9BEeibmsiK9uoAeoZjEJ3bczfndcHeWE5HsZgHg4q4ReCdd6StVYwfCfvCE1afSKcg,hold 150 slots,-0.11433848307058536
B9oKseVKRntTvfADyaUoH7oVmoyVbBfUf4NKyQc4KK2D,B9oKse,BaczJQRA66rqoKfK5NCvHEQ8WAqRaSFfXQsJEqVUksX8,4ijzzSdkemSL8SsEZ9i7mh9BEeibmsiK9uoAeoZjEJ3bczfndcHeWE5HsZgHg4q4ReCdd6StVYwfCfvCE1afSKcg,TP 10% / SL 10%,-0.1187853747476672
B9oKseVKRntTvfADyaUoH7oVmoyVbBfUf4NKyQc4KK2D,B9oKse,BaczJQRA66rqoKfK5NCvHEQ8WAqRaSFfXQsJEqVUksX8,4ijzzSdkemSL8SsEZ9i7mh9BEeibmsiK9uoAeoZjEJ3bczfndcHeWE5HsZgHg4q4ReCdd6StVYwfCfvCE1afSKcg,TP 20% / SL 10%,-0.1187853747476672
B9oKseVKRntTvfADyaUoH7oVmoyVbBfUf4NKyQc4KK2D,B9oKse,BaczJQRA66rqoKfK5NCvHEQ8WAqRaSFfXQsJEqVUksX8,4ijzzSdkemSL8SsEZ9i7mh9BEeibmsiK9uoAeoZjEJ3bczfndcHeWE5HsZgHg4q4ReCdd6StVYwfCfvCE1afSKcg,TP 30% / SL 15%,-0.11433848307058536
B9oKseVKRntTvfADyaUoH7oVmoyVbBfUf4NKyQc4KK2D,B9oKse,BaczJQRA66rqoKfK5NCvHEQ8WAqRaSFfXQsJEqVUksX8,4ijzzSdkemSL8SsEZ9i7mh9BEeibmsiK9uoAeoZjEJ3bczfndcHeWE5HsZgHg4q4ReCdd6StVYwfCfvCE1afSKcg,TP 50% / SL 25%,-0.11433848307058536
B9oKseVKRntTvfADyaUoH7oVmoyVbBfUf4NKyQc4KK2D,B9oKse,BaczJQRA66rqoKfK5NCvHEQ8WAqRaSFfXQsJEqVUksX8,4ijzzSdkemSL8SsEZ9i7mh9BEeibmsiK9uoAeoZjEJ3bczfndcHeWE5HsZgHg4q4ReCdd6StVYwfCfvCE1afSKcg,TP 100% / SL 30%,-0.11433848307058536
B9oKseVKRntTvfADyaUoH7oVmoyVbBfUf4NKyQc4KK2D,B9oKse,ArTEV1go89vY97MMVerEXcDGgUWcekc6qMptNNban9dz,3Kbjkrcx47VE6otK74YBaNME1tidxYDoNgwg5TaAYFBco97WNchfCZcsfuaH2S98Qy2A9jvsadFSsk1U6aitgx3x,follow wallet,-0.10520616247909798
B9oKseVKRntTvfADyaUoH7oVmoyVbBfUf4NKyQc4KK2D,B9oKse,ArTEV1go89vY97MMVerEXcDGgUWcekc6qMptNNban9dz,3Kbjkrcx47VE6otK74YBaNME1tidxYDoNgwg5TaAYFBco97WNchfCZcsfuaH2S98Qy2A9jvsadFSsk1U6aitgx3x,hold 1 slots,-0.04496789779947877
B9oKseVKRntTvfADyaUoH7oVmoyVbBfUf4NKyQc4KK2D,B9oKse,ArTEV1go89vY97MMVerEXcDGgUWcekc6qMptNNban9dz,3Kbjkrcx47VE6otK74YBaNME1tidxYDoNgwg5TaAYFBco97WNchfCZcsfuaH2S98Qy2A9jvsadFSsk1U6aitgx3x,hold 3 slots,-0.03641159624116945
B9oKseVKRntTvfADyaUoH7oVmoyVbBfUf4NKyQc4KK2D,B9oKse,ArTEV1go89vY97MMVerEXcDGgUWcekc6qMptNNban9dz,3Kbjkrcx47VE6otK74YBaNME1tidxYDoNgwg5TaAYFBco97WNchfCZcsfuaH2S98Qy2A9jvsadFSsk1U6aitgx3x,hold 5 slots,0.09798483945704578
B9oKseVKRntTvfADyaUoH7oVmoyVbBfUf4NKyQc4KK2D,B9oKse,ArTEV1go89vY97MMVerEXcDGgUWcekc6qMptNNban9dz,3Kbjkrcx47VE6otK74YBaNME1tidxYDoNgwg5TaAYFBco97WNchfCZcsfuaH2S98Qy2A9jvsadFSsk1U6aitgx3x,hold 12 slots,0.1987839273784852
B9oKseVKRntTvfADyaUoH7oVmoyVbBfUf4NKyQc4KK2D,B9oKse,ArTEV1go89vY97MMVerEXcDGgUWcekc6qMptNNban9dz,3Kbjkrcx47VE6otK74YBaNME1tidxYDoNgwg5TaAYFBco97WNchfCZcsfuaH2S98Qy2A9jvsadFSsk1U6aitgx3x,hold 25 slots,0.1826221622728467
B9oKseVKRntTvfADyaUoH7oVmoyVbBfUf4NKyQc4KK2D,B9oKse,ArTEV1go89vY97MMVerEXcDGgUWcekc6qMptNNban9dz,3Kbjkrcx47VE6otK74YBaNME1tidxYDoNgwg5TaAYFBco97WNchfCZcsfuaH2S98Qy2A9jvsadFSsk1U6aitgx3x,hold 50 slots,0.17489361993526864
B9oKseVKRntTvfADyaUoH7oVmoyVbBfUf4NKyQc4KK2D,B9oKse,ArTEV1go89vY97MMVerEXcDGgUWcekc6qMptNNban9dz,3Kbjkrcx47VE6otK74YBaNME1tidxYDoNgwg5TaAYFBco97WNchfCZcsfuaH2S98Qy2A9jvsadFSsk1U6aitgx3x,hold 75 slots,0.10169229860504389
B9oKseVKRntTvfADyaUoH7oVmoyVbBfUf4NKyQc4KK2D,B9oKse,ArTEV1go89vY97MMVerEXcDGgUWcekc6qMptNNban9dz,3Kbjkrcx47VE6otK74YBaNME1tidxYDoNgwg5TaAYFBco97WNchfCZcsfuaH2S98Qy2A9jvsadFSsk1U6aitgx3x,hold 150 slots,-0.036766023548096896
B9oKseVKRntTvfADyaUoH7oVmoyVbBfUf4NKyQc4KK2D,B9oKse,ArTEV1go89vY97MMVerEXcDGgUWcekc6qMptNNban9dz,3Kbjkrcx47VE6otK74YBaNME1tidxYDoNgwg5TaAYFBco97WNchfCZcsfuaH2S98Qy2A9jvsadFSsk1U6aitgx3x,TP 10% / SL 10%,0.10824716510814572
B9oKseVKRntTvfADyaUoH7oVmoyVbBfUf4NKyQc4KK2D,B9oKse,ArTEV1go89vY97MMVerEXcDGgUWcekc6qMptNNban9dz,3Kbjkrcx47VE6otK74YBaNME1tidxYDoNgwg5TaAYFBco97WNchfCZcsfuaH2S98Qy2A9jvsadFSsk1U6aitgx3x,TP 20% / SL 10%,0.20481410064468383
B9oKseVKRntTvfADyaUoH7oVmoyVbBfUf4NKyQc4KK2D,B9oKse,ArTEV1go89vY97MMVerEXcDGgUWcekc6qMptNNban9dz,3Kbjkrcx47VE6otK74YBaNME1tidxYDoNgwg5TaAYFBco97WNchfCZcsfuaH2S98Qy2A9jvsadFSsk1U6aitgx3x,TP 30% / SL 15%,-0.036766023548096896
B9oKseVKRntTvfADyaUoH7oVmoyVbBfUf4NKyQc4KK2D,B9oKse,ArTEV1go89vY97MMVerEXcDGgUWcekc6qMptNNban9dz,3Kbjkrcx47VE6otK74YBaNME1tidxYDoNgwg5TaAYFBco97WNchfCZcsfuaH2S98Qy2A9jvsadFSsk1U6aitgx3x,TP 50% / SL 25%,-0.036766023548096896
B9oKseVKRntTvfADyaUoH7oVmoyVbBfUf4NKyQc4KK2D,B9oKse,ArTEV1go89vY97MMVerEXcDGgUWcekc6qMptNNban9dz,3Kbjkrcx47VE6otK74YBaNME1tidxYDoNgwg5TaAYFBco97WNchfCZcsfuaH2S98Qy2A9jvsadFSsk1U6aitgx3x,TP 100% / SL 30%,-0.036766023548096896
B9oKseVKRntTvfADyaUoH7oVmoyVbBfUf4NKyQc4KK2D,B9oKse,8EEVGSJqKqkyR12BW9afA1Z8mQ2jJsZE2nNjeporpump,45rRqYG2JHfTyDDZdohFemYGhEftwC6J4iQQHXiZfTu1BxMJYgfFncB9RKSFeZZrFXCLTu7H79fMsCZ724YJyDJB,hold 1 slots,-0.04786588407688117
B9oKseVKRntTvfADyaUoH7oVmoyVbBfUf4NKyQc4KK2D,B9oKse,8EEVGSJqKqkyR12BW9afA1Z8mQ2jJsZE2nNjeporpump,45rRqYG2JHfTyDDZdohFemYGhEftwC6J4iQQHXiZfTu1BxMJYgfFncB9RKSFeZZrFXCLTu7H79fMsCZ724YJyDJB,hold 3 slots,-0.09624568607166756
B9oKseVKRntTvfADyaUoH7oVmoyVbBfUf4NKyQc4KK2D,B9oKse,8EEVGSJqKqkyR12BW9afA1Z8mQ2jJsZE2nNjeporpump,45rRqYG2JHfTyDDZdohFemYGhEftwC6J4iQQHXiZfTu1BxMJYgfFncB9RKSFeZZrFXCLTu7H79fMsCZ724YJyDJB,hold 5 slots,-0.09843373313630496
B9oKseVKRntTvfADyaUoH7oVmoyVbBfUf4NKyQc4KK2D,B9oKse,8EEVGSJqKqkyR12BW9afA1Z8mQ2jJsZE2nNjeporpump,45rRqYG2JHfTyDDZdohFemYGhEftwC6J4iQQHXiZfTu1BxMJYgfFncB9RKSFeZZrFXCLTu7H79fMsCZ724YJyDJB,hold 12 slots,-0.09567633910557496
B9oKseVKRntTvfADyaUoH7oVmoyVbBfUf4NKyQc4KK2D,B9oKse,8EEVGSJqKqkyR12BW9afA1Z8mQ2jJsZE2nNjeporpump,45rRqYG2JHfTyDDZdohFemYGhEftwC6J4iQQHXiZfTu1BxMJYgfFncB9RKSFeZZrFXCLTu7H79fMsCZ724YJyDJB,hold 25 slots,-0.04046394715134406
B9oKseVKRntTvfADyaUoH7oVmoyVbBfUf4NKyQc4KK2D,B9oKse,8EEVGSJqKqkyR12BW9afA1Z8mQ2jJsZE2nNjeporpump,45rRqYG2JHfTyDDZdohFemYGhEftwC6J4iQQHXiZfTu1BxMJYgfFncB9RKSFeZZrFXCLTu7H79fMsCZ724YJyDJB,hold 50 slots,-0.04046394715134406
B9oKseVKRntTvfADyaUoH7oVmoyVbBfUf4NKyQc4KK2D,B9oKse,8EEVGSJqKqkyR12BW9afA1Z8mQ2jJsZE2nNjeporpump,45rRqYG2JHfTyDDZdohFemYGhEftwC6J4iQQHXiZfTu1BxMJYgfFncB9RKSFeZZrFXCLTu7H79fMsCZ724YJyDJB,hold 75 slots,-0.04046394715134406
B9oKseVKRntTvfADyaUoH7oVmoyVbBfUf4NKyQc4KK2D,B9oKse,8EEVGSJqKqkyR12BW9afA1Z8mQ2jJsZE2nNjeporpump,45rRqYG2JHfTyDDZdohFemYGhEftwC6J4iQQHXiZfTu1BxMJYgfFncB9RKSFeZZrFXCLTu7H79fMsCZ724YJyDJB,hold 150 slots,-0.04046394715134406
B9oKseVKRntTvfADyaUoH7oVmoyVbBfUf4NKyQc4KK2D,B9oKse,8EEVGSJqKqkyR12BW9afA1Z8mQ2jJsZE2nNjeporpump,45rRqYG2JHfTyDDZdohFemYGhEftwC6J4iQQHXiZfTu1BxMJYgfFncB9RKSFeZZrFXCLTu7H79fMsCZ724YJyDJB,TP 10% / SL 10%,-0.15951099253753293
B9oKseVKRntTvfADyaUoH7oVmoyVbBfUf4NKyQc4KK2D,B9oKse,8EEVGSJqKqkyR12BW9afA1Z8mQ2jJsZE2nNjeporpump,45rRqYG2JHfTyDDZdohFemYGhEftwC6J4iQQHXiZfTu1BxMJYgfFncB9RKSFeZZrFXCLTu7H79fMsCZ724YJyDJB,TP 20% / SL 10%,-0.15951099253753293
B9oKseVKRntTvfADyaUoH7oVmoyVbBfUf4NKyQc4KK2D,B9oKse,8EEVGSJqKqkyR12BW9afA1Z8mQ2jJsZE2nNjeporpump,45rRqYG2JHfTyDDZdohFemYGhEftwC6J4iQQHXiZfTu1BxMJYgfFncB9RKSFeZZrFXCLTu7H79fMsCZ724YJyDJB,TP 30% / SL 15%,-0.15951099253753293
B9oKseVKRntTvfADyaUoH7oVmoyVbBfUf4NKyQc4KK2D,B9oKse,8EEVGSJqKqkyR12BW9afA1Z8mQ2jJsZE2nNjeporpump,45rRqYG2JHfTyDDZdohFemYGhEftwC6J4iQQHXiZfTu1BxMJYgfFncB9RKSFeZZrFXCLTu7H79fMsCZ724YJyDJB,TP 50% / SL 25%,-0.04046394715134406
B9oKseVKRntTvfADyaUoH7oVmoyVbBfUf4NKyQc4KK2D,B9oKse,8EEVGSJqKqkyR12BW9afA1Z8mQ2jJsZE2nNjeporpump,45rRqYG2JHfTyDDZdohFemYGhEftwC6J4iQQHXiZfTu1BxMJYgfFncB9RKSFeZZrFXCLTu7H79fMsCZ724YJyDJB,TP 100% / SL 30%,-0.04046394715134406
B9oKseVKRntTvfADyaUoH7oVmoyVbBfUf4NKyQc4KK2D,B9oKse,CGunXJHwBvzJ67NhWnCR1iL3oGi6TTQpPeg4tDdHZ6Vm,2BVXDZUKE575RQPVMKtp9yCBHNCYGYNxAEpsGwvrSQeKbdyJ8qxHp4tJQ5JgsYrUmtvswHMEbA2m4tExZu2RgrgW,follow wallet,-0.23629967716878486
B9oKseVKRntTvfADyaUoH7oVmoyVbBfUf4NKyQc4KK2D,B9oKse,CGunXJHwBvzJ67NhWnCR1iL3oGi6TTQpPeg4tDdHZ6Vm,2BVXDZUKE575RQPVMKtp9yCBHNCYGYNxAEpsGwvrSQeKbdyJ8qxHp4tJQ5JgsYrUmtvswHMEbA2m4tExZu2RgrgW,hold 1 slots,-0.016907737266225575
B9oKseVKRntTvfADyaUoH7oVmoyVbBfUf4NKyQc4KK2D,B9oKse,CGunXJHwBvzJ67NhWnCR1iL3oGi6TTQpPeg4tDdHZ6Vm,2BVXDZUKE575RQPVMKtp9yCBHNCYGYNxAEpsGwvrSQeKbdyJ8qxHp4tJQ5JgsYrUmtvswHMEbA2m4tExZu2RgrgW,hold 3 slots,-0.016907737266225575
B9oKseVKRntTvfADyaUoH7oVmoyVbBfUf4NKyQc4KK2D,B9oKse,CGunXJHwBvzJ67NhWnCR1iL3oGi6TTQpPeg4tDdHZ6Vm,2BVXDZUKE575RQPVMKtp9yCBHNCYGYNxAEpsGwvrSQeKbdyJ8qxHp4tJQ5JgsYrUmtvswHMEbA2m4tExZu2RgrgW,hold 5 slots,-0.017348902833768366
B9oKseVKRntTvfADyaUoH7oVmoyVbBfUf4NKyQc4KK2D,B9oKse,CGunXJHwBvzJ67NhWnCR1iL3oGi6TTQpPeg4tDdHZ6Vm,2BVXDZUKE575RQPVMKtp9yCBHNCYGYNxAEpsGwvrSQeKbdyJ8qxHp4tJQ5JgsYrUmtvswHMEbA2m4tExZu2RgrgW,hold 12 slots,-0.019329743940155623
B9oKseVKRntTvfADyaUoH7oVmoyVbBfUf4NKyQc4KK2D,B9oKse,CGunXJHwBvzJ67NhWnCR1iL3oGi6TTQpPeg4tDdHZ6Vm,2BVXDZUKE575RQPVMKtp9yCBHNCYGYNxAEpsGwvrSQeKbdyJ8qxHp4tJQ5JgsYrUmtvswHMEbA2m4tExZu2RgrgW,hold 25 slots,-0.021767397700016497
B9oKseVKRntTvfADyaUoH7oVmoyVbBfUf4NKyQc4KK2D,B9oKse,CGunXJHwBvzJ67NhWnCR1iL3oGi6TTQpPeg4tDdHZ6Vm,2BVXDZUKE575RQPVMKtp9yCBHNCYGYNxAEpsGwvrSQeKbdyJ8qxHp4tJQ5JgsYrUmtvswHMEbA2m4tExZu2RgrgW,hold 50 slots,-0.03777540269938052
B9oKseVKRntTvfADyaUoH7oVmoyVbBfUf4NKyQc4KK2D,B9oKse,CGunXJHwBvzJ67NhWnCR1iL3oGi6TTQpPeg4tDdHZ6Vm,2BVXDZUKE575RQPVMKtp9yCBHNCYGYNxAEpsGwvrSQeKbdyJ8qxHp4tJQ5JgsYrUmtvswHMEbA2m4tExZu2RgrgW,hold 75 slots,-0.07643266157303716
B9oKseVKRntTvfADyaUoH7oVmoyVbBfUf4NKyQc4KK2D,B9oKse,CGunXJHwBvzJ67NhWnCR1iL3oGi6TTQpPeg4tDdHZ6Vm,2BVXDZUKE575RQPVMKtp9yCBHNCYGYNxAEpsGwvrSQeKbdyJ8qxHp4tJQ5JgsYrUmtvswHMEbA2m4tExZu2RgrgW,hold 150 slots,-0.4607282556982412
B9oKseVKRntTvfADyaUoH7oVmoyVbBfUf4NKyQc4KK2D,B9oKse,CGunXJHwBvzJ67NhWnCR1iL3oGi6TTQpPeg4tDdHZ6Vm,2BVXDZUKE575RQPVMKtp9yCBHNCYGYNxAEpsGwvrSQeKbdyJ8qxHp4tJQ5JgsYrUmtvswHMEbA2m4tExZu2RgrgW,TP 10% / SL 10%,-0.2397692995948719
B9oKseVKRntTvfADyaUoH7oVmoyVbBfUf4NKyQc4KK2D,B9oKse,CGunXJHwBvzJ67NhWnCR1iL3oGi6TTQpPeg4tDdHZ6Vm,2BVXDZUKE575RQPVMKtp9yCBHNCYGYNxAEpsGwvrSQeKbdyJ8qxHp4tJQ5JgsYrUmtvswHMEbA2m4tExZu2RgrgW,TP 20% / SL 10%,-0.2397692995948719
B9oKseVKRntTvfADyaUoH7oVmoyVbBfUf4NKyQc4KK2D,B9oKse,CGunXJHwBvzJ67NhWnCR1iL3oGi6TTQpPeg4tDdHZ6Vm,2BVXDZUKE575RQPVMKtp9yCBHNCYGYNxAEpsGwvrSQeKbdyJ8qxHp4tJQ5JgsYrUmtvswHMEbA2m4tExZu2RgrgW,TP 30% / SL 15%,-0.2397692995948719
B9oKseVKRntTvfADyaUoH7oVmoyVbBfUf4NKyQc4KK2D,B9oKse,CGunXJHwBvzJ67NhWnCR1iL3oGi6TTQpPeg4tDdHZ6Vm,2BVXDZUKE575RQPVMKtp9yCBHNCYGYNxAEpsGwvrSQeKbdyJ8qxHp4tJQ5JgsYrUmtvswHMEbA2m4tExZu2RgrgW,TP 50% / SL 25%,-0.4607282556982412
B9oKseVKRntTvfADyaUoH7oVmoyVbBfUf4NKyQc4KK2D,B9oKse,CGunXJHwBvzJ67NhWnCR1iL3oGi6TTQpPeg4tDdHZ6Vm,2BVXDZUKE575RQPVMKtp9yCBHNCYGYNxAEpsGwvrSQeKbdyJ8qxHp4tJQ5JgsYrUmtvswHMEbA2m4tExZu2RgrgW,TP 100% / SL 30%,-0.4607282556982412
B9oKseVKRntTvfADyaUoH7oVmoyVbBfUf4NKyQc4KK2D,B9oKse,72h5pR8EFDKdRw8s2nfvxWV6HeXBrgELmnYV964VHqDU,5MNHtaCkJ6a9pf9e6camyHTaxsh82rg6osK4vsp46k4jWLPdmBRSQZT7vA6UNWfNuXwPNJVmj51hbgC8NikByMUP,follow wallet,0.9355028923166051
B9oKseVKRntTvfADyaUoH7oVmoyVbBfUf4NKyQc4KK2D,B9oKse,72h5pR8EFDKdRw8s2nfvxWV6HeXBrgELmnYV964VHqDU,5MNHtaCkJ6a9pf9e6camyHTaxsh82rg6osK4vsp46k4jWLPdmBRSQZT7vA6UNWfNuXwPNJVmj51hbgC8NikByMUP,hold 1 slots,-0.05540212456014037
B9oKseVKRntTvfADyaUoH7oVmoyVbBfUf4NKyQc4KK2D,B9oKse,72h5pR8EFDKdRw8s2nfvxWV6HeXBrgELmnYV964VHqDU,5MNHtaCkJ6a9pf9e6camyHTaxsh82rg6osK4vsp46k4jWLPdmBRSQZT7vA6UNWfNuXwPNJVmj51hbgC8NikByMUP,hold 3 slots,-0.08473617129651617
B9oKseVKRntTvfADyaUoH7oVmoyVbBfUf4NKyQc4KK2D,B9oKse,72h5pR8EFDKdRw8s2nfvxWV6HeXBrgELmnYV964VHqDU,5MNHtaCkJ6a9pf9e6camyHTaxsh82rg6osK4vsp46k4jWLPdmBRSQZT7vA6UNWfNuXwPNJVmj51hbgC8NikByMUP,hold 5 slots,-0.08473617129651617
B9oKseVKRntTvfADyaUoH7oVmoyVbBfUf4NKyQc4KK2D,B9oKse,72h5pR8EFDKdRw8s2nfvxWV6HeXBrgELmnYV964VHqDU,5MNHtaCkJ6a9pf9e6camyHTaxsh82rg6osK4vsp46k4jWLPdmBRSQZT7vA6UNWfNuXwPNJVmj51hbgC8NikByMUP,hold 12 slots,-0.10347845071116091
B9oKseVKRntTvfADyaUoH7oVmoyVbBfUf4NKyQc4KK2D,B9oKse,72h5pR8EFDKdRw8s2nfvxWV6HeXBrgELmnYV964VHqDU,5MNHtaCkJ6a9pf9e6camyHTaxsh82rg6osK4vsp46k4jWLPdmBRSQZT7vA6UNWfNuXwPNJVmj51hbgC8NikByMUP,hold 25 slots,-0.08460537087572026
B9oKseVKRntTvfADyaUoH7oVmoyVbBfUf4NKyQc4KK2D,B9oKse,72h5pR8EFDKdRw8s2nfvxWV6HeXBrgELmnYV964VHqDU,5MNHtaCkJ6a9pf9e6camyHTaxsh82rg6osK4vsp46k4jWLPdmBRSQZT7vA6UNWfNuXwPNJVmj51hbgC8NikByMUP,hold 50 slots,0.11628701909847045
B9oKseVKRntTvfADyaUoH7oVmoyVbBfUf4NKyQc4KK2D,B9oKse,72h5pR8EFDKdRw8s2nfvxWV6HeXBrgELmnYV964VHqDU,5MNHtaCkJ6a9pf9e6camyHTaxsh82rg6osK4vsp46k4jWLPdmBRSQZT7vA6UNWfNuXwPNJVmj51hbgC8NikByMUP,hold 75 slots,0.07400646336050654
B9oKseVKRntTvfADyaUoH7oVmoyVbBfUf4NKyQc4KK2D,B9oKse,72h5pR8EFDKdRw8s2nfvxWV6HeXBrgELmnYV964VHqDU,5MNHtaCkJ6a9pf9e6camyHTaxsh82rg6osK4vsp46k4jWLPdmBRSQZT7vA6UNWfNuXwPNJVmj51hbgC8NikByMUP,hold 150 slots,0.2427596737401428
B9oKseVKRntTvfADyaUoH7oVmoyVbBfUf4NKyQc4KK2D,B9oKse,72h5pR8EFDKdRw8s2nfvxWV6HeXBrgELmnYV964VHqDU,5MNHtaCkJ6a9pf9e6camyHTaxsh82rg6osK4vsp46k4jWLPdmBRSQZT7vA6UNWfNuXwPNJVmj51hbgC8NikByMUP,TP 10% / SL 10%,-0.10347845071116091
B9oKseVKRntTvfADyaUoH7oVmoyVbBfUf4NKyQc4KK2D,B9oKse,72h5pR8EFDKdRw8s2nfvxWV6HeXBrgELmnYV964VHqDU,5MNHtaCkJ6a9pf9e6camyHTaxsh82rg6osK4vsp46k4jWLPdmBRSQZT7vA6UNWfNuXwPNJVmj51hbgC8NikByMUP,TP 20% / SL 10%,-0.10347845071116091
B9oKseVKRntTvfADyaUoH7oVmoyVbBfUf4NKyQc4KK2D,B9oKse,72h5pR8EFDKdRw8s2nfvxWV6HeXBrgELmnYV964VHqDU,5MNHtaCkJ6a9pf9e6camyHTaxsh82rg6osK4vsp46k4jWLPdmBRSQZT7vA6UNWfNuXwPNJVmj51hbgC8NikByMUP,TP 30% / SL 15%,-0.15607989626708865
B9oKseVKRntTvfADyaUoH7oVmoyVbBfUf4NKyQc4KK2D,B9oKse,72h5pR8EFDKdRw8s2nfvxWV6HeXBrgELmnYV964VHqDU,5MNHtaCkJ6a9pf9e6camyHTaxsh82rg6osK4vsp46k4jWLPdmBRSQZT7vA6UNWfNuXwPNJVmj51hbgC8NikByMUP,TP 50% / SL 25%,0.2427596737401428
B9oKseVKRntTvfADyaUoH7oVmoyVbBfUf4NKyQc4KK2D,B9oKse,72h5pR8EFDKdRw8s2nfvxWV6HeXBrgELmnYV964VHqDU,5MNHtaCkJ6a9pf9e6camyHTaxsh82rg6osK4vsp46k4jWLPdmBRSQZT7vA6UNWfNuXwPNJVmj51hbgC8NikByMUP,TP 100% / SL 30%,0.2427596737401428
5dzH7gh5FjtrxUwtfBufJyTBA4fyCUGheZsdYQsE9vag,5dzH7g,3qW9YQYdreiwo18RQy7Tz2zhKucTWeaR7K28h3Hepump,sJA4u4mwqJk4W2p7RNDycAy5AWRAxdSRofYubMMNYCJC1bHpFcj694x44c2iHpoeyskefQD28c4gfp6yStL7yNc,follow wallet,-0.14147205742646063
5dzH7gh5FjtrxUwtfBufJyTBA4fyCUGheZsdYQsE9vag,5dzH7g,3qW9YQYdreiwo18RQy7Tz2zhKucTWeaR7K28h3Hepump,sJA4u4mwqJk4W2p7RNDycAy5AWRAxdSRofYubMMNYCJC1bHpFcj694x44c2iHpoeyskefQD28c4gfp6yStL7yNc,hold 1 slots,-0.03580874388068783
5dzH7gh5FjtrxUwtfBufJyTBA4fyCUGheZsdYQsE9vag,5dzH7g,3qW9YQYdreiwo18RQy7Tz2zhKucTWeaR7K28h3Hepump,sJA4u4mwqJk4W2p7RNDycAy5AWRAxdSRofYubMMNYCJC1bHpFcj694x44c2iHpoeyskefQD28c4gfp6yStL7yNc,hold 3 slots,-0.07766672492766119
5dzH7gh5FjtrxUwtfBufJyTBA4fyCUGheZsdYQsE9vag,5dzH7g,3qW9YQYdreiwo18RQy7Tz2zhKucTWeaR7K28h3Hepump,sJA4u4mwqJk4W2p7RNDycAy5AWRAxdSRofYubMMNYCJC1bHpFcj694x44c2iHpoeyskefQD28c4gfp6yStL7yNc,hold 5 slots,-0.07766672492766119
5dzH7gh5FjtrxUwtfBufJyTBA4fyCUGheZsdYQsE9vag,5dzH7g,3qW9YQYdreiwo18RQy7Tz2zhKucTWeaR7K28h3Hepump,sJA4u4mwqJk4W2p7RNDycAy5AWRAxdSRofYubMMNYCJC1bHpFcj694x44c2iHpoeyskefQD28c4gfp6yStL7yNc,hold 12 slots,-0.008788451221924424
5dzH7gh5FjtrxUwtfBufJyTBA4fyCUGheZsdYQsE9vag,5dzH7g,3qW9YQYdreiwo18RQy7Tz2zhKucTWeaR7K28h3Hepump,sJA4u4mwqJk4W2p7RNDycAy5AWRAxdSRofYubMMNYCJC1bHpFcj694x44c2iHpoeyskefQD28c4gfp6yStL7yNc,hold 25 slots,-0.07093378763231503
5dzH7gh5FjtrxUwtfBufJyTBA4fyCUGheZsdYQsE9vag,5dzH7g,3qW9YQYdreiwo18RQy7Tz2zhKucTWeaR7K28h3Hepump,sJA4u4mwqJk4W2p7RNDycAy5AWRAxdSRofYubMMNYCJC1bHpFcj694x44c2iHpoeyskefQD28c4gfp6yStL7yNc,hold 50 slots,0.10227727498733949
5dzH7gh5FjtrxUwtfBufJyTBA4fyCUGheZsdYQsE9vag,5dzH7g,3qW9YQYdreiwo18RQy7Tz2zhKucTWeaR7K28h3Hepump,sJA4u4mwqJk4W2p7RNDycAy5AWRAxdSRofYubMMNYCJC1bHpFcj694x44c2iHpoeyskefQD28c4gfp6yStL7yNc,hold 75 slots,0.04815057271648681
5dzH7gh5FjtrxUwtfBufJyTBA4fyCUGheZsdYQsE9vag,5dzH7g,3qW9YQYdreiwo18RQy7Tz2zhKucTWeaR7K28h3Hepump,sJA4u4mwqJk4W2p7RNDycAy5AWRAxdSRofYubMMNYCJC1bHpFcj694x44c2iHpoeyskefQD28c4gfp6yStL7yNc,hold 150 slots,0.4104450492590821
5dzH7gh5FjtrxUwtfBufJyTBA4fyCUGheZsdYQsE9vag,5dzH7g,3qW9YQYdreiwo18RQy7Tz2zhKucTWeaR7K28h3Hepump,sJA4u4mwqJk4W2p7RNDycAy5AWRAxdSRofYubMMNYCJC1bHpFcj694x44c2iHpoeyskefQD28c4gfp6yStL7yNc,TP 10% / SL 10%,0.10227727498733949
5dzH7gh5FjtrxUwtfBufJyTBA4fyCUGheZsdYQsE9vag,5dzH7g,3qW9YQYdreiwo18RQy7Tz2zhKucTWeaR7K28h3Hepump,sJA4u4mwqJk4W2p7RNDycAy5AWRAxdSRofYubMMNYCJC1bHpFcj694x44c2iHpoeyskefQD28c4gfp6yStL7yNc,TP 20% / SL 10%,0.4104450492590821
5dzH7gh5FjtrxUwtfBufJyTBA4fyCUGheZsdYQsE9vag,5dzH7g,3qW9YQYdreiwo18RQy7Tz2zhKucTWeaR7K28h3Hepump,sJA4u4mwqJk4W2p7RNDycAy5AWRAxdSRofYubMMNYCJC1bHpFcj694x44c2iHpoeyskefQD28c4gfp6yStL7yNc,TP 30% / SL 15%,0.4104450492590821
5dzH7gh5FjtrxUwtfBufJyTBA4fyCUGheZsdYQsE9vag,5dzH7g,3qW9YQYdreiwo18RQy7Tz2zhKucTWeaR7K28h3Hepump,sJA4u4mwqJk4W2p7RNDycAy5AWRAxdSRofYubMMNYCJC1bHpFcj694x44c2iHpoeyskefQD28c4gfp6yStL7yNc,TP 50% / SL 25%,0.4104450492590821
5dzH7gh5FjtrxUwtfBufJyTBA4fyCUGheZsdYQsE9vag,5dzH7g,3qW9YQYdreiwo18RQy7Tz2zhKucTWeaR7K28h3Hepump,sJA4u4mwqJk4W2p7RNDycAy5AWRAxdSRofYubMMNYCJC1bHpFcj694x44c2iHpoeyskefQD28c4gfp6yStL7yNc,TP 100% / SL 30%,0.4104450492590821
5dzH7gh5FjtrxUwtfBufJyTBA4fyCUGheZsdYQsE9vag,5dzH7g,8tadVQF3XU8kSjasqdtRZa8qHDw7YScMvBoLSh4mpump,4d5FP9oyA8KsiJkNeGsSPZM1xr2KKeA7WPeQVEc5ntZxYWeU5BeamZqqtE24uEogdi3WezvHtGXHHJK5JayhyGXR,follow wallet,0.15741886596125126
5dzH7gh5FjtrxUwtfBufJyTBA4fyCUGheZsdYQsE9vag,5dzH7g,8tadVQF3XU8kSjasqdtRZa8qHDw7YScMvBoLSh4mpump,4d5FP9oyA8KsiJkNeGsSPZM1xr2KKeA7WPeQVEc5ntZxYWeU5BeamZqqtE24uEogdi3WezvHtGXHHJK5JayhyGXR,hold 1 slots,0.16633088194825385
5dzH7gh5FjtrxUwtfBufJyTBA4fyCUGheZsdYQsE9vag,5dzH7g,8tadVQF3XU8kSjasqdtRZa8qHDw7YScMvBoLSh4mpump,4d5FP9oyA8KsiJkNeGsSPZM1xr2KKeA7WPeQVEc5ntZxYWeU5BeamZqqtE24uEogdi3WezvHtGXHHJK5JayhyGXR,hold 3 slots,0.183209861811151
5dzH7gh5FjtrxUwtfBufJyTBA4fyCUGheZsdYQsE9vag,5dzH7g,8tadVQF3XU8kSjasqdtRZa8qHDw7YScMvBoLSh4mpump,4d5FP9oyA8KsiJkNeGsSPZM1xr2KKeA7WPeQVEc5ntZxYWeU5BeamZqqtE24uEogdi3WezvHtGXHHJK5JayhyGXR,hold 5 slots,0.1838536944834826
5dzH7gh5FjtrxUwtfBufJyTBA4fyCUGheZsdYQsE9vag,5dzH7g,8tadVQF3XU8kSjasqdtRZa8qHDw7YScMvBoLSh4mpump,4d5FP9oyA8KsiJkNeGsSPZM1xr2KKeA7WPeQVEc5ntZxYWeU5BeamZqqtE24uEogdi3WezvHtGXHHJK5JayhyGXR,hold 12 slots,0.27919229803225276
5dzH7gh5FjtrxUwtfBufJyTBA4fyCUGheZsdYQsE9vag,5dzH7g,8tadVQF3XU8kSjasqdtRZa8qHDw7YScMvBoLSh4mpump,4d5FP9oyA8KsiJkNeGsSPZM1xr2KKeA7WPeQVEc5ntZxYWeU5BeamZqqtE24uEogdi3WezvHtGXHHJK5JayhyGXR,hold 25 slots,0.3064222489243989
5dzH7gh5FjtrxUwtfBufJyTBA4fyCUGheZsdYQsE9vag,5dzH7g,8tadVQF3XU8kSjasqdtRZa8qHDw7YScMvBoLSh4mpump,4d5FP9oyA8KsiJkNeGsSPZM1xr2KKeA7WPeQVEc5ntZxYWeU5BeamZqqtE24uEogdi3WezvHtGXHHJK5JayhyGXR,hold 50 slots,0.5753102644822173
5dzH7gh5FjtrxUwtfBufJyTBA4fyCUGheZsdYQsE9vag,5dzH7g,8tadVQF3XU8kSjasqdtRZa8qHDw7YScMvBoLSh4mpump,4d5FP9oyA8KsiJkNeGsSPZM1xr2KKeA7WPeQVEc5ntZxYWeU5BeamZqqtE24uEogdi3WezvHtGXHHJK5JayhyGXR,hold 75 slots,0.49371275277544235
5dzH7gh5FjtrxUwtfBufJyTBA4fyCUGheZsdYQsE9vag,5dzH7g,8tadVQF3XU8kSjasqdtRZa8qHDw7YScMvBoLSh4mpump,4d5FP9oyA8KsiJkNeGsSPZM1xr2KKeA7WPeQVEc5ntZxYWeU5BeamZqqtE24uEogdi3WezvHtGXHHJK5JayhyGXR,hold 150 slots,0.4310331979142809
5dzH7gh5FjtrxUwtfBufJyTBA4fyCUGheZsdYQsE9vag,5dzH7g,8tadVQF3XU8kSjasqdtRZa8qHDw7YScMvBoLSh4mpump,4d5FP9oyA8KsiJkNeGsSPZM1xr2KKeA7WPeQVEc5ntZxYWeU5BeamZqqtE24uEogdi3WezvHtGXHHJK5JayhyGXR,TP 10% / SL 10%,0.16633088194825385
5dzH7gh5FjtrxUwtfBufJyTBA4fyCUGheZsdYQsE9vag,5dzH7g,8tadVQF3XU8kSjasqdtRZa8qHDw7YScMvBoLSh4mpump,4d5FP9oyA8KsiJkNeGsSPZM1xr2KKeA7WPeQVEc5ntZxYWeU5BeamZqqtE24uEogdi3WezvHtGXHHJK5JayhyGXR,TP 20% / SL 10%,0.27919229803225276
5dzH7gh5FjtrxUwtfBufJyTBA4fyCUGheZsdYQsE9vag,5dzH7g,8tadVQF3XU8kSjasqdtRZa8qHDw7YScMvBoLSh4mpump,4d5FP9oyA8KsiJkNeGsSPZM1xr2KKeA7WPeQVEc5ntZxYWeU5BeamZqqtE24uEogdi3WezvHtGXHHJK5JayhyGXR,TP 30% / SL 15%,0.3064222489243989
5dzH7gh5FjtrxUwtfBufJyTBA4fyCUGheZsdYQsE9vag,5dzH7g,8tadVQF3XU8kSjasqdtRZa8qHDw7YScMvBoLSh4mpump,4d5FP9oyA8KsiJkNeGsSPZM1xr2KKeA7WPeQVEc5ntZxYWeU5BeamZqqtE24uEogdi3WezvHtGXHHJK5JayhyGXR,TP 50% / SL 25%,0.5753102644822173
5dzH7gh5FjtrxUwtfBufJyTBA4fyCUGheZsdYQsE9vag,5dzH7g,8tadVQF3XU8kSjasqdtRZa8qHDw7YScMvBoLSh4mpump,4d5FP9oyA8KsiJkNeGsSPZM1xr2KKeA7WPeQVEc5ntZxYWeU5BeamZqqtE24uEogdi3WezvHtGXHHJK5JayhyGXR,TP 100% / SL 30%,0.4310331979142809
5dzH7gh5FjtrxUwtfBufJyTBA4fyCUGheZsdYQsE9vag,5dzH7g,4maXEDF1AcKUgnqrkjX2z1XsKctg9rvaTdEft6wnpump,CKGiQmWqFhowcggngHMkeqn1EqcbagMztqmSkcYq3CPPP4F32AeKomcdsEECN6dQ2Hr3Akp2LyYktTJ86Y5EABP,hold 1 slots,-0.08612353561868166
5dzH7gh5FjtrxUwtfBufJyTBA4fyCUGheZsdYQsE9vag,5dzH7g,4maXEDF1AcKUgnqrkjX2z1XsKctg9rvaTdEft6wnpump,CKGiQmWqFhowcggngHMkeqn1EqcbagMztqmSkcYq3CPPP4F32AeKomcdsEECN6dQ2Hr3Akp2LyYktTJ86Y5EABP,hold 3 slots,-0.09679480223974121
5dzH7gh5FjtrxUwtfBufJyTBA4fyCUGheZsdYQsE9vag,5dzH7g,4maXEDF1AcKUgnqrkjX2z1XsKctg9rvaTdEft6wnpump,CKGiQmWqFhowcggngHMkeqn1EqcbagMztqmSkcYq3CPPP4F32AeKomcdsEECN6dQ2Hr3Akp2LyYktTJ86Y5EABP,hold 5 slots,-0.09030524862110603
5dzH7gh5FjtrxUwtfBufJyTBA4fyCUGheZsdYQsE9vag,5dzH7g,4maXEDF1AcKUgnqrkjX2z1XsKctg9rvaTdEft6wnpump,CKGiQmWqFhowcggngHMkeqn1EqcbagMztqmSkcYq3CPPP4F32AeKomcdsEECN6dQ2Hr3Akp2LyYktTJ86Y5EABP,hold 12 slots,-0.10126178342595576
5dzH7gh5FjtrxUwtfBufJyTBA4fyCUGheZsdYQsE9vag,5dzH7g,4maXEDF1AcKUgnqrkjX2z1XsKctg9rvaTdEft6wnpump,CKGiQmWqFhowcggngHMkeqn1EqcbagMztqmSkcYq3CPPP4F32AeKomcdsEECN6dQ2Hr3Akp2LyYktTJ86Y5EABP,hold 25 slots,-0.10593195258959104
5dzH7gh5FjtrxUwtfBufJyTBA4fyCUGheZsdYQsE9vag,5dzH7g,4maXEDF1AcKUgnqrkjX2z1XsKctg9rvaTdEft6wnpump,CKGiQmWqFhowcggngHMkeqn1EqcbagMztqmSkcYq3CPPP4F32AeKomcdsEECN6dQ2Hr3Akp2LyYktTJ86Y5EABP,hold 50 slots,0.026253308652957795
5dzH7gh5FjtrxUwtfBufJyTBA4fyCUGheZsdYQsE9vag,5dzH7g,4maXEDF1AcKUgnqrkjX2z1XsKctg9rvaTdEft6wnpump,CKGiQmWqFhowcggngHMkeqn1EqcbagMztqmSkcYq3CPPP4F32AeKomcdsEECN6dQ2Hr3Akp2LyYktTJ86Y5EABP,hold 75 slots,-0.04813409090341794
5dzH7gh5FjtrxUwtfBufJyTBA4fyCUGheZsdYQsE9vag,5dzH7g,4maXEDF1AcKUgnqrkjX2z1XsKctg9rvaTdEft6wnpump,CKGiQmWqFhowcggngHMkeqn1EqcbagMztqmSkcYq3CPPP4F32AeKomcdsEECN6dQ2Hr3Akp2LyYktTJ86Y5EABP,hold 150 slots,-0.10647899895543575
5dzH7gh5FjtrxUwtfBufJyTBA4fyCUGheZsdYQsE9vag,5dzH7g,4maXEDF1AcKUgnqrkjX2z1XsKctg9rvaTdEft6wnpump,CKGiQmWqFhowcggngHMkeqn1EqcbagMztqmSkcYq3CPPP4F32AeKomcdsEECN6dQ2Hr3Akp2LyYktTJ86Y5EABP,TP 10% / SL 10%,-0.10126178342595576
5dzH7gh5FjtrxUwtfBufJyTBA4fyCUGheZsdYQsE9vag,5dzH7g,4maXEDF1AcKUgnqrkjX2z1XsKctg9rvaTdEft6wnpump,CKGiQmWqFhowcggngHMkeqn1EqcbagMztqmSkcYq3CPPP4F32AeKomcdsEECN6dQ2Hr3Akp2LyYktTJ86Y5EABP,TP 20% / SL 10%,-0.10126178342595576
5dzH7gh5FjtrxUwtfBufJyTBA4fyCUGheZsdYQsE9vag,5dzH7g,4maXEDF1AcKUgnqrkjX2z1XsKctg9rvaTdEft6wnpump,CKGiQmWqFhowcggngHMkeqn1EqcbagMztqmSkcYq3CPPP4F32AeKomcdsEECN6dQ2Hr3Akp2LyYktTJ86Y5EABP,TP 30% / SL 15%,-0.10647899895543575
5dzH7gh5FjtrxUwtfBufJyTBA4fyCUGheZsdYQsE9vag,5dzH7g,4maXEDF1AcKUgnqrkjX2z1XsKctg9rvaTdEft6wnpump,CKGiQmWqFhowcggngHMkeqn1EqcbagMztqmSkcYq3CPPP4F32AeKomcdsEECN6dQ2Hr3Akp2LyYktTJ86Y5EABP,TP 50% / SL 25%,-0.10647899895543575
5dzH7gh5FjtrxUwtfBufJyTBA4fyCUGheZsdYQsE9vag,5dzH7g,4maXEDF1AcKUgnqrkjX2z1XsKctg9rvaTdEft6wnpump,CKGiQmWqFhowcggngHMkeqn1EqcbagMztqmSkcYq3CPPP4F32AeKomcdsEECN6dQ2Hr3Akp2LyYktTJ86Y5EABP,TP 100% / SL 30%,-0.10647899895543575
5dzH7gh5FjtrxUwtfBufJyTBA4fyCUGheZsdYQsE9vag,5dzH7g,E1WrNGXkmKyDPjAKr9QeBwQyew2Hy9c4W1xd4ZizUBoT,236t7mJpcD8vY4ZvBDaHGmmc49KbhavcaPByFP7HNZoic71o9tTfWNsy5tcHxDnyimJvn2c1FZf68CQTmbM2GUDZ,follow wallet,-0.8775825097463098
5dzH7gh5FjtrxUwtfBufJyTBA4fyCUGheZsdYQsE9vag,5dzH7g,E1WrNGXkmKyDPjAKr9QeBwQyew2Hy9c4W1xd4ZizUBoT,236t7mJpcD8vY4ZvBDaHGmmc49KbhavcaPByFP7HNZoic71o9tTfWNsy5tcHxDnyimJvn2c1FZf68CQTmbM2GUDZ,hold 1 slots,-0.007469766540819168
5dzH7gh5FjtrxUwtfBufJyTBA4fyCUGheZsdYQsE9vag,5dzH7g,E1WrNGXkmKyDPjAKr9QeBwQyew2Hy9c4W1xd4ZizUBoT,236t7mJpcD8vY4ZvBDaHGmmc49KbhavcaPByFP7HNZoic71o9tTfWNsy5tcHxDnyimJvn2c1FZf68CQTmbM2GUDZ,hold 3 slots,0.003485310404869317
5dzH7gh5FjtrxUwtfBufJyTBA4fyCUGheZsdYQsE9vag,5dzH7g,E1WrNGXkmKyDPjAKr9QeBwQyew2Hy9c4W1xd4ZizUBoT,236t7mJpcD8vY4ZvBDaHGmmc49KbhavcaPByFP7HNZoic71o9tTfWNsy5tcHxDnyimJvn2c1FZf68CQTmbM2GUDZ,hold 5 slots,-0.06590947985283088
5dzH7gh5FjtrxUwtfBufJyTBA4fyCUGheZsdYQsE9vag,5dzH7g,E1WrNGXkmKyDPjAKr9QeBwQyew2Hy9c4W1xd4ZizUBoT,236t7mJpcD8vY4ZvBDaHGmmc49KbhavcaPByFP7HNZoic71o9tTfWNsy5tcHxDnyimJvn2c1FZf68CQTmbM2GUDZ,hold 12 slots,-0.0649384230642041
5dzH7gh5FjtrxUwtfBufJyTBA4fyCUGheZsdYQsE9vag,5dzH7g,E1WrNGXkmKyDPjAKr9QeBwQyew2Hy9c4W1xd4ZizUBoT,236t7mJpcD8vY4ZvBDaHGmmc49KbhavcaPByFP7HNZoic71o9tTfWNsy5tcHxDnyimJvn2c1FZf68CQTmbM2GUDZ,hold 25 slots,-0.04872002993841553
5dzH7gh5FjtrxUwtfBufJyTBA4fyCUGheZsdYQsE9vag,5dzH7g,E1WrNGXkmKyDPjAKr9QeBwQyew2Hy9c4W1xd4ZizUBoT,236t7mJpcD8vY4ZvBDaHGmmc49KbhavcaPByFP7HNZoic71o9tTfWNsy5tcHxDnyimJvn2c1FZf68CQTmbM2GUDZ,hold 50 slots,0.008602906089813234
5dzH7gh5FjtrxUwtfBufJyTBA4fyCUGheZsdYQsE9vag,5dzH7g,E1WrNGXkmKyDPjAKr9QeBwQyew2Hy9c4W1xd4ZizUBoT,236t7mJpcD8vY4ZvBDaHGmmc49KbhavcaPByFP7HNZoic71o9tTfWNsy5tcHxDnyimJvn2c1FZf68CQTmbM2GUDZ,hold 75 slots,0.023334069675478457
5dzH7gh5FjtrxUwtfBufJyTBA4fyCUGheZsdYQsE9vag,5dzH7g,E1WrNGXkmKyDPjAKr9QeBwQyew2Hy9c4W1xd4ZizUBoT,236t7mJpcD8vY4ZvBDaHGmmc49KbhavcaPByFP7HNZoic71o9tTfWNsy5tcHxDnyimJvn2c1FZf68CQTmbM2GUDZ,hold 150 slots,-0.6829943266704559
5dzH7gh5FjtrxUwtfBufJyTBA4fyCUGheZsdYQsE9vag,5dzH7g,E1WrNGXkmKyDPjAKr9QeBwQyew2Hy9c4W1xd4ZizUBoT,236t7mJpcD8vY4ZvBDaHGmmc49KbhavcaPByFP7HNZoic71o9tTfWNsy5tcHxDnyimJvn2c1FZf68CQTmbM2GUDZ,TP 10% / SL 10%,0.10919695727382087
5dzH7gh5FjtrxUwtfBufJyTBA4fyCUGheZsdYQsE9vag,5dzH7g,E1WrNGXkmKyDPjAKr9QeBwQyew2Hy9c4W1xd4ZizUBoT,236t7mJpcD8vY4ZvBDaHGmmc49KbhavcaPByFP7HNZoic71o9tTfWNsy5tcHxDnyimJvn2c1FZf68CQTmbM2GUDZ,TP 20% / SL 10%,-0.6829943266704559
5dzH7gh5FjtrxUwtfBufJyTBA4fyCUGheZsdYQsE9vag,5dzH7g,E1WrNGXkmKyDPjAKr9QeBwQyew2Hy9c4W1xd4ZizUBoT,236t7mJpcD8vY4ZvBDaHGmmc49KbhavcaPByFP7HNZoic71o9tTfWNsy5tcHxDnyimJvn2c1FZf68CQTmbM2GUDZ,TP 30% / SL 15%,-0.6829943266704559
5dzH7gh5FjtrxUwtfBufJyTBA4fyCUGheZsdYQsE9vag,5dzH7g,E1WrNGXkmKyDPjAKr9QeBwQyew2Hy9c4W1xd4ZizUBoT,236t7mJpcD8vY4ZvBDaHGmmc49KbhavcaPByFP7HNZoic71o9tTfWNsy5tcHxDnyimJvn2c1FZf68CQTmbM2GUDZ,TP 50% / SL 25%,-0.6829943266704559
5dzH7gh5FjtrxUwtfBufJyTBA4fyCUGheZsdYQsE9vag,5dzH7g,E1WrNGXkmKyDPjAKr9QeBwQyew2Hy9c4W1xd4ZizUBoT,236t7mJpcD8vY4ZvBDaHGmmc49KbhavcaPByFP7HNZoic71o9tTfWNsy5tcHxDnyimJvn2c1FZf68CQTmbM2GUDZ,TP 100% / SL 30%,-0.6829943266704559
5dzH7gh5FjtrxUwtfBufJyTBA4fyCUGheZsdYQsE9vag,5dzH7g,9wKaPbDkHGgYPUhjBnCv6r8eFTRCPE4mYsD8Mvxapump,2bjuPngFXUsCLtjhuJvYDKUMAP41v2w2Pk7ijMCBj8BmPW57T1WyAQT2YaZQiv8so7og92YTHsAYX1jiDvFvZeVm,follow wallet,-0.34454915072457887
5dzH7gh5FjtrxUwtfBufJyTBA4fyCUGheZsdYQsE9vag,5dzH7g,9wKaPbDkHGgYPUhjBnCv6r8eFTRCPE4mYsD8Mvxapump,2bjuPngFXUsCLtjhuJvYDKUMAP41v2w2Pk7ijMCBj8BmPW57T1WyAQT2YaZQiv8so7og92YTHsAYX1jiDvFvZeVm,hold 1 slots,-0.03875975045074832
5dzH7gh5FjtrxUwtfBufJyTBA4fyCUGheZsdYQsE9vag,5dzH7g,9wKaPbDkHGgYPUhjBnCv6r8eFTRCPE4mYsD8Mvxapump,2bjuPngFXUsCLtjhuJvYDKUMAP41v2w2Pk7ijMCBj8BmPW57T1WyAQT2YaZQiv8so7og92YTHsAYX1jiDvFvZeVm,hold 3 slots,-0.04051066490522468
5dzH7gh5FjtrxUwtfBufJyTBA4fyCUGheZsdYQsE9vag,5dzH7g,9wKaPbDkHGgYPUhjBnCv6r8eFTRCPE4mYsD8Mvxapump,2bjuPngFXUsCLtjhuJvYDKUMAP41v2w2Pk7ijMCBj8BmPW57T1WyAQT2YaZQiv8so7og92YTHsAYX1jiDvFvZeVm,hold 5 slots,-0.015831955664483664
5dzH7gh5FjtrxUwtfBufJyTBA4fyCUGheZsdYQsE9vag,5dzH7g,9wKaPbDkHGgYPUhjBnCv6r8eFTRCPE4mYsD8Mvxapump,2bjuPngFXUsCLtjhuJvYDKUMAP41v2w2Pk7ijMCBj8BmPW57T1WyAQT2YaZQiv8so7og92YTHsAYX1jiDvFvZeVm,hold 12 slots,0.0010967780831224912
5dzH7gh5FjtrxUwtfBufJyTBA4fyCUGheZsdYQsE9vag,5dzH7g,9wKaPbDkHGgYPUhjBnCv6r8eFTRCPE4mYsD8Mvxapump,2bjuPngFXUsCLtjhuJvYDKUMAP41v2w2Pk7ijMCBj8BmPW57T1WyAQT2YaZQiv8so7og92YTHsAYX1jiDvFvZeVm,hold 25 slots,0.006681145497689247
5dzH7gh5FjtrxUwtfBufJyTBA4fyCUGheZsdYQsE9vag,5dzH7g,9wKaPbDkHGgYPUhjBnCv6r8eFTRCPE4mYsD8Mvxapump,2bjuPngFXUsCLtjhuJvYDKUMAP41v2w2Pk7ijMCBj8BmPW57T1WyAQT2YaZQiv8so7og92YTHsAYX1jiDvFvZeVm,hold 50 slots,-0.06986226496914184
5dzH7gh5FjtrxUwtfBufJyTBA4fyCUGheZsdYQsE9vag,5dzH7g,9wKaPbDkHGgYPUhjBnCv6r8eFTRCPE4mYsD8Mvxapump,2bjuPngFXUsCLtjhuJvYDKUMAP41v2w2Pk7ijMCBj8BmPW57T1WyAQT2YaZQiv8so7og92YTHsAYX1jiDvFvZeVm,hold 75 slots,-0.056711240072786925
5dzH7gh5FjtrxUwtfBufJyTBA4fyCUGheZsdYQsE9vag,5dzH7g,9wKaPbDkHGgYPUhjBnCv6r8eFTRCPE4mYsD8Mvxapump,2bjuPngFXUsCLtjhuJvYDKUMAP41v2w2Pk7ijMCBj8BmPW57T1WyAQT2YaZQiv8so7og92YTHsAYX1jiDvFvZeVm,hold 150 slots,-0.13239243708474732
5dzH7gh5FjtrxUwtfBufJyTBA4fyCUGheZsdYQsE9vag,5dzH7g,9wKaPbDkHGgYPUhjBnCv6r8eFTRCPE4mYsD8Mvxapump,2bjuPngFXUsCLtjhuJvYDKUMAP41v2w2Pk7ijMCBj8BmPW57T1WyAQT2YaZQiv8so7og92YTHsAYX1jiDvFvZeVm,TP 10% / SL 10%,-0.13239243708474732
5dzH7gh5FjtrxUwtfBufJyTBA4fyCUGheZsdYQsE9vag,5dzH7g,9wKaPbDkHGgYPUhjBnCv6r8eFTRCPE4mYsD8Mvxapump,2bjuPngFXUsCLtjhuJvYDKUMAP41v2w2Pk7ijMCBj8BmPW57T1WyAQT2YaZQiv8so7og92YTHsAYX1jiDvFvZeVm,TP 20% / SL 10%,-0.13239243708474732
5dzH7gh5FjtrxUwtfBufJyTBA4fyCUGheZsdYQsE9vag,5dzH7g,9wKaPbDkHGgYPUhjBnCv6r8eFTRCPE4mYsD8Mvxapump,2bjuPngFXUsCLtjhuJvYDKUMAP41v2w2Pk7ijMCBj8BmPW57T1WyAQT2YaZQiv8so7og92YTHsAYX1jiDvFvZeVm,TP 30% / SL 15%,-0.13239243708474732
5dzH7gh5FjtrxUwtfBufJyTBA4fyCUGheZsdYQsE9vag,5dzH7g,9wKaPbDkHGgYPUhjBnCv6r8eFTRCPE4mYsD8Mvxapump,2bjuPngFXUsCLtjhuJvYDKUMAP41v2w2Pk7ijMCBj8BmPW57T1WyAQT2YaZQiv8so7og92YTHsAYX1jiDvFvZeVm,TP 50% / SL 25%,-0.13239243708474732
5dzH7gh5FjtrxUwtfBufJyTBA4fyCUGheZsdYQsE9vag,5dzH7g,9wKaPbDkHGgYPUhjBnCv6r8eFTRCPE4mYsD8Mvxapump,2bjuPngFXUsCLtjhuJvYDKUMAP41v2w2Pk7ijMCBj8BmPW57T1WyAQT2YaZQiv8so7og92YTHsAYX1jiDvFvZeVm,TP 100% / SL 30%,-0.13239243708474732
FqamE7xrahg7FEWoByrx1o8SeyHt44rpmE6ZQfT7zrve,FqamE7,5mwYxqwqZHL5jCYT6STtt7YgXakb53cnxsNWbgrqpump,46Ts9SSff2pM5BKypQnWwJZNj3dLtjXn7aQAgxyaSZAx1qQpHUPWtxeLeSMoon9jiLvYHYm3tSdvHpkKaKHDZYuW,follow wallet,-0.07379551938034726
FqamE7xrahg7FEWoByrx1o8SeyHt44rpmE6ZQfT7zrve,FqamE7,5mwYxqwqZHL5jCYT6STtt7YgXakb53cnxsNWbgrqpump,46Ts9SSff2pM5BKypQnWwJZNj3dLtjXn7aQAgxyaSZAx1qQpHUPWtxeLeSMoon9jiLvYHYm3tSdvHpkKaKHDZYuW,hold 1 slots,-0.06140580138240969
FqamE7xrahg7FEWoByrx1o8SeyHt44rpmE6ZQfT7zrve,FqamE7,5mwYxqwqZHL5jCYT6STtt7YgXakb53cnxsNWbgrqpump,46Ts9SSff2pM5BKypQnWwJZNj3dLtjXn7aQAgxyaSZAx1qQpHUPWtxeLeSMoon9jiLvYHYm3tSdvHpkKaKHDZYuW,hold 3 slots,-0.04614057481230557
FqamE7xrahg7FEWoByrx1o8SeyHt44rpmE6ZQfT7zrve,FqamE7,5mwYxqwqZHL5jCYT6STtt7YgXakb53cnxsNWbgrqpump,46Ts9SSff2pM5BKypQnWwJZNj3dLtjXn7aQAgxyaSZAx1qQpHUPWtxeLeSMoon9jiLvYHYm3tSdvHpkKaKHDZYuW,hold 5 slots,-0.04614057481230557
FqamE7xrahg7FEWoByrx1o8SeyHt44rpmE6ZQfT7zrve,FqamE7,5mwYxqwqZHL5jCYT6STtt7YgXakb53cnxsNWbgrqpump,46Ts9SSff2pM5BKypQnWwJZNj3dLtjXn7aQAgxyaSZAx1qQpHUPWtxeLeSMoon9jiLvYHYm3tSdvHpkKaKHDZYuW,hold 12 slots,-0.030754161498427152
FqamE7xrahg7FEWoByrx1o8SeyHt44rpmE6ZQfT7zrve,FqamE7,5mwYxqwqZHL5jCYT6STtt7YgXakb53cnxsNWbgrqpump,46Ts9SSff2pM5BKypQnWwJZNj3dLtjXn7aQAgxyaSZAx1qQpHUPWtxeLeSMoon9jiLvYHYm3tSdvHpkKaKHDZYuW,hold 25 slots,-0.14529474035561646
FqamE7xrahg7FEWoByrx1o8SeyHt44rpmE6ZQfT7zrve,FqamE7,5mwYxqwqZHL5jCYT6STtt7YgXakb53cnxsNWbgrqpump,46Ts9SSff2pM5BKypQnWwJZNj3dLtjXn7aQAgxyaSZAx1qQpHUPWtxeLeSMoon9jiLvYHYm3tSdvHpkKaKHDZYuW,hold 50 slots,0.01605699767402041
FqamE7xrahg7FEWoByrx1o8SeyHt44rpmE6ZQfT7zrve,FqamE7,5mwYxqwqZHL5jCYT6STtt7YgXakb53cnxsNWbgrqpump,46Ts9SSff2pM5BKypQnWwJZNj3dLtjXn7aQAgxyaSZAx1qQpHUPWtxeLeSMoon9jiLvYHYm3tSdvHpkKaKHDZYuW,hold 75 slots,0.03686428730339289
FqamE7xrahg7FEWoByrx1o8SeyHt44rpmE6ZQfT7zrve,FqamE7,5mwYxqwqZHL5jCYT6STtt7YgXakb53cnxsNWbgrqpump,46Ts9SSff2pM5BKypQnWwJZNj3dLtjXn7aQAgxyaSZAx1qQpHUPWtxeLeSMoon9jiLvYHYm3tSdvHpkKaKHDZYuW,hold 150 slots,-0.20620938331296088
FqamE7xrahg7FEWoByrx1o8SeyHt44rpmE6ZQfT7zrve,FqamE7,5mwYxqwqZHL5jCYT6STtt7YgXakb53cnxsNWbgrqpump,46Ts9SSff2pM5BKypQnWwJZNj3dLtjXn7aQAgxyaSZAx1qQpHUPWtxeLeSMoon9jiLvYHYm3tSdvHpkKaKHDZYuW,TP 10% / SL 10%,-0.1398243216172104
FqamE7xrahg7FEWoByrx1o8SeyHt44rpmE6ZQfT7zrve,FqamE7,5mwYxqwqZHL5jCYT6STtt7YgXakb53cnxsNWbgrqpump,46Ts9SSff2pM5BKypQnWwJZNj3dLtjXn7aQAgxyaSZAx1qQpHUPWtxeLeSMoon9jiLvYHYm3tSdvHpkKaKHDZYuW,TP 20% / SL 10%,-0.1398243216172104
FqamE7xrahg7FEWoByrx1o8SeyHt44rpmE6ZQfT7zrve,FqamE7,5mwYxqwqZHL5jCYT6STtt7YgXakb53cnxsNWbgrqpump,46Ts9SSff2pM5BKypQnWwJZNj3dLtjXn7aQAgxyaSZAx1qQpHUPWtxeLeSMoon9jiLvYHYm3tSdvHpkKaKHDZYuW,TP 30% / SL 15%,-0.2049386294775009
FqamE7xrahg7FEWoByrx1o8SeyHt44rpmE6ZQfT7zrve,FqamE7,5mwYxqwqZHL5jCYT6STtt7YgXakb53cnxsNWbgrqpump,46Ts9SSff2pM5BKypQnWwJZNj3dLtjXn7aQAgxyaSZAx1qQpHUPWtxeLeSMoon9jiLvYHYm3tSdvHpkKaKHDZYuW,TP 50% / SL 25%,-0.20620938331296088
FqamE7xrahg7FEWoByrx1o8SeyHt44rpmE6ZQfT7zrve,FqamE7,5mwYxqwqZHL5jCYT6STtt7YgXakb53cnxsNWbgrqpump,46Ts9SSff2pM5BKypQnWwJZNj3dLtjXn7aQAgxyaSZAx1qQpHUPWtxeLeSMoon9jiLvYHYm3tSdvHpkKaKHDZYuW,TP 100% / SL 30%,-0.20620938331296088
FqamE7xrahg7FEWoByrx1o8SeyHt44rpmE6ZQfT7zrve,FqamE7,Gns6zAioqXNCbukWNr9M3n7KQ4Piy6MJtoRUsdbeD95q,5nsCamHdS9R67y7Kw5G4BSXTPWbvH8cNKb9KD9DhQJLfQcJ8zRk1A6CzhsK2KbcB9AJ1f436nERwTmpTHkiiQoqm,follow wallet,-0.1976022275140815
FqamE7xrahg7FEWoByrx1o8SeyHt44rpmE6ZQfT7zrve,FqamE7,Gns6zAioqXNCbukWNr9M3n7KQ4Piy6MJtoRUsdbeD95q,5nsCamHdS9R67y7Kw5G4BSXTPWbvH8cNKb9KD9DhQJLfQcJ8zRk1A6CzhsK2KbcB9AJ1f436nERwTmpTHkiiQoqm,hold 1 slots,-0.08655368425357915
FqamE7xrahg7FEWoByrx1o8SeyHt44rpmE6ZQfT7zrve,FqamE7,Gns6zAioqXNCbukWNr9M3n7KQ4Piy6MJtoRUsdbeD95q,5nsCamHdS9R67y7Kw5G4BSXTPWbvH8cNKb9KD9DhQJLfQcJ8zRk1A6CzhsK2KbcB9AJ1f436nERwTmpTHkiiQoqm,hold 3 slots,-0.07914039561043335
FqamE7xrahg7FEWoByrx1o8SeyHt44rpmE6ZQfT7zrve,FqamE7,Gns6zAioqXNCbukWNr9M3n7KQ4Piy6MJtoRUsdbeD95q,5nsCamHdS9R67y7Kw5G4BSXTPWbvH8cNKb9KD9DhQJLfQcJ8zRk1A6CzhsK2KbcB9AJ1f436nERwTmpTHkiiQoqm,hold 5 slots,-0.1976022275140815
FqamE7xrahg7FEWoByrx1o8SeyHt44rpmE6ZQfT7zrve,FqamE7,Gns6zAioqXNCbukWNr9M3n7KQ4Piy6MJtoRUsdbeD95q,5nsCamHdS9R67y7Kw5G4BSXTPWbvH8cNKb9KD9DhQJLfQcJ8zRk1A6CzhsK2KbcB9AJ1f436nERwTmpTHkiiQoqm,hold 12 slots,-0.1113964058105408
FqamE7xrahg7FEWoByrx1o8SeyHt44rpmE6ZQfT7zrve,FqamE7,Gns6zAioqXNCbukWNr9M3n7KQ4Piy6MJtoRUsdbeD95q,5nsCamHdS9R67y7Kw5G4BSXTPWbvH8cNKb9KD9DhQJLfQcJ8zRk1A6CzhsK2KbcB9AJ1f436nERwTmpTHkiiQoqm,hold 25 slots,-0.1079697582606238
FqamE7xrahg7FEWoByrx1o8SeyHt44rpmE6ZQfT7zrve,FqamE7,Gns6zAioqXNCbukWNr9M3n7KQ4Piy6MJtoRUsdbeD95q,5nsCamHdS9R67y7Kw5G4BSXTPWbvH8cNKb9KD9DhQJLfQcJ8zRk1A6CzhsK2KbcB9AJ1f436nERwTmpTHkiiQoqm,hold 50 slots,0.010715902011240244
FqamE7xrahg7FEWoByrx1o8SeyHt44rpmE6ZQfT7zrve,FqamE7,Gns6zAioqXNCbukWNr9M3n7KQ4Piy6MJtoRUsdbeD95q,5nsCamHdS9R67y7Kw5G4BSXTPWbvH8cNKb9KD9DhQJLfQcJ8zRk1A6CzhsK2KbcB9AJ1f436nERwTmpTHkiiQoqm,hold 75 slots,0.036957079906032086
FqamE7xrahg7FEWoByrx1o8SeyHt44rpmE6ZQfT7zrve,FqamE7,Gns6zAioqXNCbukWNr9M3n7KQ4Piy6MJtoRUsdbeD95q,5nsCamHdS9R67y7Kw5G4BSXTPWbvH8cNKb9KD9DhQJLfQcJ8zRk1A6CzhsK2KbcB9AJ1f436nERwTmpTHkiiQoqm,hold 150 slots,0.0846318008698852
FqamE7xrahg7FEWoByrx1o8SeyHt44rpmE6ZQfT7zrve,FqamE7,Gns6zAioqXNCbukWNr9M3n7KQ4Piy6MJtoRUsdbeD95q,5nsCamHdS9R67y7Kw5G4BSXTPWbvH8cNKb9KD9DhQJLfQcJ8zRk1A6CzhsK2KbcB9AJ1f436nERwTmpTHkiiQoqm,TP 10% / SL 10%,-0.1976022275140815
FqamE7xrahg7FEWoByrx1o8SeyHt44rpmE6ZQfT7zrve,FqamE7,Gns6zAioqXNCbukWNr9M3n7KQ4Piy6MJtoRUsdbeD95q,5nsCamHdS9R67y7Kw5G4BSXTPWbvH8cNKb9KD9DhQJLfQcJ8zRk1A6CzhsK2KbcB9AJ1f436nERwTmpTHkiiQoqm,TP 20% / SL 10%,-0.1976022275140815
FqamE7xrahg7FEWoByrx1o8SeyHt44rpmE6ZQfT7zrve,FqamE7,Gns6zAioqXNCbukWNr9M3n7KQ4Piy6MJtoRUsdbeD95q,5nsCamHdS9R67y7Kw5G4BSXTPWbvH8cNKb9KD9DhQJLfQcJ8zRk1A6CzhsK2KbcB9AJ1f436nERwTmpTHkiiQoqm,TP 30% / SL 15%,-0.1976022275140815
FqamE7xrahg7FEWoByrx1o8SeyHt44rpmE6ZQfT7zrve,FqamE7,Gns6zAioqXNCbukWNr9M3n7KQ4Piy6MJtoRUsdbeD95q,5nsCamHdS9R67y7Kw5G4BSXTPWbvH8cNKb9KD9DhQJLfQcJ8zRk1A6CzhsK2KbcB9AJ1f436nERwTmpTHkiiQoqm,TP 50% / SL 25%,0.0846318008698852
FqamE7xrahg7FEWoByrx1o8SeyHt44rpmE6ZQfT7zrve,FqamE7,Gns6zAioqXNCbukWNr9M3n7KQ4Piy6MJtoRUsdbeD95q,5nsCamHdS9R67y7Kw5G4BSXTPWbvH8cNKb9KD9DhQJLfQcJ8zRk1A6CzhsK2KbcB9AJ1f436nERwTmpTHkiiQoqm,TP 100% / SL 30%,0.0846318008698852
FqamE7xrahg7FEWoByrx1o8SeyHt44rpmE6ZQfT7zrve,FqamE7,Z2hvPoEf27D1dN6PCn2bZMsb4sN8krRsVtEeQnTEamP,5cxixskd2knaEbWMMEkivmKKE5KtamEULMzYPwTvZkq5iLTVTLbXUAUdgLDBA3FbWsnMq5Ub5giUYk8EfQFnjDBy,follow wallet,-0.09469208062013065
FqamE7xrahg7FEWoByrx1o8SeyHt44rpmE6ZQfT7zrve,FqamE7,Z2hvPoEf27D1dN6PCn2bZMsb4sN8krRsVtEeQnTEamP,5cxixskd2knaEbWMMEkivmKKE5KtamEULMzYPwTvZkq5iLTVTLbXUAUdgLDBA3FbWsnMq5Ub5giUYk8EfQFnjDBy,hold 1 slots,-0.1446996410857065
FqamE7xrahg7FEWoByrx1o8SeyHt44rpmE6ZQfT7zrve,FqamE7,Z2hvPoEf27D1dN6PCn2bZMsb4sN8krRsVtEeQnTEamP,5cxixskd2knaEbWMMEkivmKKE5KtamEULMzYPwTvZkq5iLTVTLbXUAUdgLDBA3FbWsnMq5Ub5giUYk8EfQFnjDBy,hold 3 slots,-0.13037717859149384
FqamE7xrahg7FEWoByrx1o8SeyHt44rpmE6ZQfT7zrve,FqamE7,Z2hvPoEf27D1dN6PCn2bZMsb4sN8krRsVtEeQnTEamP,5cxixskd2knaEbWMMEkivmKKE5KtamEULMzYPwTvZkq5iLTVTLbXUAUdgLDBA3FbWsnMq5Ub5giUYk8EfQFnjDBy,hold 5 slots,-0.155225194697284
FqamE7xrahg7FEWoByrx1o8SeyHt44rpmE6ZQfT7zrve,FqamE7,Z2hvPoEf27D1dN6PCn2bZMsb4sN8krRsVtEeQnTEamP,5cxixskd2knaEbWMMEkivmKKE5KtamEULMzYPwTvZkq5iLTVTLbXUAUdgLDBA3FbWsnMq5Ub5giUYk8EfQFnjDBy,hold 12 slots,-0.07253901371213103
FqamE7xrahg7FEWoByrx1o8SeyHt44rpmE6ZQfT7zrve,FqamE7,Z2hvPoEf27D1dN6PCn2bZMsb4sN8krRsVtEeQnTEamP,5cxixskd2knaEbWMMEkivmKKE5KtamEULMzYPwTvZkq5iLTVTLbXUAUdgLDBA3FbWsnMq5Ub5giUYk8EfQFnjDBy,hold 25 slots,-0.10238732817237187
FqamE7xrahg7FEWoByrx1o8SeyHt44rpmE6ZQfT7zrve,FqamE7,Z2hvPoEf27D1dN6PCn2bZMsb4sN8krRsVtEeQnTEamP,5cxixskd2knaEbWMMEkivmKKE5KtamEULMzYPwTvZkq5iLTVTLbXUAUdgLDBA3FbWsnMq5Ub5giUYk8EfQFnjDBy,hold 50 slots,-0.011878920382775902
FqamE7xrahg7FEWoByrx1o8SeyHt44rpmE6ZQfT7zrve,FqamE7,Z2hvPoEf27D1dN6PCn2bZMsb4sN8krRsVtEeQnTEamP,5cxixskd2knaEbWMMEkivmKKE5KtamEULMzYPwTvZkq5iLTVTLbXUAUdgLDBA3FbWsnMq5Ub5giUYk8EfQFnjDBy,hold 75 slots,0.06348399593669365
FqamE7xrahg7FEWoByrx1o8SeyHt44rpmE6ZQfT7zrve,FqamE7,Z2hvPoEf27D1dN6PCn2bZMsb4sN8krRsVtEeQnTEamP,5cxixskd2knaEbWMMEkivmKKE5KtamEULMzYPwTvZkq5iLTVTLbXUAUdgLDBA3FbWsnMq5Ub5giUYk8EfQFnjDBy,hold 150 slots,0.11441650543358636
FqamE7xrahg7FEWoByrx1o8SeyHt44rpmE6ZQfT7zrve,FqamE7,Z2hvPoEf27D1dN6PCn2bZMsb4sN8krRsVtEeQnTEamP,5cxixskd2knaEbWMMEkivmKKE5KtamEULMzYPwTvZkq5iLTVTLbXUAUdgLDBA3FbWsnMq5Ub5giUYk8EfQFnjDBy,TP 10% / SL 10%,-0.1446996410857065
FqamE7xrahg7FEWoByrx1o8SeyHt44rpmE6ZQfT7zrve,FqamE7,Z2hvPoEf27D1dN6PCn2bZMsb4sN8krRsVtEeQnTEamP,5cxixskd2knaEbWMMEkivmKKE5KtamEULMzYPwTvZkq5iLTVTLbXUAUdgLDBA3FbWsnMq5Ub5giUYk8EfQFnjDBy,TP 20% / SL 10%,-0.1446996410857065
FqamE7xrahg7FEWoByrx1o8SeyHt44rpmE6ZQfT7zrve,FqamE7,Z2hvPoEf27D1dN6PCn2bZMsb4sN8krRsVtEeQnTEamP,5cxixskd2knaEbWMMEkivmKKE5KtamEULMzYPwTvZkq5iLTVTLbXUAUdgLDBA3FbWsnMq5Ub5giUYk8EfQFnjDBy,TP 30% / SL 15%,-0.155225194697284
FqamE7xrahg7FEWoByrx1o8SeyHt44rpmE6ZQfT7zrve,FqamE7,Z2hvPoEf27D1dN6PCn2bZMsb4sN8krRsVtEeQnTEamP,5cxixskd2knaEbWMMEkivmKKE5KtamEULMzYPwTvZkq5iLTVTLbXUAUdgLDBA3FbWsnMq5Ub5giUYk8EfQFnjDBy,TP 50% / SL 25%,0.11441650543358636
FqamE7xrahg7FEWoByrx1o8SeyHt44rpmE6ZQfT7zrve,FqamE7,Z2hvPoEf27D1dN6PCn2bZMsb4sN8krRsVtEeQnTEamP,5cxixskd2knaEbWMMEkivmKKE5KtamEULMzYPwTvZkq5iLTVTLbXUAUdgLDBA3FbWsnMq5Ub5giUYk8EfQFnjDBy,TP 100% / SL 30%,0.11441650543358636
FqamE7xrahg7FEWoByrx1o8SeyHt44rpmE6ZQfT7zrve,FqamE7,3qLYNpFhgQVpzRGZ9vZUFzutqdu6Zvu4tcnxgW9rFFd7,2MVA5772hkJ6suFnC6wxVVsW1tHsySfp8RVr52arwwwPj4saE9kDtd6kZrTaXYbQsZAqNWWL9ocFCVvd6FdvcnBm,follow wallet,-0.48094961989351076
FqamE7xrahg7FEWoByrx1o8SeyHt44rpmE6ZQfT7zrve,FqamE7,3qLYNpFhgQVpzRGZ9vZUFzutqdu6Zvu4tcnxgW9rFFd7,2MVA5772hkJ6suFnC6wxVVsW1tHsySfp8RVr52arwwwPj4saE9kDtd6kZrTaXYbQsZAqNWWL9ocFCVvd6FdvcnBm,hold 1 slots,-0.02827927206422794
FqamE7xrahg7FEWoByrx1o8SeyHt44rpmE6ZQfT7zrve,FqamE7,3qLYNpFhgQVpzRGZ9vZUFzutqdu6Zvu4tcnxgW9rFFd7,2MVA5772hkJ6suFnC6wxVVsW1tHsySfp8RVr52arwwwPj4saE9kDtd6kZrTaXYbQsZAqNWWL9ocFCVvd6FdvcnBm,hold 3 slots,-0.02827927206422794
FqamE7xrahg7FEWoByrx1o8SeyHt44rpmE6ZQfT7zrve,FqamE7,3qLYNpFhgQVpzRGZ9vZUFzutqdu6Zvu4tcnxgW9rFFd7,2MVA5772hkJ6suFnC6wxVVsW1tHsySfp8RVr52arwwwPj4saE9kDtd6kZrTaXYbQsZAqNWWL9ocFCVvd6FdvcnBm,hold 5 slots,-0.05003474501060975
FqamE7xrahg7FEWoByrx1o8SeyHt44rpmE6ZQfT7zrve,FqamE7,3qLYNpFhgQVpzRGZ9vZUFzutqdu6Zvu4tcnxgW9rFFd7,2MVA5772hkJ6suFnC6wxVVsW1tHsySfp8RVr52arwwwPj4saE9kDtd6kZrTaXYbQsZAqNWWL9ocFCVvd6FdvcnBm,hold 12 slots,-0.02825750337426269
FqamE7xrahg7FEWoByrx1o8SeyHt44rpmE6ZQfT7zrve,FqamE7,3qLYNpFhgQVpzRGZ9vZUFzutqdu6Zvu4tcnxgW9rFFd7,2MVA5772hkJ6suFnC6wxVVsW1tHsySfp8RVr52arwwwPj4saE9kDtd6kZrTaXYbQsZAqNWWL9ocFCVvd6FdvcnBm,hold 25 slots,-0.07538758745883548
FqamE7xrahg7FEWoByrx1o8SeyHt44rpmE6ZQfT7zrve,FqamE7,3qLYNpFhgQVpzRGZ9vZUFzutqdu6Zvu4tcnxgW9rFFd7,2MVA5772hkJ6suFnC6wxVVsW1tHsySfp8RVr52arwwwPj4saE9kDtd6kZrTaXYbQsZAqNWWL9ocFCVvd6FdvcnBm,hold 50 slots,-0.24322787805723514
FqamE7xrahg7FEWoByrx1o8SeyHt44rpmE6ZQfT7zrve,FqamE7,3qLYNpFhgQVpzRGZ9vZUFzutqdu6Zvu4tcnxgW9rFFd7,2MVA5772hkJ6suFnC6wxVVsW1tHsySfp8RVr52arwwwPj4saE9kDtd6kZrTaXYbQsZAqNWWL9ocFCVvd6FdvcnBm,hold 75 slots,-0.15984566062616218
FqamE7xrahg7FEWoByrx1o8SeyHt44rpmE6ZQfT7zrve,FqamE7,3qLYNpFhgQVpzRGZ9vZUFzutqdu6Zvu4tcnxgW9rFFd7,2MVA5772hkJ6suFnC6wxVVsW1tHsySfp8RVr52arwwwPj4saE9kDtd6kZrTaXYbQsZAqNWWL9ocFCVvd6FdvcnBm,hold 150 slots,-0.07734497430049933
FqamE7xrahg7FEWoByrx1o8SeyHt44rpmE6ZQfT7zrve,FqamE7,3qLYNpFhgQVpzRGZ9vZUFzutqdu6Zvu4tcnxgW9rFFd7,2MVA5772hkJ6suFnC6wxVVsW1tHsySfp8RVr52arwwwPj4saE9kDtd6kZrTaXYbQsZAqNWWL9ocFCVvd6FdvcnBm,TP 10% / SL 10%,-0.19257968905464423
FqamE7xrahg7FEWoByrx1o8SeyHt44rpmE6ZQfT7zrve,FqamE7,3qLYNpFhgQVpzRGZ9vZUFzutqdu6Zvu4tcnxgW9rFFd7,2MVA5772hkJ6suFnC6wxVVsW1tHsySfp8RVr52arwwwPj4saE9kDtd6kZrTaXYbQsZAqNWWL9ocFCVvd6FdvcnBm,TP 20% / SL 10%,-0.19257968905464423
FqamE7xrahg7FEWoByrx1o8SeyHt44rpmE6ZQfT7zrve,FqamE7,3qLYNpFhgQVpzRGZ9vZUFzutqdu6Zvu4tcnxgW9rFFd7,2MVA5772hkJ6suFnC6wxVVsW1tHsySfp8RVr52arwwwPj4saE9kDtd6kZrTaXYbQsZAqNWWL9ocFCVvd6FdvcnBm,TP 30% / SL 15%,-0.19257968905464423
FqamE7xrahg7FEWoByrx1o8SeyHt44rpmE6ZQfT7zrve,FqamE7,3qLYNpFhgQVpzRGZ9vZUFzutqdu6Zvu4tcnxgW9rFFd7,2MVA5772hkJ6suFnC6wxVVsW1tHsySfp8RVr52arwwwPj4saE9kDtd6kZrTaXYbQsZAqNWWL9ocFCVvd6FdvcnBm,TP 50% / SL 25%,-0.07734497430049933
FqamE7xrahg7FEWoByrx1o8SeyHt44rpmE6ZQfT7zrve,FqamE7,3qLYNpFhgQVpzRGZ9vZUFzutqdu6Zvu4tcnxgW9rFFd7,2MVA5772hkJ6suFnC6wxVVsW1tHsySfp8RVr52arwwwPj4saE9kDtd6kZrTaXYbQsZAqNWWL9ocFCVvd6FdvcnBm,TP 100% / SL 30%,-0.07734497430049933
FqamE7xrahg7FEWoByrx1o8SeyHt44rpmE6ZQfT7zrve,FqamE7,BVchAFVYSFSr8RjkkyWdK2H2BQ3GRnWSNgTaDtBDLCxk,48W7K6uKimyXngPwGJ3NTkDQhzBxGYg3UW6WFLPNnJNjPG4Q592FnDVqYYssCNmcGMijpqXTLxV6KyWhYso3ZxVE,follow wallet,-0.14091905490056242
FqamE7xrahg7FEWoByrx1o8SeyHt44rpmE6ZQfT7zrve,FqamE7,BVchAFVYSFSr8RjkkyWdK2H2BQ3GRnWSNgTaDtBDLCxk,48W7K6uKimyXngPwGJ3NTkDQhzBxGYg3UW6WFLPNnJNjPG4Q592FnDVqYYssCNmcGMijpqXTLxV6KyWhYso3ZxVE,hold 1 slots,0.007515115203412413
FqamE7xrahg7FEWoByrx1o8SeyHt44rpmE6ZQfT7zrve,FqamE7,BVchAFVYSFSr8RjkkyWdK2H2BQ3GRnWSNgTaDtBDLCxk,48W7K6uKimyXngPwGJ3NTkDQhzBxGYg3UW6WFLPNnJNjPG4Q592FnDVqYYssCNmcGMijpqXTLxV6KyWhYso3ZxVE,hold 3 slots,-0.004526914886258006
FqamE7xrahg7FEWoByrx1o8SeyHt44rpmE6ZQfT7zrve,FqamE7,BVchAFVYSFSr8RjkkyWdK2H2BQ3GRnWSNgTaDtBDLCxk,48W7K6uKimyXngPwGJ3NTkDQhzBxGYg3UW6WFLPNnJNjPG4Q592FnDVqYYssCNmcGMijpqXTLxV6KyWhYso3ZxVE,hold 5 slots,-0.07509660776168275
FqamE7xrahg7FEWoByrx1o8SeyHt44rpmE6ZQfT7zrve,FqamE7,BVchAFVYSFSr8RjkkyWdK2H2BQ3GRnWSNgTaDtBDLCxk,48W7K6uKimyXngPwGJ3NTkDQhzBxGYg3UW6WFLPNnJNjPG4Q592FnDVqYYssCNmcGMijpqXTLxV6KyWhYso3ZxVE,hold 12 slots,-0.12100490286195373
FqamE7xrahg7FEWoByrx1o8SeyHt44rpmE6ZQfT7zrve,FqamE7,BVchAFVYSFSr8RjkkyWdK2H2BQ3GRnWSNgTaDtBDLCxk,48W7K6uKimyXngPwGJ3NTkDQhzBxGYg3UW6WFLPNnJNjPG4Q592FnDVqYYssCNmcGMijpqXTLxV6KyWhYso3ZxVE,hold 25 slots,-0.11404641570034396
FqamE7xrahg7FEWoByrx1o8SeyHt44rpmE6ZQfT7zrve,FqamE7,BVchAFVYSFSr8RjkkyWdK2H2BQ3GRnWSNgTaDtBDLCxk,48W7K6uKimyXngPwGJ3NTkDQhzBxGYg3UW6WFLPNnJNjPG4Q592FnDVqYYssCNmcGMijpqXTLxV6KyWhYso3ZxVE,hold 50 slots,-0.16321482089627742
FqamE7xrahg7FEWoByrx1o8SeyHt44rpmE6ZQfT7zrve,FqamE7,BVchAFVYSFSr8RjkkyWdK2H2BQ3GRnWSNgTaDtBDLCxk,48W7K6uKimyXngPwGJ3NTkDQhzBxGYg3UW6WFLPNnJNjPG4Q592FnDVqYYssCNmcGMijpqXTLxV6KyWhYso3ZxVE,hold 75 slots,-0.15319700135264744
FqamE7xrahg7FEWoByrx1o8SeyHt44rpmE6ZQfT7zrve,FqamE7,BVchAFVYSFSr8RjkkyWdK2H2BQ3GRnWSNgTaDtBDLCxk,48W7K6uKimyXngPwGJ3NTkDQhzBxGYg3UW6WFLPNnJNjPG4Q592FnDVqYYssCNmcGMijpqXTLxV6KyWhYso3ZxVE,hold 150 slots,-0.24822017855299985
FqamE7xrahg7FEWoByrx1o8SeyHt44rpmE6ZQfT7zrve,FqamE7,BVchAFVYSFSr8RjkkyWdK2H2BQ3GRnWSNgTaDtBDLCxk,48W7K6uKimyXngPwGJ3NTkDQhzBxGYg3UW6WFLPNnJNjPG4Q592FnDVqYYssCNmcGMijpqXTLxV6KyWhYso3ZxVE,TP 10% / SL 10%,-0.12100490286195373
FqamE7xrahg7FEWoByrx1o8SeyHt44rpmE6ZQfT7zrve,FqamE7,BVchAFVYSFSr8RjkkyWdK2H2BQ3GRnWSNgTaDtBDLCxk,48W7K6uKimyXngPwGJ3NTkDQhzBxGYg3UW6WFLPNnJNjPG4Q592FnDVqYYssCNmcGMijpqXTLxV6KyWhYso3ZxVE,TP 20% / SL 10%,-0.12100490286195373
FqamE7xrahg7FEWoByrx1o8SeyHt44rpmE6ZQfT7zrve,FqamE7,BVchAFVYSFSr8RjkkyWdK2H2BQ3GRnWSNgTaDtBDLCxk,48W7K6uKimyXngPwGJ3NTkDQhzBxGYg3UW6WFLPNnJNjPG4Q592FnDVqYYssCNmcGMijpqXTLxV6KyWhYso3ZxVE,TP 30% / SL 15%,-0.16321482089627742
FqamE7xrahg7FEWoByrx1o8SeyHt44rpmE6ZQfT7zrve,FqamE7,BVchAFVYSFSr8RjkkyWdK2H2BQ3GRnWSNgTaDtBDLCxk,48W7K6uKimyXngPwGJ3NTkDQhzBxGYg3UW6WFLPNnJNjPG4Q592FnDVqYYssCNmcGMijpqXTLxV6KyWhYso3ZxVE,TP 50% / SL 25%,-0.24822017855299985
FqamE7xrahg7FEWoByrx1o8SeyHt44rpmE6ZQfT7zrve,FqamE7,BVchAFVYSFSr8RjkkyWdK2H2BQ3GRnWSNgTaDtBDLCxk,48W7K6uKimyXngPwGJ3NTkDQhzBxGYg3UW6WFLPNnJNjPG4Q592FnDVqYYssCNmcGMijpqXTLxV6KyWhYso3ZxVE,TP 100% / SL 30%,-0.24822017855299985
AVjEtg2ECYKXYeqdRQXvaaAZBjfTjYuSMTR4WLhKoeQN,AVjEtg,AGvRUJUiEdw5Y1XvLqTAaHFeNPAaDXdqhwjZWNeEpump,28U5jpjmBEjo7UjY6Q8QgENuYwApJYYndChBMqb6WxhVesmCCsAjBoX3FutynK2GAnZP2DiEzB4hfmL4TkkcUPbm,follow wallet,0.09329027551762081
AVjEtg2ECYKXYeqdRQXvaaAZBjfTjYuSMTR4WLhKoeQN,AVjEtg,AGvRUJUiEdw5Y1XvLqTAaHFeNPAaDXdqhwjZWNeEpump,28U5jpjmBEjo7UjY6Q8QgENuYwApJYYndChBMqb6WxhVesmCCsAjBoX3FutynK2GAnZP2DiEzB4hfmL4TkkcUPbm,hold 1 slots,-0.05447548337027347
AVjEtg2ECYKXYeqdRQXvaaAZBjfTjYuSMTR4WLhKoeQN,AVjEtg,AGvRUJUiEdw5Y1XvLqTAaHFeNPAaDXdqhwjZWNeEpump,28U5jpjmBEjo7UjY6Q8QgENuYwApJYYndChBMqb6WxhVesmCCsAjBoX3FutynK2GAnZP2DiEzB4hfmL4TkkcUPbm,hold 3 slots,-0.05248445764920652
AVjEtg2ECYKXYeqdRQXvaaAZBjfTjYuSMTR4WLhKoeQN,AVjEtg,AGvRUJUiEdw5Y1XvLqTAaHFeNPAaDXdqhwjZWNeEpump,28U5jpjmBEjo7UjY6Q8QgENuYwApJYYndChBMqb6WxhVesmCCsAjBoX3FutynK2GAnZP2DiEzB4hfmL4TkkcUPbm,hold 5 slots,-0.17320433858620787
AVjEtg2ECYKXYeqdRQXvaaAZBjfTjYuSMTR4WLhKoeQN,AVjEtg,AGvRUJUiEdw5Y1XvLqTAaHFeNPAaDXdqhwjZWNeEpump,28U5jpjmBEjo7UjY6Q8QgENuYwApJYYndChBMqb6WxhVesmCCsAjBoX3FutynK2GAnZP2DiEzB4hfmL4TkkcUPbm,hold 12 slots,-0.1787397925960126
AVjEtg2ECYKXYeqdRQXvaaAZBjfTjYuSMTR4WLhKoeQN,AVjEtg,AGvRUJUiEdw5Y1XvLqTAaHFeNPAaDXdqhwjZWNeEpump,28U5jpjmBEjo7UjY6Q8QgENuYwApJYYndChBMqb6WxhVesmCCsAjBoX3FutynK2GAnZP2DiEzB4hfmL4TkkcUPbm,hold 25 slots,-0.13936095447196292
AVjEtg2ECYKXYeqdRQXvaaAZBjfTjYuSMTR4WLhKoeQN,AVjEtg,AGvRUJUiEdw5Y1XvLqTAaHFeNPAaDXdqhwjZWNeEpump,28U5jpjmBEjo7UjY6Q8QgENuYwApJYYndChBMqb6WxhVesmCCsAjBoX3FutynK2GAnZP2DiEzB4hfmL4TkkcUPbm,hold 50 slots,0.014952315160875203
AVjEtg2ECYKXYeqdRQXvaaAZBjfTjYuSMTR4WLhKoeQN,AVjEtg,AGvRUJUiEdw5Y1XvLqTAaHFeNPAaDXdqhwjZWNeEpump,28U5jpjmBEjo7UjY6Q8QgENuYwApJYYndChBMqb6WxhVesmCCsAjBoX3FutynK2GAnZP2DiEzB4hfmL4TkkcUPbm,hold 75 slots,0.13531481085495733
AVjEtg2ECYKXYeqdRQXvaaAZBjfTjYuSMTR4WLhKoeQN,AVjEtg,AGvRUJUiEdw5Y1XvLqTAaHFeNPAaDXdqhwjZWNeEpump,28U5jpjmBEjo7UjY6Q8QgENuYwApJYYndChBMqb6WxhVesmCCsAjBoX3FutynK2GAnZP2DiEzB4hfmL4TkkcUPbm,hold 150 slots,0.3831932215499952
AVjEtg2ECYKXYeqdRQXvaaAZBjfTjYuSMTR4WLhKoeQN,AVjEtg,AGvRUJUiEdw5Y1XvLqTAaHFeNPAaDXdqhwjZWNeEpump,28U5jpjmBEjo7UjY6Q8QgENuYwApJYYndChBMqb6WxhVesmCCsAjBoX3FutynK2GAnZP2DiEzB4hfmL4TkkcUPbm,TP 10% / SL 10%,-0.17320433858620787
AVjEtg2ECYKXYeqdRQXvaaAZBjfTjYuSMTR4WLhKoeQN,AVjEtg,AGvRUJUiEdw5Y1XvLqTAaHFeNPAaDXdqhwjZWNeEpump,28U5jpjmBEjo7UjY6Q8QgENuYwApJYYndChBMqb6WxhVesmCCsAjBoX3FutynK2GAnZP2DiEzB4hfmL4TkkcUPbm,TP 20% / SL 10%,-0.17320433858620787
AVjEtg2ECYKXYeqdRQXvaaAZBjfTjYuSMTR4WLhKoeQN,AVjEtg,AGvRUJUiEdw5Y1XvLqTAaHFeNPAaDXdqhwjZWNeEpump,28U5jpjmBEjo7UjY6Q8QgENuYwApJYYndChBMqb6WxhVesmCCsAjBoX3FutynK2GAnZP2DiEzB4hfmL4TkkcUPbm,TP 30% / SL 15%,-0.17320433858620787
AVjEtg2ECYKXYeqdRQXvaaAZBjfTjYuSMTR4WLhKoeQN,AVjEtg,AGvRUJUiEdw5Y1XvLqTAaHFeNPAaDXdqhwjZWNeEpump,28U5jpjmBEjo7UjY6Q8QgENuYwApJYYndChBMqb6WxhVesmCCsAjBoX3FutynK2GAnZP2DiEzB4hfmL4TkkcUPbm,TP 50% / SL 25%,0.3831932215499952
AVjEtg2ECYKXYeqdRQXvaaAZBjfTjYuSMTR4WLhKoeQN,AVjEtg,AGvRUJUiEdw5Y1XvLqTAaHFeNPAaDXdqhwjZWNeEpump,28U5jpjmBEjo7UjY6Q8QgENuYwApJYYndChBMqb6WxhVesmCCsAjBoX3FutynK2GAnZP2DiEzB4hfmL4TkkcUPbm,TP 100% / SL 30%,0.3831932215499952
AVjEtg2ECYKXYeqdRQXvaaAZBjfTjYuSMTR4WLhKoeQN,AVjEtg,3rfXJuXHA137oAEnnwqjGBcX3uJTKHbEYhYFgnXVpump,3ES3DCcsBfKpiAbLHjvWk8u4z3BcURydBbXZyopkTfiuHtd6w5tFkxWcJanWJ8TYKgpapggkoqEkwy93Pp3BzPQj,follow wallet,-0.2127216533020178
AVjEtg2ECYKXYeqdRQXvaaAZBjfTjYuSMTR4WLhKoeQN,AVjEtg,3rfXJuXHA137oAEnnwqjGBcX3uJTKHbEYhYFgnXVpump,3ES3DCcsBfKpiAbLHjvWk8u4z3BcURydBbXZyopkTfiuHtd6w5tFkxWcJanWJ8TYKgpapggkoqEkwy93Pp3BzPQj,hold 1 slots,-0.04545677855902839
AVjEtg2ECYKXYeqdRQXvaaAZBjfTjYuSMTR4WLhKoeQN,AVjEtg,3rfXJuXHA137oAEnnwqjGBcX3uJTKHbEYhYFgnXVpump,3ES3DCcsBfKpiAbLHjvWk8u4z3BcURydBbXZyopkTfiuHtd6w5tFkxWcJanWJ8TYKgpapggkoqEkwy93Pp3BzPQj,hold 3 slots,-0.04545677855902839
AVjEtg2ECYKXYeqdRQXvaaAZBjfTjYuSMTR4WLhKoeQN,AVjEtg,3rfXJuXHA137oAEnnwqjGBcX3uJTKHbEYhYFgnXVpump,3ES3DCcsBfKpiAbLHjvWk8u4z3BcURydBbXZyopkTfiuHtd6w5tFkxWcJanWJ8TYKgpapggkoqEkwy93Pp3BzPQj,hold 5 slots,-0.04568348611451781
AVjEtg2ECYKXYeqdRQXvaaAZBjfTjYuSMTR4WLhKoeQN,AVjEtg,3rfXJuXHA137oAEnnwqjGBcX3uJTKHbEYhYFgnXVpump,3ES3DCcsBfKpiAbLHjvWk8u4z3BcURydBbXZyopkTfiuHtd6w5tFkxWcJanWJ8TYKgpapggkoqEkwy93Pp3BzPQj,hold 12 slots,-0.04568348611451781
AVjEtg2ECYKXYeqdRQXvaaAZBjfTjYuSMTR4WLhKoeQN,AVjEtg,3rfXJuXHA137oAEnnwqjGBcX3uJTKHbEYhYFgnXVpump,3ES3DCcsBfKpiAbLHjvWk8u4z3BcURydBbXZyopkTfiuHtd6w5tFkxWcJanWJ8TYKgpapggkoqEkwy93Pp3BzPQj,hold 25 slots,-0.19708663102833499
AVjEtg2ECYKXYeqdRQXvaaAZBjfTjYuSMTR4WLhKoeQN,AVjEtg,3rfXJuXHA137oAEnnwqjGBcX3uJTKHbEYhYFgnXVpump,3ES3DCcsBfKpiAbLHjvWk8u4z3BcURydBbXZyopkTfiuHtd6w5tFkxWcJanWJ8TYKgpapggkoqEkwy93Pp3BzPQj,hold 50 slots,-0.20679987046380735
AVjEtg2ECYKXYeqdRQXvaaAZBjfTjYuSMTR4WLhKoeQN,AVjEtg,3rfXJuXHA137oAEnnwqjGBcX3uJTKHbEYhYFgnXVpump,3ES3DCcsBfKpiAbLHjvWk8u4z3BcURydBbXZyopkTfiuHtd6w5tFkxWcJanWJ8TYKgpapggkoqEkwy93Pp3BzPQj,hold 75 slots,-0.27067205192263427
AVjEtg2ECYKXYeqdRQXvaaAZBjfTjYuSMTR4WLhKoeQN,AVjEtg,3rfXJuXHA137oAEnnwqjGBcX3uJTKHbEYhYFgnXVpump,3ES3DCcsBfKpiAbLHjvWk8u4z3BcURydBbXZyopkTfiuHtd6w5tFkxWcJanWJ8TYKgpapggkoqEkwy93Pp3BzPQj,hold 150 slots,-0.29010769133699954
AVjEtg2ECYKXYeqdRQXvaaAZBjfTjYuSMTR4WLhKoeQN,AVjEtg,3rfXJuXHA137oAEnnwqjGBcX3uJTKHbEYhYFgnXVpump,3ES3DCcsBfKpiAbLHjvWk8u4z3BcURydBbXZyopkTfiuHtd6w5tFkxWcJanWJ8TYKgpapggkoqEkwy93Pp3BzPQj,TP 10% / SL 10%,-0.19708663102833499
AVjEtg2ECYKXYeqdRQXvaaAZBjfTjYuSMTR4WLhKoeQN,AVjEtg,3rfXJuXHA137oAEnnwqjGBcX3uJTKHbEYhYFgnXVpump,3ES3DCcsBfKpiAbLHjvWk8u4z3BcURydBbXZyopkTfiuHtd6w5tFkxWcJanWJ8TYKgpapggkoqEkwy93Pp3BzPQj,TP 20% / SL 10%,-0.19708663102833499
AVjEtg2ECYKXYeqdRQXvaaAZBjfTjYuSMTR4WLhKoeQN,AVjEtg,3rfXJuXHA137oAEnnwqjGBcX3uJTKHbEYhYFgnXVpump,3ES3DCcsBfKpiAbLHjvWk8u4z3BcURydBbXZyopkTfiuHtd6w5tFkxWcJanWJ8TYKgpapggkoqEkwy93Pp3BzPQj,TP 30% / SL 15%,-0.19708663102833499
AVjEtg2ECYKXYeqdRQXvaaAZBjfTjYuSMTR4WLhKoeQN,AVjEtg,3rfXJuXHA137oAEnnwqjGBcX3uJTKHbEYhYFgnXVpump,3ES3DCcsBfKpiAbLHjvWk8u4z3BcURydBbXZyopkTfiuHtd6w5tFkxWcJanWJ8TYKgpapggkoqEkwy93Pp3BzPQj,TP 50% / SL 25%,-0.27067205192263427
AVjEtg2ECYKXYeqdRQXvaaAZBjfTjYuSMTR4WLhKoeQN,AVjEtg,3rfXJuXHA137oAEnnwqjGBcX3uJTKHbEYhYFgnXVpump,3ES3DCcsBfKpiAbLHjvWk8u4z3BcURydBbXZyopkTfiuHtd6w5tFkxWcJanWJ8TYKgpapggkoqEkwy93Pp3BzPQj,TP 100% / SL 30%,-0.29010769133699954
AVjEtg2ECYKXYeqdRQXvaaAZBjfTjYuSMTR4WLhKoeQN,AVjEtg,hjZLsNgC45ay8h3zNRrkiyrEwKJj5ryJ7SWmD8796uz,4tDaJm8BdPRB6ySyHbR5pTtveDVWhjwd37YzEgj7SXdTBy5Ad3qJHxhyhwBB8jcSm5mgjtZX45JcZ7H6iyDDk83f,follow wallet,-0.17514237103663338
AVjEtg2ECYKXYeqdRQXvaaAZBjfTjYuSMTR4WLhKoeQN,AVjEtg,hjZLsNgC45ay8h3zNRrkiyrEwKJj5ryJ7SWmD8796uz,4tDaJm8BdPRB6ySyHbR5pTtveDVWhjwd37YzEgj7SXdTBy5Ad3qJHxhyhwBB8jcSm5mgjtZX45JcZ7H6iyDDk83f,hold 1 slots,-0.0579555230281024
AVjEtg2ECYKXYeqdRQXvaaAZBjfTjYuSMTR4WLhKoeQN,AVjEtg,hjZLsNgC45ay8h3zNRrkiyrEwKJj5ryJ7SWmD8796uz,4tDaJm8BdPRB6ySyHbR5pTtveDVWhjwd37YzEgj7SXdTBy5Ad3qJHxhyhwBB8jcSm5mgjtZX45JcZ7H6iyDDk83f,hold 3 slots,0.17238240189087103
AVjEtg2ECYKXYeqdRQXvaaAZBjfTjYuSMTR4WLhKoeQN,AVjEtg,hjZLsNgC45ay8h3zNRrkiyrEwKJj5ryJ7SWmD8796uz,4tDaJm8BdPRB6ySyHbR5pTtveDVWhjwd37YzEgj7SXdTBy5Ad3qJHxhyhwBB8jcSm5mgjtZX45JcZ7H6iyDDk83f,hold 5 slots,0.20793213111953424
AVjEtg2ECYKXYeqdRQXvaaAZBjfTjYuSMTR4WLhKoeQN,AVjEtg,hjZLsNgC45ay8h3zNRrkiyrEwKJj5ryJ7SWmD8796uz,4tDaJm8BdPRB6ySyHbR5pTtveDVWhjwd37YzEgj7SXdTBy5Ad3qJHxhyhwBB8jcSm5mgjtZX45JcZ7H6iyDDk83f,hold 12 slots,0.20793213111953424
AVjEtg2ECYKXYeqdRQXvaaAZBjfTjYuSMTR4WLhKoeQN,AVjEtg,hjZLsNgC45ay8h3zNRrkiyrEwKJj5ryJ7SWmD8796uz,4tDaJm8BdPRB6ySyHbR5pTtveDVWhjwd37YzEgj7SXdTBy5Ad3qJHxhyhwBB8jcSm5mgjtZX45JcZ7H6iyDDk83f,hold 25 slots,0.04205339482027531
AVjEtg2ECYKXYeqdRQXvaaAZBjfTjYuSMTR4WLhKoeQN,AVjEtg,hjZLsNgC45ay8h3zNRrkiyrEwKJj5ryJ7SWmD8796uz,4tDaJm8BdPRB6ySyHbR5pTtveDVWhjwd37YzEgj7SXdTBy5Ad3qJHxhyhwBB8jcSm5mgjtZX45JcZ7H6iyDDk83f,hold 50 slots,0.06471672486771415
AVjEtg2ECYKXYeqdRQXvaaAZBjfTjYuSMTR4WLhKoeQN,AVjEtg,hjZLsNgC45ay8h3zNRrkiyrEwKJj5ryJ7SWmD8796uz,4tDaJm8BdPRB6ySyHbR5pTtveDVWhjwd37YzEgj7SXdTBy5Ad3qJHxhyhwBB8jcSm5mgjtZX45JcZ7H6iyDDk83f,hold 75 slots,0.38388079700840877
AVjEtg2ECYKXYeqdRQXvaaAZBjfTjYuSMTR4WLhKoeQN,AVjEtg,hjZLsNgC45ay8h3zNRrkiyrEwKJj5ryJ7SWmD8796uz,4tDaJm8BdPRB6ySyHbR5pTtveDVWhjwd37YzEgj7SXdTBy5Ad3qJHxhyhwBB8jcSm5mgjtZX45JcZ7H6iyDDk83f,hold 150 slots,0.10056625051225901
AVjEtg2ECYKXYeqdRQXvaaAZBjfTjYuSMTR4WLhKoeQN,AVjEtg,hjZLsNgC45ay8h3zNRrkiyrEwKJj5ryJ7SWmD8796uz,4tDaJm8BdPRB6ySyHbR5pTtveDVWhjwd37YzEgj7SXdTBy5Ad3qJHxhyhwBB8jcSm5mgjtZX45JcZ7H6iyDDk83f,TP 10% / SL 10%,0.17238240189087103
AVjEtg2ECYKXYeqdRQXvaaAZBjfTjYuSMTR4WLhKoeQN,AVjEtg,hjZLsNgC45ay8h3zNRrkiyrEwKJj5ryJ7SWmD8796uz,4tDaJm8BdPRB6ySyHbR5pTtveDVWhjwd37YzEgj7SXdTBy5Ad3qJHxhyhwBB8jcSm5mgjtZX45JcZ7H6iyDDk83f,TP 20% / SL 10%,0.20793213111953424
AVjEtg2ECYKXYeqdRQXvaaAZBjfTjYuSMTR4WLhKoeQN,AVjEtg,hjZLsNgC45ay8h3zNRrkiyrEwKJj5ryJ7SWmD8796uz,4tDaJm8BdPRB6ySyHbR5pTtveDVWhjwd37YzEgj7SXdTBy5Ad3qJHxhyhwBB8jcSm5mgjtZX45JcZ7H6iyDDk83f,TP 30% / SL 15%,0.38388079700840877
AVjEtg2ECYKXYeqdRQXvaaAZBjfTjYuSMTR4WLhKoeQN,AVjEtg,hjZLsNgC45ay8h3zNRrkiyrEwKJj5ryJ7SWmD8796uz,4tDaJm8BdPRB6ySyHbR5pTtveDVWhjwd37YzEgj7SXdTBy5Ad3qJHxhyhwBB8jcSm5mgjtZX45JcZ7H6iyDDk83f,TP 50% / SL 25%,0.10056625051225901
AVjEtg2ECYKXYeqdRQXvaaAZBjfTjYuSMTR4WLhKoeQN,AVjEtg,hjZLsNgC45ay8h3zNRrkiyrEwKJj5ryJ7SWmD8796uz,4tDaJm8BdPRB6ySyHbR5pTtveDVWhjwd37YzEgj7SXdTBy5Ad3qJHxhyhwBB8jcSm5mgjtZX45JcZ7H6iyDDk83f,TP 100% / SL 30%,0.10056625051225901
EtyHwLDfAi9E24Qw41xFUW8WtQ3NxajxJA2yaaUASR5a,EtyHwL,7KWJEZ9gUA839LqaSj2wgEhsTLCxghfsqFdimrDC98WY,4yshGthmMxXiG5MWwbxX9j3g7p6E4KjrVp9U8hMKj5nbhYG3QoSBPMZLNJvjLTWcpwMFxKgJfZg77LSS44iQbwfm,follow wallet,-0.03319983543030703
EtyHwLDfAi9E24Qw41xFUW8WtQ3NxajxJA2yaaUASR5a,EtyHwL,7KWJEZ9gUA839LqaSj2wgEhsTLCxghfsqFdimrDC98WY,4yshGthmMxXiG5MWwbxX9j3g7p6E4KjrVp9U8hMKj5nbhYG3QoSBPMZLNJvjLTWcpwMFxKgJfZg77LSS44iQbwfm,hold 1 slots,-0.009086579859193087
EtyHwLDfAi9E24Qw41xFUW8WtQ3NxajxJA2yaaUASR5a,EtyHwL,7KWJEZ9gUA839LqaSj2wgEhsTLCxghfsqFdimrDC98WY,4yshGthmMxXiG5MWwbxX9j3g7p6E4KjrVp9U8hMKj5nbhYG3QoSBPMZLNJvjLTWcpwMFxKgJfZg77LSS44iQbwfm,hold 3 slots,-0.009086579859193087
EtyHwLDfAi9E24Qw41xFUW8WtQ3NxajxJA2yaaUASR5a,EtyHwL,7KWJEZ9gUA839LqaSj2wgEhsTLCxghfsqFdimrDC98WY,4yshGthmMxXiG5MWwbxX9j3g7p6E4KjrVp9U8hMKj5nbhYG3QoSBPMZLNJvjLTWcpwMFxKgJfZg77LSS44iQbwfm,hold 5 slots,-0.009086579859193087
EtyHwLDfAi9E24Qw41xFUW8WtQ3NxajxJA2yaaUASR5a,EtyHwL,7KWJEZ9gUA839LqaSj2wgEhsTLCxghfsqFdimrDC98WY,4yshGthmMxXiG5MWwbxX9j3g7p6E4KjrVp9U8hMKj5nbhYG3QoSBPMZLNJvjLTWcpwMFxKgJfZg77LSS44iQbwfm,hold 12 slots,-0.03319983543030703
EtyHwLDfAi9E24Qw41xFUW8WtQ3NxajxJA2yaaUASR5a,EtyHwL,7KWJEZ9gUA839LqaSj2wgEhsTLCxghfsqFdimrDC98WY,4yshGthmMxXiG5MWwbxX9j3g7p6E4KjrVp9U8hMKj5nbhYG3QoSBPMZLNJvjLTWcpwMFxKgJfZg77LSS44iQbwfm,hold 25 slots,0.029560404386419055
EtyHwLDfAi9E24Qw41xFUW8WtQ3NxajxJA2yaaUASR5a,EtyHwL,7KWJEZ9gUA839LqaSj2wgEhsTLCxghfsqFdimrDC98WY,4yshGthmMxXiG5MWwbxX9j3g7p6E4KjrVp9U8hMKj5nbhYG3QoSBPMZLNJvjLTWcpwMFxKgJfZg77LSS44iQbwfm,hold 50 slots,-0.0348605218238312
EtyHwLDfAi9E24Qw41xFUW8WtQ3NxajxJA2yaaUASR5a,EtyHwL,7KWJEZ9gUA839LqaSj2wgEhsTLCxghfsqFdimrDC98WY,4yshGthmMxXiG5MWwbxX9j3g7p6E4KjrVp9U8hMKj5nbhYG3QoSBPMZLNJvjLTWcpwMFxKgJfZg77LSS44iQbwfm,hold 75 slots,-0.03416184435676146
EtyHwLDfAi9E24Qw41xFUW8WtQ3NxajxJA2yaaUASR5a,EtyHwL,7KWJEZ9gUA839LqaSj2wgEhsTLCxghfsqFdimrDC98WY,4yshGthmMxXiG5MWwbxX9j3g7p6E4KjrVp9U8hMKj5nbhYG3QoSBPMZLNJvjLTWcpwMFxKgJfZg77LSS44iQbwfm,hold 150 slots,-0.04721067573194027
EtyHwLDfAi9E24Qw41xFUW8WtQ3NxajxJA2yaaUASR5a,EtyHwL,7KWJEZ9gUA839LqaSj2wgEhsTLCxghfsqFdimrDC98WY,4yshGthmMxXiG5MWwbxX9j3g7p6E4KjrVp9U8hMKj5nbhYG3QoSBPMZLNJvjLTWcpwMFxKgJfZg77LSS44iQbwfm,TP 10% / SL 10%,-0.04721067573194027
EtyHwLDfAi9E24Qw41xFUW8WtQ3NxajxJA2yaaUASR5a,EtyHwL,7KWJEZ9gUA839LqaSj2wgEhsTLCxghfsqFdimrDC98WY,4yshGthmMxXiG5MWwbxX9j3g7p6E4KjrVp9U8hMKj5nbhYG3QoSBPMZLNJvjLTWcpwMFxKgJfZg77LSS44iQbwfm,TP 20% / SL 10%,-0.04721067573194027
EtyHwLDfAi9E24Qw41xFUW8WtQ3NxajxJA2yaaUASR5a,EtyHwL,7KWJEZ9gUA839LqaSj2wgEhsTLCxghfsqFdimrDC98WY,4yshGthmMxXiG5MWwbxX9j3g7p6E4KjrVp9U8hMKj5nbhYG3QoSBPMZLNJvjLTWcpwMFxKgJfZg77LSS44iQbwfm,TP 30% / SL 15%,-0.04721067573194027
EtyHwLDfAi9E24Qw41xFUW8WtQ3NxajxJA2yaaUASR5a,EtyHwL,7KWJEZ9gUA839LqaSj2wgEhsTLCxghfsqFdimrDC98WY,4yshGthmMxXiG5MWwbxX9j3g7p6E4KjrVp9U8hMKj5nbhYG3QoSBPMZLNJvjLTWcpwMFxKgJfZg77LSS44iQbwfm,TP 50% / SL 25%,-0.04721067573194027
EtyHwLDfAi9E24Qw41xFUW8WtQ3NxajxJA2yaaUASR5a,EtyHwL,7KWJEZ9gUA839LqaSj2wgEhsTLCxghfsqFdimrDC98WY,4yshGthmMxXiG5MWwbxX9j3g7p6E4KjrVp9U8hMKj5nbhYG3QoSBPMZLNJvjLTWcpwMFxKgJfZg77LSS44iQbwfm,TP 100% / SL 30%,-0.04721067573194027
EtyHwLDfAi9E24Qw41xFUW8WtQ3NxajxJA2yaaUASR5a,EtyHwL,9xWkZgY1zZy9gmFTpvPL59hPqStXads25iMVNLazpump,4CrQzrj1RiRUG5RJvAyfX6LsJzjnVK4KJPSC7dwPknYo7jSJrCjd5Hjxu4NeVfjBAqkR5AdTLXAJAGPNCiRNRAXc,follow wallet,0.15783825263517093
EtyHwLDfAi9E24Qw41xFUW8WtQ3NxajxJA2yaaUASR5a,EtyHwL,9xWkZgY1zZy9gmFTpvPL59hPqStXads25iMVNLazpump,4CrQzrj1RiRUG5RJvAyfX6LsJzjnVK4KJPSC7dwPknYo7jSJrCjd5Hjxu4NeVfjBAqkR5AdTLXAJAGPNCiRNRAXc,hold 1 slots,-0.06164599296677124
EtyHwLDfAi9E24Qw41xFUW8WtQ3NxajxJA2yaaUASR5a,EtyHwL,9xWkZgY1zZy9gmFTpvPL59hPqStXads25iMVNLazpump,4CrQzrj1RiRUG5RJvAyfX6LsJzjnVK4KJPSC7dwPknYo7jSJrCjd5Hjxu4NeVfjBAqkR5AdTLXAJAGPNCiRNRAXc,hold 3 slots,-0.06164599296677124
EtyHwLDfAi9E24Qw41xFUW8WtQ3NxajxJA2yaaUASR5a,EtyHwL,9xWkZgY1zZy9gmFTpvPL59hPqStXads25iMVNLazpump,4CrQzrj1RiRUG5RJvAyfX6LsJzjnVK4KJPSC7dwPknYo7jSJrCjd5Hjxu4NeVfjBAqkR5AdTLXAJAGPNCiRNRAXc,hold 5 slots,-0.0639947252199353
EtyHwLDfAi9E24Qw41xFUW8WtQ3NxajxJA2yaaUASR5a,EtyHwL,9xWkZgY1zZy9gmFTpvPL59hPqStXads25iMVNLazpump,4CrQzrj1RiRUG5RJvAyfX6LsJzjnVK4KJPSC7dwPknYo7jSJrCjd5Hjxu4NeVfjBAqkR5AdTLXAJAGPNCiRNRAXc,hold 12 slots,0.11875552864327693
EtyHwLDfAi9E24Qw41xFUW8WtQ3NxajxJA2yaaUASR5a,EtyHwL,9xWkZgY1zZy9gmFTpvPL59hPqStXads25iMVNLazpump,4CrQzrj1RiRUG5RJvAyfX6LsJzjnVK4KJPSC7dwPknYo7jSJrCjd5Hjxu4NeVfjBAqkR5AdTLXAJAGPNCiRNRAXc,hold 25 slots,0.17085371886808276
EtyHwLDfAi9E24Qw41xFUW8WtQ3NxajxJA2yaaUASR5a,EtyHwL,9xWkZgY1zZy9gmFTpvPL59hPqStXads25iMVNLazpump,4CrQzrj1RiRUG5RJvAyfX6LsJzjnVK4KJPSC7dwPknYo7jSJrCjd5Hjxu4NeVfjBAqkR5AdTLXAJAGPNCiRNRAXc,hold 50 slots,0.22354475940568042
EtyHwLDfAi9E24Qw41xFUW8WtQ3NxajxJA2yaaUASR5a,EtyHwL,9xWkZgY1zZy9gmFTpvPL59hPqStXads25iMVNLazpump,4CrQzrj1RiRUG5RJvAyfX6LsJzjnVK4KJPSC7dwPknYo7jSJrCjd5Hjxu4NeVfjBAqkR5AdTLXAJAGPNCiRNRAXc,hold 75 slots,0.17640374078233337
EtyHwLDfAi9E24Qw41xFUW8WtQ3NxajxJA2yaaUASR5a,EtyHwL,9xWkZgY1zZy9gmFTpvPL59hPqStXads25iMVNLazpump,4CrQzrj1RiRUG5RJvAyfX6LsJzjnVK4KJPSC7dwPknYo7jSJrCjd5Hjxu4NeVfjBAqkR5AdTLXAJAGPNCiRNRAXc,hold 150 slots,0.2236359029377539
EtyHwLDfAi9E24Qw41xFUW8WtQ3NxajxJA2yaaUASR5a,EtyHwL,9xWkZgY1zZy9gmFTpvPL59hPqStXads25iMVNLazpump,4CrQzrj1RiRUG5RJvAyfX6LsJzjnVK4KJPSC7dwPknYo7jSJrCjd5Hjxu4NeVfjBAqkR5AdTLXAJAGPNCiRNRAXc,TP 10% / SL 10%,0.11875552864327693
EtyHwLDfAi9E24Qw41xFUW8WtQ3NxajxJA2yaaUASR5a,EtyHwL,9xWkZgY1zZy9gmFTpvPL59hPqStXads25iMVNLazpump,4CrQzrj1RiRUG5RJvAyfX6LsJzjnVK4KJPSC7dwPknYo7jSJrCjd5Hjxu4NeVfjBAqkR5AdTLXAJAGPNCiRNRAXc,TP 20% / SL 10%,0.22354475940568042
EtyHwLDfAi9E24Qw41xFUW8WtQ3NxajxJA2yaaUASR5a,EtyHwL,9xWkZgY1zZy9gmFTpvPL59hPqStXads25iMVNLazpump,4CrQzrj1RiRUG5RJvAyfX6LsJzjnVK4KJPSC7dwPknYo7jSJrCjd5Hjxu4NeVfjBAqkR5AdTLXAJAGPNCiRNRAXc,TP 30% / SL 15%,0.2236359029377539
EtyHwLDfAi9E24Qw41xFUW8WtQ3NxajxJA2yaaUASR5a,EtyHwL,9xWkZgY1zZy9gmFTpvPL59hPqStXads25iMVNLazpump,4CrQzrj1RiRUG5RJvAyfX6LsJzjnVK4KJPSC7dwPknYo7jSJrCjd5Hjxu4NeVfjBAqkR5AdTLXAJAGPNCiRNRAXc,TP 50% / SL 25%,0.2236359029377539
EtyHwLDfAi9E24Qw41xFUW8WtQ3NxajxJA2yaaUASR5a,EtyHwL,9xWkZgY1zZy9gmFTpvPL59hPqStXads25iMVNLazpump,4CrQzrj1RiRUG5RJvAyfX6LsJzjnVK4KJPSC7dwPknYo7jSJrCjd5Hjxu4NeVfjBAqkR5AdTLXAJAGPNCiRNRAXc,TP 100% / SL 30%,0.2236359029377539
EtyHwLDfAi9E24Qw41xFUW8WtQ3NxajxJA2yaaUASR5a,EtyHwL,26gLrbxjCFwaKsXo2Ggu9zsMeM1ScXNoHuEegdXZpump,5c6cyFm4xWPUjhK4wxaHiDWcEYX6cCwYEnd1Kt7m1BJN6mwxHgYQWTL1CULGLpaPgg1VAvDQPKyu1GqCxtHiC3vt,follow wallet,-0.16189716788340522
EtyHwLDfAi9E24Qw41xFUW8WtQ3NxajxJA2yaaUASR5a,EtyHwL,26gLrbxjCFwaKsXo2Ggu9zsMeM1ScXNoHuEegdXZpump,5c6cyFm4xWPUjhK4wxaHiDWcEYX6cCwYEnd1Kt7m1BJN6mwxHgYQWTL1CULGLpaPgg1VAvDQPKyu1GqCxtHiC3vt,hold 1 slots,-0.019603205767146588
EtyHwLDfAi9E24Qw41xFUW8WtQ3NxajxJA2yaaUASR5a,EtyHwL,26gLrbxjCFwaKsXo2Ggu9zsMeM1ScXNoHuEegdXZpump,5c6cyFm4xWPUjhK4wxaHiDWcEYX6cCwYEnd1Kt7m1BJN6mwxHgYQWTL1CULGLpaPgg1VAvDQPKyu1GqCxtHiC3vt,hold 3 slots,-0.12428849833947814
EtyHwLDfAi9E24Qw41xFUW8WtQ3NxajxJA2yaaUASR5a,EtyHwL,26gLrbxjCFwaKsXo2Ggu9zsMeM1ScXNoHuEegdXZpump,5c6cyFm4xWPUjhK4wxaHiDWcEYX6cCwYEnd1Kt7m1BJN6mwxHgYQWTL1CULGLpaPgg1VAvDQPKyu1GqCxtHiC3vt,hold 5 slots,-0.1467049850451386
EtyHwLDfAi9E24Qw41xFUW8WtQ3NxajxJA2yaaUASR5a,EtyHwL,26gLrbxjCFwaKsXo2Ggu9zsMeM1ScXNoHuEegdXZpump,5c6cyFm4xWPUjhK4wxaHiDWcEYX6cCwYEnd1Kt7m1BJN6mwxHgYQWTL1CULGLpaPgg1VAvDQPKyu1GqCxtHiC3vt,hold 12 slots,-0.1411811260794537
EtyHwLDfAi9E24Qw41xFUW8WtQ3NxajxJA2yaaUASR5a,EtyHwL,26gLrbxjCFwaKsXo2Ggu9zsMeM1ScXNoHuEegdXZpump,5c6cyFm4xWPUjhK4wxaHiDWcEYX6cCwYEnd1Kt7m1BJN6mwxHgYQWTL1CULGLpaPgg1VAvDQPKyu1GqCxtHiC3vt,hold 25 slots,-0.1411811260794537
EtyHwLDfAi9E24Qw41xFUW8WtQ3NxajxJA2yaaUASR5a,EtyHwL,26gLrbxjCFwaKsXo2Ggu9zsMeM1ScXNoHuEegdXZpump,5c6cyFm4xWPUjhK4wxaHiDWcEYX6cCwYEnd1Kt7m1BJN6mwxHgYQWTL1CULGLpaPgg1VAvDQPKyu1GqCxtHiC3vt,hold 50 slots,-0.06058562364995241
EtyHwLDfAi9E24Qw41xFUW8WtQ3NxajxJA2yaaUASR5a,EtyHwL,26gLrbxjCFwaKsXo2Ggu9zsMeM1ScXNoHuEegdXZpump,5c6cyFm4xWPUjhK4wxaHiDWcEYX6cCwYEnd1Kt7m1BJN6mwxHgYQWTL1CULGLpaPgg1VAvDQPKyu1GqCxtHiC3vt,hold 75 slots,-0.09160774087923826
EtyHwLDfAi9E24Qw41xFUW8WtQ3NxajxJA2yaaUASR5a,EtyHwL,26gLrbxjCFwaKsXo2Ggu9zsMeM1ScXNoHuEegdXZpump,5c6cyFm4xWPUjhK4wxaHiDWcEYX6cCwYEnd1Kt7m1BJN6mwxHgYQWTL1CULGLpaPgg1VAvDQPKyu1GqCxtHiC3vt,hold 150 slots,-0.006597246051420331
EtyHwLDfAi9E24Qw41xFUW8WtQ3NxajxJA2yaaUASR5a,EtyHwL,26gLrbxjCFwaKsXo2Ggu9zsMeM1ScXNoHuEegdXZpump,5c6cyFm4xWPUjhK4wxaHiDWcEYX6cCwYEnd1Kt7m1BJN6mwxHgYQWTL1CULGLpaPgg1VAvDQPKyu1GqCxtHiC3vt,TP 10% / SL 10%,-0.12428849833947814
EtyHwLDfAi9E24Qw41xFUW8WtQ3NxajxJA2yaaUASR5a,EtyHwL,26gLrbxjCFwaKsXo2Ggu9zsMeM1ScXNoHuEegdXZpump,5c6cyFm4xWPUjhK4wxaHiDWcEYX6cCwYEnd1Kt7m1BJN6mwxHgYQWTL1CULGLpaPgg1VAvDQPKyu1GqCxtHiC3vt,TP 20% / SL 10%,-0.12428849833947814
EtyHwLDfAi9E24Qw41xFUW8WtQ3NxajxJA2yaaUASR5a,EtyHwL,26gLrbxjCFwaKsXo2Ggu9zsMeM1ScXNoHuEegdXZpump,5c6cyFm4xWPUjhK4wxaHiDWcEYX6cCwYEnd1Kt7m1BJN6mwxHgYQWTL1CULGLpaPgg1VAvDQPKyu1GqCxtHiC3vt,TP 30% / SL 15%,-0.16189716788340522
EtyHwLDfAi9E24Qw41xFUW8WtQ3NxajxJA2yaaUASR5a,EtyHwL,26gLrbxjCFwaKsXo2Ggu9zsMeM1ScXNoHuEegdXZpump,5c6cyFm4xWPUjhK4wxaHiDWcEYX6cCwYEnd1Kt7m1BJN6mwxHgYQWTL1CULGLpaPgg1VAvDQPKyu1GqCxtHiC3vt,TP 50% / SL 25%,-0.006597246051420331
EtyHwLDfAi9E24Qw41xFUW8WtQ3NxajxJA2yaaUASR5a,EtyHwL,26gLrbxjCFwaKsXo2Ggu9zsMeM1ScXNoHuEegdXZpump,5c6cyFm4xWPUjhK4wxaHiDWcEYX6cCwYEnd1Kt7m1BJN6mwxHgYQWTL1CULGLpaPgg1VAvDQPKyu1GqCxtHiC3vt,TP 100% / SL 30%,-0.006597246051420331
Cv5GgkpXvtXcsrMcKCJvx46BpMjiM61mpPU1j8RbbbVL,Cv5Ggk,2wUBJ4TPs6qv8PbdqoaktqSxWjVmG2YSYcS2KMndDxJy,2ppRLnTB2W5MeoFo6GcaVqwAwH5mCRwgHjzZzw2qWm62MgtpE8bNiwN6KKDC4PbGM9NkZjosPRDddxKY7KpP8LmB,follow wallet,-0.07678523539242862
Cv5GgkpXvtXcsrMcKCJvx46BpMjiM61mpPU1j8RbbbVL,Cv5Ggk,2wUBJ4TPs6qv8PbdqoaktqSxWjVmG2YSYcS2KMndDxJy,2ppRLnTB2W5MeoFo6GcaVqwAwH5mCRwgHjzZzw2qWm62MgtpE8bNiwN6KKDC4PbGM9NkZjosPRDddxKY7KpP8LmB,hold 1 slots,-0.048455731752665404
Cv5GgkpXvtXcsrMcKCJvx46BpMjiM61mpPU1j8RbbbVL,Cv5Ggk,2wUBJ4TPs6qv8PbdqoaktqSxWjVmG2YSYcS2KMndDxJy,2ppRLnTB2W5MeoFo6GcaVqwAwH5mCRwgHjzZzw2qWm62MgtpE8bNiwN6KKDC4PbGM9NkZjosPRDddxKY7KpP8LmB,hold 3 slots,-0.048455731752665404
Cv5GgkpXvtXcsrMcKCJvx46BpMjiM61mpPU1j8RbbbVL,Cv5Ggk,2wUBJ4TPs6qv8PbdqoaktqSxWjVmG2YSYcS2KMndDxJy,2ppRLnTB2W5MeoFo6GcaVqwAwH5mCRwgHjzZzw2qWm62MgtpE8bNiwN6KKDC4PbGM9NkZjosPRDddxKY7KpP8LmB,hold 5 slots,-0.048455731752665404
Cv5GgkpXvtXcsrMcKCJvx46BpMjiM61mpPU1j8RbbbVL,Cv5Ggk,2wUBJ4TPs6qv8PbdqoaktqSxWjVmG2YSYcS2KMndDxJy,2ppRLnTB2W5MeoFo6GcaVqwAwH5mCRwgHjzZzw2qWm62MgtpE8bNiwN6KKDC4PbGM9NkZjosPRDddxKY7KpP8LmB,hold 12 slots,-0.03403824222952521
Cv5GgkpXvtXcsrMcKCJvx46BpMjiM61mpPU1j8RbbbVL,Cv5Ggk,2wUBJ4TPs6qv8PbdqoaktqSxWjVmG2YSYcS2KMndDxJy,2ppRLnTB2W5MeoFo6GcaVqwAwH5mCRwgHjzZzw2qWm62MgtpE8bNiwN6KKDC4PbGM9NkZjosPRDddxKY7KpP8LmB,hold 25 slots,0.050415414398048045
Cv5GgkpXvtXcsrMcKCJvx46BpMjiM61mpPU1j8RbbbVL,Cv5Ggk,2wUBJ4TPs6qv8PbdqoaktqSxWjVmG2YSYcS2KMndDxJy,2ppRLnTB2W5MeoFo6GcaVqwAwH5mCRwgHjzZzw2qWm62MgtpE8bNiwN6KKDC4PbGM9NkZjosPRDddxKY7KpP8LmB,hold 50 slots,-0.04202944705252266
Cv5GgkpXvtXcsrMcKCJvx46BpMjiM61mpPU1j8RbbbVL,Cv5Ggk,2wUBJ4TPs6qv8PbdqoaktqSxWjVmG2YSYcS2KMndDxJy,2ppRLnTB2W5MeoFo6GcaVqwAwH5mCRwgHjzZzw2qWm62MgtpE8bNiwN6KKDC4PbGM9NkZjosPRDddxKY7KpP8LmB,hold 75 slots,-0.120017550369964
Cv5GgkpXvtXcsrMcKCJvx46BpMjiM61mpPU1j8RbbbVL,Cv5Ggk,2wUBJ4TPs6qv8PbdqoaktqSxWjVmG2YSYcS2KMndDxJy,2ppRLnTB2W5MeoFo6GcaVqwAwH5mCRwgHjzZzw2qWm62MgtpE8bNiwN6KKDC4PbGM9NkZjosPRDddxKY7KpP8LmB,hold 150 slots,-0.03456299046013546
Cv5GgkpXvtXcsrMcKCJvx46BpMjiM61mpPU1j8RbbbVL,Cv5Ggk,2wUBJ4TPs6qv8PbdqoaktqSxWjVmG2YSYcS2KMndDxJy,2ppRLnTB2W5MeoFo6GcaVqwAwH5mCRwgHjzZzw2qWm62MgtpE8bNiwN6KKDC4PbGM9NkZjosPRDddxKY7KpP8LmB,TP 10% / SL 10%,-0.120017550369964
Cv5GgkpXvtXcsrMcKCJvx46BpMjiM61mpPU1j8RbbbVL,Cv5Ggk,2wUBJ4TPs6qv8PbdqoaktqSxWjVmG2YSYcS2KMndDxJy,2ppRLnTB2W5MeoFo6GcaVqwAwH5mCRwgHjzZzw2qWm62MgtpE8bNiwN6KKDC4PbGM9NkZjosPRDddxKY7KpP8LmB,TP 20% / SL 10%,-0.120017550369964
Cv5GgkpXvtXcsrMcKCJvx46BpMjiM61mpPU1j8RbbbVL,Cv5Ggk,2wUBJ4TPs6qv8PbdqoaktqSxWjVmG2YSYcS2KMndDxJy,2ppRLnTB2W5MeoFo6GcaVqwAwH5mCRwgHjzZzw2qWm62MgtpE8bNiwN6KKDC4PbGM9NkZjosPRDddxKY7KpP8LmB,TP 30% / SL 15%,-0.03456299046013546
Cv5GgkpXvtXcsrMcKCJvx46BpMjiM61mpPU1j8RbbbVL,Cv5Ggk,2wUBJ4TPs6qv8PbdqoaktqSxWjVmG2YSYcS2KMndDxJy,2ppRLnTB2W5MeoFo6GcaVqwAwH5mCRwgHjzZzw2qWm62MgtpE8bNiwN6KKDC4PbGM9NkZjosPRDddxKY7KpP8LmB,TP 50% / SL 25%,-0.03456299046013546
Cv5GgkpXvtXcsrMcKCJvx46BpMjiM61mpPU1j8RbbbVL,Cv5Ggk,2wUBJ4TPs6qv8PbdqoaktqSxWjVmG2YSYcS2KMndDxJy,2ppRLnTB2W5MeoFo6GcaVqwAwH5mCRwgHjzZzw2qWm62MgtpE8bNiwN6KKDC4PbGM9NkZjosPRDddxKY7KpP8LmB,TP 100% / SL 30%,-0.03456299046013546
Cv5GgkpXvtXcsrMcKCJvx46BpMjiM61mpPU1j8RbbbVL,Cv5Ggk,B476pzzKagakAhRarq3EKVRNMFWRk6V6F4X7xMV5M68g,5nH4JSeuw5tthqWF9XJ4vDec4LUmMuZJLkXeoDzfjSmRAw9VeiQEnwdwDyNgWT12hbkbgmdpraBC54PTLZyqc7dJ,follow wallet,-0.18019826224905944
Cv5GgkpXvtXcsrMcKCJvx46BpMjiM61mpPU1j8RbbbVL,Cv5Ggk,B476pzzKagakAhRarq3EKVRNMFWRk6V6F4X7xMV5M68g,5nH4JSeuw5tthqWF9XJ4vDec4LUmMuZJLkXeoDzfjSmRAw9VeiQEnwdwDyNgWT12hbkbgmdpraBC54PTLZyqc7dJ,hold 1 slots,-0.037867079266756656
Cv5GgkpXvtXcsrMcKCJvx46BpMjiM61mpPU1j8RbbbVL,Cv5Ggk,B476pzzKagakAhRarq3EKVRNMFWRk6V6F4X7xMV5M68g,5nH4JSeuw5tthqWF9XJ4vDec4LUmMuZJLkXeoDzfjSmRAw9VeiQEnwdwDyNgWT12hbkbgmdpraBC54PTLZyqc7dJ,hold 3 slots,-0.037867079266756656
Cv5GgkpXvtXcsrMcKCJvx46BpMjiM61mpPU1j8RbbbVL,Cv5Ggk,B476pzzKagakAhRarq3EKVRNMFWRk6V6F4X7xMV5M68g,5nH4JSeuw5tthqWF9XJ4vDec4LUmMuZJLkXeoDzfjSmRAw9VeiQEnwdwDyNgWT12hbkbgmdpraBC54PTLZyqc7dJ,hold 5 slots,-0.037867079266756656
Cv5GgkpXvtXcsrMcKCJvx46BpMjiM61mpPU1j8RbbbVL,Cv5Ggk,B476pzzKagakAhRarq3EKVRNMFWRk6V6F4X7xMV5M68g,5nH4JSeuw5tthqWF9XJ4vDec4LUmMuZJLkXeoDzfjSmRAw9VeiQEnwdwDyNgWT12hbkbgmdpraBC54PTLZyqc7dJ,hold 12 slots,-0.07364331276251829
Cv5GgkpXvtXcsrMcKCJvx46BpMjiM61mpPU1j8RbbbVL,Cv5Ggk,B476pzzKagakAhRarq3EKVRNMFWRk6V6F4X7xMV5M68g,5nH4JSeuw5tthqWF9XJ4vDec4LUmMuZJLkXeoDzfjSmRAw9VeiQEnwdwDyNgWT12hbkbgmdpraBC54PTLZyqc7dJ,hold 25 slots,-0.07364331276251829
Cv5GgkpXvtXcsrMcKCJvx46BpMjiM61mpPU1j8RbbbVL,Cv5Ggk,B476pzzKagakAhRarq3EKVRNMFWRk6V6F4X7xMV5M68g,5nH4JSeuw5tthqWF9XJ4vDec4LUmMuZJLkXeoDzfjSmRAw9VeiQEnwdwDyNgWT12hbkbgmdpraBC54PTLZyqc7dJ,hold 50 slots,0.13153546696650814
Cv5GgkpXvtXcsrMcKCJvx46BpMjiM61mpPU1j8RbbbVL,Cv5Ggk,B476pzzKagakAhRarq3EKVRNMFWRk6V6F4X7xMV5M68g,5nH4JSeuw5tthqWF9XJ4vDec4LUmMuZJLkXeoDzfjSmRAw9VeiQEnwdwDyNgWT12hbkbgmdpraBC54PTLZyqc7dJ,hold 75 slots,0.09822961882377934
Cv5GgkpXvtXcsrMcKCJvx46BpMjiM61mpPU1j8RbbbVL,Cv5Ggk,B476pzzKagakAhRarq3EKVRNMFWRk6V6F4X7xMV5M68g,5nH4JSeuw5tthqWF9XJ4vDec4LUmMuZJLkXeoDzfjSmRAw9VeiQEnwdwDyNgWT12hbkbgmdpraBC54PTLZyqc7dJ,hold 150 slots,-0.08660502238171017
Cv5GgkpXvtXcsrMcKCJvx46BpMjiM61mpPU1j8RbbbVL,Cv5Ggk,B476pzzKagakAhRarq3EKVRNMFWRk6V6F4X7xMV5M68g,5nH4JSeuw5tthqWF9XJ4vDec4LUmMuZJLkXeoDzfjSmRAw9VeiQEnwdwDyNgWT12hbkbgmdpraBC54PTLZyqc7dJ,TP 10% / SL 10%,0.13153546696650814
Cv5GgkpXvtXcsrMcKCJvx46BpMjiM61mpPU1j8RbbbVL,Cv5Ggk,B476pzzKagakAhRarq3EKVRNMFWRk6V6F4X7xMV5M68g,5nH4JSeuw5tthqWF9XJ4vDec4LUmMuZJLkXeoDzfjSmRAw9VeiQEnwdwDyNgWT12hbkbgmdpraBC54PTLZyqc7dJ,TP 20% / SL 10%,-0.08660502238171017
Cv5GgkpXvtXcsrMcKCJvx46BpMjiM61mpPU1j8RbbbVL,Cv5Ggk,B476pzzKagakAhRarq3EKVRNMFWRk6V6F4X7xMV5M68g,5nH4JSeuw5tthqWF9XJ4vDec4LUmMuZJLkXeoDzfjSmRAw9VeiQEnwdwDyNgWT12hbkbgmdpraBC54PTLZyqc7dJ,TP 30% / SL 15%,-0.08660502238171017
Cv5GgkpXvtXcsrMcKCJvx46BpMjiM61mpPU1j8RbbbVL,Cv5Ggk,B476pzzKagakAhRarq3EKVRNMFWRk6V6F4X7xMV5M68g,5nH4JSeuw5tthqWF9XJ4vDec4LUmMuZJLkXeoDzfjSmRAw9VeiQEnwdwDyNgWT12hbkbgmdpraBC54PTLZyqc7dJ,TP 50% / SL 25%,-0.08660502238171017
Cv5GgkpXvtXcsrMcKCJvx46BpMjiM61mpPU1j8RbbbVL,Cv5Ggk,B476pzzKagakAhRarq3EKVRNMFWRk6V6F4X7xMV5M68g,5nH4JSeuw5tthqWF9XJ4vDec4LUmMuZJLkXeoDzfjSmRAw9VeiQEnwdwDyNgWT12hbkbgmdpraBC54PTLZyqc7dJ,TP 100% / SL 30%,-0.08660502238171017
Cv5GgkpXvtXcsrMcKCJvx46BpMjiM61mpPU1j8RbbbVL,Cv5Ggk,EPBmHsmKZ4LL8iL59qkvN8TwUtkrXuxdL2fsMN3efWrm,t38DbGthmruMZrUU7HWHpvHfVA353eAz2iFGoZeqvGowuntdVp7GQNdgdMiTczA12hd5TBQiC6GhPCmLNfA45qF,follow wallet,0.1972264641726496
Cv5GgkpXvtXcsrMcKCJvx46BpMjiM61mpPU1j8RbbbVL,Cv5Ggk,EPBmHsmKZ4LL8iL59qkvN8TwUtkrXuxdL2fsMN3efWrm,t38DbGthmruMZrUU7HWHpvHfVA353eAz2iFGoZeqvGowuntdVp7GQNdgdMiTczA12hd5TBQiC6GhPCmLNfA45qF,hold 1 slots,-0.05600027869956541
Cv5GgkpXvtXcsrMcKCJvx46BpMjiM61mpPU1j8RbbbVL,Cv5Ggk,EPBmHsmKZ4LL8iL59qkvN8TwUtkrXuxdL2fsMN3efWrm,t38DbGthmruMZrUU7HWHpvHfVA353eAz2iFGoZeqvGowuntdVp7GQNdgdMiTczA12hd5TBQiC6GhPCmLNfA45qF,hold 3 slots,-0.020716172028915406
Cv5GgkpXvtXcsrMcKCJvx46BpMjiM61mpPU1j8RbbbVL,Cv5Ggk,EPBmHsmKZ4LL8iL59qkvN8TwUtkrXuxdL2fsMN3efWrm,t38DbGthmruMZrUU7HWHpvHfVA353eAz2iFGoZeqvGowuntdVp7GQNdgdMiTczA12hd5TBQiC6GhPCmLNfA45qF,hold 5 slots,-0.011777236042091131
Cv5GgkpXvtXcsrMcKCJvx46BpMjiM61mpPU1j8RbbbVL,Cv5Ggk,EPBmHsmKZ4LL8iL59qkvN8TwUtkrXuxdL2fsMN3efWrm,t38DbGthmruMZrUU7HWHpvHfVA353eAz2iFGoZeqvGowuntdVp7GQNdgdMiTczA12hd5TBQiC6GhPCmLNfA45qF,hold 12 slots,0.21632456267797184
Cv5GgkpXvtXcsrMcKCJvx46BpMjiM61mpPU1j8RbbbVL,Cv5Ggk,EPBmHsmKZ4LL8iL59qkvN8TwUtkrXuxdL2fsMN3efWrm,t38DbGthmruMZrUU7HWHpvHfVA353eAz2iFGoZeqvGowuntdVp7GQNdgdMiTczA12hd5TBQiC6GhPCmLNfA45qF,hold 25 slots,0.34361123631046936
Cv5GgkpXvtXcsrMcKCJvx46BpMjiM61mpPU1j8RbbbVL,Cv5Ggk,EPBmHsmKZ4LL8iL59qkvN8TwUtkrXuxdL2fsMN3efWrm,t38DbGthmruMZrUU7HWHpvHfVA353eAz2iFGoZeqvGowuntdVp7GQNdgdMiTczA12hd5TBQiC6GhPCmLNfA45qF,hold 50 slots,0.28686273620335695
Cv5GgkpXvtXcsrMcKCJvx46BpMjiM61mpPU1j8RbbbVL,Cv5Ggk,EPBmHsmKZ4LL8iL59qkvN8TwUtkrXuxdL2fsMN3efWrm,t38DbGthmruMZrUU7HWHpvHfVA353eAz2iFGoZeqvGowuntdVp7GQNdgdMiTczA12hd5TBQiC6GhPCmLNfA45qF,hold 75 slots,0.6622100113468847
Cv5GgkpXvtXcsrMcKCJvx46BpMjiM61mpPU1j8RbbbVL,Cv5Ggk,EPBmHsmKZ4LL8iL59qkvN8TwUtkrXuxdL2fsMN3efWrm,t38DbGthmruMZrUU7HWHpvHfVA353eAz2iFGoZeqvGowuntdVp7GQNdgdMiTczA12hd5TBQiC6GhPCmLNfA45qF,hold 150 slots,0.3974487562813599
Cv5GgkpXvtXcsrMcKCJvx46BpMjiM61mpPU1j8RbbbVL,Cv5Ggk,EPBmHsmKZ4LL8iL59qkvN8TwUtkrXuxdL2fsMN3efWrm,t38DbGthmruMZrUU7HWHpvHfVA353eAz2iFGoZeqvGowuntdVp7GQNdgdMiTczA12hd5TBQiC6GhPCmLNfA45qF,TP 10% / SL 10%,0.21632456267797184
Cv5GgkpXvtXcsrMcKCJvx46BpMjiM61mpPU1j8RbbbVL,Cv5Ggk,EPBmHsmKZ4LL8iL59qkvN8TwUtkrXuxdL2fsMN3efWrm,t38DbGthmruMZrUU7HWHpvHfVA353eAz2iFGoZeqvGowuntdVp7GQNdgdMiTczA12hd5TBQiC6GhPCmLNfA45qF,TP 20% / SL 10%,0.21632456267797184
Cv5GgkpXvtXcsrMcKCJvx46BpMjiM61mpPU1j8RbbbVL,Cv5Ggk,EPBmHsmKZ4LL8iL59qkvN8TwUtkrXuxdL2fsMN3efWrm,t38DbGthmruMZrUU7HWHpvHfVA353eAz2iFGoZeqvGowuntdVp7GQNdgdMiTczA12hd5TBQiC6GhPCmLNfA45qF,TP 30% / SL 15%,0.34361123631046936
Cv5GgkpXvtXcsrMcKCJvx46BpMjiM61mpPU1j8RbbbVL,Cv5Ggk,EPBmHsmKZ4LL8iL59qkvN8TwUtkrXuxdL2fsMN3efWrm,t38DbGthmruMZrUU7HWHpvHfVA353eAz2iFGoZeqvGowuntdVp7GQNdgdMiTczA12hd5TBQiC6GhPCmLNfA45qF,TP 50% / SL 25%,0.6622100113468847
Cv5GgkpXvtXcsrMcKCJvx46BpMjiM61mpPU1j8RbbbVL,Cv5Ggk,EPBmHsmKZ4LL8iL59qkvN8TwUtkrXuxdL2fsMN3efWrm,t38DbGthmruMZrUU7HWHpvHfVA353eAz2iFGoZeqvGowuntdVp7GQNdgdMiTczA12hd5TBQiC6GhPCmLNfA45qF,TP 100% / SL 30%,0.3974487562813599
Cv5GgkpXvtXcsrMcKCJvx46BpMjiM61mpPU1j8RbbbVL,Cv5Ggk,G3ETgsWkkDT9uGPUcUKmGKUDJM63ChPdEfLFUTiHkB5D,5X3ZvXudSCkoiBjAodwU7A4nm2B92XkLvf8RCigSheEuKHGk8gP7Hm2f6wQQCVSv1k9C5ByRMS8nLknP8eoY51Nv,follow wallet,-0.02749380060544312
Cv5GgkpXvtXcsrMcKCJvx46BpMjiM61mpPU1j8RbbbVL,Cv5Ggk,G3ETgsWkkDT9uGPUcUKmGKUDJM63ChPdEfLFUTiHkB5D,5X3ZvXudSCkoiBjAodwU7A4nm2B92XkLvf8RCigSheEuKHGk8gP7Hm2f6wQQCVSv1k9C5ByRMS8nLknP8eoY51Nv,hold 1 slots,-0.051377677950686096
Cv5GgkpXvtXcsrMcKCJvx46BpMjiM61mpPU1j8RbbbVL,Cv5Ggk,G3ETgsWkkDT9uGPUcUKmGKUDJM63ChPdEfLFUTiHkB5D,5X3ZvXudSCkoiBjAodwU7A4nm2B92XkLvf8RCigSheEuKHGk8gP7Hm2f6wQQCVSv1k9C5ByRMS8nLknP8eoY51Nv,hold 3 slots,-0.049280034887685537
Cv5GgkpXvtXcsrMcKCJvx46BpMjiM61mpPU1j8RbbbVL,Cv5Ggk,G3ETgsWkkDT9uGPUcUKmGKUDJM63ChPdEfLFUTiHkB5D,5X3ZvXudSCkoiBjAodwU7A4nm2B92XkLvf8RCigSheEuKHGk8gP7Hm2f6wQQCVSv1k9C5ByRMS8nLknP8eoY51Nv,hold 5 slots,-0.10763127214678467
Cv5GgkpXvtXcsrMcKCJvx46BpMjiM61mpPU1j8RbbbVL,Cv5Ggk,G3ETgsWkkDT9uGPUcUKmGKUDJM63ChPdEfLFUTiHkB5D,5X3ZvXudSCkoiBjAodwU7A4nm2B92XkLvf8RCigSheEuKHGk8gP7Hm2f6wQQCVSv1k9C5ByRMS8nLknP8eoY51Nv,hold 12 slots,-0.10763127214678467
Cv5GgkpXvtXcsrMcKCJvx46BpMjiM61mpPU1j8RbbbVL,Cv5Ggk,G3ETgsWkkDT9uGPUcUKmGKUDJM63ChPdEfLFUTiHkB5D,5X3ZvXudSCkoiBjAodwU7A4nm2B92XkLvf8RCigSheEuKHGk8gP7Hm2f6wQQCVSv1k9C5ByRMS8nLknP8eoY51Nv,hold 25 slots,-0.08096965016513122
Cv5GgkpXvtXcsrMcKCJvx46BpMjiM61mpPU1j8RbbbVL,Cv5Ggk,G3ETgsWkkDT9uGPUcUKmGKUDJM63ChPdEfLFUTiHkB5D,5X3ZvXudSCkoiBjAodwU7A4nm2B92XkLvf8RCigSheEuKHGk8gP7Hm2f6wQQCVSv1k9C5ByRMS8nLknP8eoY51Nv,hold 50 slots,-0.06072025639337707
Cv5GgkpXvtXcsrMcKCJvx46BpMjiM61mpPU1j8RbbbVL,Cv5Ggk,G3ETgsWkkDT9uGPUcUKmGKUDJM63ChPdEfLFUTiHkB5D,5X3ZvXudSCkoiBjAodwU7A4nm2B92XkLvf8RCigSheEuKHGk8gP7Hm2f6wQQCVSv1k9C5ByRMS8nLknP8eoY51Nv,hold 75 slots,0.13493717791248847
Cv5GgkpXvtXcsrMcKCJvx46BpMjiM61mpPU1j8RbbbVL,Cv5Ggk,G3ETgsWkkDT9uGPUcUKmGKUDJM63ChPdEfLFUTiHkB5D,5X3ZvXudSCkoiBjAodwU7A4nm2B92XkLvf8RCigSheEuKHGk8gP7Hm2f6wQQCVSv1k9C5ByRMS8nLknP8eoY51Nv,hold 150 slots,0.10716161017772818
Cv5GgkpXvtXcsrMcKCJvx46BpMjiM61mpPU1j8RbbbVL,Cv5Ggk,G3ETgsWkkDT9uGPUcUKmGKUDJM63ChPdEfLFUTiHkB5D,5X3ZvXudSCkoiBjAodwU7A4nm2B92XkLvf8RCigSheEuKHGk8gP7Hm2f6wQQCVSv1k9C5ByRMS8nLknP8eoY51Nv,TP 10% / SL 10%,-0.10763127214678467
Cv5GgkpXvtXcsrMcKCJvx46BpMjiM61mpPU1j8RbbbVL,Cv5Ggk,G3ETgsWkkDT9uGPUcUKmGKUDJM63ChPdEfLFUTiHkB5D,5X3ZvXudSCkoiBjAodwU7A4nm2B92XkLvf8RCigSheEuKHGk8gP7Hm2f6wQQCVSv1k9C5ByRMS8nLknP8eoY51Nv,TP 20% / SL 10%,-0.10763127214678467
Cv5GgkpXvtXcsrMcKCJvx46BpMjiM61mpPU1j8RbbbVL,Cv5Ggk,G3ETgsWkkDT9uGPUcUKmGKUDJM63ChPdEfLFUTiHkB5D,5X3ZvXudSCkoiBjAodwU7A4nm2B92XkLvf8RCigSheEuKHGk8gP7Hm2f6wQQCVSv1k9C5ByRMS8nLknP8eoY51Nv,TP 30% / SL 15%,0.10716161017772818
Cv5GgkpXvtXcsrMcKCJvx46BpMjiM61mpPU1j8RbbbVL,Cv5Ggk,G3ETgsWkkDT9uGPUcUKmGKUDJM63ChPdEfLFUTiHkB5D,5X3ZvXudSCkoiBjAodwU7A4nm2B92XkLvf8RCigSheEuKHGk8gP7Hm2f6wQQCVSv1k9C5ByRMS8nLknP8eoY51Nv,TP 50% / SL 25%,0.10716161017772818
Cv5GgkpXvtXcsrMcKCJvx46BpMjiM61mpPU1j8RbbbVL,Cv5Ggk,G3ETgsWkkDT9uGPUcUKmGKUDJM63ChPdEfLFUTiHkB5D,5X3ZvXudSCkoiBjAodwU7A4nm2B92XkLvf8RCigSheEuKHGk8gP7Hm2f6wQQCVSv1k9C5ByRMS8nLknP8eoY51Nv,TP 100% / SL 30%,0.10716161017772818
H1TLERBQyQzSd5gbvbWwP97GjeL9txzWoN5BK4UG7xYm,H1TLER,5i21UkuLPaTiCqrSrF7vs6KEo1Vb1T1RWC5tdrbmpump,4wRiytBDHsrEzDrDvz94p2BjJQLs3bcx2cbx7PHkQFkhor7Zn1WM7nXZuLvvsUZAADeBWdqPvSb3o47XT5VE9n1W,hold 1 slots,-0.048504529661610125
H1TLERBQyQzSd5gbvbWwP97GjeL9txzWoN5BK4UG7xYm,H1TLER,5i21UkuLPaTiCqrSrF7vs6KEo1Vb1T1RWC5tdrbmpump,4wRiytBDHsrEzDrDvz94p2BjJQLs3bcx2cbx7PHkQFkhor7Zn1WM7nXZuLvvsUZAADeBWdqPvSb3o47XT5VE9n1W,hold 3 slots,-0.040462276104021075
H1TLERBQyQzSd5gbvbWwP97GjeL9txzWoN5BK4UG7xYm,H1TLER,5i21UkuLPaTiCqrSrF7vs6KEo1Vb1T1RWC5tdrbmpump,4wRiytBDHsrEzDrDvz94p2BjJQLs3bcx2cbx7PHkQFkhor7Zn1WM7nXZuLvvsUZAADeBWdqPvSb3o47XT5VE9n1W,hold 5 slots,-0.04015107965809822
H1TLERBQyQzSd5gbvbWwP97GjeL9txzWoN5BK4UG7xYm,H1TLER,5i21UkuLPaTiCqrSrF7vs6KEo1Vb1T1RWC5tdrbmpump,4wRiytBDHsrEzDrDvz94p2BjJQLs3bcx2cbx7PHkQFkhor7Zn1WM7nXZuLvvsUZAADeBWdqPvSb3o47XT5VE9n1W,hold 12 slots,-0.04015107965809822
H1TLERBQyQzSd5gbvbWwP97GjeL9txzWoN5BK4UG7xYm,H1TLER,5i21UkuLPaTiCqrSrF7vs6KEo1Vb1T1RWC5tdrbmpump,4wRiytBDHsrEzDrDvz94p2BjJQLs3bcx2cbx7PHkQFkhor7Zn1WM7nXZuLvvsUZAADeBWdqPvSb3o47XT5VE9n1W,hold 25 slots,-0.04015107965809822
H1TLERBQyQzSd5gbvbWwP97GjeL9txzWoN5BK4UG7xYm,H1TLER,5i21UkuLPaTiCqrSrF7vs6KEo1Vb1T1RWC5tdrbmpump,4wRiytBDHsrEzDrDvz94p2BjJQLs3bcx2cbx7PHkQFkhor7Zn1WM7nXZuLvvsUZAADeBWdqPvSb3o47XT5VE9n1W,hold 50 slots,-0.0804622045268433
H1TLERBQyQzSd5gbvbWwP97GjeL9txzWoN5BK4UG7xYm,H1TLER,5i21UkuLPaTiCqrSrF7vs6KEo1Vb1T1RWC5tdrbmpump,4wRiytBDHsrEzDrDvz94p2BjJQLs3bcx2cbx7PHkQFkhor7Zn1WM7nXZuLvvsUZAADeBWdqPvSb3o47XT5VE9n1W,hold 75 slots,-0.08554078326171874
H1TLERBQyQzSd5gbvbWwP97GjeL9txzWoN5BK4UG7xYm,H1TLER,5i21UkuLPaTiCqrSrF7vs6KEo1Vb1T1RWC5tdrbmpump,4wRiytBDHsrEzDrDvz94p2BjJQLs3bcx2cbx7PHkQFkhor7Zn1WM7nXZuLvvsUZAADeBWdqPvSb3o47XT5VE9n1W,hold 150 slots,-0.06919123403273558
H1TLERBQyQzSd5gbvbWwP97GjeL9txzWoN5BK4UG7xYm,H1TLER,5i21UkuLPaTiCqrSrF7vs6KEo1Vb1T1RWC5tdrbmpump,4wRiytBDHsrEzDrDvz94p2BjJQLs3bcx2cbx7PHkQFkhor7Zn1WM7nXZuLvvsUZAADeBWdqPvSb3o47XT5VE9n1W,TP 10% / SL 10%,-0.06919123403273558
H1TLERBQyQzSd5gbvbWwP97GjeL9txzWoN5BK4UG7xYm,H1TLER,5i21UkuLPaTiCqrSrF7vs6KEo1Vb1T1RWC5tdrbmpump,4wRiytBDHsrEzDrDvz94p2BjJQLs3bcx2cbx7PHkQFkhor7Zn1WM7nXZuLvvsUZAADeBWdqPvSb3o47XT5VE9n1W,TP 20% / SL 10%,-0.06919123403273558
H1TLERBQyQzSd5gbvbWwP97GjeL9txzWoN5BK4UG7xYm,H1TLER,5i21UkuLPaTiCqrSrF7vs6KEo1Vb1T1RWC5tdrbmpump,4wRiytBDHsrEzDrDvz94p2BjJQLs3bcx2cbx7PHkQFkhor7Zn1WM7nXZuLvvsUZAADeBWdqPvSb3o47XT5VE9n1W,TP 30% / SL 15%,-0.06919123403273558
H1TLERBQyQzSd5gbvbWwP97GjeL9txzWoN5BK4UG7xYm,H1TLER,5i21UkuLPaTiCqrSrF7vs6KEo1Vb1T1RWC5tdrbmpump,4wRiytBDHsrEzDrDvz94p2BjJQLs3bcx2cbx7PHkQFkhor7Zn1WM7nXZuLvvsUZAADeBWdqPvSb3o47XT5VE9n1W,TP 50% / SL 25%,-0.06919123403273558
H1TLERBQyQzSd5gbvbWwP97GjeL9txzWoN5BK4UG7xYm,H1TLER,5i21UkuLPaTiCqrSrF7vs6KEo1Vb1T1RWC5tdrbmpump,4wRiytBDHsrEzDrDvz94p2BjJQLs3bcx2cbx7PHkQFkhor7Zn1WM7nXZuLvvsUZAADeBWdqPvSb3o47XT5VE9n1W,TP 100% / SL 30%,-0.06919123403273558
H1TLERBQyQzSd5gbvbWwP97GjeL9txzWoN5BK4UG7xYm,H1TLER,5Xc17W3emCMhmYDm55D6zEXstnrqDMJxNoxaCgecHqLg,2rZLsxZzo7ishUc3xVeToXcVi5bRsVHbTG7DYjHKPcu9yNqV7QS65Q6Nf2XA3xPGvJirz29eZmntrnsu6pmLn3pV,follow wallet,-0.335607993523432
H1TLERBQyQzSd5gbvbWwP97GjeL9txzWoN5BK4UG7xYm,H1TLER,5Xc17W3emCMhmYDm55D6zEXstnrqDMJxNoxaCgecHqLg,2rZLsxZzo7ishUc3xVeToXcVi5bRsVHbTG7DYjHKPcu9yNqV7QS65Q6Nf2XA3xPGvJirz29eZmntrnsu6pmLn3pV,hold 1 slots,-0.019894751967104555
H1TLERBQyQzSd5gbvbWwP97GjeL9txzWoN5BK4UG7xYm,H1TLER,5Xc17W3emCMhmYDm55D6zEXstnrqDMJxNoxaCgecHqLg,2rZLsxZzo7ishUc3xVeToXcVi5bRsVHbTG7DYjHKPcu9yNqV7QS65Q6Nf2XA3xPGvJirz29eZmntrnsu6pmLn3pV,hold 3 slots,-0.05681800038878906
H1TLERBQyQzSd5gbvbWwP97GjeL9txzWoN5BK4UG7xYm,H1TLER,5Xc17W3emCMhmYDm55D6zEXstnrqDMJxNoxaCgecHqLg,2rZLsxZzo7ishUc3xVeToXcVi5bRsVHbTG7DYjHKPcu9yNqV7QS65Q6Nf2XA3xPGvJirz29eZmntrnsu6pmLn3pV,hold 5 slots,-0.053514232759732126
H1TLERBQyQzSd5gbvbWwP97GjeL9txzWoN5BK4UG7xYm,H1TLER,5Xc17W3emCMhmYDm55D6zEXstnrqDMJxNoxaCgecHqLg,2rZLsxZzo7ishUc3xVeToXcVi5bRsVHbTG7DYjHKPcu9yNqV7QS65Q6Nf2XA3xPGvJirz29eZmntrnsu6pmLn3pV,hold 12 slots,-0.06855892743777167
H1TLERBQyQzSd5gbvbWwP97GjeL9txzWoN5BK4UG7xYm,H1TLER,5Xc17W3emCMhmYDm55D6zEXstnrqDMJxNoxaCgecHqLg,2rZLsxZzo7ishUc3xVeToXcVi5bRsVHbTG7DYjHKPcu9yNqV7QS65Q6Nf2XA3xPGvJirz29eZmntrnsu6pmLn3pV,hold 25 slots,-0.0676595396985284
H1TLERBQyQzSd5gbvbWwP97GjeL9txzWoN5BK4UG7xYm,H1TLER,5Xc17W3emCMhmYDm55D6zEXstnrqDMJxNoxaCgecHqLg,2rZLsxZzo7ishUc3xVeToXcVi5bRsVHbTG7DYjHKPcu9yNqV7QS65Q6Nf2XA3xPGvJirz29eZmntrnsu6pmLn3pV,hold 50 slots,-0.09058965410373043
H1TLERBQyQzSd5gbvbWwP97GjeL9txzWoN5BK4UG7xYm,H1TLER,5Xc17W3emCMhmYDm55D6zEXstnrqDMJxNoxaCgecHqLg,2rZLsxZzo7ishUc3xVeToXcVi5bRsVHbTG7DYjHKPcu9yNqV7QS65Q6Nf2XA3xPGvJirz29eZmntrnsu6pmLn3pV,hold 75 slots,0.0006140911313983199
H1TLERBQyQzSd5gbvbWwP97GjeL9txzWoN5BK4UG7xYm,H1TLER,5Xc17W3emCMhmYDm55D6zEXstnrqDMJxNoxaCgecHqLg,2rZLsxZzo7ishUc3xVeToXcVi5bRsVHbTG7DYjHKPcu9yNqV7QS65Q6Nf2XA3xPGvJirz29eZmntrnsu6pmLn3pV,hold 150 slots,-0.10505760099244321
H1TLERBQyQzSd5gbvbWwP97GjeL9txzWoN5BK4UG7xYm,H1TLER,5Xc17W3emCMhmYDm55D6zEXstnrqDMJxNoxaCgecHqLg,2rZLsxZzo7ishUc3xVeToXcVi5bRsVHbTG7DYjHKPcu9yNqV7QS65Q6Nf2XA3xPGvJirz29eZmntrnsu6pmLn3pV,TP 10% / SL 10%,-0.10505760099244321
H1TLERBQyQzSd5gbvbWwP97GjeL9txzWoN5BK4UG7xYm,H1TLER,5Xc17W3emCMhmYDm55D6zEXstnrqDMJxNoxaCgecHqLg,2rZLsxZzo7ishUc3xVeToXcVi5bRsVHbTG7DYjHKPcu9yNqV7QS65Q6Nf2XA3xPGvJirz29eZmntrnsu6pmLn3pV,TP 20% / SL 10%,-0.10505760099244321
H1TLERBQyQzSd5gbvbWwP97GjeL9txzWoN5BK4UG7xYm,H1TLER,5Xc17W3emCMhmYDm55D6zEXstnrqDMJxNoxaCgecHqLg,2rZLsxZzo7ishUc3xVeToXcVi5bRsVHbTG7DYjHKPcu9yNqV7QS65Q6Nf2XA3xPGvJirz29eZmntrnsu6pmLn3pV,TP 30% / SL 15%,-0.10505760099244321
H1TLERBQyQzSd5gbvbWwP97GjeL9txzWoN5BK4UG7xYm,H1TLER,5Xc17W3emCMhmYDm55D6zEXstnrqDMJxNoxaCgecHqLg,2rZLsxZzo7ishUc3xVeToXcVi5bRsVHbTG7DYjHKPcu9yNqV7QS65Q6Nf2XA3xPGvJirz29eZmntrnsu6pmLn3pV,TP 50% / SL 25%,-0.10505760099244321
H1TLERBQyQzSd5gbvbWwP97GjeL9txzWoN5BK4UG7xYm,H1TLER,5Xc17W3emCMhmYDm55D6zEXstnrqDMJxNoxaCgecHqLg,2rZLsxZzo7ishUc3xVeToXcVi5bRsVHbTG7DYjHKPcu9yNqV7QS65Q6Nf2XA3xPGvJirz29eZmntrnsu6pmLn3pV,TP 100% / SL 30%,-0.10505760099244321
H1TLERBQyQzSd5gbvbWwP97GjeL9txzWoN5BK4UG7xYm,H1TLER,CHtGoNPCVjaqsBGmFNd4A8FZZ6TWDn32ojUs5v3xpPdz,5cGMsD8Ly7P7QLMDRQtAeEz1bBBSk2QYHKKZ7pooKudBYD326AeFsQN1FhevgpMfBwhBwUjXXPd3mVLszNvwgfZY,follow wallet,-0.3532456068900262
H1TLERBQyQzSd5gbvbWwP97GjeL9txzWoN5BK4UG7xYm,H1TLER,CHtGoNPCVjaqsBGmFNd4A8FZZ6TWDn32ojUs5v3xpPdz,5cGMsD8Ly7P7QLMDRQtAeEz1bBBSk2QYHKKZ7pooKudBYD326AeFsQN1FhevgpMfBwhBwUjXXPd3mVLszNvwgfZY,hold 1 slots,-0.05649355055218506
H1TLERBQyQzSd5gbvbWwP97GjeL9txzWoN5BK4UG7xYm,H1TLER,CHtGoNPCVjaqsBGmFNd4A8FZZ6TWDn32ojUs5v3xpPdz,5cGMsD8Ly7P7QLMDRQtAeEz1bBBSk2QYHKKZ7pooKudBYD326AeFsQN1FhevgpMfBwhBwUjXXPd3mVLszNvwgfZY,hold 3 slots,-0.059088387208256245
H1TLERBQyQzSd5gbvbWwP97GjeL9txzWoN5BK4UG7xYm,H1TLER,CHtGoNPCVjaqsBGmFNd4A8FZZ6TWDn32ojUs5v3xpPdz,5cGMsD8Ly7P7QLMDRQtAeEz1bBBSk2QYHKKZ7pooKudBYD326AeFsQN1FhevgpMfBwhBwUjXXPd3mVLszNvwgfZY,hold 5 slots,-0.059088387208256245
H1TLERBQyQzSd5gbvbWwP97GjeL9txzWoN5BK4UG7xYm,H1TLER,CHtGoNPCVjaqsBGmFNd4A8FZZ6TWDn32ojUs5v3xpPdz,5cGMsD8Ly7P7QLMDRQtAeEz1bBBSk2QYHKKZ7pooKudBYD326AeFsQN1FhevgpMfBwhBwUjXXPd3mVLszNvwgfZY,hold 12 slots,-0.006214163238571763
H1TLERBQyQzSd5gbvbWwP97GjeL9txzWoN5BK4UG7xYm,H1TLER,CHtGoNPCVjaqsBGmFNd4A8FZZ6TWDn32ojUs5v3xpPdz,5cGMsD8Ly7P7QLMDRQtAeEz1bBBSk2QYHKKZ7pooKudBYD326AeFsQN1FhevgpMfBwhBwUjXXPd3mVLszNvwgfZY,hold 25 slots,-0.07410059025558041
H1TLERBQyQzSd5gbvbWwP97GjeL9txzWoN5BK4UG7xYm,H1TLER,CHtGoNPCVjaqsBGmFNd4A8FZZ6TWDn32ojUs5v3xpPdz,5cGMsD8Ly7P7QLMDRQtAeEz1bBBSk2QYHKKZ7pooKudBYD326AeFsQN1FhevgpMfBwhBwUjXXPd3mVLszNvwgfZY,hold 50 slots,-0.2170593472351086
H1TLERBQyQzSd5gbvbWwP97GjeL9txzWoN5BK4UG7xYm,H1TLER,CHtGoNPCVjaqsBGmFNd4A8FZZ6TWDn32ojUs5v3xpPdz,5cGMsD8Ly7P7QLMDRQtAeEz1bBBSk2QYHKKZ7pooKudBYD326AeFsQN1FhevgpMfBwhBwUjXXPd3mVLszNvwgfZY,hold 75 slots,-0.23193213653609443
H1TLERBQyQzSd5gbvbWwP97GjeL9txzWoN5BK4UG7xYm,H1TLER,CHtGoNPCVjaqsBGmFNd4A8FZZ6TWDn32ojUs5v3xpPdz,5cGMsD8Ly7P7QLMDRQtAeEz1bBBSk2QYHKKZ7pooKudBYD326AeFsQN1FhevgpMfBwhBwUjXXPd3mVLszNvwgfZY,hold 150 slots,-0.4154385877344378
H1TLERBQyQzSd5gbvbWwP97GjeL9txzWoN5BK4UG7xYm,H1TLER,CHtGoNPCVjaqsBGmFNd4A8FZZ6TWDn32ojUs5v3xpPdz,5cGMsD8Ly7P7QLMDRQtAeEz1bBBSk2QYHKKZ7pooKudBYD326AeFsQN1FhevgpMfBwhBwUjXXPd3mVLszNvwgfZY,TP 10% / SL 10%,-0.11868812482084964
H1TLERBQyQzSd5gbvbWwP97GjeL9txzWoN5BK4UG7xYm,H1TLER,CHtGoNPCVjaqsBGmFNd4A8FZZ6TWDn32ojUs5v3xpPdz,5cGMsD8Ly7P7QLMDRQtAeEz1bBBSk2QYHKKZ7pooKudBYD326AeFsQN1FhevgpMfBwhBwUjXXPd3mVLszNvwgfZY,TP 20% / SL 10%,-0.11868812482084964
H1TLERBQyQzSd5gbvbWwP97GjeL9txzWoN5BK4UG7xYm,H1TLER,CHtGoNPCVjaqsBGmFNd4A8FZZ6TWDn32ojUs5v3xpPdz,5cGMsD8Ly7P7QLMDRQtAeEz1bBBSk2QYHKKZ7pooKudBYD326AeFsQN1FhevgpMfBwhBwUjXXPd3mVLszNvwgfZY,TP 30% / SL 15%,-0.2170593472351086
H1TLERBQyQzSd5gbvbWwP97GjeL9txzWoN5BK4UG7xYm,H1TLER,CHtGoNPCVjaqsBGmFNd4A8FZZ6TWDn32ojUs5v3xpPdz,5cGMsD8Ly7P7QLMDRQtAeEz1bBBSk2QYHKKZ7pooKudBYD326AeFsQN1FhevgpMfBwhBwUjXXPd3mVLszNvwgfZY,TP 50% / SL 25%,-0.2998735385413556
H1TLERBQyQzSd5gbvbWwP97GjeL9txzWoN5BK4UG7xYm,H1TLER,CHtGoNPCVjaqsBGmFNd4A8FZZ6TWDn32ojUs5v3xpPdz,5cGMsD8Ly7P7QLMDRQtAeEz1bBBSk2QYHKKZ7pooKudBYD326AeFsQN1FhevgpMfBwhBwUjXXPd3mVLszNvwgfZY,TP 100% / SL 30%,-0.4154385877344378
H1TLERBQyQzSd5gbvbWwP97GjeL9txzWoN5BK4UG7xYm,H1TLER,EMXfusctv441yEybhY2gs5M4MyRwpMj6pGhCMnCpump,4h7puDeKmYp3bm49RAHX5aKbT71UZf9FuGd3eirdrfrrjZLcMWG7rFJygdz5xrgYr3LyLJ4zE31aytRAt4cPJTFJ,follow wallet,0.16151403426478386
H1TLERBQyQzSd5gbvbWwP97GjeL9txzWoN5BK4UG7xYm,H1TLER,EMXfusctv441yEybhY2gs5M4MyRwpMj6pGhCMnCpump,4h7puDeKmYp3bm49RAHX5aKbT71UZf9FuGd3eirdrfrrjZLcMWG7rFJygdz5xrgYr3LyLJ4zE31aytRAt4cPJTFJ,hold 1 slots,-0.06683487828474366
H1TLERBQyQzSd5gbvbWwP97GjeL9txzWoN5BK4UG7xYm,H1TLER,EMXfusctv441yEybhY2gs5M4MyRwpMj6pGhCMnCpump,4h7puDeKmYp3bm49RAHX5aKbT71UZf9FuGd3eirdrfrrjZLcMWG7rFJygdz5xrgYr3LyLJ4zE31aytRAt4cPJTFJ,hold 3 slots,-0.11089593900027347
H1TLERBQyQzSd5gbvbWwP97GjeL9txzWoN5BK4UG7xYm,H1TLER,EMXfusctv441yEybhY2gs5M4MyRwpMj6pGhCMnCpump,4h7puDeKmYp3bm49RAHX5aKbT71UZf9FuGd3eirdrfrrjZLcMWG7rFJygdz5xrgYr3LyLJ4zE31aytRAt4cPJTFJ,hold 5 slots,-0.05964593927049196
H1TLERBQyQzSd5gbvbWwP97GjeL9txzWoN5BK4UG7xYm,H1TLER,EMXfusctv441yEybhY2gs5M4MyRwpMj6pGhCMnCpump,4h7puDeKmYp3bm49RAHX5aKbT71UZf9FuGd3eirdrfrrjZLcMWG7rFJygdz5xrgYr3LyLJ4zE31aytRAt4cPJTFJ,hold 12 slots,-0.046936230518225076
H1TLERBQyQzSd5gbvbWwP97GjeL9txzWoN5BK4UG7xYm,H1TLER,EMXfusctv441yEybhY2gs5M4MyRwpMj6pGhCMnCpump,4h7puDeKmYp3bm49RAHX5aKbT71UZf9FuGd3eirdrfrrjZLcMWG7rFJygdz5xrgYr3LyLJ4zE31aytRAt4cPJTFJ,hold 25 slots,0.07123350086602664
H1TLERBQyQzSd5gbvbWwP97GjeL9txzWoN5BK4UG7xYm,H1TLER,EMXfusctv441yEybhY2gs5M4MyRwpMj6pGhCMnCpump,4h7puDeKmYp3bm49RAHX5aKbT71UZf9FuGd3eirdrfrrjZLcMWG7rFJygdz5xrgYr3LyLJ4zE31aytRAt4cPJTFJ,hold 50 slots,0.0999717074166186
H1TLERBQyQzSd5gbvbWwP97GjeL9txzWoN5BK4UG7xYm,H1TLER,EMXfusctv441yEybhY2gs5M4MyRwpMj6pGhCMnCpump,4h7puDeKmYp3bm49RAHX5aKbT71UZf9FuGd3eirdrfrrjZLcMWG7rFJygdz5xrgYr3LyLJ4zE31aytRAt4cPJTFJ,hold 75 slots,0.13593188888404417
H1TLERBQyQzSd5gbvbWwP97GjeL9txzWoN5BK4UG7xYm,H1TLER,EMXfusctv441yEybhY2gs5M4MyRwpMj6pGhCMnCpump,4h7puDeKmYp3bm49RAHX5aKbT71UZf9FuGd3eirdrfrrjZLcMWG7rFJygdz5xrgYr3LyLJ4zE31aytRAt4cPJTFJ,hold 150 slots,0.23497778604147218
H1TLERBQyQzSd5gbvbWwP97GjeL9txzWoN5BK4UG7xYm,H1TLER,EMXfusctv441yEybhY2gs5M4MyRwpMj6pGhCMnCpump,4h7puDeKmYp3bm49RAHX5aKbT71UZf9FuGd3eirdrfrrjZLcMWG7rFJygdz5xrgYr3LyLJ4zE31aytRAt4cPJTFJ,TP 10% / SL 10%,-0.14200404482014167
H1TLERBQyQzSd5gbvbWwP97GjeL9txzWoN5BK4UG7xYm,H1TLER,EMXfusctv441yEybhY2gs5M4MyRwpMj6pGhCMnCpump,4h7puDeKmYp3bm49RAHX5aKbT71UZf9FuGd3eirdrfrrjZLcMWG7rFJygdz5xrgYr3LyLJ4zE31aytRAt4cPJTFJ,TP 20% / SL 10%,-0.14200404482014167
H1TLERBQyQzSd5gbvbWwP97GjeL9txzWoN5BK4UG7xYm,H1TLER,EMXfusctv441yEybhY2gs5M4MyRwpMj6pGhCMnCpump,4h7puDeKmYp3bm49RAHX5aKbT71UZf9FuGd3eirdrfrrjZLcMWG7rFJygdz5xrgYr3LyLJ4zE31aytRAt4cPJTFJ,TP 30% / SL 15%,0.23497778604147218
H1TLERBQyQzSd5gbvbWwP97GjeL9txzWoN5BK4UG7xYm,H1TLER,EMXfusctv441yEybhY2gs5M4MyRwpMj6pGhCMnCpump,4h7puDeKmYp3bm49RAHX5aKbT71UZf9FuGd3eirdrfrrjZLcMWG7rFJygdz5xrgYr3LyLJ4zE31aytRAt4cPJTFJ,TP 50% / SL 25%,0.23497778604147218
H1TLERBQyQzSd5gbvbWwP97GjeL9txzWoN5BK4UG7xYm,H1TLER,EMXfusctv441yEybhY2gs5M4MyRwpMj6pGhCMnCpump,4h7puDeKmYp3bm49RAHX5aKbT71UZf9FuGd3eirdrfrrjZLcMWG7rFJygdz5xrgYr3LyLJ4zE31aytRAt4cPJTFJ,TP 100% / SL 30%,0.23497778604147218
H1TLERBQyQzSd5gbvbWwP97GjeL9txzWoN5BK4UG7xYm,H1TLER,GUnhpiwDLNLcT3tmStYqVKHoTAN5FuhdPCh4F148GJkw,594nZUNVXcXoC55Gm4Qx2DPJC6JDzKDmWoYP437w5n25PgPSaDUjmdBw6wF4GoUN7T27wf727PXcPyLJzhUMPFXn,follow wallet,1.018934959095626
H1TLERBQyQzSd5gbvbWwP97GjeL9txzWoN5BK4UG7xYm,H1TLER,GUnhpiwDLNLcT3tmStYqVKHoTAN5FuhdPCh4F148GJkw,594nZUNVXcXoC55Gm4Qx2DPJC6JDzKDmWoYP437w5n25PgPSaDUjmdBw6wF4GoUN7T27wf727PXcPyLJzhUMPFXn,hold 1 slots,-0.05401474399392462
H1TLERBQyQzSd5gbvbWwP97GjeL9txzWoN5BK4UG7xYm,H1TLER,GUnhpiwDLNLcT3tmStYqVKHoTAN5FuhdPCh4F148GJkw,594nZUNVXcXoC55Gm4Qx2DPJC6JDzKDmWoYP437w5n25PgPSaDUjmdBw6wF4GoUN7T27wf727PXcPyLJzhUMPFXn,hold 3 slots,0.03140815917547488
H1TLERBQyQzSd5gbvbWwP97GjeL9txzWoN5BK4UG7xYm,H1TLER,GUnhpiwDLNLcT3tmStYqVKHoTAN5FuhdPCh4F148GJkw,594nZUNVXcXoC55Gm4Qx2DPJC6JDzKDmWoYP437w5n25PgPSaDUjmdBw6wF4GoUN7T27wf727PXcPyLJzhUMPFXn,hold 5 slots,0.03140815917547488
H1TLERBQyQzSd5gbvbWwP97GjeL9txzWoN5BK4UG7xYm,H1TLER,GUnhpiwDLNLcT3tmStYqVKHoTAN5FuhdPCh4F148GJkw,594nZUNVXcXoC55Gm4Qx2DPJC6JDzKDmWoYP437w5n25PgPSaDUjmdBw6wF4GoUN7T27wf727PXcPyLJzhUMPFXn,hold 12 slots,0.038942147235562684
H1TLERBQyQzSd5gbvbWwP97GjeL9txzWoN5BK4UG7xYm,H1TLER,GUnhpiwDLNLcT3tmStYqVKHoTAN5FuhdPCh4F148GJkw,594nZUNVXcXoC55Gm4Qx2DPJC6JDzKDmWoYP437w5n25PgPSaDUjmdBw6wF4GoUN7T27wf727PXcPyLJzhUMPFXn,hold 25 slots,0.051255895425794604
H1TLERBQyQzSd5gbvbWwP97GjeL9txzWoN5BK4UG7xYm,H1TLER,GUnhpiwDLNLcT3tmStYqVKHoTAN5FuhdPCh4F148GJkw,594nZUNVXcXoC55Gm4Qx2DPJC6JDzKDmWoYP437w5n25PgPSaDUjmdBw6wF4GoUN7T27wf727PXcPyLJzhUMPFXn,hold 50 slots,0.07237286753537345
H1TLERBQyQzSd5gbvbWwP97GjeL9txzWoN5BK4UG7xYm,H1TLER,GUnhpiwDLNLcT3tmStYqVKHoTAN5FuhdPCh4F148GJkw,594nZUNVXcXoC55Gm4Qx2DPJC6JDzKDmWoYP437w5n25PgPSaDUjmdBw6wF4GoUN7T27wf727PXcPyLJzhUMPFXn,hold 75 slots,0.07501564929845572
H1TLERBQyQzSd5gbvbWwP97GjeL9txzWoN5BK4UG7xYm,H1TLER,GUnhpiwDLNLcT3tmStYqVKHoTAN5FuhdPCh4F148GJkw,594nZUNVXcXoC55Gm4Qx2DPJC6JDzKDmWoYP437w5n25PgPSaDUjmdBw6wF4GoUN7T27wf727PXcPyLJzhUMPFXn,hold 150 slots,0.628607484361505
H1TLERBQyQzSd5gbvbWwP97GjeL9txzWoN5BK4UG7xYm,H1TLER,GUnhpiwDLNLcT3tmStYqVKHoTAN5FuhdPCh4F148GJkw,594nZUNVXcXoC55Gm4Qx2DPJC6JDzKDmWoYP437w5n25PgPSaDUjmdBw6wF4GoUN7T27wf727PXcPyLJzhUMPFXn,TP 10% / SL 10%,0.628607484361505
H1TLERBQyQzSd5gbvbWwP97GjeL9txzWoN5BK4UG7xYm,H1TLER,GUnhpiwDLNLcT3tmStYqVKHoTAN5FuhdPCh4F148GJkw,594nZUNVXcXoC55Gm4Qx2DPJC6JDzKDmWoYP437w5n25PgPSaDUjmdBw6wF4GoUN7T27wf727PXcPyLJzhUMPFXn,TP 20% / SL 10%,0.628607484361505
H1TLERBQyQzSd5gbvbWwP97GjeL9txzWoN5BK4UG7xYm,H1TLER,GUnhpiwDLNLcT3tmStYqVKHoTAN5FuhdPCh4F148GJkw,594nZUNVXcXoC55Gm4Qx2DPJC6JDzKDmWoYP437w5n25PgPSaDUjmdBw6wF4GoUN7T27wf727PXcPyLJzhUMPFXn,TP 30% / SL 15%,0.628607484361505
H1TLERBQyQzSd5gbvbWwP97GjeL9txzWoN5BK4UG7xYm,H1TLER,GUnhpiwDLNLcT3tmStYqVKHoTAN5FuhdPCh4F148GJkw,594nZUNVXcXoC55Gm4Qx2DPJC6JDzKDmWoYP437w5n25PgPSaDUjmdBw6wF4GoUN7T27wf727PXcPyLJzhUMPFXn,TP 50% / SL 25%,0.628607484361505
H1TLERBQyQzSd5gbvbWwP97GjeL9txzWoN5BK4UG7xYm,H1TLER,GUnhpiwDLNLcT3tmStYqVKHoTAN5FuhdPCh4F148GJkw,594nZUNVXcXoC55Gm4Qx2DPJC6JDzKDmWoYP437w5n25PgPSaDUjmdBw6wF4GoUN7T27wf727PXcPyLJzhUMPFXn,TP 100% / SL 30%,0.628607484361505
86AEJExyjeNNgcp7GrAvCXTDicf5aGWgoERbXFiG1EdD,86AEJE,6Cx64KhCzPfnvwPfuBuVhnb7MiDBACQxhptGp5twpump,W4ZzDub7gdnSp2dqQVyucqxeBj35Ncp6N8TSsu1kQGJc5EEroA1RGyW24K8M7wiHEqk6k8yyj42hbYY5pfT8kpc,follow wallet,-0.15790760111155094
86AEJExyjeNNgcp7GrAvCXTDicf5aGWgoERbXFiG1EdD,86AEJE,6Cx64KhCzPfnvwPfuBuVhnb7MiDBACQxhptGp5twpump,W4ZzDub7gdnSp2dqQVyucqxeBj35Ncp6N8TSsu1kQGJc5EEroA1RGyW24K8M7wiHEqk6k8yyj42hbYY5pfT8kpc,hold 1 slots,-0.01771712506326294
86AEJExyjeNNgcp7GrAvCXTDicf5aGWgoERbXFiG1EdD,86AEJE,6Cx64KhCzPfnvwPfuBuVhnb7MiDBACQxhptGp5twpump,W4ZzDub7gdnSp2dqQVyucqxeBj35Ncp6N8TSsu1kQGJc5EEroA1RGyW24K8M7wiHEqk6k8yyj42hbYY5pfT8kpc,hold 3 slots,-0.017392649129553198
86AEJExyjeNNgcp7GrAvCXTDicf5aGWgoERbXFiG1EdD,86AEJE,6Cx64KhCzPfnvwPfuBuVhnb7MiDBACQxhptGp5twpump,W4ZzDub7gdnSp2dqQVyucqxeBj35Ncp6N8TSsu1kQGJc5EEroA1RGyW24K8M7wiHEqk6k8yyj42hbYY5pfT8kpc,hold 5 slots,-0.015903548757197856
86AEJExyjeNNgcp7GrAvCXTDicf5aGWgoERbXFiG1EdD,86AEJE,6Cx64KhCzPfnvwPfuBuVhnb7MiDBACQxhptGp5twpump,W4ZzDub7gdnSp2dqQVyucqxeBj35Ncp6N8TSsu1kQGJc5EEroA1RGyW24K8M7wiHEqk6k8yyj42hbYY5pfT8kpc,hold 12 slots,-0.04595327322772098
86AEJExyjeNNgcp7GrAvCXTDicf5aGWgoERbXFiG1EdD,86AEJE,6Cx64KhCzPfnvwPfuBuVhnb7MiDBACQxhptGp5twpump,W4ZzDub7gdnSp2dqQVyucqxeBj35Ncp6N8TSsu1kQGJc5EEroA1RGyW24K8M7wiHEqk6k8yyj42hbYY5pfT8kpc,hold 25 slots,-0.06899224486561406
86AEJExyjeNNgcp7GrAvCXTDicf5aGWgoERbXFiG1EdD,86AEJE,6Cx64KhCzPfnvwPfuBuVhnb7MiDBACQxhptGp5twpump,W4ZzDub7gdnSp2dqQVyucqxeBj35Ncp6N8TSsu1kQGJc5EEroA1RGyW24K8M7wiHEqk6k8yyj42hbYY5pfT8kpc,hold 50 slots,-0.21461972786264838
86AEJExyjeNNgcp7GrAvCXTDicf5aGWgoERbXFiG1EdD,86AEJE,6Cx64KhCzPfnvwPfuBuVhnb7MiDBACQxhptGp5twpump,W4ZzDub7gdnSp2dqQVyucqxeBj35Ncp6N8TSsu1kQGJc5EEroA1RGyW24K8M7wiHEqk6k8yyj42hbYY5pfT8kpc,hold 75 slots,-0.21309557015994263
86AEJExyjeNNgcp7GrAvCXTDicf5aGWgoERbXFiG1EdD,86AEJE,6Cx64KhCzPfnvwPfuBuVhnb7MiDBACQxhptGp5twpump,W4ZzDub7gdnSp2dqQVyucqxeBj35Ncp6N8TSsu1kQGJc5EEroA1RGyW24K8M7wiHEqk6k8yyj42hbYY5pfT8kpc,hold 150 slots,-0.17866672858389043
86AEJExyjeNNgcp7GrAvCXTDicf5aGWgoERbXFiG1EdD,86AEJE,6Cx64KhCzPfnvwPfuBuVhnb7MiDBACQxhptGp5twpump,W4ZzDub7gdnSp2dqQVyucqxeBj35Ncp6N8TSsu1kQGJc5EEroA1RGyW24K8M7wiHEqk6k8yyj42hbYY5pfT8kpc,TP 10% / SL 10%,-0.21461972786264838
86AEJExyjeNNgcp7GrAvCXTDicf5aGWgoERbXFiG1EdD,86AEJE,6Cx64KhCzPfnvwPfuBuVhnb7MiDBACQxhptGp5twpump,W4ZzDub7gdnSp2dqQVyucqxeBj35Ncp6N8TSsu1kQGJc5EEroA1RGyW24K8M7wiHEqk6k8yyj42hbYY5pfT8kpc,TP 20% / SL 10%,-0.21461972786264838
86AEJExyjeNNgcp7GrAvCXTDicf5aGWgoERbXFiG1EdD,86AEJE,6Cx64KhCzPfnvwPfuBuVhnb7MiDBACQxhptGp5twpump,W4ZzDub7gdnSp2dqQVyucqxeBj35Ncp6N8TSsu1kQGJc5EEroA1RGyW24K8M7wiHEqk6k8yyj42hbYY5pfT8kpc,TP 30% / SL 15%,-0.21461972786264838
86AEJExyjeNNgcp7GrAvCXTDicf5aGWgoERbXFiG1EdD,86AEJE,6Cx64KhCzPfnvwPfuBuVhnb7MiDBACQxhptGp5twpump,W4ZzDub7gdnSp2dqQVyucqxeBj35Ncp6N8TSsu1kQGJc5EEroA1RGyW24K8M7wiHEqk6k8yyj42hbYY5pfT8kpc,TP 50% / SL 25%,-0.17866672858389043
86AEJExyjeNNgcp7GrAvCXTDicf5aGWgoERbXFiG1EdD,86AEJE,6Cx64KhCzPfnvwPfuBuVhnb7MiDBACQxhptGp5twpump,W4ZzDub7gdnSp2dqQVyucqxeBj35Ncp6N8TSsu1kQGJc5EEroA1RGyW24K8M7wiHEqk6k8yyj42hbYY5pfT8kpc,TP 100% / SL 30%,-0.17866672858389043
86AEJExyjeNNgcp7GrAvCXTDicf5aGWgoERbXFiG1EdD,86AEJE,AxMrNHrQSDCXFZGfRindD8TCU9SN4L851Cgd3xPiyVwc,3wS1w7GQs4HE2o2x1ALi4aovaDeueSLxDoDBNQ4geHQEAceES3aYL37HFtu7QWDSByhP4rDmek4ehfd5G9jySPWv,follow wallet,-0.2810554149499329
86AEJExyjeNNgcp7GrAvCXTDicf5aGWgoERbXFiG1EdD,86AEJE,AxMrNHrQSDCXFZGfRindD8TCU9SN4L851Cgd3xPiyVwc,3wS1w7GQs4HE2o2x1ALi4aovaDeueSLxDoDBNQ4geHQEAceES3aYL37HFtu7QWDSByhP4rDmek4ehfd5G9jySPWv,hold 1 slots,-0.05252543147079956
86AEJExyjeNNgcp7GrAvCXTDicf5aGWgoERbXFiG1EdD,86AEJE,AxMrNHrQSDCXFZGfRindD8TCU9SN4L851Cgd3xPiyVwc,3wS1w7GQs4HE2o2x1ALi4aovaDeueSLxDoDBNQ4geHQEAceES3aYL37HFtu7QWDSByhP4rDmek4ehfd5G9jySPWv,hold 3 slots,-0.05252543147079956
86AEJExyjeNNgcp7GrAvCXTDicf5aGWgoERbXFiG1EdD,86AEJE,AxMrNHrQSDCXFZGfRindD8TCU9SN4L851Cgd3xPiyVwc,3wS1w7GQs4HE2o2x1ALi4aovaDeueSLxDoDBNQ4geHQEAceES3aYL37HFtu7QWDSByhP4rDmek4ehfd5G9jySPWv,hold 5 slots,-0.051890734083560826
86AEJExyjeNNgcp7GrAvCXTDicf5aGWgoERbXFiG1EdD,86AEJE,AxMrNHrQSDCXFZGfRindD8TCU9SN4L851Cgd3xPiyVwc,3wS1w7GQs4HE2o2x1ALi4aovaDeueSLxDoDBNQ4geHQEAceES3aYL37HFtu7QWDSByhP4rDmek4ehfd5G9jySPWv,hold 12 slots,-0.05131205808648312
86AEJExyjeNNgcp7GrAvCXTDicf5aGWgoERbXFiG1EdD,86AEJE,AxMrNHrQSDCXFZGfRindD8TCU9SN4L851Cgd3xPiyVwc,3wS1w7GQs4HE2o2x1ALi4aovaDeueSLxDoDBNQ4geHQEAceES3aYL37HFtu7QWDSByhP4rDmek4ehfd5G9jySPWv,hold 25 slots,-0.05285245863108039
86AEJExyjeNNgcp7GrAvCXTDicf5aGWgoERbXFiG1EdD,86AEJE,AxMrNHrQSDCXFZGfRindD8TCU9SN4L851Cgd3xPiyVwc,3wS1w7GQs4HE2o2x1ALi4aovaDeueSLxDoDBNQ4geHQEAceES3aYL37HFtu7QWDSByhP4rDmek4ehfd5G9jySPWv,hold 50 slots,-0.0548333817081213
86AEJExyjeNNgcp7GrAvCXTDicf5aGWgoERbXFiG1EdD,86AEJE,AxMrNHrQSDCXFZGfRindD8TCU9SN4L851Cgd3xPiyVwc,3wS1w7GQs4HE2o2x1ALi4aovaDeueSLxDoDBNQ4geHQEAceES3aYL37HFtu7QWDSByhP4rDmek4ehfd5G9jySPWv,hold 75 slots,-0.10822075342725218
86AEJExyjeNNgcp7GrAvCXTDicf5aGWgoERbXFiG1EdD,86AEJE,AxMrNHrQSDCXFZGfRindD8TCU9SN4L851Cgd3xPiyVwc,3wS1w7GQs4HE2o2x1ALi4aovaDeueSLxDoDBNQ4geHQEAceES3aYL37HFtu7QWDSByhP4rDmek4ehfd5G9jySPWv,hold 150 slots,0.04250398415942383
86AEJExyjeNNgcp7GrAvCXTDicf5aGWgoERbXFiG1EdD,86AEJE,AxMrNHrQSDCXFZGfRindD8TCU9SN4L851Cgd3xPiyVwc,3wS1w7GQs4HE2o2x1ALi4aovaDeueSLxDoDBNQ4geHQEAceES3aYL37HFtu7QWDSByhP4rDmek4ehfd5G9jySPWv,TP 10% / SL 10%,-0.10822075342725218
86AEJExyjeNNgcp7GrAvCXTDicf5aGWgoERbXFiG1EdD,86AEJE,AxMrNHrQSDCXFZGfRindD8TCU9SN4L851Cgd3xPiyVwc,3wS1w7GQs4HE2o2x1ALi4aovaDeueSLxDoDBNQ4geHQEAceES3aYL37HFtu7QWDSByhP4rDmek4ehfd5G9jySPWv,TP 20% / SL 10%,-0.10822075342725218
86AEJExyjeNNgcp7GrAvCXTDicf5aGWgoERbXFiG1EdD,86AEJE,AxMrNHrQSDCXFZGfRindD8TCU9SN4L851Cgd3xPiyVwc,3wS1w7GQs4HE2o2x1ALi4aovaDeueSLxDoDBNQ4geHQEAceES3aYL37HFtu7QWDSByhP4rDmek4ehfd5G9jySPWv,TP 30% / SL 15%,-0.17079328765198612
86AEJExyjeNNgcp7GrAvCXTDicf5aGWgoERbXFiG1EdD,86AEJE,AxMrNHrQSDCXFZGfRindD8TCU9SN4L851Cgd3xPiyVwc,3wS1w7GQs4HE2o2x1ALi4aovaDeueSLxDoDBNQ4geHQEAceES3aYL37HFtu7QWDSByhP4rDmek4ehfd5G9jySPWv,TP 50% / SL 25%,0.04250398415942383
86AEJExyjeNNgcp7GrAvCXTDicf5aGWgoERbXFiG1EdD,86AEJE,AxMrNHrQSDCXFZGfRindD8TCU9SN4L851Cgd3xPiyVwc,3wS1w7GQs4HE2o2x1ALi4aovaDeueSLxDoDBNQ4geHQEAceES3aYL37HFtu7QWDSByhP4rDmek4ehfd5G9jySPWv,TP 100% / SL 30%,0.04250398415942383
86AEJExyjeNNgcp7GrAvCXTDicf5aGWgoERbXFiG1EdD,86AEJE,AWGvrgz2xxmEzGLiSQg1LpJwRCDAMaZzqDUJ1PiGVbVe,5jVP3SvseKWN9z7T6L3wiu7NFmKHtxPiPn5rwcVteN1hNpjNukxE7mqZQrXdozSpwNrTWhr16CrUW8kohUsezicd,follow wallet,-0.08893759779961669
86AEJExyjeNNgcp7GrAvCXTDicf5aGWgoERbXFiG1EdD,86AEJE,AWGvrgz2xxmEzGLiSQg1LpJwRCDAMaZzqDUJ1PiGVbVe,5jVP3SvseKWN9z7T6L3wiu7NFmKHtxPiPn5rwcVteN1hNpjNukxE7mqZQrXdozSpwNrTWhr16CrUW8kohUsezicd,hold 1 slots,-0.00280209645266974
86AEJExyjeNNgcp7GrAvCXTDicf5aGWgoERbXFiG1EdD,86AEJE,AWGvrgz2xxmEzGLiSQg1LpJwRCDAMaZzqDUJ1PiGVbVe,5jVP3SvseKWN9z7T6L3wiu7NFmKHtxPiPn5rwcVteN1hNpjNukxE7mqZQrXdozSpwNrTWhr16CrUW8kohUsezicd,hold 3 slots,-0.07921811128597081
86AEJExyjeNNgcp7GrAvCXTDicf5aGWgoERbXFiG1EdD,86AEJE,AWGvrgz2xxmEzGLiSQg1LpJwRCDAMaZzqDUJ1PiGVbVe,5jVP3SvseKWN9z7T6L3wiu7NFmKHtxPiPn5rwcVteN1hNpjNukxE7mqZQrXdozSpwNrTWhr16CrUW8kohUsezicd,hold 5 slots,-0.08893759779961669
86AEJExyjeNNgcp7GrAvCXTDicf5aGWgoERbXFiG1EdD,86AEJE,AWGvrgz2xxmEzGLiSQg1LpJwRCDAMaZzqDUJ1PiGVbVe,5jVP3SvseKWN9z7T6L3wiu7NFmKHtxPiPn5rwcVteN1hNpjNukxE7mqZQrXdozSpwNrTWhr16CrUW8kohUsezicd,hold 12 slots,-0.11380846330709016
86AEJExyjeNNgcp7GrAvCXTDicf5aGWgoERbXFiG1EdD,86AEJE,AWGvrgz2xxmEzGLiSQg1LpJwRCDAMaZzqDUJ1PiGVbVe,5jVP3SvseKWN9z7T6L3wiu7NFmKHtxPiPn5rwcVteN1hNpjNukxE7mqZQrXdozSpwNrTWhr16CrUW8kohUsezicd,hold 25 slots,-0.13704240512630284
86AEJExyjeNNgcp7GrAvCXTDicf5aGWgoERbXFiG1EdD,86AEJE,AWGvrgz2xxmEzGLiSQg1LpJwRCDAMaZzqDUJ1PiGVbVe,5jVP3SvseKWN9z7T6L3wiu7NFmKHtxPiPn5rwcVteN1hNpjNukxE7mqZQrXdozSpwNrTWhr16CrUW8kohUsezicd,hold 50 slots,0.541128944186062
86AEJExyjeNNgcp7GrAvCXTDicf5aGWgoERbXFiG1EdD,86AEJE,AWGvrgz2xxmEzGLiSQg1LpJwRCDAMaZzqDUJ1PiGVbVe,5jVP3SvseKWN9z7T6L3wiu7NFmKHtxPiPn5rwcVteN1hNpjNukxE7mqZQrXdozSpwNrTWhr16CrUW8kohUsezicd,hold 75 slots,0.42103608259101916
86AEJExyjeNNgcp7GrAvCXTDicf5aGWgoERbXFiG1EdD,86AEJE,AWGvrgz2xxmEzGLiSQg1LpJwRCDAMaZzqDUJ1PiGVbVe,5jVP3SvseKWN9z7T6L3wiu7NFmKHtxPiPn5rwcVteN1hNpjNukxE7mqZQrXdozSpwNrTWhr16CrUW8kohUsezicd,hold 150 slots,0.6152496047522625
86AEJExyjeNNgcp7GrAvCXTDicf5aGWgoERbXFiG1EdD,86AEJE,AWGvrgz2xxmEzGLiSQg1LpJwRCDAMaZzqDUJ1PiGVbVe,5jVP3SvseKWN9z7T6L3wiu7NFmKHtxPiPn5rwcVteN1hNpjNukxE7mqZQrXdozSpwNrTWhr16CrUW8kohUsezicd,TP 10% / SL 10%,-0.19765106876786864
86AEJExyjeNNgcp7GrAvCXTDicf5aGWgoERbXFiG1EdD,86AEJE,AWGvrgz2xxmEzGLiSQg1LpJwRCDAMaZzqDUJ1PiGVbVe,5jVP3SvseKWN9z7T6L3wiu7NFmKHtxPiPn5rwcVteN1hNpjNukxE7mqZQrXdozSpwNrTWhr16CrUW8kohUsezicd,TP 20% / SL 10%,-0.19765106876786864
86AEJExyjeNNgcp7GrAvCXTDicf5aGWgoERbXFiG1EdD,86AEJE,AWGvrgz2xxmEzGLiSQg1LpJwRCDAMaZzqDUJ1PiGVbVe,5jVP3SvseKWN9z7T6L3wiu7NFmKHtxPiPn5rwcVteN1hNpjNukxE7mqZQrXdozSpwNrTWhr16CrUW8kohUsezicd,TP 30% / SL 15%,-0.19765106876786864
86AEJExyjeNNgcp7GrAvCXTDicf5aGWgoERbXFiG1EdD,86AEJE,AWGvrgz2xxmEzGLiSQg1LpJwRCDAMaZzqDUJ1PiGVbVe,5jVP3SvseKWN9z7T6L3wiu7NFmKHtxPiPn5rwcVteN1hNpjNukxE7mqZQrXdozSpwNrTWhr16CrUW8kohUsezicd,TP 50% / SL 25%,0.541128944186062
86AEJExyjeNNgcp7GrAvCXTDicf5aGWgoERbXFiG1EdD,86AEJE,AWGvrgz2xxmEzGLiSQg1LpJwRCDAMaZzqDUJ1PiGVbVe,5jVP3SvseKWN9z7T6L3wiu7NFmKHtxPiPn5rwcVteN1hNpjNukxE7mqZQrXdozSpwNrTWhr16CrUW8kohUsezicd,TP 100% / SL 30%,0.6152496047522625
4fZFcK8ms3bFMpo1ACzEUz8bH741fQW4zhAMGd5yZMHu,4fZFcK,6XfoFzKKwenS8ErmmCn1452es11Knemb8fmX7p1mpump,3MfjysZSi4KgxtvqBxbvrLbxtarSYd4M2NZv9KJHBJe53q3JmdsMzs7H1Z4Tkhs7K178DrkSTgecgKH93xMSUJez,hold 1 slots,-0.05783803877424323
4fZFcK8ms3bFMpo1ACzEUz8bH741fQW4zhAMGd5yZMHu,4fZFcK,6XfoFzKKwenS8ErmmCn1452es11Knemb8fmX7p1mpump,3MfjysZSi4KgxtvqBxbvrLbxtarSYd4M2NZv9KJHBJe53q3JmdsMzs7H1Z4Tkhs7K178DrkSTgecgKH93xMSUJez,hold 3 slots,-0.05740579578107059
4fZFcK8ms3bFMpo1ACzEUz8bH741fQW4zhAMGd5yZMHu,4fZFcK,6XfoFzKKwenS8ErmmCn1452es11Knemb8fmX7p1mpump,3MfjysZSi4KgxtvqBxbvrLbxtarSYd4M2NZv9KJHBJe53q3JmdsMzs7H1Z4Tkhs7K178DrkSTgecgKH93xMSUJez,hold 5 slots,-0.05740579578107059
4fZFcK8ms3bFMpo1ACzEUz8bH741fQW4zhAMGd5yZMHu,4fZFcK,6XfoFzKKwenS8ErmmCn1452es11Knemb8fmX7p1mpump,3MfjysZSi4KgxtvqBxbvrLbxtarSYd4M2NZv9KJHBJe53q3JmdsMzs7H1Z4Tkhs7K178DrkSTgecgKH93xMSUJez,hold 12 slots,-0.018466215966137053
4fZFcK8ms3bFMpo1ACzEUz8bH741fQW4zhAMGd5yZMHu,4fZFcK,6XfoFzKKwenS8ErmmCn1452es11Knemb8fmX7p1mpump,3MfjysZSi4KgxtvqBxbvrLbxtarSYd4M2NZv9KJHBJe53q3JmdsMzs7H1Z4Tkhs7K178DrkSTgecgKH93xMSUJez,hold 25 slots,0.02814825958405459
4fZFcK8ms3bFMpo1ACzEUz8bH741fQW4zhAMGd5yZMHu,4fZFcK,6XfoFzKKwenS8ErmmCn1452es11Knemb8fmX7p1mpump,3MfjysZSi4KgxtvqBxbvrLbxtarSYd4M2NZv9KJHBJe53q3JmdsMzs7H1Z4Tkhs7K178DrkSTgecgKH93xMSUJez,hold 50 slots,0.031134759711212157
4fZFcK8ms3bFMpo1ACzEUz8bH741fQW4zhAMGd5yZMHu,4fZFcK,6XfoFzKKwenS8ErmmCn1452es11Knemb8fmX7p1mpump,3MfjysZSi4KgxtvqBxbvrLbxtarSYd4M2NZv9KJHBJe53q3JmdsMzs7H1Z4Tkhs7K178DrkSTgecgKH93xMSUJez,hold 75 slots,-0.1637804981475153
4fZFcK8ms3bFMpo1ACzEUz8bH741fQW4zhAMGd5yZMHu,4fZFcK,6XfoFzKKwenS8ErmmCn1452es11Knemb8fmX7p1mpump,3MfjysZSi4KgxtvqBxbvrLbxtarSYd4M2NZv9KJHBJe53q3JmdsMzs7H1Z4Tkhs7K178DrkSTgecgKH93xMSUJez,hold 150 slots,-0.06239265142593503
4fZFcK8ms3bFMpo1ACzEUz8bH741fQW4zhAMGd5yZMHu,4fZFcK,6XfoFzKKwenS8ErmmCn1452es11Knemb8fmX7p1mpump,3MfjysZSi4KgxtvqBxbvrLbxtarSYd4M2NZv9KJHBJe53q3JmdsMzs7H1Z4Tkhs7K178DrkSTgecgKH93xMSUJez,TP 10% / SL 10%,-0.1637804981475153
4fZFcK8ms3bFMpo1ACzEUz8bH741fQW4zhAMGd5yZMHu,4fZFcK,6XfoFzKKwenS8ErmmCn1452es11Knemb8fmX7p1mpump,3MfjysZSi4KgxtvqBxbvrLbxtarSYd4M2NZv9KJHBJe53q3JmdsMzs7H1Z4Tkhs7K178DrkSTgecgKH93xMSUJez,TP 20% / SL 10%,-0.1637804981475153
4fZFcK8ms3bFMpo1ACzEUz8bH741fQW4zhAMGd5yZMHu,4fZFcK,6XfoFzKKwenS8ErmmCn1452es11Knemb8fmX7p1mpump,3MfjysZSi4KgxtvqBxbvrLbxtarSYd4M2NZv9KJHBJe53q3JmdsMzs7H1Z4Tkhs7K178DrkSTgecgKH93xMSUJez,TP 30% / SL 15%,-0.1637804981475153
4fZFcK8ms3bFMpo1ACzEUz8bH741fQW4zhAMGd5yZMHu,4fZFcK,6XfoFzKKwenS8ErmmCn1452es11Knemb8fmX7p1mpump,3MfjysZSi4KgxtvqBxbvrLbxtarSYd4M2NZv9KJHBJe53q3JmdsMzs7H1Z4Tkhs7K178DrkSTgecgKH93xMSUJez,TP 50% / SL 25%,-0.06239265142593503
4fZFcK8ms3bFMpo1ACzEUz8bH741fQW4zhAMGd5yZMHu,4fZFcK,6XfoFzKKwenS8ErmmCn1452es11Knemb8fmX7p1mpump,3MfjysZSi4KgxtvqBxbvrLbxtarSYd4M2NZv9KJHBJe53q3JmdsMzs7H1Z4Tkhs7K178DrkSTgecgKH93xMSUJez,TP 100% / SL 30%,-0.06239265142593503
4DdrfiDHpmx55i4SPssxVzS9ZaKLb8qr45NKY9Er9nNh,4Ddrfi,9GZUD4Z4NN9toDQ6GXZhcb2Uf9WEPK8CPTGnrVArpump,FLFEQLyrWfixFKoi5So4DoKw5SahLxc85Xm3HgbpBe8GrSzRSVce4Ap1a78WT6AL5FUb64QJpyAnSHf9gLWu59J,follow wallet,-0.006772454512522579
4DdrfiDHpmx55i4SPssxVzS9ZaKLb8qr45NKY9Er9nNh,4Ddrfi,9GZUD4Z4NN9toDQ6GXZhcb2Uf9WEPK8CPTGnrVArpump,FLFEQLyrWfixFKoi5So4DoKw5SahLxc85Xm3HgbpBe8GrSzRSVce4Ap1a78WT6AL5FUb64QJpyAnSHf9gLWu59J,hold 1 slots,0.01597280231712401
4DdrfiDHpmx55i4SPssxVzS9ZaKLb8qr45NKY9Er9nNh,4Ddrfi,9GZUD4Z4NN9toDQ6GXZhcb2Uf9WEPK8CPTGnrVArpump,FLFEQLyrWfixFKoi5So4DoKw5SahLxc85Xm3HgbpBe8GrSzRSVce4Ap1a78WT6AL5FUb64QJpyAnSHf9gLWu59J,hold 3 slots,0.01597280231712401
4DdrfiDHpmx55i4SPssxVzS9ZaKLb8qr45NKY9Er9nNh,4Ddrfi,9GZUD4Z4NN9toDQ6GXZhcb2Uf9WEPK8CPTGnrVArpump,FLFEQLyrWfixFKoi5So4DoKw5SahLxc85Xm3HgbpBe8GrSzRSVce4Ap1a78WT6AL5FUb64QJpyAnSHf9gLWu59J,hold 5 slots,0.028735133026801106
4DdrfiDHpmx55i4SPssxVzS9ZaKLb8qr45NKY9Er9nNh,4Ddrfi,9GZUD4Z4NN9toDQ6GXZhcb2Uf9WEPK8CPTGnrVArpump,FLFEQLyrWfixFKoi5So4DoKw5SahLxc85Xm3HgbpBe8GrSzRSVce4Ap1a78WT6AL5FUb64QJpyAnSHf9gLWu59J,hold 12 slots,0.06555735637187685
4DdrfiDHpmx55i4SPssxVzS9ZaKLb8qr45NKY9Er9nNh,4Ddrfi,9GZUD4Z4NN9toDQ6GXZhcb2Uf9WEPK8CPTGnrVArpump,FLFEQLyrWfixFKoi5So4DoKw5SahLxc85Xm3HgbpBe8GrSzRSVce4Ap1a78WT6AL5FUb64QJpyAnSHf9gLWu59J,hold 25 slots,0.08033942942380976
4DdrfiDHpmx55i4SPssxVzS9ZaKLb8qr45NKY9Er9nNh,4Ddrfi,9GZUD4Z4NN9toDQ6GXZhcb2Uf9WEPK8CPTGnrVArpump,FLFEQLyrWfixFKoi5So4DoKw5SahLxc85Xm3HgbpBe8GrSzRSVce4Ap1a78WT6AL5FUb64QJpyAnSHf9gLWu59J,hold 50 slots,-0.01888671186077881
4DdrfiDHpmx55i4SPssxVzS9ZaKLb8qr45NKY9Er9nNh,4Ddrfi,9GZUD4Z4NN9toDQ6GXZhcb2Uf9WEPK8CPTGnrVArpump,FLFEQLyrWfixFKoi5So4DoKw5SahLxc85Xm3HgbpBe8GrSzRSVce4Ap1a78WT6AL5FUb64QJpyAnSHf9gLWu59J,hold 75 slots,-0.014378997252851008
4DdrfiDHpmx55i4SPssxVzS9ZaKLb8qr45NKY9Er9nNh,4Ddrfi,9GZUD4Z4NN9toDQ6GXZhcb2Uf9WEPK8CPTGnrVArpump,FLFEQLyrWfixFKoi5So4DoKw5SahLxc85Xm3HgbpBe8GrSzRSVce4Ap1a78WT6AL5FUb64QJpyAnSHf9gLWu59J,hold 150 slots,-0.0945179152104901
4DdrfiDHpmx55i4SPssxVzS9ZaKLb8qr45NKY9Er9nNh,4Ddrfi,9GZUD4Z4NN9toDQ6GXZhcb2Uf9WEPK8CPTGnrVArpump,FLFEQLyrWfixFKoi5So4DoKw5SahLxc85Xm3HgbpBe8GrSzRSVce4Ap1a78WT6AL5FUb64QJpyAnSHf9gLWu59J,TP 10% / SL 10%,-0.0945179152104901
4DdrfiDHpmx55i4SPssxVzS9ZaKLb8qr45NKY9Er9nNh,4Ddrfi,9GZUD4Z4NN9toDQ6GXZhcb2Uf9WEPK8CPTGnrVArpump,FLFEQLyrWfixFKoi5So4DoKw5SahLxc85Xm3HgbpBe8GrSzRSVce4Ap1a78WT6AL5FUb64QJpyAnSHf9gLWu59J,TP 20% / SL 10%,-0.0945179152104901
4DdrfiDHpmx55i4SPssxVzS9ZaKLb8qr45NKY9Er9nNh,4Ddrfi,9GZUD4Z4NN9toDQ6GXZhcb2Uf9WEPK8CPTGnrVArpump,FLFEQLyrWfixFKoi5So4DoKw5SahLxc85Xm3HgbpBe8GrSzRSVce4Ap1a78WT6AL5FUb64QJpyAnSHf9gLWu59J,TP 30% / SL 15%,-0.0945179152104901
4DdrfiDHpmx55i4SPssxVzS9ZaKLb8qr45NKY9Er9nNh,4Ddrfi,9GZUD4Z4NN9toDQ6GXZhcb2Uf9WEPK8CPTGnrVArpump,FLFEQLyrWfixFKoi5So4DoKw5SahLxc85Xm3HgbpBe8GrSzRSVce4Ap1a78WT6AL5FUb64QJpyAnSHf9gLWu59J,TP 50% / SL 25%,-0.0945179152104901
4DdrfiDHpmx55i4SPssxVzS9ZaKLb8qr45NKY9Er9nNh,4Ddrfi,9GZUD4Z4NN9toDQ6GXZhcb2Uf9WEPK8CPTGnrVArpump,FLFEQLyrWfixFKoi5So4DoKw5SahLxc85Xm3HgbpBe8GrSzRSVce4Ap1a78WT6AL5FUb64QJpyAnSHf9gLWu59J,TP 100% / SL 30%,-0.0945179152104901
4DdrfiDHpmx55i4SPssxVzS9ZaKLb8qr45NKY9Er9nNh,4Ddrfi,jiggjompQvaJrPNkwKqVabbTG5vQHA2Swvo8YG1esAR,4vcwmzJZ5XZyyNsxzjasx7pVaETEuedJhmWHPWDbceS7pVWrj3uFj2rnQoyRuTxibQyVZ7CHzCbN46MExNwjA7oy,follow wallet,-0.013132300050039649
4DdrfiDHpmx55i4SPssxVzS9ZaKLb8qr45NKY9Er9nNh,4Ddrfi,jiggjompQvaJrPNkwKqVabbTG5vQHA2Swvo8YG1esAR,4vcwmzJZ5XZyyNsxzjasx7pVaETEuedJhmWHPWDbceS7pVWrj3uFj2rnQoyRuTxibQyVZ7CHzCbN46MExNwjA7oy,hold 1 slots,-0.06020964401046026
4DdrfiDHpmx55i4SPssxVzS9ZaKLb8qr45NKY9Er9nNh,4Ddrfi,jiggjompQvaJrPNkwKqVabbTG5vQHA2Swvo8YG1esAR,4vcwmzJZ5XZyyNsxzjasx7pVaETEuedJhmWHPWDbceS7pVWrj3uFj2rnQoyRuTxibQyVZ7CHzCbN46MExNwjA7oy,hold 3 slots,-0.0680235935797596
4DdrfiDHpmx55i4SPssxVzS9ZaKLb8qr45NKY9Er9nNh,4Ddrfi,jiggjompQvaJrPNkwKqVabbTG5vQHA2Swvo8YG1esAR,4vcwmzJZ5XZyyNsxzjasx7pVaETEuedJhmWHPWDbceS7pVWrj3uFj2rnQoyRuTxibQyVZ7CHzCbN46MExNwjA7oy,hold 5 slots,-0.03320194656587827
4DdrfiDHpmx55i4SPssxVzS9ZaKLb8qr45NKY9Er9nNh,4Ddrfi,jiggjompQvaJrPNkwKqVabbTG5vQHA2Swvo8YG1esAR,4vcwmzJZ5XZyyNsxzjasx7pVaETEuedJhmWHPWDbceS7pVWrj3uFj2rnQoyRuTxibQyVZ7CHzCbN46MExNwjA7oy,hold 12 slots,-0.03561953041053534
4DdrfiDHpmx55i4SPssxVzS9ZaKLb8qr45NKY9Er9nNh,4Ddrfi,jiggjompQvaJrPNkwKqVabbTG5vQHA2Swvo8YG1esAR,4vcwmzJZ5XZyyNsxzjasx7pVaETEuedJhmWHPWDbceS7pVWrj3uFj2rnQoyRuTxibQyVZ7CHzCbN46MExNwjA7oy,hold 25 slots,-0.03561953041053534
4DdrfiDHpmx55i4SPssxVzS9ZaKLb8qr45NKY9Er9nNh,4Ddrfi,jiggjompQvaJrPNkwKqVabbTG5vQHA2Swvo8YG1esAR,4vcwmzJZ5XZyyNsxzjasx7pVaETEuedJhmWHPWDbceS7pVWrj3uFj2rnQoyRuTxibQyVZ7CHzCbN46MExNwjA7oy,hold 50 slots,0.05415900149370789
4DdrfiDHpmx55i4SPssxVzS9ZaKLb8qr45NKY9Er9nNh,4Ddrfi,jiggjompQvaJrPNkwKqVabbTG5vQHA2Swvo8YG1esAR,4vcwmzJZ5XZyyNsxzjasx7pVaETEuedJhmWHPWDbceS7pVWrj3uFj2rnQoyRuTxibQyVZ7CHzCbN46MExNwjA7oy,hold 75 slots,0.0024572416678435797
4DdrfiDHpmx55i4SPssxVzS9ZaKLb8qr45NKY9Er9nNh,4Ddrfi,jiggjompQvaJrPNkwKqVabbTG5vQHA2Swvo8YG1esAR,4vcwmzJZ5XZyyNsxzjasx7pVaETEuedJhmWHPWDbceS7pVWrj3uFj2rnQoyRuTxibQyVZ7CHzCbN46MExNwjA7oy,hold 150 slots,-0.11521147766270817
4DdrfiDHpmx55i4SPssxVzS9ZaKLb8qr45NKY9Er9nNh,4Ddrfi,jiggjompQvaJrPNkwKqVabbTG5vQHA2Swvo8YG1esAR,4vcwmzJZ5XZyyNsxzjasx7pVaETEuedJhmWHPWDbceS7pVWrj3uFj2rnQoyRuTxibQyVZ7CHzCbN46MExNwjA7oy,TP 10% / SL 10%,-0.11521147766270817
4DdrfiDHpmx55i4SPssxVzS9ZaKLb8qr45NKY9Er9nNh,4Ddrfi,jiggjompQvaJrPNkwKqVabbTG5vQHA2Swvo8YG1esAR,4vcwmzJZ5XZyyNsxzjasx7pVaETEuedJhmWHPWDbceS7pVWrj3uFj2rnQoyRuTxibQyVZ7CHzCbN46MExNwjA7oy,TP 20% / SL 10%,-0.11521147766270817
4DdrfiDHpmx55i4SPssxVzS9ZaKLb8qr45NKY9Er9nNh,4Ddrfi,jiggjompQvaJrPNkwKqVabbTG5vQHA2Swvo8YG1esAR,4vcwmzJZ5XZyyNsxzjasx7pVaETEuedJhmWHPWDbceS7pVWrj3uFj2rnQoyRuTxibQyVZ7CHzCbN46MExNwjA7oy,TP 30% / SL 15%,-0.11521147766270817
4DdrfiDHpmx55i4SPssxVzS9ZaKLb8qr45NKY9Er9nNh,4Ddrfi,jiggjompQvaJrPNkwKqVabbTG5vQHA2Swvo8YG1esAR,4vcwmzJZ5XZyyNsxzjasx7pVaETEuedJhmWHPWDbceS7pVWrj3uFj2rnQoyRuTxibQyVZ7CHzCbN46MExNwjA7oy,TP 50% / SL 25%,-0.11521147766270817
4DdrfiDHpmx55i4SPssxVzS9ZaKLb8qr45NKY9Er9nNh,4Ddrfi,jiggjompQvaJrPNkwKqVabbTG5vQHA2Swvo8YG1esAR,4vcwmzJZ5XZyyNsxzjasx7pVaETEuedJhmWHPWDbceS7pVWrj3uFj2rnQoyRuTxibQyVZ7CHzCbN46MExNwjA7oy,TP 100% / SL 30%,-0.11521147766270817
4DdrfiDHpmx55i4SPssxVzS9ZaKLb8qr45NKY9Er9nNh,4Ddrfi,9ts55ugFs2HvsC78VC3wUuimAdKsqgpdhJczxjZ6pump,2fod61RiVKoxRWreZM7KaHroYE21n78Qc4d6jTwHZCKxS6JmzJmGWh9nMqFYQTkX9HvHjECoinmbNvhBzwVySNYc,follow wallet,-0.18561691859975493
4DdrfiDHpmx55i4SPssxVzS9ZaKLb8qr45NKY9Er9nNh,4Ddrfi,9ts55ugFs2HvsC78VC3wUuimAdKsqgpdhJczxjZ6pump,2fod61RiVKoxRWreZM7KaHroYE21n78Qc4d6jTwHZCKxS6JmzJmGWh9nMqFYQTkX9HvHjECoinmbNvhBzwVySNYc,hold 1 slots,-0.06093174847701633
4DdrfiDHpmx55i4SPssxVzS9ZaKLb8qr45NKY9Er9nNh,4Ddrfi,9ts55ugFs2HvsC78VC3wUuimAdKsqgpdhJczxjZ6pump,2fod61RiVKoxRWreZM7KaHroYE21n78Qc4d6jTwHZCKxS6JmzJmGWh9nMqFYQTkX9HvHjECoinmbNvhBzwVySNYc,hold 3 slots,-0.06093174847701633
4DdrfiDHpmx55i4SPssxVzS9ZaKLb8qr45NKY9Er9nNh,4Ddrfi,9ts55ugFs2HvsC78VC3wUuimAdKsqgpdhJczxjZ6pump,2fod61RiVKoxRWreZM7KaHroYE21n78Qc4d6jTwHZCKxS6JmzJmGWh9nMqFYQTkX9HvHjECoinmbNvhBzwVySNYc,hold 5 slots,-0.06093174847701633
4DdrfiDHpmx55i4SPssxVzS9ZaKLb8qr45NKY9Er9nNh,4Ddrfi,9ts55ugFs2HvsC78VC3wUuimAdKsqgpdhJczxjZ6pump,2fod61RiVKoxRWreZM7KaHroYE21n78Qc4d6jTwHZCKxS6JmzJmGWh9nMqFYQTkX9HvHjECoinmbNvhBzwVySNYc,hold 12 slots,-0.0489572399079032
4DdrfiDHpmx55i4SPssxVzS9ZaKLb8qr45NKY9Er9nNh,4Ddrfi,9ts55ugFs2HvsC78VC3wUuimAdKsqgpdhJczxjZ6pump,2fod61RiVKoxRWreZM7KaHroYE21n78Qc4d6jTwHZCKxS6JmzJmGWh9nMqFYQTkX9HvHjECoinmbNvhBzwVySNYc,hold 25 slots,-0.0489572399079032
4DdrfiDHpmx55i4SPssxVzS9ZaKLb8qr45NKY9Er9nNh,4Ddrfi,9ts55ugFs2HvsC78VC3wUuimAdKsqgpdhJczxjZ6pump,2fod61RiVKoxRWreZM7KaHroYE21n78Qc4d6jTwHZCKxS6JmzJmGWh9nMqFYQTkX9HvHjECoinmbNvhBzwVySNYc,hold 50 slots,-0.0489572399079032
4DdrfiDHpmx55i4SPssxVzS9ZaKLb8qr45NKY9Er9nNh,4Ddrfi,9ts55ugFs2HvsC78VC3wUuimAdKsqgpdhJczxjZ6pump,2fod61RiVKoxRWreZM7KaHroYE21n78Qc4d6jTwHZCKxS6JmzJmGWh9nMqFYQTkX9HvHjECoinmbNvhBzwVySNYc,hold 75 slots,0.03668272700414181
4DdrfiDHpmx55i4SPssxVzS9ZaKLb8qr45NKY9Er9nNh,4Ddrfi,9ts55ugFs2HvsC78VC3wUuimAdKsqgpdhJczxjZ6pump,2fod61RiVKoxRWreZM7KaHroYE21n78Qc4d6jTwHZCKxS6JmzJmGWh9nMqFYQTkX9HvHjECoinmbNvhBzwVySNYc,hold 150 slots,0.1278811690071032
4DdrfiDHpmx55i4SPssxVzS9ZaKLb8qr45NKY9Er9nNh,4Ddrfi,9ts55ugFs2HvsC78VC3wUuimAdKsqgpdhJczxjZ6pump,2fod61RiVKoxRWreZM7KaHroYE21n78Qc4d6jTwHZCKxS6JmzJmGWh9nMqFYQTkX9HvHjECoinmbNvhBzwVySNYc,TP 10% / SL 10%,0.1278811690071032
4DdrfiDHpmx55i4SPssxVzS9ZaKLb8qr45NKY9Er9nNh,4Ddrfi,9ts55ugFs2HvsC78VC3wUuimAdKsqgpdhJczxjZ6pump,2fod61RiVKoxRWreZM7KaHroYE21n78Qc4d6jTwHZCKxS6JmzJmGWh9nMqFYQTkX9HvHjECoinmbNvhBzwVySNYc,TP 20% / SL 10%,0.1278811690071032
4DdrfiDHpmx55i4SPssxVzS9ZaKLb8qr45NKY9Er9nNh,4Ddrfi,9ts55ugFs2HvsC78VC3wUuimAdKsqgpdhJczxjZ6pump,2fod61RiVKoxRWreZM7KaHroYE21n78Qc4d6jTwHZCKxS6JmzJmGWh9nMqFYQTkX9HvHjECoinmbNvhBzwVySNYc,TP 30% / SL 15%,0.1278811690071032
4DdrfiDHpmx55i4SPssxVzS9ZaKLb8qr45NKY9Er9nNh,4Ddrfi,9ts55ugFs2HvsC78VC3wUuimAdKsqgpdhJczxjZ6pump,2fod61RiVKoxRWreZM7KaHroYE21n78Qc4d6jTwHZCKxS6JmzJmGWh9nMqFYQTkX9HvHjECoinmbNvhBzwVySNYc,TP 50% / SL 25%,0.1278811690071032
4DdrfiDHpmx55i4SPssxVzS9ZaKLb8qr45NKY9Er9nNh,4Ddrfi,9ts55ugFs2HvsC78VC3wUuimAdKsqgpdhJczxjZ6pump,2fod61RiVKoxRWreZM7KaHroYE21n78Qc4d6jTwHZCKxS6JmzJmGWh9nMqFYQTkX9HvHjECoinmbNvhBzwVySNYc,TP 100% / SL 30%,0.1278811690071032
4DdrfiDHpmx55i4SPssxVzS9ZaKLb8qr45NKY9Er9nNh,4Ddrfi,EgK3BTRWndz6XtCLPt5mrr3UaxdLv4qXcWQWcpvp5zcC,57kTE3iVuEkGvi7c2ey7FpAZM4GGAdEYcF39uMbeqgaX5GNBc3y5hjFkTJtKhw7HyeX28oWwDc6ggykh1cZX6FRu,follow wallet,-0.08125815068338813
4DdrfiDHpmx55i4SPssxVzS9ZaKLb8qr45NKY9Er9nNh,4Ddrfi,EgK3BTRWndz6XtCLPt5mrr3UaxdLv4qXcWQWcpvp5zcC,57kTE3iVuEkGvi7c2ey7FpAZM4GGAdEYcF39uMbeqgaX5GNBc3y5hjFkTJtKhw7HyeX28oWwDc6ggykh1cZX6FRu,hold 1 slots,-0.05465175012816596
4DdrfiDHpmx55i4SPssxVzS9ZaKLb8qr45NKY9Er9nNh,4Ddrfi,EgK3BTRWndz6XtCLPt5mrr3UaxdLv4qXcWQWcpvp5zcC,57kTE3iVuEkGvi7c2ey7FpAZM4GGAdEYcF39uMbeqgaX5GNBc3y5hjFkTJtKhw7HyeX28oWwDc6ggykh1cZX6FRu,hold 3 slots,-0.01111713516477537
4DdrfiDHpmx55i4SPssxVzS9ZaKLb8qr45NKY9Er9nNh,4Ddrfi,EgK3BTRWndz6XtCLPt5mrr3UaxdLv4qXcWQWcpvp5zcC,57kTE3iVuEkGvi7c2ey7FpAZM4GGAdEYcF39uMbeqgaX5GNBc3y5hjFkTJtKhw7HyeX28oWwDc6ggykh1cZX6FRu,hold 5 slots,-0.01111713516477537
4DdrfiDHpmx55i4SPssxVzS9ZaKLb8qr45NKY9Er9nNh,4Ddrfi,EgK3BTRWndz6XtCLPt5mrr3UaxdLv4qXcWQWcpvp5zcC,57kTE3iVuEkGvi7c2ey7FpAZM4GGAdEYcF39uMbeqgaX5GNBc3y5hjFkTJtKhw7HyeX28oWwDc6ggykh1cZX6FRu,hold 12 slots,0.002988965809981703
4DdrfiDHpmx55i4SPssxVzS9ZaKLb8qr45NKY9Er9nNh,4Ddrfi,EgK3BTRWndz6XtCLPt5mrr3UaxdLv4qXcWQWcpvp5zcC,57kTE3iVuEkGvi7c2ey7FpAZM4GGAdEYcF39uMbeqgaX5GNBc3y5hjFkTJtKhw7HyeX28oWwDc6ggykh1cZX6FRu,hold 25 slots,0.002988965809981703
4DdrfiDHpmx55i4SPssxVzS9ZaKLb8qr45NKY9Er9nNh,4Ddrfi,EgK3BTRWndz6XtCLPt5mrr3UaxdLv4qXcWQWcpvp5zcC,57kTE3iVuEkGvi7c2ey7FpAZM4GGAdEYcF39uMbeqgaX5GNBc3y5hjFkTJtKhw7HyeX28oWwDc6ggykh1cZX6FRu,hold 50 slots,0.004328389947028159
4DdrfiDHpmx55i4SPssxVzS9ZaKLb8qr45NKY9Er9nNh,4Ddrfi,EgK3BTRWndz6XtCLPt5mrr3UaxdLv4qXcWQWcpvp5zcC,57kTE3iVuEkGvi7c2ey7FpAZM4GGAdEYcF39uMbeqgaX5GNBc3y5hjFkTJtKhw7HyeX28oWwDc6ggykh1cZX6FRu,hold 75 slots,0.0026613079190032484
4DdrfiDHpmx55i4SPssxVzS9ZaKLb8qr45NKY9Er9nNh,4Ddrfi,EgK3BTRWndz6XtCLPt5mrr3UaxdLv4qXcWQWcpvp5zcC,57kTE3iVuEkGvi7c2ey7FpAZM4GGAdEYcF39uMbeqgaX5GNBc3y5hjFkTJtKhw7HyeX28oWwDc6ggykh1cZX6FRu,hold 150 slots,0.10276872325049805
4DdrfiDHpmx55i4SPssxVzS9ZaKLb8qr45NKY9Er9nNh,4Ddrfi,EgK3BTRWndz6XtCLPt5mrr3UaxdLv4qXcWQWcpvp5zcC,57kTE3iVuEkGvi7c2ey7FpAZM4GGAdEYcF39uMbeqgaX5GNBc3y5hjFkTJtKhw7HyeX28oWwDc6ggykh1cZX6FRu,TP 10% / SL 10%,0.10276872325049805
4DdrfiDHpmx55i4SPssxVzS9ZaKLb8qr45NKY9Er9nNh,4Ddrfi,EgK3BTRWndz6XtCLPt5mrr3UaxdLv4qXcWQWcpvp5zcC,57kTE3iVuEkGvi7c2ey7FpAZM4GGAdEYcF39uMbeqgaX5GNBc3y5hjFkTJtKhw7HyeX28oWwDc6ggykh1cZX6FRu,TP 20% / SL 10%,0.10276872325049805
4DdrfiDHpmx55i4SPssxVzS9ZaKLb8qr45NKY9Er9nNh,4Ddrfi,EgK3BTRWndz6XtCLPt5mrr3UaxdLv4qXcWQWcpvp5zcC,57kTE3iVuEkGvi7c2ey7FpAZM4GGAdEYcF39uMbeqgaX5GNBc3y5hjFkTJtKhw7HyeX28oWwDc6ggykh1cZX6FRu,TP 30% / SL 15%,0.10276872325049805
4DdrfiDHpmx55i4SPssxVzS9ZaKLb8qr45NKY9Er9nNh,4Ddrfi,EgK3BTRWndz6XtCLPt5mrr3UaxdLv4qXcWQWcpvp5zcC,57kTE3iVuEkGvi7c2ey7FpAZM4GGAdEYcF39uMbeqgaX5GNBc3y5hjFkTJtKhw7HyeX28oWwDc6ggykh1cZX6FRu,TP 50% / SL 25%,0.10276872325049805
4DdrfiDHpmx55i4SPssxVzS9ZaKLb8qr45NKY9Er9nNh,4Ddrfi,EgK3BTRWndz6XtCLPt5mrr3UaxdLv4qXcWQWcpvp5zcC,57kTE3iVuEkGvi7c2ey7FpAZM4GGAdEYcF39uMbeqgaX5GNBc3y5hjFkTJtKhw7HyeX28oWwDc6ggykh1cZX6FRu,TP 100% / SL 30%,0.10276872325049805
4DdrfiDHpmx55i4SPssxVzS9ZaKLb8qr45NKY9Er9nNh,4Ddrfi,Fjnq1dnhWLsyxDQNoxL7KndUR2nUZctWxyDhkM6YdeaJ,3eJat69vtVjuXdpb9R8MQDJDLUsZQv2Tfjj7rh2BmKY8w9Fpf37ZXaB3rxDSXZSrYLfCJfTXsQrQL8x4urL4WcKi,follow wallet,-0.14727773949560546
4DdrfiDHpmx55i4SPssxVzS9ZaKLb8qr45NKY9Er9nNh,4Ddrfi,Fjnq1dnhWLsyxDQNoxL7KndUR2nUZctWxyDhkM6YdeaJ,3eJat69vtVjuXdpb9R8MQDJDLUsZQv2Tfjj7rh2BmKY8w9Fpf37ZXaB3rxDSXZSrYLfCJfTXsQrQL8x4urL4WcKi,hold 1 slots,-0.05908870909255803
4DdrfiDHpmx55i4SPssxVzS9ZaKLb8qr45NKY9Er9nNh,4Ddrfi,Fjnq1dnhWLsyxDQNoxL7KndUR2nUZctWxyDhkM6YdeaJ,3eJat69vtVjuXdpb9R8MQDJDLUsZQv2Tfjj7rh2BmKY8w9Fpf37ZXaB3rxDSXZSrYLfCJfTXsQrQL8x4urL4WcKi,hold 3 slots,-0.0017234304455161099
4DdrfiDHpmx55i4SPssxVzS9ZaKLb8qr45NKY9Er9nNh,4Ddrfi,Fjnq1dnhWLsyxDQNoxL7KndUR2nUZctWxyDhkM6YdeaJ,3eJat69vtVjuXdpb9R8MQDJDLUsZQv2Tfjj7rh2BmKY8w9Fpf37ZXaB3rxDSXZSrYLfCJfTXsQrQL8x4urL4WcKi,hold 5 slots,0.0005764996924911732
4DdrfiDHpmx55i4SPssxVzS9ZaKLb8qr45NKY9Er9nNh,4Ddrfi,Fjnq1dnhWLsyxDQNoxL7KndUR2nUZctWxyDhkM6YdeaJ,3eJat69vtVjuXdpb9R8MQDJDLUsZQv2Tfjj7rh2BmKY8w9Fpf37ZXaB3rxDSXZSrYLfCJfTXsQrQL8x4urL4WcKi,hold 12 slots,0.0005764996924911732
4DdrfiDHpmx55i4SPssxVzS9ZaKLb8qr45NKY9Er9nNh,4Ddrfi,Fjnq1dnhWLsyxDQNoxL7KndUR2nUZctWxyDhkM6YdeaJ,3eJat69vtVjuXdpb9R8MQDJDLUsZQv2Tfjj7rh2BmKY8w9Fpf37ZXaB3rxDSXZSrYLfCJfTXsQrQL8x4urL4WcKi,hold 25 slots,0.0005764996924911732
4DdrfiDHpmx55i4SPssxVzS9ZaKLb8qr45NKY9Er9nNh,4Ddrfi,Fjnq1dnhWLsyxDQNoxL7KndUR2nUZctWxyDhkM6YdeaJ,3eJat69vtVjuXdpb9R8MQDJDLUsZQv2Tfjj7rh2BmKY8w9Fpf37ZXaB3rxDSXZSrYLfCJfTXsQrQL8x4urL4WcKi,hold 50 slots,0.07177114016886474
4DdrfiDHpmx55i4SPssxVzS9ZaKLb8qr45NKY9Er9nNh,4Ddrfi,Fjnq1dnhWLsyxDQNoxL7KndUR2nUZctWxyDhkM6YdeaJ,3eJat69vtVjuXdpb9R8MQDJDLUsZQv2Tfjj7rh2BmKY8w9Fpf37ZXaB3rxDSXZSrYLfCJfTXsQrQL8x4urL4WcKi,hold 75 slots,0.028047184225517274
4DdrfiDHpmx55i4SPssxVzS9ZaKLb8qr45NKY9Er9nNh,4Ddrfi,Fjnq1dnhWLsyxDQNoxL7KndUR2nUZctWxyDhkM6YdeaJ,3eJat69vtVjuXdpb9R8MQDJDLUsZQv2Tfjj7rh2BmKY8w9Fpf37ZXaB3rxDSXZSrYLfCJfTXsQrQL8x4urL4WcKi,hold 150 slots,-0.13768092110742247
4DdrfiDHpmx55i4SPssxVzS9ZaKLb8qr45NKY9Er9nNh,4Ddrfi,Fjnq1dnhWLsyxDQNoxL7KndUR2nUZctWxyDhkM6YdeaJ,3eJat69vtVjuXdpb9R8MQDJDLUsZQv2Tfjj7rh2BmKY8w9Fpf37ZXaB3rxDSXZSrYLfCJfTXsQrQL8x4urL4WcKi,TP 10% / SL 10%,-0.13768092110742247
4DdrfiDHpmx55i4SPssxVzS9ZaKLb8qr45NKY9Er9nNh,4Ddrfi,Fjnq1dnhWLsyxDQNoxL7KndUR2nUZctWxyDhkM6YdeaJ,3eJat69vtVjuXdpb9R8MQDJDLUsZQv2Tfjj7rh2BmKY8w9Fpf37ZXaB3rxDSXZSrYLfCJfTXsQrQL8x4urL4WcKi,TP 20% / SL 10%,-0.13768092110742247
4DdrfiDHpmx55i4SPssxVzS9ZaKLb8qr45NKY9Er9nNh,4Ddrfi,Fjnq1dnhWLsyxDQNoxL7KndUR2nUZctWxyDhkM6YdeaJ,3eJat69vtVjuXdpb9R8MQDJDLUsZQv2Tfjj7rh2BmKY8w9Fpf37ZXaB3rxDSXZSrYLfCJfTXsQrQL8x4urL4WcKi,TP 30% / SL 15%,-0.13768092110742247
4DdrfiDHpmx55i4SPssxVzS9ZaKLb8qr45NKY9Er9nNh,4Ddrfi,Fjnq1dnhWLsyxDQNoxL7KndUR2nUZctWxyDhkM6YdeaJ,3eJat69vtVjuXdpb9R8MQDJDLUsZQv2Tfjj7rh2BmKY8w9Fpf37ZXaB3rxDSXZSrYLfCJfTXsQrQL8x4urL4WcKi,TP 50% / SL 25%,-0.13768092110742247
4DdrfiDHpmx55i4SPssxVzS9ZaKLb8qr45NKY9Er9nNh,4Ddrfi,Fjnq1dnhWLsyxDQNoxL7KndUR2nUZctWxyDhkM6YdeaJ,3eJat69vtVjuXdpb9R8MQDJDLUsZQv2Tfjj7rh2BmKY8w9Fpf37ZXaB3rxDSXZSrYLfCJfTXsQrQL8x4urL4WcKi,TP 100% / SL 30%,-0.13768092110742247
719sfKUjiMThumTt2u39VMGn612BZyCcwbM5Pe8SqFYz,719sfK,4maXEDF1AcKUgnqrkjX2z1XsKctg9rvaTdEft6wnpump,2b1wZvmisHgCLGiAj3Ztom6W6Nr7kTsXPAMaUd3MMwCisPDxPLFurr6aW1EKFr8XrNH6hnPhVyXn214DmLfqzwgy,follow wallet,-0.04115867014163208
719sfKUjiMThumTt2u39VMGn612BZyCcwbM5Pe8SqFYz,719sfK,4maXEDF1AcKUgnqrkjX2z1XsKctg9rvaTdEft6wnpump,2b1wZvmisHgCLGiAj3Ztom6W6Nr7kTsXPAMaUd3MMwCisPDxPLFurr6aW1EKFr8XrNH6hnPhVyXn214DmLfqzwgy,hold 1 slots,-0.052588365282646536
719sfKUjiMThumTt2u39VMGn612BZyCcwbM5Pe8SqFYz,719sfK,4maXEDF1AcKUgnqrkjX2z1XsKctg9rvaTdEft6wnpump,2b1wZvmisHgCLGiAj3Ztom6W6Nr7kTsXPAMaUd3MMwCisPDxPLFurr6aW1EKFr8XrNH6hnPhVyXn214DmLfqzwgy,hold 3 slots,-0.04910119909349859
719sfKUjiMThumTt2u39VMGn612BZyCcwbM5Pe8SqFYz,719sfK,4maXEDF1AcKUgnqrkjX2z1XsKctg9rvaTdEft6wnpump,2b1wZvmisHgCLGiAj3Ztom6W6Nr7kTsXPAMaUd3MMwCisPDxPLFurr6aW1EKFr8XrNH6hnPhVyXn214DmLfqzwgy,hold 5 slots,-0.06141662269380009
719sfKUjiMThumTt2u39VMGn612BZyCcwbM5Pe8SqFYz,719sfK,4maXEDF1AcKUgnqrkjX2z1XsKctg9rvaTdEft6wnpump,2b1wZvmisHgCLGiAj3Ztom6W6Nr7kTsXPAMaUd3MMwCisPDxPLFurr6aW1EKFr8XrNH6hnPhVyXn214DmLfqzwgy,hold 12 slots,-0.02575259204614377
719sfKUjiMThumTt2u39VMGn612BZyCcwbM5Pe8SqFYz,719sfK,4maXEDF1AcKUgnqrkjX2z1XsKctg9rvaTdEft6wnpump,2b1wZvmisHgCLGiAj3Ztom6W6Nr7kTsXPAMaUd3MMwCisPDxPLFurr6aW1EKFr8XrNH6hnPhVyXn214DmLfqzwgy,hold 25 slots,0.07219719035146857
719sfKUjiMThumTt2u39VMGn612BZyCcwbM5Pe8SqFYz,719sfK,4maXEDF1AcKUgnqrkjX2z1XsKctg9rvaTdEft6wnpump,2b1wZvmisHgCLGiAj3Ztom6W6Nr7kTsXPAMaUd3MMwCisPDxPLFurr6aW1EKFr8XrNH6hnPhVyXn214DmLfqzwgy,hold 50 slots,0.08862065872042227
719sfKUjiMThumTt2u39VMGn612BZyCcwbM5Pe8SqFYz,719sfK,4maXEDF1AcKUgnqrkjX2z1XsKctg9rvaTdEft6wnpump,2b1wZvmisHgCLGiAj3Ztom6W6Nr7kTsXPAMaUd3MMwCisPDxPLFurr6aW1EKFr8XrNH6hnPhVyXn214DmLfqzwgy,hold 75 slots,0.09115664101385856
719sfKUjiMThumTt2u39VMGn612BZyCcwbM5Pe8SqFYz,719sfK,4maXEDF1AcKUgnqrkjX2z1XsKctg9rvaTdEft6wnpump,2b1wZvmisHgCLGiAj3Ztom6W6Nr7kTsXPAMaUd3MMwCisPDxPLFurr6aW1EKFr8XrNH6hnPhVyXn214DmLfqzwgy,hold 150 slots,0.066325654688689
719sfKUjiMThumTt2u39VMGn612BZyCcwbM5Pe8SqFYz,719sfK,4maXEDF1AcKUgnqrkjX2z1XsKctg9rvaTdEft6wnpump,2b1wZvmisHgCLGiAj3Ztom6W6Nr7kTsXPAMaUd3MMwCisPDxPLFurr6aW1EKFr8XrNH6hnPhVyXn214DmLfqzwgy,TP 10% / SL 10%,0.066325654688689
719sfKUjiMThumTt2u39VMGn612BZyCcwbM5Pe8SqFYz,719sfK,4maXEDF1AcKUgnqrkjX2z1XsKctg9rvaTdEft6wnpump,2b1wZvmisHgCLGiAj3Ztom6W6Nr7kTsXPAMaUd3MMwCisPDxPLFurr6aW1EKFr8XrNH6hnPhVyXn214DmLfqzwgy,TP 20% / SL 10%,0.066325654688689
719sfKUjiMThumTt2u39VMGn612BZyCcwbM5Pe8SqFYz,719sfK,4maXEDF1AcKUgnqrkjX2z1XsKctg9rvaTdEft6wnpump,2b1wZvmisHgCLGiAj3Ztom6W6Nr7kTsXPAMaUd3MMwCisPDxPLFurr6aW1EKFr8XrNH6hnPhVyXn214DmLfqzwgy,TP 30% / SL 15%,0.066325654688689
719sfKUjiMThumTt2u39VMGn612BZyCcwbM5Pe8SqFYz,719sfK,4maXEDF1AcKUgnqrkjX2z1XsKctg9rvaTdEft6wnpump,2b1wZvmisHgCLGiAj3Ztom6W6Nr7kTsXPAMaUd3MMwCisPDxPLFurr6aW1EKFr8XrNH6hnPhVyXn214DmLfqzwgy,TP 50% / SL 25%,0.066325654688689
719sfKUjiMThumTt2u39VMGn612BZyCcwbM5Pe8SqFYz,719sfK,4maXEDF1AcKUgnqrkjX2z1XsKctg9rvaTdEft6wnpump,2b1wZvmisHgCLGiAj3Ztom6W6Nr7kTsXPAMaUd3MMwCisPDxPLFurr6aW1EKFr8XrNH6hnPhVyXn214DmLfqzwgy,TP 100% / SL 30%,0.066325654688689
719sfKUjiMThumTt2u39VMGn612BZyCcwbM5Pe8SqFYz,719sfK,LcDctqFGZyUEmQ7JntNiJvpqwR15XHKeMYsX5nLr3BC,36X9MygscFMMS8BPPEjUCrE4MeknMXgZKFAhuTpnjs7cpLqKr2icEfjPYJA4qP3chQ8cEE6PHnLQZvzrfAMvGL9V,follow wallet,-0.2461516328410089
719sfKUjiMThumTt2u39VMGn612BZyCcwbM5Pe8SqFYz,719sfK,LcDctqFGZyUEmQ7JntNiJvpqwR15XHKeMYsX5nLr3BC,36X9MygscFMMS8BPPEjUCrE4MeknMXgZKFAhuTpnjs7cpLqKr2icEfjPYJA4qP3chQ8cEE6PHnLQZvzrfAMvGL9V,hold 1 slots,-0.11538787496779787
719sfKUjiMThumTt2u39VMGn612BZyCcwbM5Pe8SqFYz,719sfK,LcDctqFGZyUEmQ7JntNiJvpqwR15XHKeMYsX5nLr3BC,36X9MygscFMMS8BPPEjUCrE4MeknMXgZKFAhuTpnjs7cpLqKr2icEfjPYJA4qP3chQ8cEE6PHnLQZvzrfAMvGL9V,hold 3 slots,-0.16376837908637762
719sfKUjiMThumTt2u39VMGn612BZyCcwbM5Pe8SqFYz,719sfK,LcDctqFGZyUEmQ7JntNiJvpqwR15XHKeMYsX5nLr3BC,36X9MygscFMMS8BPPEjUCrE4MeknMXgZKFAhuTpnjs7cpLqKr2icEfjPYJA4qP3chQ8cEE6PHnLQZvzrfAMvGL9V,hold 5 slots,-0.10069197495600712
719sfKUjiMThumTt2u39VMGn612BZyCcwbM5Pe8SqFYz,719sfK,LcDctqFGZyUEmQ7JntNiJvpqwR15XHKeMYsX5nLr3BC,36X9MygscFMMS8BPPEjUCrE4MeknMXgZKFAhuTpnjs7cpLqKr2icEfjPYJA4qP3chQ8cEE6PHnLQZvzrfAMvGL9V,hold 12 slots,-0.22140491119655026
719sfKUjiMThumTt2u39VMGn612BZyCcwbM5Pe8SqFYz,719sfK,LcDctqFGZyUEmQ7JntNiJvpqwR15XHKeMYsX5nLr3BC,36X9MygscFMMS8BPPEjUCrE4MeknMXgZKFAhuTpnjs7cpLqKr2icEfjPYJA4qP3chQ8cEE6PHnLQZvzrfAMvGL9V,hold 25 slots,-0.26384084396614016
719sfKUjiMThumTt2u39VMGn612BZyCcwbM5Pe8SqFYz,719sfK,LcDctqFGZyUEmQ7JntNiJvpqwR15XHKeMYsX5nLr3BC,36X9MygscFMMS8BPPEjUCrE4MeknMXgZKFAhuTpnjs7cpLqKr2icEfjPYJA4qP3chQ8cEE6PHnLQZvzrfAMvGL9V,hold 50 slots,-0.34960329753730407
719sfKUjiMThumTt2u39VMGn612BZyCcwbM5Pe8SqFYz,719sfK,LcDctqFGZyUEmQ7JntNiJvpqwR15XHKeMYsX5nLr3BC,36X9MygscFMMS8BPPEjUCrE4MeknMXgZKFAhuTpnjs7cpLqKr2icEfjPYJA4qP3chQ8cEE6PHnLQZvzrfAMvGL9V,hold 75 slots,-0.4681224990067176
719sfKUjiMThumTt2u39VMGn612BZyCcwbM5Pe8SqFYz,719sfK,LcDctqFGZyUEmQ7JntNiJvpqwR15XHKeMYsX5nLr3BC,36X9MygscFMMS8BPPEjUCrE4MeknMXgZKFAhuTpnjs7cpLqKr2icEfjPYJA4qP3chQ8cEE6PHnLQZvzrfAMvGL9V,hold 150 slots,-0.7244646474525835
719sfKUjiMThumTt2u39VMGn612BZyCcwbM5Pe8SqFYz,719sfK,LcDctqFGZyUEmQ7JntNiJvpqwR15XHKeMYsX5nLr3BC,36X9MygscFMMS8BPPEjUCrE4MeknMXgZKFAhuTpnjs7cpLqKr2icEfjPYJA4qP3chQ8cEE6PHnLQZvzrfAMvGL9V,TP 10% / SL 10%,-0.11538787496779787
719sfKUjiMThumTt2u39VMGn612BZyCcwbM5Pe8SqFYz,719sfK,LcDctqFGZyUEmQ7JntNiJvpqwR15XHKeMYsX5nLr3BC,36X9MygscFMMS8BPPEjUCrE4MeknMXgZKFAhuTpnjs7cpLqKr2icEfjPYJA4qP3chQ8cEE6PHnLQZvzrfAMvGL9V,TP 20% / SL 10%,-0.11538787496779787
719sfKUjiMThumTt2u39VMGn612BZyCcwbM5Pe8SqFYz,719sfK,LcDctqFGZyUEmQ7JntNiJvpqwR15XHKeMYsX5nLr3BC,36X9MygscFMMS8BPPEjUCrE4MeknMXgZKFAhuTpnjs7cpLqKr2icEfjPYJA4qP3chQ8cEE6PHnLQZvzrfAMvGL9V,TP 30% / SL 15%,-0.16376837908637762
719sfKUjiMThumTt2u39VMGn612BZyCcwbM5Pe8SqFYz,719sfK,LcDctqFGZyUEmQ7JntNiJvpqwR15XHKeMYsX5nLr3BC,36X9MygscFMMS8BPPEjUCrE4MeknMXgZKFAhuTpnjs7cpLqKr2icEfjPYJA4qP3chQ8cEE6PHnLQZvzrfAMvGL9V,TP 50% / SL 25%,-0.2668516137732599
719sfKUjiMThumTt2u39VMGn612BZyCcwbM5Pe8SqFYz,719sfK,LcDctqFGZyUEmQ7JntNiJvpqwR15XHKeMYsX5nLr3BC,36X9MygscFMMS8BPPEjUCrE4MeknMXgZKFAhuTpnjs7cpLqKr2icEfjPYJA4qP3chQ8cEE6PHnLQZvzrfAMvGL9V,TP 100% / SL 30%,-0.31555807280007997
719sfKUjiMThumTt2u39VMGn612BZyCcwbM5Pe8SqFYz,719sfK,Fe36bBTqgc8Ti6qdxKN5hCsSuCfnox9GifP5zSRapump,2AESc7TR4sknNjdh56C626m8jXs15ZKQxxhvCHhiQkuLXNUeyxzF2taxqVGPEdsw6GvAcyAeka9V5gi6AoY9Gv78,follow wallet,-0.5321328955776902
719sfKUjiMThumTt2u39VMGn612BZyCcwbM5Pe8SqFYz,719sfK,Fe36bBTqgc8Ti6qdxKN5hCsSuCfnox9GifP5zSRapump,2AESc7TR4sknNjdh56C626m8jXs15ZKQxxhvCHhiQkuLXNUeyxzF2taxqVGPEdsw6GvAcyAeka9V5gi6AoY9Gv78,hold 1 slots,-0.06755603637050664
719sfKUjiMThumTt2u39VMGn612BZyCcwbM5Pe8SqFYz,719sfK,Fe36bBTqgc8Ti6qdxKN5hCsSuCfnox9GifP5zSRapump,2AESc7TR4sknNjdh56C626m8jXs15ZKQxxhvCHhiQkuLXNUeyxzF2taxqVGPEdsw6GvAcyAeka9V5gi6AoY9Gv78,hold 3 slots,-0.08091876079783572
719sfKUjiMThumTt2u39VMGn612BZyCcwbM5Pe8SqFYz,719sfK,Fe36bBTqgc8Ti6qdxKN5hCsSuCfnox9GifP5zSRapump,2AESc7TR4sknNjdh56C626m8jXs15ZKQxxhvCHhiQkuLXNUeyxzF2taxqVGPEdsw6GvAcyAeka9V5gi6AoY9Gv78,hold 5 slots,-0.11635150629836857
719sfKUjiMThumTt2u39VMGn612BZyCcwbM5Pe8SqFYz,719sfK,Fe36bBTqgc8Ti6qdxKN5hCsSuCfnox9GifP5zSRapump,2AESc7TR4sknNjdh56C626m8jXs15ZKQxxhvCHhiQkuLXNUeyxzF2taxqVGPEdsw6GvAcyAeka9V5gi6AoY9Gv78,hold 12 slots,-0.3536379248505298
719sfKUjiMThumTt2u39VMGn612BZyCcwbM5Pe8SqFYz,719sfK,Fe36bBTqgc8Ti6qdxKN5hCsSuCfnox9GifP5zSRapump,2AESc7TR4sknNjdh56C626m8jXs15ZKQxxhvCHhiQkuLXNUeyxzF2taxqVGPEdsw6GvAcyAeka9V5gi6AoY9Gv78,hold 25 slots,-0.5877712633371664
719sfKUjiMThumTt2u39VMGn612BZyCcwbM5Pe8SqFYz,719sfK,Fe36bBTqgc8Ti6qdxKN5hCsSuCfnox9GifP5zSRapump,2AESc7TR4sknNjdh56C626m8jXs15ZKQxxhvCHhiQkuLXNUeyxzF2taxqVGPEdsw6GvAcyAeka9V5gi6AoY9Gv78,hold 50 slots,-0.5877712633371664
719sfKUjiMThumTt2u39VMGn612BZyCcwbM5Pe8SqFYz,719sfK,Fe36bBTqgc8Ti6qdxKN5hCsSuCfnox9GifP5zSRapump,2AESc7TR4sknNjdh56C626m8jXs15ZKQxxhvCHhiQkuLXNUeyxzF2taxqVGPEdsw6GvAcyAeka9V5gi6AoY9Gv78,hold 75 slots,-0.553831231820997
719sfKUjiMThumTt2u39VMGn612BZyCcwbM5Pe8SqFYz,719sfK,Fe36bBTqgc8Ti6qdxKN5hCsSuCfnox9GifP5zSRapump,2AESc7TR4sknNjdh56C626m8jXs15ZKQxxhvCHhiQkuLXNUeyxzF2taxqVGPEdsw6GvAcyAeka9V5gi6AoY9Gv78,hold 150 slots,-0.5787489310741348
719sfKUjiMThumTt2u39VMGn612BZyCcwbM5Pe8SqFYz,719sfK,Fe36bBTqgc8Ti6qdxKN5hCsSuCfnox9GifP5zSRapump,2AESc7TR4sknNjdh56C626m8jXs15ZKQxxhvCHhiQkuLXNUeyxzF2taxqVGPEdsw6GvAcyAeka9V5gi6AoY9Gv78,TP 10% / SL 10%,-0.11635150629836857
719sfKUjiMThumTt2u39VMGn612BZyCcwbM5Pe8SqFYz,719sfK,Fe36bBTqgc8Ti6qdxKN5hCsSuCfnox9GifP5zSRapump,2AESc7TR4sknNjdh56C626m8jXs15ZKQxxhvCHhiQkuLXNUeyxzF2taxqVGPEdsw6GvAcyAeka9V5gi6AoY9Gv78,TP 20% / SL 10%,-0.11635150629836857
719sfKUjiMThumTt2u39VMGn612BZyCcwbM5Pe8SqFYz,719sfK,Fe36bBTqgc8Ti6qdxKN5hCsSuCfnox9GifP5zSRapump,2AESc7TR4sknNjdh56C626m8jXs15ZKQxxhvCHhiQkuLXNUeyxzF2taxqVGPEdsw6GvAcyAeka9V5gi6AoY9Gv78,TP 30% / SL 15%,-0.23261239638731016
719sfKUjiMThumTt2u39VMGn612BZyCcwbM5Pe8SqFYz,719sfK,Fe36bBTqgc8Ti6qdxKN5hCsSuCfnox9GifP5zSRapump,2AESc7TR4sknNjdh56C626m8jXs15ZKQxxhvCHhiQkuLXNUeyxzF2taxqVGPEdsw6GvAcyAeka9V5gi6AoY9Gv78,TP 50% / SL 25%,-0.3536379248505298
719sfKUjiMThumTt2u39VMGn612BZyCcwbM5Pe8SqFYz,719sfK,Fe36bBTqgc8Ti6qdxKN5hCsSuCfnox9GifP5zSRapump,2AESc7TR4sknNjdh56C626m8jXs15ZKQxxhvCHhiQkuLXNUeyxzF2taxqVGPEdsw6GvAcyAeka9V5gi6AoY9Gv78,TP 100% / SL 30%,-0.3536379248505298
719sfKUjiMThumTt2u39VMGn612BZyCcwbM5Pe8SqFYz,719sfK,HWX3eu6P5unki9XuY2P67FffZswSXXJstacd9Y9UXNN2,3i4fDxfktXUGoM3KK4c5ioM8iEYZSFogu9KqYowBFuuz1WdZR9P1PvRzc5tBkCUJJKgQTkn7n9ENJLipFFkJnoAM,follow wallet,-0.08154338388921142
719sfKUjiMThumTt2u39VMGn612BZyCcwbM5Pe8SqFYz,719sfK,HWX3eu6P5unki9XuY2P67FffZswSXXJstacd9Y9UXNN2,3i4fDxfktXUGoM3KK4c5ioM8iEYZSFogu9KqYowBFuuz1WdZR9P1PvRzc5tBkCUJJKgQTkn7n9ENJLipFFkJnoAM,hold 1 slots,-0.05688329279233825
719sfKUjiMThumTt2u39VMGn612BZyCcwbM5Pe8SqFYz,719sfK,HWX3eu6P5unki9XuY2P67FffZswSXXJstacd9Y9UXNN2,3i4fDxfktXUGoM3KK4c5ioM8iEYZSFogu9KqYowBFuuz1WdZR9P1PvRzc5tBkCUJJKgQTkn7n9ENJLipFFkJnoAM,hold 3 slots,-0.05688329279233825
719sfKUjiMThumTt2u39VMGn612BZyCcwbM5Pe8SqFYz,719sfK,HWX3eu6P5unki9XuY2P67FffZswSXXJstacd9Y9UXNN2,3i4fDxfktXUGoM3KK4c5ioM8iEYZSFogu9KqYowBFuuz1WdZR9P1PvRzc5tBkCUJJKgQTkn7n9ENJLipFFkJnoAM,hold 5 slots,-0.05721472555341554
719sfKUjiMThumTt2u39VMGn612BZyCcwbM5Pe8SqFYz,719sfK,HWX3eu6P5unki9XuY2P67FffZswSXXJstacd9Y9UXNN2,3i4fDxfktXUGoM3KK4c5ioM8iEYZSFogu9KqYowBFuuz1WdZR9P1PvRzc5tBkCUJJKgQTkn7n9ENJLipFFkJnoAM,hold 12 slots,-0.030341753826019884
719sfKUjiMThumTt2u39VMGn612BZyCcwbM5Pe8SqFYz,719sfK,HWX3eu6P5unki9XuY2P67FffZswSXXJstacd9Y9UXNN2,3i4fDxfktXUGoM3KK4c5ioM8iEYZSFogu9KqYowBFuuz1WdZR9P1PvRzc5tBkCUJJKgQTkn7n9ENJLipFFkJnoAM,hold 25 slots,-0.0072632068344891075
719sfKUjiMThumTt2u39VMGn612BZyCcwbM5Pe8SqFYz,719sfK,HWX3eu6P5unki9XuY2P67FffZswSXXJstacd9Y9UXNN2,3i4fDxfktXUGoM3KK4c5ioM8iEYZSFogu9KqYowBFuuz1WdZR9P1PvRzc5tBkCUJJKgQTkn7n9ENJLipFFkJnoAM,hold 50 slots,0.2756100242739563
719sfKUjiMThumTt2u39VMGn612BZyCcwbM5Pe8SqFYz,719sfK,HWX3eu6P5unki9XuY2P67FffZswSXXJstacd9Y9UXNN2,3i4fDxfktXUGoM3KK4c5ioM8iEYZSFogu9KqYowBFuuz1WdZR9P1PvRzc5tBkCUJJKgQTkn7n9ENJLipFFkJnoAM,hold 75 slots,0.2406260900047052
719sfKUjiMThumTt2u39VMGn612BZyCcwbM5Pe8SqFYz,719sfK,HWX3eu6P5unki9XuY2P67FffZswSXXJstacd9Y9UXNN2,3i4fDxfktXUGoM3KK4c5ioM8iEYZSFogu9KqYowBFuuz1WdZR9P1PvRzc5tBkCUJJKgQTkn7n9ENJLipFFkJnoAM,hold 150 slots,0.07860294455348443
719sfKUjiMThumTt2u39VMGn612BZyCcwbM5Pe8SqFYz,719sfK,HWX3eu6P5unki9XuY2P67FffZswSXXJstacd9Y9UXNN2,3i4fDxfktXUGoM3KK4c5ioM8iEYZSFogu9KqYowBFuuz1WdZR9P1PvRzc5tBkCUJJKgQTkn7n9ENJLipFFkJnoAM,TP 10% / SL 10%,-0.10000935985483278
719sfKUjiMThumTt2u39VMGn612BZyCcwbM5Pe8SqFYz,719sfK,HWX3eu6P5unki9XuY2P67FffZswSXXJstacd9Y9UXNN2,3i4fDxfktXUGoM3KK4c5ioM8iEYZSFogu9KqYowBFuuz1WdZR9P1PvRzc5tBkCUJJKgQTkn7n9ENJLipFFkJnoAM,TP 20% / SL 10%,-0.10000935985483278
719sfKUjiMThumTt2u39VMGn612BZyCcwbM5Pe8SqFYz,719sfK,HWX3eu6P5unki9XuY2P67FffZswSXXJstacd9Y9UXNN2,3i4fDxfktXUGoM3KK4c5ioM8iEYZSFogu9KqYowBFuuz1WdZR9P1PvRzc5tBkCUJJKgQTkn7n9ENJLipFFkJnoAM,TP 30% / SL 15%,0.07860294455348443
719sfKUjiMThumTt2u39VMGn612BZyCcwbM5Pe8SqFYz,719sfK,HWX3eu6P5unki9XuY2P67FffZswSXXJstacd9Y9UXNN2,3i4fDxfktXUGoM3KK4c5ioM8iEYZSFogu9KqYowBFuuz1WdZR9P1PvRzc5tBkCUJJKgQTkn7n9ENJLipFFkJnoAM,TP 50% / SL 25%,0.07860294455348443
719sfKUjiMThumTt2u39VMGn612BZyCcwbM5Pe8SqFYz,719sfK,HWX3eu6P5unki9XuY2P67FffZswSXXJstacd9Y9UXNN2,3i4fDxfktXUGoM3KK4c5ioM8iEYZSFogu9KqYowBFuuz1WdZR9P1PvRzc5tBkCUJJKgQTkn7n9ENJLipFFkJnoAM,TP 100% / SL 30%,0.07860294455348443
719sfKUjiMThumTt2u39VMGn612BZyCcwbM5Pe8SqFYz,719sfK,HFJBNEaGpcHywtpde7aAFZYVZ54emWdzE1Swh8fzpump,4qAysbeBcbvSW1913csJvfG3dJbKf1DYFJoN7FKMbQ542LTimubrVhsEEtu6VvCNcq8RxhmhQMK6eXtn5RghSyVC,follow wallet,-0.3642356776594751
719sfKUjiMThumTt2u39VMGn612BZyCcwbM5Pe8SqFYz,719sfK,HFJBNEaGpcHywtpde7aAFZYVZ54emWdzE1Swh8fzpump,4qAysbeBcbvSW1913csJvfG3dJbKf1DYFJoN7FKMbQ542LTimubrVhsEEtu6VvCNcq8RxhmhQMK6eXtn5RghSyVC,hold 1 slots,-0.033068716287988305
719sfKUjiMThumTt2u39VMGn612BZyCcwbM5Pe8SqFYz,719sfK,HFJBNEaGpcHywtpde7aAFZYVZ54emWdzE1Swh8fzpump,4qAysbeBcbvSW1913csJvfG3dJbKf1DYFJoN7FKMbQ542LTimubrVhsEEtu6VvCNcq8RxhmhQMK6eXtn5RghSyVC,hold 3 slots,-0.033068716287988305
719sfKUjiMThumTt2u39VMGn612BZyCcwbM5Pe8SqFYz,719sfK,HFJBNEaGpcHywtpde7aAFZYVZ54emWdzE1Swh8fzpump,4qAysbeBcbvSW1913csJvfG3dJbKf1DYFJoN7FKMbQ542LTimubrVhsEEtu6VvCNcq8RxhmhQMK6eXtn5RghSyVC,hold 5 slots,-0.05557691267083681
719sfKUjiMThumTt2u39VMGn612BZyCcwbM5Pe8SqFYz,719sfK,HFJBNEaGpcHywtpde7aAFZYVZ54emWdzE1Swh8fzpump,4qAysbeBcbvSW1913csJvfG3dJbKf1DYFJoN7FKMbQ542LTimubrVhsEEtu6VvCNcq8RxhmhQMK6eXtn5RghSyVC,hold 12 slots,-0.2262711623094257
719sfKUjiMThumTt2u39VMGn612BZyCcwbM5Pe8SqFYz,719sfK,HFJBNEaGpcHywtpde7aAFZYVZ54emWdzE1Swh8fzpump,4qAysbeBcbvSW1913csJvfG3dJbKf1DYFJoN7FKMbQ542LTimubrVhsEEtu6VvCNcq8RxhmhQMK6eXtn5RghSyVC,hold 25 slots,-0.3443635876815125
719sfKUjiMThumTt2u39VMGn612BZyCcwbM5Pe8SqFYz,719sfK,HFJBNEaGpcHywtpde7aAFZYVZ54emWdzE1Swh8fzpump,4qAysbeBcbvSW1913csJvfG3dJbKf1DYFJoN7FKMbQ542LTimubrVhsEEtu6VvCNcq8RxhmhQMK6eXtn5RghSyVC,hold 50 slots,-0.3549216069317187
719sfKUjiMThumTt2u39VMGn612BZyCcwbM5Pe8SqFYz,719sfK,HFJBNEaGpcHywtpde7aAFZYVZ54emWdzE1Swh8fzpump,4qAysbeBcbvSW1913csJvfG3dJbKf1DYFJoN7FKMbQ542LTimubrVhsEEtu6VvCNcq8RxhmhQMK6eXtn5RghSyVC,hold 75 slots,-0.3549216069317187
719sfKUjiMThumTt2u39VMGn612BZyCcwbM5Pe8SqFYz,719sfK,HFJBNEaGpcHywtpde7aAFZYVZ54emWdzE1Swh8fzpump,4qAysbeBcbvSW1913csJvfG3dJbKf1DYFJoN7FKMbQ542LTimubrVhsEEtu6VvCNcq8RxhmhQMK6eXtn5RghSyVC,hold 150 slots,-0.2451498635853485
719sfKUjiMThumTt2u39VMGn612BZyCcwbM5Pe8SqFYz,719sfK,HFJBNEaGpcHywtpde7aAFZYVZ54emWdzE1Swh8fzpump,4qAysbeBcbvSW1913csJvfG3dJbKf1DYFJoN7FKMbQ542LTimubrVhsEEtu6VvCNcq8RxhmhQMK6eXtn5RghSyVC,TP 10% / SL 10%,-0.2262711623094257
719sfKUjiMThumTt2u39VMGn612BZyCcwbM5Pe8SqFYz,719sfK,HFJBNEaGpcHywtpde7aAFZYVZ54emWdzE1Swh8fzpump,4qAysbeBcbvSW1913csJvfG3dJbKf1DYFJoN7FKMbQ542LTimubrVhsEEtu6VvCNcq8RxhmhQMK6eXtn5RghSyVC,TP 20% / SL 10%,-0.2262711623094257
719sfKUjiMThumTt2u39VMGn612BZyCcwbM5Pe8SqFYz,719sfK,HFJBNEaGpcHywtpde7aAFZYVZ54emWdzE1Swh8fzpump,4qAysbeBcbvSW1913csJvfG3dJbKf1DYFJoN7FKMbQ542LTimubrVhsEEtu6VvCNcq8RxhmhQMK6eXtn5RghSyVC,TP 30% / SL 15%,-0.2262711623094257
719sfKUjiMThumTt2u39VMGn612BZyCcwbM5Pe8SqFYz,719sfK,HFJBNEaGpcHywtpde7aAFZYVZ54emWdzE1Swh8fzpump,4qAysbeBcbvSW1913csJvfG3dJbKf1DYFJoN7FKMbQ542LTimubrVhsEEtu6VvCNcq8RxhmhQMK6eXtn5RghSyVC,TP 50% / SL 25%,-0.3548746468502582
719sfKUjiMThumTt2u39VMGn612BZyCcwbM5Pe8SqFYz,719sfK,HFJBNEaGpcHywtpde7aAFZYVZ54emWdzE1Swh8fzpump,4qAysbeBcbvSW1913csJvfG3dJbKf1DYFJoN7FKMbQ542LTimubrVhsEEtu6VvCNcq8RxhmhQMK6eXtn5RghSyVC,TP 100% / SL 30%,-0.3548746468502582
5ZuV8eqkvzYFVEKbLvGBdexL2tFv7E5BCd2HZpjqbdg,5ZuV8e,Eb65Anrx5WkA4mrta8AwVq12DBRF3duPhX6QTCczpump,43AdpYbhPVxZvf15MWmHpDMa1axRe5WRe9ABDwgABsLnJ9iSFshYFTFMSnddNqGP2hUxpotYamtZjK7uEnuQBM9p,follow wallet,-0.17545394335505438
5ZuV8eqkvzYFVEKbLvGBdexL2tFv7E5BCd2HZpjqbdg,5ZuV8e,Eb65Anrx5WkA4mrta8AwVq12DBRF3duPhX6QTCczpump,43AdpYbhPVxZvf15MWmHpDMa1axRe5WRe9ABDwgABsLnJ9iSFshYFTFMSnddNqGP2hUxpotYamtZjK7uEnuQBM9p,hold 1 slots,-0.059142470482641575
5ZuV8eqkvzYFVEKbLvGBdexL2tFv7E5BCd2HZpjqbdg,5ZuV8e,Eb65Anrx5WkA4mrta8AwVq12DBRF3duPhX6QTCczpump,43AdpYbhPVxZvf15MWmHpDMa1axRe5WRe9ABDwgABsLnJ9iSFshYFTFMSnddNqGP2hUxpotYamtZjK7uEnuQBM9p,hold 3 slots,-0.0629455682204206
5ZuV8eqkvzYFVEKbLvGBdexL2tFv7E5BCd2HZpjqbdg,5ZuV8e,Eb65Anrx5WkA4mrta8AwVq12DBRF3duPhX6QTCczpump,43AdpYbhPVxZvf15MWmHpDMa1axRe5WRe9ABDwgABsLnJ9iSFshYFTFMSnddNqGP2hUxpotYamtZjK7uEnuQBM9p,hold 5 slots,-0.01807778398547554
5ZuV8eqkvzYFVEKbLvGBdexL2tFv7E5BCd2HZpjqbdg,5ZuV8e,Eb65Anrx5WkA4mrta8AwVq12DBRF3duPhX6QTCczpump,43AdpYbhPVxZvf15MWmHpDMa1axRe5WRe9ABDwgABsLnJ9iSFshYFTFMSnddNqGP2hUxpotYamtZjK7uEnuQBM9p,hold 12 slots,0.034276168865893485
5ZuV8eqkvzYFVEKbLvGBdexL2tFv7E5BCd2HZpjqbdg,5ZuV8e,Eb65Anrx5WkA4mrta8AwVq12DBRF3duPhX6QTCczpump,43AdpYbhPVxZvf15MWmHpDMa1axRe5WRe9ABDwgABsLnJ9iSFshYFTFMSnddNqGP2hUxpotYamtZjK7uEnuQBM9p,hold 25 slots,-0.04986898543122077
5ZuV8eqkvzYFVEKbLvGBdexL2tFv7E5BCd2HZpjqbdg,5ZuV8e,Eb65Anrx5WkA4mrta8AwVq12DBRF3duPhX6QTCczpump,43AdpYbhPVxZvf15MWmHpDMa1axRe5WRe9ABDwgABsLnJ9iSFshYFTFMSnddNqGP2hUxpotYamtZjK7uEnuQBM9p,hold 50 slots,-0.18604151704573
5ZuV8eqkvzYFVEKbLvGBdexL2tFv7E5BCd2HZpjqbdg,5ZuV8e,Eb65Anrx5WkA4mrta8AwVq12DBRF3duPhX6QTCczpump,43AdpYbhPVxZvf15MWmHpDMa1axRe5WRe9ABDwgABsLnJ9iSFshYFTFMSnddNqGP2hUxpotYamtZjK7uEnuQBM9p,hold 75 slots,0.01450448411708188
5ZuV8eqkvzYFVEKbLvGBdexL2tFv7E5BCd2HZpjqbdg,5ZuV8e,Eb65Anrx5WkA4mrta8AwVq12DBRF3duPhX6QTCczpump,43AdpYbhPVxZvf15MWmHpDMa1axRe5WRe9ABDwgABsLnJ9iSFshYFTFMSnddNqGP2hUxpotYamtZjK7uEnuQBM9p,hold 150 slots,0.04382245675776851
5ZuV8eqkvzYFVEKbLvGBdexL2tFv7E5BCd2HZpjqbdg,5ZuV8e,Eb65Anrx5WkA4mrta8AwVq12DBRF3duPhX6QTCczpump,43AdpYbhPVxZvf15MWmHpDMa1axRe5WRe9ABDwgABsLnJ9iSFshYFTFMSnddNqGP2hUxpotYamtZjK7uEnuQBM9p,TP 10% / SL 10%,-0.18604151704573
5ZuV8eqkvzYFVEKbLvGBdexL2tFv7E5BCd2HZpjqbdg,5ZuV8e,Eb65Anrx5WkA4mrta8AwVq12DBRF3duPhX6QTCczpump,43AdpYbhPVxZvf15MWmHpDMa1axRe5WRe9ABDwgABsLnJ9iSFshYFTFMSnddNqGP2hUxpotYamtZjK7uEnuQBM9p,TP 20% / SL 10%,-0.18604151704573
5ZuV8eqkvzYFVEKbLvGBdexL2tFv7E5BCd2HZpjqbdg,5ZuV8e,Eb65Anrx5WkA4mrta8AwVq12DBRF3duPhX6QTCczpump,43AdpYbhPVxZvf15MWmHpDMa1axRe5WRe9ABDwgABsLnJ9iSFshYFTFMSnddNqGP2hUxpotYamtZjK7uEnuQBM9p,TP 30% / SL 15%,-0.18604151704573
5ZuV8eqkvzYFVEKbLvGBdexL2tFv7E5BCd2HZpjqbdg,5ZuV8e,Eb65Anrx5WkA4mrta8AwVq12DBRF3duPhX6QTCczpump,43AdpYbhPVxZvf15MWmHpDMa1axRe5WRe9ABDwgABsLnJ9iSFshYFTFMSnddNqGP2hUxpotYamtZjK7uEnuQBM9p,TP 50% / SL 25%,0.04382245675776851
5ZuV8eqkvzYFVEKbLvGBdexL2tFv7E5BCd2HZpjqbdg,5ZuV8e,Eb65Anrx5WkA4mrta8AwVq12DBRF3duPhX6QTCczpump,43AdpYbhPVxZvf15MWmHpDMa1axRe5WRe9ABDwgABsLnJ9iSFshYFTFMSnddNqGP2hUxpotYamtZjK7uEnuQBM9p,TP 100% / SL 30%,0.04382245675776851
5ZuV8eqkvzYFVEKbLvGBdexL2tFv7E5BCd2HZpjqbdg,5ZuV8e,BrFvnPxn1UcupmzCEFycxyqyAaakgmf9FXtf6CMipump,4fqR1ekczMYKxh45VwunXkQhrmvCGZjjuDgAMARpErBJTun9okYq8mCtsHTo2HbECDAv2m2KQJmYsNBfziswQYHR,follow wallet,-0.11310701820848143
5ZuV8eqkvzYFVEKbLvGBdexL2tFv7E5BCd2HZpjqbdg,5ZuV8e,BrFvnPxn1UcupmzCEFycxyqyAaakgmf9FXtf6CMipump,4fqR1ekczMYKxh45VwunXkQhrmvCGZjjuDgAMARpErBJTun9okYq8mCtsHTo2HbECDAv2m2KQJmYsNBfziswQYHR,hold 1 slots,-0.05253618961077022
5ZuV8eqkvzYFVEKbLvGBdexL2tFv7E5BCd2HZpjqbdg,5ZuV8e,BrFvnPxn1UcupmzCEFycxyqyAaakgmf9FXtf6CMipump,4fqR1ekczMYKxh45VwunXkQhrmvCGZjjuDgAMARpErBJTun9okYq8mCtsHTo2HbECDAv2m2KQJmYsNBfziswQYHR,hold 3 slots,-0.05253618961077022
5ZuV8eqkvzYFVEKbLvGBdexL2tFv7E5BCd2HZpjqbdg,5ZuV8e,BrFvnPxn1UcupmzCEFycxyqyAaakgmf9FXtf6CMipump,4fqR1ekczMYKxh45VwunXkQhrmvCGZjjuDgAMARpErBJTun9okYq8mCtsHTo2HbECDAv2m2KQJmYsNBfziswQYHR,hold 5 slots,-0.05253618961077022
5ZuV8eqkvzYFVEKbLvGBdexL2tFv7E5BCd2HZpjqbdg,5ZuV8e,BrFvnPxn1UcupmzCEFycxyqyAaakgmf9FXtf6CMipump,4fqR1ekczMYKxh45VwunXkQhrmvCGZjjuDgAMARpErBJTun9okYq8mCtsHTo2HbECDAv2m2KQJmYsNBfziswQYHR,hold 12 slots,-0.016876217212319376
5ZuV8eqkvzYFVEKbLvGBdexL2tFv7E5BCd2HZpjqbdg,5ZuV8e,BrFvnPxn1UcupmzCEFycxyqyAaakgmf9FXtf6CMipump,4fqR1ekczMYKxh45VwunXkQhrmvCGZjjuDgAMARpErBJTun9okYq8mCtsHTo2HbECDAv2m2KQJmYsNBfziswQYHR,hold 25 slots,0.006576153512014151
5ZuV8eqkvzYFVEKbLvGBdexL2tFv7E5BCd2HZpjqbdg,5ZuV8e,BrFvnPxn1UcupmzCEFycxyqyAaakgmf9FXtf6CMipump,4fqR1ekczMYKxh45VwunXkQhrmvCGZjjuDgAMARpErBJTun9okYq8mCtsHTo2HbECDAv2m2KQJmYsNBfziswQYHR,hold 50 slots,-0.045887090650436994
5ZuV8eqkvzYFVEKbLvGBdexL2tFv7E5BCd2HZpjqbdg,5ZuV8e,BrFvnPxn1UcupmzCEFycxyqyAaakgmf9FXtf6CMipump,4fqR1ekczMYKxh45VwunXkQhrmvCGZjjuDgAMARpErBJTun9okYq8mCtsHTo2HbECDAv2m2KQJmYsNBfziswQYHR,hold 75 slots,-0.03973802251874387
5ZuV8eqkvzYFVEKbLvGBdexL2tFv7E5BCd2HZpjqbdg,5ZuV8e,BrFvnPxn1UcupmzCEFycxyqyAaakgmf9FXtf6CMipump,4fqR1ekczMYKxh45VwunXkQhrmvCGZjjuDgAMARpErBJTun9okYq8mCtsHTo2HbECDAv2m2KQJmYsNBfziswQYHR,hold 150 slots,-0.05680260247440803
5ZuV8eqkvzYFVEKbLvGBdexL2tFv7E5BCd2HZpjqbdg,5ZuV8e,BrFvnPxn1UcupmzCEFycxyqyAaakgmf9FXtf6CMipump,4fqR1ekczMYKxh45VwunXkQhrmvCGZjjuDgAMARpErBJTun9okYq8mCtsHTo2HbECDAv2m2KQJmYsNBfziswQYHR,TP 10% / SL 10%,-0.05680260247440803
5ZuV8eqkvzYFVEKbLvGBdexL2tFv7E5BCd2HZpjqbdg,5ZuV8e,BrFvnPxn1UcupmzCEFycxyqyAaakgmf9FXtf6CMipump,4fqR1ekczMYKxh45VwunXkQhrmvCGZjjuDgAMARpErBJTun9okYq8mCtsHTo2HbECDAv2m2KQJmYsNBfziswQYHR,TP 20% / SL 10%,-0.05680260247440803
5ZuV8eqkvzYFVEKbLvGBdexL2tFv7E5BCd2HZpjqbdg,5ZuV8e,BrFvnPxn1UcupmzCEFycxyqyAaakgmf9FXtf6CMipump,4fqR1ekczMYKxh45VwunXkQhrmvCGZjjuDgAMARpErBJTun9okYq8mCtsHTo2HbECDAv2m2KQJmYsNBfziswQYHR,TP 30% / SL 15%,-0.05680260247440803
5ZuV8eqkvzYFVEKbLvGBdexL2tFv7E5BCd2HZpjqbdg,5ZuV8e,BrFvnPxn1UcupmzCEFycxyqyAaakgmf9FXtf6CMipump,4fqR1ekczMYKxh45VwunXkQhrmvCGZjjuDgAMARpErBJTun9okYq8mCtsHTo2HbECDAv2m2KQJmYsNBfziswQYHR,TP 50% / SL 25%,-0.05680260247440803
5ZuV8eqkvzYFVEKbLvGBdexL2tFv7E5BCd2HZpjqbdg,5ZuV8e,BrFvnPxn1UcupmzCEFycxyqyAaakgmf9FXtf6CMipump,4fqR1ekczMYKxh45VwunXkQhrmvCGZjjuDgAMARpErBJTun9okYq8mCtsHTo2HbECDAv2m2KQJmYsNBfziswQYHR,TP 100% / SL 30%,-0.05680260247440803
5ZuV8eqkvzYFVEKbLvGBdexL2tFv7E5BCd2HZpjqbdg,5ZuV8e,C6aagf45uxrgFMJ6qRexeF5y46zQAowxT6hKVzoHrmST,5dtcd3P6DcW4HupuGBw9aMEY7Uicd8YSMFNj8GX3YDmDXcW4a9rB3fzznsyCduJTppuPdKhFu6K3gPx9SDNdaCsR,follow wallet,-0.07685064898619079
5ZuV8eqkvzYFVEKbLvGBdexL2tFv7E5BCd2HZpjqbdg,5ZuV8e,C6aagf45uxrgFMJ6qRexeF5y46zQAowxT6hKVzoHrmST,5dtcd3P6DcW4HupuGBw9aMEY7Uicd8YSMFNj8GX3YDmDXcW4a9rB3fzznsyCduJTppuPdKhFu6K3gPx9SDNdaCsR,hold 1 slots,-0.05930961465748906
5ZuV8eqkvzYFVEKbLvGBdexL2tFv7E5BCd2HZpjqbdg,5ZuV8e,C6aagf45uxrgFMJ6qRexeF5y46zQAowxT6hKVzoHrmST,5dtcd3P6DcW4HupuGBw9aMEY7Uicd8YSMFNj8GX3YDmDXcW4a9rB3fzznsyCduJTppuPdKhFu6K3gPx9SDNdaCsR,hold 3 slots,0.0038100360221405023
5ZuV8eqkvzYFVEKbLvGBdexL2tFv7E5BCd2HZpjqbdg,5ZuV8e,C6aagf45uxrgFMJ6qRexeF5y46zQAowxT6hKVzoHrmST,5dtcd3P6DcW4HupuGBw9aMEY7Uicd8YSMFNj8GX3YDmDXcW4a9rB3fzznsyCduJTppuPdKhFu6K3gPx9SDNdaCsR,hold 5 slots,0.0038100360221405023
5ZuV8eqkvzYFVEKbLvGBdexL2tFv7E5BCd2HZpjqbdg,5ZuV8e,C6aagf45uxrgFMJ6qRexeF5y46zQAowxT6hKVzoHrmST,5dtcd3P6DcW4HupuGBw9aMEY7Uicd8YSMFNj8GX3YDmDXcW4a9rB3fzznsyCduJTppuPdKhFu6K3gPx9SDNdaCsR,hold 12 slots,0.016396083573190928
5ZuV8eqkvzYFVEKbLvGBdexL2tFv7E5BCd2HZpjqbdg,5ZuV8e,C6aagf45uxrgFMJ6qRexeF5y46zQAowxT6hKVzoHrmST,5dtcd3P6DcW4HupuGBw9aMEY7Uicd8YSMFNj8GX3YDmDXcW4a9rB3fzznsyCduJTppuPdKhFu6K3gPx9SDNdaCsR,hold 25 slots,0.013324777721671701
5ZuV8eqkvzYFVEKbLvGBdexL2tFv7E5BCd2HZpjqbdg,5ZuV8e,C6aagf45uxrgFMJ6qRexeF5y46zQAowxT6hKVzoHrmST,5dtcd3P6DcW4HupuGBw9aMEY7Uicd8YSMFNj8GX3YDmDXcW4a9rB3fzznsyCduJTppuPdKhFu6K3gPx9SDNdaCsR,hold 50 slots,0.22203813059529542
5ZuV8eqkvzYFVEKbLvGBdexL2tFv7E5BCd2HZpjqbdg,5ZuV8e,C6aagf45uxrgFMJ6qRexeF5y46zQAowxT6hKVzoHrmST,5dtcd3P6DcW4HupuGBw9aMEY7Uicd8YSMFNj8GX3YDmDXcW4a9rB3fzznsyCduJTppuPdKhFu6K3gPx9SDNdaCsR,hold 75 slots,-0.0650099431801752
5ZuV8eqkvzYFVEKbLvGBdexL2tFv7E5BCd2HZpjqbdg,5ZuV8e,C6aagf45uxrgFMJ6qRexeF5y46zQAowxT6hKVzoHrmST,5dtcd3P6DcW4HupuGBw9aMEY7Uicd8YSMFNj8GX3YDmDXcW4a9rB3fzznsyCduJTppuPdKhFu6K3gPx9SDNdaCsR,hold 150 slots,-0.0332380283145014
5ZuV8eqkvzYFVEKbLvGBdexL2tFv7E5BCd2HZpjqbdg,5ZuV8e,C6aagf45uxrgFMJ6qRexeF5y46zQAowxT6hKVzoHrmST,5dtcd3P6DcW4HupuGBw9aMEY7Uicd8YSMFNj8GX3YDmDXcW4a9rB3fzznsyCduJTppuPdKhFu6K3gPx9SDNdaCsR,TP 10% / SL 10%,0.30332675522004626
5ZuV8eqkvzYFVEKbLvGBdexL2tFv7E5BCd2HZpjqbdg,5ZuV8e,C6aagf45uxrgFMJ6qRexeF5y46zQAowxT6hKVzoHrmST,5dtcd3P6DcW4HupuGBw9aMEY7Uicd8YSMFNj8GX3YDmDXcW4a9rB3fzznsyCduJTppuPdKhFu6K3gPx9SDNdaCsR,TP 20% / SL 10%,0.30332675522004626
5ZuV8eqkvzYFVEKbLvGBdexL2tFv7E5BCd2HZpjqbdg,5ZuV8e,C6aagf45uxrgFMJ6qRexeF5y46zQAowxT6hKVzoHrmST,5dtcd3P6DcW4HupuGBw9aMEY7Uicd8YSMFNj8GX3YDmDXcW4a9rB3fzznsyCduJTppuPdKhFu6K3gPx9SDNdaCsR,TP 30% / SL 15%,0.30332675522004626
5ZuV8eqkvzYFVEKbLvGBdexL2tFv7E5BCd2HZpjqbdg,5ZuV8e,C6aagf45uxrgFMJ6qRexeF5y46zQAowxT6hKVzoHrmST,5dtcd3P6DcW4HupuGBw9aMEY7Uicd8YSMFNj8GX3YDmDXcW4a9rB3fzznsyCduJTppuPdKhFu6K3gPx9SDNdaCsR,TP 50% / SL 25%,-0.0332380283145014
5ZuV8eqkvzYFVEKbLvGBdexL2tFv7E5BCd2HZpjqbdg,5ZuV8e,C6aagf45uxrgFMJ6qRexeF5y46zQAowxT6hKVzoHrmST,5dtcd3P6DcW4HupuGBw9aMEY7Uicd8YSMFNj8GX3YDmDXcW4a9rB3fzznsyCduJTppuPdKhFu6K3gPx9SDNdaCsR,TP 100% / SL 30%,-0.0332380283145014
5ZuV8eqkvzYFVEKbLvGBdexL2tFv7E5BCd2HZpjqbdg,5ZuV8e,C2PEi8xEXm23ALZ1ELemYHiqGvjrCdz5RFPUbSbjFSVr,53BdkMR799vqLcPZz4PFnBR9TNexsEtpJp7hRTsnVWrpPjEjTFYRJ2bRU4WJgYn74rwG8dERWD5u7XF3phPRfGAk,follow wallet,-0.5207071748734955
5ZuV8eqkvzYFVEKbLvGBdexL2tFv7E5BCd2HZpjqbdg,5ZuV8e,C2PEi8xEXm23ALZ1ELemYHiqGvjrCdz5RFPUbSbjFSVr,53BdkMR799vqLcPZz4PFnBR9TNexsEtpJp7hRTsnVWrpPjEjTFYRJ2bRU4WJgYn74rwG8dERWD5u7XF3phPRfGAk,hold 1 slots,-0.053170158254541036
5ZuV8eqkvzYFVEKbLvGBdexL2tFv7E5BCd2HZpjqbdg,5ZuV8e,C2PEi8xEXm23ALZ1ELemYHiqGvjrCdz5RFPUbSbjFSVr,53BdkMR799vqLcPZz4PFnBR9TNexsEtpJp7hRTsnVWrpPjEjTFYRJ2bRU4WJgYn74rwG8dERWD5u7XF3phPRfGAk,hold 3 slots,-0.07631787029083992
5ZuV8eqkvzYFVEKbLvGBdexL2tFv7E5BCd2HZpjqbdg,5ZuV8e,C2PEi8xEXm23ALZ1ELemYHiqGvjrCdz5RFPUbSbjFSVr,53BdkMR799vqLcPZz4PFnBR9TNexsEtpJp7hRTsnVWrpPjEjTFYRJ2bRU4WJgYn74rwG8dERWD5u7XF3phPRfGAk,hold 5 slots,-0.11960762615653561
5ZuV8eqkvzYFVEKbLvGBdexL2tFv7E5BCd2HZpjqbdg,5ZuV8e,C2PEi8xEXm23ALZ1ELemYHiqGvjrCdz5RFPUbSbjFSVr,53BdkMR799vqLcPZz4PFnBR9TNexsEtpJp7hRTsnVWrpPjEjTFYRJ2bRU4WJgYn74rwG8dERWD5u7XF3phPRfGAk,hold 12 slots,-0.1518467452396375
5ZuV8eqkvzYFVEKbLvGBdexL2tFv7E5BCd2HZpjqbdg,5ZuV8e,C2PEi8xEXm23ALZ1ELemYHiqGvjrCdz5RFPUbSbjFSVr,53BdkMR799vqLcPZz4PFnBR9TNexsEtpJp7hRTsnVWrpPjEjTFYRJ2bRU4WJgYn74rwG8dERWD5u7XF3phPRfGAk,hold 25 slots,-0.42320336451647034
5ZuV8eqkvzYFVEKbLvGBdexL2tFv7E5BCd2HZpjqbdg,5ZuV8e,C2PEi8xEXm23ALZ1ELemYHiqGvjrCdz5RFPUbSbjFSVr,53BdkMR799vqLcPZz4PFnBR9TNexsEtpJp7hRTsnVWrpPjEjTFYRJ2bRU4WJgYn74rwG8dERWD5u7XF3phPRfGAk,hold 50 slots,-0.4183638083750739
5ZuV8eqkvzYFVEKbLvGBdexL2tFv7E5BCd2HZpjqbdg,5ZuV8e,C2PEi8xEXm23ALZ1ELemYHiqGvjrCdz5RFPUbSbjFSVr,53BdkMR799vqLcPZz4PFnBR9TNexsEtpJp7hRTsnVWrpPjEjTFYRJ2bRU4WJgYn74rwG8dERWD5u7XF3phPRfGAk,hold 75 slots,-0.29222951777126527
5ZuV8eqkvzYFVEKbLvGBdexL2tFv7E5BCd2HZpjqbdg,5ZuV8e,C2PEi8xEXm23ALZ1ELemYHiqGvjrCdz5RFPUbSbjFSVr,53BdkMR799vqLcPZz4PFnBR9TNexsEtpJp7hRTsnVWrpPjEjTFYRJ2bRU4WJgYn74rwG8dERWD5u7XF3phPRfGAk,hold 150 slots,-0.327577471513872
5ZuV8eqkvzYFVEKbLvGBdexL2tFv7E5BCd2HZpjqbdg,5ZuV8e,C2PEi8xEXm23ALZ1ELemYHiqGvjrCdz5RFPUbSbjFSVr,53BdkMR799vqLcPZz4PFnBR9TNexsEtpJp7hRTsnVWrpPjEjTFYRJ2bRU4WJgYn74rwG8dERWD5u7XF3phPRfGAk,TP 10% / SL 10%,-0.11960762615653561
5ZuV8eqkvzYFVEKbLvGBdexL2tFv7E5BCd2HZpjqbdg,5ZuV8e,C2PEi8xEXm23ALZ1ELemYHiqGvjrCdz5RFPUbSbjFSVr,53BdkMR799vqLcPZz4PFnBR9TNexsEtpJp7hRTsnVWrpPjEjTFYRJ2bRU4WJgYn74rwG8dERWD5u7XF3phPRfGAk,TP 20% / SL 10%,-0.11960762615653561
5ZuV8eqkvzYFVEKbLvGBdexL2tFv7E5BCd2HZpjqbdg,5ZuV8e,C2PEi8xEXm23ALZ1ELemYHiqGvjrCdz5RFPUbSbjFSVr,53BdkMR799vqLcPZz4PFnBR9TNexsEtpJp7hRTsnVWrpPjEjTFYRJ2bRU4WJgYn74rwG8dERWD5u7XF3phPRfGAk,TP 30% / SL 15%,-0.158033512176239
5ZuV8eqkvzYFVEKbLvGBdexL2tFv7E5BCd2HZpjqbdg,5ZuV8e,C2PEi8xEXm23ALZ1ELemYHiqGvjrCdz5RFPUbSbjFSVr,53BdkMR799vqLcPZz4PFnBR9TNexsEtpJp7hRTsnVWrpPjEjTFYRJ2bRU4WJgYn74rwG8dERWD5u7XF3phPRfGAk,TP 50% / SL 25%,-0.38249945832182003
5ZuV8eqkvzYFVEKbLvGBdexL2tFv7E5BCd2HZpjqbdg,5ZuV8e,C2PEi8xEXm23ALZ1ELemYHiqGvjrCdz5RFPUbSbjFSVr,53BdkMR799vqLcPZz4PFnBR9TNexsEtpJp7hRTsnVWrpPjEjTFYRJ2bRU4WJgYn74rwG8dERWD5u7XF3phPRfGAk,TP 100% / SL 30%,-0.38249945832182003
ECa6q9uC9LaYYBekJ7ApD2EoKy3VKy7WZv863cg5pqM8,ECa6q9,D8M7tLw3A4aFhS6HAkvFDgsS5daWfD8yst4nZkAYUUSa,NMQZ69xKPVckvaQxkYpW67bnLYp71urdmC2Q1U3xkwkYQTP8sXmbTxbphgjTfuytWmVMG8Z5JWFpAitEdUXKfRi,follow wallet,0.044201781796206596
ECa6q9uC9LaYYBekJ7ApD2EoKy3VKy7WZv863cg5pqM8,ECa6q9,D8M7tLw3A4aFhS6HAkvFDgsS5daWfD8yst4nZkAYUUSa,NMQZ69xKPVckvaQxkYpW67bnLYp71urdmC2Q1U3xkwkYQTP8sXmbTxbphgjTfuytWmVMG8Z5JWFpAitEdUXKfRi,hold 1 slots,-0.05628173082239258
ECa6q9uC9LaYYBekJ7ApD2EoKy3VKy7WZv863cg5pqM8,ECa6q9,D8M7tLw3A4aFhS6HAkvFDgsS5daWfD8yst4nZkAYUUSa,NMQZ69xKPVckvaQxkYpW67bnLYp71urdmC2Q1U3xkwkYQTP8sXmbTxbphgjTfuytWmVMG8Z5JWFpAitEdUXKfRi,hold 3 slots,-0.05628173082239258
ECa6q9uC9LaYYBekJ7ApD2EoKy3VKy7WZv863cg5pqM8,ECa6q9,D8M7tLw3A4aFhS6HAkvFDgsS5daWfD8yst4nZkAYUUSa,NMQZ69xKPVckvaQxkYpW67bnLYp71urdmC2Q1U3xkwkYQTP8sXmbTxbphgjTfuytWmVMG8Z5JWFpAitEdUXKfRi,hold 5 slots,-0.04000171666608584
ECa6q9uC9LaYYBekJ7ApD2EoKy3VKy7WZv863cg5pqM8,ECa6q9,D8M7tLw3A4aFhS6HAkvFDgsS5daWfD8yst4nZkAYUUSa,NMQZ69xKPVckvaQxkYpW67bnLYp71urdmC2Q1U3xkwkYQTP8sXmbTxbphgjTfuytWmVMG8Z5JWFpAitEdUXKfRi,hold 12 slots,-0.04605395562798584
ECa6q9uC9LaYYBekJ7ApD2EoKy3VKy7WZv863cg5pqM8,ECa6q9,D8M7tLw3A4aFhS6HAkvFDgsS5daWfD8yst4nZkAYUUSa,NMQZ69xKPVckvaQxkYpW67bnLYp71urdmC2Q1U3xkwkYQTP8sXmbTxbphgjTfuytWmVMG8Z5JWFpAitEdUXKfRi,hold 25 slots,-0.039739849092258334
ECa6q9uC9LaYYBekJ7ApD2EoKy3VKy7WZv863cg5pqM8,ECa6q9,D8M7tLw3A4aFhS6HAkvFDgsS5daWfD8yst4nZkAYUUSa,NMQZ69xKPVckvaQxkYpW67bnLYp71urdmC2Q1U3xkwkYQTP8sXmbTxbphgjTfuytWmVMG8Z5JWFpAitEdUXKfRi,hold 50 slots,0.004675000808588266
ECa6q9uC9LaYYBekJ7ApD2EoKy3VKy7WZv863cg5pqM8,ECa6q9,D8M7tLw3A4aFhS6HAkvFDgsS5daWfD8yst4nZkAYUUSa,NMQZ69xKPVckvaQxkYpW67bnLYp71urdmC2Q1U3xkwkYQTP8sXmbTxbphgjTfuytWmVMG8Z5JWFpAitEdUXKfRi,hold 75 slots,0.07837384234406924
ECa6q9uC9LaYYBekJ7ApD2EoKy3VKy7WZv863cg5pqM8,ECa6q9,D8M7tLw3A4aFhS6HAkvFDgsS5daWfD8yst4nZkAYUUSa,NMQZ69xKPVckvaQxkYpW67bnLYp71urdmC2Q1U3xkwkYQTP8sXmbTxbphgjTfuytWmVMG8Z5JWFpAitEdUXKfRi,hold 150 slots,0.10651070481707453
ECa6q9uC9LaYYBekJ7ApD2EoKy3VKy7WZv863cg5pqM8,ECa6q9,D8M7tLw3A4aFhS6HAkvFDgsS5daWfD8yst4nZkAYUUSa,NMQZ69xKPVckvaQxkYpW67bnLYp71urdmC2Q1U3xkwkYQTP8sXmbTxbphgjTfuytWmVMG8Z5JWFpAitEdUXKfRi,TP 10% / SL 10%,0.10651070481707453
ECa6q9uC9LaYYBekJ7ApD2EoKy3VKy7WZv863cg5pqM8,ECa6q9,D8M7tLw3A4aFhS6HAkvFDgsS5daWfD8yst4nZkAYUUSa,NMQZ69xKPVckvaQxkYpW67bnLYp71urdmC2Q1U3xkwkYQTP8sXmbTxbphgjTfuytWmVMG8Z5JWFpAitEdUXKfRi,TP 20% / SL 10%,0.10651070481707453
ECa6q9uC9LaYYBekJ7ApD2EoKy3VKy7WZv863cg5pqM8,ECa6q9,D8M7tLw3A4aFhS6HAkvFDgsS5daWfD8yst4nZkAYUUSa,NMQZ69xKPVckvaQxkYpW67bnLYp71urdmC2Q1U3xkwkYQTP8sXmbTxbphgjTfuytWmVMG8Z5JWFpAitEdUXKfRi,TP 30% / SL 15%,0.10651070481707453
ECa6q9uC9LaYYBekJ7ApD2EoKy3VKy7WZv863cg5pqM8,ECa6q9,D8M7tLw3A4aFhS6HAkvFDgsS5daWfD8yst4nZkAYUUSa,NMQZ69xKPVckvaQxkYpW67bnLYp71urdmC2Q1U3xkwkYQTP8sXmbTxbphgjTfuytWmVMG8Z5JWFpAitEdUXKfRi,TP 50% / SL 25%,0.10651070481707453
ECa6q9uC9LaYYBekJ7ApD2EoKy3VKy7WZv863cg5pqM8,ECa6q9,D8M7tLw3A4aFhS6HAkvFDgsS5daWfD8yst4nZkAYUUSa,NMQZ69xKPVckvaQxkYpW67bnLYp71urdmC2Q1U3xkwkYQTP8sXmbTxbphgjTfuytWmVMG8Z5JWFpAitEdUXKfRi,TP 100% / SL 30%,0.10651070481707453
ECa6q9uC9LaYYBekJ7ApD2EoKy3VKy7WZv863cg5pqM8,ECa6q9,54N2r6fAK2kotz2YK4rUwnX6avQHqxzDMcYarwcxdQFm,28ktZ33cTToe4RM27JEqbKQEKemsD4vVxunB1nxrZiL1VfpsWzZk5yAML4NJCSUDm9kAL6G7N8dCsbvFeyHnGFe1,follow wallet,-0.19695306183433653
ECa6q9uC9LaYYBekJ7ApD2EoKy3VKy7WZv863cg5pqM8,ECa6q9,54N2r6fAK2kotz2YK4rUwnX6avQHqxzDMcYarwcxdQFm,28ktZ33cTToe4RM27JEqbKQEKemsD4vVxunB1nxrZiL1VfpsWzZk5yAML4NJCSUDm9kAL6G7N8dCsbvFeyHnGFe1,hold 1 slots,-0.10331136628003598
ECa6q9uC9LaYYBekJ7ApD2EoKy3VKy7WZv863cg5pqM8,ECa6q9,54N2r6fAK2kotz2YK4rUwnX6avQHqxzDMcYarwcxdQFm,28ktZ33cTToe4RM27JEqbKQEKemsD4vVxunB1nxrZiL1VfpsWzZk5yAML4NJCSUDm9kAL6G7N8dCsbvFeyHnGFe1,hold 3 slots,-0.01923127024099982
ECa6q9uC9LaYYBekJ7ApD2EoKy3VKy7WZv863cg5pqM8,ECa6q9,54N2r6fAK2kotz2YK4rUwnX6avQHqxzDMcYarwcxdQFm,28ktZ33cTToe4RM27JEqbKQEKemsD4vVxunB1nxrZiL1VfpsWzZk5yAML4NJCSUDm9kAL6G7N8dCsbvFeyHnGFe1,hold 5 slots,-0.01923127024099982
ECa6q9uC9LaYYBekJ7ApD2EoKy3VKy7WZv863cg5pqM8,ECa6q9,54N2r6fAK2kotz2YK4rUwnX6avQHqxzDMcYarwcxdQFm,28ktZ33cTToe4RM27JEqbKQEKemsD4vVxunB1nxrZiL1VfpsWzZk5yAML4NJCSUDm9kAL6G7N8dCsbvFeyHnGFe1,hold 12 slots,-0.01923127024099982
ECa6q9uC9LaYYBekJ7ApD2EoKy3VKy7WZv863cg5pqM8,ECa6q9,54N2r6fAK2kotz2YK4rUwnX6avQHqxzDMcYarwcxdQFm,28ktZ33cTToe4RM27JEqbKQEKemsD4vVxunB1nxrZiL1VfpsWzZk5yAML4NJCSUDm9kAL6G7N8dCsbvFeyHnGFe1,hold 25 slots,-0.058944326767663
ECa6q9uC9LaYYBekJ7ApD2EoKy3VKy7WZv863cg5pqM8,ECa6q9,54N2r6fAK2kotz2YK4rUwnX6avQHqxzDMcYarwcxdQFm,28ktZ33cTToe4RM27JEqbKQEKemsD4vVxunB1nxrZiL1VfpsWzZk5yAML4NJCSUDm9kAL6G7N8dCsbvFeyHnGFe1,hold 50 slots,-0.058944326767663
ECa6q9uC9LaYYBekJ7ApD2EoKy3VKy7WZv863cg5pqM8,ECa6q9,54N2r6fAK2kotz2YK4rUwnX6avQHqxzDMcYarwcxdQFm,28ktZ33cTToe4RM27JEqbKQEKemsD4vVxunB1nxrZiL1VfpsWzZk5yAML4NJCSUDm9kAL6G7N8dCsbvFeyHnGFe1,hold 75 slots,-0.11464411186539925
ECa6q9uC9LaYYBekJ7ApD2EoKy3VKy7WZv863cg5pqM8,ECa6q9,54N2r6fAK2kotz2YK4rUwnX6avQHqxzDMcYarwcxdQFm,28ktZ33cTToe4RM27JEqbKQEKemsD4vVxunB1nxrZiL1VfpsWzZk5yAML4NJCSUDm9kAL6G7N8dCsbvFeyHnGFe1,hold 150 slots,-0.287612137681568
ECa6q9uC9LaYYBekJ7ApD2EoKy3VKy7WZv863cg5pqM8,ECa6q9,54N2r6fAK2kotz2YK4rUwnX6avQHqxzDMcYarwcxdQFm,28ktZ33cTToe4RM27JEqbKQEKemsD4vVxunB1nxrZiL1VfpsWzZk5yAML4NJCSUDm9kAL6G7N8dCsbvFeyHnGFe1,TP 10% / SL 10%,-0.10331136628003598
ECa6q9uC9LaYYBekJ7ApD2EoKy3VKy7WZv863cg5pqM8,ECa6q9,54N2r6fAK2kotz2YK4rUwnX6avQHqxzDMcYarwcxdQFm,28ktZ33cTToe4RM27JEqbKQEKemsD4vVxunB1nxrZiL1VfpsWzZk5yAML4NJCSUDm9kAL6G7N8dCsbvFeyHnGFe1,TP 20% / SL 10%,-0.10331136628003598
ECa6q9uC9LaYYBekJ7ApD2EoKy3VKy7WZv863cg5pqM8,ECa6q9,54N2r6fAK2kotz2YK4rUwnX6avQHqxzDMcYarwcxdQFm,28ktZ33cTToe4RM27JEqbKQEKemsD4vVxunB1nxrZiL1VfpsWzZk5yAML4NJCSUDm9kAL6G7N8dCsbvFeyHnGFe1,TP 30% / SL 15%,-0.19697077073373784
ECa6q9uC9LaYYBekJ7ApD2EoKy3VKy7WZv863cg5pqM8,ECa6q9,54N2r6fAK2kotz2YK4rUwnX6avQHqxzDMcYarwcxdQFm,28ktZ33cTToe4RM27JEqbKQEKemsD4vVxunB1nxrZiL1VfpsWzZk5yAML4NJCSUDm9kAL6G7N8dCsbvFeyHnGFe1,TP 50% / SL 25%,-0.287612137681568
ECa6q9uC9LaYYBekJ7ApD2EoKy3VKy7WZv863cg5pqM8,ECa6q9,54N2r6fAK2kotz2YK4rUwnX6avQHqxzDMcYarwcxdQFm,28ktZ33cTToe4RM27JEqbKQEKemsD4vVxunB1nxrZiL1VfpsWzZk5yAML4NJCSUDm9kAL6G7N8dCsbvFeyHnGFe1,TP 100% / SL 30%,-0.287612137681568
ECa6q9uC9LaYYBekJ7ApD2EoKy3VKy7WZv863cg5pqM8,ECa6q9,2nXZXJ5rg16gUe45po2QDqjHgfi8ej4RgRRZdy4WuXn5,5F1ER43LF7HLrpovgLtC4LekFLAxNd87S7AjkJ8cgRDo5Gb4piSUDVzHFvpHuUGTTdkDPeoLM2eM2D9XjxyNNQsa,follow wallet,-0.36995868928378417
ECa6q9uC9LaYYBekJ7ApD2EoKy3VKy7WZv863cg5pqM8,ECa6q9,2nXZXJ5rg16gUe45po2QDqjHgfi8ej4RgRRZdy4WuXn5,5F1ER43LF7HLrpovgLtC4LekFLAxNd87S7AjkJ8cgRDo5Gb4piSUDVzHFvpHuUGTTdkDPeoLM2eM2D9XjxyNNQsa,hold 1 slots,0.08274107823456239
ECa6q9uC9LaYYBekJ7ApD2EoKy3VKy7WZv863cg5pqM8,ECa6q9,2nXZXJ5rg16gUe45po2QDqjHgfi8ej4RgRRZdy4WuXn5,5F1ER43LF7HLrpovgLtC4LekFLAxNd87S7AjkJ8cgRDo5Gb4piSUDVzHFvpHuUGTTdkDPeoLM2eM2D9XjxyNNQsa,hold 3 slots,0.09475324251672673
ECa6q9uC9LaYYBekJ7ApD2EoKy3VKy7WZv863cg5pqM8,ECa6q9,2nXZXJ5rg16gUe45po2QDqjHgfi8ej4RgRRZdy4WuXn5,5F1ER43LF7HLrpovgLtC4LekFLAxNd87S7AjkJ8cgRDo5Gb4piSUDVzHFvpHuUGTTdkDPeoLM2eM2D9XjxyNNQsa,hold 5 slots,-0.03999011940673768
ECa6q9uC9LaYYBekJ7ApD2EoKy3VKy7WZv863cg5pqM8,ECa6q9,2nXZXJ5rg16gUe45po2QDqjHgfi8ej4RgRRZdy4WuXn5,5F1ER43LF7HLrpovgLtC4LekFLAxNd87S7AjkJ8cgRDo5Gb4piSUDVzHFvpHuUGTTdkDPeoLM2eM2D9XjxyNNQsa,hold 12 slots,0.03178347453550899
ECa6q9uC9LaYYBekJ7ApD2EoKy3VKy7WZv863cg5pqM8,ECa6q9,2nXZXJ5rg16gUe45po2QDqjHgfi8ej4RgRRZdy4WuXn5,5F1ER43LF7HLrpovgLtC4LekFLAxNd87S7AjkJ8cgRDo5Gb4piSUDVzHFvpHuUGTTdkDPeoLM2eM2D9XjxyNNQsa,hold 25 slots,0.24248585410859608
ECa6q9uC9LaYYBekJ7ApD2EoKy3VKy7WZv863cg5pqM8,ECa6q9,2nXZXJ5rg16gUe45po2QDqjHgfi8ej4RgRRZdy4WuXn5,5F1ER43LF7HLrpovgLtC4LekFLAxNd87S7AjkJ8cgRDo5Gb4piSUDVzHFvpHuUGTTdkDPeoLM2eM2D9XjxyNNQsa,hold 50 slots,0.04499962451111996
ECa6q9uC9LaYYBekJ7ApD2EoKy3VKy7WZv863cg5pqM8,ECa6q9,2nXZXJ5rg16gUe45po2QDqjHgfi8ej4RgRRZdy4WuXn5,5F1ER43LF7HLrpovgLtC4LekFLAxNd87S7AjkJ8cgRDo5Gb4piSUDVzHFvpHuUGTTdkDPeoLM2eM2D9XjxyNNQsa,hold 75 slots,0.1293370243261609
ECa6q9uC9LaYYBekJ7ApD2EoKy3VKy7WZv863cg5pqM8,ECa6q9,2nXZXJ5rg16gUe45po2QDqjHgfi8ej4RgRRZdy4WuXn5,5F1ER43LF7HLrpovgLtC4LekFLAxNd87S7AjkJ8cgRDo5Gb4piSUDVzHFvpHuUGTTdkDPeoLM2eM2D9XjxyNNQsa,hold 150 slots,-0.12010805017180479
ECa6q9uC9LaYYBekJ7ApD2EoKy3VKy7WZv863cg5pqM8,ECa6q9,2nXZXJ5rg16gUe45po2QDqjHgfi8ej4RgRRZdy4WuXn5,5F1ER43LF7HLrpovgLtC4LekFLAxNd87S7AjkJ8cgRDo5Gb4piSUDVzHFvpHuUGTTdkDPeoLM2eM2D9XjxyNNQsa,TP 10% / SL 10%,0.19548255302433157
ECa6q9uC9LaYYBekJ7ApD2EoKy3VKy7WZv863cg5pqM8,ECa6q9,2nXZXJ5rg16gUe45po2QDqjHgfi8ej4RgRRZdy4WuXn5,5F1ER43LF7HLrpovgLtC4LekFLAxNd87S7AjkJ8cgRDo5Gb4piSUDVzHFvpHuUGTTdkDPeoLM2eM2D9XjxyNNQsa,TP 20% / SL 10%,0.24248585410859608
ECa6q9uC9LaYYBekJ7ApD2EoKy3VKy7WZv863cg5pqM8,ECa6q9,2nXZXJ5rg16gUe45po2QDqjHgfi8ej4RgRRZdy4WuXn5,5F1ER43LF7HLrpovgLtC4LekFLAxNd87S7AjkJ8cgRDo5Gb4piSUDVzHFvpHuUGTTdkDPeoLM2eM2D9XjxyNNQsa,TP 30% / SL 15%,-0.12010805017180479
ECa6q9uC9LaYYBekJ7ApD2EoKy3VKy7WZv863cg5pqM8,ECa6q9,2nXZXJ5rg16gUe45po2QDqjHgfi8ej4RgRRZdy4WuXn5,5F1ER43LF7HLrpovgLtC4LekFLAxNd87S7AjkJ8cgRDo5Gb4piSUDVzHFvpHuUGTTdkDPeoLM2eM2D9XjxyNNQsa,TP 50% / SL 25%,-0.12010805017180479
ECa6q9uC9LaYYBekJ7ApD2EoKy3VKy7WZv863cg5pqM8,ECa6q9,2nXZXJ5rg16gUe45po2QDqjHgfi8ej4RgRRZdy4WuXn5,5F1ER43LF7HLrpovgLtC4LekFLAxNd87S7AjkJ8cgRDo5Gb4piSUDVzHFvpHuUGTTdkDPeoLM2eM2D9XjxyNNQsa,TP 100% / SL 30%,-0.12010805017180479
ECa6q9uC9LaYYBekJ7ApD2EoKy3VKy7WZv863cg5pqM8,ECa6q9,4Wsk4ezKTweuuMgetUBC3PzcoM9TzB8cky1c68vApR96,Az9DVo3oR7B7bVved47rf1Ww4KBAWZ6ygsaAbKcxnbENKBHmmFq2we1D6EEidXp4SUyuPzkR95gx87TusehRGA5,follow wallet,-0.16154671409276797
ECa6q9uC9LaYYBekJ7ApD2EoKy3VKy7WZv863cg5pqM8,ECa6q9,4Wsk4ezKTweuuMgetUBC3PzcoM9TzB8cky1c68vApR96,Az9DVo3oR7B7bVved47rf1Ww4KBAWZ6ygsaAbKcxnbENKBHmmFq2we1D6EEidXp4SUyuPzkR95gx87TusehRGA5,hold 1 slots,-0.048817123993045095
ECa6q9uC9LaYYBekJ7ApD2EoKy3VKy7WZv863cg5pqM8,ECa6q9,4Wsk4ezKTweuuMgetUBC3PzcoM9TzB8cky1c68vApR96,Az9DVo3oR7B7bVved47rf1Ww4KBAWZ6ygsaAbKcxnbENKBHmmFq2we1D6EEidXp4SUyuPzkR95gx87TusehRGA5,hold 3 slots,-0.048817123993045095
ECa6q9uC9LaYYBekJ7ApD2EoKy3VKy7WZv863cg5pqM8,ECa6q9,4Wsk4ezKTweuuMgetUBC3PzcoM9TzB8cky1c68vApR96,Az9DVo3oR7B7bVved47rf1Ww4KBAWZ6ygsaAbKcxnbENKBHmmFq2we1D6EEidXp4SUyuPzkR95gx87TusehRGA5,hold 5 slots,-0.048817123993045095
ECa6q9uC9LaYYBekJ7ApD2EoKy3VKy7WZv863cg5pqM8,ECa6q9,4Wsk4ezKTweuuMgetUBC3PzcoM9TzB8cky1c68vApR96,Az9DVo3oR7B7bVved47rf1Ww4KBAWZ6ygsaAbKcxnbENKBHmmFq2we1D6EEidXp4SUyuPzkR95gx87TusehRGA5,hold 12 slots,-0.048817123993045095
ECa6q9uC9LaYYBekJ7ApD2EoKy3VKy7WZv863cg5pqM8,ECa6q9,4Wsk4ezKTweuuMgetUBC3PzcoM9TzB8cky1c68vApR96,Az9DVo3oR7B7bVved47rf1Ww4KBAWZ6ygsaAbKcxnbENKBHmmFq2we1D6EEidXp4SUyuPzkR95gx87TusehRGA5,hold 25 slots,-0.0637180762896887
ECa6q9uC9LaYYBekJ7ApD2EoKy3VKy7WZv863cg5pqM8,ECa6q9,4Wsk4ezKTweuuMgetUBC3PzcoM9TzB8cky1c68vApR96,Az9DVo3oR7B7bVved47rf1Ww4KBAWZ6ygsaAbKcxnbENKBHmmFq2we1D6EEidXp4SUyuPzkR95gx87TusehRGA5,hold 50 slots,-0.0831508273103192
ECa6q9uC9LaYYBekJ7ApD2EoKy3VKy7WZv863cg5pqM8,ECa6q9,4Wsk4ezKTweuuMgetUBC3PzcoM9TzB8cky1c68vApR96,Az9DVo3oR7B7bVved47rf1Ww4KBAWZ6ygsaAbKcxnbENKBHmmFq2we1D6EEidXp4SUyuPzkR95gx87TusehRGA5,hold 75 slots,-0.10766710925199163
ECa6q9uC9LaYYBekJ7ApD2EoKy3VKy7WZv863cg5pqM8,ECa6q9,4Wsk4ezKTweuuMgetUBC3PzcoM9TzB8cky1c68vApR96,Az9DVo3oR7B7bVved47rf1Ww4KBAWZ6ygsaAbKcxnbENKBHmmFq2we1D6EEidXp4SUyuPzkR95gx87TusehRGA5,hold 150 slots,-0.10124573912070561
ECa6q9uC9LaYYBekJ7ApD2EoKy3VKy7WZv863cg5pqM8,ECa6q9,4Wsk4ezKTweuuMgetUBC3PzcoM9TzB8cky1c68vApR96,Az9DVo3oR7B7bVved47rf1Ww4KBAWZ6ygsaAbKcxnbENKBHmmFq2we1D6EEidXp4SUyuPzkR95gx87TusehRGA5,TP 10% / SL 10%,-0.10766710925199163
ECa6q9uC9LaYYBekJ7ApD2EoKy3VKy7WZv863cg5pqM8,ECa6q9,4Wsk4ezKTweuuMgetUBC3PzcoM9TzB8cky1c68vApR96,Az9DVo3oR7B7bVved47rf1Ww4KBAWZ6ygsaAbKcxnbENKBHmmFq2we1D6EEidXp4SUyuPzkR95gx87TusehRGA5,TP 20% / SL 10%,-0.10766710925199163
ECa6q9uC9LaYYBekJ7ApD2EoKy3VKy7WZv863cg5pqM8,ECa6q9,4Wsk4ezKTweuuMgetUBC3PzcoM9TzB8cky1c68vApR96,Az9DVo3oR7B7bVved47rf1Ww4KBAWZ6ygsaAbKcxnbENKBHmmFq2we1D6EEidXp4SUyuPzkR95gx87TusehRGA5,TP 30% / SL 15%,-0.10124573912070561
ECa6q9uC9LaYYBekJ7ApD2EoKy3VKy7WZv863cg5pqM8,ECa6q9,4Wsk4ezKTweuuMgetUBC3PzcoM9TzB8cky1c68vApR96,Az9DVo3oR7B7bVved47rf1Ww4KBAWZ6ygsaAbKcxnbENKBHmmFq2we1D6EEidXp4SUyuPzkR95gx87TusehRGA5,TP 50% / SL 25%,-0.10124573912070561
ECa6q9uC9LaYYBekJ7ApD2EoKy3VKy7WZv863cg5pqM8,ECa6q9,4Wsk4ezKTweuuMgetUBC3PzcoM9TzB8cky1c68vApR96,Az9DVo3oR7B7bVved47rf1Ww4KBAWZ6ygsaAbKcxnbENKBHmmFq2we1D6EEidXp4SUyuPzkR95gx87TusehRGA5,TP 100% / SL 30%,-0.10124573912070561
ECa6q9uC9LaYYBekJ7ApD2EoKy3VKy7WZv863cg5pqM8,ECa6q9,5Q8D4128ZqRiXb8ivCKMVtWaLpC23cssosiTNQVeGgQM,2dg8vS1cfkf8RPMxQMzyLvkuz3QykwaDJgs2h5D3q3SNywfYHv2nt2LzSiyY1hGHFucaZQ6mXgeAYDD1KGos3Rb2,follow wallet,-0.19101860832610168
ECa6q9uC9LaYYBekJ7ApD2EoKy3VKy7WZv863cg5pqM8,ECa6q9,5Q8D4128ZqRiXb8ivCKMVtWaLpC23cssosiTNQVeGgQM,2dg8vS1cfkf8RPMxQMzyLvkuz3QykwaDJgs2h5D3q3SNywfYHv2nt2LzSiyY1hGHFucaZQ6mXgeAYDD1KGos3Rb2,hold 1 slots,-0.04938126544853401
ECa6q9uC9LaYYBekJ7ApD2EoKy3VKy7WZv863cg5pqM8,ECa6q9,5Q8D4128ZqRiXb8ivCKMVtWaLpC23cssosiTNQVeGgQM,2dg8vS1cfkf8RPMxQMzyLvkuz3QykwaDJgs2h5D3q3SNywfYHv2nt2LzSiyY1hGHFucaZQ6mXgeAYDD1KGos3Rb2,hold 3 slots,-0.04938126544853401
ECa6q9uC9LaYYBekJ7ApD2EoKy3VKy7WZv863cg5pqM8,ECa6q9,5Q8D4128ZqRiXb8ivCKMVtWaLpC23cssosiTNQVeGgQM,2dg8vS1cfkf8RPMxQMzyLvkuz3QykwaDJgs2h5D3q3SNywfYHv2nt2LzSiyY1hGHFucaZQ6mXgeAYDD1KGos3Rb2,hold 5 slots,-0.04938126544853401
ECa6q9uC9LaYYBekJ7ApD2EoKy3VKy7WZv863cg5pqM8,ECa6q9,5Q8D4128ZqRiXb8ivCKMVtWaLpC23cssosiTNQVeGgQM,2dg8vS1cfkf8RPMxQMzyLvkuz3QykwaDJgs2h5D3q3SNywfYHv2nt2LzSiyY1hGHFucaZQ6mXgeAYDD1KGos3Rb2,hold 12 slots,-0.04938126544853401
ECa6q9uC9LaYYBekJ7ApD2EoKy3VKy7WZv863cg5pqM8,ECa6q9,5Q8D4128ZqRiXb8ivCKMVtWaLpC23cssosiTNQVeGgQM,2dg8vS1cfkf8RPMxQMzyLvkuz3QykwaDJgs2h5D3q3SNywfYHv2nt2LzSiyY1hGHFucaZQ6mXgeAYDD1KGos3Rb2,hold 25 slots,-0.04938126544853401
ECa6q9uC9LaYYBekJ7ApD2EoKy3VKy7WZv863cg5pqM8,ECa6q9,5Q8D4128ZqRiXb8ivCKMVtWaLpC23cssosiTNQVeGgQM,2dg8vS1cfkf8RPMxQMzyLvkuz3QykwaDJgs2h5D3q3SNywfYHv2nt2LzSiyY1hGHFucaZQ6mXgeAYDD1KGos3Rb2,hold 50 slots,-0.04938126544853401
ECa6q9uC9LaYYBekJ7ApD2EoKy3VKy7WZv863cg5pqM8,ECa6q9,5Q8D4128ZqRiXb8ivCKMVtWaLpC23cssosiTNQVeGgQM,2dg8vS1cfkf8RPMxQMzyLvkuz3QykwaDJgs2h5D3q3SNywfYHv2nt2LzSiyY1hGHFucaZQ6mXgeAYDD1KGos3Rb2,hold 75 slots,-0.05806860747350705
ECa6q9uC9LaYYBekJ7ApD2EoKy3VKy7WZv863cg5pqM8,ECa6q9,5Q8D4128ZqRiXb8ivCKMVtWaLpC23cssosiTNQVeGgQM,2dg8vS1cfkf8RPMxQMzyLvkuz3QykwaDJgs2h5D3q3SNywfYHv2nt2LzSiyY1hGHFucaZQ6mXgeAYDD1KGos3Rb2,hold 150 slots,-0.056366918395703194
ECa6q9uC9LaYYBekJ7ApD2EoKy3VKy7WZv863cg5pqM8,ECa6q9,5Q8D4128ZqRiXb8ivCKMVtWaLpC23cssosiTNQVeGgQM,2dg8vS1cfkf8RPMxQMzyLvkuz3QykwaDJgs2h5D3q3SNywfYHv2nt2LzSiyY1hGHFucaZQ6mXgeAYDD1KGos3Rb2,TP 10% / SL 10%,-0.056366918395703194
ECa6q9uC9LaYYBekJ7ApD2EoKy3VKy7WZv863cg5pqM8,ECa6q9,5Q8D4128ZqRiXb8ivCKMVtWaLpC23cssosiTNQVeGgQM,2dg8vS1cfkf8RPMxQMzyLvkuz3QykwaDJgs2h5D3q3SNywfYHv2nt2LzSiyY1hGHFucaZQ6mXgeAYDD1KGos3Rb2,TP 20% / SL 10%,-0.056366918395703194
ECa6q9uC9LaYYBekJ7ApD2EoKy3VKy7WZv863cg5pqM8,ECa6q9,5Q8D4128ZqRiXb8ivCKMVtWaLpC23cssosiTNQVeGgQM,2dg8vS1cfkf8RPMxQMzyLvkuz3QykwaDJgs2h5D3q3SNywfYHv2nt2LzSiyY1hGHFucaZQ6mXgeAYDD1KGos3Rb2,TP 30% / SL 15%,-0.056366918395703194
ECa6q9uC9LaYYBekJ7ApD2EoKy3VKy7WZv863cg5pqM8,ECa6q9,5Q8D4128ZqRiXb8ivCKMVtWaLpC23cssosiTNQVeGgQM,2dg8vS1cfkf8RPMxQMzyLvkuz3QykwaDJgs2h5D3q3SNywfYHv2nt2LzSiyY1hGHFucaZQ6mXgeAYDD1KGos3Rb2,TP 50% / SL 25%,-0.056366918395703194
ECa6q9uC9LaYYBekJ7ApD2EoKy3VKy7WZv863cg5pqM8,ECa6q9,5Q8D4128ZqRiXb8ivCKMVtWaLpC23cssosiTNQVeGgQM,2dg8vS1cfkf8RPMxQMzyLvkuz3QykwaDJgs2h5D3q3SNywfYHv2nt2LzSiyY1hGHFucaZQ6mXgeAYDD1KGos3Rb2,TP 100% / SL 30%,-0.056366918395703194
4ESzFZUWUdr2GsgHBVeQKuzAmBWS5sRSaXw6PZH2EAau,4ESzFZ,7k4C1vwiRe7W7g7w15n6Cwk7jyYBrk3ZR2b4kkjzpump,5mMugZ1EKoHNkVHULSFRZ8iMtFbhxkaq1jrZvdUQNjDZ7dBgfPQNnqBrG9Ef3huTtbBm2nPaX8E44qd8e2dZbitX,follow wallet,0.26276638038890815
4ESzFZUWUdr2GsgHBVeQKuzAmBWS5sRSaXw6PZH2EAau,4ESzFZ,7k4C1vwiRe7W7g7w15n6Cwk7jyYBrk3ZR2b4kkjzpump,5mMugZ1EKoHNkVHULSFRZ8iMtFbhxkaq1jrZvdUQNjDZ7dBgfPQNnqBrG9Ef3huTtbBm2nPaX8E44qd8e2dZbitX,hold 1 slots,-0.057937626975348475
4ESzFZUWUdr2GsgHBVeQKuzAmBWS5sRSaXw6PZH2EAau,4ESzFZ,7k4C1vwiRe7W7g7w15n6Cwk7jyYBrk3ZR2b4kkjzpump,5mMugZ1EKoHNkVHULSFRZ8iMtFbhxkaq1jrZvdUQNjDZ7dBgfPQNnqBrG9Ef3huTtbBm2nPaX8E44qd8e2dZbitX,hold 3 slots,-0.057937626975348475
4ESzFZUWUdr2GsgHBVeQKuzAmBWS5sRSaXw6PZH2EAau,4ESzFZ,7k4C1vwiRe7W7g7w15n6Cwk7jyYBrk3ZR2b4kkjzpump,5mMugZ1EKoHNkVHULSFRZ8iMtFbhxkaq1jrZvdUQNjDZ7dBgfPQNnqBrG9Ef3huTtbBm2nPaX8E44qd8e2dZbitX,hold 5 slots,-0.057937626975348475
4ESzFZUWUdr2GsgHBVeQKuzAmBWS5sRSaXw6PZH2EAau,4ESzFZ,7k4C1vwiRe7W7g7w15n6Cwk7jyYBrk3ZR2b4kkjzpump,5mMugZ1EKoHNkVHULSFRZ8iMtFbhxkaq1jrZvdUQNjDZ7dBgfPQNnqBrG9Ef3huTtbBm2nPaX8E44qd8e2dZbitX,hold 12 slots,-0.057937626975348475
4ESzFZUWUdr2GsgHBVeQKuzAmBWS5sRSaXw6PZH2EAau,4ESzFZ,7k4C1vwiRe7W7g7w15n6Cwk7jyYBrk3ZR2b4kkjzpump,5mMugZ1EKoHNkVHULSFRZ8iMtFbhxkaq1jrZvdUQNjDZ7dBgfPQNnqBrG9Ef3huTtbBm2nPaX8E44qd8e2dZbitX,hold 25 slots,-0.14245279853004705
4ESzFZUWUdr2GsgHBVeQKuzAmBWS5sRSaXw6PZH2EAau,4ESzFZ,7k4C1vwiRe7W7g7w15n6Cwk7jyYBrk3ZR2b4kkjzpump,5mMugZ1EKoHNkVHULSFRZ8iMtFbhxkaq1jrZvdUQNjDZ7dBgfPQNnqBrG9Ef3huTtbBm2nPaX8E44qd8e2dZbitX,hold 50 slots,-0.1438143355117768
4ESzFZUWUdr2GsgHBVeQKuzAmBWS5sRSaXw6PZH2EAau,4ESzFZ,7k4C1vwiRe7W7g7w15n6Cwk7jyYBrk3ZR2b4kkjzpump,5mMugZ1EKoHNkVHULSFRZ8iMtFbhxkaq1jrZvdUQNjDZ7dBgfPQNnqBrG9Ef3huTtbBm2nPaX8E44qd8e2dZbitX,hold 75 slots,-0.14632219567434085
4ESzFZUWUdr2GsgHBVeQKuzAmBWS5sRSaXw6PZH2EAau,4ESzFZ,7k4C1vwiRe7W7g7w15n6Cwk7jyYBrk3ZR2b4kkjzpump,5mMugZ1EKoHNkVHULSFRZ8iMtFbhxkaq1jrZvdUQNjDZ7dBgfPQNnqBrG9Ef3huTtbBm2nPaX8E44qd8e2dZbitX,hold 150 slots,0.15391913314501332
4ESzFZUWUdr2GsgHBVeQKuzAmBWS5sRSaXw6PZH2EAau,4ESzFZ,7k4C1vwiRe7W7g7w15n6Cwk7jyYBrk3ZR2b4kkjzpump,5mMugZ1EKoHNkVHULSFRZ8iMtFbhxkaq1jrZvdUQNjDZ7dBgfPQNnqBrG9Ef3huTtbBm2nPaX8E44qd8e2dZbitX,TP 10% / SL 10%,-0.14245279853004705
4ESzFZUWUdr2GsgHBVeQKuzAmBWS5sRSaXw6PZH2EAau,4ESzFZ,7k4C1vwiRe7W7g7w15n6Cwk7jyYBrk3ZR2b4kkjzpump,5mMugZ1EKoHNkVHULSFRZ8iMtFbhxkaq1jrZvdUQNjDZ7dBgfPQNnqBrG9Ef3huTtbBm2nPaX8E44qd8e2dZbitX,TP 20% / SL 10%,-0.14245279853004705
4ESzFZUWUdr2GsgHBVeQKuzAmBWS5sRSaXw6PZH2EAau,4ESzFZ,7k4C1vwiRe7W7g7w15n6Cwk7jyYBrk3ZR2b4kkjzpump,5mMugZ1EKoHNkVHULSFRZ8iMtFbhxkaq1jrZvdUQNjDZ7dBgfPQNnqBrG9Ef3huTtbBm2nPaX8E44qd8e2dZbitX,TP 30% / SL 15%,0.15391913314501332
4ESzFZUWUdr2GsgHBVeQKuzAmBWS5sRSaXw6PZH2EAau,4ESzFZ,7k4C1vwiRe7W7g7w15n6Cwk7jyYBrk3ZR2b4kkjzpump,5mMugZ1EKoHNkVHULSFRZ8iMtFbhxkaq1jrZvdUQNjDZ7dBgfPQNnqBrG9Ef3huTtbBm2nPaX8E44qd8e2dZbitX,TP 50% / SL 25%,0.15391913314501332
4ESzFZUWUdr2GsgHBVeQKuzAmBWS5sRSaXw6PZH2EAau,4ESzFZ,7k4C1vwiRe7W7g7w15n6Cwk7jyYBrk3ZR2b4kkjzpump,5mMugZ1EKoHNkVHULSFRZ8iMtFbhxkaq1jrZvdUQNjDZ7dBgfPQNnqBrG9Ef3huTtbBm2nPaX8E44qd8e2dZbitX,TP 100% / SL 30%,0.15391913314501332
4ESzFZUWUdr2GsgHBVeQKuzAmBWS5sRSaXw6PZH2EAau,4ESzFZ,DRRyYvhHGEZDbmXgt5KpTqZtNbVYTqVrso2Nx6fENdfD,5UvRsU1KU6DGKyjYqemVRc5BVc9gwugfc1Ha7dtXfdVtQcjsG6bLQ6prt7u6641iJkEKkg3uPhMGiSJ3Am61STfu,follow wallet,-0.13813170298406197
4ESzFZUWUdr2GsgHBVeQKuzAmBWS5sRSaXw6PZH2EAau,4ESzFZ,DRRyYvhHGEZDbmXgt5KpTqZtNbVYTqVrso2Nx6fENdfD,5UvRsU1KU6DGKyjYqemVRc5BVc9gwugfc1Ha7dtXfdVtQcjsG6bLQ6prt7u6641iJkEKkg3uPhMGiSJ3Am61STfu,hold 1 slots,0.01273648663520384
4ESzFZUWUdr2GsgHBVeQKuzAmBWS5sRSaXw6PZH2EAau,4ESzFZ,DRRyYvhHGEZDbmXgt5KpTqZtNbVYTqVrso2Nx6fENdfD,5UvRsU1KU6DGKyjYqemVRc5BVc9gwugfc1Ha7dtXfdVtQcjsG6bLQ6prt7u6641iJkEKkg3uPhMGiSJ3Am61STfu,hold 3 slots,-0.023034527970059275
4ESzFZUWUdr2GsgHBVeQKuzAmBWS5sRSaXw6PZH2EAau,4ESzFZ,DRRyYvhHGEZDbmXgt5KpTqZtNbVYTqVrso2Nx6fENdfD,5UvRsU1KU6DGKyjYqemVRc5BVc9gwugfc1Ha7dtXfdVtQcjsG6bLQ6prt7u6641iJkEKkg3uPhMGiSJ3Am61STfu,hold 5 slots,0.01524485467158258
4ESzFZUWUdr2GsgHBVeQKuzAmBWS5sRSaXw6PZH2EAau,4ESzFZ,DRRyYvhHGEZDbmXgt5KpTqZtNbVYTqVrso2Nx6fENdfD,5UvRsU1KU6DGKyjYqemVRc5BVc9gwugfc1Ha7dtXfdVtQcjsG6bLQ6prt7u6641iJkEKkg3uPhMGiSJ3Am61STfu,hold 12 slots,-0.16793596031243896
4ESzFZUWUdr2GsgHBVeQKuzAmBWS5sRSaXw6PZH2EAau,4ESzFZ,DRRyYvhHGEZDbmXgt5KpTqZtNbVYTqVrso2Nx6fENdfD,5UvRsU1KU6DGKyjYqemVRc5BVc9gwugfc1Ha7dtXfdVtQcjsG6bLQ6prt7u6641iJkEKkg3uPhMGiSJ3Am61STfu,hold 25 slots,-0.16640135453628363
4ESzFZUWUdr2GsgHBVeQKuzAmBWS5sRSaXw6PZH2EAau,4ESzFZ,DRRyYvhHGEZDbmXgt5KpTqZtNbVYTqVrso2Nx6fENdfD,5UvRsU1KU6DGKyjYqemVRc5BVc9gwugfc1Ha7dtXfdVtQcjsG6bLQ6prt7u6641iJkEKkg3uPhMGiSJ3Am61STfu,hold 50 slots,-0.16789671996418096
4ESzFZUWUdr2GsgHBVeQKuzAmBWS5sRSaXw6PZH2EAau,4ESzFZ,DRRyYvhHGEZDbmXgt5KpTqZtNbVYTqVrso2Nx6fENdfD,5UvRsU1KU6DGKyjYqemVRc5BVc9gwugfc1Ha7dtXfdVtQcjsG6bLQ6prt7u6641iJkEKkg3uPhMGiSJ3Am61STfu,hold 75 slots,-0.2146980635036725
4ESzFZUWUdr2GsgHBVeQKuzAmBWS5sRSaXw6PZH2EAau,4ESzFZ,DRRyYvhHGEZDbmXgt5KpTqZtNbVYTqVrso2Nx6fENdfD,5UvRsU1KU6DGKyjYqemVRc5BVc9gwugfc1Ha7dtXfdVtQcjsG6bLQ6prt7u6641iJkEKkg3uPhMGiSJ3Am61STfu,hold 150 slots,-0.32023142067503296
4ESzFZUWUdr2GsgHBVeQKuzAmBWS5sRSaXw6PZH2EAau,4ESzFZ,DRRyYvhHGEZDbmXgt5KpTqZtNbVYTqVrso2Nx6fENdfD,5UvRsU1KU6DGKyjYqemVRc5BVc9gwugfc1Ha7dtXfdVtQcjsG6bLQ6prt7u6641iJkEKkg3uPhMGiSJ3Am61STfu,TP 10% / SL 10%,-0.13813170298406197
4ESzFZUWUdr2GsgHBVeQKuzAmBWS5sRSaXw6PZH2EAau,4ESzFZ,DRRyYvhHGEZDbmXgt5KpTqZtNbVYTqVrso2Nx6fENdfD,5UvRsU1KU6DGKyjYqemVRc5BVc9gwugfc1Ha7dtXfdVtQcjsG6bLQ6prt7u6641iJkEKkg3uPhMGiSJ3Am61STfu,TP 20% / SL 10%,-0.13813170298406197
4ESzFZUWUdr2GsgHBVeQKuzAmBWS5sRSaXw6PZH2EAau,4ESzFZ,DRRyYvhHGEZDbmXgt5KpTqZtNbVYTqVrso2Nx6fENdfD,5UvRsU1KU6DGKyjYqemVRc5BVc9gwugfc1Ha7dtXfdVtQcjsG6bLQ6prt7u6641iJkEKkg3uPhMGiSJ3Am61STfu,TP 30% / SL 15%,-0.16793596031243896
4ESzFZUWUdr2GsgHBVeQKuzAmBWS5sRSaXw6PZH2EAau,4ESzFZ,DRRyYvhHGEZDbmXgt5KpTqZtNbVYTqVrso2Nx6fENdfD,5UvRsU1KU6DGKyjYqemVRc5BVc9gwugfc1Ha7dtXfdVtQcjsG6bLQ6prt7u6641iJkEKkg3uPhMGiSJ3Am61STfu,TP 50% / SL 25%,-0.32023142067503296
4ESzFZUWUdr2GsgHBVeQKuzAmBWS5sRSaXw6PZH2EAau,4ESzFZ,DRRyYvhHGEZDbmXgt5KpTqZtNbVYTqVrso2Nx6fENdfD,5UvRsU1KU6DGKyjYqemVRc5BVc9gwugfc1Ha7dtXfdVtQcjsG6bLQ6prt7u6641iJkEKkg3uPhMGiSJ3Am61STfu,TP 100% / SL 30%,-0.32023142067503296
4ESzFZUWUdr2GsgHBVeQKuzAmBWS5sRSaXw6PZH2EAau,4ESzFZ,GMHSWkhaGyEcB9nBfW5gHZ3Weoq5i1EZJhiEiB66HBud,2tqkdzRHEpuQuHq66oGRnz8KEfkfK5g8Z7Vfzrq8WJrwcYScKSsmd2WGjWqpVPzyF3KcbMP2TyekfrsYx4mWW6Yt,follow wallet,-0.14912298683332767
4ESzFZUWUdr2GsgHBVeQKuzAmBWS5sRSaXw6PZH2EAau,4ESzFZ,GMHSWkhaGyEcB9nBfW5gHZ3Weoq5i1EZJhiEiB66HBud,2tqkdzRHEpuQuHq66oGRnz8KEfkfK5g8Z7Vfzrq8WJrwcYScKSsmd2WGjWqpVPzyF3KcbMP2TyekfrsYx4mWW6Yt,hold 1 slots,0.004628109060504794
4ESzFZUWUdr2GsgHBVeQKuzAmBWS5sRSaXw6PZH2EAau,4ESzFZ,GMHSWkhaGyEcB9nBfW5gHZ3Weoq5i1EZJhiEiB66HBud,2tqkdzRHEpuQuHq66oGRnz8KEfkfK5g8Z7Vfzrq8WJrwcYScKSsmd2WGjWqpVPzyF3KcbMP2TyekfrsYx4mWW6Yt,hold 3 slots,0.004628109060504794
4ESzFZUWUdr2GsgHBVeQKuzAmBWS5sRSaXw6PZH2EAau,4ESzFZ,GMHSWkhaGyEcB9nBfW5gHZ3Weoq5i1EZJhiEiB66HBud,2tqkdzRHEpuQuHq66oGRnz8KEfkfK5g8Z7Vfzrq8WJrwcYScKSsmd2WGjWqpVPzyF3KcbMP2TyekfrsYx4mWW6Yt,hold 5 slots,-0.022730551035617115
4ESzFZUWUdr2GsgHBVeQKuzAmBWS5sRSaXw6PZH2EAau,4ESzFZ,GMHSWkhaGyEcB9nBfW5gHZ3Weoq5i1EZJhiEiB66HBud,2tqkdzRHEpuQuHq66oGRnz8KEfkfK5g8Z7Vfzrq8WJrwcYScKSsmd2WGjWqpVPzyF3KcbMP2TyekfrsYx4mWW6Yt,hold 12 slots,-0.10325166174320613
4ESzFZUWUdr2GsgHBVeQKuzAmBWS5sRSaXw6PZH2EAau,4ESzFZ,GMHSWkhaGyEcB9nBfW5gHZ3Weoq5i1EZJhiEiB66HBud,2tqkdzRHEpuQuHq66oGRnz8KEfkfK5g8Z7Vfzrq8WJrwcYScKSsmd2WGjWqpVPzyF3KcbMP2TyekfrsYx4mWW6Yt,hold 25 slots,-0.16179167260612118
4ESzFZUWUdr2GsgHBVeQKuzAmBWS5sRSaXw6PZH2EAau,4ESzFZ,GMHSWkhaGyEcB9nBfW5gHZ3Weoq5i1EZJhiEiB66HBud,2tqkdzRHEpuQuHq66oGRnz8KEfkfK5g8Z7Vfzrq8WJrwcYScKSsmd2WGjWqpVPzyF3KcbMP2TyekfrsYx4mWW6Yt,hold 50 slots,-0.1388878120341071
4ESzFZUWUdr2GsgHBVeQKuzAmBWS5sRSaXw6PZH2EAau,4ESzFZ,GMHSWkhaGyEcB9nBfW5gHZ3Weoq5i1EZJhiEiB66HBud,2tqkdzRHEpuQuHq66oGRnz8KEfkfK5g8Z7Vfzrq8WJrwcYScKSsmd2WGjWqpVPzyF3KcbMP2TyekfrsYx4mWW6Yt,hold 75 slots,-0.19587713718713748
4ESzFZUWUdr2GsgHBVeQKuzAmBWS5sRSaXw6PZH2EAau,4ESzFZ,GMHSWkhaGyEcB9nBfW5gHZ3Weoq5i1EZJhiEiB66HBud,2tqkdzRHEpuQuHq66oGRnz8KEfkfK5g8Z7Vfzrq8WJrwcYScKSsmd2WGjWqpVPzyF3KcbMP2TyekfrsYx4mWW6Yt,hold 150 slots,-0.014919300150888087
4ESzFZUWUdr2GsgHBVeQKuzAmBWS5sRSaXw6PZH2EAau,4ESzFZ,GMHSWkhaGyEcB9nBfW5gHZ3Weoq5i1EZJhiEiB66HBud,2tqkdzRHEpuQuHq66oGRnz8KEfkfK5g8Z7Vfzrq8WJrwcYScKSsmd2WGjWqpVPzyF3KcbMP2TyekfrsYx4mWW6Yt,TP 10% / SL 10%,-0.10325166174320613
4ESzFZUWUdr2GsgHBVeQKuzAmBWS5sRSaXw6PZH2EAau,4ESzFZ,GMHSWkhaGyEcB9nBfW5gHZ3Weoq5i1EZJhiEiB66HBud,2tqkdzRHEpuQuHq66oGRnz8KEfkfK5g8Z7Vfzrq8WJrwcYScKSsmd2WGjWqpVPzyF3KcbMP2TyekfrsYx4mWW6Yt,TP 20% / SL 10%,-0.10325166174320613
4ESzFZUWUdr2GsgHBVeQKuzAmBWS5sRSaXw6PZH2EAau,4ESzFZ,GMHSWkhaGyEcB9nBfW5gHZ3Weoq5i1EZJhiEiB66HBud,2tqkdzRHEpuQuHq66oGRnz8KEfkfK5g8Z7Vfzrq8WJrwcYScKSsmd2WGjWqpVPzyF3KcbMP2TyekfrsYx4mWW6Yt,TP 30% / SL 15%,-0.16179167260612118
4ESzFZUWUdr2GsgHBVeQKuzAmBWS5sRSaXw6PZH2EAau,4ESzFZ,GMHSWkhaGyEcB9nBfW5gHZ3Weoq5i1EZJhiEiB66HBud,2tqkdzRHEpuQuHq66oGRnz8KEfkfK5g8Z7Vfzrq8WJrwcYScKSsmd2WGjWqpVPzyF3KcbMP2TyekfrsYx4mWW6Yt,TP 50% / SL 25%,-0.2535324988002734
4ESzFZUWUdr2GsgHBVeQKuzAmBWS5sRSaXw6PZH2EAau,4ESzFZ,GMHSWkhaGyEcB9nBfW5gHZ3Weoq5i1EZJhiEiB66HBud,2tqkdzRHEpuQuHq66oGRnz8KEfkfK5g8Z7Vfzrq8WJrwcYScKSsmd2WGjWqpVPzyF3KcbMP2TyekfrsYx4mWW6Yt,TP 100% / SL 30%,-0.014919300150888087
4ESzFZUWUdr2GsgHBVeQKuzAmBWS5sRSaXw6PZH2EAau,4ESzFZ,jtBSLhZMoNt57ERJd7JCWjapnqEi5b5bFSkks1Wpump,4MXVk43YwazKVSDDmKfXyqFsC5DzZgZtEUL7oiE9jfSy3NbXg4r2JoEBy6JoTNhFtBVcSRauk5EMqATt3wakGWDU,follow wallet,-0.08720588797229314
4ESzFZUWUdr2GsgHBVeQKuzAmBWS5sRSaXw6PZH2EAau,4ESzFZ,jtBSLhZMoNt57ERJd7JCWjapnqEi5b5bFSkks1Wpump,4MXVk43YwazKVSDDmKfXyqFsC5DzZgZtEUL7oiE9jfSy3NbXg4r2JoEBy6JoTNhFtBVcSRauk5EMqATt3wakGWDU,hold 1 slots,-0.05465866989189637
4ESzFZUWUdr2GsgHBVeQKuzAmBWS5sRSaXw6PZH2EAau,4ESzFZ,jtBSLhZMoNt57ERJd7JCWjapnqEi5b5bFSkks1Wpump,4MXVk43YwazKVSDDmKfXyqFsC5DzZgZtEUL7oiE9jfSy3NbXg4r2JoEBy6JoTNhFtBVcSRauk5EMqATt3wakGWDU,hold 3 slots,-0.06893808086633063
4ESzFZUWUdr2GsgHBVeQKuzAmBWS5sRSaXw6PZH2EAau,4ESzFZ,jtBSLhZMoNt57ERJd7JCWjapnqEi5b5bFSkks1Wpump,4MXVk43YwazKVSDDmKfXyqFsC5DzZgZtEUL7oiE9jfSy3NbXg4r2JoEBy6JoTNhFtBVcSRauk5EMqATt3wakGWDU,hold 5 slots,-0.13870915739818968
4ESzFZUWUdr2GsgHBVeQKuzAmBWS5sRSaXw6PZH2EAau,4ESzFZ,jtBSLhZMoNt57ERJd7JCWjapnqEi5b5bFSkks1Wpump,4MXVk43YwazKVSDDmKfXyqFsC5DzZgZtEUL7oiE9jfSy3NbXg4r2JoEBy6JoTNhFtBVcSRauk5EMqATt3wakGWDU,hold 12 slots,-0.1394973929190711
4ESzFZUWUdr2GsgHBVeQKuzAmBWS5sRSaXw6PZH2EAau,4ESzFZ,jtBSLhZMoNt57ERJd7JCWjapnqEi5b5bFSkks1Wpump,4MXVk43YwazKVSDDmKfXyqFsC5DzZgZtEUL7oiE9jfSy3NbXg4r2JoEBy6JoTNhFtBVcSRauk5EMqATt3wakGWDU,hold 25 slots,-0.13036298679585814
4ESzFZUWUdr2GsgHBVeQKuzAmBWS5sRSaXw6PZH2EAau,4ESzFZ,jtBSLhZMoNt57ERJd7JCWjapnqEi5b5bFSkks1Wpump,4MXVk43YwazKVSDDmKfXyqFsC5DzZgZtEUL7oiE9jfSy3NbXg4r2JoEBy6JoTNhFtBVcSRauk5EMqATt3wakGWDU,hold 50 slots,-0.11473741540202034
4ESzFZUWUdr2GsgHBVeQKuzAmBWS5sRSaXw6PZH2EAau,4ESzFZ,jtBSLhZMoNt57ERJd7JCWjapnqEi5b5bFSkks1Wpump,4MXVk43YwazKVSDDmKfXyqFsC5DzZgZtEUL7oiE9jfSy3NbXg4r2JoEBy6JoTNhFtBVcSRauk5EMqATt3wakGWDU,hold 75 slots,0.041500470952880265
4ESzFZUWUdr2GsgHBVeQKuzAmBWS5sRSaXw6PZH2EAau,4ESzFZ,jtBSLhZMoNt57ERJd7JCWjapnqEi5b5bFSkks1Wpump,4MXVk43YwazKVSDDmKfXyqFsC5DzZgZtEUL7oiE9jfSy3NbXg4r2JoEBy6JoTNhFtBVcSRauk5EMqATt3wakGWDU,hold 150 slots,-0.14570470517399658
4ESzFZUWUdr2GsgHBVeQKuzAmBWS5sRSaXw6PZH2EAau,4ESzFZ,jtBSLhZMoNt57ERJd7JCWjapnqEi5b5bFSkks1Wpump,4MXVk43YwazKVSDDmKfXyqFsC5DzZgZtEUL7oiE9jfSy3NbXg4r2JoEBy6JoTNhFtBVcSRauk5EMqATt3wakGWDU,TP 10% / SL 10%,-0.13870915739818968
4ESzFZUWUdr2GsgHBVeQKuzAmBWS5sRSaXw6PZH2EAau,4ESzFZ,jtBSLhZMoNt57ERJd7JCWjapnqEi5b5bFSkks1Wpump,4MXVk43YwazKVSDDmKfXyqFsC5DzZgZtEUL7oiE9jfSy3NbXg4r2JoEBy6JoTNhFtBVcSRauk5EMqATt3wakGWDU,TP 20% / SL 10%,-0.13870915739818968
4ESzFZUWUdr2GsgHBVeQKuzAmBWS5sRSaXw6PZH2EAau,4ESzFZ,jtBSLhZMoNt57ERJd7JCWjapnqEi5b5bFSkks1Wpump,4MXVk43YwazKVSDDmKfXyqFsC5DzZgZtEUL7oiE9jfSy3NbXg4r2JoEBy6JoTNhFtBVcSRauk5EMqATt3wakGWDU,TP 30% / SL 15%,-0.14570470517399658
4ESzFZUWUdr2GsgHBVeQKuzAmBWS5sRSaXw6PZH2EAau,4ESzFZ,jtBSLhZMoNt57ERJd7JCWjapnqEi5b5bFSkks1Wpump,4MXVk43YwazKVSDDmKfXyqFsC5DzZgZtEUL7oiE9jfSy3NbXg4r2JoEBy6JoTNhFtBVcSRauk5EMqATt3wakGWDU,TP 50% / SL 25%,-0.14570470517399658
4ESzFZUWUdr2GsgHBVeQKuzAmBWS5sRSaXw6PZH2EAau,4ESzFZ,jtBSLhZMoNt57ERJd7JCWjapnqEi5b5bFSkks1Wpump,4MXVk43YwazKVSDDmKfXyqFsC5DzZgZtEUL7oiE9jfSy3NbXg4r2JoEBy6JoTNhFtBVcSRauk5EMqATt3wakGWDU,TP 100% / SL 30%,-0.14570470517399658
LeenseyyUU3ccdBPCFCrrZ8oKU2B3T2uToGGZ7eVABY,Leense,BnZAwJFKvPrmWuW1HTxnrRJQxzBuwyTFeETp7MYPVxHh,5X7KGWSiyPsBUPPu1Vgx18zJkviG1fQ4pff76RYyE8qvuH1Dk13uzhUsDi8JW4vcLrkRvoK1TkKFMhKmaMXEGzWD,follow wallet,-0.25921137007912076
LeenseyyUU3ccdBPCFCrrZ8oKU2B3T2uToGGZ7eVABY,Leense,BnZAwJFKvPrmWuW1HTxnrRJQxzBuwyTFeETp7MYPVxHh,5X7KGWSiyPsBUPPu1Vgx18zJkviG1fQ4pff76RYyE8qvuH1Dk13uzhUsDi8JW4vcLrkRvoK1TkKFMhKmaMXEGzWD,hold 1 slots,-0.05933016341960025
LeenseyyUU3ccdBPCFCrrZ8oKU2B3T2uToGGZ7eVABY,Leense,BnZAwJFKvPrmWuW1HTxnrRJQxzBuwyTFeETp7MYPVxHh,5X7KGWSiyPsBUPPu1Vgx18zJkviG1fQ4pff76RYyE8qvuH1Dk13uzhUsDi8JW4vcLrkRvoK1TkKFMhKmaMXEGzWD,hold 3 slots,-0.05933016341960025
LeenseyyUU3ccdBPCFCrrZ8oKU2B3T2uToGGZ7eVABY,Leense,BnZAwJFKvPrmWuW1HTxnrRJQxzBuwyTFeETp7MYPVxHh,5X7KGWSiyPsBUPPu1Vgx18zJkviG1fQ4pff76RYyE8qvuH1Dk13uzhUsDi8JW4vcLrkRvoK1TkKFMhKmaMXEGzWD,hold 5 slots,-0.05933016341960025
LeenseyyUU3ccdBPCFCrrZ8oKU2B3T2uToGGZ7eVABY,Leense,BnZAwJFKvPrmWuW1HTxnrRJQxzBuwyTFeETp7MYPVxHh,5X7KGWSiyPsBUPPu1Vgx18zJkviG1fQ4pff76RYyE8qvuH1Dk13uzhUsDi8JW4vcLrkRvoK1TkKFMhKmaMXEGzWD,hold 12 slots,-0.010546143741516113
LeenseyyUU3ccdBPCFCrrZ8oKU2B3T2uToGGZ7eVABY,Leense,BnZAwJFKvPrmWuW1HTxnrRJQxzBuwyTFeETp7MYPVxHh,5X7KGWSiyPsBUPPu1Vgx18zJkviG1fQ4pff76RYyE8qvuH1Dk13uzhUsDi8JW4vcLrkRvoK1TkKFMhKmaMXEGzWD,hold 25 slots,-0.010546143741516113
LeenseyyUU3ccdBPCFCrrZ8oKU2B3T2uToGGZ7eVABY,Leense,BnZAwJFKvPrmWuW1HTxnrRJQxzBuwyTFeETp7MYPVxHh,5X7KGWSiyPsBUPPu1Vgx18zJkviG1fQ4pff76RYyE8qvuH1Dk13uzhUsDi8JW4vcLrkRvoK1TkKFMhKmaMXEGzWD,hold 50 slots,-0.05361628381765508
LeenseyyUU3ccdBPCFCrrZ8oKU2B3T2uToGGZ7eVABY,Leense,BnZAwJFKvPrmWuW1HTxnrRJQxzBuwyTFeETp7MYPVxHh,5X7KGWSiyPsBUPPu1Vgx18zJkviG1fQ4pff76RYyE8qvuH1Dk13uzhUsDi8JW4vcLrkRvoK1TkKFMhKmaMXEGzWD,hold 75 slots,-0.17774095690255248
LeenseyyUU3ccdBPCFCrrZ8oKU2B3T2uToGGZ7eVABY,Leense,BnZAwJFKvPrmWuW1HTxnrRJQxzBuwyTFeETp7MYPVxHh,5X7KGWSiyPsBUPPu1Vgx18zJkviG1fQ4pff76RYyE8qvuH1Dk13uzhUsDi8JW4vcLrkRvoK1TkKFMhKmaMXEGzWD,hold 150 slots,-0.16601926900508668
LeenseyyUU3ccdBPCFCrrZ8oKU2B3T2uToGGZ7eVABY,Leense,BnZAwJFKvPrmWuW1HTxnrRJQxzBuwyTFeETp7MYPVxHh,5X7KGWSiyPsBUPPu1Vgx18zJkviG1fQ4pff76RYyE8qvuH1Dk13uzhUsDi8JW4vcLrkRvoK1TkKFMhKmaMXEGzWD,TP 10% / SL 10%,-0.10532111032628416
LeenseyyUU3ccdBPCFCrrZ8oKU2B3T2uToGGZ7eVABY,Leense,BnZAwJFKvPrmWuW1HTxnrRJQxzBuwyTFeETp7MYPVxHh,5X7KGWSiyPsBUPPu1Vgx18zJkviG1fQ4pff76RYyE8qvuH1Dk13uzhUsDi8JW4vcLrkRvoK1TkKFMhKmaMXEGzWD,TP 20% / SL 10%,-0.10532111032628416
LeenseyyUU3ccdBPCFCrrZ8oKU2B3T2uToGGZ7eVABY,Leense,BnZAwJFKvPrmWuW1HTxnrRJQxzBuwyTFeETp7MYPVxHh,5X7KGWSiyPsBUPPu1Vgx18zJkviG1fQ4pff76RYyE8qvuH1Dk13uzhUsDi8JW4vcLrkRvoK1TkKFMhKmaMXEGzWD,TP 30% / SL 15%,-0.17774095690255248
LeenseyyUU3ccdBPCFCrrZ8oKU2B3T2uToGGZ7eVABY,Leense,BnZAwJFKvPrmWuW1HTxnrRJQxzBuwyTFeETp7MYPVxHh,5X7KGWSiyPsBUPPu1Vgx18zJkviG1fQ4pff76RYyE8qvuH1Dk13uzhUsDi8JW4vcLrkRvoK1TkKFMhKmaMXEGzWD,TP 50% / SL 25%,-0.16601926900508668
LeenseyyUU3ccdBPCFCrrZ8oKU2B3T2uToGGZ7eVABY,Leense,BnZAwJFKvPrmWuW1HTxnrRJQxzBuwyTFeETp7MYPVxHh,5X7KGWSiyPsBUPPu1Vgx18zJkviG1fQ4pff76RYyE8qvuH1Dk13uzhUsDi8JW4vcLrkRvoK1TkKFMhKmaMXEGzWD,TP 100% / SL 30%,-0.16601926900508668
LeenseyyUU3ccdBPCFCrrZ8oKU2B3T2uToGGZ7eVABY,Leense,EC74qJf29LpE4Y8TpopdCUuQ2un6TGekj1MXgc7mpump,GX6D62pNrcSD1bFCTsJku8edgY6uY9nnBcoMAq8FiebRBRq7Q1s3EJCSuK3H8t1jaChLJsq3zKa7tBEbb2GrpMo,follow wallet,-0.34253981627038943
LeenseyyUU3ccdBPCFCrrZ8oKU2B3T2uToGGZ7eVABY,Leense,EC74qJf29LpE4Y8TpopdCUuQ2un6TGekj1MXgc7mpump,GX6D62pNrcSD1bFCTsJku8edgY6uY9nnBcoMAq8FiebRBRq7Q1s3EJCSuK3H8t1jaChLJsq3zKa7tBEbb2GrpMo,hold 1 slots,-0.057722657301760315
LeenseyyUU3ccdBPCFCrrZ8oKU2B3T2uToGGZ7eVABY,Leense,EC74qJf29LpE4Y8TpopdCUuQ2un6TGekj1MXgc7mpump,GX6D62pNrcSD1bFCTsJku8edgY6uY9nnBcoMAq8FiebRBRq7Q1s3EJCSuK3H8t1jaChLJsq3zKa7tBEbb2GrpMo,hold 3 slots,-0.3543724871976569
LeenseyyUU3ccdBPCFCrrZ8oKU2B3T2uToGGZ7eVABY,Leense,EC74qJf29LpE4Y8TpopdCUuQ2un6TGekj1MXgc7mpump,GX6D62pNrcSD1bFCTsJku8edgY6uY9nnBcoMAq8FiebRBRq7Q1s3EJCSuK3H8t1jaChLJsq3zKa7tBEbb2GrpMo,hold 5 slots,-0.3511847450801673
LeenseyyUU3ccdBPCFCrrZ8oKU2B3T2uToGGZ7eVABY,Leense,EC74qJf29LpE4Y8TpopdCUuQ2un6TGekj1MXgc7mpump,GX6D62pNrcSD1bFCTsJku8edgY6uY9nnBcoMAq8FiebRBRq7Q1s3EJCSuK3H8t1jaChLJsq3zKa7tBEbb2GrpMo,hold 12 slots,-0.3691499784109503
LeenseyyUU3ccdBPCFCrrZ8oKU2B3T2uToGGZ7eVABY,Leense,EC74qJf29LpE4Y8TpopdCUuQ2un6TGekj1MXgc7mpump,GX6D62pNrcSD1bFCTsJku8edgY6uY9nnBcoMAq8FiebRBRq7Q1s3EJCSuK3H8t1jaChLJsq3zKa7tBEbb2GrpMo,hold 25 slots,-0.4075008791191107
LeenseyyUU3ccdBPCFCrrZ8oKU2B3T2uToGGZ7eVABY,Leense,EC74qJf29LpE4Y8TpopdCUuQ2un6TGekj1MXgc7mpump,GX6D62pNrcSD1bFCTsJku8edgY6uY9nnBcoMAq8FiebRBRq7Q1s3EJCSuK3H8t1jaChLJsq3zKa7tBEbb2GrpMo,hold 50 slots,-0.3153613778409516
LeenseyyUU3ccdBPCFCrrZ8oKU2B3T2uToGGZ7eVABY,Leense,EC74qJf29LpE4Y8TpopdCUuQ2un6TGekj1MXgc7mpump,GX6D62pNrcSD1bFCTsJku8edgY6uY9nnBcoMAq8FiebRBRq7Q1s3EJCSuK3H8t1jaChLJsq3zKa7tBEbb2GrpMo,hold 75 slots,-0.2365539891308185
LeenseyyUU3ccdBPCFCrrZ8oKU2B3T2uToGGZ7eVABY,Leense,EC74qJf29LpE4Y8TpopdCUuQ2un6TGekj1MXgc7mpump,GX6D62pNrcSD1bFCTsJku8edgY6uY9nnBcoMAq8FiebRBRq7Q1s3EJCSuK3H8t1jaChLJsq3zKa7tBEbb2GrpMo,hold 150 slots,-0.07779748849686216
LeenseyyUU3ccdBPCFCrrZ8oKU2B3T2uToGGZ7eVABY,Leense,EC74qJf29LpE4Y8TpopdCUuQ2un6TGekj1MXgc7mpump,GX6D62pNrcSD1bFCTsJku8edgY6uY9nnBcoMAq8FiebRBRq7Q1s3EJCSuK3H8t1jaChLJsq3zKa7tBEbb2GrpMo,TP 10% / SL 10%,-0.34702085304275215
LeenseyyUU3ccdBPCFCrrZ8oKU2B3T2uToGGZ7eVABY,Leense,EC74qJf29LpE4Y8TpopdCUuQ2un6TGekj1MXgc7mpump,GX6D62pNrcSD1bFCTsJku8edgY6uY9nnBcoMAq8FiebRBRq7Q1s3EJCSuK3H8t1jaChLJsq3zKa7tBEbb2GrpMo,TP 20% / SL 10%,-0.34702085304275215
LeenseyyUU3ccdBPCFCrrZ8oKU2B3T2uToGGZ7eVABY,Leense,EC74qJf29LpE4Y8TpopdCUuQ2un6TGekj1MXgc7mpump,GX6D62pNrcSD1bFCTsJku8edgY6uY9nnBcoMAq8FiebRBRq7Q1s3EJCSuK3H8t1jaChLJsq3zKa7tBEbb2GrpMo,TP 30% / SL 15%,-0.34702085304275215
LeenseyyUU3ccdBPCFCrrZ8oKU2B3T2uToGGZ7eVABY,Leense,EC74qJf29LpE4Y8TpopdCUuQ2un6TGekj1MXgc7mpump,GX6D62pNrcSD1bFCTsJku8edgY6uY9nnBcoMAq8FiebRBRq7Q1s3EJCSuK3H8t1jaChLJsq3zKa7tBEbb2GrpMo,TP 50% / SL 25%,-0.34702085304275215
LeenseyyUU3ccdBPCFCrrZ8oKU2B3T2uToGGZ7eVABY,Leense,EC74qJf29LpE4Y8TpopdCUuQ2un6TGekj1MXgc7mpump,GX6D62pNrcSD1bFCTsJku8edgY6uY9nnBcoMAq8FiebRBRq7Q1s3EJCSuK3H8t1jaChLJsq3zKa7tBEbb2GrpMo,TP 100% / SL 30%,-0.34702085304275215
LeenseyyUU3ccdBPCFCrrZ8oKU2B3T2uToGGZ7eVABY,Leense,BXMjQc8e7wkBeePBZqGYTETZ7ArtRnJNoKFERoxmigAB,nCrAbbTXmCdb3mYFUkfSqoAqveBMhGKMzchK4gL77qC3Jtxcm7MKDYYdjH2khLD9Tt41yjL1LcXAH9fZ33rt6jC,follow wallet,-0.14709958013128543
LeenseyyUU3ccdBPCFCrrZ8oKU2B3T2uToGGZ7eVABY,Leense,BXMjQc8e7wkBeePBZqGYTETZ7ArtRnJNoKFERoxmigAB,nCrAbbTXmCdb3mYFUkfSqoAqveBMhGKMzchK4gL77qC3Jtxcm7MKDYYdjH2khLD9Tt41yjL1LcXAH9fZ33rt6jC,hold 1 slots,-0.056051974741323826
LeenseyyUU3ccdBPCFCrrZ8oKU2B3T2uToGGZ7eVABY,Leense,BXMjQc8e7wkBeePBZqGYTETZ7ArtRnJNoKFERoxmigAB,nCrAbbTXmCdb3mYFUkfSqoAqveBMhGKMzchK4gL77qC3Jtxcm7MKDYYdjH2khLD9Tt41yjL1LcXAH9fZ33rt6jC,hold 3 slots,-0.05220459163116765
LeenseyyUU3ccdBPCFCrrZ8oKU2B3T2uToGGZ7eVABY,Leense,BXMjQc8e7wkBeePBZqGYTETZ7ArtRnJNoKFERoxmigAB,nCrAbbTXmCdb3mYFUkfSqoAqveBMhGKMzchK4gL77qC3Jtxcm7MKDYYdjH2khLD9Tt41yjL1LcXAH9fZ33rt6jC,hold 5 slots,-0.07185922106549264
LeenseyyUU3ccdBPCFCrrZ8oKU2B3T2uToGGZ7eVABY,Leense,BXMjQc8e7wkBeePBZqGYTETZ7ArtRnJNoKFERoxmigAB,nCrAbbTXmCdb3mYFUkfSqoAqveBMhGKMzchK4gL77qC3Jtxcm7MKDYYdjH2khLD9Tt41yjL1LcXAH9fZ33rt6jC,hold 12 slots,-0.07185922106549264
LeenseyyUU3ccdBPCFCrrZ8oKU2B3T2uToGGZ7eVABY,Leense,BXMjQc8e7wkBeePBZqGYTETZ7ArtRnJNoKFERoxmigAB,nCrAbbTXmCdb3mYFUkfSqoAqveBMhGKMzchK4gL77qC3Jtxcm7MKDYYdjH2khLD9Tt41yjL1LcXAH9fZ33rt6jC,hold 25 slots,-0.05058803593415165
LeenseyyUU3ccdBPCFCrrZ8oKU2B3T2uToGGZ7eVABY,Leense,BXMjQc8e7wkBeePBZqGYTETZ7ArtRnJNoKFERoxmigAB,nCrAbbTXmCdb3mYFUkfSqoAqveBMhGKMzchK4gL77qC3Jtxcm7MKDYYdjH2khLD9Tt41yjL1LcXAH9fZ33rt6jC,hold 50 slots,0.008781302423325182
LeenseyyUU3ccdBPCFCrrZ8oKU2B3T2uToGGZ7eVABY,Leense,BXMjQc8e7wkBeePBZqGYTETZ7ArtRnJNoKFERoxmigAB,nCrAbbTXmCdb3mYFUkfSqoAqveBMhGKMzchK4gL77qC3Jtxcm7MKDYYdjH2khLD9Tt41yjL1LcXAH9fZ33rt6jC,hold 75 slots,0.028852123811332342
LeenseyyUU3ccdBPCFCrrZ8oKU2B3T2uToGGZ7eVABY,Leense,BXMjQc8e7wkBeePBZqGYTETZ7ArtRnJNoKFERoxmigAB,nCrAbbTXmCdb3mYFUkfSqoAqveBMhGKMzchK4gL77qC3Jtxcm7MKDYYdjH2khLD9Tt41yjL1LcXAH9fZ33rt6jC,hold 150 slots,-0.1498705817107538
LeenseyyUU3ccdBPCFCrrZ8oKU2B3T2uToGGZ7eVABY,Leense,BXMjQc8e7wkBeePBZqGYTETZ7ArtRnJNoKFERoxmigAB,nCrAbbTXmCdb3mYFUkfSqoAqveBMhGKMzchK4gL77qC3Jtxcm7MKDYYdjH2khLD9Tt41yjL1LcXAH9fZ33rt6jC,TP 10% / SL 10%,-0.186696566725716
LeenseyyUU3ccdBPCFCrrZ8oKU2B3T2uToGGZ7eVABY,Leense,BXMjQc8e7wkBeePBZqGYTETZ7ArtRnJNoKFERoxmigAB,nCrAbbTXmCdb3mYFUkfSqoAqveBMhGKMzchK4gL77qC3Jtxcm7MKDYYdjH2khLD9Tt41yjL1LcXAH9fZ33rt6jC,TP 20% / SL 10%,-0.186696566725716
LeenseyyUU3ccdBPCFCrrZ8oKU2B3T2uToGGZ7eVABY,Leense,BXMjQc8e7wkBeePBZqGYTETZ7ArtRnJNoKFERoxmigAB,nCrAbbTXmCdb3mYFUkfSqoAqveBMhGKMzchK4gL77qC3Jtxcm7MKDYYdjH2khLD9Tt41yjL1LcXAH9fZ33rt6jC,TP 30% / SL 15%,-0.186696566725716
LeenseyyUU3ccdBPCFCrrZ8oKU2B3T2uToGGZ7eVABY,Leense,BXMjQc8e7wkBeePBZqGYTETZ7ArtRnJNoKFERoxmigAB,nCrAbbTXmCdb3mYFUkfSqoAqveBMhGKMzchK4gL77qC3Jtxcm7MKDYYdjH2khLD9Tt41yjL1LcXAH9fZ33rt6jC,TP 50% / SL 25%,-0.1498705817107538
LeenseyyUU3ccdBPCFCrrZ8oKU2B3T2uToGGZ7eVABY,Leense,BXMjQc8e7wkBeePBZqGYTETZ7ArtRnJNoKFERoxmigAB,nCrAbbTXmCdb3mYFUkfSqoAqveBMhGKMzchK4gL77qC3Jtxcm7MKDYYdjH2khLD9Tt41yjL1LcXAH9fZ33rt6jC,TP 100% / SL 30%,-0.1498705817107538
LeenseyyUU3ccdBPCFCrrZ8oKU2B3T2uToGGZ7eVABY,Leense,841mJePDNzFWTVJNkkY5wCiDuuRBm9ziTwwHjLBopump,41C9SiF5znJ3G79EB3KNUgwsurYTQiQpPEiJLZD3Tn9sFW2jXzd4yywfzc4HufEk31dDKmz7zaGZTaW4hDw2eixr,follow wallet,-0.5259001464137097
LeenseyyUU3ccdBPCFCrrZ8oKU2B3T2uToGGZ7eVABY,Leense,841mJePDNzFWTVJNkkY5wCiDuuRBm9ziTwwHjLBopump,41C9SiF5znJ3G79EB3KNUgwsurYTQiQpPEiJLZD3Tn9sFW2jXzd4yywfzc4HufEk31dDKmz7zaGZTaW4hDw2eixr,hold 1 slots,-0.03741618661043036
LeenseyyUU3ccdBPCFCrrZ8oKU2B3T2uToGGZ7eVABY,Leense,841mJePDNzFWTVJNkkY5wCiDuuRBm9ziTwwHjLBopump,41C9SiF5znJ3G79EB3KNUgwsurYTQiQpPEiJLZD3Tn9sFW2jXzd4yywfzc4HufEk31dDKmz7zaGZTaW4hDw2eixr,hold 3 slots,-0.03741618661043036
LeenseyyUU3ccdBPCFCrrZ8oKU2B3T2uToGGZ7eVABY,Leense,841mJePDNzFWTVJNkkY5wCiDuuRBm9ziTwwHjLBopump,41C9SiF5znJ3G79EB3KNUgwsurYTQiQpPEiJLZD3Tn9sFW2jXzd4yywfzc4HufEk31dDKmz7zaGZTaW4hDw2eixr,hold 5 slots,-0.03741618661043036
LeenseyyUU3ccdBPCFCrrZ8oKU2B3T2uToGGZ7eVABY,Leense,841mJePDNzFWTVJNkkY5wCiDuuRBm9ziTwwHjLBopump,41C9SiF5znJ3G79EB3KNUgwsurYTQiQpPEiJLZD3Tn9sFW2jXzd4yywfzc4HufEk31dDKmz7zaGZTaW4hDw2eixr,hold 12 slots,-0.08398247821470892
LeenseyyUU3ccdBPCFCrrZ8oKU2B3T2uToGGZ7eVABY,Leense,841mJePDNzFWTVJNkkY5wCiDuuRBm9ziTwwHjLBopump,41C9SiF5znJ3G79EB3KNUgwsurYTQiQpPEiJLZD3Tn9sFW2jXzd4yywfzc4HufEk31dDKmz7zaGZTaW4hDw2eixr,hold 25 slots,0.0031641768624852892
LeenseyyUU3ccdBPCFCrrZ8oKU2B3T2uToGGZ7eVABY,Leense,841mJePDNzFWTVJNkkY5wCiDuuRBm9ziTwwHjLBopump,41C9SiF5znJ3G79EB3KNUgwsurYTQiQpPEiJLZD3Tn9sFW2jXzd4yywfzc4HufEk31dDKmz7zaGZTaW4hDw2eixr,hold 50 slots,-0.09095566155140866
LeenseyyUU3ccdBPCFCrrZ8oKU2B3T2uToGGZ7eVABY,Leense,841mJePDNzFWTVJNkkY5wCiDuuRBm9ziTwwHjLBopump,41C9SiF5znJ3G79EB3KNUgwsurYTQiQpPEiJLZD3Tn9sFW2jXzd4yywfzc4HufEk31dDKmz7zaGZTaW4hDw2eixr,hold 75 slots,0.004958188504117965
LeenseyyUU3ccdBPCFCrrZ8oKU2B3T2uToGGZ7eVABY,Leense,841mJePDNzFWTVJNkkY5wCiDuuRBm9ziTwwHjLBopump,41C9SiF5znJ3G79EB3KNUgwsurYTQiQpPEiJLZD3Tn9sFW2jXzd4yywfzc4HufEk31dDKmz7zaGZTaW4hDw2eixr,hold 150 slots,-0.06051117293971443
LeenseyyUU3ccdBPCFCrrZ8oKU2B3T2uToGGZ7eVABY,Leense,841mJePDNzFWTVJNkkY5wCiDuuRBm9ziTwwHjLBopump,41C9SiF5znJ3G79EB3KNUgwsurYTQiQpPEiJLZD3Tn9sFW2jXzd4yywfzc4HufEk31dDKmz7zaGZTaW4hDw2eixr,TP 10% / SL 10%,-0.06051117293971443
LeenseyyUU3ccdBPCFCrrZ8oKU2B3T2uToGGZ7eVABY,Leense,841mJePDNzFWTVJNkkY5wCiDuuRBm9ziTwwHjLBopump,41C9SiF5znJ3G79EB3KNUgwsurYTQiQpPEiJLZD3Tn9sFW2jXzd4yywfzc4HufEk31dDKmz7zaGZTaW4hDw2eixr,TP 20% / SL 10%,-0.06051117293971443
LeenseyyUU3ccdBPCFCrrZ8oKU2B3T2uToGGZ7eVABY,Leense,841mJePDNzFWTVJNkkY5wCiDuuRBm9ziTwwHjLBopump,41C9SiF5znJ3G79EB3KNUgwsurYTQiQpPEiJLZD3Tn9sFW2jXzd4yywfzc4HufEk31dDKmz7zaGZTaW4hDw2eixr,TP 30% / SL 15%,-0.06051117293971443
LeenseyyUU3ccdBPCFCrrZ8oKU2B3T2uToGGZ7eVABY,Leense,841mJePDNzFWTVJNkkY5wCiDuuRBm9ziTwwHjLBopump,41C9SiF5znJ3G79EB3KNUgwsurYTQiQpPEiJLZD3Tn9sFW2jXzd4yywfzc4HufEk31dDKmz7zaGZTaW4hDw2eixr,TP 50% / SL 25%,-0.06051117293971443
LeenseyyUU3ccdBPCFCrrZ8oKU2B3T2uToGGZ7eVABY,Leense,841mJePDNzFWTVJNkkY5wCiDuuRBm9ziTwwHjLBopump,41C9SiF5znJ3G79EB3KNUgwsurYTQiQpPEiJLZD3Tn9sFW2jXzd4yywfzc4HufEk31dDKmz7zaGZTaW4hDw2eixr,TP 100% / SL 30%,-0.06051117293971443
LeenseyyUU3ccdBPCFCrrZ8oKU2B3T2uToGGZ7eVABY,Leense,Ewt27VpbeuPamjyrNrfeerY5CLW6vanP4f6vHvx1Seek,CgNuoTg9MSFYjW9oyCsd9rNdqj223mh3a6LSN4FpPjpjGBGgNidCzBvd7ySRHTt59inr2E5YJwrp8erpZiq4XQ9,follow wallet,0.6307595374144361
LeenseyyUU3ccdBPCFCrrZ8oKU2B3T2uToGGZ7eVABY,Leense,Ewt27VpbeuPamjyrNrfeerY5CLW6vanP4f6vHvx1Seek,CgNuoTg9MSFYjW9oyCsd9rNdqj223mh3a6LSN4FpPjpjGBGgNidCzBvd7ySRHTt59inr2E5YJwrp8erpZiq4XQ9,hold 1 slots,-0.042585174659333466
LeenseyyUU3ccdBPCFCrrZ8oKU2B3T2uToGGZ7eVABY,Leense,Ewt27VpbeuPamjyrNrfeerY5CLW6vanP4f6vHvx1Seek,CgNuoTg9MSFYjW9oyCsd9rNdqj223mh3a6LSN4FpPjpjGBGgNidCzBvd7ySRHTt59inr2E5YJwrp8erpZiq4XQ9,hold 3 slots,-0.054910322138147
LeenseyyUU3ccdBPCFCrrZ8oKU2B3T2uToGGZ7eVABY,Leense,Ewt27VpbeuPamjyrNrfeerY5CLW6vanP4f6vHvx1Seek,CgNuoTg9MSFYjW9oyCsd9rNdqj223mh3a6LSN4FpPjpjGBGgNidCzBvd7ySRHTt59inr2E5YJwrp8erpZiq4XQ9,hold 5 slots,0.006377781791188955
LeenseyyUU3ccdBPCFCrrZ8oKU2B3T2uToGGZ7eVABY,Leense,Ewt27VpbeuPamjyrNrfeerY5CLW6vanP4f6vHvx1Seek,CgNuoTg9MSFYjW9oyCsd9rNdqj223mh3a6LSN4FpPjpjGBGgNidCzBvd7ySRHTt59inr2E5YJwrp8erpZiq4XQ9,hold 12 slots,0.4276743872064111
LeenseyyUU3ccdBPCFCrrZ8oKU2B3T2uToGGZ7eVABY,Leense,Ewt27VpbeuPamjyrNrfeerY5CLW6vanP4f6vHvx1Seek,CgNuoTg9MSFYjW9oyCsd9rNdqj223mh3a6LSN4FpPjpjGBGgNidCzBvd7ySRHTt59inr2E5YJwrp8erpZiq4XQ9,hold 25 slots,0.6895156090630152
LeenseyyUU3ccdBPCFCrrZ8oKU2B3T2uToGGZ7eVABY,Leense,Ewt27VpbeuPamjyrNrfeerY5CLW6vanP4f6vHvx1Seek,CgNuoTg9MSFYjW9oyCsd9rNdqj223mh3a6LSN4FpPjpjGBGgNidCzBvd7ySRHTt59inr2E5YJwrp8erpZiq4XQ9,hold 50 slots,0.37294712916039535
LeenseyyUU3ccdBPCFCrrZ8oKU2B3T2uToGGZ7eVABY,Leense,Ewt27VpbeuPamjyrNrfeerY5CLW6vanP4f6vHvx1Seek,CgNuoTg9MSFYjW9oyCsd9rNdqj223mh3a6LSN4FpPjpjGBGgNidCzBvd7ySRHTt59inr2E5YJwrp8erpZiq4XQ9,hold 75 slots,0.5011621975249806
LeenseyyUU3ccdBPCFCrrZ8oKU2B3T2uToGGZ7eVABY,Leense,Ewt27VpbeuPamjyrNrfeerY5CLW6vanP4f6vHvx1Seek,CgNuoTg9MSFYjW9oyCsd9rNdqj223mh3a6LSN4FpPjpjGBGgNidCzBvd7ySRHTt59inr2E5YJwrp8erpZiq4XQ9,hold 150 slots,-0.23794676321774294
LeenseyyUU3ccdBPCFCrrZ8oKU2B3T2uToGGZ7eVABY,Leense,Ewt27VpbeuPamjyrNrfeerY5CLW6vanP4f6vHvx1Seek,CgNuoTg9MSFYjW9oyCsd9rNdqj223mh3a6LSN4FpPjpjGBGgNidCzBvd7ySRHTt59inr2E5YJwrp8erpZiq4XQ9,TP 10% / SL 10%,0.4276743872064111
LeenseyyUU3ccdBPCFCrrZ8oKU2B3T2uToGGZ7eVABY,Leense,Ewt27VpbeuPamjyrNrfeerY5CLW6vanP4f6vHvx1Seek,CgNuoTg9MSFYjW9oyCsd9rNdqj223mh3a6LSN4FpPjpjGBGgNidCzBvd7ySRHTt59inr2E5YJwrp8erpZiq4XQ9,TP 20% / SL 10%,0.4276743872064111
LeenseyyUU3ccdBPCFCrrZ8oKU2B3T2uToGGZ7eVABY,Leense,Ewt27VpbeuPamjyrNrfeerY5CLW6vanP4f6vHvx1Seek,CgNuoTg9MSFYjW9oyCsd9rNdqj223mh3a6LSN4FpPjpjGBGgNidCzBvd7ySRHTt59inr2E5YJwrp8erpZiq4XQ9,TP 30% / SL 15%,0.4276743872064111
LeenseyyUU3ccdBPCFCrrZ8oKU2B3T2uToGGZ7eVABY,Leense,Ewt27VpbeuPamjyrNrfeerY5CLW6vanP4f6vHvx1Seek,CgNuoTg9MSFYjW9oyCsd9rNdqj223mh3a6LSN4FpPjpjGBGgNidCzBvd7ySRHTt59inr2E5YJwrp8erpZiq4XQ9,TP 50% / SL 25%,0.6591422121581445
LeenseyyUU3ccdBPCFCrrZ8oKU2B3T2uToGGZ7eVABY,Leense,Ewt27VpbeuPamjyrNrfeerY5CLW6vanP4f6vHvx1Seek,CgNuoTg9MSFYjW9oyCsd9rNdqj223mh3a6LSN4FpPjpjGBGgNidCzBvd7ySRHTt59inr2E5YJwrp8erpZiq4XQ9,TP 100% / SL 30%,-0.23794676321774294
2hN82SXLUffhG3vxpezRmae1sGrCBMqHHBDxjmjpagqk,2hN82S,7y1DZsfK7SUK3TWrkAYS3WfdRTtYrc59drrwKxcGZpPp,5fhimMNzbPJjKfHwuWKhKWQy6HoYLa7YGtjKTrAJ1BV8n8dMniPDURDXgmikKc9SJmj8mQf4pWbpCXVZxX3WNBUh,follow wallet,-0.1607499081660254
2hN82SXLUffhG3vxpezRmae1sGrCBMqHHBDxjmjpagqk,2hN82S,7y1DZsfK7SUK3TWrkAYS3WfdRTtYrc59drrwKxcGZpPp,5fhimMNzbPJjKfHwuWKhKWQy6HoYLa7YGtjKTrAJ1BV8n8dMniPDURDXgmikKc9SJmj8mQf4pWbpCXVZxX3WNBUh,hold 1 slots,-0.07815191873400998
2hN82SXLUffhG3vxpezRmae1sGrCBMqHHBDxjmjpagqk,2hN82S,7y1DZsfK7SUK3TWrkAYS3WfdRTtYrc59drrwKxcGZpPp,5fhimMNzbPJjKfHwuWKhKWQy6HoYLa7YGtjKTrAJ1BV8n8dMniPDURDXgmikKc9SJmj8mQf4pWbpCXVZxX3WNBUh,hold 3 slots,-0.07815191873400998
2hN82SXLUffhG3vxpezRmae1sGrCBMqHHBDxjmjpagqk,2hN82S,7y1DZsfK7SUK3TWrkAYS3WfdRTtYrc59drrwKxcGZpPp,5fhimMNzbPJjKfHwuWKhKWQy6HoYLa7YGtjKTrAJ1BV8n8dMniPDURDXgmikKc9SJmj8mQf4pWbpCXVZxX3WNBUh,hold 5 slots,-0.07881767538309084
2hN82SXLUffhG3vxpezRmae1sGrCBMqHHBDxjmjpagqk,2hN82S,7y1DZsfK7SUK3TWrkAYS3WfdRTtYrc59drrwKxcGZpPp,5fhimMNzbPJjKfHwuWKhKWQy6HoYLa7YGtjKTrAJ1BV8n8dMniPDURDXgmikKc9SJmj8mQf4pWbpCXVZxX3WNBUh,hold 12 slots,-0.10850589787369083
2hN82SXLUffhG3vxpezRmae1sGrCBMqHHBDxjmjpagqk,2hN82S,7y1DZsfK7SUK3TWrkAYS3WfdRTtYrc59drrwKxcGZpPp,5fhimMNzbPJjKfHwuWKhKWQy6HoYLa7YGtjKTrAJ1BV8n8dMniPDURDXgmikKc9SJmj8mQf4pWbpCXVZxX3WNBUh,hold 25 slots,-0.23723932649491217
2hN82SXLUffhG3vxpezRmae1sGrCBMqHHBDxjmjpagqk,2hN82S,7y1DZsfK7SUK3TWrkAYS3WfdRTtYrc59drrwKxcGZpPp,5fhimMNzbPJjKfHwuWKhKWQy6HoYLa7YGtjKTrAJ1BV8n8dMniPDURDXgmikKc9SJmj8mQf4pWbpCXVZxX3WNBUh,hold 50 slots,-0.12821312330649173
2hN82SXLUffhG3vxpezRmae1sGrCBMqHHBDxjmjpagqk,2hN82S,7y1DZsfK7SUK3TWrkAYS3WfdRTtYrc59drrwKxcGZpPp,5fhimMNzbPJjKfHwuWKhKWQy6HoYLa7YGtjKTrAJ1BV8n8dMniPDURDXgmikKc9SJmj8mQf4pWbpCXVZxX3WNBUh,hold 75 slots,-0.29422469448525274
2hN82SXLUffhG3vxpezRmae1sGrCBMqHHBDxjmjpagqk,2hN82S,7y1DZsfK7SUK3TWrkAYS3WfdRTtYrc59drrwKxcGZpPp,5fhimMNzbPJjKfHwuWKhKWQy6HoYLa7YGtjKTrAJ1BV8n8dMniPDURDXgmikKc9SJmj8mQf4pWbpCXVZxX3WNBUh,hold 150 slots,-0.6035103309331079
2hN82SXLUffhG3vxpezRmae1sGrCBMqHHBDxjmjpagqk,2hN82S,7y1DZsfK7SUK3TWrkAYS3WfdRTtYrc59drrwKxcGZpPp,5fhimMNzbPJjKfHwuWKhKWQy6HoYLa7YGtjKTrAJ1BV8n8dMniPDURDXgmikKc9SJmj8mQf4pWbpCXVZxX3WNBUh,TP 10% / SL 10%,-0.15903111459807803
2hN82SXLUffhG3vxpezRmae1sGrCBMqHHBDxjmjpagqk,2hN82S,7y1DZsfK7SUK3TWrkAYS3WfdRTtYrc59drrwKxcGZpPp,5fhimMNzbPJjKfHwuWKhKWQy6HoYLa7YGtjKTrAJ1BV8n8dMniPDURDXgmikKc9SJmj8mQf4pWbpCXVZxX3WNBUh,TP 20% / SL 10%,-0.15903111459807803
2hN82SXLUffhG3vxpezRmae1sGrCBMqHHBDxjmjpagqk,2hN82S,7y1DZsfK7SUK3TWrkAYS3WfdRTtYrc59drrwKxcGZpPp,5fhimMNzbPJjKfHwuWKhKWQy6HoYLa7YGtjKTrAJ1BV8n8dMniPDURDXgmikKc9SJmj8mQf4pWbpCXVZxX3WNBUh,TP 30% / SL 15%,-0.15903111459807803
2hN82SXLUffhG3vxpezRmae1sGrCBMqHHBDxjmjpagqk,2hN82S,7y1DZsfK7SUK3TWrkAYS3WfdRTtYrc59drrwKxcGZpPp,5fhimMNzbPJjKfHwuWKhKWQy6HoYLa7YGtjKTrAJ1BV8n8dMniPDURDXgmikKc9SJmj8mQf4pWbpCXVZxX3WNBUh,TP 50% / SL 25%,-0.2842245141369537
2hN82SXLUffhG3vxpezRmae1sGrCBMqHHBDxjmjpagqk,2hN82S,7y1DZsfK7SUK3TWrkAYS3WfdRTtYrc59drrwKxcGZpPp,5fhimMNzbPJjKfHwuWKhKWQy6HoYLa7YGtjKTrAJ1BV8n8dMniPDURDXgmikKc9SJmj8mQf4pWbpCXVZxX3WNBUh,TP 100% / SL 30%,-0.46929829169386056
DU323DieHUGPmYamp6A4Ai1V4YSYgRi35mGpzJGrjf7k,DU323D,7dQgiDDQSAaK3MzkemVYcfoACSnEzTincUWwsDZZRT4Q,4iWLrdPcXxZedSqMoT7yZk8ZMY17NPYPFcZCnfdMfQkhvemyYbfZ5dMzMTt3jitKuX1Z73uk2sUgMC5BymeYSjvm,follow wallet,-0.2293697342430054
DU323DieHUGPmYamp6A4Ai1V4YSYgRi35mGpzJGrjf7k,DU323D,7dQgiDDQSAaK3MzkemVYcfoACSnEzTincUWwsDZZRT4Q,4iWLrdPcXxZedSqMoT7yZk8ZMY17NPYPFcZCnfdMfQkhvemyYbfZ5dMzMTt3jitKuX1Z73uk2sUgMC5BymeYSjvm,hold 1 slots,-0.13811929319414676
DU323DieHUGPmYamp6A4Ai1V4YSYgRi35mGpzJGrjf7k,DU323D,7dQgiDDQSAaK3MzkemVYcfoACSnEzTincUWwsDZZRT4Q,4iWLrdPcXxZedSqMoT7yZk8ZMY17NPYPFcZCnfdMfQkhvemyYbfZ5dMzMTt3jitKuX1Z73uk2sUgMC5BymeYSjvm,hold 3 slots,-0.0766172595561688
DU323DieHUGPmYamp6A4Ai1V4YSYgRi35mGpzJGrjf7k,DU323D,7dQgiDDQSAaK3MzkemVYcfoACSnEzTincUWwsDZZRT4Q,4iWLrdPcXxZedSqMoT7yZk8ZMY17NPYPFcZCnfdMfQkhvemyYbfZ5dMzMTt3jitKuX1Z73uk2sUgMC5BymeYSjvm,hold 5 slots,-0.06667899859353829
DU323DieHUGPmYamp6A4Ai1V4YSYgRi35mGpzJGrjf7k,DU323D,7dQgiDDQSAaK3MzkemVYcfoACSnEzTincUWwsDZZRT4Q,4iWLrdPcXxZedSqMoT7yZk8ZMY17NPYPFcZCnfdMfQkhvemyYbfZ5dMzMTt3jitKuX1Z73uk2sUgMC5BymeYSjvm,hold 12 slots,0.021699060120702506
DU323DieHUGPmYamp6A4Ai1V4YSYgRi35mGpzJGrjf7k,DU323D,7dQgiDDQSAaK3MzkemVYcfoACSnEzTincUWwsDZZRT4Q,4iWLrdPcXxZedSqMoT7yZk8ZMY17NPYPFcZCnfdMfQkhvemyYbfZ5dMzMTt3jitKuX1Z73uk2sUgMC5BymeYSjvm,hold 25 slots,0.033401567352984544
DU323DieHUGPmYamp6A4Ai1V4YSYgRi35mGpzJGrjf7k,DU323D,7dQgiDDQSAaK3MzkemVYcfoACSnEzTincUWwsDZZRT4Q,4iWLrdPcXxZedSqMoT7yZk8ZMY17NPYPFcZCnfdMfQkhvemyYbfZ5dMzMTt3jitKuX1Z73uk2sUgMC5BymeYSjvm,hold 50 slots,0.03028946812963986
DU323DieHUGPmYamp6A4Ai1V4YSYgRi35mGpzJGrjf7k,DU323D,7dQgiDDQSAaK3MzkemVYcfoACSnEzTincUWwsDZZRT4Q,4iWLrdPcXxZedSqMoT7yZk8ZMY17NPYPFcZCnfdMfQkhvemyYbfZ5dMzMTt3jitKuX1Z73uk2sUgMC5BymeYSjvm,hold 75 slots,0.08721328615644955
DU323DieHUGPmYamp6A4Ai1V4YSYgRi35mGpzJGrjf7k,DU323D,7dQgiDDQSAaK3MzkemVYcfoACSnEzTincUWwsDZZRT4Q,4iWLrdPcXxZedSqMoT7yZk8ZMY17NPYPFcZCnfdMfQkhvemyYbfZ5dMzMTt3jitKuX1Z73uk2sUgMC5BymeYSjvm,hold 150 slots,0.025927553346594218
DU323DieHUGPmYamp6A4Ai1V4YSYgRi35mGpzJGrjf7k,DU323D,7dQgiDDQSAaK3MzkemVYcfoACSnEzTincUWwsDZZRT4Q,4iWLrdPcXxZedSqMoT7yZk8ZMY17NPYPFcZCnfdMfQkhvemyYbfZ5dMzMTt3jitKuX1Z73uk2sUgMC5BymeYSjvm,TP 10% / SL 10%,-0.13811929319414676
DU323DieHUGPmYamp6A4Ai1V4YSYgRi35mGpzJGrjf7k,DU323D,7dQgiDDQSAaK3MzkemVYcfoACSnEzTincUWwsDZZRT4Q,4iWLrdPcXxZedSqMoT7yZk8ZMY17NPYPFcZCnfdMfQkhvemyYbfZ5dMzMTt3jitKuX1Z73uk2sUgMC5BymeYSjvm,TP 20% / SL 10%,-0.13811929319414676
DU323DieHUGPmYamp6A4Ai1V4YSYgRi35mGpzJGrjf7k,DU323D,7dQgiDDQSAaK3MzkemVYcfoACSnEzTincUWwsDZZRT4Q,4iWLrdPcXxZedSqMoT7yZk8ZMY17NPYPFcZCnfdMfQkhvemyYbfZ5dMzMTt3jitKuX1Z73uk2sUgMC5BymeYSjvm,TP 30% / SL 15%,0.025927553346594218
DU323DieHUGPmYamp6A4Ai1V4YSYgRi35mGpzJGrjf7k,DU323D,7dQgiDDQSAaK3MzkemVYcfoACSnEzTincUWwsDZZRT4Q,4iWLrdPcXxZedSqMoT7yZk8ZMY17NPYPFcZCnfdMfQkhvemyYbfZ5dMzMTt3jitKuX1Z73uk2sUgMC5BymeYSjvm,TP 50% / SL 25%,0.025927553346594218
DU323DieHUGPmYamp6A4Ai1V4YSYgRi35mGpzJGrjf7k,DU323D,7dQgiDDQSAaK3MzkemVYcfoACSnEzTincUWwsDZZRT4Q,4iWLrdPcXxZedSqMoT7yZk8ZMY17NPYPFcZCnfdMfQkhvemyYbfZ5dMzMTt3jitKuX1Z73uk2sUgMC5BymeYSjvm,TP 100% / SL 30%,0.025927553346594218
DU323DieHUGPmYamp6A4Ai1V4YSYgRi35mGpzJGrjf7k,DU323D,GifSmdK6vcWJoMzoST8uonygSeRBt6BWJcnMB2JGpump,3XWNVYqFDURqFbV8WxMJ3DgN4Dvg9XLc6MYxzUdbjqjypBygXJFcHMcSAL2QGUH12WDkFfDqd8YrqHfH8sV2i8YM,follow wallet,-0.11407379738919246
DU323DieHUGPmYamp6A4Ai1V4YSYgRi35mGpzJGrjf7k,DU323D,GifSmdK6vcWJoMzoST8uonygSeRBt6BWJcnMB2JGpump,3XWNVYqFDURqFbV8WxMJ3DgN4Dvg9XLc6MYxzUdbjqjypBygXJFcHMcSAL2QGUH12WDkFfDqd8YrqHfH8sV2i8YM,hold 1 slots,-0.11781940910464905
DU323DieHUGPmYamp6A4Ai1V4YSYgRi35mGpzJGrjf7k,DU323D,GifSmdK6vcWJoMzoST8uonygSeRBt6BWJcnMB2JGpump,3XWNVYqFDURqFbV8WxMJ3DgN4Dvg9XLc6MYxzUdbjqjypBygXJFcHMcSAL2QGUH12WDkFfDqd8YrqHfH8sV2i8YM,hold 3 slots,-0.08981297494639767
DU323DieHUGPmYamp6A4Ai1V4YSYgRi35mGpzJGrjf7k,DU323D,GifSmdK6vcWJoMzoST8uonygSeRBt6BWJcnMB2JGpump,3XWNVYqFDURqFbV8WxMJ3DgN4Dvg9XLc6MYxzUdbjqjypBygXJFcHMcSAL2QGUH12WDkFfDqd8YrqHfH8sV2i8YM,hold 5 slots,-0.08981297494639767
DU323DieHUGPmYamp6A4Ai1V4YSYgRi35mGpzJGrjf7k,DU323D,GifSmdK6vcWJoMzoST8uonygSeRBt6BWJcnMB2JGpump,3XWNVYqFDURqFbV8WxMJ3DgN4Dvg9XLc6MYxzUdbjqjypBygXJFcHMcSAL2QGUH12WDkFfDqd8YrqHfH8sV2i8YM,hold 12 slots,-0.08981297494639767
DU323DieHUGPmYamp6A4Ai1V4YSYgRi35mGpzJGrjf7k,DU323D,GifSmdK6vcWJoMzoST8uonygSeRBt6BWJcnMB2JGpump,3XWNVYqFDURqFbV8WxMJ3DgN4Dvg9XLc6MYxzUdbjqjypBygXJFcHMcSAL2QGUH12WDkFfDqd8YrqHfH8sV2i8YM,hold 25 slots,-0.08981297494639767
DU323DieHUGPmYamp6A4Ai1V4YSYgRi35mGpzJGrjf7k,DU323D,GifSmdK6vcWJoMzoST8uonygSeRBt6BWJcnMB2JGpump,3XWNVYqFDURqFbV8WxMJ3DgN4Dvg9XLc6MYxzUdbjqjypBygXJFcHMcSAL2QGUH12WDkFfDqd8YrqHfH8sV2i8YM,hold 50 slots,-0.08981297494639767
DU323DieHUGPmYamp6A4Ai1V4YSYgRi35mGpzJGrjf7k,DU323D,GifSmdK6vcWJoMzoST8uonygSeRBt6BWJcnMB2JGpump,3XWNVYqFDURqFbV8WxMJ3DgN4Dvg9XLc6MYxzUdbjqjypBygXJFcHMcSAL2QGUH12WDkFfDqd8YrqHfH8sV2i8YM,hold 75 slots,-0.08777710415461062
DU323DieHUGPmYamp6A4Ai1V4YSYgRi35mGpzJGrjf7k,DU323D,GifSmdK6vcWJoMzoST8uonygSeRBt6BWJcnMB2JGpump,3XWNVYqFDURqFbV8WxMJ3DgN4Dvg9XLc6MYxzUdbjqjypBygXJFcHMcSAL2QGUH12WDkFfDqd8YrqHfH8sV2i8YM,hold 150 slots,-0.09495781547328985
DU323DieHUGPmYamp6A4Ai1V4YSYgRi35mGpzJGrjf7k,DU323D,GifSmdK6vcWJoMzoST8uonygSeRBt6BWJcnMB2JGpump,3XWNVYqFDURqFbV8WxMJ3DgN4Dvg9XLc6MYxzUdbjqjypBygXJFcHMcSAL2QGUH12WDkFfDqd8YrqHfH8sV2i8YM,TP 10% / SL 10%,-0.11781940910464905
DU323DieHUGPmYamp6A4Ai1V4YSYgRi35mGpzJGrjf7k,DU323D,GifSmdK6vcWJoMzoST8uonygSeRBt6BWJcnMB2JGpump,3XWNVYqFDURqFbV8WxMJ3DgN4Dvg9XLc6MYxzUdbjqjypBygXJFcHMcSAL2QGUH12WDkFfDqd8YrqHfH8sV2i8YM,TP 20% / SL 10%,-0.11781940910464905
DU323DieHUGPmYamp6A4Ai1V4YSYgRi35mGpzJGrjf7k,DU323D,GifSmdK6vcWJoMzoST8uonygSeRBt6BWJcnMB2JGpump,3XWNVYqFDURqFbV8WxMJ3DgN4Dvg9XLc6MYxzUdbjqjypBygXJFcHMcSAL2QGUH12WDkFfDqd8YrqHfH8sV2i8YM,TP 30% / SL 15%,-0.09495781547328985
DU323DieHUGPmYamp6A4Ai1V4YSYgRi35mGpzJGrjf7k,DU323D,GifSmdK6vcWJoMzoST8uonygSeRBt6BWJcnMB2JGpump,3XWNVYqFDURqFbV8WxMJ3DgN4Dvg9XLc6MYxzUdbjqjypBygXJFcHMcSAL2QGUH12WDkFfDqd8YrqHfH8sV2i8YM,TP 50% / SL 25%,-0.09495781547328985
DU323DieHUGPmYamp6A4Ai1V4YSYgRi35mGpzJGrjf7k,DU323D,GifSmdK6vcWJoMzoST8uonygSeRBt6BWJcnMB2JGpump,3XWNVYqFDURqFbV8WxMJ3DgN4Dvg9XLc6MYxzUdbjqjypBygXJFcHMcSAL2QGUH12WDkFfDqd8YrqHfH8sV2i8YM,TP 100% / SL 30%,-0.09495781547328985
DU323DieHUGPmYamp6A4Ai1V4YSYgRi35mGpzJGrjf7k,DU323D,Dk8vwnZSAN3pC5sazSpcJmw4ngtDGdPcWtnGemqPpump,2pzE1pp5uyTyqk39uS2jT3dagGKQYPgJEMk641ZsDa4im72x6LUF4CjYGAXqqDDgMJqs76hew6rTK6dPQDNHcXMv,follow wallet,-0.4124835266390256
DU323DieHUGPmYamp6A4Ai1V4YSYgRi35mGpzJGrjf7k,DU323D,Dk8vwnZSAN3pC5sazSpcJmw4ngtDGdPcWtnGemqPpump,2pzE1pp5uyTyqk39uS2jT3dagGKQYPgJEMk641ZsDa4im72x6LUF4CjYGAXqqDDgMJqs76hew6rTK6dPQDNHcXMv,hold 1 slots,-0.059105707838404534
DU323DieHUGPmYamp6A4Ai1V4YSYgRi35mGpzJGrjf7k,DU323D,Dk8vwnZSAN3pC5sazSpcJmw4ngtDGdPcWtnGemqPpump,2pzE1pp5uyTyqk39uS2jT3dagGKQYPgJEMk641ZsDa4im72x6LUF4CjYGAXqqDDgMJqs76hew6rTK6dPQDNHcXMv,hold 3 slots,-0.10927480936577821
DU323DieHUGPmYamp6A4Ai1V4YSYgRi35mGpzJGrjf7k,DU323D,Dk8vwnZSAN3pC5sazSpcJmw4ngtDGdPcWtnGemqPpump,2pzE1pp5uyTyqk39uS2jT3dagGKQYPgJEMk641ZsDa4im72x6LUF4CjYGAXqqDDgMJqs76hew6rTK6dPQDNHcXMv,hold 5 slots,-0.19233393358763373
DU323DieHUGPmYamp6A4Ai1V4YSYgRi35mGpzJGrjf7k,DU323D,Dk8vwnZSAN3pC5sazSpcJmw4ngtDGdPcWtnGemqPpump,2pzE1pp5uyTyqk39uS2jT3dagGKQYPgJEMk641ZsDa4im72x6LUF4CjYGAXqqDDgMJqs76hew6rTK6dPQDNHcXMv,hold 12 slots,-0.2350800893416437
DU323DieHUGPmYamp6A4Ai1V4YSYgRi35mGpzJGrjf7k,DU323D,Dk8vwnZSAN3pC5sazSpcJmw4ngtDGdPcWtnGemqPpump,2pzE1pp5uyTyqk39uS2jT3dagGKQYPgJEMk641ZsDa4im72x6LUF4CjYGAXqqDDgMJqs76hew6rTK6dPQDNHcXMv,hold 25 slots,-0.28830573209522187
DU323DieHUGPmYamp6A4Ai1V4YSYgRi35mGpzJGrjf7k,DU323D,Dk8vwnZSAN3pC5sazSpcJmw4ngtDGdPcWtnGemqPpump,2pzE1pp5uyTyqk39uS2jT3dagGKQYPgJEMk641ZsDa4im72x6LUF4CjYGAXqqDDgMJqs76hew6rTK6dPQDNHcXMv,hold 50 slots,-0.36929437671333254
DU323DieHUGPmYamp6A4Ai1V4YSYgRi35mGpzJGrjf7k,DU323D,Dk8vwnZSAN3pC5sazSpcJmw4ngtDGdPcWtnGemqPpump,2pzE1pp5uyTyqk39uS2jT3dagGKQYPgJEMk641ZsDa4im72x6LUF4CjYGAXqqDDgMJqs76hew6rTK6dPQDNHcXMv,hold 75 slots,-0.41154543628866186
DU323DieHUGPmYamp6A4Ai1V4YSYgRi35mGpzJGrjf7k,DU323D,Dk8vwnZSAN3pC5sazSpcJmw4ngtDGdPcWtnGemqPpump,2pzE1pp5uyTyqk39uS2jT3dagGKQYPgJEMk641ZsDa4im72x6LUF4CjYGAXqqDDgMJqs76hew6rTK6dPQDNHcXMv,hold 150 slots,-0.41689411116615355
DU323DieHUGPmYamp6A4Ai1V4YSYgRi35mGpzJGrjf7k,DU323D,Dk8vwnZSAN3pC5sazSpcJmw4ngtDGdPcWtnGemqPpump,2pzE1pp5uyTyqk39uS2jT3dagGKQYPgJEMk641ZsDa4im72x6LUF4CjYGAXqqDDgMJqs76hew6rTK6dPQDNHcXMv,TP 10% / SL 10%,-0.10927480936577821
DU323DieHUGPmYamp6A4Ai1V4YSYgRi35mGpzJGrjf7k,DU323D,Dk8vwnZSAN3pC5sazSpcJmw4ngtDGdPcWtnGemqPpump,2pzE1pp5uyTyqk39uS2jT3dagGKQYPgJEMk641ZsDa4im72x6LUF4CjYGAXqqDDgMJqs76hew6rTK6dPQDNHcXMv,TP 20% / SL 10%,-0.10927480936577821
DU323DieHUGPmYamp6A4Ai1V4YSYgRi35mGpzJGrjf7k,DU323D,Dk8vwnZSAN3pC5sazSpcJmw4ngtDGdPcWtnGemqPpump,2pzE1pp5uyTyqk39uS2jT3dagGKQYPgJEMk641ZsDa4im72x6LUF4CjYGAXqqDDgMJqs76hew6rTK6dPQDNHcXMv,TP 30% / SL 15%,-0.19233393358763373
DU323DieHUGPmYamp6A4Ai1V4YSYgRi35mGpzJGrjf7k,DU323D,Dk8vwnZSAN3pC5sazSpcJmw4ngtDGdPcWtnGemqPpump,2pzE1pp5uyTyqk39uS2jT3dagGKQYPgJEMk641ZsDa4im72x6LUF4CjYGAXqqDDgMJqs76hew6rTK6dPQDNHcXMv,TP 50% / SL 25%,-0.28830573209522187
DU323DieHUGPmYamp6A4Ai1V4YSYgRi35mGpzJGrjf7k,DU323D,Dk8vwnZSAN3pC5sazSpcJmw4ngtDGdPcWtnGemqPpump,2pzE1pp5uyTyqk39uS2jT3dagGKQYPgJEMk641ZsDa4im72x6LUF4CjYGAXqqDDgMJqs76hew6rTK6dPQDNHcXMv,TP 100% / SL 30%,-0.36929437671333254
DU323DieHUGPmYamp6A4Ai1V4YSYgRi35mGpzJGrjf7k,DU323D,GeJ3r8rCZufJ26vvkKBBykEvyb7Uz5vXiDmiE5eXpump,3tEwXPWQ79TN5CwhgPrmzWHuc7VofWG2FKxh4qvmKmVvC7JEmJjgjfVgmKNNsak4vJeaeHdPhLCzDxrZaHXZAAhD,follow wallet,-0.3589865260792929
DU323DieHUGPmYamp6A4Ai1V4YSYgRi35mGpzJGrjf7k,DU323D,GeJ3r8rCZufJ26vvkKBBykEvyb7Uz5vXiDmiE5eXpump,3tEwXPWQ79TN5CwhgPrmzWHuc7VofWG2FKxh4qvmKmVvC7JEmJjgjfVgmKNNsak4vJeaeHdPhLCzDxrZaHXZAAhD,hold 1 slots,-0.0130686769826715
DU323DieHUGPmYamp6A4Ai1V4YSYgRi35mGpzJGrjf7k,DU323D,GeJ3r8rCZufJ26vvkKBBykEvyb7Uz5vXiDmiE5eXpump,3tEwXPWQ79TN5CwhgPrmzWHuc7VofWG2FKxh4qvmKmVvC7JEmJjgjfVgmKNNsak4vJeaeHdPhLCzDxrZaHXZAAhD,hold 3 slots,-0.049715869890427825
DU323DieHUGPmYamp6A4Ai1V4YSYgRi35mGpzJGrjf7k,DU323D,GeJ3r8rCZufJ26vvkKBBykEvyb7Uz5vXiDmiE5eXpump,3tEwXPWQ79TN5CwhgPrmzWHuc7VofWG2FKxh4qvmKmVvC7JEmJjgjfVgmKNNsak4vJeaeHdPhLCzDxrZaHXZAAhD,hold 5 slots,-0.060967202208529116
DU323DieHUGPmYamp6A4Ai1V4YSYgRi35mGpzJGrjf7k,DU323D,GeJ3r8rCZufJ26vvkKBBykEvyb7Uz5vXiDmiE5eXpump,3tEwXPWQ79TN5CwhgPrmzWHuc7VofWG2FKxh4qvmKmVvC7JEmJjgjfVgmKNNsak4vJeaeHdPhLCzDxrZaHXZAAhD,hold 12 slots,-0.07745958816746581
DU323DieHUGPmYamp6A4Ai1V4YSYgRi35mGpzJGrjf7k,DU323D,GeJ3r8rCZufJ26vvkKBBykEvyb7Uz5vXiDmiE5eXpump,3tEwXPWQ79TN5CwhgPrmzWHuc7VofWG2FKxh4qvmKmVvC7JEmJjgjfVgmKNNsak4vJeaeHdPhLCzDxrZaHXZAAhD,hold 25 slots,-0.06653572213084352
DU323DieHUGPmYamp6A4Ai1V4YSYgRi35mGpzJGrjf7k,DU323D,GeJ3r8rCZufJ26vvkKBBykEvyb7Uz5vXiDmiE5eXpump,3tEwXPWQ79TN5CwhgPrmzWHuc7VofWG2FKxh4qvmKmVvC7JEmJjgjfVgmKNNsak4vJeaeHdPhLCzDxrZaHXZAAhD,hold 50 slots,-0.09697202097261845
DU323DieHUGPmYamp6A4Ai1V4YSYgRi35mGpzJGrjf7k,DU323D,GeJ3r8rCZufJ26vvkKBBykEvyb7Uz5vXiDmiE5eXpump,3tEwXPWQ79TN5CwhgPrmzWHuc7VofWG2FKxh4qvmKmVvC7JEmJjgjfVgmKNNsak4vJeaeHdPhLCzDxrZaHXZAAhD,hold 75 slots,-0.036510421751083974
DU323DieHUGPmYamp6A4Ai1V4YSYgRi35mGpzJGrjf7k,DU323D,GeJ3r8rCZufJ26vvkKBBykEvyb7Uz5vXiDmiE5eXpump,3tEwXPWQ79TN5CwhgPrmzWHuc7VofWG2FKxh4qvmKmVvC7JEmJjgjfVgmKNNsak4vJeaeHdPhLCzDxrZaHXZAAhD,hold 150 slots,-0.03436569715406371
DU323DieHUGPmYamp6A4Ai1V4YSYgRi35mGpzJGrjf7k,DU323D,GeJ3r8rCZufJ26vvkKBBykEvyb7Uz5vXiDmiE5eXpump,3tEwXPWQ79TN5CwhgPrmzWHuc7VofWG2FKxh4qvmKmVvC7JEmJjgjfVgmKNNsak4vJeaeHdPhLCzDxrZaHXZAAhD,TP 10% / SL 10%,-0.12630666854200565
DU323DieHUGPmYamp6A4Ai1V4YSYgRi35mGpzJGrjf7k,DU323D,GeJ3r8rCZufJ26vvkKBBykEvyb7Uz5vXiDmiE5eXpump,3tEwXPWQ79TN5CwhgPrmzWHuc7VofWG2FKxh4qvmKmVvC7JEmJjgjfVgmKNNsak4vJeaeHdPhLCzDxrZaHXZAAhD,TP 20% / SL 10%,-0.12630666854200565
DU323DieHUGPmYamp6A4Ai1V4YSYgRi35mGpzJGrjf7k,DU323D,GeJ3r8rCZufJ26vvkKBBykEvyb7Uz5vXiDmiE5eXpump,3tEwXPWQ79TN5CwhgPrmzWHuc7VofWG2FKxh4qvmKmVvC7JEmJjgjfVgmKNNsak4vJeaeHdPhLCzDxrZaHXZAAhD,TP 30% / SL 15%,-0.03436569715406371
DU323DieHUGPmYamp6A4Ai1V4YSYgRi35mGpzJGrjf7k,DU323D,GeJ3r8rCZufJ26vvkKBBykEvyb7Uz5vXiDmiE5eXpump,3tEwXPWQ79TN5CwhgPrmzWHuc7VofWG2FKxh4qvmKmVvC7JEmJjgjfVgmKNNsak4vJeaeHdPhLCzDxrZaHXZAAhD,TP 50% / SL 25%,-0.03436569715406371
DU323DieHUGPmYamp6A4Ai1V4YSYgRi35mGpzJGrjf7k,DU323D,GeJ3r8rCZufJ26vvkKBBykEvyb7Uz5vXiDmiE5eXpump,3tEwXPWQ79TN5CwhgPrmzWHuc7VofWG2FKxh4qvmKmVvC7JEmJjgjfVgmKNNsak4vJeaeHdPhLCzDxrZaHXZAAhD,TP 100% / SL 30%,-0.03436569715406371
DU323DieHUGPmYamp6A4Ai1V4YSYgRi35mGpzJGrjf7k,DU323D,AKJSxPZvNdThYV3U7GX7EFNqXn7GSZtv6FkkEuaRzfE6,4efhe7Qx7XHn9puvkMdevi7eNqe71KJ1KNx7om9zmpW8E2dmmfeWxbUQxoepj5q5S7BszJ5X84ZV4vXpao1TkH7M,follow wallet,-0.40911752519729067
DU323DieHUGPmYamp6A4Ai1V4YSYgRi35mGpzJGrjf7k,DU323D,AKJSxPZvNdThYV3U7GX7EFNqXn7GSZtv6FkkEuaRzfE6,4efhe7Qx7XHn9puvkMdevi7eNqe71KJ1KNx7om9zmpW8E2dmmfeWxbUQxoepj5q5S7BszJ5X84ZV4vXpao1TkH7M,hold 1 slots,-0.06326863197305357
DU323DieHUGPmYamp6A4Ai1V4YSYgRi35mGpzJGrjf7k,DU323D,AKJSxPZvNdThYV3U7GX7EFNqXn7GSZtv6FkkEuaRzfE6,4efhe7Qx7XHn9puvkMdevi7eNqe71KJ1KNx7om9zmpW8E2dmmfeWxbUQxoepj5q5S7BszJ5X84ZV4vXpao1TkH7M,hold 3 slots,-0.08046582316263734
DU323DieHUGPmYamp6A4Ai1V4YSYgRi35mGpzJGrjf7k,DU323D,AKJSxPZvNdThYV3U7GX7EFNqXn7GSZtv6FkkEuaRzfE6,4efhe7Qx7XHn9puvkMdevi7eNqe71KJ1KNx7om9zmpW8E2dmmfeWxbUQxoepj5q5S7BszJ5X84ZV4vXpao1TkH7M,hold 5 slots,-0.06060964585814214
DU323DieHUGPmYamp6A4Ai1V4YSYgRi35mGpzJGrjf7k,DU323D,AKJSxPZvNdThYV3U7GX7EFNqXn7GSZtv6FkkEuaRzfE6,4efhe7Qx7XHn9puvkMdevi7eNqe71KJ1KNx7om9zmpW8E2dmmfeWxbUQxoepj5q5S7BszJ5X84ZV4vXpao1TkH7M,hold 12 slots,-0.17839396820960451
DU323DieHUGPmYamp6A4Ai1V4YSYgRi35mGpzJGrjf7k,DU323D,AKJSxPZvNdThYV3U7GX7EFNqXn7GSZtv6FkkEuaRzfE6,4efhe7Qx7XHn9puvkMdevi7eNqe71KJ1KNx7om9zmpW8E2dmmfeWxbUQxoepj5q5S7BszJ5X84ZV4vXpao1TkH7M,hold 25 slots,0.12334657039841318
DU323DieHUGPmYamp6A4Ai1V4YSYgRi35mGpzJGrjf7k,DU323D,AKJSxPZvNdThYV3U7GX7EFNqXn7GSZtv6FkkEuaRzfE6,4efhe7Qx7XHn9puvkMdevi7eNqe71KJ1KNx7om9zmpW8E2dmmfeWxbUQxoepj5q5S7BszJ5X84ZV4vXpao1TkH7M,hold 50 slots,0.016205356933811067
DU323DieHUGPmYamp6A4Ai1V4YSYgRi35mGpzJGrjf7k,DU323D,AKJSxPZvNdThYV3U7GX7EFNqXn7GSZtv6FkkEuaRzfE6,4efhe7Qx7XHn9puvkMdevi7eNqe71KJ1KNx7om9zmpW8E2dmmfeWxbUQxoepj5q5S7BszJ5X84ZV4vXpao1TkH7M,hold 75 slots,0.06118890066897154
DU323DieHUGPmYamp6A4Ai1V4YSYgRi35mGpzJGrjf7k,DU323D,AKJSxPZvNdThYV3U7GX7EFNqXn7GSZtv6FkkEuaRzfE6,4efhe7Qx7XHn9puvkMdevi7eNqe71KJ1KNx7om9zmpW8E2dmmfeWxbUQxoepj5q5S7BszJ5X84ZV4vXpao1TkH7M,hold 150 slots,0.15476147049451422
DU323DieHUGPmYamp6A4Ai1V4YSYgRi35mGpzJGrjf7k,DU323D,AKJSxPZvNdThYV3U7GX7EFNqXn7GSZtv6FkkEuaRzfE6,4efhe7Qx7XHn9puvkMdevi7eNqe71KJ1KNx7om9zmpW8E2dmmfeWxbUQxoepj5q5S7BszJ5X84ZV4vXpao1TkH7M,TP 10% / SL 10%,-0.17839396820960451
DU323DieHUGPmYamp6A4Ai1V4YSYgRi35mGpzJGrjf7k,DU323D,AKJSxPZvNdThYV3U7GX7EFNqXn7GSZtv6FkkEuaRzfE6,4efhe7Qx7XHn9puvkMdevi7eNqe71KJ1KNx7om9zmpW8E2dmmfeWxbUQxoepj5q5S7BszJ5X84ZV4vXpao1TkH7M,TP 20% / SL 10%,-0.17839396820960451
DU323DieHUGPmYamp6A4Ai1V4YSYgRi35mGpzJGrjf7k,DU323D,AKJSxPZvNdThYV3U7GX7EFNqXn7GSZtv6FkkEuaRzfE6,4efhe7Qx7XHn9puvkMdevi7eNqe71KJ1KNx7om9zmpW8E2dmmfeWxbUQxoepj5q5S7BszJ5X84ZV4vXpao1TkH7M,TP 30% / SL 15%,-0.17839396820960451
DU323DieHUGPmYamp6A4Ai1V4YSYgRi35mGpzJGrjf7k,DU323D,AKJSxPZvNdThYV3U7GX7EFNqXn7GSZtv6FkkEuaRzfE6,4efhe7Qx7XHn9puvkMdevi7eNqe71KJ1KNx7om9zmpW8E2dmmfeWxbUQxoepj5q5S7BszJ5X84ZV4vXpao1TkH7M,TP 50% / SL 25%,0.15476147049451422
DU323DieHUGPmYamp6A4Ai1V4YSYgRi35mGpzJGrjf7k,DU323D,AKJSxPZvNdThYV3U7GX7EFNqXn7GSZtv6FkkEuaRzfE6,4efhe7Qx7XHn9puvkMdevi7eNqe71KJ1KNx7om9zmpW8E2dmmfeWxbUQxoepj5q5S7BszJ5X84ZV4vXpao1TkH7M,TP 100% / SL 30%,0.15476147049451422
GDoG4tdbx8qkpECQKF5MebbEDpFJn6H739psqgoTG3aN,GDoG4t,F1gjV4TbXwzborxk1x3UzhRPYzwPxUdZcqNJrrFTZvdj,4JaepCpSYrSbfA9BexnPyzLriS5BMbw8PPguNWuyjr9j1DRYpm7TpXppcxM5wf5V7MnveVZSqKLS2aUoy2bFzmoY,follow wallet,-0.1971403463587177
GDoG4tdbx8qkpECQKF5MebbEDpFJn6H739psqgoTG3aN,GDoG4t,F1gjV4TbXwzborxk1x3UzhRPYzwPxUdZcqNJrrFTZvdj,4JaepCpSYrSbfA9BexnPyzLriS5BMbw8PPguNWuyjr9j1DRYpm7TpXppcxM5wf5V7MnveVZSqKLS2aUoy2bFzmoY,hold 1 slots,0.0771111742380016
GDoG4tdbx8qkpECQKF5MebbEDpFJn6H739psqgoTG3aN,GDoG4t,F1gjV4TbXwzborxk1x3UzhRPYzwPxUdZcqNJrrFTZvdj,4JaepCpSYrSbfA9BexnPyzLriS5BMbw8PPguNWuyjr9j1DRYpm7TpXppcxM5wf5V7MnveVZSqKLS2aUoy2bFzmoY,hold 3 slots,0.22353928470925236
GDoG4tdbx8qkpECQKF5MebbEDpFJn6H739psqgoTG3aN,GDoG4t,F1gjV4TbXwzborxk1x3UzhRPYzwPxUdZcqNJrrFTZvdj,4JaepCpSYrSbfA9BexnPyzLriS5BMbw8PPguNWuyjr9j1DRYpm7TpXppcxM5wf5V7MnveVZSqKLS2aUoy2bFzmoY,hold 5 slots,0.15411522793474172
GDoG4tdbx8qkpECQKF5MebbEDpFJn6H739psqgoTG3aN,GDoG4t,F1gjV4TbXwzborxk1x3UzhRPYzwPxUdZcqNJrrFTZvdj,4JaepCpSYrSbfA9BexnPyzLriS5BMbw8PPguNWuyjr9j1DRYpm7TpXppcxM5wf5V7MnveVZSqKLS2aUoy2bFzmoY,hold 12 slots,0.14490049772879218
GDoG4tdbx8qkpECQKF5MebbEDpFJn6H739psqgoTG3aN,GDoG4t,F1gjV4TbXwzborxk1x3UzhRPYzwPxUdZcqNJrrFTZvdj,4JaepCpSYrSbfA9BexnPyzLriS5BMbw8PPguNWuyjr9j1DRYpm7TpXppcxM5wf5V7MnveVZSqKLS2aUoy2bFzmoY,hold 25 slots,0.13581693027549005
GDoG4tdbx8qkpECQKF5MebbEDpFJn6H739psqgoTG3aN,GDoG4t,F1gjV4TbXwzborxk1x3UzhRPYzwPxUdZcqNJrrFTZvdj,4JaepCpSYrSbfA9BexnPyzLriS5BMbw8PPguNWuyjr9j1DRYpm7TpXppcxM5wf5V7MnveVZSqKLS2aUoy2bFzmoY,hold 50 slots,-0.027770107573964
GDoG4tdbx8qkpECQKF5MebbEDpFJn6H739psqgoTG3aN,GDoG4t,F1gjV4TbXwzborxk1x3UzhRPYzwPxUdZcqNJrrFTZvdj,4JaepCpSYrSbfA9BexnPyzLriS5BMbw8PPguNWuyjr9j1DRYpm7TpXppcxM5wf5V7MnveVZSqKLS2aUoy2bFzmoY,hold 75 slots,-0.14144006344886995
GDoG4tdbx8qkpECQKF5MebbEDpFJn6H739psqgoTG3aN,GDoG4t,F1gjV4TbXwzborxk1x3UzhRPYzwPxUdZcqNJrrFTZvdj,4JaepCpSYrSbfA9BexnPyzLriS5BMbw8PPguNWuyjr9j1DRYpm7TpXppcxM5wf5V7MnveVZSqKLS2aUoy2bFzmoY,hold 150 slots,-0.1971403463587177
GDoG4tdbx8qkpECQKF5MebbEDpFJn6H739psqgoTG3aN,GDoG4t,F1gjV4TbXwzborxk1x3UzhRPYzwPxUdZcqNJrrFTZvdj,4JaepCpSYrSbfA9BexnPyzLriS5BMbw8PPguNWuyjr9j1DRYpm7TpXppcxM5wf5V7MnveVZSqKLS2aUoy2bFzmoY,TP 10% / SL 10%,0.21602468056314206
GDoG4tdbx8qkpECQKF5MebbEDpFJn6H739psqgoTG3aN,GDoG4t,F1gjV4TbXwzborxk1x3UzhRPYzwPxUdZcqNJrrFTZvdj,4JaepCpSYrSbfA9BexnPyzLriS5BMbw8PPguNWuyjr9j1DRYpm7TpXppcxM5wf5V7MnveVZSqKLS2aUoy2bFzmoY,TP 20% / SL 10%,0.21602468056314206
GDoG4tdbx8qkpECQKF5MebbEDpFJn6H739psqgoTG3aN,GDoG4t,F1gjV4TbXwzborxk1x3UzhRPYzwPxUdZcqNJrrFTZvdj,4JaepCpSYrSbfA9BexnPyzLriS5BMbw8PPguNWuyjr9j1DRYpm7TpXppcxM5wf5V7MnveVZSqKLS2aUoy2bFzmoY,TP 30% / SL 15%,-0.1971403463587177
GDoG4tdbx8qkpECQKF5MebbEDpFJn6H739psqgoTG3aN,GDoG4t,F1gjV4TbXwzborxk1x3UzhRPYzwPxUdZcqNJrrFTZvdj,4JaepCpSYrSbfA9BexnPyzLriS5BMbw8PPguNWuyjr9j1DRYpm7TpXppcxM5wf5V7MnveVZSqKLS2aUoy2bFzmoY,TP 50% / SL 25%,-0.1971403463587177
GDoG4tdbx8qkpECQKF5MebbEDpFJn6H739psqgoTG3aN,GDoG4t,F1gjV4TbXwzborxk1x3UzhRPYzwPxUdZcqNJrrFTZvdj,4JaepCpSYrSbfA9BexnPyzLriS5BMbw8PPguNWuyjr9j1DRYpm7TpXppcxM5wf5V7MnveVZSqKLS2aUoy2bFzmoY,TP 100% / SL 30%,-0.1971403463587177
GDoG4tdbx8qkpECQKF5MebbEDpFJn6H739psqgoTG3aN,GDoG4t,3uLwMK2W8KBw3jvk3jHUmSR7gaPPor4H1pza1YD2pump,2472fqES4JpqDPqppnr7ASjKwWxHQu5dCN7iHjgNHv9KLq3NdYMcAeYbz4QAnDdsuMhNevvEM2UtfCzYTjWvnhQx,follow wallet,-0.09822243341952086
GDoG4tdbx8qkpECQKF5MebbEDpFJn6H739psqgoTG3aN,GDoG4t,3uLwMK2W8KBw3jvk3jHUmSR7gaPPor4H1pza1YD2pump,2472fqES4JpqDPqppnr7ASjKwWxHQu5dCN7iHjgNHv9KLq3NdYMcAeYbz4QAnDdsuMhNevvEM2UtfCzYTjWvnhQx,hold 1 slots,-0.06205698289103603
GDoG4tdbx8qkpECQKF5MebbEDpFJn6H739psqgoTG3aN,GDoG4t,3uLwMK2W8KBw3jvk3jHUmSR7gaPPor4H1pza1YD2pump,2472fqES4JpqDPqppnr7ASjKwWxHQu5dCN7iHjgNHv9KLq3NdYMcAeYbz4QAnDdsuMhNevvEM2UtfCzYTjWvnhQx,hold 3 slots,-0.06205698289103603
GDoG4tdbx8qkpECQKF5MebbEDpFJn6H739psqgoTG3aN,GDoG4t,3uLwMK2W8KBw3jvk3jHUmSR7gaPPor4H1pza1YD2pump,2472fqES4JpqDPqppnr7ASjKwWxHQu5dCN7iHjgNHv9KLq3NdYMcAeYbz4QAnDdsuMhNevvEM2UtfCzYTjWvnhQx,hold 5 slots,-0.06205698289103603
GDoG4tdbx8qkpECQKF5MebbEDpFJn6H739psqgoTG3aN,GDoG4t,3uLwMK2W8KBw3jvk3jHUmSR7gaPPor4H1pza1YD2pump,2472fqES4JpqDPqppnr7ASjKwWxHQu5dCN7iHjgNHv9KLq3NdYMcAeYbz4QAnDdsuMhNevvEM2UtfCzYTjWvnhQx,hold 12 slots,-0.03428590367370665
GDoG4tdbx8qkpECQKF5MebbEDpFJn6H739psqgoTG3aN,GDoG4t,3uLwMK2W8KBw3jvk3jHUmSR7gaPPor4H1pza1YD2pump,2472fqES4JpqDPqppnr7ASjKwWxHQu5dCN7iHjgNHv9KLq3NdYMcAeYbz4QAnDdsuMhNevvEM2UtfCzYTjWvnhQx,hold 25 slots,-0.03428590367370665
GDoG4tdbx8qkpECQKF5MebbEDpFJn6H739psqgoTG3aN,GDoG4t,3uLwMK2W8KBw3jvk3jHUmSR7gaPPor4H1pza1YD2pump,2472fqES4JpqDPqppnr7ASjKwWxHQu5dCN7iHjgNHv9KLq3NdYMcAeYbz4QAnDdsuMhNevvEM2UtfCzYTjWvnhQx,hold 50 slots,-0.024549779638631343
GDoG4tdbx8qkpECQKF5MebbEDpFJn6H739psqgoTG3aN,GDoG4t,3uLwMK2W8KBw3jvk3jHUmSR7gaPPor4H1pza1YD2pump,2472fqES4JpqDPqppnr7ASjKwWxHQu5dCN7iHjgNHv9KLq3NdYMcAeYbz4QAnDdsuMhNevvEM2UtfCzYTjWvnhQx,hold 75 slots,-0.03713840138029242
GDoG4tdbx8qkpECQKF5MebbEDpFJn6H739psqgoTG3aN,GDoG4t,3uLwMK2W8KBw3jvk3jHUmSR7gaPPor4H1pza1YD2pump,2472fqES4JpqDPqppnr7ASjKwWxHQu5dCN7iHjgNHv9KLq3NdYMcAeYbz4QAnDdsuMhNevvEM2UtfCzYTjWvnhQx,hold 150 slots,-0.09822243341952086
GDoG4tdbx8qkpECQKF5MebbEDpFJn6H739psqgoTG3aN,GDoG4t,3uLwMK2W8KBw3jvk3jHUmSR7gaPPor4H1pza1YD2pump,2472fqES4JpqDPqppnr7ASjKwWxHQu5dCN7iHjgNHv9KLq3NdYMcAeYbz4QAnDdsuMhNevvEM2UtfCzYTjWvnhQx,TP 10% / SL 10%,-0.09822243341952086
GDoG4tdbx8qkpECQKF5MebbEDpFJn6H739psqgoTG3aN,GDoG4t,3uLwMK2W8KBw3jvk3jHUmSR7gaPPor4H1pza1YD2pump,2472fqES4JpqDPqppnr7ASjKwWxHQu5dCN7iHjgNHv9KLq3NdYMcAeYbz4QAnDdsuMhNevvEM2UtfCzYTjWvnhQx,TP 20% / SL 10%,-0.09822243341952086
GDoG4tdbx8qkpECQKF5MebbEDpFJn6H739psqgoTG3aN,GDoG4t,3uLwMK2W8KBw3jvk3jHUmSR7gaPPor4H1pza1YD2pump,2472fqES4JpqDPqppnr7ASjKwWxHQu5dCN7iHjgNHv9KLq3NdYMcAeYbz4QAnDdsuMhNevvEM2UtfCzYTjWvnhQx,TP 30% / SL 15%,-0.09822243341952086
GDoG4tdbx8qkpECQKF5MebbEDpFJn6H739psqgoTG3aN,GDoG4t,3uLwMK2W8KBw3jvk3jHUmSR7gaPPor4H1pza1YD2pump,2472fqES4JpqDPqppnr7ASjKwWxHQu5dCN7iHjgNHv9KLq3NdYMcAeYbz4QAnDdsuMhNevvEM2UtfCzYTjWvnhQx,TP 50% / SL 25%,-0.09822243341952086
GDoG4tdbx8qkpECQKF5MebbEDpFJn6H739psqgoTG3aN,GDoG4t,3uLwMK2W8KBw3jvk3jHUmSR7gaPPor4H1pza1YD2pump,2472fqES4JpqDPqppnr7ASjKwWxHQu5dCN7iHjgNHv9KLq3NdYMcAeYbz4QAnDdsuMhNevvEM2UtfCzYTjWvnhQx,TP 100% / SL 30%,-0.09822243341952086
GDoG4tdbx8qkpECQKF5MebbEDpFJn6H739psqgoTG3aN,GDoG4t,4Ts6pM5aKcd5Po3mqaLCtzZgqZrz9c1LTj8AGzDqpons,GjS75whXUZC4zpVU3cypLBhsyHkuAJRJ3eDAoAHkRhnEP9smMTUPB6h7zd7SYSmFLqyTE6nBigCy7EQec8VZudt,follow wallet,0.9690516181055622
GDoG4tdbx8qkpECQKF5MebbEDpFJn6H739psqgoTG3aN,GDoG4t,4Ts6pM5aKcd5Po3mqaLCtzZgqZrz9c1LTj8AGzDqpons,GjS75whXUZC4zpVU3cypLBhsyHkuAJRJ3eDAoAHkRhnEP9smMTUPB6h7zd7SYSmFLqyTE6nBigCy7EQec8VZudt,hold 1 slots,-0.05197857958261717
GDoG4tdbx8qkpECQKF5MebbEDpFJn6H739psqgoTG3aN,GDoG4t,4Ts6pM5aKcd5Po3mqaLCtzZgqZrz9c1LTj8AGzDqpons,GjS75whXUZC4zpVU3cypLBhsyHkuAJRJ3eDAoAHkRhnEP9smMTUPB6h7zd7SYSmFLqyTE6nBigCy7EQec8VZudt,hold 3 slots,-0.04717496385537911
GDoG4tdbx8qkpECQKF5MebbEDpFJn6H739psqgoTG3aN,GDoG4t,4Ts6pM5aKcd5Po3mqaLCtzZgqZrz9c1LTj8AGzDqpons,GjS75whXUZC4zpVU3cypLBhsyHkuAJRJ3eDAoAHkRhnEP9smMTUPB6h7zd7SYSmFLqyTE6nBigCy7EQec8VZudt,hold 5 slots,-0.04961767734109378
GDoG4tdbx8qkpECQKF5MebbEDpFJn6H739psqgoTG3aN,GDoG4t,4Ts6pM5aKcd5Po3mqaLCtzZgqZrz9c1LTj8AGzDqpons,GjS75whXUZC4zpVU3cypLBhsyHkuAJRJ3eDAoAHkRhnEP9smMTUPB6h7zd7SYSmFLqyTE6nBigCy7EQec8VZudt,hold 12 slots,-0.04961767734109378
GDoG4tdbx8qkpECQKF5MebbEDpFJn6H739psqgoTG3aN,GDoG4t,4Ts6pM5aKcd5Po3mqaLCtzZgqZrz9c1LTj8AGzDqpons,GjS75whXUZC4zpVU3cypLBhsyHkuAJRJ3eDAoAHkRhnEP9smMTUPB6h7zd7SYSmFLqyTE6nBigCy7EQec8VZudt,hold 25 slots,-0.051993634874397635
GDoG4tdbx8qkpECQKF5MebbEDpFJn6H739psqgoTG3aN,GDoG4t,4Ts6pM5aKcd5Po3mqaLCtzZgqZrz9c1LTj8AGzDqpons,GjS75whXUZC4zpVU3cypLBhsyHkuAJRJ3eDAoAHkRhnEP9smMTUPB6h7zd7SYSmFLqyTE6nBigCy7EQec8VZudt,hold 50 slots,-0.017566607014533758
GDoG4tdbx8qkpECQKF5MebbEDpFJn6H739psqgoTG3aN,GDoG4t,4Ts6pM5aKcd5Po3mqaLCtzZgqZrz9c1LTj8AGzDqpons,GjS75whXUZC4zpVU3cypLBhsyHkuAJRJ3eDAoAHkRhnEP9smMTUPB6h7zd7SYSmFLqyTE6nBigCy7EQec8VZudt,hold 75 slots,-0.027111890984455586
GDoG4tdbx8qkpECQKF5MebbEDpFJn6H739psqgoTG3aN,GDoG4t,4Ts6pM5aKcd5Po3mqaLCtzZgqZrz9c1LTj8AGzDqpons,GjS75whXUZC4zpVU3cypLBhsyHkuAJRJ3eDAoAHkRhnEP9smMTUPB6h7zd7SYSmFLqyTE6nBigCy7EQec8VZudt,hold 150 slots,-0.03676725821581733
GDoG4tdbx8qkpECQKF5MebbEDpFJn6H739psqgoTG3aN,GDoG4t,4Ts6pM5aKcd5Po3mqaLCtzZgqZrz9c1LTj8AGzDqpons,GjS75whXUZC4zpVU3cypLBhsyHkuAJRJ3eDAoAHkRhnEP9smMTUPB6h7zd7SYSmFLqyTE6nBigCy7EQec8VZudt,TP 10% / SL 10%,-0.03676725821581733
GDoG4tdbx8qkpECQKF5MebbEDpFJn6H739psqgoTG3aN,GDoG4t,4Ts6pM5aKcd5Po3mqaLCtzZgqZrz9c1LTj8AGzDqpons,GjS75whXUZC4zpVU3cypLBhsyHkuAJRJ3eDAoAHkRhnEP9smMTUPB6h7zd7SYSmFLqyTE6nBigCy7EQec8VZudt,TP 20% / SL 10%,-0.03676725821581733
GDoG4tdbx8qkpECQKF5MebbEDpFJn6H739psqgoTG3aN,GDoG4t,4Ts6pM5aKcd5Po3mqaLCtzZgqZrz9c1LTj8AGzDqpons,GjS75whXUZC4zpVU3cypLBhsyHkuAJRJ3eDAoAHkRhnEP9smMTUPB6h7zd7SYSmFLqyTE6nBigCy7EQec8VZudt,TP 30% / SL 15%,-0.03676725821581733
GDoG4tdbx8qkpECQKF5MebbEDpFJn6H739psqgoTG3aN,GDoG4t,4Ts6pM5aKcd5Po3mqaLCtzZgqZrz9c1LTj8AGzDqpons,GjS75whXUZC4zpVU3cypLBhsyHkuAJRJ3eDAoAHkRhnEP9smMTUPB6h7zd7SYSmFLqyTE6nBigCy7EQec8VZudt,TP 50% / SL 25%,-0.03676725821581733
GDoG4tdbx8qkpECQKF5MebbEDpFJn6H739psqgoTG3aN,GDoG4t,4Ts6pM5aKcd5Po3mqaLCtzZgqZrz9c1LTj8AGzDqpons,GjS75whXUZC4zpVU3cypLBhsyHkuAJRJ3eDAoAHkRhnEP9smMTUPB6h7zd7SYSmFLqyTE6nBigCy7EQec8VZudt,TP 100% / SL 30%,-0.03676725821581733
GDoG4tdbx8qkpECQKF5MebbEDpFJn6H739psqgoTG3aN,GDoG4t,9djt7P4d2UCpodnyJtuq7Lw5DhuYLvALic6ndJsmpump,8ZpqYiE1dS9LCxvgU69bci4HZ3ooVkz8V54swg1adw6j9aGtEEaPXjkuw9JrgRZWVcEa8nyGGw8L32fHdR979Zr,follow wallet,0.02872026182563412
GDoG4tdbx8qkpECQKF5MebbEDpFJn6H739psqgoTG3aN,GDoG4t,9djt7P4d2UCpodnyJtuq7Lw5DhuYLvALic6ndJsmpump,8ZpqYiE1dS9LCxvgU69bci4HZ3ooVkz8V54swg1adw6j9aGtEEaPXjkuw9JrgRZWVcEa8nyGGw8L32fHdR979Zr,hold 1 slots,-0.06500722420824706
GDoG4tdbx8qkpECQKF5MebbEDpFJn6H739psqgoTG3aN,GDoG4t,9djt7P4d2UCpodnyJtuq7Lw5DhuYLvALic6ndJsmpump,8ZpqYiE1dS9LCxvgU69bci4HZ3ooVkz8V54swg1adw6j9aGtEEaPXjkuw9JrgRZWVcEa8nyGGw8L32fHdR979Zr,hold 3 slots,-0.06528226521129943
GDoG4tdbx8qkpECQKF5MebbEDpFJn6H739psqgoTG3aN,GDoG4t,9djt7P4d2UCpodnyJtuq7Lw5DhuYLvALic6ndJsmpump,8ZpqYiE1dS9LCxvgU69bci4HZ3ooVkz8V54swg1adw6j9aGtEEaPXjkuw9JrgRZWVcEa8nyGGw8L32fHdR979Zr,hold 5 slots,-0.06528226521129943
GDoG4tdbx8qkpECQKF5MebbEDpFJn6H739psqgoTG3aN,GDoG4t,9djt7P4d2UCpodnyJtuq7Lw5DhuYLvALic6ndJsmpump,8ZpqYiE1dS9LCxvgU69bci4HZ3ooVkz8V54swg1adw6j9aGtEEaPXjkuw9JrgRZWVcEa8nyGGw8L32fHdR979Zr,hold 12 slots,0.07560089490850591
GDoG4tdbx8qkpECQKF5MebbEDpFJn6H739psqgoTG3aN,GDoG4t,9djt7P4d2UCpodnyJtuq7Lw5DhuYLvALic6ndJsmpump,8ZpqYiE1dS9LCxvgU69bci4HZ3ooVkz8V54swg1adw6j9aGtEEaPXjkuw9JrgRZWVcEa8nyGGw8L32fHdR979Zr,hold 25 slots,0.07901682811265062
GDoG4tdbx8qkpECQKF5MebbEDpFJn6H739psqgoTG3aN,GDoG4t,9djt7P4d2UCpodnyJtuq7Lw5DhuYLvALic6ndJsmpump,8ZpqYiE1dS9LCxvgU69bci4HZ3ooVkz8V54swg1adw6j9aGtEEaPXjkuw9JrgRZWVcEa8nyGGw8L32fHdR979Zr,hold 50 slots,0.15859966780992055
GDoG4tdbx8qkpECQKF5MebbEDpFJn6H739psqgoTG3aN,GDoG4t,9djt7P4d2UCpodnyJtuq7Lw5DhuYLvALic6ndJsmpump,8ZpqYiE1dS9LCxvgU69bci4HZ3ooVkz8V54swg1adw6j9aGtEEaPXjkuw9JrgRZWVcEa8nyGGw8L32fHdR979Zr,hold 75 slots,0.18289418548172973
GDoG4tdbx8qkpECQKF5MebbEDpFJn6H739psqgoTG3aN,GDoG4t,9djt7P4d2UCpodnyJtuq7Lw5DhuYLvALic6ndJsmpump,8ZpqYiE1dS9LCxvgU69bci4HZ3ooVkz8V54swg1adw6j9aGtEEaPXjkuw9JrgRZWVcEa8nyGGw8L32fHdR979Zr,hold 150 slots,0.02872026182563412
GDoG4tdbx8qkpECQKF5MebbEDpFJn6H739psqgoTG3aN,GDoG4t,9djt7P4d2UCpodnyJtuq7Lw5DhuYLvALic6ndJsmpump,8ZpqYiE1dS9LCxvgU69bci4HZ3ooVkz8V54swg1adw6j9aGtEEaPXjkuw9JrgRZWVcEa8nyGGw8L32fHdR979Zr,TP 10% / SL 10%,0.15859966780992055
GDoG4tdbx8qkpECQKF5MebbEDpFJn6H739psqgoTG3aN,GDoG4t,9djt7P4d2UCpodnyJtuq7Lw5DhuYLvALic6ndJsmpump,8ZpqYiE1dS9LCxvgU69bci4HZ3ooVkz8V54swg1adw6j9aGtEEaPXjkuw9JrgRZWVcEa8nyGGw8L32fHdR979Zr,TP 20% / SL 10%,0.26905394250305487
GDoG4tdbx8qkpECQKF5MebbEDpFJn6H739psqgoTG3aN,GDoG4t,9djt7P4d2UCpodnyJtuq7Lw5DhuYLvALic6ndJsmpump,8ZpqYiE1dS9LCxvgU69bci4HZ3ooVkz8V54swg1adw6j9aGtEEaPXjkuw9JrgRZWVcEa8nyGGw8L32fHdR979Zr,TP 30% / SL 15%,0.02872026182563412
GDoG4tdbx8qkpECQKF5MebbEDpFJn6H739psqgoTG3aN,GDoG4t,9djt7P4d2UCpodnyJtuq7Lw5DhuYLvALic6ndJsmpump,8ZpqYiE1dS9LCxvgU69bci4HZ3ooVkz8V54swg1adw6j9aGtEEaPXjkuw9JrgRZWVcEa8nyGGw8L32fHdR979Zr,TP 50% / SL 25%,0.02872026182563412
GDoG4tdbx8qkpECQKF5MebbEDpFJn6H739psqgoTG3aN,GDoG4t,9djt7P4d2UCpodnyJtuq7Lw5DhuYLvALic6ndJsmpump,8ZpqYiE1dS9LCxvgU69bci4HZ3ooVkz8V54swg1adw6j9aGtEEaPXjkuw9JrgRZWVcEa8nyGGw8L32fHdR979Zr,TP 100% / SL 30%,0.02872026182563412
GDoG4tdbx8qkpECQKF5MebbEDpFJn6H739psqgoTG3aN,GDoG4t,BrFvnPxn1UcupmzCEFycxyqyAaakgmf9FXtf6CMipump,4BV93j5NGrmUNDp98g3EbeHLYfz84gd9ibyamTXBA7mTmMknc7CYEW4jn83xi8TAnJUhZ5qs5ShZvnS9HeRKkBC7,follow wallet,-0.2570326278890277
GDoG4tdbx8qkpECQKF5MebbEDpFJn6H739psqgoTG3aN,GDoG4t,BrFvnPxn1UcupmzCEFycxyqyAaakgmf9FXtf6CMipump,4BV93j5NGrmUNDp98g3EbeHLYfz84gd9ibyamTXBA7mTmMknc7CYEW4jn83xi8TAnJUhZ5qs5ShZvnS9HeRKkBC7,hold 1 slots,-0.05339126731233883
GDoG4tdbx8qkpECQKF5MebbEDpFJn6H739psqgoTG3aN,GDoG4t,BrFvnPxn1UcupmzCEFycxyqyAaakgmf9FXtf6CMipump,4BV93j5NGrmUNDp98g3EbeHLYfz84gd9ibyamTXBA7mTmMknc7CYEW4jn83xi8TAnJUhZ5qs5ShZvnS9HeRKkBC7,hold 3 slots,-0.05339126731233883
GDoG4tdbx8qkpECQKF5MebbEDpFJn6H739psqgoTG3aN,GDoG4t,BrFvnPxn1UcupmzCEFycxyqyAaakgmf9FXtf6CMipump,4BV93j5NGrmUNDp98g3EbeHLYfz84gd9ibyamTXBA7mTmMknc7CYEW4jn83xi8TAnJUhZ5qs5ShZvnS9HeRKkBC7,hold 5 slots,-0.05339126731233883
GDoG4tdbx8qkpECQKF5MebbEDpFJn6H739psqgoTG3aN,GDoG4t,BrFvnPxn1UcupmzCEFycxyqyAaakgmf9FXtf6CMipump,4BV93j5NGrmUNDp98g3EbeHLYfz84gd9ibyamTXBA7mTmMknc7CYEW4jn83xi8TAnJUhZ5qs5ShZvnS9HeRKkBC7,hold 12 slots,-0.05339126731233883
GDoG4tdbx8qkpECQKF5MebbEDpFJn6H739psqgoTG3aN,GDoG4t,BrFvnPxn1UcupmzCEFycxyqyAaakgmf9FXtf6CMipump,4BV93j5NGrmUNDp98g3EbeHLYfz84gd9ibyamTXBA7mTmMknc7CYEW4jn83xi8TAnJUhZ5qs5ShZvnS9HeRKkBC7,hold 25 slots,-0.037236536213284974
GDoG4tdbx8qkpECQKF5MebbEDpFJn6H739psqgoTG3aN,GDoG4t,BrFvnPxn1UcupmzCEFycxyqyAaakgmf9FXtf6CMipump,4BV93j5NGrmUNDp98g3EbeHLYfz84gd9ibyamTXBA7mTmMknc7CYEW4jn83xi8TAnJUhZ5qs5ShZvnS9HeRKkBC7,hold 50 slots,-0.035389851713039516
GDoG4tdbx8qkpECQKF5MebbEDpFJn6H739psqgoTG3aN,GDoG4t,BrFvnPxn1UcupmzCEFycxyqyAaakgmf9FXtf6CMipump,4BV93j5NGrmUNDp98g3EbeHLYfz84gd9ibyamTXBA7mTmMknc7CYEW4jn83xi8TAnJUhZ5qs5ShZvnS9HeRKkBC7,hold 75 slots,-0.1286715079062537
GDoG4tdbx8qkpECQKF5MebbEDpFJn6H739psqgoTG3aN,GDoG4t,BrFvnPxn1UcupmzCEFycxyqyAaakgmf9FXtf6CMipump,4BV93j5NGrmUNDp98g3EbeHLYfz84gd9ibyamTXBA7mTmMknc7CYEW4jn83xi8TAnJUhZ5qs5ShZvnS9HeRKkBC7,hold 150 slots,-0.12505579446991336
GDoG4tdbx8qkpECQKF5MebbEDpFJn6H739psqgoTG3aN,GDoG4t,BrFvnPxn1UcupmzCEFycxyqyAaakgmf9FXtf6CMipump,4BV93j5NGrmUNDp98g3EbeHLYfz84gd9ibyamTXBA7mTmMknc7CYEW4jn83xi8TAnJUhZ5qs5ShZvnS9HeRKkBC7,TP 10% / SL 10%,-0.1286715079062537
GDoG4tdbx8qkpECQKF5MebbEDpFJn6H739psqgoTG3aN,GDoG4t,BrFvnPxn1UcupmzCEFycxyqyAaakgmf9FXtf6CMipump,4BV93j5NGrmUNDp98g3EbeHLYfz84gd9ibyamTXBA7mTmMknc7CYEW4jn83xi8TAnJUhZ5qs5ShZvnS9HeRKkBC7,TP 20% / SL 10%,-0.1286715079062537
GDoG4tdbx8qkpECQKF5MebbEDpFJn6H739psqgoTG3aN,GDoG4t,BrFvnPxn1UcupmzCEFycxyqyAaakgmf9FXtf6CMipump,4BV93j5NGrmUNDp98g3EbeHLYfz84gd9ibyamTXBA7mTmMknc7CYEW4jn83xi8TAnJUhZ5qs5ShZvnS9HeRKkBC7,TP 30% / SL 15%,-0.12505579446991336
GDoG4tdbx8qkpECQKF5MebbEDpFJn6H739psqgoTG3aN,GDoG4t,BrFvnPxn1UcupmzCEFycxyqyAaakgmf9FXtf6CMipump,4BV93j5NGrmUNDp98g3EbeHLYfz84gd9ibyamTXBA7mTmMknc7CYEW4jn83xi8TAnJUhZ5qs5ShZvnS9HeRKkBC7,TP 50% / SL 25%,-0.12505579446991336
GDoG4tdbx8qkpECQKF5MebbEDpFJn6H739psqgoTG3aN,GDoG4t,BrFvnPxn1UcupmzCEFycxyqyAaakgmf9FXtf6CMipump,4BV93j5NGrmUNDp98g3EbeHLYfz84gd9ibyamTXBA7mTmMknc7CYEW4jn83xi8TAnJUhZ5qs5ShZvnS9HeRKkBC7,TP 100% / SL 30%,-0.12505579446991336
