wallet,label,mint,buy_sig,rule,ret
ApRnQN2HkbCn7W2WWiT2FEKvuKJp9LugRyAE1a9Hdz1,ApRnQN,7udB412QFwK1y1U1yekpn98E6cz8LRrJ6bPGurmcpump,2JDBQojWGPczyfkUJxP2Ao2jQpJU8Za46hWMnpw3snBf354gNwkubG7qQRy1pNvr6KGZZxXJt8mXBjvMPYDnpd7o,follow wallet,-0.14997438823958434
ApRnQN2HkbCn7W2WWiT2FEKvuKJp9LugRyAE1a9Hdz1,ApRnQN,7udB412QFwK1y1U1yekpn98E6cz8LRrJ6bPGurmcpump,2JDBQojWGPczyfkUJxP2Ao2jQpJU8Za46hWMnpw3snBf354gNwkubG7qQRy1pNvr6KGZZxXJt8mXBjvMPYDnpd7o,hold 1 slots,-0.033121332776712656
ApRnQN2HkbCn7W2WWiT2FEKvuKJp9LugRyAE1a9Hdz1,ApRnQN,7udB412QFwK1y1U1yekpn98E6cz8LRrJ6bPGurmcpump,2JDBQojWGPczyfkUJxP2Ao2jQpJU8Za46hWMnpw3snBf354gNwkubG7qQRy1pNvr6KGZZxXJt8mXBjvMPYDnpd7o,hold 3 slots,-0.033121332776712656
ApRnQN2HkbCn7W2WWiT2FEKvuKJp9LugRyAE1a9Hdz1,ApRnQN,7udB412QFwK1y1U1yekpn98E6cz8LRrJ6bPGurmcpump,2JDBQojWGPczyfkUJxP2Ao2jQpJU8Za46hWMnpw3snBf354gNwkubG7qQRy1pNvr6KGZZxXJt8mXBjvMPYDnpd7o,hold 5 slots,-0.0573487663024311
ApRnQN2HkbCn7W2WWiT2FEKvuKJp9LugRyAE1a9Hdz1,ApRnQN,7udB412QFwK1y1U1yekpn98E6cz8LRrJ6bPGurmcpump,2JDBQojWGPczyfkUJxP2Ao2jQpJU8Za46hWMnpw3snBf354gNwkubG7qQRy1pNvr6KGZZxXJt8mXBjvMPYDnpd7o,hold 12 slots,-0.04523595249878049
ApRnQN2HkbCn7W2WWiT2FEKvuKJp9LugRyAE1a9Hdz1,ApRnQN,7udB412QFwK1y1U1yekpn98E6cz8LRrJ6bPGurmcpump,2JDBQojWGPczyfkUJxP2Ao2jQpJU8Za46hWMnpw3snBf354gNwkubG7qQRy1pNvr6KGZZxXJt8mXBjvMPYDnpd7o,hold 25 slots,-0.14661143012069275
ApRnQN2HkbCn7W2WWiT2FEKvuKJp9LugRyAE1a9Hdz1,ApRnQN,7udB412QFwK1y1U1yekpn98E6cz8LRrJ6bPGurmcpump,2JDBQojWGPczyfkUJxP2Ao2jQpJU8Za46hWMnpw3snBf354gNwkubG7qQRy1pNvr6KGZZxXJt8mXBjvMPYDnpd7o,hold 50 slots,-0.16455326690907537
ApRnQN2HkbCn7W2WWiT2FEKvuKJp9LugRyAE1a9Hdz1,ApRnQN,7udB412QFwK1y1U1yekpn98E6cz8LRrJ6bPGurmcpump,2JDBQojWGPczyfkUJxP2Ao2jQpJU8Za46hWMnpw3snBf354gNwkubG7qQRy1pNvr6KGZZxXJt8mXBjvMPYDnpd7o,hold 75 slots,-0.20765840351847958
ApRnQN2HkbCn7W2WWiT2FEKvuKJp9LugRyAE1a9Hdz1,ApRnQN,7udB412QFwK1y1U1yekpn98E6cz8LRrJ6bPGurmcpump,2JDBQojWGPczyfkUJxP2Ao2jQpJU8Za46hWMnpw3snBf354gNwkubG7qQRy1pNvr6KGZZxXJt8mXBjvMPYDnpd7o,hold 150 slots,-0.28290397024550473
ApRnQN2HkbCn7W2WWiT2FEKvuKJp9LugRyAE1a9Hdz1,ApRnQN,7udB412QFwK1y1U1yekpn98E6cz8LRrJ6bPGurmcpump,2JDBQojWGPczyfkUJxP2Ao2jQpJU8Za46hWMnpw3snBf354gNwkubG7qQRy1pNvr6KGZZxXJt8mXBjvMPYDnpd7o,TP 10% / SL 10%,-0.13190179207415653
ApRnQN2HkbCn7W2WWiT2FEKvuKJp9LugRyAE1a9Hdz1,ApRnQN,7udB412QFwK1y1U1yekpn98E6cz8LRrJ6bPGurmcpump,2JDBQojWGPczyfkUJxP2Ao2jQpJU8Za46hWMnpw3snBf354gNwkubG7qQRy1pNvr6KGZZxXJt8mXBjvMPYDnpd7o,TP 20% / SL 10%,-0.13190179207415653
ApRnQN2HkbCn7W2WWiT2FEKvuKJp9LugRyAE1a9Hdz1,ApRnQN,7udB412QFwK1y1U1yekpn98E6cz8LRrJ6bPGurmcpump,2JDBQojWGPczyfkUJxP2Ao2jQpJU8Za46hWMnpw3snBf354gNwkubG7qQRy1pNvr6KGZZxXJt8mXBjvMPYDnpd7o,TP 30% / SL 15%,-0.16455326690907537
ApRnQN2HkbCn7W2WWiT2FEKvuKJp9LugRyAE1a9Hdz1,ApRnQN,7udB412QFwK1y1U1yekpn98E6cz8LRrJ6bPGurmcpump,2JDBQojWGPczyfkUJxP2Ao2jQpJU8Za46hWMnpw3snBf354gNwkubG7qQRy1pNvr6KGZZxXJt8mXBjvMPYDnpd7o,TP 50% / SL 25%,-0.28290397024550473
ApRnQN2HkbCn7W2WWiT2FEKvuKJp9LugRyAE1a9Hdz1,ApRnQN,7udB412QFwK1y1U1yekpn98E6cz8LRrJ6bPGurmcpump,2JDBQojWGPczyfkUJxP2Ao2jQpJU8Za46hWMnpw3snBf354gNwkubG7qQRy1pNvr6KGZZxXJt8mXBjvMPYDnpd7o,TP 100% / SL 30%,-0.28290397024550473
DemfvB4iwd3NmVquvWqWbB92yVZWFFqybqBeJGdyEeM6,DemfvB,8erbrnoqYevg2s7VkfRVWgkjrfReD8XXj3FxtJ1FywRP,3QTxoy8E77eWcTCTWBMFmeREJCA3MwHDDs39uvJS1CQknw68RWf3YwY3sVUjE7z4999aQpNCF1KYwN31qK57E7pW,follow wallet,-0.06074276050530338
DemfvB4iwd3NmVquvWqWbB92yVZWFFqybqBeJGdyEeM6,DemfvB,8erbrnoqYevg2s7VkfRVWgkjrfReD8XXj3FxtJ1FywRP,3QTxoy8E77eWcTCTWBMFmeREJCA3MwHDDs39uvJS1CQknw68RWf3YwY3sVUjE7z4999aQpNCF1KYwN31qK57E7pW,hold 1 slots,-0.0335839196744647
DemfvB4iwd3NmVquvWqWbB92yVZWFFqybqBeJGdyEeM6,DemfvB,8erbrnoqYevg2s7VkfRVWgkjrfReD8XXj3FxtJ1FywRP,3QTxoy8E77eWcTCTWBMFmeREJCA3MwHDDs39uvJS1CQknw68RWf3YwY3sVUjE7z4999aQpNCF1KYwN31qK57E7pW,hold 3 slots,0.007391298817694663
DemfvB4iwd3NmVquvWqWbB92yVZWFFqybqBeJGdyEeM6,DemfvB,8erbrnoqYevg2s7VkfRVWgkjrfReD8XXj3FxtJ1FywRP,3QTxoy8E77eWcTCTWBMFmeREJCA3MwHDDs39uvJS1CQknw68RWf3YwY3sVUjE7z4999aQpNCF1KYwN31qK57E7pW,hold 5 slots,-0.06074276050530338
DemfvB4iwd3NmVquvWqWbB92yVZWFFqybqBeJGdyEeM6,DemfvB,8erbrnoqYevg2s7VkfRVWgkjrfReD8XXj3FxtJ1FywRP,3QTxoy8E77eWcTCTWBMFmeREJCA3MwHDDs39uvJS1CQknw68RWf3YwY3sVUjE7z4999aQpNCF1KYwN31qK57E7pW,hold 12 slots,-0.001464098075418115
DemfvB4iwd3NmVquvWqWbB92yVZWFFqybqBeJGdyEeM6,DemfvB,8erbrnoqYevg2s7VkfRVWgkjrfReD8XXj3FxtJ1FywRP,3QTxoy8E77eWcTCTWBMFmeREJCA3MwHDDs39uvJS1CQknw68RWf3YwY3sVUjE7z4999aQpNCF1KYwN31qK57E7pW,hold 25 slots,-0.005847906681521058
DemfvB4iwd3NmVquvWqWbB92yVZWFFqybqBeJGdyEeM6,DemfvB,8erbrnoqYevg2s7VkfRVWgkjrfReD8XXj3FxtJ1FywRP,3QTxoy8E77eWcTCTWBMFmeREJCA3MwHDDs39uvJS1CQknw68RWf3YwY3sVUjE7z4999aQpNCF1KYwN31qK57E7pW,hold 50 slots,-0.07430633321050656
DemfvB4iwd3NmVquvWqWbB92yVZWFFqybqBeJGdyEeM6,DemfvB,8erbrnoqYevg2s7VkfRVWgkjrfReD8XXj3FxtJ1FywRP,3QTxoy8E77eWcTCTWBMFmeREJCA3MwHDDs39uvJS1CQknw68RWf3YwY3sVUjE7z4999aQpNCF1KYwN31qK57E7pW,hold 75 slots,-0.07430633321050656
DemfvB4iwd3NmVquvWqWbB92yVZWFFqybqBeJGdyEeM6,DemfvB,8erbrnoqYevg2s7VkfRVWgkjrfReD8XXj3FxtJ1FywRP,3QTxoy8E77eWcTCTWBMFmeREJCA3MwHDDs39uvJS1CQknw68RWf3YwY3sVUjE7z4999aQpNCF1KYwN31qK57E7pW,hold 150 slots,-0.033928230991685154
DemfvB4iwd3NmVquvWqWbB92yVZWFFqybqBeJGdyEeM6,DemfvB,8erbrnoqYevg2s7VkfRVWgkjrfReD8XXj3FxtJ1FywRP,3QTxoy8E77eWcTCTWBMFmeREJCA3MwHDDs39uvJS1CQknw68RWf3YwY3sVUjE7z4999aQpNCF1KYwN31qK57E7pW,TP 10% / SL 10%,-0.033928230991685154
DemfvB4iwd3NmVquvWqWbB92yVZWFFqybqBeJGdyEeM6,DemfvB,8erbrnoqYevg2s7VkfRVWgkjrfReD8XXj3FxtJ1FywRP,3QTxoy8E77eWcTCTWBMFmeREJCA3MwHDDs39uvJS1CQknw68RWf3YwY3sVUjE7z4999aQpNCF1KYwN31qK57E7pW,TP 20% / SL 10%,-0.033928230991685154
DemfvB4iwd3NmVquvWqWbB92yVZWFFqybqBeJGdyEeM6,DemfvB,8erbrnoqYevg2s7VkfRVWgkjrfReD8XXj3FxtJ1FywRP,3QTxoy8E77eWcTCTWBMFmeREJCA3MwHDDs39uvJS1CQknw68RWf3YwY3sVUjE7z4999aQpNCF1KYwN31qK57E7pW,TP 30% / SL 15%,-0.033928230991685154
DemfvB4iwd3NmVquvWqWbB92yVZWFFqybqBeJGdyEeM6,DemfvB,8erbrnoqYevg2s7VkfRVWgkjrfReD8XXj3FxtJ1FywRP,3QTxoy8E77eWcTCTWBMFmeREJCA3MwHDDs39uvJS1CQknw68RWf3YwY3sVUjE7z4999aQpNCF1KYwN31qK57E7pW,TP 50% / SL 25%,-0.033928230991685154
DemfvB4iwd3NmVquvWqWbB92yVZWFFqybqBeJGdyEeM6,DemfvB,8erbrnoqYevg2s7VkfRVWgkjrfReD8XXj3FxtJ1FywRP,3QTxoy8E77eWcTCTWBMFmeREJCA3MwHDDs39uvJS1CQknw68RWf3YwY3sVUjE7z4999aQpNCF1KYwN31qK57E7pW,TP 100% / SL 30%,-0.033928230991685154
DemfvB4iwd3NmVquvWqWbB92yVZWFFqybqBeJGdyEeM6,DemfvB,J2EWCLETvShTrFawQa74TWFc9HkQcajXzvkCTMmzpump,3pvAQzqY7F1n8QCGNiksLMa44htQ76dDCSYHg2YTb8ZxDKLsdCPt5dV5ZYNqyKYj1eaZdTmbVSUvV4sGBBY7aaus,follow wallet,0.09802302098447943
DemfvB4iwd3NmVquvWqWbB92yVZWFFqybqBeJGdyEeM6,DemfvB,J2EWCLETvShTrFawQa74TWFc9HkQcajXzvkCTMmzpump,3pvAQzqY7F1n8QCGNiksLMa44htQ76dDCSYHg2YTb8ZxDKLsdCPt5dV5ZYNqyKYj1eaZdTmbVSUvV4sGBBY7aaus,hold 1 slots,0.21120937439021348
DemfvB4iwd3NmVquvWqWbB92yVZWFFqybqBeJGdyEeM6,DemfvB,J2EWCLETvShTrFawQa74TWFc9HkQcajXzvkCTMmzpump,3pvAQzqY7F1n8QCGNiksLMa44htQ76dDCSYHg2YTb8ZxDKLsdCPt5dV5ZYNqyKYj1eaZdTmbVSUvV4sGBBY7aaus,hold 3 slots,0.1678839815154345
DemfvB4iwd3NmVquvWqWbB92yVZWFFqybqBeJGdyEeM6,DemfvB,J2EWCLETvShTrFawQa74TWFc9HkQcajXzvkCTMmzpump,3pvAQzqY7F1n8QCGNiksLMa44htQ76dDCSYHg2YTb8ZxDKLsdCPt5dV5ZYNqyKYj1eaZdTmbVSUvV4sGBBY7aaus,hold 5 slots,0.17394063185279773
DemfvB4iwd3NmVquvWqWbB92yVZWFFqybqBeJGdyEeM6,DemfvB,J2EWCLETvShTrFawQa74TWFc9HkQcajXzvkCTMmzpump,3pvAQzqY7F1n8QCGNiksLMa44htQ76dDCSYHg2YTb8ZxDKLsdCPt5dV5ZYNqyKYj1eaZdTmbVSUvV4sGBBY7aaus,hold 12 slots,0.09802302098447943
DemfvB4iwd3NmVquvWqWbB92yVZWFFqybqBeJGdyEeM6,DemfvB,J2EWCLETvShTrFawQa74TWFc9HkQcajXzvkCTMmzpump,3pvAQzqY7F1n8QCGNiksLMa44htQ76dDCSYHg2YTb8ZxDKLsdCPt5dV5ZYNqyKYj1eaZdTmbVSUvV4sGBBY7aaus,hold 25 slots,0.18404385778289603
DemfvB4iwd3NmVquvWqWbB92yVZWFFqybqBeJGdyEeM6,DemfvB,J2EWCLETvShTrFawQa74TWFc9HkQcajXzvkCTMmzpump,3pvAQzqY7F1n8QCGNiksLMa44htQ76dDCSYHg2YTb8ZxDKLsdCPt5dV5ZYNqyKYj1eaZdTmbVSUvV4sGBBY7aaus,hold 50 slots,0.2270057166426079
DemfvB4iwd3NmVquvWqWbB92yVZWFFqybqBeJGdyEeM6,DemfvB,J2EWCLETvShTrFawQa74TWFc9HkQcajXzvkCTMmzpump,3pvAQzqY7F1n8QCGNiksLMa44htQ76dDCSYHg2YTb8ZxDKLsdCPt5dV5ZYNqyKYj1eaZdTmbVSUvV4sGBBY7aaus,hold 75 slots,0.14607293182562922
DemfvB4iwd3NmVquvWqWbB92yVZWFFqybqBeJGdyEeM6,DemfvB,J2EWCLETvShTrFawQa74TWFc9HkQcajXzvkCTMmzpump,3pvAQzqY7F1n8QCGNiksLMa44htQ76dDCSYHg2YTb8ZxDKLsdCPt5dV5ZYNqyKYj1eaZdTmbVSUvV4sGBBY7aaus,hold 150 slots,0.07915407362439156
DemfvB4iwd3NmVquvWqWbB92yVZWFFqybqBeJGdyEeM6,DemfvB,J2EWCLETvShTrFawQa74TWFc9HkQcajXzvkCTMmzpump,3pvAQzqY7F1n8QCGNiksLMa44htQ76dDCSYHg2YTb8ZxDKLsdCPt5dV5ZYNqyKYj1eaZdTmbVSUvV4sGBBY7aaus,TP 10% / SL 10%,0.21120937439021348
DemfvB4iwd3NmVquvWqWbB92yVZWFFqybqBeJGdyEeM6,DemfvB,J2EWCLETvShTrFawQa74TWFc9HkQcajXzvkCTMmzpump,3pvAQzqY7F1n8QCGNiksLMa44htQ76dDCSYHg2YTb8ZxDKLsdCPt5dV5ZYNqyKYj1eaZdTmbVSUvV4sGBBY7aaus,TP 20% / SL 10%,0.21120937439021348
DemfvB4iwd3NmVquvWqWbB92yVZWFFqybqBeJGdyEeM6,DemfvB,J2EWCLETvShTrFawQa74TWFc9HkQcajXzvkCTMmzpump,3pvAQzqY7F1n8QCGNiksLMa44htQ76dDCSYHg2YTb8ZxDKLsdCPt5dV5ZYNqyKYj1eaZdTmbVSUvV4sGBBY7aaus,TP 30% / SL 15%,0.07915407362439156
DemfvB4iwd3NmVquvWqWbB92yVZWFFqybqBeJGdyEeM6,DemfvB,J2EWCLETvShTrFawQa74TWFc9HkQcajXzvkCTMmzpump,3pvAQzqY7F1n8QCGNiksLMa44htQ76dDCSYHg2YTb8ZxDKLsdCPt5dV5ZYNqyKYj1eaZdTmbVSUvV4sGBBY7aaus,TP 50% / SL 25%,0.07915407362439156
DemfvB4iwd3NmVquvWqWbB92yVZWFFqybqBeJGdyEeM6,DemfvB,J2EWCLETvShTrFawQa74TWFc9HkQcajXzvkCTMmzpump,3pvAQzqY7F1n8QCGNiksLMa44htQ76dDCSYHg2YTb8ZxDKLsdCPt5dV5ZYNqyKYj1eaZdTmbVSUvV4sGBBY7aaus,TP 100% / SL 30%,0.07915407362439156
DemfvB4iwd3NmVquvWqWbB92yVZWFFqybqBeJGdyEeM6,DemfvB,A69dhsGAMhdxe265wEMsnjpkLb49732RtPfy1qNcpump,4KsKbYh8Ui2dHUQWEZeUHVwgzxzAHdjcXWQpdhAPAqwgT4uSmxFvS5jxEteXaSBvwwZjWrG5CGNaK3pSUm7oii8e,follow wallet,-0.1901310656086774
DemfvB4iwd3NmVquvWqWbB92yVZWFFqybqBeJGdyEeM6,DemfvB,A69dhsGAMhdxe265wEMsnjpkLb49732RtPfy1qNcpump,4KsKbYh8Ui2dHUQWEZeUHVwgzxzAHdjcXWQpdhAPAqwgT4uSmxFvS5jxEteXaSBvwwZjWrG5CGNaK3pSUm7oii8e,hold 1 slots,-0.05674974240376472
DemfvB4iwd3NmVquvWqWbB92yVZWFFqybqBeJGdyEeM6,DemfvB,A69dhsGAMhdxe265wEMsnjpkLb49732RtPfy1qNcpump,4KsKbYh8Ui2dHUQWEZeUHVwgzxzAHdjcXWQpdhAPAqwgT4uSmxFvS5jxEteXaSBvwwZjWrG5CGNaK3pSUm7oii8e,hold 3 slots,-0.05674974240376472
DemfvB4iwd3NmVquvWqWbB92yVZWFFqybqBeJGdyEeM6,DemfvB,A69dhsGAMhdxe265wEMsnjpkLb49732RtPfy1qNcpump,4KsKbYh8Ui2dHUQWEZeUHVwgzxzAHdjcXWQpdhAPAqwgT4uSmxFvS5jxEteXaSBvwwZjWrG5CGNaK3pSUm7oii8e,hold 5 slots,-0.054832611978533986
DemfvB4iwd3NmVquvWqWbB92yVZWFFqybqBeJGdyEeM6,DemfvB,A69dhsGAMhdxe265wEMsnjpkLb49732RtPfy1qNcpump,4KsKbYh8Ui2dHUQWEZeUHVwgzxzAHdjcXWQpdhAPAqwgT4uSmxFvS5jxEteXaSBvwwZjWrG5CGNaK3pSUm7oii8e,hold 12 slots,-0.054832611978533986
DemfvB4iwd3NmVquvWqWbB92yVZWFFqybqBeJGdyEeM6,DemfvB,A69dhsGAMhdxe265wEMsnjpkLb49732RtPfy1qNcpump,4KsKbYh8Ui2dHUQWEZeUHVwgzxzAHdjcXWQpdhAPAqwgT4uSmxFvS5jxEteXaSBvwwZjWrG5CGNaK3pSUm7oii8e,hold 25 slots,-0.054832611978533986
DemfvB4iwd3NmVquvWqWbB92yVZWFFqybqBeJGdyEeM6,DemfvB,A69dhsGAMhdxe265wEMsnjpkLb49732RtPfy1qNcpump,4KsKbYh8Ui2dHUQWEZeUHVwgzxzAHdjcXWQpdhAPAqwgT4uSmxFvS5jxEteXaSBvwwZjWrG5CGNaK3pSUm7oii8e,hold 50 slots,-0.12557772916050972
DemfvB4iwd3NmVquvWqWbB92yVZWFFqybqBeJGdyEeM6,DemfvB,A69dhsGAMhdxe265wEMsnjpkLb49732RtPfy1qNcpump,4KsKbYh8Ui2dHUQWEZeUHVwgzxzAHdjcXWQpdhAPAqwgT4uSmxFvS5jxEteXaSBvwwZjWrG5CGNaK3pSUm7oii8e,hold 75 slots,-0.1356647863410889
DemfvB4iwd3NmVquvWqWbB92yVZWFFqybqBeJGdyEeM6,DemfvB,A69dhsGAMhdxe265wEMsnjpkLb49732RtPfy1qNcpump,4KsKbYh8Ui2dHUQWEZeUHVwgzxzAHdjcXWQpdhAPAqwgT4uSmxFvS5jxEteXaSBvwwZjWrG5CGNaK3pSUm7oii8e,hold 150 slots,-0.1909370059275427
DemfvB4iwd3NmVquvWqWbB92yVZWFFqybqBeJGdyEeM6,DemfvB,A69dhsGAMhdxe265wEMsnjpkLb49732RtPfy1qNcpump,4KsKbYh8Ui2dHUQWEZeUHVwgzxzAHdjcXWQpdhAPAqwgT4uSmxFvS5jxEteXaSBvwwZjWrG5CGNaK3pSUm7oii8e,TP 10% / SL 10%,-0.12557772916050972
DemfvB4iwd3NmVquvWqWbB92yVZWFFqybqBeJGdyEeM6,DemfvB,A69dhsGAMhdxe265wEMsnjpkLb49732RtPfy1qNcpump,4KsKbYh8Ui2dHUQWEZeUHVwgzxzAHdjcXWQpdhAPAqwgT4uSmxFvS5jxEteXaSBvwwZjWrG5CGNaK3pSUm7oii8e,TP 20% / SL 10%,-0.12557772916050972
DemfvB4iwd3NmVquvWqWbB92yVZWFFqybqBeJGdyEeM6,DemfvB,A69dhsGAMhdxe265wEMsnjpkLb49732RtPfy1qNcpump,4KsKbYh8Ui2dHUQWEZeUHVwgzxzAHdjcXWQpdhAPAqwgT4uSmxFvS5jxEteXaSBvwwZjWrG5CGNaK3pSUm7oii8e,TP 30% / SL 15%,-0.1909370059275427
DemfvB4iwd3NmVquvWqWbB92yVZWFFqybqBeJGdyEeM6,DemfvB,A69dhsGAMhdxe265wEMsnjpkLb49732RtPfy1qNcpump,4KsKbYh8Ui2dHUQWEZeUHVwgzxzAHdjcXWQpdhAPAqwgT4uSmxFvS5jxEteXaSBvwwZjWrG5CGNaK3pSUm7oii8e,TP 50% / SL 25%,-0.1909370059275427
DemfvB4iwd3NmVquvWqWbB92yVZWFFqybqBeJGdyEeM6,DemfvB,A69dhsGAMhdxe265wEMsnjpkLb49732RtPfy1qNcpump,4KsKbYh8Ui2dHUQWEZeUHVwgzxzAHdjcXWQpdhAPAqwgT4uSmxFvS5jxEteXaSBvwwZjWrG5CGNaK3pSUm7oii8e,TP 100% / SL 30%,-0.1909370059275427
DemfvB4iwd3NmVquvWqWbB92yVZWFFqybqBeJGdyEeM6,DemfvB,66VR6bjEV5DPSDhYSQyPAxNsY3dgmH6Lwgi5cyf2pump,56SL3poPHRL8HCdE6HatEVB1sFQbDP6CjqXofgNq1ti9AabG6Bdfd85mhictSRyNx67sdJnvGcKnbaUDb7NzxNi6,follow wallet,-0.11135637045355223
DemfvB4iwd3NmVquvWqWbB92yVZWFFqybqBeJGdyEeM6,DemfvB,66VR6bjEV5DPSDhYSQyPAxNsY3dgmH6Lwgi5cyf2pump,56SL3poPHRL8HCdE6HatEVB1sFQbDP6CjqXofgNq1ti9AabG6Bdfd85mhictSRyNx67sdJnvGcKnbaUDb7NzxNi6,hold 1 slots,-0.05278885127553344
DemfvB4iwd3NmVquvWqWbB92yVZWFFqybqBeJGdyEeM6,DemfvB,66VR6bjEV5DPSDhYSQyPAxNsY3dgmH6Lwgi5cyf2pump,56SL3poPHRL8HCdE6HatEVB1sFQbDP6CjqXofgNq1ti9AabG6Bdfd85mhictSRyNx67sdJnvGcKnbaUDb7NzxNi6,hold 3 slots,-0.049620685098248365
DemfvB4iwd3NmVquvWqWbB92yVZWFFqybqBeJGdyEeM6,DemfvB,66VR6bjEV5DPSDhYSQyPAxNsY3dgmH6Lwgi5cyf2pump,56SL3poPHRL8HCdE6HatEVB1sFQbDP6CjqXofgNq1ti9AabG6Bdfd85mhictSRyNx67sdJnvGcKnbaUDb7NzxNi6,hold 5 slots,-0.03817741764904785
DemfvB4iwd3NmVquvWqWbB92yVZWFFqybqBeJGdyEeM6,DemfvB,66VR6bjEV5DPSDhYSQyPAxNsY3dgmH6Lwgi5cyf2pump,56SL3poPHRL8HCdE6HatEVB1sFQbDP6CjqXofgNq1ti9AabG6Bdfd85mhictSRyNx67sdJnvGcKnbaUDb7NzxNi6,hold 12 slots,-0.03817741764904785
DemfvB4iwd3NmVquvWqWbB92yVZWFFqybqBeJGdyEeM6,DemfvB,66VR6bjEV5DPSDhYSQyPAxNsY3dgmH6Lwgi5cyf2pump,56SL3poPHRL8HCdE6HatEVB1sFQbDP6CjqXofgNq1ti9AabG6Bdfd85mhictSRyNx67sdJnvGcKnbaUDb7NzxNi6,hold 25 slots,-0.0795108218175794
DemfvB4iwd3NmVquvWqWbB92yVZWFFqybqBeJGdyEeM6,DemfvB,66VR6bjEV5DPSDhYSQyPAxNsY3dgmH6Lwgi5cyf2pump,56SL3poPHRL8HCdE6HatEVB1sFQbDP6CjqXofgNq1ti9AabG6Bdfd85mhictSRyNx67sdJnvGcKnbaUDb7NzxNi6,hold 50 slots,-0.0795108218175794
DemfvB4iwd3NmVquvWqWbB92yVZWFFqybqBeJGdyEeM6,DemfvB,66VR6bjEV5DPSDhYSQyPAxNsY3dgmH6Lwgi5cyf2pump,56SL3poPHRL8HCdE6HatEVB1sFQbDP6CjqXofgNq1ti9AabG6Bdfd85mhictSRyNx67sdJnvGcKnbaUDb7NzxNi6,hold 75 slots,-0.06742286523873293
DemfvB4iwd3NmVquvWqWbB92yVZWFFqybqBeJGdyEeM6,DemfvB,66VR6bjEV5DPSDhYSQyPAxNsY3dgmH6Lwgi5cyf2pump,56SL3poPHRL8HCdE6HatEVB1sFQbDP6CjqXofgNq1ti9AabG6Bdfd85mhictSRyNx67sdJnvGcKnbaUDb7NzxNi6,hold 150 slots,-0.0955096224856348
DemfvB4iwd3NmVquvWqWbB92yVZWFFqybqBeJGdyEeM6,DemfvB,66VR6bjEV5DPSDhYSQyPAxNsY3dgmH6Lwgi5cyf2pump,56SL3poPHRL8HCdE6HatEVB1sFQbDP6CjqXofgNq1ti9AabG6Bdfd85mhictSRyNx67sdJnvGcKnbaUDb7NzxNi6,TP 10% / SL 10%,-0.0955096224856348
DemfvB4iwd3NmVquvWqWbB92yVZWFFqybqBeJGdyEeM6,DemfvB,66VR6bjEV5DPSDhYSQyPAxNsY3dgmH6Lwgi5cyf2pump,56SL3poPHRL8HCdE6HatEVB1sFQbDP6CjqXofgNq1ti9AabG6Bdfd85mhictSRyNx67sdJnvGcKnbaUDb7NzxNi6,TP 20% / SL 10%,-0.0955096224856348
DemfvB4iwd3NmVquvWqWbB92yVZWFFqybqBeJGdyEeM6,DemfvB,66VR6bjEV5DPSDhYSQyPAxNsY3dgmH6Lwgi5cyf2pump,56SL3poPHRL8HCdE6HatEVB1sFQbDP6CjqXofgNq1ti9AabG6Bdfd85mhictSRyNx67sdJnvGcKnbaUDb7NzxNi6,TP 30% / SL 15%,-0.0955096224856348
DemfvB4iwd3NmVquvWqWbB92yVZWFFqybqBeJGdyEeM6,DemfvB,66VR6bjEV5DPSDhYSQyPAxNsY3dgmH6Lwgi5cyf2pump,56SL3poPHRL8HCdE6HatEVB1sFQbDP6CjqXofgNq1ti9AabG6Bdfd85mhictSRyNx67sdJnvGcKnbaUDb7NzxNi6,TP 50% / SL 25%,-0.0955096224856348
DemfvB4iwd3NmVquvWqWbB92yVZWFFqybqBeJGdyEeM6,DemfvB,66VR6bjEV5DPSDhYSQyPAxNsY3dgmH6Lwgi5cyf2pump,56SL3poPHRL8HCdE6HatEVB1sFQbDP6CjqXofgNq1ti9AabG6Bdfd85mhictSRyNx67sdJnvGcKnbaUDb7NzxNi6,TP 100% / SL 30%,-0.0955096224856348
CxgPWvH2GoEDENELne2XKAR2z2Fr4shG2uaeyqZceGve,CxgPWv,CMVdeRerz8fRT65jRJX5CP1CqTRVkZkuH3DZrA5Fpump,9h5fCjEokJWq6gYJEpiX1EQHxzAgeWcYRdh2LL2c9WHU4n71FJRCPDq29g5C5kncF3UMpC9MEDH6msxjwsB9X6G,hold 1 slots,-0.05208676831136477
CxgPWvH2GoEDENELne2XKAR2z2Fr4shG2uaeyqZceGve,CxgPWv,CMVdeRerz8fRT65jRJX5CP1CqTRVkZkuH3DZrA5Fpump,9h5fCjEokJWq6gYJEpiX1EQHxzAgeWcYRdh2LL2c9WHU4n71FJRCPDq29g5C5kncF3UMpC9MEDH6msxjwsB9X6G,hold 3 slots,-0.03215710761282718
CxgPWvH2GoEDENELne2XKAR2z2Fr4shG2uaeyqZceGve,CxgPWv,CMVdeRerz8fRT65jRJX5CP1CqTRVkZkuH3DZrA5Fpump,9h5fCjEokJWq6gYJEpiX1EQHxzAgeWcYRdh2LL2c9WHU4n71FJRCPDq29g5C5kncF3UMpC9MEDH6msxjwsB9X6G,hold 5 slots,-0.03215710761282718
CxgPWvH2GoEDENELne2XKAR2z2Fr4shG2uaeyqZceGve,CxgPWv,CMVdeRerz8fRT65jRJX5CP1CqTRVkZkuH3DZrA5Fpump,9h5fCjEokJWq6gYJEpiX1EQHxzAgeWcYRdh2LL2c9WHU4n71FJRCPDq29g5C5kncF3UMpC9MEDH6msxjwsB9X6G,hold 12 slots,-0.016798755482945564
CxgPWvH2GoEDENELne2XKAR2z2Fr4shG2uaeyqZceGve,CxgPWv,CMVdeRerz8fRT65jRJX5CP1CqTRVkZkuH3DZrA5Fpump,9h5fCjEokJWq6gYJEpiX1EQHxzAgeWcYRdh2LL2c9WHU4n71FJRCPDq29g5C5kncF3UMpC9MEDH6msxjwsB9X6G,hold 25 slots,0.04853756839984131
CxgPWvH2GoEDENELne2XKAR2z2Fr4shG2uaeyqZceGve,CxgPWv,CMVdeRerz8fRT65jRJX5CP1CqTRVkZkuH3DZrA5Fpump,9h5fCjEokJWq6gYJEpiX1EQHxzAgeWcYRdh2LL2c9WHU4n71FJRCPDq29g5C5kncF3UMpC9MEDH6msxjwsB9X6G,hold 50 slots,0.14995087877320432
CxgPWvH2GoEDENELne2XKAR2z2Fr4shG2uaeyqZceGve,CxgPWv,CMVdeRerz8fRT65jRJX5CP1CqTRVkZkuH3DZrA5Fpump,9h5fCjEokJWq6gYJEpiX1EQHxzAgeWcYRdh2LL2c9WHU4n71FJRCPDq29g5C5kncF3UMpC9MEDH6msxjwsB9X6G,hold 75 slots,0.16898103768392206
CxgPWvH2GoEDENELne2XKAR2z2Fr4shG2uaeyqZceGve,CxgPWv,CMVdeRerz8fRT65jRJX5CP1CqTRVkZkuH3DZrA5Fpump,9h5fCjEokJWq6gYJEpiX1EQHxzAgeWcYRdh2LL2c9WHU4n71FJRCPDq29g5C5kncF3UMpC9MEDH6msxjwsB9X6G,hold 150 slots,0.19999443022777819
CxgPWvH2GoEDENELne2XKAR2z2Fr4shG2uaeyqZceGve,CxgPWv,CMVdeRerz8fRT65jRJX5CP1CqTRVkZkuH3DZrA5Fpump,9h5fCjEokJWq6gYJEpiX1EQHxzAgeWcYRdh2LL2c9WHU4n71FJRCPDq29g5C5kncF3UMpC9MEDH6msxjwsB9X6G,TP 10% / SL 10%,0.15382053546416377
CxgPWvH2GoEDENELne2XKAR2z2Fr4shG2uaeyqZceGve,CxgPWv,CMVdeRerz8fRT65jRJX5CP1CqTRVkZkuH3DZrA5Fpump,9h5fCjEokJWq6gYJEpiX1EQHxzAgeWcYRdh2LL2c9WHU4n71FJRCPDq29g5C5kncF3UMpC9MEDH6msxjwsB9X6G,TP 20% / SL 10%,0.19999443022777819
CxgPWvH2GoEDENELne2XKAR2z2Fr4shG2uaeyqZceGve,CxgPWv,CMVdeRerz8fRT65jRJX5CP1CqTRVkZkuH3DZrA5Fpump,9h5fCjEokJWq6gYJEpiX1EQHxzAgeWcYRdh2LL2c9WHU4n71FJRCPDq29g5C5kncF3UMpC9MEDH6msxjwsB9X6G,TP 30% / SL 15%,0.19999443022777819
CxgPWvH2GoEDENELne2XKAR2z2Fr4shG2uaeyqZceGve,CxgPWv,CMVdeRerz8fRT65jRJX5CP1CqTRVkZkuH3DZrA5Fpump,9h5fCjEokJWq6gYJEpiX1EQHxzAgeWcYRdh2LL2c9WHU4n71FJRCPDq29g5C5kncF3UMpC9MEDH6msxjwsB9X6G,TP 50% / SL 25%,0.19999443022777819
CxgPWvH2GoEDENELne2XKAR2z2Fr4shG2uaeyqZceGve,CxgPWv,CMVdeRerz8fRT65jRJX5CP1CqTRVkZkuH3DZrA5Fpump,9h5fCjEokJWq6gYJEpiX1EQHxzAgeWcYRdh2LL2c9WHU4n71FJRCPDq29g5C5kncF3UMpC9MEDH6msxjwsB9X6G,TP 100% / SL 30%,0.19999443022777819
CxgPWvH2GoEDENELne2XKAR2z2Fr4shG2uaeyqZceGve,CxgPWv,26inxAX6MRvVwzpKcQP5pJUcKNPc1ehFKfUubnsYpump,3PGD6yFupGnTadkzETNWfaZCKngWDLSYA7bgXUsbCXQCgtr9wd2iTKdUZHZFWGr9ynLMnhwKPNCD9A5CgAWWdNWp,follow wallet,-0.03534266547549439
CxgPWvH2GoEDENELne2XKAR2z2Fr4shG2uaeyqZceGve,CxgPWv,26inxAX6MRvVwzpKcQP5pJUcKNPc1ehFKfUubnsYpump,3PGD6yFupGnTadkzETNWfaZCKngWDLSYA7bgXUsbCXQCgtr9wd2iTKdUZHZFWGr9ynLMnhwKPNCD9A5CgAWWdNWp,hold 1 slots,-0.07401045212045479
CxgPWvH2GoEDENELne2XKAR2z2Fr4shG2uaeyqZceGve,CxgPWv,26inxAX6MRvVwzpKcQP5pJUcKNPc1ehFKfUubnsYpump,3PGD6yFupGnTadkzETNWfaZCKngWDLSYA7bgXUsbCXQCgtr9wd2iTKdUZHZFWGr9ynLMnhwKPNCD9A5CgAWWdNWp,hold 3 slots,-0.07401045212045479
CxgPWvH2GoEDENELne2XKAR2z2Fr4shG2uaeyqZceGve,CxgPWv,26inxAX6MRvVwzpKcQP5pJUcKNPc1ehFKfUubnsYpump,3PGD6yFupGnTadkzETNWfaZCKngWDLSYA7bgXUsbCXQCgtr9wd2iTKdUZHZFWGr9ynLMnhwKPNCD9A5CgAWWdNWp,hold 5 slots,-0.06576679227643681
CxgPWvH2GoEDENELne2XKAR2z2Fr4shG2uaeyqZceGve,CxgPWv,26inxAX6MRvVwzpKcQP5pJUcKNPc1ehFKfUubnsYpump,3PGD6yFupGnTadkzETNWfaZCKngWDLSYA7bgXUsbCXQCgtr9wd2iTKdUZHZFWGr9ynLMnhwKPNCD9A5CgAWWdNWp,hold 12 slots,-0.07761976523924136
CxgPWvH2GoEDENELne2XKAR2z2Fr4shG2uaeyqZceGve,CxgPWv,26inxAX6MRvVwzpKcQP5pJUcKNPc1ehFKfUubnsYpump,3PGD6yFupGnTadkzETNWfaZCKngWDLSYA7bgXUsbCXQCgtr9wd2iTKdUZHZFWGr9ynLMnhwKPNCD9A5CgAWWdNWp,hold 25 slots,-0.08612541172472418
CxgPWvH2GoEDENELne2XKAR2z2Fr4shG2uaeyqZceGve,CxgPWv,26inxAX6MRvVwzpKcQP5pJUcKNPc1ehFKfUubnsYpump,3PGD6yFupGnTadkzETNWfaZCKngWDLSYA7bgXUsbCXQCgtr9wd2iTKdUZHZFWGr9ynLMnhwKPNCD9A5CgAWWdNWp,hold 50 slots,0.021686416368258594
CxgPWvH2GoEDENELne2XKAR2z2Fr4shG2uaeyqZceGve,CxgPWv,26inxAX6MRvVwzpKcQP5pJUcKNPc1ehFKfUubnsYpump,3PGD6yFupGnTadkzETNWfaZCKngWDLSYA7bgXUsbCXQCgtr9wd2iTKdUZHZFWGr9ynLMnhwKPNCD9A5CgAWWdNWp,hold 75 slots,0.010203202029858947
CxgPWvH2GoEDENELne2XKAR2z2Fr4shG2uaeyqZceGve,CxgPWv,26inxAX6MRvVwzpKcQP5pJUcKNPc1ehFKfUubnsYpump,3PGD6yFupGnTadkzETNWfaZCKngWDLSYA7bgXUsbCXQCgtr9wd2iTKdUZHZFWGr9ynLMnhwKPNCD9A5CgAWWdNWp,hold 150 slots,-0.017391957188991072
CxgPWvH2GoEDENELne2XKAR2z2Fr4shG2uaeyqZceGve,CxgPWv,26inxAX6MRvVwzpKcQP5pJUcKNPc1ehFKfUubnsYpump,3PGD6yFupGnTadkzETNWfaZCKngWDLSYA7bgXUsbCXQCgtr9wd2iTKdUZHZFWGr9ynLMnhwKPNCD9A5CgAWWdNWp,TP 10% / SL 10%,-0.10662776194265747
CxgPWvH2GoEDENELne2XKAR2z2Fr4shG2uaeyqZceGve,CxgPWv,26inxAX6MRvVwzpKcQP5pJUcKNPc1ehFKfUubnsYpump,3PGD6yFupGnTadkzETNWfaZCKngWDLSYA7bgXUsbCXQCgtr9wd2iTKdUZHZFWGr9ynLMnhwKPNCD9A5CgAWWdNWp,TP 20% / SL 10%,-0.10662776194265747
CxgPWvH2GoEDENELne2XKAR2z2Fr4shG2uaeyqZceGve,CxgPWv,26inxAX6MRvVwzpKcQP5pJUcKNPc1ehFKfUubnsYpump,3PGD6yFupGnTadkzETNWfaZCKngWDLSYA7bgXUsbCXQCgtr9wd2iTKdUZHZFWGr9ynLMnhwKPNCD9A5CgAWWdNWp,TP 30% / SL 15%,-0.017391957188991072
CxgPWvH2GoEDENELne2XKAR2z2Fr4shG2uaeyqZceGve,CxgPWv,26inxAX6MRvVwzpKcQP5pJUcKNPc1ehFKfUubnsYpump,3PGD6yFupGnTadkzETNWfaZCKngWDLSYA7bgXUsbCXQCgtr9wd2iTKdUZHZFWGr9ynLMnhwKPNCD9A5CgAWWdNWp,TP 50% / SL 25%,-0.017391957188991072
CxgPWvH2GoEDENELne2XKAR2z2Fr4shG2uaeyqZceGve,CxgPWv,26inxAX6MRvVwzpKcQP5pJUcKNPc1ehFKfUubnsYpump,3PGD6yFupGnTadkzETNWfaZCKngWDLSYA7bgXUsbCXQCgtr9wd2iTKdUZHZFWGr9ynLMnhwKPNCD9A5CgAWWdNWp,TP 100% / SL 30%,-0.017391957188991072
CxgPWvH2GoEDENELne2XKAR2z2Fr4shG2uaeyqZceGve,CxgPWv,8zdYgBgbewuVZwufrM1Qfu9HStB7ms57SQvELVHQn153,4iuo76NiY45LpJhiJm6T5D4arvgKi6Yc4Uua1iveYMudtuMMjD9MnKkPs5ThFBTB9YFNqqU7VsP57HRJ3vVQtdWw,hold 1 slots,-0.031802486789545295
CxgPWvH2GoEDENELne2XKAR2z2Fr4shG2uaeyqZceGve,CxgPWv,8zdYgBgbewuVZwufrM1Qfu9HStB7ms57SQvELVHQn153,4iuo76NiY45LpJhiJm6T5D4arvgKi6Yc4Uua1iveYMudtuMMjD9MnKkPs5ThFBTB9YFNqqU7VsP57HRJ3vVQtdWw,hold 3 slots,-0.031802486789545295
CxgPWvH2GoEDENELne2XKAR2z2Fr4shG2uaeyqZceGve,CxgPWv,8zdYgBgbewuVZwufrM1Qfu9HStB7ms57SQvELVHQn153,4iuo76NiY45LpJhiJm6T5D4arvgKi6Yc4Uua1iveYMudtuMMjD9MnKkPs5ThFBTB9YFNqqU7VsP57HRJ3vVQtdWw,hold 5 slots,-0.031802486789545295
CxgPWvH2GoEDENELne2XKAR2z2Fr4shG2uaeyqZceGve,CxgPWv,8zdYgBgbewuVZwufrM1Qfu9HStB7ms57SQvELVHQn153,4iuo76NiY45LpJhiJm6T5D4arvgKi6Yc4Uua1iveYMudtuMMjD9MnKkPs5ThFBTB9YFNqqU7VsP57HRJ3vVQtdWw,hold 12 slots,-0.031802486789545295
CxgPWvH2GoEDENELne2XKAR2z2Fr4shG2uaeyqZceGve,CxgPWv,8zdYgBgbewuVZwufrM1Qfu9HStB7ms57SQvELVHQn153,4iuo76NiY45LpJhiJm6T5D4arvgKi6Yc4Uua1iveYMudtuMMjD9MnKkPs5ThFBTB9YFNqqU7VsP57HRJ3vVQtdWw,hold 25 slots,-0.013431907265388846
CxgPWvH2GoEDENELne2XKAR2z2Fr4shG2uaeyqZceGve,CxgPWv,8zdYgBgbewuVZwufrM1Qfu9HStB7ms57SQvELVHQn153,4iuo76NiY45LpJhiJm6T5D4arvgKi6Yc4Uua1iveYMudtuMMjD9MnKkPs5ThFBTB9YFNqqU7VsP57HRJ3vVQtdWw,hold 50 slots,-0.02766343152894473
CxgPWvH2GoEDENELne2XKAR2z2Fr4shG2uaeyqZceGve,CxgPWv,8zdYgBgbewuVZwufrM1Qfu9HStB7ms57SQvELVHQn153,4iuo76NiY45LpJhiJm6T5D4arvgKi6Yc4Uua1iveYMudtuMMjD9MnKkPs5ThFBTB9YFNqqU7VsP57HRJ3vVQtdWw,hold 75 slots,-0.029281561223077415
CxgPWvH2GoEDENELne2XKAR2z2Fr4shG2uaeyqZceGve,CxgPWv,8zdYgBgbewuVZwufrM1Qfu9HStB7ms57SQvELVHQn153,4iuo76NiY45LpJhiJm6T5D4arvgKi6Yc4Uua1iveYMudtuMMjD9MnKkPs5ThFBTB9YFNqqU7VsP57HRJ3vVQtdWw,hold 150 slots,-0.029281561223077415
CxgPWvH2GoEDENELne2XKAR2z2Fr4shG2uaeyqZceGve,CxgPWv,8zdYgBgbewuVZwufrM1Qfu9HStB7ms57SQvELVHQn153,4iuo76NiY45LpJhiJm6T5D4arvgKi6Yc4Uua1iveYMudtuMMjD9MnKkPs5ThFBTB9YFNqqU7VsP57HRJ3vVQtdWw,TP 10% / SL 10%,-0.029281561223077415
CxgPWvH2GoEDENELne2XKAR2z2Fr4shG2uaeyqZceGve,CxgPWv,8zdYgBgbewuVZwufrM1Qfu9HStB7ms57SQvELVHQn153,4iuo76NiY45LpJhiJm6T5D4arvgKi6Yc4Uua1iveYMudtuMMjD9MnKkPs5ThFBTB9YFNqqU7VsP57HRJ3vVQtdWw,TP 20% / SL 10%,-0.029281561223077415
CxgPWvH2GoEDENELne2XKAR2z2Fr4shG2uaeyqZceGve,CxgPWv,8zdYgBgbewuVZwufrM1Qfu9HStB7ms57SQvELVHQn153,4iuo76NiY45LpJhiJm6T5D4arvgKi6Yc4Uua1iveYMudtuMMjD9MnKkPs5ThFBTB9YFNqqU7VsP57HRJ3vVQtdWw,TP 30% / SL 15%,-0.029281561223077415
CxgPWvH2GoEDENELne2XKAR2z2Fr4shG2uaeyqZceGve,CxgPWv,8zdYgBgbewuVZwufrM1Qfu9HStB7ms57SQvELVHQn153,4iuo76NiY45LpJhiJm6T5D4arvgKi6Yc4Uua1iveYMudtuMMjD9MnKkPs5ThFBTB9YFNqqU7VsP57HRJ3vVQtdWw,TP 50% / SL 25%,-0.029281561223077415
CxgPWvH2GoEDENELne2XKAR2z2Fr4shG2uaeyqZceGve,CxgPWv,8zdYgBgbewuVZwufrM1Qfu9HStB7ms57SQvELVHQn153,4iuo76NiY45LpJhiJm6T5D4arvgKi6Yc4Uua1iveYMudtuMMjD9MnKkPs5ThFBTB9YFNqqU7VsP57HRJ3vVQtdWw,TP 100% / SL 30%,-0.029281561223077415
3L8RAxLkvwkz4CgHivaVRtq19741FAdGLk5DgjRfc1fW,3L8RAx,3z8Ytb2Mavm3BU9gYB1AMwHUqoRokVoGfoJNGm7kqPTY,4YE67AvSWgsqDtg2rt6dQX1faT5rTfJdPUvGztJfayzqizegdRsJbq3C1vJw9qbTLTDxVJPRp7F1qVhCk9R4XBdL,follow wallet,-0.2186958961310456
3L8RAxLkvwkz4CgHivaVRtq19741FAdGLk5DgjRfc1fW,3L8RAx,3z8Ytb2Mavm3BU9gYB1AMwHUqoRokVoGfoJNGm7kqPTY,4YE67AvSWgsqDtg2rt6dQX1faT5rTfJdPUvGztJfayzqizegdRsJbq3C1vJw9qbTLTDxVJPRp7F1qVhCk9R4XBdL,hold 1 slots,-0.08036090657795536
3L8RAxLkvwkz4CgHivaVRtq19741FAdGLk5DgjRfc1fW,3L8RAx,3z8Ytb2Mavm3BU9gYB1AMwHUqoRokVoGfoJNGm7kqPTY,4YE67AvSWgsqDtg2rt6dQX1faT5rTfJdPUvGztJfayzqizegdRsJbq3C1vJw9qbTLTDxVJPRp7F1qVhCk9R4XBdL,hold 3 slots,-0.06313493645598448
3L8RAxLkvwkz4CgHivaVRtq19741FAdGLk5DgjRfc1fW,3L8RAx,3z8Ytb2Mavm3BU9gYB1AMwHUqoRokVoGfoJNGm7kqPTY,4YE67AvSWgsqDtg2rt6dQX1faT5rTfJdPUvGztJfayzqizegdRsJbq3C1vJw9qbTLTDxVJPRp7F1qVhCk9R4XBdL,hold 5 slots,-0.06313493645598448
3L8RAxLkvwkz4CgHivaVRtq19741FAdGLk5DgjRfc1fW,3L8RAx,3z8Ytb2Mavm3BU9gYB1AMwHUqoRokVoGfoJNGm7kqPTY,4YE67AvSWgsqDtg2rt6dQX1faT5rTfJdPUvGztJfayzqizegdRsJbq3C1vJw9qbTLTDxVJPRp7F1qVhCk9R4XBdL,hold 12 slots,-0.03630500080986822
3L8RAxLkvwkz4CgHivaVRtq19741FAdGLk5DgjRfc1fW,3L8RAx,3z8Ytb2Mavm3BU9gYB1AMwHUqoRokVoGfoJNGm7kqPTY,4YE67AvSWgsqDtg2rt6dQX1faT5rTfJdPUvGztJfayzqizegdRsJbq3C1vJw9qbTLTDxVJPRp7F1qVhCk9R4XBdL,hold 25 slots,-0.028190792767158867
3L8RAxLkvwkz4CgHivaVRtq19741FAdGLk5DgjRfc1fW,3L8RAx,3z8Ytb2Mavm3BU9gYB1AMwHUqoRokVoGfoJNGm7kqPTY,4YE67AvSWgsqDtg2rt6dQX1faT5rTfJdPUvGztJfayzqizegdRsJbq3C1vJw9qbTLTDxVJPRp7F1qVhCk9R4XBdL,hold 50 slots,-0.08640666671535338
3L8RAxLkvwkz4CgHivaVRtq19741FAdGLk5DgjRfc1fW,3L8RAx,3z8Ytb2Mavm3BU9gYB1AMwHUqoRokVoGfoJNGm7kqPTY,4YE67AvSWgsqDtg2rt6dQX1faT5rTfJdPUvGztJfayzqizegdRsJbq3C1vJw9qbTLTDxVJPRp7F1qVhCk9R4XBdL,hold 75 slots,-0.12457466687129212
3L8RAxLkvwkz4CgHivaVRtq19741FAdGLk5DgjRfc1fW,3L8RAx,3z8Ytb2Mavm3BU9gYB1AMwHUqoRokVoGfoJNGm7kqPTY,4YE67AvSWgsqDtg2rt6dQX1faT5rTfJdPUvGztJfayzqizegdRsJbq3C1vJw9qbTLTDxVJPRp7F1qVhCk9R4XBdL,hold 150 slots,-0.37591324878960397
3L8RAxLkvwkz4CgHivaVRtq19741FAdGLk5DgjRfc1fW,3L8RAx,3z8Ytb2Mavm3BU9gYB1AMwHUqoRokVoGfoJNGm7kqPTY,4YE67AvSWgsqDtg2rt6dQX1faT5rTfJdPUvGztJfayzqizegdRsJbq3C1vJw9qbTLTDxVJPRp7F1qVhCk9R4XBdL,TP 10% / SL 10%,-0.17965388579760136
3L8RAxLkvwkz4CgHivaVRtq19741FAdGLk5DgjRfc1fW,3L8RAx,3z8Ytb2Mavm3BU9gYB1AMwHUqoRokVoGfoJNGm7kqPTY,4YE67AvSWgsqDtg2rt6dQX1faT5rTfJdPUvGztJfayzqizegdRsJbq3C1vJw9qbTLTDxVJPRp7F1qVhCk9R4XBdL,TP 20% / SL 10%,-0.17965388579760136
3L8RAxLkvwkz4CgHivaVRtq19741FAdGLk5DgjRfc1fW,3L8RAx,3z8Ytb2Mavm3BU9gYB1AMwHUqoRokVoGfoJNGm7kqPTY,4YE67AvSWgsqDtg2rt6dQX1faT5rTfJdPUvGztJfayzqizegdRsJbq3C1vJw9qbTLTDxVJPRp7F1qVhCk9R4XBdL,TP 30% / SL 15%,-0.17965388579760136
3L8RAxLkvwkz4CgHivaVRtq19741FAdGLk5DgjRfc1fW,3L8RAx,3z8Ytb2Mavm3BU9gYB1AMwHUqoRokVoGfoJNGm7kqPTY,4YE67AvSWgsqDtg2rt6dQX1faT5rTfJdPUvGztJfayzqizegdRsJbq3C1vJw9qbTLTDxVJPRp7F1qVhCk9R4XBdL,TP 50% / SL 25%,-0.36590974133888243
3L8RAxLkvwkz4CgHivaVRtq19741FAdGLk5DgjRfc1fW,3L8RAx,3z8Ytb2Mavm3BU9gYB1AMwHUqoRokVoGfoJNGm7kqPTY,4YE67AvSWgsqDtg2rt6dQX1faT5rTfJdPUvGztJfayzqizegdRsJbq3C1vJw9qbTLTDxVJPRp7F1qVhCk9R4XBdL,TP 100% / SL 30%,-0.36590974133888243
3L8RAxLkvwkz4CgHivaVRtq19741FAdGLk5DgjRfc1fW,3L8RAx,5h3b7oHZWdbpKKbB1gRY9hjUPUVqNH5qZMqF2Tfvpump,MKLgmLmJ8v4yooRmzbFwUq6tZr44ZRCnqXAcsAESKsQMJvQw3aAQ6DxWMbFHufxtvLF4XzyQbp9a9Ggxm9mguQr,follow wallet,-0.19671759094176638
3L8RAxLkvwkz4CgHivaVRtq19741FAdGLk5DgjRfc1fW,3L8RAx,5h3b7oHZWdbpKKbB1gRY9hjUPUVqNH5qZMqF2Tfvpump,MKLgmLmJ8v4yooRmzbFwUq6tZr44ZRCnqXAcsAESKsQMJvQw3aAQ6DxWMbFHufxtvLF4XzyQbp9a9Ggxm9mguQr,hold 1 slots,0.05298488818684876
3L8RAxLkvwkz4CgHivaVRtq19741FAdGLk5DgjRfc1fW,3L8RAx,5h3b7oHZWdbpKKbB1gRY9hjUPUVqNH5qZMqF2Tfvpump,MKLgmLmJ8v4yooRmzbFwUq6tZr44ZRCnqXAcsAESKsQMJvQw3aAQ6DxWMbFHufxtvLF4XzyQbp9a9Ggxm9mguQr,hold 3 slots,0.05293823878536618
3L8RAxLkvwkz4CgHivaVRtq19741FAdGLk5DgjRfc1fW,3L8RAx,5h3b7oHZWdbpKKbB1gRY9hjUPUVqNH5qZMqF2Tfvpump,MKLgmLmJ8v4yooRmzbFwUq6tZr44ZRCnqXAcsAESKsQMJvQw3aAQ6DxWMbFHufxtvLF4XzyQbp9a9Ggxm9mguQr,hold 5 slots,0.05293823878536618
3L8RAxLkvwkz4CgHivaVRtq19741FAdGLk5DgjRfc1fW,3L8RAx,5h3b7oHZWdbpKKbB1gRY9hjUPUVqNH5qZMqF2Tfvpump,MKLgmLmJ8v4yooRmzbFwUq6tZr44ZRCnqXAcsAESKsQMJvQw3aAQ6DxWMbFHufxtvLF4XzyQbp9a9Ggxm9mguQr,hold 12 slots,-0.00934742806874025
3L8RAxLkvwkz4CgHivaVRtq19741FAdGLk5DgjRfc1fW,3L8RAx,5h3b7oHZWdbpKKbB1gRY9hjUPUVqNH5qZMqF2Tfvpump,MKLgmLmJ8v4yooRmzbFwUq6tZr44ZRCnqXAcsAESKsQMJvQw3aAQ6DxWMbFHufxtvLF4XzyQbp9a9Ggxm9mguQr,hold 25 slots,-0.025547380659062504
3L8RAxLkvwkz4CgHivaVRtq19741FAdGLk5DgjRfc1fW,3L8RAx,5h3b7oHZWdbpKKbB1gRY9hjUPUVqNH5qZMqF2Tfvpump,MKLgmLmJ8v4yooRmzbFwUq6tZr44ZRCnqXAcsAESKsQMJvQw3aAQ6DxWMbFHufxtvLF4XzyQbp9a9Ggxm9mguQr,hold 50 slots,-0.22326566395469546
3L8RAxLkvwkz4CgHivaVRtq19741FAdGLk5DgjRfc1fW,3L8RAx,5h3b7oHZWdbpKKbB1gRY9hjUPUVqNH5qZMqF2Tfvpump,MKLgmLmJ8v4yooRmzbFwUq6tZr44ZRCnqXAcsAESKsQMJvQw3aAQ6DxWMbFHufxtvLF4XzyQbp9a9Ggxm9mguQr,hold 75 slots,-0.17038791383309818
3L8RAxLkvwkz4CgHivaVRtq19741FAdGLk5DgjRfc1fW,3L8RAx,5h3b7oHZWdbpKKbB1gRY9hjUPUVqNH5qZMqF2Tfvpump,MKLgmLmJ8v4yooRmzbFwUq6tZr44ZRCnqXAcsAESKsQMJvQw3aAQ6DxWMbFHufxtvLF4XzyQbp9a9Ggxm9mguQr,hold 150 slots,-0.5365955544293878
3L8RAxLkvwkz4CgHivaVRtq19741FAdGLk5DgjRfc1fW,3L8RAx,5h3b7oHZWdbpKKbB1gRY9hjUPUVqNH5qZMqF2Tfvpump,MKLgmLmJ8v4yooRmzbFwUq6tZr44ZRCnqXAcsAESKsQMJvQw3aAQ6DxWMbFHufxtvLF4XzyQbp9a9Ggxm9mguQr,TP 10% / SL 10%,-0.1158425339779309
3L8RAxLkvwkz4CgHivaVRtq19741FAdGLk5DgjRfc1fW,3L8RAx,5h3b7oHZWdbpKKbB1gRY9hjUPUVqNH5qZMqF2Tfvpump,MKLgmLmJ8v4yooRmzbFwUq6tZr44ZRCnqXAcsAESKsQMJvQw3aAQ6DxWMbFHufxtvLF4XzyQbp9a9Ggxm9mguQr,TP 20% / SL 10%,-0.1158425339779309
3L8RAxLkvwkz4CgHivaVRtq19741FAdGLk5DgjRfc1fW,3L8RAx,5h3b7oHZWdbpKKbB1gRY9hjUPUVqNH5qZMqF2Tfvpump,MKLgmLmJ8v4yooRmzbFwUq6tZr44ZRCnqXAcsAESKsQMJvQw3aAQ6DxWMbFHufxtvLF4XzyQbp9a9Ggxm9mguQr,TP 30% / SL 15%,-0.22326566395469546
3L8RAxLkvwkz4CgHivaVRtq19741FAdGLk5DgjRfc1fW,3L8RAx,5h3b7oHZWdbpKKbB1gRY9hjUPUVqNH5qZMqF2Tfvpump,MKLgmLmJ8v4yooRmzbFwUq6tZr44ZRCnqXAcsAESKsQMJvQw3aAQ6DxWMbFHufxtvLF4XzyQbp9a9Ggxm9mguQr,TP 50% / SL 25%,-0.5365955544293878
3L8RAxLkvwkz4CgHivaVRtq19741FAdGLk5DgjRfc1fW,3L8RAx,5h3b7oHZWdbpKKbB1gRY9hjUPUVqNH5qZMqF2Tfvpump,MKLgmLmJ8v4yooRmzbFwUq6tZr44ZRCnqXAcsAESKsQMJvQw3aAQ6DxWMbFHufxtvLF4XzyQbp9a9Ggxm9mguQr,TP 100% / SL 30%,-0.5365955544293878
3L8RAxLkvwkz4CgHivaVRtq19741FAdGLk5DgjRfc1fW,3L8RAx,1W6i6SXZH9KRZ5jwZankisK3Sjy4PtEpqRLTyMs1kqy,2kcE2ZkwsynRf8WPVQBNd5qhHx5J5RKKpYsvHzWLj7hYL2rKfCD4d6dcKZJy2jpR95Zv6drn97iVN8ZqjexmfniK,follow wallet,-0.17530636479428352
3L8RAxLkvwkz4CgHivaVRtq19741FAdGLk5DgjRfc1fW,3L8RAx,1W6i6SXZH9KRZ5jwZankisK3Sjy4PtEpqRLTyMs1kqy,2kcE2ZkwsynRf8WPVQBNd5qhHx5J5RKKpYsvHzWLj7hYL2rKfCD4d6dcKZJy2jpR95Zv6drn97iVN8ZqjexmfniK,hold 1 slots,-0.05123108998918581
3L8RAxLkvwkz4CgHivaVRtq19741FAdGLk5DgjRfc1fW,3L8RAx,1W6i6SXZH9KRZ5jwZankisK3Sjy4PtEpqRLTyMs1kqy,2kcE2ZkwsynRf8WPVQBNd5qhHx5J5RKKpYsvHzWLj7hYL2rKfCD4d6dcKZJy2jpR95Zv6drn97iVN8ZqjexmfniK,hold 3 slots,0.0451261736936804
3L8RAxLkvwkz4CgHivaVRtq19741FAdGLk5DgjRfc1fW,3L8RAx,1W6i6SXZH9KRZ5jwZankisK3Sjy4PtEpqRLTyMs1kqy,2kcE2ZkwsynRf8WPVQBNd5qhHx5J5RKKpYsvHzWLj7hYL2rKfCD4d6dcKZJy2jpR95Zv6drn97iVN8ZqjexmfniK,hold 5 slots,-0.1204331997549963
3L8RAxLkvwkz4CgHivaVRtq19741FAdGLk5DgjRfc1fW,3L8RAx,1W6i6SXZH9KRZ5jwZankisK3Sjy4PtEpqRLTyMs1kqy,2kcE2ZkwsynRf8WPVQBNd5qhHx5J5RKKpYsvHzWLj7hYL2rKfCD4d6dcKZJy2jpR95Zv6drn97iVN8ZqjexmfniK,hold 12 slots,0.020299777335007308
3L8RAxLkvwkz4CgHivaVRtq19741FAdGLk5DgjRfc1fW,3L8RAx,1W6i6SXZH9KRZ5jwZankisK3Sjy4PtEpqRLTyMs1kqy,2kcE2ZkwsynRf8WPVQBNd5qhHx5J5RKKpYsvHzWLj7hYL2rKfCD4d6dcKZJy2jpR95Zv6drn97iVN8ZqjexmfniK,hold 25 slots,-0.11534166696357298
3L8RAxLkvwkz4CgHivaVRtq19741FAdGLk5DgjRfc1fW,3L8RAx,1W6i6SXZH9KRZ5jwZankisK3Sjy4PtEpqRLTyMs1kqy,2kcE2ZkwsynRf8WPVQBNd5qhHx5J5RKKpYsvHzWLj7hYL2rKfCD4d6dcKZJy2jpR95Zv6drn97iVN8ZqjexmfniK,hold 50 slots,-0.12747302202203428
3L8RAxLkvwkz4CgHivaVRtq19741FAdGLk5DgjRfc1fW,3L8RAx,1W6i6SXZH9KRZ5jwZankisK3Sjy4PtEpqRLTyMs1kqy,2kcE2ZkwsynRf8WPVQBNd5qhHx5J5RKKpYsvHzWLj7hYL2rKfCD4d6dcKZJy2jpR95Zv6drn97iVN8ZqjexmfniK,hold 75 slots,-0.07263256171875118
3L8RAxLkvwkz4CgHivaVRtq19741FAdGLk5DgjRfc1fW,3L8RAx,1W6i6SXZH9KRZ5jwZankisK3Sjy4PtEpqRLTyMs1kqy,2kcE2ZkwsynRf8WPVQBNd5qhHx5J5RKKpYsvHzWLj7hYL2rKfCD4d6dcKZJy2jpR95Zv6drn97iVN8ZqjexmfniK,hold 150 slots,0.0010324740587109322
3L8RAxLkvwkz4CgHivaVRtq19741FAdGLk5DgjRfc1fW,3L8RAx,1W6i6SXZH9KRZ5jwZankisK3Sjy4PtEpqRLTyMs1kqy,2kcE2ZkwsynRf8WPVQBNd5qhHx5J5RKKpYsvHzWLj7hYL2rKfCD4d6dcKZJy2jpR95Zv6drn97iVN8ZqjexmfniK,TP 10% / SL 10%,-0.1204331997549963
3L8RAxLkvwkz4CgHivaVRtq19741FAdGLk5DgjRfc1fW,3L8RAx,1W6i6SXZH9KRZ5jwZankisK3Sjy4PtEpqRLTyMs1kqy,2kcE2ZkwsynRf8WPVQBNd5qhHx5J5RKKpYsvHzWLj7hYL2rKfCD4d6dcKZJy2jpR95Zv6drn97iVN8ZqjexmfniK,TP 20% / SL 10%,-0.1204331997549963
3L8RAxLkvwkz4CgHivaVRtq19741FAdGLk5DgjRfc1fW,3L8RAx,1W6i6SXZH9KRZ5jwZankisK3Sjy4PtEpqRLTyMs1kqy,2kcE2ZkwsynRf8WPVQBNd5qhHx5J5RKKpYsvHzWLj7hYL2rKfCD4d6dcKZJy2jpR95Zv6drn97iVN8ZqjexmfniK,TP 30% / SL 15%,-0.15594405459921695
3L8RAxLkvwkz4CgHivaVRtq19741FAdGLk5DgjRfc1fW,3L8RAx,1W6i6SXZH9KRZ5jwZankisK3Sjy4PtEpqRLTyMs1kqy,2kcE2ZkwsynRf8WPVQBNd5qhHx5J5RKKpYsvHzWLj7hYL2rKfCD4d6dcKZJy2jpR95Zv6drn97iVN8ZqjexmfniK,TP 50% / SL 25%,0.0010324740587109322
3L8RAxLkvwkz4CgHivaVRtq19741FAdGLk5DgjRfc1fW,3L8RAx,1W6i6SXZH9KRZ5jwZankisK3Sjy4PtEpqRLTyMs1kqy,2kcE2ZkwsynRf8WPVQBNd5qhHx5J5RKKpYsvHzWLj7hYL2rKfCD4d6dcKZJy2jpR95Zv6drn97iVN8ZqjexmfniK,TP 100% / SL 30%,0.0010324740587109322
2e1w3Xo441Ytvwn54wCn8itAXwCKbiizc9ynGEv14Vis,2e1w3X,51HqNzgB7SavzqUPS3TzpvqsQYdUU5V2cU2VCS8gQTcz,5KhjeFRZutE292nRHvoBgbFX5WuhFt5pEYRfJdy2i1UJepUGbQZWvBmCKoA7uyXzbS8e7q6Z6sWN7RRtCsLeWm1U,follow wallet,-0.23673695004102718
2e1w3Xo441Ytvwn54wCn8itAXwCKbiizc9ynGEv14Vis,2e1w3X,51HqNzgB7SavzqUPS3TzpvqsQYdUU5V2cU2VCS8gQTcz,5KhjeFRZutE292nRHvoBgbFX5WuhFt5pEYRfJdy2i1UJepUGbQZWvBmCKoA7uyXzbS8e7q6Z6sWN7RRtCsLeWm1U,hold 1 slots,-0.07722536107595396
2e1w3Xo441Ytvwn54wCn8itAXwCKbiizc9ynGEv14Vis,2e1w3X,51HqNzgB7SavzqUPS3TzpvqsQYdUU5V2cU2VCS8gQTcz,5KhjeFRZutE292nRHvoBgbFX5WuhFt5pEYRfJdy2i1UJepUGbQZWvBmCKoA7uyXzbS8e7q6Z6sWN7RRtCsLeWm1U,hold 3 slots,-0.0818081919868939
2e1w3Xo441Ytvwn54wCn8itAXwCKbiizc9ynGEv14Vis,2e1w3X,51HqNzgB7SavzqUPS3TzpvqsQYdUU5V2cU2VCS8gQTcz,5KhjeFRZutE292nRHvoBgbFX5WuhFt5pEYRfJdy2i1UJepUGbQZWvBmCKoA7uyXzbS8e7q6Z6sWN7RRtCsLeWm1U,hold 5 slots,-0.0818081919868939
2e1w3Xo441Ytvwn54wCn8itAXwCKbiizc9ynGEv14Vis,2e1w3X,51HqNzgB7SavzqUPS3TzpvqsQYdUU5V2cU2VCS8gQTcz,5KhjeFRZutE292nRHvoBgbFX5WuhFt5pEYRfJdy2i1UJepUGbQZWvBmCKoA7uyXzbS8e7q6Z6sWN7RRtCsLeWm1U,hold 12 slots,-0.0818081919868939
2e1w3Xo441Ytvwn54wCn8itAXwCKbiizc9ynGEv14Vis,2e1w3X,51HqNzgB7SavzqUPS3TzpvqsQYdUU5V2cU2VCS8gQTcz,5KhjeFRZutE292nRHvoBgbFX5WuhFt5pEYRfJdy2i1UJepUGbQZWvBmCKoA7uyXzbS8e7q6Z6sWN7RRtCsLeWm1U,hold 25 slots,-0.0818081919868939
2e1w3Xo441Ytvwn54wCn8itAXwCKbiizc9ynGEv14Vis,2e1w3X,51HqNzgB7SavzqUPS3TzpvqsQYdUU5V2cU2VCS8gQTcz,5KhjeFRZutE292nRHvoBgbFX5WuhFt5pEYRfJdy2i1UJepUGbQZWvBmCKoA7uyXzbS8e7q6Z6sWN7RRtCsLeWm1U,hold 50 slots,-0.0818081919868939
2e1w3Xo441Ytvwn54wCn8itAXwCKbiizc9ynGEv14Vis,2e1w3X,51HqNzgB7SavzqUPS3TzpvqsQYdUU5V2cU2VCS8gQTcz,5KhjeFRZutE292nRHvoBgbFX5WuhFt5pEYRfJdy2i1UJepUGbQZWvBmCKoA7uyXzbS8e7q6Z6sWN7RRtCsLeWm1U,hold 75 slots,0.036935517626652835
2e1w3Xo441Ytvwn54wCn8itAXwCKbiizc9ynGEv14Vis,2e1w3X,51HqNzgB7SavzqUPS3TzpvqsQYdUU5V2cU2VCS8gQTcz,5KhjeFRZutE292nRHvoBgbFX5WuhFt5pEYRfJdy2i1UJepUGbQZWvBmCKoA7uyXzbS8e7q6Z6sWN7RRtCsLeWm1U,hold 150 slots,0.1140376708288629
2e1w3Xo441Ytvwn54wCn8itAXwCKbiizc9ynGEv14Vis,2e1w3X,51HqNzgB7SavzqUPS3TzpvqsQYdUU5V2cU2VCS8gQTcz,5KhjeFRZutE292nRHvoBgbFX5WuhFt5pEYRfJdy2i1UJepUGbQZWvBmCKoA7uyXzbS8e7q6Z6sWN7RRtCsLeWm1U,TP 10% / SL 10%,0.1140376708288629
2e1w3Xo441Ytvwn54wCn8itAXwCKbiizc9ynGEv14Vis,2e1w3X,51HqNzgB7SavzqUPS3TzpvqsQYdUU5V2cU2VCS8gQTcz,5KhjeFRZutE292nRHvoBgbFX5WuhFt5pEYRfJdy2i1UJepUGbQZWvBmCKoA7uyXzbS8e7q6Z6sWN7RRtCsLeWm1U,TP 20% / SL 10%,0.1140376708288629
2e1w3Xo441Ytvwn54wCn8itAXwCKbiizc9ynGEv14Vis,2e1w3X,51HqNzgB7SavzqUPS3TzpvqsQYdUU5V2cU2VCS8gQTcz,5KhjeFRZutE292nRHvoBgbFX5WuhFt5pEYRfJdy2i1UJepUGbQZWvBmCKoA7uyXzbS8e7q6Z6sWN7RRtCsLeWm1U,TP 30% / SL 15%,0.1140376708288629
2e1w3Xo441Ytvwn54wCn8itAXwCKbiizc9ynGEv14Vis,2e1w3X,51HqNzgB7SavzqUPS3TzpvqsQYdUU5V2cU2VCS8gQTcz,5KhjeFRZutE292nRHvoBgbFX5WuhFt5pEYRfJdy2i1UJepUGbQZWvBmCKoA7uyXzbS8e7q6Z6sWN7RRtCsLeWm1U,TP 50% / SL 25%,0.1140376708288629
2e1w3Xo441Ytvwn54wCn8itAXwCKbiizc9ynGEv14Vis,2e1w3X,51HqNzgB7SavzqUPS3TzpvqsQYdUU5V2cU2VCS8gQTcz,5KhjeFRZutE292nRHvoBgbFX5WuhFt5pEYRfJdy2i1UJepUGbQZWvBmCKoA7uyXzbS8e7q6Z6sWN7RRtCsLeWm1U,TP 100% / SL 30%,0.1140376708288629
2e1w3Xo441Ytvwn54wCn8itAXwCKbiizc9ynGEv14Vis,2e1w3X,DX6Py9BVAofb623uVmojBQypg2SqTrcDWQXjZWkt7qz9,5CZdcEgLfn1v21HsTeaAKMRJfk7F4Wj8x3qYFUKnmVYfYA8YYq4vfQcvkkAjbRSnKyo5RkyVLsFVU4w1xBoRuHno,follow wallet,-0.29515623487058534
2e1w3Xo441Ytvwn54wCn8itAXwCKbiizc9ynGEv14Vis,2e1w3X,DX6Py9BVAofb623uVmojBQypg2SqTrcDWQXjZWkt7qz9,5CZdcEgLfn1v21HsTeaAKMRJfk7F4Wj8x3qYFUKnmVYfYA8YYq4vfQcvkkAjbRSnKyo5RkyVLsFVU4w1xBoRuHno,hold 1 slots,-0.052122899502614735
2e1w3Xo441Ytvwn54wCn8itAXwCKbiizc9ynGEv14Vis,2e1w3X,DX6Py9BVAofb623uVmojBQypg2SqTrcDWQXjZWkt7qz9,5CZdcEgLfn1v21HsTeaAKMRJfk7F4Wj8x3qYFUKnmVYfYA8YYq4vfQcvkkAjbRSnKyo5RkyVLsFVU4w1xBoRuHno,hold 3 slots,-0.08975801261353766
2e1w3Xo441Ytvwn54wCn8itAXwCKbiizc9ynGEv14Vis,2e1w3X,DX6Py9BVAofb623uVmojBQypg2SqTrcDWQXjZWkt7qz9,5CZdcEgLfn1v21HsTeaAKMRJfk7F4Wj8x3qYFUKnmVYfYA8YYq4vfQcvkkAjbRSnKyo5RkyVLsFVU4w1xBoRuHno,hold 5 slots,-0.09570212926770938
2e1w3Xo441Ytvwn54wCn8itAXwCKbiizc9ynGEv14Vis,2e1w3X,DX6Py9BVAofb623uVmojBQypg2SqTrcDWQXjZWkt7qz9,5CZdcEgLfn1v21HsTeaAKMRJfk7F4Wj8x3qYFUKnmVYfYA8YYq4vfQcvkkAjbRSnKyo5RkyVLsFVU4w1xBoRuHno,hold 12 slots,-0.21321803959439828
2e1w3Xo441Ytvwn54wCn8itAXwCKbiizc9ynGEv14Vis,2e1w3X,DX6Py9BVAofb623uVmojBQypg2SqTrcDWQXjZWkt7qz9,5CZdcEgLfn1v21HsTeaAKMRJfk7F4Wj8x3qYFUKnmVYfYA8YYq4vfQcvkkAjbRSnKyo5RkyVLsFVU4w1xBoRuHno,hold 25 slots,-0.09446498162232114
2e1w3Xo441Ytvwn54wCn8itAXwCKbiizc9ynGEv14Vis,2e1w3X,DX6Py9BVAofb623uVmojBQypg2SqTrcDWQXjZWkt7qz9,5CZdcEgLfn1v21HsTeaAKMRJfk7F4Wj8x3qYFUKnmVYfYA8YYq4vfQcvkkAjbRSnKyo5RkyVLsFVU4w1xBoRuHno,hold 50 slots,-0.3974458570537366
2e1w3Xo441Ytvwn54wCn8itAXwCKbiizc9ynGEv14Vis,2e1w3X,DX6Py9BVAofb623uVmojBQypg2SqTrcDWQXjZWkt7qz9,5CZdcEgLfn1v21HsTeaAKMRJfk7F4Wj8x3qYFUKnmVYfYA8YYq4vfQcvkkAjbRSnKyo5RkyVLsFVU4w1xBoRuHno,hold 75 slots,-0.4980751219335425
2e1w3Xo441Ytvwn54wCn8itAXwCKbiizc9ynGEv14Vis,2e1w3X,DX6Py9BVAofb623uVmojBQypg2SqTrcDWQXjZWkt7qz9,5CZdcEgLfn1v21HsTeaAKMRJfk7F4Wj8x3qYFUKnmVYfYA8YYq4vfQcvkkAjbRSnKyo5RkyVLsFVU4w1xBoRuHno,hold 150 slots,-0.5209314243453608
2e1w3Xo441Ytvwn54wCn8itAXwCKbiizc9ynGEv14Vis,2e1w3X,DX6Py9BVAofb623uVmojBQypg2SqTrcDWQXjZWkt7qz9,5CZdcEgLfn1v21HsTeaAKMRJfk7F4Wj8x3qYFUKnmVYfYA8YYq4vfQcvkkAjbRSnKyo5RkyVLsFVU4w1xBoRuHno,TP 10% / SL 10%,-0.157967796012591
2e1w3Xo441Ytvwn54wCn8itAXwCKbiizc9ynGEv14Vis,2e1w3X,DX6Py9BVAofb623uVmojBQypg2SqTrcDWQXjZWkt7qz9,5CZdcEgLfn1v21HsTeaAKMRJfk7F4Wj8x3qYFUKnmVYfYA8YYq4vfQcvkkAjbRSnKyo5RkyVLsFVU4w1xBoRuHno,TP 20% / SL 10%,-0.157967796012591
2e1w3Xo441Ytvwn54wCn8itAXwCKbiizc9ynGEv14Vis,2e1w3X,DX6Py9BVAofb623uVmojBQypg2SqTrcDWQXjZWkt7qz9,5CZdcEgLfn1v21HsTeaAKMRJfk7F4Wj8x3qYFUKnmVYfYA8YYq4vfQcvkkAjbRSnKyo5RkyVLsFVU4w1xBoRuHno,TP 30% / SL 15%,-0.157967796012591
2e1w3Xo441Ytvwn54wCn8itAXwCKbiizc9ynGEv14Vis,2e1w3X,DX6Py9BVAofb623uVmojBQypg2SqTrcDWQXjZWkt7qz9,5CZdcEgLfn1v21HsTeaAKMRJfk7F4Wj8x3qYFUKnmVYfYA8YYq4vfQcvkkAjbRSnKyo5RkyVLsFVU4w1xBoRuHno,TP 50% / SL 25%,-0.256986775303689
2e1w3Xo441Ytvwn54wCn8itAXwCKbiizc9ynGEv14Vis,2e1w3X,DX6Py9BVAofb623uVmojBQypg2SqTrcDWQXjZWkt7qz9,5CZdcEgLfn1v21HsTeaAKMRJfk7F4Wj8x3qYFUKnmVYfYA8YYq4vfQcvkkAjbRSnKyo5RkyVLsFVU4w1xBoRuHno,TP 100% / SL 30%,-0.3974458570537366
2e1w3Xo441Ytvwn54wCn8itAXwCKbiizc9ynGEv14Vis,2e1w3X,GvCG9krrDsfgafBtf43AAKYfBQemnYiNCsyo6frepump,2gmVEt99u56ChBCzLBAhv8zFwZJX93cmT27oFGK12RQfHv1YRcmisHz5vLUTsxUeFTStqtZFqCEpoJM2sYykwMdt,follow wallet,-0.3384720330484858
2e1w3Xo441Ytvwn54wCn8itAXwCKbiizc9ynGEv14Vis,2e1w3X,GvCG9krrDsfgafBtf43AAKYfBQemnYiNCsyo6frepump,2gmVEt99u56ChBCzLBAhv8zFwZJX93cmT27oFGK12RQfHv1YRcmisHz5vLUTsxUeFTStqtZFqCEpoJM2sYykwMdt,hold 1 slots,-0.023681763483369114
2e1w3Xo441Ytvwn54wCn8itAXwCKbiizc9ynGEv14Vis,2e1w3X,GvCG9krrDsfgafBtf43AAKYfBQemnYiNCsyo6frepump,2gmVEt99u56ChBCzLBAhv8zFwZJX93cmT27oFGK12RQfHv1YRcmisHz5vLUTsxUeFTStqtZFqCEpoJM2sYykwMdt,hold 3 slots,-0.013147221833986878
2e1w3Xo441Ytvwn54wCn8itAXwCKbiizc9ynGEv14Vis,2e1w3X,GvCG9krrDsfgafBtf43AAKYfBQemnYiNCsyo6frepump,2gmVEt99u56ChBCzLBAhv8zFwZJX93cmT27oFGK12RQfHv1YRcmisHz5vLUTsxUeFTStqtZFqCEpoJM2sYykwMdt,hold 5 slots,-0.013147221833986878
2e1w3Xo441Ytvwn54wCn8itAXwCKbiizc9ynGEv14Vis,2e1w3X,GvCG9krrDsfgafBtf43AAKYfBQemnYiNCsyo6frepump,2gmVEt99u56ChBCzLBAhv8zFwZJX93cmT27oFGK12RQfHv1YRcmisHz5vLUTsxUeFTStqtZFqCEpoJM2sYykwMdt,hold 12 slots,-0.04833811199424684
2e1w3Xo441Ytvwn54wCn8itAXwCKbiizc9ynGEv14Vis,2e1w3X,GvCG9krrDsfgafBtf43AAKYfBQemnYiNCsyo6frepump,2gmVEt99u56ChBCzLBAhv8zFwZJX93cmT27oFGK12RQfHv1YRcmisHz5vLUTsxUeFTStqtZFqCEpoJM2sYykwMdt,hold 25 slots,-0.24430923883375918
2e1w3Xo441Ytvwn54wCn8itAXwCKbiizc9ynGEv14Vis,2e1w3X,GvCG9krrDsfgafBtf43AAKYfBQemnYiNCsyo6frepump,2gmVEt99u56ChBCzLBAhv8zFwZJX93cmT27oFGK12RQfHv1YRcmisHz5vLUTsxUeFTStqtZFqCEpoJM2sYykwMdt,hold 50 slots,-0.24430923883375918
2e1w3Xo441Ytvwn54wCn8itAXwCKbiizc9ynGEv14Vis,2e1w3X,GvCG9krrDsfgafBtf43AAKYfBQemnYiNCsyo6frepump,2gmVEt99u56ChBCzLBAhv8zFwZJX93cmT27oFGK12RQfHv1YRcmisHz5vLUTsxUeFTStqtZFqCEpoJM2sYykwMdt,hold 75 slots,-0.27962098316052186
2e1w3Xo441Ytvwn54wCn8itAXwCKbiizc9ynGEv14Vis,2e1w3X,GvCG9krrDsfgafBtf43AAKYfBQemnYiNCsyo6frepump,2gmVEt99u56ChBCzLBAhv8zFwZJX93cmT27oFGK12RQfHv1YRcmisHz5vLUTsxUeFTStqtZFqCEpoJM2sYykwMdt,hold 150 slots,-0.2888438508868213
2e1w3Xo441Ytvwn54wCn8itAXwCKbiizc9ynGEv14Vis,2e1w3X,GvCG9krrDsfgafBtf43AAKYfBQemnYiNCsyo6frepump,2gmVEt99u56ChBCzLBAhv8zFwZJX93cmT27oFGK12RQfHv1YRcmisHz5vLUTsxUeFTStqtZFqCEpoJM2sYykwMdt,TP 10% / SL 10%,-0.24430923883375918
2e1w3Xo441Ytvwn54wCn8itAXwCKbiizc9ynGEv14Vis,2e1w3X,GvCG9krrDsfgafBtf43AAKYfBQemnYiNCsyo6frepump,2gmVEt99u56ChBCzLBAhv8zFwZJX93cmT27oFGK12RQfHv1YRcmisHz5vLUTsxUeFTStqtZFqCEpoJM2sYykwMdt,TP 20% / SL 10%,-0.24430923883375918
2e1w3Xo441Ytvwn54wCn8itAXwCKbiizc9ynGEv14Vis,2e1w3X,GvCG9krrDsfgafBtf43AAKYfBQemnYiNCsyo6frepump,2gmVEt99u56ChBCzLBAhv8zFwZJX93cmT27oFGK12RQfHv1YRcmisHz5vLUTsxUeFTStqtZFqCEpoJM2sYykwMdt,TP 30% / SL 15%,-0.24430923883375918
2e1w3Xo441Ytvwn54wCn8itAXwCKbiizc9ynGEv14Vis,2e1w3X,GvCG9krrDsfgafBtf43AAKYfBQemnYiNCsyo6frepump,2gmVEt99u56ChBCzLBAhv8zFwZJX93cmT27oFGK12RQfHv1YRcmisHz5vLUTsxUeFTStqtZFqCEpoJM2sYykwMdt,TP 50% / SL 25%,-0.27962098316052186
2e1w3Xo441Ytvwn54wCn8itAXwCKbiizc9ynGEv14Vis,2e1w3X,GvCG9krrDsfgafBtf43AAKYfBQemnYiNCsyo6frepump,2gmVEt99u56ChBCzLBAhv8zFwZJX93cmT27oFGK12RQfHv1YRcmisHz5vLUTsxUeFTStqtZFqCEpoJM2sYykwMdt,TP 100% / SL 30%,-0.2888438508868213
2e1w3Xo441Ytvwn54wCn8itAXwCKbiizc9ynGEv14Vis,2e1w3X,2hjQYB31F9NRt84GDySVZeEf9eqrJbCstjnXNuZ5pump,2uZ4fQxj561sgPyDKCEkqogdpVvawpsJdfPJ7ruq4sGFPCMgGvc9UuPUAcNLbD2SkHi98aVtodJ1VeKn7WxdQJEy,follow wallet,-0.13176800495135713
2e1w3Xo441Ytvwn54wCn8itAXwCKbiizc9ynGEv14Vis,2e1w3X,2hjQYB31F9NRt84GDySVZeEf9eqrJbCstjnXNuZ5pump,2uZ4fQxj561sgPyDKCEkqogdpVvawpsJdfPJ7ruq4sGFPCMgGvc9UuPUAcNLbD2SkHi98aVtodJ1VeKn7WxdQJEy,hold 1 slots,-0.062081417426973345
2e1w3Xo441Ytvwn54wCn8itAXwCKbiizc9ynGEv14Vis,2e1w3X,2hjQYB31F9NRt84GDySVZeEf9eqrJbCstjnXNuZ5pump,2uZ4fQxj561sgPyDKCEkqogdpVvawpsJdfPJ7ruq4sGFPCMgGvc9UuPUAcNLbD2SkHi98aVtodJ1VeKn7WxdQJEy,hold 3 slots,-0.062081417426973345
2e1w3Xo441Ytvwn54wCn8itAXwCKbiizc9ynGEv14Vis,2e1w3X,2hjQYB31F9NRt84GDySVZeEf9eqrJbCstjnXNuZ5pump,2uZ4fQxj561sgPyDKCEkqogdpVvawpsJdfPJ7ruq4sGFPCMgGvc9UuPUAcNLbD2SkHi98aVtodJ1VeKn7WxdQJEy,hold 5 slots,-0.062081417426973345
2e1w3Xo441Ytvwn54wCn8itAXwCKbiizc9ynGEv14Vis,2e1w3X,2hjQYB31F9NRt84GDySVZeEf9eqrJbCstjnXNuZ5pump,2uZ4fQxj561sgPyDKCEkqogdpVvawpsJdfPJ7ruq4sGFPCMgGvc9UuPUAcNLbD2SkHi98aVtodJ1VeKn7WxdQJEy,hold 12 slots,-0.062081417426973345
2e1w3Xo441Ytvwn54wCn8itAXwCKbiizc9ynGEv14Vis,2e1w3X,2hjQYB31F9NRt84GDySVZeEf9eqrJbCstjnXNuZ5pump,2uZ4fQxj561sgPyDKCEkqogdpVvawpsJdfPJ7ruq4sGFPCMgGvc9UuPUAcNLbD2SkHi98aVtodJ1VeKn7WxdQJEy,hold 25 slots,-0.062081417426973345
2e1w3Xo441Ytvwn54wCn8itAXwCKbiizc9ynGEv14Vis,2e1w3X,2hjQYB31F9NRt84GDySVZeEf9eqrJbCstjnXNuZ5pump,2uZ4fQxj561sgPyDKCEkqogdpVvawpsJdfPJ7ruq4sGFPCMgGvc9UuPUAcNLbD2SkHi98aVtodJ1VeKn7WxdQJEy,hold 50 slots,-0.062081417426973345
2e1w3Xo441Ytvwn54wCn8itAXwCKbiizc9ynGEv14Vis,2e1w3X,2hjQYB31F9NRt84GDySVZeEf9eqrJbCstjnXNuZ5pump,2uZ4fQxj561sgPyDKCEkqogdpVvawpsJdfPJ7ruq4sGFPCMgGvc9UuPUAcNLbD2SkHi98aVtodJ1VeKn7WxdQJEy,hold 75 slots,-0.07397839964882993
2e1w3Xo441Ytvwn54wCn8itAXwCKbiizc9ynGEv14Vis,2e1w3X,2hjQYB31F9NRt84GDySVZeEf9eqrJbCstjnXNuZ5pump,2uZ4fQxj561sgPyDKCEkqogdpVvawpsJdfPJ7ruq4sGFPCMgGvc9UuPUAcNLbD2SkHi98aVtodJ1VeKn7WxdQJEy,hold 150 slots,-0.07397839964882993
2e1w3Xo441Ytvwn54wCn8itAXwCKbiizc9ynGEv14Vis,2e1w3X,2hjQYB31F9NRt84GDySVZeEf9eqrJbCstjnXNuZ5pump,2uZ4fQxj561sgPyDKCEkqogdpVvawpsJdfPJ7ruq4sGFPCMgGvc9UuPUAcNLbD2SkHi98aVtodJ1VeKn7WxdQJEy,TP 10% / SL 10%,-0.07397839964882993
2e1w3Xo441Ytvwn54wCn8itAXwCKbiizc9ynGEv14Vis,2e1w3X,2hjQYB31F9NRt84GDySVZeEf9eqrJbCstjnXNuZ5pump,2uZ4fQxj561sgPyDKCEkqogdpVvawpsJdfPJ7ruq4sGFPCMgGvc9UuPUAcNLbD2SkHi98aVtodJ1VeKn7WxdQJEy,TP 20% / SL 10%,-0.07397839964882993
2e1w3Xo441Ytvwn54wCn8itAXwCKbiizc9ynGEv14Vis,2e1w3X,2hjQYB31F9NRt84GDySVZeEf9eqrJbCstjnXNuZ5pump,2uZ4fQxj561sgPyDKCEkqogdpVvawpsJdfPJ7ruq4sGFPCMgGvc9UuPUAcNLbD2SkHi98aVtodJ1VeKn7WxdQJEy,TP 30% / SL 15%,-0.07397839964882993
2e1w3Xo441Ytvwn54wCn8itAXwCKbiizc9ynGEv14Vis,2e1w3X,2hjQYB31F9NRt84GDySVZeEf9eqrJbCstjnXNuZ5pump,2uZ4fQxj561sgPyDKCEkqogdpVvawpsJdfPJ7ruq4sGFPCMgGvc9UuPUAcNLbD2SkHi98aVtodJ1VeKn7WxdQJEy,TP 50% / SL 25%,-0.07397839964882993
2e1w3Xo441Ytvwn54wCn8itAXwCKbiizc9ynGEv14Vis,2e1w3X,2hjQYB31F9NRt84GDySVZeEf9eqrJbCstjnXNuZ5pump,2uZ4fQxj561sgPyDKCEkqogdpVvawpsJdfPJ7ruq4sGFPCMgGvc9UuPUAcNLbD2SkHi98aVtodJ1VeKn7WxdQJEy,TP 100% / SL 30%,-0.07397839964882993
2e1w3Xo441Ytvwn54wCn8itAXwCKbiizc9ynGEv14Vis,2e1w3X,DoCwEtJuav8xxX4vGPSU8LhV6uo8FJW49DKGeDkwpump,47g3mWsS69dFmCGWAmWY7NmY49FwMniMCx9waAxizQxmZp3yLi6RBMdrLvUu4ptt3rTmpxF2ktwEK6VsDjEj2fwC,follow wallet,-0.1354779063813318
2e1w3Xo441Ytvwn54wCn8itAXwCKbiizc9ynGEv14Vis,2e1w3X,DoCwEtJuav8xxX4vGPSU8LhV6uo8FJW49DKGeDkwpump,47g3mWsS69dFmCGWAmWY7NmY49FwMniMCx9waAxizQxmZp3yLi6RBMdrLvUu4ptt3rTmpxF2ktwEK6VsDjEj2fwC,hold 1 slots,-0.05718971580848515
2e1w3Xo441Ytvwn54wCn8itAXwCKbiizc9ynGEv14Vis,2e1w3X,DoCwEtJuav8xxX4vGPSU8LhV6uo8FJW49DKGeDkwpump,47g3mWsS69dFmCGWAmWY7NmY49FwMniMCx9waAxizQxmZp3yLi6RBMdrLvUu4ptt3rTmpxF2ktwEK6VsDjEj2fwC,hold 3 slots,-0.05718971580848515
2e1w3Xo441Ytvwn54wCn8itAXwCKbiizc9ynGEv14Vis,2e1w3X,DoCwEtJuav8xxX4vGPSU8LhV6uo8FJW49DKGeDkwpump,47g3mWsS69dFmCGWAmWY7NmY49FwMniMCx9waAxizQxmZp3yLi6RBMdrLvUu4ptt3rTmpxF2ktwEK6VsDjEj2fwC,hold 5 slots,-0.08975575678626585
2e1w3Xo441Ytvwn54wCn8itAXwCKbiizc9ynGEv14Vis,2e1w3X,DoCwEtJuav8xxX4vGPSU8LhV6uo8FJW49DKGeDkwpump,47g3mWsS69dFmCGWAmWY7NmY49FwMniMCx9waAxizQxmZp3yLi6RBMdrLvUu4ptt3rTmpxF2ktwEK6VsDjEj2fwC,hold 12 slots,-0.09196369039228033
2e1w3Xo441Ytvwn54wCn8itAXwCKbiizc9ynGEv14Vis,2e1w3X,DoCwEtJuav8xxX4vGPSU8LhV6uo8FJW49DKGeDkwpump,47g3mWsS69dFmCGWAmWY7NmY49FwMniMCx9waAxizQxmZp3yLi6RBMdrLvUu4ptt3rTmpxF2ktwEK6VsDjEj2fwC,hold 25 slots,-0.04193176205765378
2e1w3Xo441Ytvwn54wCn8itAXwCKbiizc9ynGEv14Vis,2e1w3X,DoCwEtJuav8xxX4vGPSU8LhV6uo8FJW49DKGeDkwpump,47g3mWsS69dFmCGWAmWY7NmY49FwMniMCx9waAxizQxmZp3yLi6RBMdrLvUu4ptt3rTmpxF2ktwEK6VsDjEj2fwC,hold 50 slots,-0.010524842300734878
2e1w3Xo441Ytvwn54wCn8itAXwCKbiizc9ynGEv14Vis,2e1w3X,DoCwEtJuav8xxX4vGPSU8LhV6uo8FJW49DKGeDkwpump,47g3mWsS69dFmCGWAmWY7NmY49FwMniMCx9waAxizQxmZp3yLi6RBMdrLvUu4ptt3rTmpxF2ktwEK6VsDjEj2fwC,hold 75 slots,-0.018365588912664176
2e1w3Xo441Ytvwn54wCn8itAXwCKbiizc9ynGEv14Vis,2e1w3X,DoCwEtJuav8xxX4vGPSU8LhV6uo8FJW49DKGeDkwpump,47g3mWsS69dFmCGWAmWY7NmY49FwMniMCx9waAxizQxmZp3yLi6RBMdrLvUu4ptt3rTmpxF2ktwEK6VsDjEj2fwC,hold 150 slots,-0.3155338365257721
2e1w3Xo441Ytvwn54wCn8itAXwCKbiizc9ynGEv14Vis,2e1w3X,DoCwEtJuav8xxX4vGPSU8LhV6uo8FJW49DKGeDkwpump,47g3mWsS69dFmCGWAmWY7NmY49FwMniMCx9waAxizQxmZp3yLi6RBMdrLvUu4ptt3rTmpxF2ktwEK6VsDjEj2fwC,TP 10% / SL 10%,-0.3155338365257721
2e1w3Xo441Ytvwn54wCn8itAXwCKbiizc9ynGEv14Vis,2e1w3X,DoCwEtJuav8xxX4vGPSU8LhV6uo8FJW49DKGeDkwpump,47g3mWsS69dFmCGWAmWY7NmY49FwMniMCx9waAxizQxmZp3yLi6RBMdrLvUu4ptt3rTmpxF2ktwEK6VsDjEj2fwC,TP 20% / SL 10%,-0.3155338365257721
2e1w3Xo441Ytvwn54wCn8itAXwCKbiizc9ynGEv14Vis,2e1w3X,DoCwEtJuav8xxX4vGPSU8LhV6uo8FJW49DKGeDkwpump,47g3mWsS69dFmCGWAmWY7NmY49FwMniMCx9waAxizQxmZp3yLi6RBMdrLvUu4ptt3rTmpxF2ktwEK6VsDjEj2fwC,TP 30% / SL 15%,-0.3155338365257721
2e1w3Xo441Ytvwn54wCn8itAXwCKbiizc9ynGEv14Vis,2e1w3X,DoCwEtJuav8xxX4vGPSU8LhV6uo8FJW49DKGeDkwpump,47g3mWsS69dFmCGWAmWY7NmY49FwMniMCx9waAxizQxmZp3yLi6RBMdrLvUu4ptt3rTmpxF2ktwEK6VsDjEj2fwC,TP 50% / SL 25%,-0.3155338365257721
2e1w3Xo441Ytvwn54wCn8itAXwCKbiizc9ynGEv14Vis,2e1w3X,DoCwEtJuav8xxX4vGPSU8LhV6uo8FJW49DKGeDkwpump,47g3mWsS69dFmCGWAmWY7NmY49FwMniMCx9waAxizQxmZp3yLi6RBMdrLvUu4ptt3rTmpxF2ktwEK6VsDjEj2fwC,TP 100% / SL 30%,-0.3155338365257721
J9TYAsWWidbrcZybmLSfrLzryANf4CgJBLdvwdGuC8MB,J9TYAs,6W9yy7YJkU2YHEhThXSc6gHFB2EqZgPzdVt32amzpump,5NoB5bA7mtBLVHU1TBm2Rmc6d57mXXhkq2Cw9DPg1y3Dse47MpKvvF4dUThj9s6M88R63DPyNHnf4bCRrAfesssA,hold 1 slots,-0.002323059019928575
J9TYAsWWidbrcZybmLSfrLzryANf4CgJBLdvwdGuC8MB,J9TYAs,6W9yy7YJkU2YHEhThXSc6gHFB2EqZgPzdVt32amzpump,5NoB5bA7mtBLVHU1TBm2Rmc6d57mXXhkq2Cw9DPg1y3Dse47MpKvvF4dUThj9s6M88R63DPyNHnf4bCRrAfesssA,hold 3 slots,0.01354170968794799
J9TYAsWWidbrcZybmLSfrLzryANf4CgJBLdvwdGuC8MB,J9TYAs,6W9yy7YJkU2YHEhThXSc6gHFB2EqZgPzdVt32amzpump,5NoB5bA7mtBLVHU1TBm2Rmc6d57mXXhkq2Cw9DPg1y3Dse47MpKvvF4dUThj9s6M88R63DPyNHnf4bCRrAfesssA,hold 5 slots,0.01354170968794799
J9TYAsWWidbrcZybmLSfrLzryANf4CgJBLdvwdGuC8MB,J9TYAs,6W9yy7YJkU2YHEhThXSc6gHFB2EqZgPzdVt32amzpump,5NoB5bA7mtBLVHU1TBm2Rmc6d57mXXhkq2Cw9DPg1y3Dse47MpKvvF4dUThj9s6M88R63DPyNHnf4bCRrAfesssA,hold 12 slots,0.01354170968794799
J9TYAsWWidbrcZybmLSfrLzryANf4CgJBLdvwdGuC8MB,J9TYAs,6W9yy7YJkU2YHEhThXSc6gHFB2EqZgPzdVt32amzpump,5NoB5bA7mtBLVHU1TBm2Rmc6d57mXXhkq2Cw9DPg1y3Dse47MpKvvF4dUThj9s6M88R63DPyNHnf4bCRrAfesssA,hold 25 slots,-0.015718552206080316
J9TYAsWWidbrcZybmLSfrLzryANf4CgJBLdvwdGuC8MB,J9TYAs,6W9yy7YJkU2YHEhThXSc6gHFB2EqZgPzdVt32amzpump,5NoB5bA7mtBLVHU1TBm2Rmc6d57mXXhkq2Cw9DPg1y3Dse47MpKvvF4dUThj9s6M88R63DPyNHnf4bCRrAfesssA,hold 50 slots,-0.08474099600991822
J9TYAsWWidbrcZybmLSfrLzryANf4CgJBLdvwdGuC8MB,J9TYAs,6W9yy7YJkU2YHEhThXSc6gHFB2EqZgPzdVt32amzpump,5NoB5bA7mtBLVHU1TBm2Rmc6d57mXXhkq2Cw9DPg1y3Dse47MpKvvF4dUThj9s6M88R63DPyNHnf4bCRrAfesssA,hold 75 slots,-0.11403863484668458
J9TYAsWWidbrcZybmLSfrLzryANf4CgJBLdvwdGuC8MB,J9TYAs,6W9yy7YJkU2YHEhThXSc6gHFB2EqZgPzdVt32amzpump,5NoB5bA7mtBLVHU1TBm2Rmc6d57mXXhkq2Cw9DPg1y3Dse47MpKvvF4dUThj9s6M88R63DPyNHnf4bCRrAfesssA,hold 150 slots,-0.10971208899469112
J9TYAsWWidbrcZybmLSfrLzryANf4CgJBLdvwdGuC8MB,J9TYAs,6W9yy7YJkU2YHEhThXSc6gHFB2EqZgPzdVt32amzpump,5NoB5bA7mtBLVHU1TBm2Rmc6d57mXXhkq2Cw9DPg1y3Dse47MpKvvF4dUThj9s6M88R63DPyNHnf4bCRrAfesssA,TP 10% / SL 10%,-0.11403863484668458
J9TYAsWWidbrcZybmLSfrLzryANf4CgJBLdvwdGuC8MB,J9TYAs,6W9yy7YJkU2YHEhThXSc6gHFB2EqZgPzdVt32amzpump,5NoB5bA7mtBLVHU1TBm2Rmc6d57mXXhkq2Cw9DPg1y3Dse47MpKvvF4dUThj9s6M88R63DPyNHnf4bCRrAfesssA,TP 20% / SL 10%,-0.11403863484668458
J9TYAsWWidbrcZybmLSfrLzryANf4CgJBLdvwdGuC8MB,J9TYAs,6W9yy7YJkU2YHEhThXSc6gHFB2EqZgPzdVt32amzpump,5NoB5bA7mtBLVHU1TBm2Rmc6d57mXXhkq2Cw9DPg1y3Dse47MpKvvF4dUThj9s6M88R63DPyNHnf4bCRrAfesssA,TP 30% / SL 15%,-0.10971208899469112
J9TYAsWWidbrcZybmLSfrLzryANf4CgJBLdvwdGuC8MB,J9TYAs,6W9yy7YJkU2YHEhThXSc6gHFB2EqZgPzdVt32amzpump,5NoB5bA7mtBLVHU1TBm2Rmc6d57mXXhkq2Cw9DPg1y3Dse47MpKvvF4dUThj9s6M88R63DPyNHnf4bCRrAfesssA,TP 50% / SL 25%,-0.10971208899469112
J9TYAsWWidbrcZybmLSfrLzryANf4CgJBLdvwdGuC8MB,J9TYAs,6W9yy7YJkU2YHEhThXSc6gHFB2EqZgPzdVt32amzpump,5NoB5bA7mtBLVHU1TBm2Rmc6d57mXXhkq2Cw9DPg1y3Dse47MpKvvF4dUThj9s6M88R63DPyNHnf4bCRrAfesssA,TP 100% / SL 30%,-0.10971208899469112
J9TYAsWWidbrcZybmLSfrLzryANf4CgJBLdvwdGuC8MB,J9TYAs,2G6ZBcMWFdEh6YSXX3NipKGn5PuZ3kgA98SeH8s2fyea,59pce9wpZHsrDbfwvKgoVixHaPK1pkdMdtpcEdwRXo3zMWxUQBhgyRZefFaSMqwYrUp4dDKvuV3M55u79jahHKFm,hold 1 slots,-0.008877210145610333
J9TYAsWWidbrcZybmLSfrLzryANf4CgJBLdvwdGuC8MB,J9TYAs,2G6ZBcMWFdEh6YSXX3NipKGn5PuZ3kgA98SeH8s2fyea,59pce9wpZHsrDbfwvKgoVixHaPK1pkdMdtpcEdwRXo3zMWxUQBhgyRZefFaSMqwYrUp4dDKvuV3M55u79jahHKFm,hold 3 slots,-0.005175475423629165
J9TYAsWWidbrcZybmLSfrLzryANf4CgJBLdvwdGuC8MB,J9TYAs,2G6ZBcMWFdEh6YSXX3NipKGn5PuZ3kgA98SeH8s2fyea,59pce9wpZHsrDbfwvKgoVixHaPK1pkdMdtpcEdwRXo3zMWxUQBhgyRZefFaSMqwYrUp4dDKvuV3M55u79jahHKFm,hold 5 slots,-0.005175475423629165
J9TYAsWWidbrcZybmLSfrLzryANf4CgJBLdvwdGuC8MB,J9TYAs,2G6ZBcMWFdEh6YSXX3NipKGn5PuZ3kgA98SeH8s2fyea,59pce9wpZHsrDbfwvKgoVixHaPK1pkdMdtpcEdwRXo3zMWxUQBhgyRZefFaSMqwYrUp4dDKvuV3M55u79jahHKFm,hold 12 slots,-0.008446674118818403
J9TYAsWWidbrcZybmLSfrLzryANf4CgJBLdvwdGuC8MB,J9TYAs,2G6ZBcMWFdEh6YSXX3NipKGn5PuZ3kgA98SeH8s2fyea,59pce9wpZHsrDbfwvKgoVixHaPK1pkdMdtpcEdwRXo3zMWxUQBhgyRZefFaSMqwYrUp4dDKvuV3M55u79jahHKFm,hold 25 slots,-0.04896970901615536
J9TYAsWWidbrcZybmLSfrLzryANf4CgJBLdvwdGuC8MB,J9TYAs,2G6ZBcMWFdEh6YSXX3NipKGn5PuZ3kgA98SeH8s2fyea,59pce9wpZHsrDbfwvKgoVixHaPK1pkdMdtpcEdwRXo3zMWxUQBhgyRZefFaSMqwYrUp4dDKvuV3M55u79jahHKFm,hold 50 slots,-0.05050560145368469
J9TYAsWWidbrcZybmLSfrLzryANf4CgJBLdvwdGuC8MB,J9TYAs,2G6ZBcMWFdEh6YSXX3NipKGn5PuZ3kgA98SeH8s2fyea,59pce9wpZHsrDbfwvKgoVixHaPK1pkdMdtpcEdwRXo3zMWxUQBhgyRZefFaSMqwYrUp4dDKvuV3M55u79jahHKFm,hold 75 slots,-0.09873518694772768
J9TYAsWWidbrcZybmLSfrLzryANf4CgJBLdvwdGuC8MB,J9TYAs,2G6ZBcMWFdEh6YSXX3NipKGn5PuZ3kgA98SeH8s2fyea,59pce9wpZHsrDbfwvKgoVixHaPK1pkdMdtpcEdwRXo3zMWxUQBhgyRZefFaSMqwYrUp4dDKvuV3M55u79jahHKFm,hold 150 slots,-0.09619743343932247
J9TYAsWWidbrcZybmLSfrLzryANf4CgJBLdvwdGuC8MB,J9TYAs,2G6ZBcMWFdEh6YSXX3NipKGn5PuZ3kgA98SeH8s2fyea,59pce9wpZHsrDbfwvKgoVixHaPK1pkdMdtpcEdwRXo3zMWxUQBhgyRZefFaSMqwYrUp4dDKvuV3M55u79jahHKFm,TP 10% / SL 10%,-0.09619743343932247
J9TYAsWWidbrcZybmLSfrLzryANf4CgJBLdvwdGuC8MB,J9TYAs,2G6ZBcMWFdEh6YSXX3NipKGn5PuZ3kgA98SeH8s2fyea,59pce9wpZHsrDbfwvKgoVixHaPK1pkdMdtpcEdwRXo3zMWxUQBhgyRZefFaSMqwYrUp4dDKvuV3M55u79jahHKFm,TP 20% / SL 10%,-0.09619743343932247
J9TYAsWWidbrcZybmLSfrLzryANf4CgJBLdvwdGuC8MB,J9TYAs,2G6ZBcMWFdEh6YSXX3NipKGn5PuZ3kgA98SeH8s2fyea,59pce9wpZHsrDbfwvKgoVixHaPK1pkdMdtpcEdwRXo3zMWxUQBhgyRZefFaSMqwYrUp4dDKvuV3M55u79jahHKFm,TP 30% / SL 15%,-0.09619743343932247
J9TYAsWWidbrcZybmLSfrLzryANf4CgJBLdvwdGuC8MB,J9TYAs,2G6ZBcMWFdEh6YSXX3NipKGn5PuZ3kgA98SeH8s2fyea,59pce9wpZHsrDbfwvKgoVixHaPK1pkdMdtpcEdwRXo3zMWxUQBhgyRZefFaSMqwYrUp4dDKvuV3M55u79jahHKFm,TP 50% / SL 25%,-0.09619743343932247
J9TYAsWWidbrcZybmLSfrLzryANf4CgJBLdvwdGuC8MB,J9TYAs,2G6ZBcMWFdEh6YSXX3NipKGn5PuZ3kgA98SeH8s2fyea,59pce9wpZHsrDbfwvKgoVixHaPK1pkdMdtpcEdwRXo3zMWxUQBhgyRZefFaSMqwYrUp4dDKvuV3M55u79jahHKFm,TP 100% / SL 30%,-0.09619743343932247
DrJ6SnDXkEsPeGdmSs93v5rwWumv5QMvAGSZjAyWSd5o,DrJ6Sn,DiHNMd2GCsjc73jMphP7V5RPUBcW3sYJbCvoGhiD5Pm5,3BWeAvr4CwgLeMjhpgX5h3ttLNmZMETNzSmVH5i9Exx4BoTYER82V9NYLDpsGsXLvmf6fRoPthfaPUFKoHMjbQdm,hold 1 slots,0.08683264960471918
DrJ6SnDXkEsPeGdmSs93v5rwWumv5QMvAGSZjAyWSd5o,DrJ6Sn,DiHNMd2GCsjc73jMphP7V5RPUBcW3sYJbCvoGhiD5Pm5,3BWeAvr4CwgLeMjhpgX5h3ttLNmZMETNzSmVH5i9Exx4BoTYER82V9NYLDpsGsXLvmf6fRoPthfaPUFKoHMjbQdm,hold 3 slots,0.06333803882629763
DrJ6SnDXkEsPeGdmSs93v5rwWumv5QMvAGSZjAyWSd5o,DrJ6Sn,DiHNMd2GCsjc73jMphP7V5RPUBcW3sYJbCvoGhiD5Pm5,3BWeAvr4CwgLeMjhpgX5h3ttLNmZMETNzSmVH5i9Exx4BoTYER82V9NYLDpsGsXLvmf6fRoPthfaPUFKoHMjbQdm,hold 5 slots,0.06507555189460087
DrJ6SnDXkEsPeGdmSs93v5rwWumv5QMvAGSZjAyWSd5o,DrJ6Sn,DiHNMd2GCsjc73jMphP7V5RPUBcW3sYJbCvoGhiD5Pm5,3BWeAvr4CwgLeMjhpgX5h3ttLNmZMETNzSmVH5i9Exx4BoTYER82V9NYLDpsGsXLvmf6fRoPthfaPUFKoHMjbQdm,hold 12 slots,0.10425924377208257
DrJ6SnDXkEsPeGdmSs93v5rwWumv5QMvAGSZjAyWSd5o,DrJ6Sn,DiHNMd2GCsjc73jMphP7V5RPUBcW3sYJbCvoGhiD5Pm5,3BWeAvr4CwgLeMjhpgX5h3ttLNmZMETNzSmVH5i9Exx4BoTYER82V9NYLDpsGsXLvmf6fRoPthfaPUFKoHMjbQdm,hold 25 slots,0.043172260227424264
DrJ6SnDXkEsPeGdmSs93v5rwWumv5QMvAGSZjAyWSd5o,DrJ6Sn,DiHNMd2GCsjc73jMphP7V5RPUBcW3sYJbCvoGhiD5Pm5,3BWeAvr4CwgLeMjhpgX5h3ttLNmZMETNzSmVH5i9Exx4BoTYER82V9NYLDpsGsXLvmf6fRoPthfaPUFKoHMjbQdm,hold 50 slots,0.06023495099083984
DrJ6SnDXkEsPeGdmSs93v5rwWumv5QMvAGSZjAyWSd5o,DrJ6Sn,DiHNMd2GCsjc73jMphP7V5RPUBcW3sYJbCvoGhiD5Pm5,3BWeAvr4CwgLeMjhpgX5h3ttLNmZMETNzSmVH5i9Exx4BoTYER82V9NYLDpsGsXLvmf6fRoPthfaPUFKoHMjbQdm,hold 75 slots,0.015466687100583434
DrJ6SnDXkEsPeGdmSs93v5rwWumv5QMvAGSZjAyWSd5o,DrJ6Sn,DiHNMd2GCsjc73jMphP7V5RPUBcW3sYJbCvoGhiD5Pm5,3BWeAvr4CwgLeMjhpgX5h3ttLNmZMETNzSmVH5i9Exx4BoTYER82V9NYLDpsGsXLvmf6fRoPthfaPUFKoHMjbQdm,hold 150 slots,0.025818441576817633
DrJ6SnDXkEsPeGdmSs93v5rwWumv5QMvAGSZjAyWSd5o,DrJ6Sn,DiHNMd2GCsjc73jMphP7V5RPUBcW3sYJbCvoGhiD5Pm5,3BWeAvr4CwgLeMjhpgX5h3ttLNmZMETNzSmVH5i9Exx4BoTYER82V9NYLDpsGsXLvmf6fRoPthfaPUFKoHMjbQdm,TP 10% / SL 10%,0.10425924377208257
DrJ6SnDXkEsPeGdmSs93v5rwWumv5QMvAGSZjAyWSd5o,DrJ6Sn,DiHNMd2GCsjc73jMphP7V5RPUBcW3sYJbCvoGhiD5Pm5,3BWeAvr4CwgLeMjhpgX5h3ttLNmZMETNzSmVH5i9Exx4BoTYER82V9NYLDpsGsXLvmf6fRoPthfaPUFKoHMjbQdm,TP 20% / SL 10%,0.025818441576817633
DrJ6SnDXkEsPeGdmSs93v5rwWumv5QMvAGSZjAyWSd5o,DrJ6Sn,DiHNMd2GCsjc73jMphP7V5RPUBcW3sYJbCvoGhiD5Pm5,3BWeAvr4CwgLeMjhpgX5h3ttLNmZMETNzSmVH5i9Exx4BoTYER82V9NYLDpsGsXLvmf6fRoPthfaPUFKoHMjbQdm,TP 30% / SL 15%,0.025818441576817633
DrJ6SnDXkEsPeGdmSs93v5rwWumv5QMvAGSZjAyWSd5o,DrJ6Sn,DiHNMd2GCsjc73jMphP7V5RPUBcW3sYJbCvoGhiD5Pm5,3BWeAvr4CwgLeMjhpgX5h3ttLNmZMETNzSmVH5i9Exx4BoTYER82V9NYLDpsGsXLvmf6fRoPthfaPUFKoHMjbQdm,TP 50% / SL 25%,0.025818441576817633
DrJ6SnDXkEsPeGdmSs93v5rwWumv5QMvAGSZjAyWSd5o,DrJ6Sn,DiHNMd2GCsjc73jMphP7V5RPUBcW3sYJbCvoGhiD5Pm5,3BWeAvr4CwgLeMjhpgX5h3ttLNmZMETNzSmVH5i9Exx4BoTYER82V9NYLDpsGsXLvmf6fRoPthfaPUFKoHMjbQdm,TP 100% / SL 30%,0.025818441576817633
DrJ6SnDXkEsPeGdmSs93v5rwWumv5QMvAGSZjAyWSd5o,DrJ6Sn,SEndN2w8WHq4anwsebcaAEQfpJxHnrWQN92HpBXUWit,3s6pyxU6vfA9GSmTbLvTLCPmo4jac1BMaw6Gsfs2CWXpfMCZcsqcCqQWCPEsdRX5smBiTLanhAZL7nvEGKnv5hL3,follow wallet,0.9890754270313659
DrJ6SnDXkEsPeGdmSs93v5rwWumv5QMvAGSZjAyWSd5o,DrJ6Sn,SEndN2w8WHq4anwsebcaAEQfpJxHnrWQN92HpBXUWit,3s6pyxU6vfA9GSmTbLvTLCPmo4jac1BMaw6Gsfs2CWXpfMCZcsqcCqQWCPEsdRX5smBiTLanhAZL7nvEGKnv5hL3,hold 1 slots,0.18975233508956169
DrJ6SnDXkEsPeGdmSs93v5rwWumv5QMvAGSZjAyWSd5o,DrJ6Sn,SEndN2w8WHq4anwsebcaAEQfpJxHnrWQN92HpBXUWit,3s6pyxU6vfA9GSmTbLvTLCPmo4jac1BMaw6Gsfs2CWXpfMCZcsqcCqQWCPEsdRX5smBiTLanhAZL7nvEGKnv5hL3,hold 3 slots,0.18171681828118158
DrJ6SnDXkEsPeGdmSs93v5rwWumv5QMvAGSZjAyWSd5o,DrJ6Sn,SEndN2w8WHq4anwsebcaAEQfpJxHnrWQN92HpBXUWit,3s6pyxU6vfA9GSmTbLvTLCPmo4jac1BMaw6Gsfs2CWXpfMCZcsqcCqQWCPEsdRX5smBiTLanhAZL7nvEGKnv5hL3,hold 5 slots,0.171504575962301
DrJ6SnDXkEsPeGdmSs93v5rwWumv5QMvAGSZjAyWSd5o,DrJ6Sn,SEndN2w8WHq4anwsebcaAEQfpJxHnrWQN92HpBXUWit,3s6pyxU6vfA9GSmTbLvTLCPmo4jac1BMaw6Gsfs2CWXpfMCZcsqcCqQWCPEsdRX5smBiTLanhAZL7nvEGKnv5hL3,hold 12 slots,0.1352923399568603
DrJ6SnDXkEsPeGdmSs93v5rwWumv5QMvAGSZjAyWSd5o,DrJ6Sn,SEndN2w8WHq4anwsebcaAEQfpJxHnrWQN92HpBXUWit,3s6pyxU6vfA9GSmTbLvTLCPmo4jac1BMaw6Gsfs2CWXpfMCZcsqcCqQWCPEsdRX5smBiTLanhAZL7nvEGKnv5hL3,hold 25 slots,0.4141095240640466
DrJ6SnDXkEsPeGdmSs93v5rwWumv5QMvAGSZjAyWSd5o,DrJ6Sn,SEndN2w8WHq4anwsebcaAEQfpJxHnrWQN92HpBXUWit,3s6pyxU6vfA9GSmTbLvTLCPmo4jac1BMaw6Gsfs2CWXpfMCZcsqcCqQWCPEsdRX5smBiTLanhAZL7nvEGKnv5hL3,hold 50 slots,0.5132535893988416
DrJ6SnDXkEsPeGdmSs93v5rwWumv5QMvAGSZjAyWSd5o,DrJ6Sn,SEndN2w8WHq4anwsebcaAEQfpJxHnrWQN92HpBXUWit,3s6pyxU6vfA9GSmTbLvTLCPmo4jac1BMaw6Gsfs2CWXpfMCZcsqcCqQWCPEsdRX5smBiTLanhAZL7nvEGKnv5hL3,hold 75 slots,0.5275019919294043
DrJ6SnDXkEsPeGdmSs93v5rwWumv5QMvAGSZjAyWSd5o,DrJ6Sn,SEndN2w8WHq4anwsebcaAEQfpJxHnrWQN92HpBXUWit,3s6pyxU6vfA9GSmTbLvTLCPmo4jac1BMaw6Gsfs2CWXpfMCZcsqcCqQWCPEsdRX5smBiTLanhAZL7nvEGKnv5hL3,hold 150 slots,0.4984388542616003
DrJ6SnDXkEsPeGdmSs93v5rwWumv5QMvAGSZjAyWSd5o,DrJ6Sn,SEndN2w8WHq4anwsebcaAEQfpJxHnrWQN92HpBXUWit,3s6pyxU6vfA9GSmTbLvTLCPmo4jac1BMaw6Gsfs2CWXpfMCZcsqcCqQWCPEsdRX5smBiTLanhAZL7nvEGKnv5hL3,TP 10% / SL 10%,0.18975233508956169
DrJ6SnDXkEsPeGdmSs93v5rwWumv5QMvAGSZjAyWSd5o,DrJ6Sn,SEndN2w8WHq4anwsebcaAEQfpJxHnrWQN92HpBXUWit,3s6pyxU6vfA9GSmTbLvTLCPmo4jac1BMaw6Gsfs2CWXpfMCZcsqcCqQWCPEsdRX5smBiTLanhAZL7nvEGKnv5hL3,TP 20% / SL 10%,0.2110766865900855
DrJ6SnDXkEsPeGdmSs93v5rwWumv5QMvAGSZjAyWSd5o,DrJ6Sn,SEndN2w8WHq4anwsebcaAEQfpJxHnrWQN92HpBXUWit,3s6pyxU6vfA9GSmTbLvTLCPmo4jac1BMaw6Gsfs2CWXpfMCZcsqcCqQWCPEsdRX5smBiTLanhAZL7nvEGKnv5hL3,TP 30% / SL 15%,0.4141095240640466
DrJ6SnDXkEsPeGdmSs93v5rwWumv5QMvAGSZjAyWSd5o,DrJ6Sn,SEndN2w8WHq4anwsebcaAEQfpJxHnrWQN92HpBXUWit,3s6pyxU6vfA9GSmTbLvTLCPmo4jac1BMaw6Gsfs2CWXpfMCZcsqcCqQWCPEsdRX5smBiTLanhAZL7nvEGKnv5hL3,TP 50% / SL 25%,0.6874377893901892
DrJ6SnDXkEsPeGdmSs93v5rwWumv5QMvAGSZjAyWSd5o,DrJ6Sn,SEndN2w8WHq4anwsebcaAEQfpJxHnrWQN92HpBXUWit,3s6pyxU6vfA9GSmTbLvTLCPmo4jac1BMaw6Gsfs2CWXpfMCZcsqcCqQWCPEsdRX5smBiTLanhAZL7nvEGKnv5hL3,TP 100% / SL 30%,0.4984388542616003
DrJ6SnDXkEsPeGdmSs93v5rwWumv5QMvAGSZjAyWSd5o,DrJ6Sn,69KEssJQ25ZjNcQDHkayfxgcU56iydwPUabtcbZ6T2tX,2E4h9fRiBD8PSSCqCMc424YUden7G75dbmB5SRwpkHCsMWaW8EtSqgxxcnb2qn7jJhCi9sYRYCtxahwwt4fvSueP,follow wallet,-0.1712781068581201
DrJ6SnDXkEsPeGdmSs93v5rwWumv5QMvAGSZjAyWSd5o,DrJ6Sn,69KEssJQ25ZjNcQDHkayfxgcU56iydwPUabtcbZ6T2tX,2E4h9fRiBD8PSSCqCMc424YUden7G75dbmB5SRwpkHCsMWaW8EtSqgxxcnb2qn7jJhCi9sYRYCtxahwwt4fvSueP,hold 1 slots,-0.053486956036919595
DrJ6SnDXkEsPeGdmSs93v5rwWumv5QMvAGSZjAyWSd5o,DrJ6Sn,69KEssJQ25ZjNcQDHkayfxgcU56iydwPUabtcbZ6T2tX,2E4h9fRiBD8PSSCqCMc424YUden7G75dbmB5SRwpkHCsMWaW8EtSqgxxcnb2qn7jJhCi9sYRYCtxahwwt4fvSueP,hold 3 slots,-0.07101339685738958
DrJ6SnDXkEsPeGdmSs93v5rwWumv5QMvAGSZjAyWSd5o,DrJ6Sn,69KEssJQ25ZjNcQDHkayfxgcU56iydwPUabtcbZ6T2tX,2E4h9fRiBD8PSSCqCMc424YUden7G75dbmB5SRwpkHCsMWaW8EtSqgxxcnb2qn7jJhCi9sYRYCtxahwwt4fvSueP,hold 5 slots,-0.0945056650993848
DrJ6SnDXkEsPeGdmSs93v5rwWumv5QMvAGSZjAyWSd5o,DrJ6Sn,69KEssJQ25ZjNcQDHkayfxgcU56iydwPUabtcbZ6T2tX,2E4h9fRiBD8PSSCqCMc424YUden7G75dbmB5SRwpkHCsMWaW8EtSqgxxcnb2qn7jJhCi9sYRYCtxahwwt4fvSueP,hold 12 slots,-0.18151803424459112
DrJ6SnDXkEsPeGdmSs93v5rwWumv5QMvAGSZjAyWSd5o,DrJ6Sn,69KEssJQ25ZjNcQDHkayfxgcU56iydwPUabtcbZ6T2tX,2E4h9fRiBD8PSSCqCMc424YUden7G75dbmB5SRwpkHCsMWaW8EtSqgxxcnb2qn7jJhCi9sYRYCtxahwwt4fvSueP,hold 25 slots,0.03667216029001033
DrJ6SnDXkEsPeGdmSs93v5rwWumv5QMvAGSZjAyWSd5o,DrJ6Sn,69KEssJQ25ZjNcQDHkayfxgcU56iydwPUabtcbZ6T2tX,2E4h9fRiBD8PSSCqCMc424YUden7G75dbmB5SRwpkHCsMWaW8EtSqgxxcnb2qn7jJhCi9sYRYCtxahwwt4fvSueP,hold 50 slots,-0.0506338433035022
DrJ6SnDXkEsPeGdmSs93v5rwWumv5QMvAGSZjAyWSd5o,DrJ6Sn,69KEssJQ25ZjNcQDHkayfxgcU56iydwPUabtcbZ6T2tX,2E4h9fRiBD8PSSCqCMc424YUden7G75dbmB5SRwpkHCsMWaW8EtSqgxxcnb2qn7jJhCi9sYRYCtxahwwt4fvSueP,hold 75 slots,-0.06704371898309326
DrJ6SnDXkEsPeGdmSs93v5rwWumv5QMvAGSZjAyWSd5o,DrJ6Sn,69KEssJQ25ZjNcQDHkayfxgcU56iydwPUabtcbZ6T2tX,2E4h9fRiBD8PSSCqCMc424YUden7G75dbmB5SRwpkHCsMWaW8EtSqgxxcnb2qn7jJhCi9sYRYCtxahwwt4fvSueP,hold 150 slots,-0.2036290045757153
DrJ6SnDXkEsPeGdmSs93v5rwWumv5QMvAGSZjAyWSd5o,DrJ6Sn,69KEssJQ25ZjNcQDHkayfxgcU56iydwPUabtcbZ6T2tX,2E4h9fRiBD8PSSCqCMc424YUden7G75dbmB5SRwpkHCsMWaW8EtSqgxxcnb2qn7jJhCi9sYRYCtxahwwt4fvSueP,TP 10% / SL 10%,-0.13217787116344296
DrJ6SnDXkEsPeGdmSs93v5rwWumv5QMvAGSZjAyWSd5o,DrJ6Sn,69KEssJQ25ZjNcQDHkayfxgcU56iydwPUabtcbZ6T2tX,2E4h9fRiBD8PSSCqCMc424YUden7G75dbmB5SRwpkHCsMWaW8EtSqgxxcnb2qn7jJhCi9sYRYCtxahwwt4fvSueP,TP 20% / SL 10%,-0.13217787116344296
DrJ6SnDXkEsPeGdmSs93v5rwWumv5QMvAGSZjAyWSd5o,DrJ6Sn,69KEssJQ25ZjNcQDHkayfxgcU56iydwPUabtcbZ6T2tX,2E4h9fRiBD8PSSCqCMc424YUden7G75dbmB5SRwpkHCsMWaW8EtSqgxxcnb2qn7jJhCi9sYRYCtxahwwt4fvSueP,TP 30% / SL 15%,-0.18151803424459112
DrJ6SnDXkEsPeGdmSs93v5rwWumv5QMvAGSZjAyWSd5o,DrJ6Sn,69KEssJQ25ZjNcQDHkayfxgcU56iydwPUabtcbZ6T2tX,2E4h9fRiBD8PSSCqCMc424YUden7G75dbmB5SRwpkHCsMWaW8EtSqgxxcnb2qn7jJhCi9sYRYCtxahwwt4fvSueP,TP 50% / SL 25%,-0.2036290045757153
DrJ6SnDXkEsPeGdmSs93v5rwWumv5QMvAGSZjAyWSd5o,DrJ6Sn,69KEssJQ25ZjNcQDHkayfxgcU56iydwPUabtcbZ6T2tX,2E4h9fRiBD8PSSCqCMc424YUden7G75dbmB5SRwpkHCsMWaW8EtSqgxxcnb2qn7jJhCi9sYRYCtxahwwt4fvSueP,TP 100% / SL 30%,-0.2036290045757153
DrJ6SnDXkEsPeGdmSs93v5rwWumv5QMvAGSZjAyWSd5o,DrJ6Sn,AoVeVJsk3vzePWAqtSmU3MMeCETxY69pJNZdEHe3N49C,4XPS1UAyDgupAsYt7iE7PSmHQDy34NHhRTJngdHJh963VJBHBSncYGyjqS6cyzFoaVPuEeLNe9gZMLzTaisZkG6P,hold 1 slots,-0.07463861697127808
DrJ6SnDXkEsPeGdmSs93v5rwWumv5QMvAGSZjAyWSd5o,DrJ6Sn,AoVeVJsk3vzePWAqtSmU3MMeCETxY69pJNZdEHe3N49C,4XPS1UAyDgupAsYt7iE7PSmHQDy34NHhRTJngdHJh963VJBHBSncYGyjqS6cyzFoaVPuEeLNe9gZMLzTaisZkG6P,hold 3 slots,-0.12312621903867924
DrJ6SnDXkEsPeGdmSs93v5rwWumv5QMvAGSZjAyWSd5o,DrJ6Sn,AoVeVJsk3vzePWAqtSmU3MMeCETxY69pJNZdEHe3N49C,4XPS1UAyDgupAsYt7iE7PSmHQDy34NHhRTJngdHJh963VJBHBSncYGyjqS6cyzFoaVPuEeLNe9gZMLzTaisZkG6P,hold 5 slots,-0.1060513021231067
DrJ6SnDXkEsPeGdmSs93v5rwWumv5QMvAGSZjAyWSd5o,DrJ6Sn,AoVeVJsk3vzePWAqtSmU3MMeCETxY69pJNZdEHe3N49C,4XPS1UAyDgupAsYt7iE7PSmHQDy34NHhRTJngdHJh963VJBHBSncYGyjqS6cyzFoaVPuEeLNe9gZMLzTaisZkG6P,hold 12 slots,-0.07066216114096807
DrJ6SnDXkEsPeGdmSs93v5rwWumv5QMvAGSZjAyWSd5o,DrJ6Sn,AoVeVJsk3vzePWAqtSmU3MMeCETxY69pJNZdEHe3N49C,4XPS1UAyDgupAsYt7iE7PSmHQDy34NHhRTJngdHJh963VJBHBSncYGyjqS6cyzFoaVPuEeLNe9gZMLzTaisZkG6P,hold 25 slots,-0.11680598218502808
DrJ6SnDXkEsPeGdmSs93v5rwWumv5QMvAGSZjAyWSd5o,DrJ6Sn,AoVeVJsk3vzePWAqtSmU3MMeCETxY69pJNZdEHe3N49C,4XPS1UAyDgupAsYt7iE7PSmHQDy34NHhRTJngdHJh963VJBHBSncYGyjqS6cyzFoaVPuEeLNe9gZMLzTaisZkG6P,hold 50 slots,-0.21436929827352535
DrJ6SnDXkEsPeGdmSs93v5rwWumv5QMvAGSZjAyWSd5o,DrJ6Sn,AoVeVJsk3vzePWAqtSmU3MMeCETxY69pJNZdEHe3N49C,4XPS1UAyDgupAsYt7iE7PSmHQDy34NHhRTJngdHJh963VJBHBSncYGyjqS6cyzFoaVPuEeLNe9gZMLzTaisZkG6P,hold 75 slots,0.010154574252838135
DrJ6SnDXkEsPeGdmSs93v5rwWumv5QMvAGSZjAyWSd5o,DrJ6Sn,AoVeVJsk3vzePWAqtSmU3MMeCETxY69pJNZdEHe3N49C,4XPS1UAyDgupAsYt7iE7PSmHQDy34NHhRTJngdHJh963VJBHBSncYGyjqS6cyzFoaVPuEeLNe9gZMLzTaisZkG6P,hold 150 slots,-0.09311451133602047
DrJ6SnDXkEsPeGdmSs93v5rwWumv5QMvAGSZjAyWSd5o,DrJ6Sn,AoVeVJsk3vzePWAqtSmU3MMeCETxY69pJNZdEHe3N49C,4XPS1UAyDgupAsYt7iE7PSmHQDy34NHhRTJngdHJh963VJBHBSncYGyjqS6cyzFoaVPuEeLNe9gZMLzTaisZkG6P,TP 10% / SL 10%,-0.12312621903867924
DrJ6SnDXkEsPeGdmSs93v5rwWumv5QMvAGSZjAyWSd5o,DrJ6Sn,AoVeVJsk3vzePWAqtSmU3MMeCETxY69pJNZdEHe3N49C,4XPS1UAyDgupAsYt7iE7PSmHQDy34NHhRTJngdHJh963VJBHBSncYGyjqS6cyzFoaVPuEeLNe9gZMLzTaisZkG6P,TP 20% / SL 10%,-0.12312621903867924
DrJ6SnDXkEsPeGdmSs93v5rwWumv5QMvAGSZjAyWSd5o,DrJ6Sn,AoVeVJsk3vzePWAqtSmU3MMeCETxY69pJNZdEHe3N49C,4XPS1UAyDgupAsYt7iE7PSmHQDy34NHhRTJngdHJh963VJBHBSncYGyjqS6cyzFoaVPuEeLNe9gZMLzTaisZkG6P,TP 30% / SL 15%,-0.16975445500992312
DrJ6SnDXkEsPeGdmSs93v5rwWumv5QMvAGSZjAyWSd5o,DrJ6Sn,AoVeVJsk3vzePWAqtSmU3MMeCETxY69pJNZdEHe3N49C,4XPS1UAyDgupAsYt7iE7PSmHQDy34NHhRTJngdHJh963VJBHBSncYGyjqS6cyzFoaVPuEeLNe9gZMLzTaisZkG6P,TP 50% / SL 25%,-0.09311451133602047
DrJ6SnDXkEsPeGdmSs93v5rwWumv5QMvAGSZjAyWSd5o,DrJ6Sn,AoVeVJsk3vzePWAqtSmU3MMeCETxY69pJNZdEHe3N49C,4XPS1UAyDgupAsYt7iE7PSmHQDy34NHhRTJngdHJh963VJBHBSncYGyjqS6cyzFoaVPuEeLNe9gZMLzTaisZkG6P,TP 100% / SL 30%,-0.09311451133602047
DrJ6SnDXkEsPeGdmSs93v5rwWumv5QMvAGSZjAyWSd5o,DrJ6Sn,V3RR3MC1xHAZJLfwCKZQjRVtudPsN6AaFtRT7DEhjJU,27DSFvkKHkdUAg2VEXM9ZiiqN4U2sU83f7AQNmbRtUBzKBTgvcofrQUrZnw8ncW2eSQzTta4vBSEPx5UEgvYzef2,hold 1 slots,-0.029109102793843985
DrJ6SnDXkEsPeGdmSs93v5rwWumv5QMvAGSZjAyWSd5o,DrJ6Sn,V3RR3MC1xHAZJLfwCKZQjRVtudPsN6AaFtRT7DEhjJU,27DSFvkKHkdUAg2VEXM9ZiiqN4U2sU83f7AQNmbRtUBzKBTgvcofrQUrZnw8ncW2eSQzTta4vBSEPx5UEgvYzef2,hold 3 slots,-0.021799647539149165
DrJ6SnDXkEsPeGdmSs93v5rwWumv5QMvAGSZjAyWSd5o,DrJ6Sn,V3RR3MC1xHAZJLfwCKZQjRVtudPsN6AaFtRT7DEhjJU,27DSFvkKHkdUAg2VEXM9ZiiqN4U2sU83f7AQNmbRtUBzKBTgvcofrQUrZnw8ncW2eSQzTta4vBSEPx5UEgvYzef2,hold 5 slots,-0.07820592256741452
DrJ6SnDXkEsPeGdmSs93v5rwWumv5QMvAGSZjAyWSd5o,DrJ6Sn,V3RR3MC1xHAZJLfwCKZQjRVtudPsN6AaFtRT7DEhjJU,27DSFvkKHkdUAg2VEXM9ZiiqN4U2sU83f7AQNmbRtUBzKBTgvcofrQUrZnw8ncW2eSQzTta4vBSEPx5UEgvYzef2,hold 12 slots,-0.04122963675101316
DrJ6SnDXkEsPeGdmSs93v5rwWumv5QMvAGSZjAyWSd5o,DrJ6Sn,V3RR3MC1xHAZJLfwCKZQjRVtudPsN6AaFtRT7DEhjJU,27DSFvkKHkdUAg2VEXM9ZiiqN4U2sU83f7AQNmbRtUBzKBTgvcofrQUrZnw8ncW2eSQzTta4vBSEPx5UEgvYzef2,hold 25 slots,-0.0718617914059217
DrJ6SnDXkEsPeGdmSs93v5rwWumv5QMvAGSZjAyWSd5o,DrJ6Sn,V3RR3MC1xHAZJLfwCKZQjRVtudPsN6AaFtRT7DEhjJU,27DSFvkKHkdUAg2VEXM9ZiiqN4U2sU83f7AQNmbRtUBzKBTgvcofrQUrZnw8ncW2eSQzTta4vBSEPx5UEgvYzef2,hold 50 slots,-0.017538171069794894
DrJ6SnDXkEsPeGdmSs93v5rwWumv5QMvAGSZjAyWSd5o,DrJ6Sn,V3RR3MC1xHAZJLfwCKZQjRVtudPsN6AaFtRT7DEhjJU,27DSFvkKHkdUAg2VEXM9ZiiqN4U2sU83f7AQNmbRtUBzKBTgvcofrQUrZnw8ncW2eSQzTta4vBSEPx5UEgvYzef2,hold 75 slots,0.020538628077495097
DrJ6SnDXkEsPeGdmSs93v5rwWumv5QMvAGSZjAyWSd5o,DrJ6Sn,V3RR3MC1xHAZJLfwCKZQjRVtudPsN6AaFtRT7DEhjJU,27DSFvkKHkdUAg2VEXM9ZiiqN4U2sU83f7AQNmbRtUBzKBTgvcofrQUrZnw8ncW2eSQzTta4vBSEPx5UEgvYzef2,hold 150 slots,0.020538628077495097
DrJ6SnDXkEsPeGdmSs93v5rwWumv5QMvAGSZjAyWSd5o,DrJ6Sn,V3RR3MC1xHAZJLfwCKZQjRVtudPsN6AaFtRT7DEhjJU,27DSFvkKHkdUAg2VEXM9ZiiqN4U2sU83f7AQNmbRtUBzKBTgvcofrQUrZnw8ncW2eSQzTta4vBSEPx5UEgvYzef2,TP 10% / SL 10%,-0.1485366229709021
DrJ6SnDXkEsPeGdmSs93v5rwWumv5QMvAGSZjAyWSd5o,DrJ6Sn,V3RR3MC1xHAZJLfwCKZQjRVtudPsN6AaFtRT7DEhjJU,27DSFvkKHkdUAg2VEXM9ZiiqN4U2sU83f7AQNmbRtUBzKBTgvcofrQUrZnw8ncW2eSQzTta4vBSEPx5UEgvYzef2,TP 20% / SL 10%,-0.1485366229709021
DrJ6SnDXkEsPeGdmSs93v5rwWumv5QMvAGSZjAyWSd5o,DrJ6Sn,V3RR3MC1xHAZJLfwCKZQjRVtudPsN6AaFtRT7DEhjJU,27DSFvkKHkdUAg2VEXM9ZiiqN4U2sU83f7AQNmbRtUBzKBTgvcofrQUrZnw8ncW2eSQzTta4vBSEPx5UEgvYzef2,TP 30% / SL 15%,0.020538628077495097
DrJ6SnDXkEsPeGdmSs93v5rwWumv5QMvAGSZjAyWSd5o,DrJ6Sn,V3RR3MC1xHAZJLfwCKZQjRVtudPsN6AaFtRT7DEhjJU,27DSFvkKHkdUAg2VEXM9ZiiqN4U2sU83f7AQNmbRtUBzKBTgvcofrQUrZnw8ncW2eSQzTta4vBSEPx5UEgvYzef2,TP 50% / SL 25%,0.020538628077495097
DrJ6SnDXkEsPeGdmSs93v5rwWumv5QMvAGSZjAyWSd5o,DrJ6Sn,V3RR3MC1xHAZJLfwCKZQjRVtudPsN6AaFtRT7DEhjJU,27DSFvkKHkdUAg2VEXM9ZiiqN4U2sU83f7AQNmbRtUBzKBTgvcofrQUrZnw8ncW2eSQzTta4vBSEPx5UEgvYzef2,TP 100% / SL 30%,0.020538628077495097
AVjEtg2ECYKXYeqdRQXvaaAZBjfTjYuSMTR4WLhKoeQN,AVjEtg,5nga5FFtiVqekkosdnVwpuZwhGwxBppuvkuDHDGupons,2oGvmfKqZqU1YFcG3GLPxzE53FcQwVmcppceVwpJdZrPaw9HNWQBQVuLqq3uXTNq4D3quJebfeuZURWEtarvEaH9,follow wallet,-0.2519655250848169
AVjEtg2ECYKXYeqdRQXvaaAZBjfTjYuSMTR4WLhKoeQN,AVjEtg,5nga5FFtiVqekkosdnVwpuZwhGwxBppuvkuDHDGupons,2oGvmfKqZqU1YFcG3GLPxzE53FcQwVmcppceVwpJdZrPaw9HNWQBQVuLqq3uXTNq4D3quJebfeuZURWEtarvEaH9,hold 1 slots,-0.05720128014790225
AVjEtg2ECYKXYeqdRQXvaaAZBjfTjYuSMTR4WLhKoeQN,AVjEtg,5nga5FFtiVqekkosdnVwpuZwhGwxBppuvkuDHDGupons,2oGvmfKqZqU1YFcG3GLPxzE53FcQwVmcppceVwpJdZrPaw9HNWQBQVuLqq3uXTNq4D3quJebfeuZURWEtarvEaH9,hold 3 slots,0.030136151656577112
AVjEtg2ECYKXYeqdRQXvaaAZBjfTjYuSMTR4WLhKoeQN,AVjEtg,5nga5FFtiVqekkosdnVwpuZwhGwxBppuvkuDHDGupons,2oGvmfKqZqU1YFcG3GLPxzE53FcQwVmcppceVwpJdZrPaw9HNWQBQVuLqq3uXTNq4D3quJebfeuZURWEtarvEaH9,hold 5 slots,-0.03802000057102907
AVjEtg2ECYKXYeqdRQXvaaAZBjfTjYuSMTR4WLhKoeQN,AVjEtg,5nga5FFtiVqekkosdnVwpuZwhGwxBppuvkuDHDGupons,2oGvmfKqZqU1YFcG3GLPxzE53FcQwVmcppceVwpJdZrPaw9HNWQBQVuLqq3uXTNq4D3quJebfeuZURWEtarvEaH9,hold 12 slots,-0.10526167289259947
AVjEtg2ECYKXYeqdRQXvaaAZBjfTjYuSMTR4WLhKoeQN,AVjEtg,5nga5FFtiVqekkosdnVwpuZwhGwxBppuvkuDHDGupons,2oGvmfKqZqU1YFcG3GLPxzE53FcQwVmcppceVwpJdZrPaw9HNWQBQVuLqq3uXTNq4D3quJebfeuZURWEtarvEaH9,hold 25 slots,-0.05912220546432555
AVjEtg2ECYKXYeqdRQXvaaAZBjfTjYuSMTR4WLhKoeQN,AVjEtg,5nga5FFtiVqekkosdnVwpuZwhGwxBppuvkuDHDGupons,2oGvmfKqZqU1YFcG3GLPxzE53FcQwVmcppceVwpJdZrPaw9HNWQBQVuLqq3uXTNq4D3quJebfeuZURWEtarvEaH9,hold 50 slots,-0.1576457563711133
AVjEtg2ECYKXYeqdRQXvaaAZBjfTjYuSMTR4WLhKoeQN,AVjEtg,5nga5FFtiVqekkosdnVwpuZwhGwxBppuvkuDHDGupons,2oGvmfKqZqU1YFcG3GLPxzE53FcQwVmcppceVwpJdZrPaw9HNWQBQVuLqq3uXTNq4D3quJebfeuZURWEtarvEaH9,hold 75 slots,-0.1776265812714386
AVjEtg2ECYKXYeqdRQXvaaAZBjfTjYuSMTR4WLhKoeQN,AVjEtg,5nga5FFtiVqekkosdnVwpuZwhGwxBppuvkuDHDGupons,2oGvmfKqZqU1YFcG3GLPxzE53FcQwVmcppceVwpJdZrPaw9HNWQBQVuLqq3uXTNq4D3quJebfeuZURWEtarvEaH9,hold 150 slots,-0.24599445524313296
AVjEtg2ECYKXYeqdRQXvaaAZBjfTjYuSMTR4WLhKoeQN,AVjEtg,5nga5FFtiVqekkosdnVwpuZwhGwxBppuvkuDHDGupons,2oGvmfKqZqU1YFcG3GLPxzE53FcQwVmcppceVwpJdZrPaw9HNWQBQVuLqq3uXTNq4D3quJebfeuZURWEtarvEaH9,TP 10% / SL 10%,-0.10526167289259947
AVjEtg2ECYKXYeqdRQXvaaAZBjfTjYuSMTR4WLhKoeQN,AVjEtg,5nga5FFtiVqekkosdnVwpuZwhGwxBppuvkuDHDGupons,2oGvmfKqZqU1YFcG3GLPxzE53FcQwVmcppceVwpJdZrPaw9HNWQBQVuLqq3uXTNq4D3quJebfeuZURWEtarvEaH9,TP 20% / SL 10%,-0.10526167289259947
AVjEtg2ECYKXYeqdRQXvaaAZBjfTjYuSMTR4WLhKoeQN,AVjEtg,5nga5FFtiVqekkosdnVwpuZwhGwxBppuvkuDHDGupons,2oGvmfKqZqU1YFcG3GLPxzE53FcQwVmcppceVwpJdZrPaw9HNWQBQVuLqq3uXTNq4D3quJebfeuZURWEtarvEaH9,TP 30% / SL 15%,-0.1569280343544836
AVjEtg2ECYKXYeqdRQXvaaAZBjfTjYuSMTR4WLhKoeQN,AVjEtg,5nga5FFtiVqekkosdnVwpuZwhGwxBppuvkuDHDGupons,2oGvmfKqZqU1YFcG3GLPxzE53FcQwVmcppceVwpJdZrPaw9HNWQBQVuLqq3uXTNq4D3quJebfeuZURWEtarvEaH9,TP 50% / SL 25%,-0.24599445524313296
AVjEtg2ECYKXYeqdRQXvaaAZBjfTjYuSMTR4WLhKoeQN,AVjEtg,5nga5FFtiVqekkosdnVwpuZwhGwxBppuvkuDHDGupons,2oGvmfKqZqU1YFcG3GLPxzE53FcQwVmcppceVwpJdZrPaw9HNWQBQVuLqq3uXTNq4D3quJebfeuZURWEtarvEaH9,TP 100% / SL 30%,-0.24599445524313296
AVjEtg2ECYKXYeqdRQXvaaAZBjfTjYuSMTR4WLhKoeQN,AVjEtg,HS3Zdfu9iYqf8nYG87WsYW5r8X8sELq6hMZqDzMpump,3W679o7BQZY7eNquaN99tuwCxwDdkMUWTdrPaF3M4BobGmFAqehTYqsfyVTuP6RCocq7wcHU8zUshoLGah8P4PnB,follow wallet,-0.11271376483307313
AVjEtg2ECYKXYeqdRQXvaaAZBjfTjYuSMTR4WLhKoeQN,AVjEtg,HS3Zdfu9iYqf8nYG87WsYW5r8X8sELq6hMZqDzMpump,3W679o7BQZY7eNquaN99tuwCxwDdkMUWTdrPaF3M4BobGmFAqehTYqsfyVTuP6RCocq7wcHU8zUshoLGah8P4PnB,hold 1 slots,-0.0526790838153553
AVjEtg2ECYKXYeqdRQXvaaAZBjfTjYuSMTR4WLhKoeQN,AVjEtg,HS3Zdfu9iYqf8nYG87WsYW5r8X8sELq6hMZqDzMpump,3W679o7BQZY7eNquaN99tuwCxwDdkMUWTdrPaF3M4BobGmFAqehTYqsfyVTuP6RCocq7wcHU8zUshoLGah8P4PnB,hold 3 slots,-0.12898116600546086
AVjEtg2ECYKXYeqdRQXvaaAZBjfTjYuSMTR4WLhKoeQN,AVjEtg,HS3Zdfu9iYqf8nYG87WsYW5r8X8sELq6hMZqDzMpump,3W679o7BQZY7eNquaN99tuwCxwDdkMUWTdrPaF3M4BobGmFAqehTYqsfyVTuP6RCocq7wcHU8zUshoLGah8P4PnB,hold 5 slots,-0.09294309407020568
AVjEtg2ECYKXYeqdRQXvaaAZBjfTjYuSMTR4WLhKoeQN,AVjEtg,HS3Zdfu9iYqf8nYG87WsYW5r8X8sELq6hMZqDzMpump,3W679o7BQZY7eNquaN99tuwCxwDdkMUWTdrPaF3M4BobGmFAqehTYqsfyVTuP6RCocq7wcHU8zUshoLGah8P4PnB,hold 12 slots,-0.043855325791458726
AVjEtg2ECYKXYeqdRQXvaaAZBjfTjYuSMTR4WLhKoeQN,AVjEtg,HS3Zdfu9iYqf8nYG87WsYW5r8X8sELq6hMZqDzMpump,3W679o7BQZY7eNquaN99tuwCxwDdkMUWTdrPaF3M4BobGmFAqehTYqsfyVTuP6RCocq7wcHU8zUshoLGah8P4PnB,hold 25 slots,-0.08243842514874208
AVjEtg2ECYKXYeqdRQXvaaAZBjfTjYuSMTR4WLhKoeQN,AVjEtg,HS3Zdfu9iYqf8nYG87WsYW5r8X8sELq6hMZqDzMpump,3W679o7BQZY7eNquaN99tuwCxwDdkMUWTdrPaF3M4BobGmFAqehTYqsfyVTuP6RCocq7wcHU8zUshoLGah8P4PnB,hold 50 slots,-0.10367227607052493
AVjEtg2ECYKXYeqdRQXvaaAZBjfTjYuSMTR4WLhKoeQN,AVjEtg,HS3Zdfu9iYqf8nYG87WsYW5r8X8sELq6hMZqDzMpump,3W679o7BQZY7eNquaN99tuwCxwDdkMUWTdrPaF3M4BobGmFAqehTYqsfyVTuP6RCocq7wcHU8zUshoLGah8P4PnB,hold 75 slots,-0.1603498302178204
AVjEtg2ECYKXYeqdRQXvaaAZBjfTjYuSMTR4WLhKoeQN,AVjEtg,HS3Zdfu9iYqf8nYG87WsYW5r8X8sELq6hMZqDzMpump,3W679o7BQZY7eNquaN99tuwCxwDdkMUWTdrPaF3M4BobGmFAqehTYqsfyVTuP6RCocq7wcHU8zUshoLGah8P4PnB,hold 150 slots,-0.049115879814732075
AVjEtg2ECYKXYeqdRQXvaaAZBjfTjYuSMTR4WLhKoeQN,AVjEtg,HS3Zdfu9iYqf8nYG87WsYW5r8X8sELq6hMZqDzMpump,3W679o7BQZY7eNquaN99tuwCxwDdkMUWTdrPaF3M4BobGmFAqehTYqsfyVTuP6RCocq7wcHU8zUshoLGah8P4PnB,TP 10% / SL 10%,-0.12898116600546086
AVjEtg2ECYKXYeqdRQXvaaAZBjfTjYuSMTR4WLhKoeQN,AVjEtg,HS3Zdfu9iYqf8nYG87WsYW5r8X8sELq6hMZqDzMpump,3W679o7BQZY7eNquaN99tuwCxwDdkMUWTdrPaF3M4BobGmFAqehTYqsfyVTuP6RCocq7wcHU8zUshoLGah8P4PnB,TP 20% / SL 10%,-0.12898116600546086
AVjEtg2ECYKXYeqdRQXvaaAZBjfTjYuSMTR4WLhKoeQN,AVjEtg,HS3Zdfu9iYqf8nYG87WsYW5r8X8sELq6hMZqDzMpump,3W679o7BQZY7eNquaN99tuwCxwDdkMUWTdrPaF3M4BobGmFAqehTYqsfyVTuP6RCocq7wcHU8zUshoLGah8P4PnB,TP 30% / SL 15%,-0.1603498302178204
AVjEtg2ECYKXYeqdRQXvaaAZBjfTjYuSMTR4WLhKoeQN,AVjEtg,HS3Zdfu9iYqf8nYG87WsYW5r8X8sELq6hMZqDzMpump,3W679o7BQZY7eNquaN99tuwCxwDdkMUWTdrPaF3M4BobGmFAqehTYqsfyVTuP6RCocq7wcHU8zUshoLGah8P4PnB,TP 50% / SL 25%,-0.049115879814732075
AVjEtg2ECYKXYeqdRQXvaaAZBjfTjYuSMTR4WLhKoeQN,AVjEtg,HS3Zdfu9iYqf8nYG87WsYW5r8X8sELq6hMZqDzMpump,3W679o7BQZY7eNquaN99tuwCxwDdkMUWTdrPaF3M4BobGmFAqehTYqsfyVTuP6RCocq7wcHU8zUshoLGah8P4PnB,TP 100% / SL 30%,-0.049115879814732075
AVjEtg2ECYKXYeqdRQXvaaAZBjfTjYuSMTR4WLhKoeQN,AVjEtg,73Gnw1X7JeiKZHkgbneg4EgAtRpcdux1iWw8TLHypump,6DWMm5tPPhJbwoT3zAN5yr2eUdxRmAXKs4sJZmdKP4pZuGVYzvnFiJj1H2UqvWS4ygt2GWnssnk4eUMWoXrNbcv,follow wallet,-0.5026550809908047
AVjEtg2ECYKXYeqdRQXvaaAZBjfTjYuSMTR4WLhKoeQN,AVjEtg,73Gnw1X7JeiKZHkgbneg4EgAtRpcdux1iWw8TLHypump,6DWMm5tPPhJbwoT3zAN5yr2eUdxRmAXKs4sJZmdKP4pZuGVYzvnFiJj1H2UqvWS4ygt2GWnssnk4eUMWoXrNbcv,hold 1 slots,-0.0581178043922571
AVjEtg2ECYKXYeqdRQXvaaAZBjfTjYuSMTR4WLhKoeQN,AVjEtg,73Gnw1X7JeiKZHkgbneg4EgAtRpcdux1iWw8TLHypump,6DWMm5tPPhJbwoT3zAN5yr2eUdxRmAXKs4sJZmdKP4pZuGVYzvnFiJj1H2UqvWS4ygt2GWnssnk4eUMWoXrNbcv,hold 3 slots,-0.0581178043922571
AVjEtg2ECYKXYeqdRQXvaaAZBjfTjYuSMTR4WLhKoeQN,AVjEtg,73Gnw1X7JeiKZHkgbneg4EgAtRpcdux1iWw8TLHypump,6DWMm5tPPhJbwoT3zAN5yr2eUdxRmAXKs4sJZmdKP4pZuGVYzvnFiJj1H2UqvWS4ygt2GWnssnk4eUMWoXrNbcv,hold 5 slots,-0.42907027645576384
AVjEtg2ECYKXYeqdRQXvaaAZBjfTjYuSMTR4WLhKoeQN,AVjEtg,73Gnw1X7JeiKZHkgbneg4EgAtRpcdux1iWw8TLHypump,6DWMm5tPPhJbwoT3zAN5yr2eUdxRmAXKs4sJZmdKP4pZuGVYzvnFiJj1H2UqvWS4ygt2GWnssnk4eUMWoXrNbcv,hold 12 slots,-0.5026550809908047
AVjEtg2ECYKXYeqdRQXvaaAZBjfTjYuSMTR4WLhKoeQN,AVjEtg,73Gnw1X7JeiKZHkgbneg4EgAtRpcdux1iWw8TLHypump,6DWMm5tPPhJbwoT3zAN5yr2eUdxRmAXKs4sJZmdKP4pZuGVYzvnFiJj1H2UqvWS4ygt2GWnssnk4eUMWoXrNbcv,hold 25 slots,-0.5026550809908047
AVjEtg2ECYKXYeqdRQXvaaAZBjfTjYuSMTR4WLhKoeQN,AVjEtg,73Gnw1X7JeiKZHkgbneg4EgAtRpcdux1iWw8TLHypump,6DWMm5tPPhJbwoT3zAN5yr2eUdxRmAXKs4sJZmdKP4pZuGVYzvnFiJj1H2UqvWS4ygt2GWnssnk4eUMWoXrNbcv,hold 50 slots,-0.31017778245402705
AVjEtg2ECYKXYeqdRQXvaaAZBjfTjYuSMTR4WLhKoeQN,AVjEtg,73Gnw1X7JeiKZHkgbneg4EgAtRpcdux1iWw8TLHypump,6DWMm5tPPhJbwoT3zAN5yr2eUdxRmAXKs4sJZmdKP4pZuGVYzvnFiJj1H2UqvWS4ygt2GWnssnk4eUMWoXrNbcv,hold 75 slots,-0.31017778245402705
AVjEtg2ECYKXYeqdRQXvaaAZBjfTjYuSMTR4WLhKoeQN,AVjEtg,73Gnw1X7JeiKZHkgbneg4EgAtRpcdux1iWw8TLHypump,6DWMm5tPPhJbwoT3zAN5yr2eUdxRmAXKs4sJZmdKP4pZuGVYzvnFiJj1H2UqvWS4ygt2GWnssnk4eUMWoXrNbcv,hold 150 slots,-0.44011540389768256
AVjEtg2ECYKXYeqdRQXvaaAZBjfTjYuSMTR4WLhKoeQN,AVjEtg,73Gnw1X7JeiKZHkgbneg4EgAtRpcdux1iWw8TLHypump,6DWMm5tPPhJbwoT3zAN5yr2eUdxRmAXKs4sJZmdKP4pZuGVYzvnFiJj1H2UqvWS4ygt2GWnssnk4eUMWoXrNbcv,TP 10% / SL 10%,-0.42907027645576384
AVjEtg2ECYKXYeqdRQXvaaAZBjfTjYuSMTR4WLhKoeQN,AVjEtg,73Gnw1X7JeiKZHkgbneg4EgAtRpcdux1iWw8TLHypump,6DWMm5tPPhJbwoT3zAN5yr2eUdxRmAXKs4sJZmdKP4pZuGVYzvnFiJj1H2UqvWS4ygt2GWnssnk4eUMWoXrNbcv,TP 20% / SL 10%,-0.42907027645576384
AVjEtg2ECYKXYeqdRQXvaaAZBjfTjYuSMTR4WLhKoeQN,AVjEtg,73Gnw1X7JeiKZHkgbneg4EgAtRpcdux1iWw8TLHypump,6DWMm5tPPhJbwoT3zAN5yr2eUdxRmAXKs4sJZmdKP4pZuGVYzvnFiJj1H2UqvWS4ygt2GWnssnk4eUMWoXrNbcv,TP 30% / SL 15%,-0.42907027645576384
AVjEtg2ECYKXYeqdRQXvaaAZBjfTjYuSMTR4WLhKoeQN,AVjEtg,73Gnw1X7JeiKZHkgbneg4EgAtRpcdux1iWw8TLHypump,6DWMm5tPPhJbwoT3zAN5yr2eUdxRmAXKs4sJZmdKP4pZuGVYzvnFiJj1H2UqvWS4ygt2GWnssnk4eUMWoXrNbcv,TP 50% / SL 25%,-0.42907027645576384
AVjEtg2ECYKXYeqdRQXvaaAZBjfTjYuSMTR4WLhKoeQN,AVjEtg,73Gnw1X7JeiKZHkgbneg4EgAtRpcdux1iWw8TLHypump,6DWMm5tPPhJbwoT3zAN5yr2eUdxRmAXKs4sJZmdKP4pZuGVYzvnFiJj1H2UqvWS4ygt2GWnssnk4eUMWoXrNbcv,TP 100% / SL 30%,-0.42907027645576384
AVjEtg2ECYKXYeqdRQXvaaAZBjfTjYuSMTR4WLhKoeQN,AVjEtg,FYrwUoGaewvEpt2LzxwLt6dWEKmHyjaiNBQcajZ3ooLE,42thTkXKNZjKnhHxB93yj4cKYzngHXoYfkdxEXCWE7Em4hLeQGddKpSs5A5S1xmUHPV76bQYXjdH5DqDmMBLK9MR,follow wallet,-0.28414232533837164
AVjEtg2ECYKXYeqdRQXvaaAZBjfTjYuSMTR4WLhKoeQN,AVjEtg,FYrwUoGaewvEpt2LzxwLt6dWEKmHyjaiNBQcajZ3ooLE,42thTkXKNZjKnhHxB93yj4cKYzngHXoYfkdxEXCWE7Em4hLeQGddKpSs5A5S1xmUHPV76bQYXjdH5DqDmMBLK9MR,hold 1 slots,-0.06622776474845338
AVjEtg2ECYKXYeqdRQXvaaAZBjfTjYuSMTR4WLhKoeQN,AVjEtg,FYrwUoGaewvEpt2LzxwLt6dWEKmHyjaiNBQcajZ3ooLE,42thTkXKNZjKnhHxB93yj4cKYzngHXoYfkdxEXCWE7Em4hLeQGddKpSs5A5S1xmUHPV76bQYXjdH5DqDmMBLK9MR,hold 3 slots,-0.08818886406164253
AVjEtg2ECYKXYeqdRQXvaaAZBjfTjYuSMTR4WLhKoeQN,AVjEtg,FYrwUoGaewvEpt2LzxwLt6dWEKmHyjaiNBQcajZ3ooLE,42thTkXKNZjKnhHxB93yj4cKYzngHXoYfkdxEXCWE7Em4hLeQGddKpSs5A5S1xmUHPV76bQYXjdH5DqDmMBLK9MR,hold 5 slots,-0.11281362295895087
AVjEtg2ECYKXYeqdRQXvaaAZBjfTjYuSMTR4WLhKoeQN,AVjEtg,FYrwUoGaewvEpt2LzxwLt6dWEKmHyjaiNBQcajZ3ooLE,42thTkXKNZjKnhHxB93yj4cKYzngHXoYfkdxEXCWE7Em4hLeQGddKpSs5A5S1xmUHPV76bQYXjdH5DqDmMBLK9MR,hold 12 slots,-0.14155400210084593
AVjEtg2ECYKXYeqdRQXvaaAZBjfTjYuSMTR4WLhKoeQN,AVjEtg,FYrwUoGaewvEpt2LzxwLt6dWEKmHyjaiNBQcajZ3ooLE,42thTkXKNZjKnhHxB93yj4cKYzngHXoYfkdxEXCWE7Em4hLeQGddKpSs5A5S1xmUHPV76bQYXjdH5DqDmMBLK9MR,hold 25 slots,-0.16371473717031074
AVjEtg2ECYKXYeqdRQXvaaAZBjfTjYuSMTR4WLhKoeQN,AVjEtg,FYrwUoGaewvEpt2LzxwLt6dWEKmHyjaiNBQcajZ3ooLE,42thTkXKNZjKnhHxB93yj4cKYzngHXoYfkdxEXCWE7Em4hLeQGddKpSs5A5S1xmUHPV76bQYXjdH5DqDmMBLK9MR,hold 50 slots,-0.28693064396495305
AVjEtg2ECYKXYeqdRQXvaaAZBjfTjYuSMTR4WLhKoeQN,AVjEtg,FYrwUoGaewvEpt2LzxwLt6dWEKmHyjaiNBQcajZ3ooLE,42thTkXKNZjKnhHxB93yj4cKYzngHXoYfkdxEXCWE7Em4hLeQGddKpSs5A5S1xmUHPV76bQYXjdH5DqDmMBLK9MR,hold 75 slots,-0.33423279533349276
AVjEtg2ECYKXYeqdRQXvaaAZBjfTjYuSMTR4WLhKoeQN,AVjEtg,FYrwUoGaewvEpt2LzxwLt6dWEKmHyjaiNBQcajZ3ooLE,42thTkXKNZjKnhHxB93yj4cKYzngHXoYfkdxEXCWE7Em4hLeQGddKpSs5A5S1xmUHPV76bQYXjdH5DqDmMBLK9MR,hold 150 slots,-0.33085947498277224
AVjEtg2ECYKXYeqdRQXvaaAZBjfTjYuSMTR4WLhKoeQN,AVjEtg,FYrwUoGaewvEpt2LzxwLt6dWEKmHyjaiNBQcajZ3ooLE,42thTkXKNZjKnhHxB93yj4cKYzngHXoYfkdxEXCWE7Em4hLeQGddKpSs5A5S1xmUHPV76bQYXjdH5DqDmMBLK9MR,TP 10% / SL 10%,-0.11281362295895087
AVjEtg2ECYKXYeqdRQXvaaAZBjfTjYuSMTR4WLhKoeQN,AVjEtg,FYrwUoGaewvEpt2LzxwLt6dWEKmHyjaiNBQcajZ3ooLE,42thTkXKNZjKnhHxB93yj4cKYzngHXoYfkdxEXCWE7Em4hLeQGddKpSs5A5S1xmUHPV76bQYXjdH5DqDmMBLK9MR,TP 20% / SL 10%,-0.11281362295895087
AVjEtg2ECYKXYeqdRQXvaaAZBjfTjYuSMTR4WLhKoeQN,AVjEtg,FYrwUoGaewvEpt2LzxwLt6dWEKmHyjaiNBQcajZ3ooLE,42thTkXKNZjKnhHxB93yj4cKYzngHXoYfkdxEXCWE7Em4hLeQGddKpSs5A5S1xmUHPV76bQYXjdH5DqDmMBLK9MR,TP 30% / SL 15%,-0.16371473717031074
AVjEtg2ECYKXYeqdRQXvaaAZBjfTjYuSMTR4WLhKoeQN,AVjEtg,FYrwUoGaewvEpt2LzxwLt6dWEKmHyjaiNBQcajZ3ooLE,42thTkXKNZjKnhHxB93yj4cKYzngHXoYfkdxEXCWE7Em4hLeQGddKpSs5A5S1xmUHPV76bQYXjdH5DqDmMBLK9MR,TP 50% / SL 25%,-0.28414232533837164
AVjEtg2ECYKXYeqdRQXvaaAZBjfTjYuSMTR4WLhKoeQN,AVjEtg,FYrwUoGaewvEpt2LzxwLt6dWEKmHyjaiNBQcajZ3ooLE,42thTkXKNZjKnhHxB93yj4cKYzngHXoYfkdxEXCWE7Em4hLeQGddKpSs5A5S1xmUHPV76bQYXjdH5DqDmMBLK9MR,TP 100% / SL 30%,-0.33423279533349276
AVjEtg2ECYKXYeqdRQXvaaAZBjfTjYuSMTR4WLhKoeQN,AVjEtg,BiUB1dX8S73HoKFcacmXPKYFUWVHm6GdToUkbYDipump,FfYqYAXw4F8xZcWR4QBY5bm2zCQLVmnDkvnvdydN4bA3AmHz6iHChp1JsHqpPpej8Wf6QsthttUzF3d8reZYoJ2,follow wallet,1.0150743433518994
AVjEtg2ECYKXYeqdRQXvaaAZBjfTjYuSMTR4WLhKoeQN,AVjEtg,BiUB1dX8S73HoKFcacmXPKYFUWVHm6GdToUkbYDipump,FfYqYAXw4F8xZcWR4QBY5bm2zCQLVmnDkvnvdydN4bA3AmHz6iHChp1JsHqpPpej8Wf6QsthttUzF3d8reZYoJ2,hold 1 slots,-0.07954805294966794
AVjEtg2ECYKXYeqdRQXvaaAZBjfTjYuSMTR4WLhKoeQN,AVjEtg,BiUB1dX8S73HoKFcacmXPKYFUWVHm6GdToUkbYDipump,FfYqYAXw4F8xZcWR4QBY5bm2zCQLVmnDkvnvdydN4bA3AmHz6iHChp1JsHqpPpej8Wf6QsthttUzF3d8reZYoJ2,hold 3 slots,-0.06061613729775143
AVjEtg2ECYKXYeqdRQXvaaAZBjfTjYuSMTR4WLhKoeQN,AVjEtg,BiUB1dX8S73HoKFcacmXPKYFUWVHm6GdToUkbYDipump,FfYqYAXw4F8xZcWR4QBY5bm2zCQLVmnDkvnvdydN4bA3AmHz6iHChp1JsHqpPpej8Wf6QsthttUzF3d8reZYoJ2,hold 5 slots,0.05868836831560421
AVjEtg2ECYKXYeqdRQXvaaAZBjfTjYuSMTR4WLhKoeQN,AVjEtg,BiUB1dX8S73HoKFcacmXPKYFUWVHm6GdToUkbYDipump,FfYqYAXw4F8xZcWR4QBY5bm2zCQLVmnDkvnvdydN4bA3AmHz6iHChp1JsHqpPpej8Wf6QsthttUzF3d8reZYoJ2,hold 12 slots,0.15092528415510797
AVjEtg2ECYKXYeqdRQXvaaAZBjfTjYuSMTR4WLhKoeQN,AVjEtg,BiUB1dX8S73HoKFcacmXPKYFUWVHm6GdToUkbYDipump,FfYqYAXw4F8xZcWR4QBY5bm2zCQLVmnDkvnvdydN4bA3AmHz6iHChp1JsHqpPpej8Wf6QsthttUzF3d8reZYoJ2,hold 25 slots,0.23001520086064767
AVjEtg2ECYKXYeqdRQXvaaAZBjfTjYuSMTR4WLhKoeQN,AVjEtg,BiUB1dX8S73HoKFcacmXPKYFUWVHm6GdToUkbYDipump,FfYqYAXw4F8xZcWR4QBY5bm2zCQLVmnDkvnvdydN4bA3AmHz6iHChp1JsHqpPpej8Wf6QsthttUzF3d8reZYoJ2,hold 50 slots,0.12637361638285635
AVjEtg2ECYKXYeqdRQXvaaAZBjfTjYuSMTR4WLhKoeQN,AVjEtg,BiUB1dX8S73HoKFcacmXPKYFUWVHm6GdToUkbYDipump,FfYqYAXw4F8xZcWR4QBY5bm2zCQLVmnDkvnvdydN4bA3AmHz6iHChp1JsHqpPpej8Wf6QsthttUzF3d8reZYoJ2,hold 75 slots,0.31635028520052433
AVjEtg2ECYKXYeqdRQXvaaAZBjfTjYuSMTR4WLhKoeQN,AVjEtg,BiUB1dX8S73HoKFcacmXPKYFUWVHm6GdToUkbYDipump,FfYqYAXw4F8xZcWR4QBY5bm2zCQLVmnDkvnvdydN4bA3AmHz6iHChp1JsHqpPpej8Wf6QsthttUzF3d8reZYoJ2,hold 150 slots,0.5121459159540483
AVjEtg2ECYKXYeqdRQXvaaAZBjfTjYuSMTR4WLhKoeQN,AVjEtg,BiUB1dX8S73HoKFcacmXPKYFUWVHm6GdToUkbYDipump,FfYqYAXw4F8xZcWR4QBY5bm2zCQLVmnDkvnvdydN4bA3AmHz6iHChp1JsHqpPpej8Wf6QsthttUzF3d8reZYoJ2,TP 10% / SL 10%,0.15092528415510797
AVjEtg2ECYKXYeqdRQXvaaAZBjfTjYuSMTR4WLhKoeQN,AVjEtg,BiUB1dX8S73HoKFcacmXPKYFUWVHm6GdToUkbYDipump,FfYqYAXw4F8xZcWR4QBY5bm2zCQLVmnDkvnvdydN4bA3AmHz6iHChp1JsHqpPpej8Wf6QsthttUzF3d8reZYoJ2,TP 20% / SL 10%,0.23001520086064767
AVjEtg2ECYKXYeqdRQXvaaAZBjfTjYuSMTR4WLhKoeQN,AVjEtg,BiUB1dX8S73HoKFcacmXPKYFUWVHm6GdToUkbYDipump,FfYqYAXw4F8xZcWR4QBY5bm2zCQLVmnDkvnvdydN4bA3AmHz6iHChp1JsHqpPpej8Wf6QsthttUzF3d8reZYoJ2,TP 30% / SL 15%,0.31635028520052433
AVjEtg2ECYKXYeqdRQXvaaAZBjfTjYuSMTR4WLhKoeQN,AVjEtg,BiUB1dX8S73HoKFcacmXPKYFUWVHm6GdToUkbYDipump,FfYqYAXw4F8xZcWR4QBY5bm2zCQLVmnDkvnvdydN4bA3AmHz6iHChp1JsHqpPpej8Wf6QsthttUzF3d8reZYoJ2,TP 50% / SL 25%,0.5121459159540483
AVjEtg2ECYKXYeqdRQXvaaAZBjfTjYuSMTR4WLhKoeQN,AVjEtg,BiUB1dX8S73HoKFcacmXPKYFUWVHm6GdToUkbYDipump,FfYqYAXw4F8xZcWR4QBY5bm2zCQLVmnDkvnvdydN4bA3AmHz6iHChp1JsHqpPpej8Wf6QsthttUzF3d8reZYoJ2,TP 100% / SL 30%,0.5121459159540483
H1TLERBQyQzSd5gbvbWwP97GjeL9txzWoN5BK4UG7xYm,H1TLER,HQvsrBFwaLk4MkVxu1df1ZAjGdNe4E8Bss5jiXw2pump,9ebjb9SCq8oEaPfFHYVtVWTU8HXWGaNTzuq1F6M2W5AW1sbrKkvQYS4ze2xEGau2ttoRq9homn2mxM4RBXPxPax,hold 1 slots,-0.05421103163008547
H1TLERBQyQzSd5gbvbWwP97GjeL9txzWoN5BK4UG7xYm,H1TLER,HQvsrBFwaLk4MkVxu1df1ZAjGdNe4E8Bss5jiXw2pump,9ebjb9SCq8oEaPfFHYVtVWTU8HXWGaNTzuq1F6M2W5AW1sbrKkvQYS4ze2xEGau2ttoRq9homn2mxM4RBXPxPax,hold 3 slots,-0.05401863398453498
H1TLERBQyQzSd5gbvbWwP97GjeL9txzWoN5BK4UG7xYm,H1TLER,HQvsrBFwaLk4MkVxu1df1ZAjGdNe4E8Bss5jiXw2pump,9ebjb9SCq8oEaPfFHYVtVWTU8HXWGaNTzuq1F6M2W5AW1sbrKkvQYS4ze2xEGau2ttoRq9homn2mxM4RBXPxPax,hold 5 slots,-0.03537211790214479
H1TLERBQyQzSd5gbvbWwP97GjeL9txzWoN5BK4UG7xYm,H1TLER,HQvsrBFwaLk4MkVxu1df1ZAjGdNe4E8Bss5jiXw2pump,9ebjb9SCq8oEaPfFHYVtVWTU8HXWGaNTzuq1F6M2W5AW1sbrKkvQYS4ze2xEGau2ttoRq9homn2mxM4RBXPxPax,hold 12 slots,-0.0536185522155621
H1TLERBQyQzSd5gbvbWwP97GjeL9txzWoN5BK4UG7xYm,H1TLER,HQvsrBFwaLk4MkVxu1df1ZAjGdNe4E8Bss5jiXw2pump,9ebjb9SCq8oEaPfFHYVtVWTU8HXWGaNTzuq1F6M2W5AW1sbrKkvQYS4ze2xEGau2ttoRq9homn2mxM4RBXPxPax,hold 25 slots,-0.11290519099608218
H1TLERBQyQzSd5gbvbWwP97GjeL9txzWoN5BK4UG7xYm,H1TLER,HQvsrBFwaLk4MkVxu1df1ZAjGdNe4E8Bss5jiXw2pump,9ebjb9SCq8oEaPfFHYVtVWTU8HXWGaNTzuq1F6M2W5AW1sbrKkvQYS4ze2xEGau2ttoRq9homn2mxM4RBXPxPax,hold 50 slots,-0.07350965468448187
H1TLERBQyQzSd5gbvbWwP97GjeL9txzWoN5BK4UG7xYm,H1TLER,HQvsrBFwaLk4MkVxu1df1ZAjGdNe4E8Bss5jiXw2pump,9ebjb9SCq8oEaPfFHYVtVWTU8HXWGaNTzuq1F6M2W5AW1sbrKkvQYS4ze2xEGau2ttoRq9homn2mxM4RBXPxPax,hold 75 slots,-0.10005419140533328
H1TLERBQyQzSd5gbvbWwP97GjeL9txzWoN5BK4UG7xYm,H1TLER,HQvsrBFwaLk4MkVxu1df1ZAjGdNe4E8Bss5jiXw2pump,9ebjb9SCq8oEaPfFHYVtVWTU8HXWGaNTzuq1F6M2W5AW1sbrKkvQYS4ze2xEGau2ttoRq9homn2mxM4RBXPxPax,hold 150 slots,0.20178621629464483
H1TLERBQyQzSd5gbvbWwP97GjeL9txzWoN5BK4UG7xYm,H1TLER,HQvsrBFwaLk4MkVxu1df1ZAjGdNe4E8Bss5jiXw2pump,9ebjb9SCq8oEaPfFHYVtVWTU8HXWGaNTzuq1F6M2W5AW1sbrKkvQYS4ze2xEGau2ttoRq9homn2mxM4RBXPxPax,TP 10% / SL 10%,-0.11290519099608218
H1TLERBQyQzSd5gbvbWwP97GjeL9txzWoN5BK4UG7xYm,H1TLER,HQvsrBFwaLk4MkVxu1df1ZAjGdNe4E8Bss5jiXw2pump,9ebjb9SCq8oEaPfFHYVtVWTU8HXWGaNTzuq1F6M2W5AW1sbrKkvQYS4ze2xEGau2ttoRq9homn2mxM4RBXPxPax,TP 20% / SL 10%,-0.11290519099608218
H1TLERBQyQzSd5gbvbWwP97GjeL9txzWoN5BK4UG7xYm,H1TLER,HQvsrBFwaLk4MkVxu1df1ZAjGdNe4E8Bss5jiXw2pump,9ebjb9SCq8oEaPfFHYVtVWTU8HXWGaNTzuq1F6M2W5AW1sbrKkvQYS4ze2xEGau2ttoRq9homn2mxM4RBXPxPax,TP 30% / SL 15%,0.20178621629464483
H1TLERBQyQzSd5gbvbWwP97GjeL9txzWoN5BK4UG7xYm,H1TLER,HQvsrBFwaLk4MkVxu1df1ZAjGdNe4E8Bss5jiXw2pump,9ebjb9SCq8oEaPfFHYVtVWTU8HXWGaNTzuq1F6M2W5AW1sbrKkvQYS4ze2xEGau2ttoRq9homn2mxM4RBXPxPax,TP 50% / SL 25%,0.20178621629464483
H1TLERBQyQzSd5gbvbWwP97GjeL9txzWoN5BK4UG7xYm,H1TLER,HQvsrBFwaLk4MkVxu1df1ZAjGdNe4E8Bss5jiXw2pump,9ebjb9SCq8oEaPfFHYVtVWTU8HXWGaNTzuq1F6M2W5AW1sbrKkvQYS4ze2xEGau2ttoRq9homn2mxM4RBXPxPax,TP 100% / SL 30%,0.20178621629464483
H1TLERBQyQzSd5gbvbWwP97GjeL9txzWoN5BK4UG7xYm,H1TLER,EcZndAERfzNhLirHwfsy44dAyPSZazjDU83pa6RApump,66UrhgdXnqMeeVPoJg2dezoFpNVxhCKH1tzRGBqwP2s29hXSq2Un9DxonWKjBSGkLo9UiKzumZDNKGTuXU9YjFN9,follow wallet,-0.1430736001324475
H1TLERBQyQzSd5gbvbWwP97GjeL9txzWoN5BK4UG7xYm,H1TLER,EcZndAERfzNhLirHwfsy44dAyPSZazjDU83pa6RApump,66UrhgdXnqMeeVPoJg2dezoFpNVxhCKH1tzRGBqwP2s29hXSq2Un9DxonWKjBSGkLo9UiKzumZDNKGTuXU9YjFN9,hold 1 slots,-0.05337851837695682
H1TLERBQyQzSd5gbvbWwP97GjeL9txzWoN5BK4UG7xYm,H1TLER,EcZndAERfzNhLirHwfsy44dAyPSZazjDU83pa6RApump,66UrhgdXnqMeeVPoJg2dezoFpNVxhCKH1tzRGBqwP2s29hXSq2Un9DxonWKjBSGkLo9UiKzumZDNKGTuXU9YjFN9,hold 3 slots,-0.05302134913715696
H1TLERBQyQzSd5gbvbWwP97GjeL9txzWoN5BK4UG7xYm,H1TLER,EcZndAERfzNhLirHwfsy44dAyPSZazjDU83pa6RApump,66UrhgdXnqMeeVPoJg2dezoFpNVxhCKH1tzRGBqwP2s29hXSq2Un9DxonWKjBSGkLo9UiKzumZDNKGTuXU9YjFN9,hold 5 slots,-0.06511277801839971
H1TLERBQyQzSd5gbvbWwP97GjeL9txzWoN5BK4UG7xYm,H1TLER,EcZndAERfzNhLirHwfsy44dAyPSZazjDU83pa6RApump,66UrhgdXnqMeeVPoJg2dezoFpNVxhCKH1tzRGBqwP2s29hXSq2Un9DxonWKjBSGkLo9UiKzumZDNKGTuXU9YjFN9,hold 12 slots,-0.12525653403959477
H1TLERBQyQzSd5gbvbWwP97GjeL9txzWoN5BK4UG7xYm,H1TLER,EcZndAERfzNhLirHwfsy44dAyPSZazjDU83pa6RApump,66UrhgdXnqMeeVPoJg2dezoFpNVxhCKH1tzRGBqwP2s29hXSq2Un9DxonWKjBSGkLo9UiKzumZDNKGTuXU9YjFN9,hold 25 slots,-0.13458516584302008
H1TLERBQyQzSd5gbvbWwP97GjeL9txzWoN5BK4UG7xYm,H1TLER,EcZndAERfzNhLirHwfsy44dAyPSZazjDU83pa6RApump,66UrhgdXnqMeeVPoJg2dezoFpNVxhCKH1tzRGBqwP2s29hXSq2Un9DxonWKjBSGkLo9UiKzumZDNKGTuXU9YjFN9,hold 50 slots,-0.13170198807447875
H1TLERBQyQzSd5gbvbWwP97GjeL9txzWoN5BK4UG7xYm,H1TLER,EcZndAERfzNhLirHwfsy44dAyPSZazjDU83pa6RApump,66UrhgdXnqMeeVPoJg2dezoFpNVxhCKH1tzRGBqwP2s29hXSq2Un9DxonWKjBSGkLo9UiKzumZDNKGTuXU9YjFN9,hold 75 slots,-0.14890335591041506
H1TLERBQyQzSd5gbvbWwP97GjeL9txzWoN5BK4UG7xYm,H1TLER,EcZndAERfzNhLirHwfsy44dAyPSZazjDU83pa6RApump,66UrhgdXnqMeeVPoJg2dezoFpNVxhCKH1tzRGBqwP2s29hXSq2Un9DxonWKjBSGkLo9UiKzumZDNKGTuXU9YjFN9,hold 150 slots,-0.02321487584870851
H1TLERBQyQzSd5gbvbWwP97GjeL9txzWoN5BK4UG7xYm,H1TLER,EcZndAERfzNhLirHwfsy44dAyPSZazjDU83pa6RApump,66UrhgdXnqMeeVPoJg2dezoFpNVxhCKH1tzRGBqwP2s29hXSq2Un9DxonWKjBSGkLo9UiKzumZDNKGTuXU9YjFN9,TP 10% / SL 10%,-0.1000755129069251
H1TLERBQyQzSd5gbvbWwP97GjeL9txzWoN5BK4UG7xYm,H1TLER,EcZndAERfzNhLirHwfsy44dAyPSZazjDU83pa6RApump,66UrhgdXnqMeeVPoJg2dezoFpNVxhCKH1tzRGBqwP2s29hXSq2Un9DxonWKjBSGkLo9UiKzumZDNKGTuXU9YjFN9,TP 20% / SL 10%,-0.1000755129069251
H1TLERBQyQzSd5gbvbWwP97GjeL9txzWoN5BK4UG7xYm,H1TLER,EcZndAERfzNhLirHwfsy44dAyPSZazjDU83pa6RApump,66UrhgdXnqMeeVPoJg2dezoFpNVxhCKH1tzRGBqwP2s29hXSq2Un9DxonWKjBSGkLo9UiKzumZDNKGTuXU9YjFN9,TP 30% / SL 15%,-0.17057894144427121
H1TLERBQyQzSd5gbvbWwP97GjeL9txzWoN5BK4UG7xYm,H1TLER,EcZndAERfzNhLirHwfsy44dAyPSZazjDU83pa6RApump,66UrhgdXnqMeeVPoJg2dezoFpNVxhCKH1tzRGBqwP2s29hXSq2Un9DxonWKjBSGkLo9UiKzumZDNKGTuXU9YjFN9,TP 50% / SL 25%,-0.02321487584870851
H1TLERBQyQzSd5gbvbWwP97GjeL9txzWoN5BK4UG7xYm,H1TLER,EcZndAERfzNhLirHwfsy44dAyPSZazjDU83pa6RApump,66UrhgdXnqMeeVPoJg2dezoFpNVxhCKH1tzRGBqwP2s29hXSq2Un9DxonWKjBSGkLo9UiKzumZDNKGTuXU9YjFN9,TP 100% / SL 30%,-0.02321487584870851
H1TLERBQyQzSd5gbvbWwP97GjeL9txzWoN5BK4UG7xYm,H1TLER,3Kn7ESgXo9oe5NHFpYycpVSA98Fhp6pF2FjAZHu9pump,jaDEGV9sNuq6CQRbKFwxz7frFMwEiQGeV1v8K4FCLLCXxiWNKwAirnKM6PrtoFuHNeHANYaovvCh5yQr7G9hNqE,follow wallet,0.35414967637278555
H1TLERBQyQzSd5gbvbWwP97GjeL9txzWoN5BK4UG7xYm,H1TLER,3Kn7ESgXo9oe5NHFpYycpVSA98Fhp6pF2FjAZHu9pump,jaDEGV9sNuq6CQRbKFwxz7frFMwEiQGeV1v8K4FCLLCXxiWNKwAirnKM6PrtoFuHNeHANYaovvCh5yQr7G9hNqE,hold 1 slots,-0.032975037116242646
H1TLERBQyQzSd5gbvbWwP97GjeL9txzWoN5BK4UG7xYm,H1TLER,3Kn7ESgXo9oe5NHFpYycpVSA98Fhp6pF2FjAZHu9pump,jaDEGV9sNuq6CQRbKFwxz7frFMwEiQGeV1v8K4FCLLCXxiWNKwAirnKM6PrtoFuHNeHANYaovvCh5yQr7G9hNqE,hold 3 slots,-0.03743550225030708
H1TLERBQyQzSd5gbvbWwP97GjeL9txzWoN5BK4UG7xYm,H1TLER,3Kn7ESgXo9oe5NHFpYycpVSA98Fhp6pF2FjAZHu9pump,jaDEGV9sNuq6CQRbKFwxz7frFMwEiQGeV1v8K4FCLLCXxiWNKwAirnKM6PrtoFuHNeHANYaovvCh5yQr7G9hNqE,hold 5 slots,-0.00865882663553226
H1TLERBQyQzSd5gbvbWwP97GjeL9txzWoN5BK4UG7xYm,H1TLER,3Kn7ESgXo9oe5NHFpYycpVSA98Fhp6pF2FjAZHu9pump,jaDEGV9sNuq6CQRbKFwxz7frFMwEiQGeV1v8K4FCLLCXxiWNKwAirnKM6PrtoFuHNeHANYaovvCh5yQr7G9hNqE,hold 12 slots,-0.05248162275797486
H1TLERBQyQzSd5gbvbWwP97GjeL9txzWoN5BK4UG7xYm,H1TLER,3Kn7ESgXo9oe5NHFpYycpVSA98Fhp6pF2FjAZHu9pump,jaDEGV9sNuq6CQRbKFwxz7frFMwEiQGeV1v8K4FCLLCXxiWNKwAirnKM6PrtoFuHNeHANYaovvCh5yQr7G9hNqE,hold 25 slots,-0.0488346474472748
H1TLERBQyQzSd5gbvbWwP97GjeL9txzWoN5BK4UG7xYm,H1TLER,3Kn7ESgXo9oe5NHFpYycpVSA98Fhp6pF2FjAZHu9pump,jaDEGV9sNuq6CQRbKFwxz7frFMwEiQGeV1v8K4FCLLCXxiWNKwAirnKM6PrtoFuHNeHANYaovvCh5yQr7G9hNqE,hold 50 slots,0.019394216871726037
H1TLERBQyQzSd5gbvbWwP97GjeL9txzWoN5BK4UG7xYm,H1TLER,3Kn7ESgXo9oe5NHFpYycpVSA98Fhp6pF2FjAZHu9pump,jaDEGV9sNuq6CQRbKFwxz7frFMwEiQGeV1v8K4FCLLCXxiWNKwAirnKM6PrtoFuHNeHANYaovvCh5yQr7G9hNqE,hold 75 slots,-0.13358821102167787
H1TLERBQyQzSd5gbvbWwP97GjeL9txzWoN5BK4UG7xYm,H1TLER,3Kn7ESgXo9oe5NHFpYycpVSA98Fhp6pF2FjAZHu9pump,jaDEGV9sNuq6CQRbKFwxz7frFMwEiQGeV1v8K4FCLLCXxiWNKwAirnKM6PrtoFuHNeHANYaovvCh5yQr7G9hNqE,hold 150 slots,-0.17321165585995604
H1TLERBQyQzSd5gbvbWwP97GjeL9txzWoN5BK4UG7xYm,H1TLER,3Kn7ESgXo9oe5NHFpYycpVSA98Fhp6pF2FjAZHu9pump,jaDEGV9sNuq6CQRbKFwxz7frFMwEiQGeV1v8K4FCLLCXxiWNKwAirnKM6PrtoFuHNeHANYaovvCh5yQr7G9hNqE,TP 10% / SL 10%,-0.10316474032493353
H1TLERBQyQzSd5gbvbWwP97GjeL9txzWoN5BK4UG7xYm,H1TLER,3Kn7ESgXo9oe5NHFpYycpVSA98Fhp6pF2FjAZHu9pump,jaDEGV9sNuq6CQRbKFwxz7frFMwEiQGeV1v8K4FCLLCXxiWNKwAirnKM6PrtoFuHNeHANYaovvCh5yQr7G9hNqE,TP 20% / SL 10%,-0.10316474032493353
H1TLERBQyQzSd5gbvbWwP97GjeL9txzWoN5BK4UG7xYm,H1TLER,3Kn7ESgXo9oe5NHFpYycpVSA98Fhp6pF2FjAZHu9pump,jaDEGV9sNuq6CQRbKFwxz7frFMwEiQGeV1v8K4FCLLCXxiWNKwAirnKM6PrtoFuHNeHANYaovvCh5yQr7G9hNqE,TP 30% / SL 15%,-0.17321165585995604
H1TLERBQyQzSd5gbvbWwP97GjeL9txzWoN5BK4UG7xYm,H1TLER,3Kn7ESgXo9oe5NHFpYycpVSA98Fhp6pF2FjAZHu9pump,jaDEGV9sNuq6CQRbKFwxz7frFMwEiQGeV1v8K4FCLLCXxiWNKwAirnKM6PrtoFuHNeHANYaovvCh5yQr7G9hNqE,TP 50% / SL 25%,-0.17321165585995604
H1TLERBQyQzSd5gbvbWwP97GjeL9txzWoN5BK4UG7xYm,H1TLER,3Kn7ESgXo9oe5NHFpYycpVSA98Fhp6pF2FjAZHu9pump,jaDEGV9sNuq6CQRbKFwxz7frFMwEiQGeV1v8K4FCLLCXxiWNKwAirnKM6PrtoFuHNeHANYaovvCh5yQr7G9hNqE,TP 100% / SL 30%,-0.17321165585995604
EeXvxkcGqMDZeTaVeawzxm9mbzZwqDUMmfG3bF7uzumH,EeXvxk,BMBp8hDnNdA6bjsALCG1Uo1WcYbPwekqp659DEN3fMca,S4vLGptdPHCTVfmhcdNdCQbLiPFE4HjKKA1DBiX6mhAYefoFgcw2hCBjXAAaFZv3CMphTSwqXm5FGGWAiBnkJhH,follow wallet,-0.1733387333781977
EeXvxkcGqMDZeTaVeawzxm9mbzZwqDUMmfG3bF7uzumH,EeXvxk,BMBp8hDnNdA6bjsALCG1Uo1WcYbPwekqp659DEN3fMca,S4vLGptdPHCTVfmhcdNdCQbLiPFE4HjKKA1DBiX6mhAYefoFgcw2hCBjXAAaFZv3CMphTSwqXm5FGGWAiBnkJhH,hold 1 slots,-0.038592550803289175
EeXvxkcGqMDZeTaVeawzxm9mbzZwqDUMmfG3bF7uzumH,EeXvxk,BMBp8hDnNdA6bjsALCG1Uo1WcYbPwekqp659DEN3fMca,S4vLGptdPHCTVfmhcdNdCQbLiPFE4HjKKA1DBiX6mhAYefoFgcw2hCBjXAAaFZv3CMphTSwqXm5FGGWAiBnkJhH,hold 3 slots,0.007481691612226487
EeXvxkcGqMDZeTaVeawzxm9mbzZwqDUMmfG3bF7uzumH,EeXvxk,BMBp8hDnNdA6bjsALCG1Uo1WcYbPwekqp659DEN3fMca,S4vLGptdPHCTVfmhcdNdCQbLiPFE4HjKKA1DBiX6mhAYefoFgcw2hCBjXAAaFZv3CMphTSwqXm5FGGWAiBnkJhH,hold 5 slots,0.02743961579482293
EeXvxkcGqMDZeTaVeawzxm9mbzZwqDUMmfG3bF7uzumH,EeXvxk,BMBp8hDnNdA6bjsALCG1Uo1WcYbPwekqp659DEN3fMca,S4vLGptdPHCTVfmhcdNdCQbLiPFE4HjKKA1DBiX6mhAYefoFgcw2hCBjXAAaFZv3CMphTSwqXm5FGGWAiBnkJhH,hold 12 slots,0.03276459385539305
EeXvxkcGqMDZeTaVeawzxm9mbzZwqDUMmfG3bF7uzumH,EeXvxk,BMBp8hDnNdA6bjsALCG1Uo1WcYbPwekqp659DEN3fMca,S4vLGptdPHCTVfmhcdNdCQbLiPFE4HjKKA1DBiX6mhAYefoFgcw2hCBjXAAaFZv3CMphTSwqXm5FGGWAiBnkJhH,hold 25 slots,-0.004105206388819576
EeXvxkcGqMDZeTaVeawzxm9mbzZwqDUMmfG3bF7uzumH,EeXvxk,BMBp8hDnNdA6bjsALCG1Uo1WcYbPwekqp659DEN3fMca,S4vLGptdPHCTVfmhcdNdCQbLiPFE4HjKKA1DBiX6mhAYefoFgcw2hCBjXAAaFZv3CMphTSwqXm5FGGWAiBnkJhH,hold 50 slots,0.12356422290104602
EeXvxkcGqMDZeTaVeawzxm9mbzZwqDUMmfG3bF7uzumH,EeXvxk,BMBp8hDnNdA6bjsALCG1Uo1WcYbPwekqp659DEN3fMca,S4vLGptdPHCTVfmhcdNdCQbLiPFE4HjKKA1DBiX6mhAYefoFgcw2hCBjXAAaFZv3CMphTSwqXm5FGGWAiBnkJhH,hold 75 slots,0.06332888549398805
EeXvxkcGqMDZeTaVeawzxm9mbzZwqDUMmfG3bF7uzumH,EeXvxk,BMBp8hDnNdA6bjsALCG1Uo1WcYbPwekqp659DEN3fMca,S4vLGptdPHCTVfmhcdNdCQbLiPFE4HjKKA1DBiX6mhAYefoFgcw2hCBjXAAaFZv3CMphTSwqXm5FGGWAiBnkJhH,hold 150 slots,-0.02267970796120918
EeXvxkcGqMDZeTaVeawzxm9mbzZwqDUMmfG3bF7uzumH,EeXvxk,BMBp8hDnNdA6bjsALCG1Uo1WcYbPwekqp659DEN3fMca,S4vLGptdPHCTVfmhcdNdCQbLiPFE4HjKKA1DBiX6mhAYefoFgcw2hCBjXAAaFZv3CMphTSwqXm5FGGWAiBnkJhH,TP 10% / SL 10%,0.12356422290104602
EeXvxkcGqMDZeTaVeawzxm9mbzZwqDUMmfG3bF7uzumH,EeXvxk,BMBp8hDnNdA6bjsALCG1Uo1WcYbPwekqp659DEN3fMca,S4vLGptdPHCTVfmhcdNdCQbLiPFE4HjKKA1DBiX6mhAYefoFgcw2hCBjXAAaFZv3CMphTSwqXm5FGGWAiBnkJhH,TP 20% / SL 10%,-0.02267970796120918
EeXvxkcGqMDZeTaVeawzxm9mbzZwqDUMmfG3bF7uzumH,EeXvxk,BMBp8hDnNdA6bjsALCG1Uo1WcYbPwekqp659DEN3fMca,S4vLGptdPHCTVfmhcdNdCQbLiPFE4HjKKA1DBiX6mhAYefoFgcw2hCBjXAAaFZv3CMphTSwqXm5FGGWAiBnkJhH,TP 30% / SL 15%,-0.02267970796120918
EeXvxkcGqMDZeTaVeawzxm9mbzZwqDUMmfG3bF7uzumH,EeXvxk,BMBp8hDnNdA6bjsALCG1Uo1WcYbPwekqp659DEN3fMca,S4vLGptdPHCTVfmhcdNdCQbLiPFE4HjKKA1DBiX6mhAYefoFgcw2hCBjXAAaFZv3CMphTSwqXm5FGGWAiBnkJhH,TP 50% / SL 25%,-0.02267970796120918
EeXvxkcGqMDZeTaVeawzxm9mbzZwqDUMmfG3bF7uzumH,EeXvxk,BMBp8hDnNdA6bjsALCG1Uo1WcYbPwekqp659DEN3fMca,S4vLGptdPHCTVfmhcdNdCQbLiPFE4HjKKA1DBiX6mhAYefoFgcw2hCBjXAAaFZv3CMphTSwqXm5FGGWAiBnkJhH,TP 100% / SL 30%,-0.02267970796120918
EeXvxkcGqMDZeTaVeawzxm9mbzZwqDUMmfG3bF7uzumH,EeXvxk,2rR7yDed6BM7L2tga5Uf9DoJvmpvw6iGK1x2PhacscLy,3ya8yw3oR2qL9BKUaPHYSLasFiZEHcWTDB8qDJid3HXtKrhAEQP9sixz4khWd3Jzoowk9ZCxsmK5E8PHVW3rHK2o,follow wallet,0.18669558178240608
EeXvxkcGqMDZeTaVeawzxm9mbzZwqDUMmfG3bF7uzumH,EeXvxk,2rR7yDed6BM7L2tga5Uf9DoJvmpvw6iGK1x2PhacscLy,3ya8yw3oR2qL9BKUaPHYSLasFiZEHcWTDB8qDJid3HXtKrhAEQP9sixz4khWd3Jzoowk9ZCxsmK5E8PHVW3rHK2o,hold 1 slots,-0.031205772375692727
EeXvxkcGqMDZeTaVeawzxm9mbzZwqDUMmfG3bF7uzumH,EeXvxk,2rR7yDed6BM7L2tga5Uf9DoJvmpvw6iGK1x2PhacscLy,3ya8yw3oR2qL9BKUaPHYSLasFiZEHcWTDB8qDJid3HXtKrhAEQP9sixz4khWd3Jzoowk9ZCxsmK5E8PHVW3rHK2o,hold 3 slots,0.01730674979119265
EeXvxkcGqMDZeTaVeawzxm9mbzZwqDUMmfG3bF7uzumH,EeXvxk,2rR7yDed6BM7L2tga5Uf9DoJvmpvw6iGK1x2PhacscLy,3ya8yw3oR2qL9BKUaPHYSLasFiZEHcWTDB8qDJid3HXtKrhAEQP9sixz4khWd3Jzoowk9ZCxsmK5E8PHVW3rHK2o,hold 5 slots,0.003455935783304453
EeXvxkcGqMDZeTaVeawzxm9mbzZwqDUMmfG3bF7uzumH,EeXvxk,2rR7yDed6BM7L2tga5Uf9DoJvmpvw6iGK1x2PhacscLy,3ya8yw3oR2qL9BKUaPHYSLasFiZEHcWTDB8qDJid3HXtKrhAEQP9sixz4khWd3Jzoowk9ZCxsmK5E8PHVW3rHK2o,hold 12 slots,0.0015384627596081498
EeXvxkcGqMDZeTaVeawzxm9mbzZwqDUMmfG3bF7uzumH,EeXvxk,2rR7yDed6BM7L2tga5Uf9DoJvmpvw6iGK1x2PhacscLy,3ya8yw3oR2qL9BKUaPHYSLasFiZEHcWTDB8qDJid3HXtKrhAEQP9sixz4khWd3Jzoowk9ZCxsmK5E8PHVW3rHK2o,hold 25 slots,0.12484069600976205
EeXvxkcGqMDZeTaVeawzxm9mbzZwqDUMmfG3bF7uzumH,EeXvxk,2rR7yDed6BM7L2tga5Uf9DoJvmpvw6iGK1x2PhacscLy,3ya8yw3oR2qL9BKUaPHYSLasFiZEHcWTDB8qDJid3HXtKrhAEQP9sixz4khWd3Jzoowk9ZCxsmK5E8PHVW3rHK2o,hold 50 slots,0.3789216468467047
EeXvxkcGqMDZeTaVeawzxm9mbzZwqDUMmfG3bF7uzumH,EeXvxk,2rR7yDed6BM7L2tga5Uf9DoJvmpvw6iGK1x2PhacscLy,3ya8yw3oR2qL9BKUaPHYSLasFiZEHcWTDB8qDJid3HXtKrhAEQP9sixz4khWd3Jzoowk9ZCxsmK5E8PHVW3rHK2o,hold 75 slots,0.5953665720178869
EeXvxkcGqMDZeTaVeawzxm9mbzZwqDUMmfG3bF7uzumH,EeXvxk,2rR7yDed6BM7L2tga5Uf9DoJvmpvw6iGK1x2PhacscLy,3ya8yw3oR2qL9BKUaPHYSLasFiZEHcWTDB8qDJid3HXtKrhAEQP9sixz4khWd3Jzoowk9ZCxsmK5E8PHVW3rHK2o,hold 150 slots,0.12460844559374212
EeXvxkcGqMDZeTaVeawzxm9mbzZwqDUMmfG3bF7uzumH,EeXvxk,2rR7yDed6BM7L2tga5Uf9DoJvmpvw6iGK1x2PhacscLy,3ya8yw3oR2qL9BKUaPHYSLasFiZEHcWTDB8qDJid3HXtKrhAEQP9sixz4khWd3Jzoowk9ZCxsmK5E8PHVW3rHK2o,TP 10% / SL 10%,0.12490091701538442
EeXvxkcGqMDZeTaVeawzxm9mbzZwqDUMmfG3bF7uzumH,EeXvxk,2rR7yDed6BM7L2tga5Uf9DoJvmpvw6iGK1x2PhacscLy,3ya8yw3oR2qL9BKUaPHYSLasFiZEHcWTDB8qDJid3HXtKrhAEQP9sixz4khWd3Jzoowk9ZCxsmK5E8PHVW3rHK2o,TP 20% / SL 10%,0.2756397967695098
EeXvxkcGqMDZeTaVeawzxm9mbzZwqDUMmfG3bF7uzumH,EeXvxk,2rR7yDed6BM7L2tga5Uf9DoJvmpvw6iGK1x2PhacscLy,3ya8yw3oR2qL9BKUaPHYSLasFiZEHcWTDB8qDJid3HXtKrhAEQP9sixz4khWd3Jzoowk9ZCxsmK5E8PHVW3rHK2o,TP 30% / SL 15%,0.3789216468467047
EeXvxkcGqMDZeTaVeawzxm9mbzZwqDUMmfG3bF7uzumH,EeXvxk,2rR7yDed6BM7L2tga5Uf9DoJvmpvw6iGK1x2PhacscLy,3ya8yw3oR2qL9BKUaPHYSLasFiZEHcWTDB8qDJid3HXtKrhAEQP9sixz4khWd3Jzoowk9ZCxsmK5E8PHVW3rHK2o,TP 50% / SL 25%,0.5953665720178869
EeXvxkcGqMDZeTaVeawzxm9mbzZwqDUMmfG3bF7uzumH,EeXvxk,2rR7yDed6BM7L2tga5Uf9DoJvmpvw6iGK1x2PhacscLy,3ya8yw3oR2qL9BKUaPHYSLasFiZEHcWTDB8qDJid3HXtKrhAEQP9sixz4khWd3Jzoowk9ZCxsmK5E8PHVW3rHK2o,TP 100% / SL 30%,0.12460844559374212
EeXvxkcGqMDZeTaVeawzxm9mbzZwqDUMmfG3bF7uzumH,EeXvxk,27PpF6Mq7x95uPc87gEpAvATCjkcDNKP6iWH94VNpump,5rPbquNVV5nvAJQFa4m3t7CdNDKHZv6MubkvR5ZY2rtDkep24tPmFzA5uHVm2qQBkYRe6YXVAcahP2DVvyNd69FD,follow wallet,0.2482483209240618
EeXvxkcGqMDZeTaVeawzxm9mbzZwqDUMmfG3bF7uzumH,EeXvxk,27PpF6Mq7x95uPc87gEpAvATCjkcDNKP6iWH94VNpump,5rPbquNVV5nvAJQFa4m3t7CdNDKHZv6MubkvR5ZY2rtDkep24tPmFzA5uHVm2qQBkYRe6YXVAcahP2DVvyNd69FD,hold 1 slots,0.007272913852409005
EeXvxkcGqMDZeTaVeawzxm9mbzZwqDUMmfG3bF7uzumH,EeXvxk,27PpF6Mq7x95uPc87gEpAvATCjkcDNKP6iWH94VNpump,5rPbquNVV5nvAJQFa4m3t7CdNDKHZv6MubkvR5ZY2rtDkep24tPmFzA5uHVm2qQBkYRe6YXVAcahP2DVvyNd69FD,hold 3 slots,0.13316943983865595
EeXvxkcGqMDZeTaVeawzxm9mbzZwqDUMmfG3bF7uzumH,EeXvxk,27PpF6Mq7x95uPc87gEpAvATCjkcDNKP6iWH94VNpump,5rPbquNVV5nvAJQFa4m3t7CdNDKHZv6MubkvR5ZY2rtDkep24tPmFzA5uHVm2qQBkYRe6YXVAcahP2DVvyNd69FD,hold 5 slots,0.1391621807354126
EeXvxkcGqMDZeTaVeawzxm9mbzZwqDUMmfG3bF7uzumH,EeXvxk,27PpF6Mq7x95uPc87gEpAvATCjkcDNKP6iWH94VNpump,5rPbquNVV5nvAJQFa4m3t7CdNDKHZv6MubkvR5ZY2rtDkep24tPmFzA5uHVm2qQBkYRe6YXVAcahP2DVvyNd69FD,hold 12 slots,0.18717537140339852
EeXvxkcGqMDZeTaVeawzxm9mbzZwqDUMmfG3bF7uzumH,EeXvxk,27PpF6Mq7x95uPc87gEpAvATCjkcDNKP6iWH94VNpump,5rPbquNVV5nvAJQFa4m3t7CdNDKHZv6MubkvR5ZY2rtDkep24tPmFzA5uHVm2qQBkYRe6YXVAcahP2DVvyNd69FD,hold 25 slots,0.5924105481102624
EeXvxkcGqMDZeTaVeawzxm9mbzZwqDUMmfG3bF7uzumH,EeXvxk,27PpF6Mq7x95uPc87gEpAvATCjkcDNKP6iWH94VNpump,5rPbquNVV5nvAJQFa4m3t7CdNDKHZv6MubkvR5ZY2rtDkep24tPmFzA5uHVm2qQBkYRe6YXVAcahP2DVvyNd69FD,hold 50 slots,0.64392185666278
EeXvxkcGqMDZeTaVeawzxm9mbzZwqDUMmfG3bF7uzumH,EeXvxk,27PpF6Mq7x95uPc87gEpAvATCjkcDNKP6iWH94VNpump,5rPbquNVV5nvAJQFa4m3t7CdNDKHZv6MubkvR5ZY2rtDkep24tPmFzA5uHVm2qQBkYRe6YXVAcahP2DVvyNd69FD,hold 75 slots,0.49760779965518
EeXvxkcGqMDZeTaVeawzxm9mbzZwqDUMmfG3bF7uzumH,EeXvxk,27PpF6Mq7x95uPc87gEpAvATCjkcDNKP6iWH94VNpump,5rPbquNVV5nvAJQFa4m3t7CdNDKHZv6MubkvR5ZY2rtDkep24tPmFzA5uHVm2qQBkYRe6YXVAcahP2DVvyNd69FD,hold 150 slots,0.3970036539300909
EeXvxkcGqMDZeTaVeawzxm9mbzZwqDUMmfG3bF7uzumH,EeXvxk,27PpF6Mq7x95uPc87gEpAvATCjkcDNKP6iWH94VNpump,5rPbquNVV5nvAJQFa4m3t7CdNDKHZv6MubkvR5ZY2rtDkep24tPmFzA5uHVm2qQBkYRe6YXVAcahP2DVvyNd69FD,TP 10% / SL 10%,0.13316943983865595
EeXvxkcGqMDZeTaVeawzxm9mbzZwqDUMmfG3bF7uzumH,EeXvxk,27PpF6Mq7x95uPc87gEpAvATCjkcDNKP6iWH94VNpump,5rPbquNVV5nvAJQFa4m3t7CdNDKHZv6MubkvR5ZY2rtDkep24tPmFzA5uHVm2qQBkYRe6YXVAcahP2DVvyNd69FD,TP 20% / SL 10%,0.3036181715337865
EeXvxkcGqMDZeTaVeawzxm9mbzZwqDUMmfG3bF7uzumH,EeXvxk,27PpF6Mq7x95uPc87gEpAvATCjkcDNKP6iWH94VNpump,5rPbquNVV5nvAJQFa4m3t7CdNDKHZv6MubkvR5ZY2rtDkep24tPmFzA5uHVm2qQBkYRe6YXVAcahP2DVvyNd69FD,TP 30% / SL 15%,0.3036181715337865
EeXvxkcGqMDZeTaVeawzxm9mbzZwqDUMmfG3bF7uzumH,EeXvxk,27PpF6Mq7x95uPc87gEpAvATCjkcDNKP6iWH94VNpump,5rPbquNVV5nvAJQFa4m3t7CdNDKHZv6MubkvR5ZY2rtDkep24tPmFzA5uHVm2qQBkYRe6YXVAcahP2DVvyNd69FD,TP 50% / SL 25%,0.5924105481102624
EeXvxkcGqMDZeTaVeawzxm9mbzZwqDUMmfG3bF7uzumH,EeXvxk,27PpF6Mq7x95uPc87gEpAvATCjkcDNKP6iWH94VNpump,5rPbquNVV5nvAJQFa4m3t7CdNDKHZv6MubkvR5ZY2rtDkep24tPmFzA5uHVm2qQBkYRe6YXVAcahP2DVvyNd69FD,TP 100% / SL 30%,1.4685069768870191
EeXvxkcGqMDZeTaVeawzxm9mbzZwqDUMmfG3bF7uzumH,EeXvxk,A6BhW7pfFHXt8yiwNbLz1PaL3L1uKvgtbFuebxe9ZUmv,KtjZTQys2jkBLGuwkTYK6TvYgXYR428J4zF5JpHo7HnJQVsDD58T3naXWCzmJfjLC9QUcXbcRc6c9mSvRpZi9H2,follow wallet,-0.03516401600757575
EeXvxkcGqMDZeTaVeawzxm9mbzZwqDUMmfG3bF7uzumH,EeXvxk,A6BhW7pfFHXt8yiwNbLz1PaL3L1uKvgtbFuebxe9ZUmv,KtjZTQys2jkBLGuwkTYK6TvYgXYR428J4zF5JpHo7HnJQVsDD58T3naXWCzmJfjLC9QUcXbcRc6c9mSvRpZi9H2,hold 1 slots,-0.0580512672538861
EeXvxkcGqMDZeTaVeawzxm9mbzZwqDUMmfG3bF7uzumH,EeXvxk,A6BhW7pfFHXt8yiwNbLz1PaL3L1uKvgtbFuebxe9ZUmv,KtjZTQys2jkBLGuwkTYK6TvYgXYR428J4zF5JpHo7HnJQVsDD58T3naXWCzmJfjLC9QUcXbcRc6c9mSvRpZi9H2,hold 3 slots,-0.04929416527147829
EeXvxkcGqMDZeTaVeawzxm9mbzZwqDUMmfG3bF7uzumH,EeXvxk,A6BhW7pfFHXt8yiwNbLz1PaL3L1uKvgtbFuebxe9ZUmv,KtjZTQys2jkBLGuwkTYK6TvYgXYR428J4zF5JpHo7HnJQVsDD58T3naXWCzmJfjLC9QUcXbcRc6c9mSvRpZi9H2,hold 5 slots,0.039148051148071884
EeXvxkcGqMDZeTaVeawzxm9mbzZwqDUMmfG3bF7uzumH,EeXvxk,A6BhW7pfFHXt8yiwNbLz1PaL3L1uKvgtbFuebxe9ZUmv,KtjZTQys2jkBLGuwkTYK6TvYgXYR428J4zF5JpHo7HnJQVsDD58T3naXWCzmJfjLC9QUcXbcRc6c9mSvRpZi9H2,hold 12 slots,0.16850852793224788
EeXvxkcGqMDZeTaVeawzxm9mbzZwqDUMmfG3bF7uzumH,EeXvxk,A6BhW7pfFHXt8yiwNbLz1PaL3L1uKvgtbFuebxe9ZUmv,KtjZTQys2jkBLGuwkTYK6TvYgXYR428J4zF5JpHo7HnJQVsDD58T3naXWCzmJfjLC9QUcXbcRc6c9mSvRpZi9H2,hold 25 slots,0.0772378722778008
EeXvxkcGqMDZeTaVeawzxm9mbzZwqDUMmfG3bF7uzumH,EeXvxk,A6BhW7pfFHXt8yiwNbLz1PaL3L1uKvgtbFuebxe9ZUmv,KtjZTQys2jkBLGuwkTYK6TvYgXYR428J4zF5JpHo7HnJQVsDD58T3naXWCzmJfjLC9QUcXbcRc6c9mSvRpZi9H2,hold 50 slots,-0.011544664333364249
EeXvxkcGqMDZeTaVeawzxm9mbzZwqDUMmfG3bF7uzumH,EeXvxk,A6BhW7pfFHXt8yiwNbLz1PaL3L1uKvgtbFuebxe9ZUmv,KtjZTQys2jkBLGuwkTYK6TvYgXYR428J4zF5JpHo7HnJQVsDD58T3naXWCzmJfjLC9QUcXbcRc6c9mSvRpZi9H2,hold 75 slots,-0.06543915571394658
EeXvxkcGqMDZeTaVeawzxm9mbzZwqDUMmfG3bF7uzumH,EeXvxk,A6BhW7pfFHXt8yiwNbLz1PaL3L1uKvgtbFuebxe9ZUmv,KtjZTQys2jkBLGuwkTYK6TvYgXYR428J4zF5JpHo7HnJQVsDD58T3naXWCzmJfjLC9QUcXbcRc6c9mSvRpZi9H2,hold 150 slots,0.7931453866855133
EeXvxkcGqMDZeTaVeawzxm9mbzZwqDUMmfG3bF7uzumH,EeXvxk,A6BhW7pfFHXt8yiwNbLz1PaL3L1uKvgtbFuebxe9ZUmv,KtjZTQys2jkBLGuwkTYK6TvYgXYR428J4zF5JpHo7HnJQVsDD58T3naXWCzmJfjLC9QUcXbcRc6c9mSvRpZi9H2,TP 10% / SL 10%,0.16850852793224788
EeXvxkcGqMDZeTaVeawzxm9mbzZwqDUMmfG3bF7uzumH,EeXvxk,A6BhW7pfFHXt8yiwNbLz1PaL3L1uKvgtbFuebxe9ZUmv,KtjZTQys2jkBLGuwkTYK6TvYgXYR428J4zF5JpHo7HnJQVsDD58T3naXWCzmJfjLC9QUcXbcRc6c9mSvRpZi9H2,TP 20% / SL 10%,0.31598339473456477
EeXvxkcGqMDZeTaVeawzxm9mbzZwqDUMmfG3bF7uzumH,EeXvxk,A6BhW7pfFHXt8yiwNbLz1PaL3L1uKvgtbFuebxe9ZUmv,KtjZTQys2jkBLGuwkTYK6TvYgXYR428J4zF5JpHo7HnJQVsDD58T3naXWCzmJfjLC9QUcXbcRc6c9mSvRpZi9H2,TP 30% / SL 15%,0.31598339473456477
EeXvxkcGqMDZeTaVeawzxm9mbzZwqDUMmfG3bF7uzumH,EeXvxk,A6BhW7pfFHXt8yiwNbLz1PaL3L1uKvgtbFuebxe9ZUmv,KtjZTQys2jkBLGuwkTYK6TvYgXYR428J4zF5JpHo7HnJQVsDD58T3naXWCzmJfjLC9QUcXbcRc6c9mSvRpZi9H2,TP 50% / SL 25%,0.7931453866855133
EeXvxkcGqMDZeTaVeawzxm9mbzZwqDUMmfG3bF7uzumH,EeXvxk,A6BhW7pfFHXt8yiwNbLz1PaL3L1uKvgtbFuebxe9ZUmv,KtjZTQys2jkBLGuwkTYK6TvYgXYR428J4zF5JpHo7HnJQVsDD58T3naXWCzmJfjLC9QUcXbcRc6c9mSvRpZi9H2,TP 100% / SL 30%,0.7931453866855133
F5TjPySiUJMdvqMZHnPP85Rc1vErDGV5FR5P2vdVm429,F5TjPy,Cw7kaD86AwijeqsLqZNwzncr7XRyGUxGTkKbggDfVkaw,4uWEpWMiSAPHkKjtjiEA3S8dPfmdSzZvEALtLRAwrNxbRcikZXLkexUKPixM5UxbDiJEJebWcuNY1y8K6HiYpVMi,follow wallet,-0.5062191604434649
F5TjPySiUJMdvqMZHnPP85Rc1vErDGV5FR5P2vdVm429,F5TjPy,Cw7kaD86AwijeqsLqZNwzncr7XRyGUxGTkKbggDfVkaw,4uWEpWMiSAPHkKjtjiEA3S8dPfmdSzZvEALtLRAwrNxbRcikZXLkexUKPixM5UxbDiJEJebWcuNY1y8K6HiYpVMi,hold 1 slots,-0.008547016135576844
F5TjPySiUJMdvqMZHnPP85Rc1vErDGV5FR5P2vdVm429,F5TjPy,Cw7kaD86AwijeqsLqZNwzncr7XRyGUxGTkKbggDfVkaw,4uWEpWMiSAPHkKjtjiEA3S8dPfmdSzZvEALtLRAwrNxbRcikZXLkexUKPixM5UxbDiJEJebWcuNY1y8K6HiYpVMi,hold 3 slots,-0.008489093059064388
F5TjPySiUJMdvqMZHnPP85Rc1vErDGV5FR5P2vdVm429,F5TjPy,Cw7kaD86AwijeqsLqZNwzncr7XRyGUxGTkKbggDfVkaw,4uWEpWMiSAPHkKjtjiEA3S8dPfmdSzZvEALtLRAwrNxbRcikZXLkexUKPixM5UxbDiJEJebWcuNY1y8K6HiYpVMi,hold 5 slots,-0.005624891085163593
F5TjPySiUJMdvqMZHnPP85Rc1vErDGV5FR5P2vdVm429,F5TjPy,Cw7kaD86AwijeqsLqZNwzncr7XRyGUxGTkKbggDfVkaw,4uWEpWMiSAPHkKjtjiEA3S8dPfmdSzZvEALtLRAwrNxbRcikZXLkexUKPixM5UxbDiJEJebWcuNY1y8K6HiYpVMi,hold 12 slots,-0.06016156124132264
F5TjPySiUJMdvqMZHnPP85Rc1vErDGV5FR5P2vdVm429,F5TjPy,Cw7kaD86AwijeqsLqZNwzncr7XRyGUxGTkKbggDfVkaw,4uWEpWMiSAPHkKjtjiEA3S8dPfmdSzZvEALtLRAwrNxbRcikZXLkexUKPixM5UxbDiJEJebWcuNY1y8K6HiYpVMi,hold 25 slots,-0.06241749690946102
F5TjPySiUJMdvqMZHnPP85Rc1vErDGV5FR5P2vdVm429,F5TjPy,Cw7kaD86AwijeqsLqZNwzncr7XRyGUxGTkKbggDfVkaw,4uWEpWMiSAPHkKjtjiEA3S8dPfmdSzZvEALtLRAwrNxbRcikZXLkexUKPixM5UxbDiJEJebWcuNY1y8K6HiYpVMi,hold 50 slots,-0.09644473331685852
F5TjPySiUJMdvqMZHnPP85Rc1vErDGV5FR5P2vdVm429,F5TjPy,Cw7kaD86AwijeqsLqZNwzncr7XRyGUxGTkKbggDfVkaw,4uWEpWMiSAPHkKjtjiEA3S8dPfmdSzZvEALtLRAwrNxbRcikZXLkexUKPixM5UxbDiJEJebWcuNY1y8K6HiYpVMi,hold 75 slots,-0.10002707645286263
F5TjPySiUJMdvqMZHnPP85Rc1vErDGV5FR5P2vdVm429,F5TjPy,Cw7kaD86AwijeqsLqZNwzncr7XRyGUxGTkKbggDfVkaw,4uWEpWMiSAPHkKjtjiEA3S8dPfmdSzZvEALtLRAwrNxbRcikZXLkexUKPixM5UxbDiJEJebWcuNY1y8K6HiYpVMi,hold 150 slots,-0.43643710608582953
F5TjPySiUJMdvqMZHnPP85Rc1vErDGV5FR5P2vdVm429,F5TjPy,Cw7kaD86AwijeqsLqZNwzncr7XRyGUxGTkKbggDfVkaw,4uWEpWMiSAPHkKjtjiEA3S8dPfmdSzZvEALtLRAwrNxbRcikZXLkexUKPixM5UxbDiJEJebWcuNY1y8K6HiYpVMi,TP 10% / SL 10%,-0.10002707645286263
F5TjPySiUJMdvqMZHnPP85Rc1vErDGV5FR5P2vdVm429,F5TjPy,Cw7kaD86AwijeqsLqZNwzncr7XRyGUxGTkKbggDfVkaw,4uWEpWMiSAPHkKjtjiEA3S8dPfmdSzZvEALtLRAwrNxbRcikZXLkexUKPixM5UxbDiJEJebWcuNY1y8K6HiYpVMi,TP 20% / SL 10%,-0.10002707645286263
F5TjPySiUJMdvqMZHnPP85Rc1vErDGV5FR5P2vdVm429,F5TjPy,Cw7kaD86AwijeqsLqZNwzncr7XRyGUxGTkKbggDfVkaw,4uWEpWMiSAPHkKjtjiEA3S8dPfmdSzZvEALtLRAwrNxbRcikZXLkexUKPixM5UxbDiJEJebWcuNY1y8K6HiYpVMi,TP 30% / SL 15%,-0.43643710608582953
F5TjPySiUJMdvqMZHnPP85Rc1vErDGV5FR5P2vdVm429,F5TjPy,Cw7kaD86AwijeqsLqZNwzncr7XRyGUxGTkKbggDfVkaw,4uWEpWMiSAPHkKjtjiEA3S8dPfmdSzZvEALtLRAwrNxbRcikZXLkexUKPixM5UxbDiJEJebWcuNY1y8K6HiYpVMi,TP 50% / SL 25%,-0.43643710608582953
F5TjPySiUJMdvqMZHnPP85Rc1vErDGV5FR5P2vdVm429,F5TjPy,Cw7kaD86AwijeqsLqZNwzncr7XRyGUxGTkKbggDfVkaw,4uWEpWMiSAPHkKjtjiEA3S8dPfmdSzZvEALtLRAwrNxbRcikZXLkexUKPixM5UxbDiJEJebWcuNY1y8K6HiYpVMi,TP 100% / SL 30%,-0.43643710608582953
F5TjPySiUJMdvqMZHnPP85Rc1vErDGV5FR5P2vdVm429,F5TjPy,CGbL1fWY7LvDMbvrPEkBkdoC8TFWnxHqRPtyQPzrK6r7,oGvGngBNaNZeVS8jCb6Y4KaVSaP6JTGcz1jwUTc4VbVj6sDkKVjXhawrAj8jciTp6MfBTL2PJoJjr4AAWH6ZtHq,follow wallet,-0.6507079136442411
F5TjPySiUJMdvqMZHnPP85Rc1vErDGV5FR5P2vdVm429,F5TjPy,CGbL1fWY7LvDMbvrPEkBkdoC8TFWnxHqRPtyQPzrK6r7,oGvGngBNaNZeVS8jCb6Y4KaVSaP6JTGcz1jwUTc4VbVj6sDkKVjXhawrAj8jciTp6MfBTL2PJoJjr4AAWH6ZtHq,hold 1 slots,-0.05618925463184023
F5TjPySiUJMdvqMZHnPP85Rc1vErDGV5FR5P2vdVm429,F5TjPy,CGbL1fWY7LvDMbvrPEkBkdoC8TFWnxHqRPtyQPzrK6r7,oGvGngBNaNZeVS8jCb6Y4KaVSaP6JTGcz1jwUTc4VbVj6sDkKVjXhawrAj8jciTp6MfBTL2PJoJjr4AAWH6ZtHq,hold 3 slots,-0.05618925463184023
F5TjPySiUJMdvqMZHnPP85Rc1vErDGV5FR5P2vdVm429,F5TjPy,CGbL1fWY7LvDMbvrPEkBkdoC8TFWnxHqRPtyQPzrK6r7,oGvGngBNaNZeVS8jCb6Y4KaVSaP6JTGcz1jwUTc4VbVj6sDkKVjXhawrAj8jciTp6MfBTL2PJoJjr4AAWH6ZtHq,hold 5 slots,-0.07817026492775822
F5TjPySiUJMdvqMZHnPP85Rc1vErDGV5FR5P2vdVm429,F5TjPy,CGbL1fWY7LvDMbvrPEkBkdoC8TFWnxHqRPtyQPzrK6r7,oGvGngBNaNZeVS8jCb6Y4KaVSaP6JTGcz1jwUTc4VbVj6sDkKVjXhawrAj8jciTp6MfBTL2PJoJjr4AAWH6ZtHq,hold 12 slots,-0.20458627366804874
F5TjPySiUJMdvqMZHnPP85Rc1vErDGV5FR5P2vdVm429,F5TjPy,CGbL1fWY7LvDMbvrPEkBkdoC8TFWnxHqRPtyQPzrK6r7,oGvGngBNaNZeVS8jCb6Y4KaVSaP6JTGcz1jwUTc4VbVj6sDkKVjXhawrAj8jciTp6MfBTL2PJoJjr4AAWH6ZtHq,hold 25 slots,-0.20458627366804874
F5TjPySiUJMdvqMZHnPP85Rc1vErDGV5FR5P2vdVm429,F5TjPy,CGbL1fWY7LvDMbvrPEkBkdoC8TFWnxHqRPtyQPzrK6r7,oGvGngBNaNZeVS8jCb6Y4KaVSaP6JTGcz1jwUTc4VbVj6sDkKVjXhawrAj8jciTp6MfBTL2PJoJjr4AAWH6ZtHq,hold 50 slots,-0.20458627366804874
F5TjPySiUJMdvqMZHnPP85Rc1vErDGV5FR5P2vdVm429,F5TjPy,CGbL1fWY7LvDMbvrPEkBkdoC8TFWnxHqRPtyQPzrK6r7,oGvGngBNaNZeVS8jCb6Y4KaVSaP6JTGcz1jwUTc4VbVj6sDkKVjXhawrAj8jciTp6MfBTL2PJoJjr4AAWH6ZtHq,hold 75 slots,-0.20956438757797183
F5TjPySiUJMdvqMZHnPP85Rc1vErDGV5FR5P2vdVm429,F5TjPy,CGbL1fWY7LvDMbvrPEkBkdoC8TFWnxHqRPtyQPzrK6r7,oGvGngBNaNZeVS8jCb6Y4KaVSaP6JTGcz1jwUTc4VbVj6sDkKVjXhawrAj8jciTp6MfBTL2PJoJjr4AAWH6ZtHq,hold 150 slots,-0.12016544034496521
F5TjPySiUJMdvqMZHnPP85Rc1vErDGV5FR5P2vdVm429,F5TjPy,CGbL1fWY7LvDMbvrPEkBkdoC8TFWnxHqRPtyQPzrK6r7,oGvGngBNaNZeVS8jCb6Y4KaVSaP6JTGcz1jwUTc4VbVj6sDkKVjXhawrAj8jciTp6MfBTL2PJoJjr4AAWH6ZtHq,TP 10% / SL 10%,-0.20458627366804874
F5TjPySiUJMdvqMZHnPP85Rc1vErDGV5FR5P2vdVm429,F5TjPy,CGbL1fWY7LvDMbvrPEkBkdoC8TFWnxHqRPtyQPzrK6r7,oGvGngBNaNZeVS8jCb6Y4KaVSaP6JTGcz1jwUTc4VbVj6sDkKVjXhawrAj8jciTp6MfBTL2PJoJjr4AAWH6ZtHq,TP 20% / SL 10%,-0.20458627366804874
F5TjPySiUJMdvqMZHnPP85Rc1vErDGV5FR5P2vdVm429,F5TjPy,CGbL1fWY7LvDMbvrPEkBkdoC8TFWnxHqRPtyQPzrK6r7,oGvGngBNaNZeVS8jCb6Y4KaVSaP6JTGcz1jwUTc4VbVj6sDkKVjXhawrAj8jciTp6MfBTL2PJoJjr4AAWH6ZtHq,TP 30% / SL 15%,-0.20458627366804874
F5TjPySiUJMdvqMZHnPP85Rc1vErDGV5FR5P2vdVm429,F5TjPy,CGbL1fWY7LvDMbvrPEkBkdoC8TFWnxHqRPtyQPzrK6r7,oGvGngBNaNZeVS8jCb6Y4KaVSaP6JTGcz1jwUTc4VbVj6sDkKVjXhawrAj8jciTp6MfBTL2PJoJjr4AAWH6ZtHq,TP 50% / SL 25%,-0.25506497850473997
F5TjPySiUJMdvqMZHnPP85Rc1vErDGV5FR5P2vdVm429,F5TjPy,CGbL1fWY7LvDMbvrPEkBkdoC8TFWnxHqRPtyQPzrK6r7,oGvGngBNaNZeVS8jCb6Y4KaVSaP6JTGcz1jwUTc4VbVj6sDkKVjXhawrAj8jciTp6MfBTL2PJoJjr4AAWH6ZtHq,TP 100% / SL 30%,-0.12016544034496521
F5TjPySiUJMdvqMZHnPP85Rc1vErDGV5FR5P2vdVm429,F5TjPy,9eT95ERvmncew3XGW9XevnRJSPC4TpsUC6KUxoHFAayU,5Q7AnR8yhgh3bBRoimghUQ3BLQpi3jXYBgUmYWSsnFLg4P5U11QdBGWzgmTFb8dHCXHGXtucHNiXxmVP2x68SuTc,follow wallet,-0.498170056213237
F5TjPySiUJMdvqMZHnPP85Rc1vErDGV5FR5P2vdVm429,F5TjPy,9eT95ERvmncew3XGW9XevnRJSPC4TpsUC6KUxoHFAayU,5Q7AnR8yhgh3bBRoimghUQ3BLQpi3jXYBgUmYWSsnFLg4P5U11QdBGWzgmTFb8dHCXHGXtucHNiXxmVP2x68SuTc,hold 1 slots,-0.0576940221755805
F5TjPySiUJMdvqMZHnPP85Rc1vErDGV5FR5P2vdVm429,F5TjPy,9eT95ERvmncew3XGW9XevnRJSPC4TpsUC6KUxoHFAayU,5Q7AnR8yhgh3bBRoimghUQ3BLQpi3jXYBgUmYWSsnFLg4P5U11QdBGWzgmTFb8dHCXHGXtucHNiXxmVP2x68SuTc,hold 3 slots,-0.0576940221755805
F5TjPySiUJMdvqMZHnPP85Rc1vErDGV5FR5P2vdVm429,F5TjPy,9eT95ERvmncew3XGW9XevnRJSPC4TpsUC6KUxoHFAayU,5Q7AnR8yhgh3bBRoimghUQ3BLQpi3jXYBgUmYWSsnFLg4P5U11QdBGWzgmTFb8dHCXHGXtucHNiXxmVP2x68SuTc,hold 5 slots,-0.0576940221755805
F5TjPySiUJMdvqMZHnPP85Rc1vErDGV5FR5P2vdVm429,F5TjPy,9eT95ERvmncew3XGW9XevnRJSPC4TpsUC6KUxoHFAayU,5Q7AnR8yhgh3bBRoimghUQ3BLQpi3jXYBgUmYWSsnFLg4P5U11QdBGWzgmTFb8dHCXHGXtucHNiXxmVP2x68SuTc,hold 12 slots,-0.0576940221755805
F5TjPySiUJMdvqMZHnPP85Rc1vErDGV5FR5P2vdVm429,F5TjPy,9eT95ERvmncew3XGW9XevnRJSPC4TpsUC6KUxoHFAayU,5Q7AnR8yhgh3bBRoimghUQ3BLQpi3jXYBgUmYWSsnFLg4P5U11QdBGWzgmTFb8dHCXHGXtucHNiXxmVP2x68SuTc,hold 25 slots,-0.0576940221755805
F5TjPySiUJMdvqMZHnPP85Rc1vErDGV5FR5P2vdVm429,F5TjPy,9eT95ERvmncew3XGW9XevnRJSPC4TpsUC6KUxoHFAayU,5Q7AnR8yhgh3bBRoimghUQ3BLQpi3jXYBgUmYWSsnFLg4P5U11QdBGWzgmTFb8dHCXHGXtucHNiXxmVP2x68SuTc,hold 50 slots,-0.0576940221755805
F5TjPySiUJMdvqMZHnPP85Rc1vErDGV5FR5P2vdVm429,F5TjPy,9eT95ERvmncew3XGW9XevnRJSPC4TpsUC6KUxoHFAayU,5Q7AnR8yhgh3bBRoimghUQ3BLQpi3jXYBgUmYWSsnFLg4P5U11QdBGWzgmTFb8dHCXHGXtucHNiXxmVP2x68SuTc,hold 75 slots,-0.11390627774101866
F5TjPySiUJMdvqMZHnPP85Rc1vErDGV5FR5P2vdVm429,F5TjPy,9eT95ERvmncew3XGW9XevnRJSPC4TpsUC6KUxoHFAayU,5Q7AnR8yhgh3bBRoimghUQ3BLQpi3jXYBgUmYWSsnFLg4P5U11QdBGWzgmTFb8dHCXHGXtucHNiXxmVP2x68SuTc,hold 150 slots,-0.11390627774101866
F5TjPySiUJMdvqMZHnPP85Rc1vErDGV5FR5P2vdVm429,F5TjPy,9eT95ERvmncew3XGW9XevnRJSPC4TpsUC6KUxoHFAayU,5Q7AnR8yhgh3bBRoimghUQ3BLQpi3jXYBgUmYWSsnFLg4P5U11QdBGWzgmTFb8dHCXHGXtucHNiXxmVP2x68SuTc,TP 10% / SL 10%,-0.11390627774101866
F5TjPySiUJMdvqMZHnPP85Rc1vErDGV5FR5P2vdVm429,F5TjPy,9eT95ERvmncew3XGW9XevnRJSPC4TpsUC6KUxoHFAayU,5Q7AnR8yhgh3bBRoimghUQ3BLQpi3jXYBgUmYWSsnFLg4P5U11QdBGWzgmTFb8dHCXHGXtucHNiXxmVP2x68SuTc,TP 20% / SL 10%,-0.11390627774101866
F5TjPySiUJMdvqMZHnPP85Rc1vErDGV5FR5P2vdVm429,F5TjPy,9eT95ERvmncew3XGW9XevnRJSPC4TpsUC6KUxoHFAayU,5Q7AnR8yhgh3bBRoimghUQ3BLQpi3jXYBgUmYWSsnFLg4P5U11QdBGWzgmTFb8dHCXHGXtucHNiXxmVP2x68SuTc,TP 30% / SL 15%,-0.11390627774101866
F5TjPySiUJMdvqMZHnPP85Rc1vErDGV5FR5P2vdVm429,F5TjPy,9eT95ERvmncew3XGW9XevnRJSPC4TpsUC6KUxoHFAayU,5Q7AnR8yhgh3bBRoimghUQ3BLQpi3jXYBgUmYWSsnFLg4P5U11QdBGWzgmTFb8dHCXHGXtucHNiXxmVP2x68SuTc,TP 50% / SL 25%,-0.11390627774101866
F5TjPySiUJMdvqMZHnPP85Rc1vErDGV5FR5P2vdVm429,F5TjPy,9eT95ERvmncew3XGW9XevnRJSPC4TpsUC6KUxoHFAayU,5Q7AnR8yhgh3bBRoimghUQ3BLQpi3jXYBgUmYWSsnFLg4P5U11QdBGWzgmTFb8dHCXHGXtucHNiXxmVP2x68SuTc,TP 100% / SL 30%,-0.11390627774101866
4DdrfiDHpmx55i4SPssxVzS9ZaKLb8qr45NKY9Er9nNh,4Ddrfi,TpkWb2G9CTEZSv9MyagR5JeDpEeWUaCC3kJwMGpkh1L,3PeYSbFENX9XS36vgjNzhKQaLRkgRk6tiSx92Jd7ccmgwr9FxJ25hdvy2qsam4D41EEn6tjrYEMS6cWFyDV41GKc,follow wallet,-0.05119663548501408
4DdrfiDHpmx55i4SPssxVzS9ZaKLb8qr45NKY9Er9nNh,4Ddrfi,TpkWb2G9CTEZSv9MyagR5JeDpEeWUaCC3kJwMGpkh1L,3PeYSbFENX9XS36vgjNzhKQaLRkgRk6tiSx92Jd7ccmgwr9FxJ25hdvy2qsam4D41EEn6tjrYEMS6cWFyDV41GKc,hold 1 slots,0.012320622512815474
4DdrfiDHpmx55i4SPssxVzS9ZaKLb8qr45NKY9Er9nNh,4Ddrfi,TpkWb2G9CTEZSv9MyagR5JeDpEeWUaCC3kJwMGpkh1L,3PeYSbFENX9XS36vgjNzhKQaLRkgRk6tiSx92Jd7ccmgwr9FxJ25hdvy2qsam4D41EEn6tjrYEMS6cWFyDV41GKc,hold 3 slots,0.01236980483444643
4DdrfiDHpmx55i4SPssxVzS9ZaKLb8qr45NKY9Er9nNh,4Ddrfi,TpkWb2G9CTEZSv9MyagR5JeDpEeWUaCC3kJwMGpkh1L,3PeYSbFENX9XS36vgjNzhKQaLRkgRk6tiSx92Jd7ccmgwr9FxJ25hdvy2qsam4D41EEn6tjrYEMS6cWFyDV41GKc,hold 5 slots,0.0300046375267657
4DdrfiDHpmx55i4SPssxVzS9ZaKLb8qr45NKY9Er9nNh,4Ddrfi,TpkWb2G9CTEZSv9MyagR5JeDpEeWUaCC3kJwMGpkh1L,3PeYSbFENX9XS36vgjNzhKQaLRkgRk6tiSx92Jd7ccmgwr9FxJ25hdvy2qsam4D41EEn6tjrYEMS6cWFyDV41GKc,hold 12 slots,0.04767348998891056
4DdrfiDHpmx55i4SPssxVzS9ZaKLb8qr45NKY9Er9nNh,4Ddrfi,TpkWb2G9CTEZSv9MyagR5JeDpEeWUaCC3kJwMGpkh1L,3PeYSbFENX9XS36vgjNzhKQaLRkgRk6tiSx92Jd7ccmgwr9FxJ25hdvy2qsam4D41EEn6tjrYEMS6cWFyDV41GKc,hold 25 slots,0.0476706050430603
4DdrfiDHpmx55i4SPssxVzS9ZaKLb8qr45NKY9Er9nNh,4Ddrfi,TpkWb2G9CTEZSv9MyagR5JeDpEeWUaCC3kJwMGpkh1L,3PeYSbFENX9XS36vgjNzhKQaLRkgRk6tiSx92Jd7ccmgwr9FxJ25hdvy2qsam4D41EEn6tjrYEMS6cWFyDV41GKc,hold 50 slots,0.02116854137054932
4DdrfiDHpmx55i4SPssxVzS9ZaKLb8qr45NKY9Er9nNh,4Ddrfi,TpkWb2G9CTEZSv9MyagR5JeDpEeWUaCC3kJwMGpkh1L,3PeYSbFENX9XS36vgjNzhKQaLRkgRk6tiSx92Jd7ccmgwr9FxJ25hdvy2qsam4D41EEn6tjrYEMS6cWFyDV41GKc,hold 75 slots,0.022155809304790615
4DdrfiDHpmx55i4SPssxVzS9ZaKLb8qr45NKY9Er9nNh,4Ddrfi,TpkWb2G9CTEZSv9MyagR5JeDpEeWUaCC3kJwMGpkh1L,3PeYSbFENX9XS36vgjNzhKQaLRkgRk6tiSx92Jd7ccmgwr9FxJ25hdvy2qsam4D41EEn6tjrYEMS6cWFyDV41GKc,hold 150 slots,0.11390299859079217
4DdrfiDHpmx55i4SPssxVzS9ZaKLb8qr45NKY9Er9nNh,4Ddrfi,TpkWb2G9CTEZSv9MyagR5JeDpEeWUaCC3kJwMGpkh1L,3PeYSbFENX9XS36vgjNzhKQaLRkgRk6tiSx92Jd7ccmgwr9FxJ25hdvy2qsam4D41EEn6tjrYEMS6cWFyDV41GKc,TP 10% / SL 10%,0.11390299859079217
4DdrfiDHpmx55i4SPssxVzS9ZaKLb8qr45NKY9Er9nNh,4Ddrfi,TpkWb2G9CTEZSv9MyagR5JeDpEeWUaCC3kJwMGpkh1L,3PeYSbFENX9XS36vgjNzhKQaLRkgRk6tiSx92Jd7ccmgwr9FxJ25hdvy2qsam4D41EEn6tjrYEMS6cWFyDV41GKc,TP 20% / SL 10%,0.11390299859079217
4DdrfiDHpmx55i4SPssxVzS9ZaKLb8qr45NKY9Er9nNh,4Ddrfi,TpkWb2G9CTEZSv9MyagR5JeDpEeWUaCC3kJwMGpkh1L,3PeYSbFENX9XS36vgjNzhKQaLRkgRk6tiSx92Jd7ccmgwr9FxJ25hdvy2qsam4D41EEn6tjrYEMS6cWFyDV41GKc,TP 30% / SL 15%,0.11390299859079217
4DdrfiDHpmx55i4SPssxVzS9ZaKLb8qr45NKY9Er9nNh,4Ddrfi,TpkWb2G9CTEZSv9MyagR5JeDpEeWUaCC3kJwMGpkh1L,3PeYSbFENX9XS36vgjNzhKQaLRkgRk6tiSx92Jd7ccmgwr9FxJ25hdvy2qsam4D41EEn6tjrYEMS6cWFyDV41GKc,TP 50% / SL 25%,0.11390299859079217
4DdrfiDHpmx55i4SPssxVzS9ZaKLb8qr45NKY9Er9nNh,4Ddrfi,TpkWb2G9CTEZSv9MyagR5JeDpEeWUaCC3kJwMGpkh1L,3PeYSbFENX9XS36vgjNzhKQaLRkgRk6tiSx92Jd7ccmgwr9FxJ25hdvy2qsam4D41EEn6tjrYEMS6cWFyDV41GKc,TP 100% / SL 30%,0.11390299859079217
4DdrfiDHpmx55i4SPssxVzS9ZaKLb8qr45NKY9Er9nNh,4Ddrfi,27PpF6Mq7x95uPc87gEpAvATCjkcDNKP6iWH94VNpump,58u5Squ5WMhjjvdwbwMvg1u1bqbB6apTjEEsWs13qp7QGYaaFn8VmcSY83kHQ1fLKBqerzjvUFRT4ErWfeXPCX4J,follow wallet,-0.19534416326213683
4DdrfiDHpmx55i4SPssxVzS9ZaKLb8qr45NKY9Er9nNh,4Ddrfi,27PpF6Mq7x95uPc87gEpAvATCjkcDNKP6iWH94VNpump,58u5Squ5WMhjjvdwbwMvg1u1bqbB6apTjEEsWs13qp7QGYaaFn8VmcSY83kHQ1fLKBqerzjvUFRT4ErWfeXPCX4J,hold 1 slots,-0.05820439526665044
4DdrfiDHpmx55i4SPssxVzS9ZaKLb8qr45NKY9Er9nNh,4Ddrfi,27PpF6Mq7x95uPc87gEpAvATCjkcDNKP6iWH94VNpump,58u5Squ5WMhjjvdwbwMvg1u1bqbB6apTjEEsWs13qp7QGYaaFn8VmcSY83kHQ1fLKBqerzjvUFRT4ErWfeXPCX4J,hold 3 slots,-0.05820439526665044
4DdrfiDHpmx55i4SPssxVzS9ZaKLb8qr45NKY9Er9nNh,4Ddrfi,27PpF6Mq7x95uPc87gEpAvATCjkcDNKP6iWH94VNpump,58u5Squ5WMhjjvdwbwMvg1u1bqbB6apTjEEsWs13qp7QGYaaFn8VmcSY83kHQ1fLKBqerzjvUFRT4ErWfeXPCX4J,hold 5 slots,-0.05820439526665044
4DdrfiDHpmx55i4SPssxVzS9ZaKLb8qr45NKY9Er9nNh,4Ddrfi,27PpF6Mq7x95uPc87gEpAvATCjkcDNKP6iWH94VNpump,58u5Squ5WMhjjvdwbwMvg1u1bqbB6apTjEEsWs13qp7QGYaaFn8VmcSY83kHQ1fLKBqerzjvUFRT4ErWfeXPCX4J,hold 12 slots,-0.0551691651365509
4DdrfiDHpmx55i4SPssxVzS9ZaKLb8qr45NKY9Er9nNh,4Ddrfi,27PpF6Mq7x95uPc87gEpAvATCjkcDNKP6iWH94VNpump,58u5Squ5WMhjjvdwbwMvg1u1bqbB6apTjEEsWs13qp7QGYaaFn8VmcSY83kHQ1fLKBqerzjvUFRT4ErWfeXPCX4J,hold 25 slots,-0.0551691651365509
4DdrfiDHpmx55i4SPssxVzS9ZaKLb8qr45NKY9Er9nNh,4Ddrfi,27PpF6Mq7x95uPc87gEpAvATCjkcDNKP6iWH94VNpump,58u5Squ5WMhjjvdwbwMvg1u1bqbB6apTjEEsWs13qp7QGYaaFn8VmcSY83kHQ1fLKBqerzjvUFRT4ErWfeXPCX4J,hold 50 slots,-0.07466429735519897
4DdrfiDHpmx55i4SPssxVzS9ZaKLb8qr45NKY9Er9nNh,4Ddrfi,27PpF6Mq7x95uPc87gEpAvATCjkcDNKP6iWH94VNpump,58u5Squ5WMhjjvdwbwMvg1u1bqbB6apTjEEsWs13qp7QGYaaFn8VmcSY83kHQ1fLKBqerzjvUFRT4ErWfeXPCX4J,hold 75 slots,-0.07466429735519897
4DdrfiDHpmx55i4SPssxVzS9ZaKLb8qr45NKY9Er9nNh,4Ddrfi,27PpF6Mq7x95uPc87gEpAvATCjkcDNKP6iWH94VNpump,58u5Squ5WMhjjvdwbwMvg1u1bqbB6apTjEEsWs13qp7QGYaaFn8VmcSY83kHQ1fLKBqerzjvUFRT4ErWfeXPCX4J,hold 150 slots,-0.1975237282771784
4DdrfiDHpmx55i4SPssxVzS9ZaKLb8qr45NKY9Er9nNh,4Ddrfi,27PpF6Mq7x95uPc87gEpAvATCjkcDNKP6iWH94VNpump,58u5Squ5WMhjjvdwbwMvg1u1bqbB6apTjEEsWs13qp7QGYaaFn8VmcSY83kHQ1fLKBqerzjvUFRT4ErWfeXPCX4J,TP 10% / SL 10%,-0.1975237282771784
4DdrfiDHpmx55i4SPssxVzS9ZaKLb8qr45NKY9Er9nNh,4Ddrfi,27PpF6Mq7x95uPc87gEpAvATCjkcDNKP6iWH94VNpump,58u5Squ5WMhjjvdwbwMvg1u1bqbB6apTjEEsWs13qp7QGYaaFn8VmcSY83kHQ1fLKBqerzjvUFRT4ErWfeXPCX4J,TP 20% / SL 10%,-0.1975237282771784
4DdrfiDHpmx55i4SPssxVzS9ZaKLb8qr45NKY9Er9nNh,4Ddrfi,27PpF6Mq7x95uPc87gEpAvATCjkcDNKP6iWH94VNpump,58u5Squ5WMhjjvdwbwMvg1u1bqbB6apTjEEsWs13qp7QGYaaFn8VmcSY83kHQ1fLKBqerzjvUFRT4ErWfeXPCX4J,TP 30% / SL 15%,-0.1975237282771784
4DdrfiDHpmx55i4SPssxVzS9ZaKLb8qr45NKY9Er9nNh,4Ddrfi,27PpF6Mq7x95uPc87gEpAvATCjkcDNKP6iWH94VNpump,58u5Squ5WMhjjvdwbwMvg1u1bqbB6apTjEEsWs13qp7QGYaaFn8VmcSY83kHQ1fLKBqerzjvUFRT4ErWfeXPCX4J,TP 50% / SL 25%,-0.1975237282771784
4DdrfiDHpmx55i4SPssxVzS9ZaKLb8qr45NKY9Er9nNh,4Ddrfi,27PpF6Mq7x95uPc87gEpAvATCjkcDNKP6iWH94VNpump,58u5Squ5WMhjjvdwbwMvg1u1bqbB6apTjEEsWs13qp7QGYaaFn8VmcSY83kHQ1fLKBqerzjvUFRT4ErWfeXPCX4J,TP 100% / SL 30%,-0.1975237282771784
4DdrfiDHpmx55i4SPssxVzS9ZaKLb8qr45NKY9Er9nNh,4Ddrfi,CRTgkoWAoLAnW5z8wdiQ369dNHnVT1MdVXtq7bsXpump,XbFkXECqU4okG2g8NRAjnYnnaKdP9fGHyTvi6dg4MHPrN4ovqZAXLuCogrAhhwBxaUFQiBkk4DtR8hKy8WyL2aC,follow wallet,-0.21423001451087226
4DdrfiDHpmx55i4SPssxVzS9ZaKLb8qr45NKY9Er9nNh,4Ddrfi,CRTgkoWAoLAnW5z8wdiQ369dNHnVT1MdVXtq7bsXpump,XbFkXECqU4okG2g8NRAjnYnnaKdP9fGHyTvi6dg4MHPrN4ovqZAXLuCogrAhhwBxaUFQiBkk4DtR8hKy8WyL2aC,hold 1 slots,-0.05689115888747013
4DdrfiDHpmx55i4SPssxVzS9ZaKLb8qr45NKY9Er9nNh,4Ddrfi,CRTgkoWAoLAnW5z8wdiQ369dNHnVT1MdVXtq7bsXpump,XbFkXECqU4okG2g8NRAjnYnnaKdP9fGHyTvi6dg4MHPrN4ovqZAXLuCogrAhhwBxaUFQiBkk4DtR8hKy8WyL2aC,hold 3 slots,-0.055268811273038385
4DdrfiDHpmx55i4SPssxVzS9ZaKLb8qr45NKY9Er9nNh,4Ddrfi,CRTgkoWAoLAnW5z8wdiQ369dNHnVT1MdVXtq7bsXpump,XbFkXECqU4okG2g8NRAjnYnnaKdP9fGHyTvi6dg4MHPrN4ovqZAXLuCogrAhhwBxaUFQiBkk4DtR8hKy8WyL2aC,hold 5 slots,-0.055268811273038385
4DdrfiDHpmx55i4SPssxVzS9ZaKLb8qr45NKY9Er9nNh,4Ddrfi,CRTgkoWAoLAnW5z8wdiQ369dNHnVT1MdVXtq7bsXpump,XbFkXECqU4okG2g8NRAjnYnnaKdP9fGHyTvi6dg4MHPrN4ovqZAXLuCogrAhhwBxaUFQiBkk4DtR8hKy8WyL2aC,hold 12 slots,-0.0517879747919178
4DdrfiDHpmx55i4SPssxVzS9ZaKLb8qr45NKY9Er9nNh,4Ddrfi,CRTgkoWAoLAnW5z8wdiQ369dNHnVT1MdVXtq7bsXpump,XbFkXECqU4okG2g8NRAjnYnnaKdP9fGHyTvi6dg4MHPrN4ovqZAXLuCogrAhhwBxaUFQiBkk4DtR8hKy8WyL2aC,hold 25 slots,-0.0517879747919178
4DdrfiDHpmx55i4SPssxVzS9ZaKLb8qr45NKY9Er9nNh,4Ddrfi,CRTgkoWAoLAnW5z8wdiQ369dNHnVT1MdVXtq7bsXpump,XbFkXECqU4okG2g8NRAjnYnnaKdP9fGHyTvi6dg4MHPrN4ovqZAXLuCogrAhhwBxaUFQiBkk4DtR8hKy8WyL2aC,hold 50 slots,-0.06927200035222603
4DdrfiDHpmx55i4SPssxVzS9ZaKLb8qr45NKY9Er9nNh,4Ddrfi,CRTgkoWAoLAnW5z8wdiQ369dNHnVT1MdVXtq7bsXpump,XbFkXECqU4okG2g8NRAjnYnnaKdP9fGHyTvi6dg4MHPrN4ovqZAXLuCogrAhhwBxaUFQiBkk4DtR8hKy8WyL2aC,hold 75 slots,-0.11036374842595709
4DdrfiDHpmx55i4SPssxVzS9ZaKLb8qr45NKY9Er9nNh,4Ddrfi,CRTgkoWAoLAnW5z8wdiQ369dNHnVT1MdVXtq7bsXpump,XbFkXECqU4okG2g8NRAjnYnnaKdP9fGHyTvi6dg4MHPrN4ovqZAXLuCogrAhhwBxaUFQiBkk4DtR8hKy8WyL2aC,hold 150 slots,-0.15529677706296385
4DdrfiDHpmx55i4SPssxVzS9ZaKLb8qr45NKY9Er9nNh,4Ddrfi,CRTgkoWAoLAnW5z8wdiQ369dNHnVT1MdVXtq7bsXpump,XbFkXECqU4okG2g8NRAjnYnnaKdP9fGHyTvi6dg4MHPrN4ovqZAXLuCogrAhhwBxaUFQiBkk4DtR8hKy8WyL2aC,TP 10% / SL 10%,-0.11036374842595709
4DdrfiDHpmx55i4SPssxVzS9ZaKLb8qr45NKY9Er9nNh,4Ddrfi,CRTgkoWAoLAnW5z8wdiQ369dNHnVT1MdVXtq7bsXpump,XbFkXECqU4okG2g8NRAjnYnnaKdP9fGHyTvi6dg4MHPrN4ovqZAXLuCogrAhhwBxaUFQiBkk4DtR8hKy8WyL2aC,TP 20% / SL 10%,-0.11036374842595709
4DdrfiDHpmx55i4SPssxVzS9ZaKLb8qr45NKY9Er9nNh,4Ddrfi,CRTgkoWAoLAnW5z8wdiQ369dNHnVT1MdVXtq7bsXpump,XbFkXECqU4okG2g8NRAjnYnnaKdP9fGHyTvi6dg4MHPrN4ovqZAXLuCogrAhhwBxaUFQiBkk4DtR8hKy8WyL2aC,TP 30% / SL 15%,-0.15529677706296385
4DdrfiDHpmx55i4SPssxVzS9ZaKLb8qr45NKY9Er9nNh,4Ddrfi,CRTgkoWAoLAnW5z8wdiQ369dNHnVT1MdVXtq7bsXpump,XbFkXECqU4okG2g8NRAjnYnnaKdP9fGHyTvi6dg4MHPrN4ovqZAXLuCogrAhhwBxaUFQiBkk4DtR8hKy8WyL2aC,TP 50% / SL 25%,-0.15529677706296385
4DdrfiDHpmx55i4SPssxVzS9ZaKLb8qr45NKY9Er9nNh,4Ddrfi,CRTgkoWAoLAnW5z8wdiQ369dNHnVT1MdVXtq7bsXpump,XbFkXECqU4okG2g8NRAjnYnnaKdP9fGHyTvi6dg4MHPrN4ovqZAXLuCogrAhhwBxaUFQiBkk4DtR8hKy8WyL2aC,TP 100% / SL 30%,-0.15529677706296385
4DdrfiDHpmx55i4SPssxVzS9ZaKLb8qr45NKY9Er9nNh,4Ddrfi,rQniLtcrBLgAhBEqvkPkRHRK9HisVnhWsPNrcHscCxr,5phY9GNfN8Ec4F6agXpCdj7LMntd8mJNx2cF8bsGTT96gcaSjNqkjyCAuPjK29RYfU6AeCUVYtd6uYN5xW8rnts,follow wallet,0.169506535929605
4DdrfiDHpmx55i4SPssxVzS9ZaKLb8qr45NKY9Er9nNh,4Ddrfi,rQniLtcrBLgAhBEqvkPkRHRK9HisVnhWsPNrcHscCxr,5phY9GNfN8Ec4F6agXpCdj7LMntd8mJNx2cF8bsGTT96gcaSjNqkjyCAuPjK29RYfU6AeCUVYtd6uYN5xW8rnts,hold 1 slots,-0.05781335121313536
4DdrfiDHpmx55i4SPssxVzS9ZaKLb8qr45NKY9Er9nNh,4Ddrfi,rQniLtcrBLgAhBEqvkPkRHRK9HisVnhWsPNrcHscCxr,5phY9GNfN8Ec4F6agXpCdj7LMntd8mJNx2cF8bsGTT96gcaSjNqkjyCAuPjK29RYfU6AeCUVYtd6uYN5xW8rnts,hold 3 slots,-0.05852493629666197
4DdrfiDHpmx55i4SPssxVzS9ZaKLb8qr45NKY9Er9nNh,4Ddrfi,rQniLtcrBLgAhBEqvkPkRHRK9HisVnhWsPNrcHscCxr,5phY9GNfN8Ec4F6agXpCdj7LMntd8mJNx2cF8bsGTT96gcaSjNqkjyCAuPjK29RYfU6AeCUVYtd6uYN5xW8rnts,hold 5 slots,-0.07277756416460573
4DdrfiDHpmx55i4SPssxVzS9ZaKLb8qr45NKY9Er9nNh,4Ddrfi,rQniLtcrBLgAhBEqvkPkRHRK9HisVnhWsPNrcHscCxr,5phY9GNfN8Ec4F6agXpCdj7LMntd8mJNx2cF8bsGTT96gcaSjNqkjyCAuPjK29RYfU6AeCUVYtd6uYN5xW8rnts,hold 12 slots,-0.06772892594112181
4DdrfiDHpmx55i4SPssxVzS9ZaKLb8qr45NKY9Er9nNh,4Ddrfi,rQniLtcrBLgAhBEqvkPkRHRK9HisVnhWsPNrcHscCxr,5phY9GNfN8Ec4F6agXpCdj7LMntd8mJNx2cF8bsGTT96gcaSjNqkjyCAuPjK29RYfU6AeCUVYtd6uYN5xW8rnts,hold 25 slots,-0.2096300602986219
4DdrfiDHpmx55i4SPssxVzS9ZaKLb8qr45NKY9Er9nNh,4Ddrfi,rQniLtcrBLgAhBEqvkPkRHRK9HisVnhWsPNrcHscCxr,5phY9GNfN8Ec4F6agXpCdj7LMntd8mJNx2cF8bsGTT96gcaSjNqkjyCAuPjK29RYfU6AeCUVYtd6uYN5xW8rnts,hold 50 slots,-0.18428194954996097
4DdrfiDHpmx55i4SPssxVzS9ZaKLb8qr45NKY9Er9nNh,4Ddrfi,rQniLtcrBLgAhBEqvkPkRHRK9HisVnhWsPNrcHscCxr,5phY9GNfN8Ec4F6agXpCdj7LMntd8mJNx2cF8bsGTT96gcaSjNqkjyCAuPjK29RYfU6AeCUVYtd6uYN5xW8rnts,hold 75 slots,-0.17920448867570615
4DdrfiDHpmx55i4SPssxVzS9ZaKLb8qr45NKY9Er9nNh,4Ddrfi,rQniLtcrBLgAhBEqvkPkRHRK9HisVnhWsPNrcHscCxr,5phY9GNfN8Ec4F6agXpCdj7LMntd8mJNx2cF8bsGTT96gcaSjNqkjyCAuPjK29RYfU6AeCUVYtd6uYN5xW8rnts,hold 150 slots,0.17181378212901113
4DdrfiDHpmx55i4SPssxVzS9ZaKLb8qr45NKY9Er9nNh,4Ddrfi,rQniLtcrBLgAhBEqvkPkRHRK9HisVnhWsPNrcHscCxr,5phY9GNfN8Ec4F6agXpCdj7LMntd8mJNx2cF8bsGTT96gcaSjNqkjyCAuPjK29RYfU6AeCUVYtd6uYN5xW8rnts,TP 10% / SL 10%,-0.2096300602986219
4DdrfiDHpmx55i4SPssxVzS9ZaKLb8qr45NKY9Er9nNh,4Ddrfi,rQniLtcrBLgAhBEqvkPkRHRK9HisVnhWsPNrcHscCxr,5phY9GNfN8Ec4F6agXpCdj7LMntd8mJNx2cF8bsGTT96gcaSjNqkjyCAuPjK29RYfU6AeCUVYtd6uYN5xW8rnts,TP 20% / SL 10%,-0.2096300602986219
4DdrfiDHpmx55i4SPssxVzS9ZaKLb8qr45NKY9Er9nNh,4Ddrfi,rQniLtcrBLgAhBEqvkPkRHRK9HisVnhWsPNrcHscCxr,5phY9GNfN8Ec4F6agXpCdj7LMntd8mJNx2cF8bsGTT96gcaSjNqkjyCAuPjK29RYfU6AeCUVYtd6uYN5xW8rnts,TP 30% / SL 15%,-0.2096300602986219
4DdrfiDHpmx55i4SPssxVzS9ZaKLb8qr45NKY9Er9nNh,4Ddrfi,rQniLtcrBLgAhBEqvkPkRHRK9HisVnhWsPNrcHscCxr,5phY9GNfN8Ec4F6agXpCdj7LMntd8mJNx2cF8bsGTT96gcaSjNqkjyCAuPjK29RYfU6AeCUVYtd6uYN5xW8rnts,TP 50% / SL 25%,0.17181378212901113
4DdrfiDHpmx55i4SPssxVzS9ZaKLb8qr45NKY9Er9nNh,4Ddrfi,rQniLtcrBLgAhBEqvkPkRHRK9HisVnhWsPNrcHscCxr,5phY9GNfN8Ec4F6agXpCdj7LMntd8mJNx2cF8bsGTT96gcaSjNqkjyCAuPjK29RYfU6AeCUVYtd6uYN5xW8rnts,TP 100% / SL 30%,0.17181378212901113
4DdrfiDHpmx55i4SPssxVzS9ZaKLb8qr45NKY9Er9nNh,4Ddrfi,9CJ55UgQJCFBs24LVgHZkiEPRnFYR83VXAPkUfBbm9hW,551pManN11k6Ribs6vTACeiTm1o6rwAFZft8DTse63jnFsRUzZrxSws6SLe63P7guzPQbcJ1EaUZBaBpNF8RzLeq,follow wallet,-0.06611167321886659
4DdrfiDHpmx55i4SPssxVzS9ZaKLb8qr45NKY9Er9nNh,4Ddrfi,9CJ55UgQJCFBs24LVgHZkiEPRnFYR83VXAPkUfBbm9hW,551pManN11k6Ribs6vTACeiTm1o6rwAFZft8DTse63jnFsRUzZrxSws6SLe63P7guzPQbcJ1EaUZBaBpNF8RzLeq,hold 1 slots,-0.056866215753439905
4DdrfiDHpmx55i4SPssxVzS9ZaKLb8qr45NKY9Er9nNh,4Ddrfi,9CJ55UgQJCFBs24LVgHZkiEPRnFYR83VXAPkUfBbm9hW,551pManN11k6Ribs6vTACeiTm1o6rwAFZft8DTse63jnFsRUzZrxSws6SLe63P7guzPQbcJ1EaUZBaBpNF8RzLeq,hold 3 slots,-0.0542155738793329
4DdrfiDHpmx55i4SPssxVzS9ZaKLb8qr45NKY9Er9nNh,4Ddrfi,9CJ55UgQJCFBs24LVgHZkiEPRnFYR83VXAPkUfBbm9hW,551pManN11k6Ribs6vTACeiTm1o6rwAFZft8DTse63jnFsRUzZrxSws6SLe63P7guzPQbcJ1EaUZBaBpNF8RzLeq,hold 5 slots,-0.0542155738793329
4DdrfiDHpmx55i4SPssxVzS9ZaKLb8qr45NKY9Er9nNh,4Ddrfi,9CJ55UgQJCFBs24LVgHZkiEPRnFYR83VXAPkUfBbm9hW,551pManN11k6Ribs6vTACeiTm1o6rwAFZft8DTse63jnFsRUzZrxSws6SLe63P7guzPQbcJ1EaUZBaBpNF8RzLeq,hold 12 slots,-0.0542155738793329
4DdrfiDHpmx55i4SPssxVzS9ZaKLb8qr45NKY9Er9nNh,4Ddrfi,9CJ55UgQJCFBs24LVgHZkiEPRnFYR83VXAPkUfBbm9hW,551pManN11k6Ribs6vTACeiTm1o6rwAFZft8DTse63jnFsRUzZrxSws6SLe63P7guzPQbcJ1EaUZBaBpNF8RzLeq,hold 25 slots,0.02351920649301386
4DdrfiDHpmx55i4SPssxVzS9ZaKLb8qr45NKY9Er9nNh,4Ddrfi,9CJ55UgQJCFBs24LVgHZkiEPRnFYR83VXAPkUfBbm9hW,551pManN11k6Ribs6vTACeiTm1o6rwAFZft8DTse63jnFsRUzZrxSws6SLe63P7guzPQbcJ1EaUZBaBpNF8RzLeq,hold 50 slots,0.013707412840475441
4DdrfiDHpmx55i4SPssxVzS9ZaKLb8qr45NKY9Er9nNh,4Ddrfi,9CJ55UgQJCFBs24LVgHZkiEPRnFYR83VXAPkUfBbm9hW,551pManN11k6Ribs6vTACeiTm1o6rwAFZft8DTse63jnFsRUzZrxSws6SLe63P7guzPQbcJ1EaUZBaBpNF8RzLeq,hold 75 slots,0.013707412840475441
4DdrfiDHpmx55i4SPssxVzS9ZaKLb8qr45NKY9Er9nNh,4Ddrfi,9CJ55UgQJCFBs24LVgHZkiEPRnFYR83VXAPkUfBbm9hW,551pManN11k6Ribs6vTACeiTm1o6rwAFZft8DTse63jnFsRUzZrxSws6SLe63P7guzPQbcJ1EaUZBaBpNF8RzLeq,hold 150 slots,0.08860910035039782
4DdrfiDHpmx55i4SPssxVzS9ZaKLb8qr45NKY9Er9nNh,4Ddrfi,9CJ55UgQJCFBs24LVgHZkiEPRnFYR83VXAPkUfBbm9hW,551pManN11k6Ribs6vTACeiTm1o6rwAFZft8DTse63jnFsRUzZrxSws6SLe63P7guzPQbcJ1EaUZBaBpNF8RzLeq,TP 10% / SL 10%,0.08860910035039782
4DdrfiDHpmx55i4SPssxVzS9ZaKLb8qr45NKY9Er9nNh,4Ddrfi,9CJ55UgQJCFBs24LVgHZkiEPRnFYR83VXAPkUfBbm9hW,551pManN11k6Ribs6vTACeiTm1o6rwAFZft8DTse63jnFsRUzZrxSws6SLe63P7guzPQbcJ1EaUZBaBpNF8RzLeq,TP 20% / SL 10%,0.08860910035039782
4DdrfiDHpmx55i4SPssxVzS9ZaKLb8qr45NKY9Er9nNh,4Ddrfi,9CJ55UgQJCFBs24LVgHZkiEPRnFYR83VXAPkUfBbm9hW,551pManN11k6Ribs6vTACeiTm1o6rwAFZft8DTse63jnFsRUzZrxSws6SLe63P7guzPQbcJ1EaUZBaBpNF8RzLeq,TP 30% / SL 15%,0.08860910035039782
4DdrfiDHpmx55i4SPssxVzS9ZaKLb8qr45NKY9Er9nNh,4Ddrfi,9CJ55UgQJCFBs24LVgHZkiEPRnFYR83VXAPkUfBbm9hW,551pManN11k6Ribs6vTACeiTm1o6rwAFZft8DTse63jnFsRUzZrxSws6SLe63P7guzPQbcJ1EaUZBaBpNF8RzLeq,TP 50% / SL 25%,0.08860910035039782
4DdrfiDHpmx55i4SPssxVzS9ZaKLb8qr45NKY9Er9nNh,4Ddrfi,9CJ55UgQJCFBs24LVgHZkiEPRnFYR83VXAPkUfBbm9hW,551pManN11k6Ribs6vTACeiTm1o6rwAFZft8DTse63jnFsRUzZrxSws6SLe63P7guzPQbcJ1EaUZBaBpNF8RzLeq,TP 100% / SL 30%,0.08860910035039782
CUHBzSPSaNS3tArEtM3maSV6pNdJhHJFYZpurPPK9P7H,CUHBzS,6woEnPYSbXtMJ2zxb8zStNEeuDpCyFtP7uowPPdQpump,2FL7HBKHT8EmjuahAAJAg9fruYt7MUcbjYRaqTHCJWtaXSw3oYHCFMCYgDFjYh1mG9199bEBLjnjDGBUondaXroz,hold 1 slots,0.03241461644261229
CUHBzSPSaNS3tArEtM3maSV6pNdJhHJFYZpurPPK9P7H,CUHBzS,6woEnPYSbXtMJ2zxb8zStNEeuDpCyFtP7uowPPdQpump,2FL7HBKHT8EmjuahAAJAg9fruYt7MUcbjYRaqTHCJWtaXSw3oYHCFMCYgDFjYh1mG9199bEBLjnjDGBUondaXroz,hold 3 slots,-0.019222065961430668
CUHBzSPSaNS3tArEtM3maSV6pNdJhHJFYZpurPPK9P7H,CUHBzS,6woEnPYSbXtMJ2zxb8zStNEeuDpCyFtP7uowPPdQpump,2FL7HBKHT8EmjuahAAJAg9fruYt7MUcbjYRaqTHCJWtaXSw3oYHCFMCYgDFjYh1mG9199bEBLjnjDGBUondaXroz,hold 5 slots,0.02963875254131472
CUHBzSPSaNS3tArEtM3maSV6pNdJhHJFYZpurPPK9P7H,CUHBzS,6woEnPYSbXtMJ2zxb8zStNEeuDpCyFtP7uowPPdQpump,2FL7HBKHT8EmjuahAAJAg9fruYt7MUcbjYRaqTHCJWtaXSw3oYHCFMCYgDFjYh1mG9199bEBLjnjDGBUondaXroz,hold 12 slots,0.04443501511992669
CUHBzSPSaNS3tArEtM3maSV6pNdJhHJFYZpurPPK9P7H,CUHBzS,6woEnPYSbXtMJ2zxb8zStNEeuDpCyFtP7uowPPdQpump,2FL7HBKHT8EmjuahAAJAg9fruYt7MUcbjYRaqTHCJWtaXSw3oYHCFMCYgDFjYh1mG9199bEBLjnjDGBUondaXroz,hold 25 slots,0.04443501511992669
CUHBzSPSaNS3tArEtM3maSV6pNdJhHJFYZpurPPK9P7H,CUHBzS,6woEnPYSbXtMJ2zxb8zStNEeuDpCyFtP7uowPPdQpump,2FL7HBKHT8EmjuahAAJAg9fruYt7MUcbjYRaqTHCJWtaXSw3oYHCFMCYgDFjYh1mG9199bEBLjnjDGBUondaXroz,hold 50 slots,0.03315657541340089
CUHBzSPSaNS3tArEtM3maSV6pNdJhHJFYZpurPPK9P7H,CUHBzS,6woEnPYSbXtMJ2zxb8zStNEeuDpCyFtP7uowPPdQpump,2FL7HBKHT8EmjuahAAJAg9fruYt7MUcbjYRaqTHCJWtaXSw3oYHCFMCYgDFjYh1mG9199bEBLjnjDGBUondaXroz,hold 75 slots,0.024278897053009035
CUHBzSPSaNS3tArEtM3maSV6pNdJhHJFYZpurPPK9P7H,CUHBzS,6woEnPYSbXtMJ2zxb8zStNEeuDpCyFtP7uowPPdQpump,2FL7HBKHT8EmjuahAAJAg9fruYt7MUcbjYRaqTHCJWtaXSw3oYHCFMCYgDFjYh1mG9199bEBLjnjDGBUondaXroz,hold 150 slots,-0.022211129353027343
CUHBzSPSaNS3tArEtM3maSV6pNdJhHJFYZpurPPK9P7H,CUHBzS,6woEnPYSbXtMJ2zxb8zStNEeuDpCyFtP7uowPPdQpump,2FL7HBKHT8EmjuahAAJAg9fruYt7MUcbjYRaqTHCJWtaXSw3oYHCFMCYgDFjYh1mG9199bEBLjnjDGBUondaXroz,TP 10% / SL 10%,-0.022211129353027343
CUHBzSPSaNS3tArEtM3maSV6pNdJhHJFYZpurPPK9P7H,CUHBzS,6woEnPYSbXtMJ2zxb8zStNEeuDpCyFtP7uowPPdQpump,2FL7HBKHT8EmjuahAAJAg9fruYt7MUcbjYRaqTHCJWtaXSw3oYHCFMCYgDFjYh1mG9199bEBLjnjDGBUondaXroz,TP 20% / SL 10%,-0.022211129353027343
CUHBzSPSaNS3tArEtM3maSV6pNdJhHJFYZpurPPK9P7H,CUHBzS,6woEnPYSbXtMJ2zxb8zStNEeuDpCyFtP7uowPPdQpump,2FL7HBKHT8EmjuahAAJAg9fruYt7MUcbjYRaqTHCJWtaXSw3oYHCFMCYgDFjYh1mG9199bEBLjnjDGBUondaXroz,TP 30% / SL 15%,-0.022211129353027343
CUHBzSPSaNS3tArEtM3maSV6pNdJhHJFYZpurPPK9P7H,CUHBzS,6woEnPYSbXtMJ2zxb8zStNEeuDpCyFtP7uowPPdQpump,2FL7HBKHT8EmjuahAAJAg9fruYt7MUcbjYRaqTHCJWtaXSw3oYHCFMCYgDFjYh1mG9199bEBLjnjDGBUondaXroz,TP 50% / SL 25%,-0.022211129353027343
CUHBzSPSaNS3tArEtM3maSV6pNdJhHJFYZpurPPK9P7H,CUHBzS,6woEnPYSbXtMJ2zxb8zStNEeuDpCyFtP7uowPPdQpump,2FL7HBKHT8EmjuahAAJAg9fruYt7MUcbjYRaqTHCJWtaXSw3oYHCFMCYgDFjYh1mG9199bEBLjnjDGBUondaXroz,TP 100% / SL 30%,-0.022211129353027343
CUHBzSPSaNS3tArEtM3maSV6pNdJhHJFYZpurPPK9P7H,CUHBzS,4eGp4sFps2wxE9Cc45JeG7X3pofm4xerE1iR6C1qpump,5184Axrjg9PPKg9u14FQqwMscepuD6YJHH7ipcD5886Bq6ekn8gpR5Yfr5tEv6rPTfMf5t3xV4YHyj6C8vbFJHw1,follow wallet,-0.8509143733816883
CUHBzSPSaNS3tArEtM3maSV6pNdJhHJFYZpurPPK9P7H,CUHBzS,4eGp4sFps2wxE9Cc45JeG7X3pofm4xerE1iR6C1qpump,5184Axrjg9PPKg9u14FQqwMscepuD6YJHH7ipcD5886Bq6ekn8gpR5Yfr5tEv6rPTfMf5t3xV4YHyj6C8vbFJHw1,hold 1 slots,-0.09725827095831907
CUHBzSPSaNS3tArEtM3maSV6pNdJhHJFYZpurPPK9P7H,CUHBzS,4eGp4sFps2wxE9Cc45JeG7X3pofm4xerE1iR6C1qpump,5184Axrjg9PPKg9u14FQqwMscepuD6YJHH7ipcD5886Bq6ekn8gpR5Yfr5tEv6rPTfMf5t3xV4YHyj6C8vbFJHw1,hold 3 slots,-0.09750087248829103
CUHBzSPSaNS3tArEtM3maSV6pNdJhHJFYZpurPPK9P7H,CUHBzS,4eGp4sFps2wxE9Cc45JeG7X3pofm4xerE1iR6C1qpump,5184Axrjg9PPKg9u14FQqwMscepuD6YJHH7ipcD5886Bq6ekn8gpR5Yfr5tEv6rPTfMf5t3xV4YHyj6C8vbFJHw1,hold 5 slots,-0.10397799028561164
CUHBzSPSaNS3tArEtM3maSV6pNdJhHJFYZpurPPK9P7H,CUHBzS,4eGp4sFps2wxE9Cc45JeG7X3pofm4xerE1iR6C1qpump,5184Axrjg9PPKg9u14FQqwMscepuD6YJHH7ipcD5886Bq6ekn8gpR5Yfr5tEv6rPTfMf5t3xV4YHyj6C8vbFJHw1,hold 12 slots,-0.13182955801290286
CUHBzSPSaNS3tArEtM3maSV6pNdJhHJFYZpurPPK9P7H,CUHBzS,4eGp4sFps2wxE9Cc45JeG7X3pofm4xerE1iR6C1qpump,5184Axrjg9PPKg9u14FQqwMscepuD6YJHH7ipcD5886Bq6ekn8gpR5Yfr5tEv6rPTfMf5t3xV4YHyj6C8vbFJHw1,hold 25 slots,-0.24527982567885984
CUHBzSPSaNS3tArEtM3maSV6pNdJhHJFYZpurPPK9P7H,CUHBzS,4eGp4sFps2wxE9Cc45JeG7X3pofm4xerE1iR6C1qpump,5184Axrjg9PPKg9u14FQqwMscepuD6YJHH7ipcD5886Bq6ekn8gpR5Yfr5tEv6rPTfMf5t3xV4YHyj6C8vbFJHw1,hold 50 slots,-0.42486869625402773
CUHBzSPSaNS3tArEtM3maSV6pNdJhHJFYZpurPPK9P7H,CUHBzS,4eGp4sFps2wxE9Cc45JeG7X3pofm4xerE1iR6C1qpump,5184Axrjg9PPKg9u14FQqwMscepuD6YJHH7ipcD5886Bq6ekn8gpR5Yfr5tEv6rPTfMf5t3xV4YHyj6C8vbFJHw1,hold 75 slots,-0.369450082506726
CUHBzSPSaNS3tArEtM3maSV6pNdJhHJFYZpurPPK9P7H,CUHBzS,4eGp4sFps2wxE9Cc45JeG7X3pofm4xerE1iR6C1qpump,5184Axrjg9PPKg9u14FQqwMscepuD6YJHH7ipcD5886Bq6ekn8gpR5Yfr5tEv6rPTfMf5t3xV4YHyj6C8vbFJHw1,hold 150 slots,-0.5226870729842438
CUHBzSPSaNS3tArEtM3maSV6pNdJhHJFYZpurPPK9P7H,CUHBzS,4eGp4sFps2wxE9Cc45JeG7X3pofm4xerE1iR6C1qpump,5184Axrjg9PPKg9u14FQqwMscepuD6YJHH7ipcD5886Bq6ekn8gpR5Yfr5tEv6rPTfMf5t3xV4YHyj6C8vbFJHw1,TP 10% / SL 10%,-0.10397799028561164
CUHBzSPSaNS3tArEtM3maSV6pNdJhHJFYZpurPPK9P7H,CUHBzS,4eGp4sFps2wxE9Cc45JeG7X3pofm4xerE1iR6C1qpump,5184Axrjg9PPKg9u14FQqwMscepuD6YJHH7ipcD5886Bq6ekn8gpR5Yfr5tEv6rPTfMf5t3xV4YHyj6C8vbFJHw1,TP 20% / SL 10%,-0.10397799028561164
CUHBzSPSaNS3tArEtM3maSV6pNdJhHJFYZpurPPK9P7H,CUHBzS,4eGp4sFps2wxE9Cc45JeG7X3pofm4xerE1iR6C1qpump,5184Axrjg9PPKg9u14FQqwMscepuD6YJHH7ipcD5886Bq6ekn8gpR5Yfr5tEv6rPTfMf5t3xV4YHyj6C8vbFJHw1,TP 30% / SL 15%,-0.21144068272393562
CUHBzSPSaNS3tArEtM3maSV6pNdJhHJFYZpurPPK9P7H,CUHBzS,4eGp4sFps2wxE9Cc45JeG7X3pofm4xerE1iR6C1qpump,5184Axrjg9PPKg9u14FQqwMscepuD6YJHH7ipcD5886Bq6ekn8gpR5Yfr5tEv6rPTfMf5t3xV4YHyj6C8vbFJHw1,TP 50% / SL 25%,-0.3647231823972205
CUHBzSPSaNS3tArEtM3maSV6pNdJhHJFYZpurPPK9P7H,CUHBzS,4eGp4sFps2wxE9Cc45JeG7X3pofm4xerE1iR6C1qpump,5184Axrjg9PPKg9u14FQqwMscepuD6YJHH7ipcD5886Bq6ekn8gpR5Yfr5tEv6rPTfMf5t3xV4YHyj6C8vbFJHw1,TP 100% / SL 30%,-0.3647231823972205
89HbgWduLwoxcofWpmn1EiF9wEdpgkNDEyPjzZ72mkDi,89HbgW,6Hzre9emsRcTE3maxPsnyGCPfFWATYzHXvf3CSsEUX3Z,48i4fuRXmT4CNqEVw4Uc9J8x2NFQX5GJF1Z9uq5xq2cD5VMgVXoiKRRxFGJkfwS9gbDnvigToSKXS1S8SUDu2sSn,follow wallet,-0.39062736928035524
89HbgWduLwoxcofWpmn1EiF9wEdpgkNDEyPjzZ72mkDi,89HbgW,6Hzre9emsRcTE3maxPsnyGCPfFWATYzHXvf3CSsEUX3Z,48i4fuRXmT4CNqEVw4Uc9J8x2NFQX5GJF1Z9uq5xq2cD5VMgVXoiKRRxFGJkfwS9gbDnvigToSKXS1S8SUDu2sSn,hold 1 slots,0.03444069753633237
89HbgWduLwoxcofWpmn1EiF9wEdpgkNDEyPjzZ72mkDi,89HbgW,6Hzre9emsRcTE3maxPsnyGCPfFWATYzHXvf3CSsEUX3Z,48i4fuRXmT4CNqEVw4Uc9J8x2NFQX5GJF1Z9uq5xq2cD5VMgVXoiKRRxFGJkfwS9gbDnvigToSKXS1S8SUDu2sSn,hold 3 slots,0.03444069753633237
89HbgWduLwoxcofWpmn1EiF9wEdpgkNDEyPjzZ72mkDi,89HbgW,6Hzre9emsRcTE3maxPsnyGCPfFWATYzHXvf3CSsEUX3Z,48i4fuRXmT4CNqEVw4Uc9J8x2NFQX5GJF1Z9uq5xq2cD5VMgVXoiKRRxFGJkfwS9gbDnvigToSKXS1S8SUDu2sSn,hold 5 slots,0.0402858066592871
89HbgWduLwoxcofWpmn1EiF9wEdpgkNDEyPjzZ72mkDi,89HbgW,6Hzre9emsRcTE3maxPsnyGCPfFWATYzHXvf3CSsEUX3Z,48i4fuRXmT4CNqEVw4Uc9J8x2NFQX5GJF1Z9uq5xq2cD5VMgVXoiKRRxFGJkfwS9gbDnvigToSKXS1S8SUDu2sSn,hold 12 slots,0.36415100007896184
89HbgWduLwoxcofWpmn1EiF9wEdpgkNDEyPjzZ72mkDi,89HbgW,6Hzre9emsRcTE3maxPsnyGCPfFWATYzHXvf3CSsEUX3Z,48i4fuRXmT4CNqEVw4Uc9J8x2NFQX5GJF1Z9uq5xq2cD5VMgVXoiKRRxFGJkfwS9gbDnvigToSKXS1S8SUDu2sSn,hold 25 slots,0.4630631233943579
89HbgWduLwoxcofWpmn1EiF9wEdpgkNDEyPjzZ72mkDi,89HbgW,6Hzre9emsRcTE3maxPsnyGCPfFWATYzHXvf3CSsEUX3Z,48i4fuRXmT4CNqEVw4Uc9J8x2NFQX5GJF1Z9uq5xq2cD5VMgVXoiKRRxFGJkfwS9gbDnvigToSKXS1S8SUDu2sSn,hold 50 slots,-0.39062736928035524
89HbgWduLwoxcofWpmn1EiF9wEdpgkNDEyPjzZ72mkDi,89HbgW,6Hzre9emsRcTE3maxPsnyGCPfFWATYzHXvf3CSsEUX3Z,48i4fuRXmT4CNqEVw4Uc9J8x2NFQX5GJF1Z9uq5xq2cD5VMgVXoiKRRxFGJkfwS9gbDnvigToSKXS1S8SUDu2sSn,hold 75 slots,-0.4304362095030737
89HbgWduLwoxcofWpmn1EiF9wEdpgkNDEyPjzZ72mkDi,89HbgW,6Hzre9emsRcTE3maxPsnyGCPfFWATYzHXvf3CSsEUX3Z,48i4fuRXmT4CNqEVw4Uc9J8x2NFQX5GJF1Z9uq5xq2cD5VMgVXoiKRRxFGJkfwS9gbDnvigToSKXS1S8SUDu2sSn,hold 150 slots,-0.5333380417150125
89HbgWduLwoxcofWpmn1EiF9wEdpgkNDEyPjzZ72mkDi,89HbgW,6Hzre9emsRcTE3maxPsnyGCPfFWATYzHXvf3CSsEUX3Z,48i4fuRXmT4CNqEVw4Uc9J8x2NFQX5GJF1Z9uq5xq2cD5VMgVXoiKRRxFGJkfwS9gbDnvigToSKXS1S8SUDu2sSn,TP 10% / SL 10%,0.36415100007896184
89HbgWduLwoxcofWpmn1EiF9wEdpgkNDEyPjzZ72mkDi,89HbgW,6Hzre9emsRcTE3maxPsnyGCPfFWATYzHXvf3CSsEUX3Z,48i4fuRXmT4CNqEVw4Uc9J8x2NFQX5GJF1Z9uq5xq2cD5VMgVXoiKRRxFGJkfwS9gbDnvigToSKXS1S8SUDu2sSn,TP 20% / SL 10%,0.36415100007896184
89HbgWduLwoxcofWpmn1EiF9wEdpgkNDEyPjzZ72mkDi,89HbgW,6Hzre9emsRcTE3maxPsnyGCPfFWATYzHXvf3CSsEUX3Z,48i4fuRXmT4CNqEVw4Uc9J8x2NFQX5GJF1Z9uq5xq2cD5VMgVXoiKRRxFGJkfwS9gbDnvigToSKXS1S8SUDu2sSn,TP 30% / SL 15%,0.36415100007896184
89HbgWduLwoxcofWpmn1EiF9wEdpgkNDEyPjzZ72mkDi,89HbgW,6Hzre9emsRcTE3maxPsnyGCPfFWATYzHXvf3CSsEUX3Z,48i4fuRXmT4CNqEVw4Uc9J8x2NFQX5GJF1Z9uq5xq2cD5VMgVXoiKRRxFGJkfwS9gbDnvigToSKXS1S8SUDu2sSn,TP 50% / SL 25%,0.937050227888684
89HbgWduLwoxcofWpmn1EiF9wEdpgkNDEyPjzZ72mkDi,89HbgW,6Hzre9emsRcTE3maxPsnyGCPfFWATYzHXvf3CSsEUX3Z,48i4fuRXmT4CNqEVw4Uc9J8x2NFQX5GJF1Z9uq5xq2cD5VMgVXoiKRRxFGJkfwS9gbDnvigToSKXS1S8SUDu2sSn,TP 100% / SL 30%,-0.39062736928035524
89HbgWduLwoxcofWpmn1EiF9wEdpgkNDEyPjzZ72mkDi,89HbgW,5fNbnSWzAV7zdx6hoiuk7nsnm7EafenKnA1EvCK9ZneN,vhW7FxuMfFLb9SkqCtefGyy3vJ28AkMAX72PNgLCmwpYnoT97cgfPuy1ev5bcwk3ABQKt3XX18Mntb5gVCvxvBC,follow wallet,-0.06624836230229067
89HbgWduLwoxcofWpmn1EiF9wEdpgkNDEyPjzZ72mkDi,89HbgW,5fNbnSWzAV7zdx6hoiuk7nsnm7EafenKnA1EvCK9ZneN,vhW7FxuMfFLb9SkqCtefGyy3vJ28AkMAX72PNgLCmwpYnoT97cgfPuy1ev5bcwk3ABQKt3XX18Mntb5gVCvxvBC,hold 1 slots,-0.05555247404988647
89HbgWduLwoxcofWpmn1EiF9wEdpgkNDEyPjzZ72mkDi,89HbgW,5fNbnSWzAV7zdx6hoiuk7nsnm7EafenKnA1EvCK9ZneN,vhW7FxuMfFLb9SkqCtefGyy3vJ28AkMAX72PNgLCmwpYnoT97cgfPuy1ev5bcwk3ABQKt3XX18Mntb5gVCvxvBC,hold 3 slots,-0.1761915909393598
89HbgWduLwoxcofWpmn1EiF9wEdpgkNDEyPjzZ72mkDi,89HbgW,5fNbnSWzAV7zdx6hoiuk7nsnm7EafenKnA1EvCK9ZneN,vhW7FxuMfFLb9SkqCtefGyy3vJ28AkMAX72PNgLCmwpYnoT97cgfPuy1ev5bcwk3ABQKt3XX18Mntb5gVCvxvBC,hold 5 slots,-0.20987272844703067
89HbgWduLwoxcofWpmn1EiF9wEdpgkNDEyPjzZ72mkDi,89HbgW,5fNbnSWzAV7zdx6hoiuk7nsnm7EafenKnA1EvCK9ZneN,vhW7FxuMfFLb9SkqCtefGyy3vJ28AkMAX72PNgLCmwpYnoT97cgfPuy1ev5bcwk3ABQKt3XX18Mntb5gVCvxvBC,hold 12 slots,-0.05204052896077764
89HbgWduLwoxcofWpmn1EiF9wEdpgkNDEyPjzZ72mkDi,89HbgW,5fNbnSWzAV7zdx6hoiuk7nsnm7EafenKnA1EvCK9ZneN,vhW7FxuMfFLb9SkqCtefGyy3vJ28AkMAX72PNgLCmwpYnoT97cgfPuy1ev5bcwk3ABQKt3XX18Mntb5gVCvxvBC,hold 25 slots,0.21004343657263302
89HbgWduLwoxcofWpmn1EiF9wEdpgkNDEyPjzZ72mkDi,89HbgW,5fNbnSWzAV7zdx6hoiuk7nsnm7EafenKnA1EvCK9ZneN,vhW7FxuMfFLb9SkqCtefGyy3vJ28AkMAX72PNgLCmwpYnoT97cgfPuy1ev5bcwk3ABQKt3XX18Mntb5gVCvxvBC,hold 50 slots,0.09034523869328545
89HbgWduLwoxcofWpmn1EiF9wEdpgkNDEyPjzZ72mkDi,89HbgW,5fNbnSWzAV7zdx6hoiuk7nsnm7EafenKnA1EvCK9ZneN,vhW7FxuMfFLb9SkqCtefGyy3vJ28AkMAX72PNgLCmwpYnoT97cgfPuy1ev5bcwk3ABQKt3XX18Mntb5gVCvxvBC,hold 75 slots,0.17899185562845324
89HbgWduLwoxcofWpmn1EiF9wEdpgkNDEyPjzZ72mkDi,89HbgW,5fNbnSWzAV7zdx6hoiuk7nsnm7EafenKnA1EvCK9ZneN,vhW7FxuMfFLb9SkqCtefGyy3vJ28AkMAX72PNgLCmwpYnoT97cgfPuy1ev5bcwk3ABQKt3XX18Mntb5gVCvxvBC,hold 150 slots,-0.011991789263501048
89HbgWduLwoxcofWpmn1EiF9wEdpgkNDEyPjzZ72mkDi,89HbgW,5fNbnSWzAV7zdx6hoiuk7nsnm7EafenKnA1EvCK9ZneN,vhW7FxuMfFLb9SkqCtefGyy3vJ28AkMAX72PNgLCmwpYnoT97cgfPuy1ev5bcwk3ABQKt3XX18Mntb5gVCvxvBC,TP 10% / SL 10%,-0.1761915909393598
89HbgWduLwoxcofWpmn1EiF9wEdpgkNDEyPjzZ72mkDi,89HbgW,5fNbnSWzAV7zdx6hoiuk7nsnm7EafenKnA1EvCK9ZneN,vhW7FxuMfFLb9SkqCtefGyy3vJ28AkMAX72PNgLCmwpYnoT97cgfPuy1ev5bcwk3ABQKt3XX18Mntb5gVCvxvBC,TP 20% / SL 10%,-0.1761915909393598
89HbgWduLwoxcofWpmn1EiF9wEdpgkNDEyPjzZ72mkDi,89HbgW,5fNbnSWzAV7zdx6hoiuk7nsnm7EafenKnA1EvCK9ZneN,vhW7FxuMfFLb9SkqCtefGyy3vJ28AkMAX72PNgLCmwpYnoT97cgfPuy1ev5bcwk3ABQKt3XX18Mntb5gVCvxvBC,TP 30% / SL 15%,-0.1761915909393598
89HbgWduLwoxcofWpmn1EiF9wEdpgkNDEyPjzZ72mkDi,89HbgW,5fNbnSWzAV7zdx6hoiuk7nsnm7EafenKnA1EvCK9ZneN,vhW7FxuMfFLb9SkqCtefGyy3vJ28AkMAX72PNgLCmwpYnoT97cgfPuy1ev5bcwk3ABQKt3XX18Mntb5gVCvxvBC,TP 50% / SL 25%,-0.011991789263501048
89HbgWduLwoxcofWpmn1EiF9wEdpgkNDEyPjzZ72mkDi,89HbgW,5fNbnSWzAV7zdx6hoiuk7nsnm7EafenKnA1EvCK9ZneN,vhW7FxuMfFLb9SkqCtefGyy3vJ28AkMAX72PNgLCmwpYnoT97cgfPuy1ev5bcwk3ABQKt3XX18Mntb5gVCvxvBC,TP 100% / SL 30%,-0.011991789263501048
89HbgWduLwoxcofWpmn1EiF9wEdpgkNDEyPjzZ72mkDi,89HbgW,HxfDLpT39GQakW2ZfqTixi2cAgWuBJ9UeAgtxywPeWSC,44KC3VU7hV1uyRdt6h1hNry6bs4ANEMX71EmRVTp5gBYRAaVKsqeneAA75dXxRPZaMVzzuu8Pe8aU6maFKnGFTRq,follow wallet,-0.37557706382833556
89HbgWduLwoxcofWpmn1EiF9wEdpgkNDEyPjzZ72mkDi,89HbgW,HxfDLpT39GQakW2ZfqTixi2cAgWuBJ9UeAgtxywPeWSC,44KC3VU7hV1uyRdt6h1hNry6bs4ANEMX71EmRVTp5gBYRAaVKsqeneAA75dXxRPZaMVzzuu8Pe8aU6maFKnGFTRq,hold 1 slots,-0.05746685962608099
89HbgWduLwoxcofWpmn1EiF9wEdpgkNDEyPjzZ72mkDi,89HbgW,HxfDLpT39GQakW2ZfqTixi2cAgWuBJ9UeAgtxywPeWSC,44KC3VU7hV1uyRdt6h1hNry6bs4ANEMX71EmRVTp5gBYRAaVKsqeneAA75dXxRPZaMVzzuu8Pe8aU6maFKnGFTRq,hold 3 slots,-0.0852038877429688
89HbgWduLwoxcofWpmn1EiF9wEdpgkNDEyPjzZ72mkDi,89HbgW,HxfDLpT39GQakW2ZfqTixi2cAgWuBJ9UeAgtxywPeWSC,44KC3VU7hV1uyRdt6h1hNry6bs4ANEMX71EmRVTp5gBYRAaVKsqeneAA75dXxRPZaMVzzuu8Pe8aU6maFKnGFTRq,hold 5 slots,-0.10699067788472236
89HbgWduLwoxcofWpmn1EiF9wEdpgkNDEyPjzZ72mkDi,89HbgW,HxfDLpT39GQakW2ZfqTixi2cAgWuBJ9UeAgtxywPeWSC,44KC3VU7hV1uyRdt6h1hNry6bs4ANEMX71EmRVTp5gBYRAaVKsqeneAA75dXxRPZaMVzzuu8Pe8aU6maFKnGFTRq,hold 12 slots,-0.16307612448018136
89HbgWduLwoxcofWpmn1EiF9wEdpgkNDEyPjzZ72mkDi,89HbgW,HxfDLpT39GQakW2ZfqTixi2cAgWuBJ9UeAgtxywPeWSC,44KC3VU7hV1uyRdt6h1hNry6bs4ANEMX71EmRVTp5gBYRAaVKsqeneAA75dXxRPZaMVzzuu8Pe8aU6maFKnGFTRq,hold 25 slots,-0.205788712769776
89HbgWduLwoxcofWpmn1EiF9wEdpgkNDEyPjzZ72mkDi,89HbgW,HxfDLpT39GQakW2ZfqTixi2cAgWuBJ9UeAgtxywPeWSC,44KC3VU7hV1uyRdt6h1hNry6bs4ANEMX71EmRVTp5gBYRAaVKsqeneAA75dXxRPZaMVzzuu8Pe8aU6maFKnGFTRq,hold 50 slots,-0.3555047457245618
89HbgWduLwoxcofWpmn1EiF9wEdpgkNDEyPjzZ72mkDi,89HbgW,HxfDLpT39GQakW2ZfqTixi2cAgWuBJ9UeAgtxywPeWSC,44KC3VU7hV1uyRdt6h1hNry6bs4ANEMX71EmRVTp5gBYRAaVKsqeneAA75dXxRPZaMVzzuu8Pe8aU6maFKnGFTRq,hold 75 slots,-0.4803803582358829
89HbgWduLwoxcofWpmn1EiF9wEdpgkNDEyPjzZ72mkDi,89HbgW,HxfDLpT39GQakW2ZfqTixi2cAgWuBJ9UeAgtxywPeWSC,44KC3VU7hV1uyRdt6h1hNry6bs4ANEMX71EmRVTp5gBYRAaVKsqeneAA75dXxRPZaMVzzuu8Pe8aU6maFKnGFTRq,hold 150 slots,-0.5159519509793659
89HbgWduLwoxcofWpmn1EiF9wEdpgkNDEyPjzZ72mkDi,89HbgW,HxfDLpT39GQakW2ZfqTixi2cAgWuBJ9UeAgtxywPeWSC,44KC3VU7hV1uyRdt6h1hNry6bs4ANEMX71EmRVTp5gBYRAaVKsqeneAA75dXxRPZaMVzzuu8Pe8aU6maFKnGFTRq,TP 10% / SL 10%,-0.10699067788472236
89HbgWduLwoxcofWpmn1EiF9wEdpgkNDEyPjzZ72mkDi,89HbgW,HxfDLpT39GQakW2ZfqTixi2cAgWuBJ9UeAgtxywPeWSC,44KC3VU7hV1uyRdt6h1hNry6bs4ANEMX71EmRVTp5gBYRAaVKsqeneAA75dXxRPZaMVzzuu8Pe8aU6maFKnGFTRq,TP 20% / SL 10%,-0.10699067788472236
89HbgWduLwoxcofWpmn1EiF9wEdpgkNDEyPjzZ72mkDi,89HbgW,HxfDLpT39GQakW2ZfqTixi2cAgWuBJ9UeAgtxywPeWSC,44KC3VU7hV1uyRdt6h1hNry6bs4ANEMX71EmRVTp5gBYRAaVKsqeneAA75dXxRPZaMVzzuu8Pe8aU6maFKnGFTRq,TP 30% / SL 15%,-0.16307612448018136
89HbgWduLwoxcofWpmn1EiF9wEdpgkNDEyPjzZ72mkDi,89HbgW,HxfDLpT39GQakW2ZfqTixi2cAgWuBJ9UeAgtxywPeWSC,44KC3VU7hV1uyRdt6h1hNry6bs4ANEMX71EmRVTp5gBYRAaVKsqeneAA75dXxRPZaMVzzuu8Pe8aU6maFKnGFTRq,TP 50% / SL 25%,-0.275493094982605
89HbgWduLwoxcofWpmn1EiF9wEdpgkNDEyPjzZ72mkDi,89HbgW,HxfDLpT39GQakW2ZfqTixi2cAgWuBJ9UeAgtxywPeWSC,44KC3VU7hV1uyRdt6h1hNry6bs4ANEMX71EmRVTp5gBYRAaVKsqeneAA75dXxRPZaMVzzuu8Pe8aU6maFKnGFTRq,TP 100% / SL 30%,-0.3555047457245618
89HbgWduLwoxcofWpmn1EiF9wEdpgkNDEyPjzZ72mkDi,89HbgW,Pad5HNMWspaW2L55e3v6TzEkhJ7TC255kcR447EvjhD,3JVF7Kjz7t7qkgDRHdKeMz3qHZpo3oME9nDkb5siR7Ntt89qUBrfgsJiTChKGSACSyafUrqDXuc42gZQ233Bz8QE,follow wallet,-0.43749130552787174
89HbgWduLwoxcofWpmn1EiF9wEdpgkNDEyPjzZ72mkDi,89HbgW,Pad5HNMWspaW2L55e3v6TzEkhJ7TC255kcR447EvjhD,3JVF7Kjz7t7qkgDRHdKeMz3qHZpo3oME9nDkb5siR7Ntt89qUBrfgsJiTChKGSACSyafUrqDXuc42gZQ233Bz8QE,hold 1 slots,-0.05875736813021731
89HbgWduLwoxcofWpmn1EiF9wEdpgkNDEyPjzZ72mkDi,89HbgW,Pad5HNMWspaW2L55e3v6TzEkhJ7TC255kcR447EvjhD,3JVF7Kjz7t7qkgDRHdKeMz3qHZpo3oME9nDkb5siR7Ntt89qUBrfgsJiTChKGSACSyafUrqDXuc42gZQ233Bz8QE,hold 3 slots,-0.09371395163695015
89HbgWduLwoxcofWpmn1EiF9wEdpgkNDEyPjzZ72mkDi,89HbgW,Pad5HNMWspaW2L55e3v6TzEkhJ7TC255kcR447EvjhD,3JVF7Kjz7t7qkgDRHdKeMz3qHZpo3oME9nDkb5siR7Ntt89qUBrfgsJiTChKGSACSyafUrqDXuc42gZQ233Bz8QE,hold 5 slots,-0.09371395163695015
89HbgWduLwoxcofWpmn1EiF9wEdpgkNDEyPjzZ72mkDi,89HbgW,Pad5HNMWspaW2L55e3v6TzEkhJ7TC255kcR447EvjhD,3JVF7Kjz7t7qkgDRHdKeMz3qHZpo3oME9nDkb5siR7Ntt89qUBrfgsJiTChKGSACSyafUrqDXuc42gZQ233Bz8QE,hold 12 slots,-0.12231476810262334
89HbgWduLwoxcofWpmn1EiF9wEdpgkNDEyPjzZ72mkDi,89HbgW,Pad5HNMWspaW2L55e3v6TzEkhJ7TC255kcR447EvjhD,3JVF7Kjz7t7qkgDRHdKeMz3qHZpo3oME9nDkb5siR7Ntt89qUBrfgsJiTChKGSACSyafUrqDXuc42gZQ233Bz8QE,hold 25 slots,0.2028083525321362
89HbgWduLwoxcofWpmn1EiF9wEdpgkNDEyPjzZ72mkDi,89HbgW,Pad5HNMWspaW2L55e3v6TzEkhJ7TC255kcR447EvjhD,3JVF7Kjz7t7qkgDRHdKeMz3qHZpo3oME9nDkb5siR7Ntt89qUBrfgsJiTChKGSACSyafUrqDXuc42gZQ233Bz8QE,hold 50 slots,0.17529661023738288
89HbgWduLwoxcofWpmn1EiF9wEdpgkNDEyPjzZ72mkDi,89HbgW,Pad5HNMWspaW2L55e3v6TzEkhJ7TC255kcR447EvjhD,3JVF7Kjz7t7qkgDRHdKeMz3qHZpo3oME9nDkb5siR7Ntt89qUBrfgsJiTChKGSACSyafUrqDXuc42gZQ233Bz8QE,hold 75 slots,0.22941507752107165
89HbgWduLwoxcofWpmn1EiF9wEdpgkNDEyPjzZ72mkDi,89HbgW,Pad5HNMWspaW2L55e3v6TzEkhJ7TC255kcR447EvjhD,3JVF7Kjz7t7qkgDRHdKeMz3qHZpo3oME9nDkb5siR7Ntt89qUBrfgsJiTChKGSACSyafUrqDXuc42gZQ233Bz8QE,hold 150 slots,0.24221702633243036
89HbgWduLwoxcofWpmn1EiF9wEdpgkNDEyPjzZ72mkDi,89HbgW,Pad5HNMWspaW2L55e3v6TzEkhJ7TC255kcR447EvjhD,3JVF7Kjz7t7qkgDRHdKeMz3qHZpo3oME9nDkb5siR7Ntt89qUBrfgsJiTChKGSACSyafUrqDXuc42gZQ233Bz8QE,TP 10% / SL 10%,-0.14260691079786195
89HbgWduLwoxcofWpmn1EiF9wEdpgkNDEyPjzZ72mkDi,89HbgW,Pad5HNMWspaW2L55e3v6TzEkhJ7TC255kcR447EvjhD,3JVF7Kjz7t7qkgDRHdKeMz3qHZpo3oME9nDkb5siR7Ntt89qUBrfgsJiTChKGSACSyafUrqDXuc42gZQ233Bz8QE,TP 20% / SL 10%,-0.14260691079786195
89HbgWduLwoxcofWpmn1EiF9wEdpgkNDEyPjzZ72mkDi,89HbgW,Pad5HNMWspaW2L55e3v6TzEkhJ7TC255kcR447EvjhD,3JVF7Kjz7t7qkgDRHdKeMz3qHZpo3oME9nDkb5siR7Ntt89qUBrfgsJiTChKGSACSyafUrqDXuc42gZQ233Bz8QE,TP 30% / SL 15%,0.31824766710975766
89HbgWduLwoxcofWpmn1EiF9wEdpgkNDEyPjzZ72mkDi,89HbgW,Pad5HNMWspaW2L55e3v6TzEkhJ7TC255kcR447EvjhD,3JVF7Kjz7t7qkgDRHdKeMz3qHZpo3oME9nDkb5siR7Ntt89qUBrfgsJiTChKGSACSyafUrqDXuc42gZQ233Bz8QE,TP 50% / SL 25%,0.24221702633243036
89HbgWduLwoxcofWpmn1EiF9wEdpgkNDEyPjzZ72mkDi,89HbgW,Pad5HNMWspaW2L55e3v6TzEkhJ7TC255kcR447EvjhD,3JVF7Kjz7t7qkgDRHdKeMz3qHZpo3oME9nDkb5siR7Ntt89qUBrfgsJiTChKGSACSyafUrqDXuc42gZQ233Bz8QE,TP 100% / SL 30%,0.24221702633243036
EqiFgyNw6kgrmYstWyrP8VjKhka7XEmKTZzHSmwpr1Zb,EqiFgy,2Dx7XJQp2LGdq14nP98swmtUhfhHz8FVs98bt11Mpump,26nnxTGotbdrhC5qaGQGqva6mzztrD8U2ijKfGnG9mh11tdUjB5mDmFuyvRW7Pq5m7imKMcco8KL7vjp5c1jCVuv,hold 1 slots,-0.052444407216104744
EqiFgyNw6kgrmYstWyrP8VjKhka7XEmKTZzHSmwpr1Zb,EqiFgy,2Dx7XJQp2LGdq14nP98swmtUhfhHz8FVs98bt11Mpump,26nnxTGotbdrhC5qaGQGqva6mzztrD8U2ijKfGnG9mh11tdUjB5mDmFuyvRW7Pq5m7imKMcco8KL7vjp5c1jCVuv,hold 3 slots,-0.052444407216104744
EqiFgyNw6kgrmYstWyrP8VjKhka7XEmKTZzHSmwpr1Zb,EqiFgy,2Dx7XJQp2LGdq14nP98swmtUhfhHz8FVs98bt11Mpump,26nnxTGotbdrhC5qaGQGqva6mzztrD8U2ijKfGnG9mh11tdUjB5mDmFuyvRW7Pq5m7imKMcco8KL7vjp5c1jCVuv,hold 5 slots,-0.052444407216104744
EqiFgyNw6kgrmYstWyrP8VjKhka7XEmKTZzHSmwpr1Zb,EqiFgy,2Dx7XJQp2LGdq14nP98swmtUhfhHz8FVs98bt11Mpump,26nnxTGotbdrhC5qaGQGqva6mzztrD8U2ijKfGnG9mh11tdUjB5mDmFuyvRW7Pq5m7imKMcco8KL7vjp5c1jCVuv,hold 12 slots,-0.052444407216104744
EqiFgyNw6kgrmYstWyrP8VjKhka7XEmKTZzHSmwpr1Zb,EqiFgy,2Dx7XJQp2LGdq14nP98swmtUhfhHz8FVs98bt11Mpump,26nnxTGotbdrhC5qaGQGqva6mzztrD8U2ijKfGnG9mh11tdUjB5mDmFuyvRW7Pq5m7imKMcco8KL7vjp5c1jCVuv,hold 25 slots,-0.052439102552906514
EqiFgyNw6kgrmYstWyrP8VjKhka7XEmKTZzHSmwpr1Zb,EqiFgy,2Dx7XJQp2LGdq14nP98swmtUhfhHz8FVs98bt11Mpump,26nnxTGotbdrhC5qaGQGqva6mzztrD8U2ijKfGnG9mh11tdUjB5mDmFuyvRW7Pq5m7imKMcco8KL7vjp5c1jCVuv,hold 50 slots,0.03354777229700077
EqiFgyNw6kgrmYstWyrP8VjKhka7XEmKTZzHSmwpr1Zb,EqiFgy,2Dx7XJQp2LGdq14nP98swmtUhfhHz8FVs98bt11Mpump,26nnxTGotbdrhC5qaGQGqva6mzztrD8U2ijKfGnG9mh11tdUjB5mDmFuyvRW7Pq5m7imKMcco8KL7vjp5c1jCVuv,hold 75 slots,0.041206042882821085
EqiFgyNw6kgrmYstWyrP8VjKhka7XEmKTZzHSmwpr1Zb,EqiFgy,2Dx7XJQp2LGdq14nP98swmtUhfhHz8FVs98bt11Mpump,26nnxTGotbdrhC5qaGQGqva6mzztrD8U2ijKfGnG9mh11tdUjB5mDmFuyvRW7Pq5m7imKMcco8KL7vjp5c1jCVuv,hold 150 slots,0.10347562158541013
EqiFgyNw6kgrmYstWyrP8VjKhka7XEmKTZzHSmwpr1Zb,EqiFgy,2Dx7XJQp2LGdq14nP98swmtUhfhHz8FVs98bt11Mpump,26nnxTGotbdrhC5qaGQGqva6mzztrD8U2ijKfGnG9mh11tdUjB5mDmFuyvRW7Pq5m7imKMcco8KL7vjp5c1jCVuv,TP 10% / SL 10%,0.10347562158541013
EqiFgyNw6kgrmYstWyrP8VjKhka7XEmKTZzHSmwpr1Zb,EqiFgy,2Dx7XJQp2LGdq14nP98swmtUhfhHz8FVs98bt11Mpump,26nnxTGotbdrhC5qaGQGqva6mzztrD8U2ijKfGnG9mh11tdUjB5mDmFuyvRW7Pq5m7imKMcco8KL7vjp5c1jCVuv,TP 20% / SL 10%,0.10347562158541013
EqiFgyNw6kgrmYstWyrP8VjKhka7XEmKTZzHSmwpr1Zb,EqiFgy,2Dx7XJQp2LGdq14nP98swmtUhfhHz8FVs98bt11Mpump,26nnxTGotbdrhC5qaGQGqva6mzztrD8U2ijKfGnG9mh11tdUjB5mDmFuyvRW7Pq5m7imKMcco8KL7vjp5c1jCVuv,TP 30% / SL 15%,0.10347562158541013
EqiFgyNw6kgrmYstWyrP8VjKhka7XEmKTZzHSmwpr1Zb,EqiFgy,2Dx7XJQp2LGdq14nP98swmtUhfhHz8FVs98bt11Mpump,26nnxTGotbdrhC5qaGQGqva6mzztrD8U2ijKfGnG9mh11tdUjB5mDmFuyvRW7Pq5m7imKMcco8KL7vjp5c1jCVuv,TP 50% / SL 25%,0.10347562158541013
EqiFgyNw6kgrmYstWyrP8VjKhka7XEmKTZzHSmwpr1Zb,EqiFgy,2Dx7XJQp2LGdq14nP98swmtUhfhHz8FVs98bt11Mpump,26nnxTGotbdrhC5qaGQGqva6mzztrD8U2ijKfGnG9mh11tdUjB5mDmFuyvRW7Pq5m7imKMcco8KL7vjp5c1jCVuv,TP 100% / SL 30%,0.10347562158541013
EDXHdSFdadFbYFFjxPXBqMe1kCEDFqpPu552uvp48HR8,EDXHdS,6kM4DCJv6fPq8ftcFj7ifk3wXRZF4WPSsVzcjq2hpump,5YkXT5AYj3qZLnXPKQPrwq74p16mHxyCLEyvrutUQbGPpQwqTBh7BYDTxECAAGhn7n4mPJsdzkfzQ4edXjaDMGJK,follow wallet,-0.4929739936523401
EDXHdSFdadFbYFFjxPXBqMe1kCEDFqpPu552uvp48HR8,EDXHdS,6kM4DCJv6fPq8ftcFj7ifk3wXRZF4WPSsVzcjq2hpump,5YkXT5AYj3qZLnXPKQPrwq74p16mHxyCLEyvrutUQbGPpQwqTBh7BYDTxECAAGhn7n4mPJsdzkfzQ4edXjaDMGJK,hold 1 slots,-0.04837095879516971
EDXHdSFdadFbYFFjxPXBqMe1kCEDFqpPu552uvp48HR8,EDXHdS,6kM4DCJv6fPq8ftcFj7ifk3wXRZF4WPSsVzcjq2hpump,5YkXT5AYj3qZLnXPKQPrwq74p16mHxyCLEyvrutUQbGPpQwqTBh7BYDTxECAAGhn7n4mPJsdzkfzQ4edXjaDMGJK,hold 3 slots,-0.04837095879516971
EDXHdSFdadFbYFFjxPXBqMe1kCEDFqpPu552uvp48HR8,EDXHdS,6kM4DCJv6fPq8ftcFj7ifk3wXRZF4WPSsVzcjq2hpump,5YkXT5AYj3qZLnXPKQPrwq74p16mHxyCLEyvrutUQbGPpQwqTBh7BYDTxECAAGhn7n4mPJsdzkfzQ4edXjaDMGJK,hold 5 slots,-0.023546444698463204
EDXHdSFdadFbYFFjxPXBqMe1kCEDFqpPu552uvp48HR8,EDXHdS,6kM4DCJv6fPq8ftcFj7ifk3wXRZF4WPSsVzcjq2hpump,5YkXT5AYj3qZLnXPKQPrwq74p16mHxyCLEyvrutUQbGPpQwqTBh7BYDTxECAAGhn7n4mPJsdzkfzQ4edXjaDMGJK,hold 12 slots,-0.1939343497716278
EDXHdSFdadFbYFFjxPXBqMe1kCEDFqpPu552uvp48HR8,EDXHdS,6kM4DCJv6fPq8ftcFj7ifk3wXRZF4WPSsVzcjq2hpump,5YkXT5AYj3qZLnXPKQPrwq74p16mHxyCLEyvrutUQbGPpQwqTBh7BYDTxECAAGhn7n4mPJsdzkfzQ4edXjaDMGJK,hold 25 slots,-0.23181129647895385
EDXHdSFdadFbYFFjxPXBqMe1kCEDFqpPu552uvp48HR8,EDXHdS,6kM4DCJv6fPq8ftcFj7ifk3wXRZF4WPSsVzcjq2hpump,5YkXT5AYj3qZLnXPKQPrwq74p16mHxyCLEyvrutUQbGPpQwqTBh7BYDTxECAAGhn7n4mPJsdzkfzQ4edXjaDMGJK,hold 50 slots,-0.42784208774506965
EDXHdSFdadFbYFFjxPXBqMe1kCEDFqpPu552uvp48HR8,EDXHdS,6kM4DCJv6fPq8ftcFj7ifk3wXRZF4WPSsVzcjq2hpump,5YkXT5AYj3qZLnXPKQPrwq74p16mHxyCLEyvrutUQbGPpQwqTBh7BYDTxECAAGhn7n4mPJsdzkfzQ4edXjaDMGJK,hold 75 slots,-0.4439506410662055
EDXHdSFdadFbYFFjxPXBqMe1kCEDFqpPu552uvp48HR8,EDXHdS,6kM4DCJv6fPq8ftcFj7ifk3wXRZF4WPSsVzcjq2hpump,5YkXT5AYj3qZLnXPKQPrwq74p16mHxyCLEyvrutUQbGPpQwqTBh7BYDTxECAAGhn7n4mPJsdzkfzQ4edXjaDMGJK,hold 150 slots,-0.4992313284519104
EDXHdSFdadFbYFFjxPXBqMe1kCEDFqpPu552uvp48HR8,EDXHdS,6kM4DCJv6fPq8ftcFj7ifk3wXRZF4WPSsVzcjq2hpump,5YkXT5AYj3qZLnXPKQPrwq74p16mHxyCLEyvrutUQbGPpQwqTBh7BYDTxECAAGhn7n4mPJsdzkfzQ4edXjaDMGJK,TP 10% / SL 10%,-0.1939343497716278
EDXHdSFdadFbYFFjxPXBqMe1kCEDFqpPu552uvp48HR8,EDXHdS,6kM4DCJv6fPq8ftcFj7ifk3wXRZF4WPSsVzcjq2hpump,5YkXT5AYj3qZLnXPKQPrwq74p16mHxyCLEyvrutUQbGPpQwqTBh7BYDTxECAAGhn7n4mPJsdzkfzQ4edXjaDMGJK,TP 20% / SL 10%,-0.1939343497716278
EDXHdSFdadFbYFFjxPXBqMe1kCEDFqpPu552uvp48HR8,EDXHdS,6kM4DCJv6fPq8ftcFj7ifk3wXRZF4WPSsVzcjq2hpump,5YkXT5AYj3qZLnXPKQPrwq74p16mHxyCLEyvrutUQbGPpQwqTBh7BYDTxECAAGhn7n4mPJsdzkfzQ4edXjaDMGJK,TP 30% / SL 15%,-0.1939343497716278
EDXHdSFdadFbYFFjxPXBqMe1kCEDFqpPu552uvp48HR8,EDXHdS,6kM4DCJv6fPq8ftcFj7ifk3wXRZF4WPSsVzcjq2hpump,5YkXT5AYj3qZLnXPKQPrwq74p16mHxyCLEyvrutUQbGPpQwqTBh7BYDTxECAAGhn7n4mPJsdzkfzQ4edXjaDMGJK,TP 50% / SL 25%,-0.25523559650575683
EDXHdSFdadFbYFFjxPXBqMe1kCEDFqpPu552uvp48HR8,EDXHdS,6kM4DCJv6fPq8ftcFj7ifk3wXRZF4WPSsVzcjq2hpump,5YkXT5AYj3qZLnXPKQPrwq74p16mHxyCLEyvrutUQbGPpQwqTBh7BYDTxECAAGhn7n4mPJsdzkfzQ4edXjaDMGJK,TP 100% / SL 30%,-0.42784208774506965
EDXHdSFdadFbYFFjxPXBqMe1kCEDFqpPu552uvp48HR8,EDXHdS,2jkMrDaqkFWriYteLLzbP5m3Kp3FVB5sK4NYsdcLpump,4TAhwy8guyJcTvDAbNRCbKE9fpSR9Tp34mhMV3wH866heCT5a7LFsxGbGPpozUyvqrTVgNCyESanp3wh8o7Q1tam,follow wallet,-0.24230041860807194
EDXHdSFdadFbYFFjxPXBqMe1kCEDFqpPu552uvp48HR8,EDXHdS,2jkMrDaqkFWriYteLLzbP5m3Kp3FVB5sK4NYsdcLpump,4TAhwy8guyJcTvDAbNRCbKE9fpSR9Tp34mhMV3wH866heCT5a7LFsxGbGPpozUyvqrTVgNCyESanp3wh8o7Q1tam,hold 1 slots,-0.036883180156356214
EDXHdSFdadFbYFFjxPXBqMe1kCEDFqpPu552uvp48HR8,EDXHdS,2jkMrDaqkFWriYteLLzbP5m3Kp3FVB5sK4NYsdcLpump,4TAhwy8guyJcTvDAbNRCbKE9fpSR9Tp34mhMV3wH866heCT5a7LFsxGbGPpozUyvqrTVgNCyESanp3wh8o7Q1tam,hold 3 slots,-0.03584344962978757
EDXHdSFdadFbYFFjxPXBqMe1kCEDFqpPu552uvp48HR8,EDXHdS,2jkMrDaqkFWriYteLLzbP5m3Kp3FVB5sK4NYsdcLpump,4TAhwy8guyJcTvDAbNRCbKE9fpSR9Tp34mhMV3wH866heCT5a7LFsxGbGPpozUyvqrTVgNCyESanp3wh8o7Q1tam,hold 5 slots,-0.05810450270711732
EDXHdSFdadFbYFFjxPXBqMe1kCEDFqpPu552uvp48HR8,EDXHdS,2jkMrDaqkFWriYteLLzbP5m3Kp3FVB5sK4NYsdcLpump,4TAhwy8guyJcTvDAbNRCbKE9fpSR9Tp34mhMV3wH866heCT5a7LFsxGbGPpozUyvqrTVgNCyESanp3wh8o7Q1tam,hold 12 slots,-0.09553885822850705
EDXHdSFdadFbYFFjxPXBqMe1kCEDFqpPu552uvp48HR8,EDXHdS,2jkMrDaqkFWriYteLLzbP5m3Kp3FVB5sK4NYsdcLpump,4TAhwy8guyJcTvDAbNRCbKE9fpSR9Tp34mhMV3wH866heCT5a7LFsxGbGPpozUyvqrTVgNCyESanp3wh8o7Q1tam,hold 25 slots,-0.2102616476270001
EDXHdSFdadFbYFFjxPXBqMe1kCEDFqpPu552uvp48HR8,EDXHdS,2jkMrDaqkFWriYteLLzbP5m3Kp3FVB5sK4NYsdcLpump,4TAhwy8guyJcTvDAbNRCbKE9fpSR9Tp34mhMV3wH866heCT5a7LFsxGbGPpozUyvqrTVgNCyESanp3wh8o7Q1tam,hold 50 slots,0.08973958051749753
EDXHdSFdadFbYFFjxPXBqMe1kCEDFqpPu552uvp48HR8,EDXHdS,2jkMrDaqkFWriYteLLzbP5m3Kp3FVB5sK4NYsdcLpump,4TAhwy8guyJcTvDAbNRCbKE9fpSR9Tp34mhMV3wH866heCT5a7LFsxGbGPpozUyvqrTVgNCyESanp3wh8o7Q1tam,hold 75 slots,-0.11374123089444338
EDXHdSFdadFbYFFjxPXBqMe1kCEDFqpPu552uvp48HR8,EDXHdS,2jkMrDaqkFWriYteLLzbP5m3Kp3FVB5sK4NYsdcLpump,4TAhwy8guyJcTvDAbNRCbKE9fpSR9Tp34mhMV3wH866heCT5a7LFsxGbGPpozUyvqrTVgNCyESanp3wh8o7Q1tam,hold 150 slots,-0.3116044754342102
EDXHdSFdadFbYFFjxPXBqMe1kCEDFqpPu552uvp48HR8,EDXHdS,2jkMrDaqkFWriYteLLzbP5m3Kp3FVB5sK4NYsdcLpump,4TAhwy8guyJcTvDAbNRCbKE9fpSR9Tp34mhMV3wH866heCT5a7LFsxGbGPpozUyvqrTVgNCyESanp3wh8o7Q1tam,TP 10% / SL 10%,-0.14958087828762698
EDXHdSFdadFbYFFjxPXBqMe1kCEDFqpPu552uvp48HR8,EDXHdS,2jkMrDaqkFWriYteLLzbP5m3Kp3FVB5sK4NYsdcLpump,4TAhwy8guyJcTvDAbNRCbKE9fpSR9Tp34mhMV3wH866heCT5a7LFsxGbGPpozUyvqrTVgNCyESanp3wh8o7Q1tam,TP 20% / SL 10%,-0.14958087828762698
EDXHdSFdadFbYFFjxPXBqMe1kCEDFqpPu552uvp48HR8,EDXHdS,2jkMrDaqkFWriYteLLzbP5m3Kp3FVB5sK4NYsdcLpump,4TAhwy8guyJcTvDAbNRCbKE9fpSR9Tp34mhMV3wH866heCT5a7LFsxGbGPpozUyvqrTVgNCyESanp3wh8o7Q1tam,TP 30% / SL 15%,-0.2102616476270001
EDXHdSFdadFbYFFjxPXBqMe1kCEDFqpPu552uvp48HR8,EDXHdS,2jkMrDaqkFWriYteLLzbP5m3Kp3FVB5sK4NYsdcLpump,4TAhwy8guyJcTvDAbNRCbKE9fpSR9Tp34mhMV3wH866heCT5a7LFsxGbGPpozUyvqrTVgNCyESanp3wh8o7Q1tam,TP 50% / SL 25%,-0.3116044754342102
EDXHdSFdadFbYFFjxPXBqMe1kCEDFqpPu552uvp48HR8,EDXHdS,2jkMrDaqkFWriYteLLzbP5m3Kp3FVB5sK4NYsdcLpump,4TAhwy8guyJcTvDAbNRCbKE9fpSR9Tp34mhMV3wH866heCT5a7LFsxGbGPpozUyvqrTVgNCyESanp3wh8o7Q1tam,TP 100% / SL 30%,-0.3116044754342102
EDXHdSFdadFbYFFjxPXBqMe1kCEDFqpPu552uvp48HR8,EDXHdS,CFoQi5jHJDBfMKeJT5HfkTyhXBxVDfUovrHYWFmhH1op,2MZhTWUwCre1JmrpdB6F4tf2ia5roWKuo9ko3cL2DVXBgYwZoNcwdjWQBotd1QEzsicP2Ye9zUpe4CmmiBjJuCJx,follow wallet,-0.35154039454208
EDXHdSFdadFbYFFjxPXBqMe1kCEDFqpPu552uvp48HR8,EDXHdS,CFoQi5jHJDBfMKeJT5HfkTyhXBxVDfUovrHYWFmhH1op,2MZhTWUwCre1JmrpdB6F4tf2ia5roWKuo9ko3cL2DVXBgYwZoNcwdjWQBotd1QEzsicP2Ye9zUpe4CmmiBjJuCJx,hold 1 slots,-0.04343752446038091
EDXHdSFdadFbYFFjxPXBqMe1kCEDFqpPu552uvp48HR8,EDXHdS,CFoQi5jHJDBfMKeJT5HfkTyhXBxVDfUovrHYWFmhH1op,2MZhTWUwCre1JmrpdB6F4tf2ia5roWKuo9ko3cL2DVXBgYwZoNcwdjWQBotd1QEzsicP2Ye9zUpe4CmmiBjJuCJx,hold 3 slots,0.017666773598637105
EDXHdSFdadFbYFFjxPXBqMe1kCEDFqpPu552uvp48HR8,EDXHdS,CFoQi5jHJDBfMKeJT5HfkTyhXBxVDfUovrHYWFmhH1op,2MZhTWUwCre1JmrpdB6F4tf2ia5roWKuo9ko3cL2DVXBgYwZoNcwdjWQBotd1QEzsicP2Ye9zUpe4CmmiBjJuCJx,hold 5 slots,-0.061052341726818206
EDXHdSFdadFbYFFjxPXBqMe1kCEDFqpPu552uvp48HR8,EDXHdS,CFoQi5jHJDBfMKeJT5HfkTyhXBxVDfUovrHYWFmhH1op,2MZhTWUwCre1JmrpdB6F4tf2ia5roWKuo9ko3cL2DVXBgYwZoNcwdjWQBotd1QEzsicP2Ye9zUpe4CmmiBjJuCJx,hold 12 slots,0.10573333163712836
EDXHdSFdadFbYFFjxPXBqMe1kCEDFqpPu552uvp48HR8,EDXHdS,CFoQi5jHJDBfMKeJT5HfkTyhXBxVDfUovrHYWFmhH1op,2MZhTWUwCre1JmrpdB6F4tf2ia5roWKuo9ko3cL2DVXBgYwZoNcwdjWQBotd1QEzsicP2Ye9zUpe4CmmiBjJuCJx,hold 25 slots,-0.07597074065882695
EDXHdSFdadFbYFFjxPXBqMe1kCEDFqpPu552uvp48HR8,EDXHdS,CFoQi5jHJDBfMKeJT5HfkTyhXBxVDfUovrHYWFmhH1op,2MZhTWUwCre1JmrpdB6F4tf2ia5roWKuo9ko3cL2DVXBgYwZoNcwdjWQBotd1QEzsicP2Ye9zUpe4CmmiBjJuCJx,hold 50 slots,-0.3638921821342646
EDXHdSFdadFbYFFjxPXBqMe1kCEDFqpPu552uvp48HR8,EDXHdS,CFoQi5jHJDBfMKeJT5HfkTyhXBxVDfUovrHYWFmhH1op,2MZhTWUwCre1JmrpdB6F4tf2ia5roWKuo9ko3cL2DVXBgYwZoNcwdjWQBotd1QEzsicP2Ye9zUpe4CmmiBjJuCJx,hold 75 slots,-0.3638921821342646
EDXHdSFdadFbYFFjxPXBqMe1kCEDFqpPu552uvp48HR8,EDXHdS,CFoQi5jHJDBfMKeJT5HfkTyhXBxVDfUovrHYWFmhH1op,2MZhTWUwCre1JmrpdB6F4tf2ia5roWKuo9ko3cL2DVXBgYwZoNcwdjWQBotd1QEzsicP2Ye9zUpe4CmmiBjJuCJx,hold 150 slots,-0.38135181606109037
EDXHdSFdadFbYFFjxPXBqMe1kCEDFqpPu552uvp48HR8,EDXHdS,CFoQi5jHJDBfMKeJT5HfkTyhXBxVDfUovrHYWFmhH1op,2MZhTWUwCre1JmrpdB6F4tf2ia5roWKuo9ko3cL2DVXBgYwZoNcwdjWQBotd1QEzsicP2Ye9zUpe4CmmiBjJuCJx,TP 10% / SL 10%,0.10573333163712836
EDXHdSFdadFbYFFjxPXBqMe1kCEDFqpPu552uvp48HR8,EDXHdS,CFoQi5jHJDBfMKeJT5HfkTyhXBxVDfUovrHYWFmhH1op,2MZhTWUwCre1JmrpdB6F4tf2ia5roWKuo9ko3cL2DVXBgYwZoNcwdjWQBotd1QEzsicP2Ye9zUpe4CmmiBjJuCJx,TP 20% / SL 10%,-0.35852571448611353
EDXHdSFdadFbYFFjxPXBqMe1kCEDFqpPu552uvp48HR8,EDXHdS,CFoQi5jHJDBfMKeJT5HfkTyhXBxVDfUovrHYWFmhH1op,2MZhTWUwCre1JmrpdB6F4tf2ia5roWKuo9ko3cL2DVXBgYwZoNcwdjWQBotd1QEzsicP2Ye9zUpe4CmmiBjJuCJx,TP 30% / SL 15%,-0.35852571448611353
EDXHdSFdadFbYFFjxPXBqMe1kCEDFqpPu552uvp48HR8,EDXHdS,CFoQi5jHJDBfMKeJT5HfkTyhXBxVDfUovrHYWFmhH1op,2MZhTWUwCre1JmrpdB6F4tf2ia5roWKuo9ko3cL2DVXBgYwZoNcwdjWQBotd1QEzsicP2Ye9zUpe4CmmiBjJuCJx,TP 50% / SL 25%,-0.35852571448611353
EDXHdSFdadFbYFFjxPXBqMe1kCEDFqpPu552uvp48HR8,EDXHdS,CFoQi5jHJDBfMKeJT5HfkTyhXBxVDfUovrHYWFmhH1op,2MZhTWUwCre1JmrpdB6F4tf2ia5roWKuo9ko3cL2DVXBgYwZoNcwdjWQBotd1QEzsicP2Ye9zUpe4CmmiBjJuCJx,TP 100% / SL 30%,-0.35852571448611353
EDXHdSFdadFbYFFjxPXBqMe1kCEDFqpPu552uvp48HR8,EDXHdS,EcZndAERfzNhLirHwfsy44dAyPSZazjDU83pa6RApump,2YmVmXFTBYYz6BEz34MoryRwh3WDmzDLVa8eZRwFkBrpdpSjFj44BkfHh3YvjvfWfnyT67Uajhu7t9KjX6zgc7iY,follow wallet,-0.16286639040006842
EDXHdSFdadFbYFFjxPXBqMe1kCEDFqpPu552uvp48HR8,EDXHdS,EcZndAERfzNhLirHwfsy44dAyPSZazjDU83pa6RApump,2YmVmXFTBYYz6BEz34MoryRwh3WDmzDLVa8eZRwFkBrpdpSjFj44BkfHh3YvjvfWfnyT67Uajhu7t9KjX6zgc7iY,hold 1 slots,-0.03459310806160641
EDXHdSFdadFbYFFjxPXBqMe1kCEDFqpPu552uvp48HR8,EDXHdS,EcZndAERfzNhLirHwfsy44dAyPSZazjDU83pa6RApump,2YmVmXFTBYYz6BEz34MoryRwh3WDmzDLVa8eZRwFkBrpdpSjFj44BkfHh3YvjvfWfnyT67Uajhu7t9KjX6zgc7iY,hold 3 slots,-0.03459310806160641
EDXHdSFdadFbYFFjxPXBqMe1kCEDFqpPu552uvp48HR8,EDXHdS,EcZndAERfzNhLirHwfsy44dAyPSZazjDU83pa6RApump,2YmVmXFTBYYz6BEz34MoryRwh3WDmzDLVa8eZRwFkBrpdpSjFj44BkfHh3YvjvfWfnyT67Uajhu7t9KjX6zgc7iY,hold 5 slots,-0.03459310806160641
EDXHdSFdadFbYFFjxPXBqMe1kCEDFqpPu552uvp48HR8,EDXHdS,EcZndAERfzNhLirHwfsy44dAyPSZazjDU83pa6RApump,2YmVmXFTBYYz6BEz34MoryRwh3WDmzDLVa8eZRwFkBrpdpSjFj44BkfHh3YvjvfWfnyT67Uajhu7t9KjX6zgc7iY,hold 12 slots,0.12794629195938728
EDXHdSFdadFbYFFjxPXBqMe1kCEDFqpPu552uvp48HR8,EDXHdS,EcZndAERfzNhLirHwfsy44dAyPSZazjDU83pa6RApump,2YmVmXFTBYYz6BEz34MoryRwh3WDmzDLVa8eZRwFkBrpdpSjFj44BkfHh3YvjvfWfnyT67Uajhu7t9KjX6zgc7iY,hold 25 slots,-0.002575017505352855
EDXHdSFdadFbYFFjxPXBqMe1kCEDFqpPu552uvp48HR8,EDXHdS,EcZndAERfzNhLirHwfsy44dAyPSZazjDU83pa6RApump,2YmVmXFTBYYz6BEz34MoryRwh3WDmzDLVa8eZRwFkBrpdpSjFj44BkfHh3YvjvfWfnyT67Uajhu7t9KjX6zgc7iY,hold 50 slots,-0.14130265447133183
EDXHdSFdadFbYFFjxPXBqMe1kCEDFqpPu552uvp48HR8,EDXHdS,EcZndAERfzNhLirHwfsy44dAyPSZazjDU83pa6RApump,2YmVmXFTBYYz6BEz34MoryRwh3WDmzDLVa8eZRwFkBrpdpSjFj44BkfHh3YvjvfWfnyT67Uajhu7t9KjX6zgc7iY,hold 75 slots,-0.1455149443045789
EDXHdSFdadFbYFFjxPXBqMe1kCEDFqpPu552uvp48HR8,EDXHdS,EcZndAERfzNhLirHwfsy44dAyPSZazjDU83pa6RApump,2YmVmXFTBYYz6BEz34MoryRwh3WDmzDLVa8eZRwFkBrpdpSjFj44BkfHh3YvjvfWfnyT67Uajhu7t9KjX6zgc7iY,hold 150 slots,-0.26248934147833075
EDXHdSFdadFbYFFjxPXBqMe1kCEDFqpPu552uvp48HR8,EDXHdS,EcZndAERfzNhLirHwfsy44dAyPSZazjDU83pa6RApump,2YmVmXFTBYYz6BEz34MoryRwh3WDmzDLVa8eZRwFkBrpdpSjFj44BkfHh3YvjvfWfnyT67Uajhu7t9KjX6zgc7iY,TP 10% / SL 10%,0.12794629195938728
EDXHdSFdadFbYFFjxPXBqMe1kCEDFqpPu552uvp48HR8,EDXHdS,EcZndAERfzNhLirHwfsy44dAyPSZazjDU83pa6RApump,2YmVmXFTBYYz6BEz34MoryRwh3WDmzDLVa8eZRwFkBrpdpSjFj44BkfHh3YvjvfWfnyT67Uajhu7t9KjX6zgc7iY,TP 20% / SL 10%,-0.14130265447133183
EDXHdSFdadFbYFFjxPXBqMe1kCEDFqpPu552uvp48HR8,EDXHdS,EcZndAERfzNhLirHwfsy44dAyPSZazjDU83pa6RApump,2YmVmXFTBYYz6BEz34MoryRwh3WDmzDLVa8eZRwFkBrpdpSjFj44BkfHh3YvjvfWfnyT67Uajhu7t9KjX6zgc7iY,TP 30% / SL 15%,-0.26248934147833075
EDXHdSFdadFbYFFjxPXBqMe1kCEDFqpPu552uvp48HR8,EDXHdS,EcZndAERfzNhLirHwfsy44dAyPSZazjDU83pa6RApump,2YmVmXFTBYYz6BEz34MoryRwh3WDmzDLVa8eZRwFkBrpdpSjFj44BkfHh3YvjvfWfnyT67Uajhu7t9KjX6zgc7iY,TP 50% / SL 25%,-0.26248934147833075
EDXHdSFdadFbYFFjxPXBqMe1kCEDFqpPu552uvp48HR8,EDXHdS,EcZndAERfzNhLirHwfsy44dAyPSZazjDU83pa6RApump,2YmVmXFTBYYz6BEz34MoryRwh3WDmzDLVa8eZRwFkBrpdpSjFj44BkfHh3YvjvfWfnyT67Uajhu7t9KjX6zgc7iY,TP 100% / SL 30%,-0.26248934147833075
EDXHdSFdadFbYFFjxPXBqMe1kCEDFqpPu552uvp48HR8,EDXHdS,Cby3ez3SB5fBjeMZ8mn3qbYABMXWUikrcbnAA9MCdUM9,YpYgNm3y7Qy5B3rD2gcH9jZkLMwZ9rd4sS6kyaS5Hu9ibcPuh1eoU9qtcv9HaKKYwhfp5vqyHwKTCvFFaaWnugn,follow wallet,-0.46591919825649536
EDXHdSFdadFbYFFjxPXBqMe1kCEDFqpPu552uvp48HR8,EDXHdS,Cby3ez3SB5fBjeMZ8mn3qbYABMXWUikrcbnAA9MCdUM9,YpYgNm3y7Qy5B3rD2gcH9jZkLMwZ9rd4sS6kyaS5Hu9ibcPuh1eoU9qtcv9HaKKYwhfp5vqyHwKTCvFFaaWnugn,hold 1 slots,-0.06270756139730048
EDXHdSFdadFbYFFjxPXBqMe1kCEDFqpPu552uvp48HR8,EDXHdS,Cby3ez3SB5fBjeMZ8mn3qbYABMXWUikrcbnAA9MCdUM9,YpYgNm3y7Qy5B3rD2gcH9jZkLMwZ9rd4sS6kyaS5Hu9ibcPuh1eoU9qtcv9HaKKYwhfp5vqyHwKTCvFFaaWnugn,hold 3 slots,-0.07717095653398381
EDXHdSFdadFbYFFjxPXBqMe1kCEDFqpPu552uvp48HR8,EDXHdS,Cby3ez3SB5fBjeMZ8mn3qbYABMXWUikrcbnAA9MCdUM9,YpYgNm3y7Qy5B3rD2gcH9jZkLMwZ9rd4sS6kyaS5Hu9ibcPuh1eoU9qtcv9HaKKYwhfp5vqyHwKTCvFFaaWnugn,hold 5 slots,-0.05547672013838196
EDXHdSFdadFbYFFjxPXBqMe1kCEDFqpPu552uvp48HR8,EDXHdS,Cby3ez3SB5fBjeMZ8mn3qbYABMXWUikrcbnAA9MCdUM9,YpYgNm3y7Qy5B3rD2gcH9jZkLMwZ9rd4sS6kyaS5Hu9ibcPuh1eoU9qtcv9HaKKYwhfp5vqyHwKTCvFFaaWnugn,hold 12 slots,-0.01549945345983398
EDXHdSFdadFbYFFjxPXBqMe1kCEDFqpPu552uvp48HR8,EDXHdS,Cby3ez3SB5fBjeMZ8mn3qbYABMXWUikrcbnAA9MCdUM9,YpYgNm3y7Qy5B3rD2gcH9jZkLMwZ9rd4sS6kyaS5Hu9ibcPuh1eoU9qtcv9HaKKYwhfp5vqyHwKTCvFFaaWnugn,hold 25 slots,0.21101780816406607
EDXHdSFdadFbYFFjxPXBqMe1kCEDFqpPu552uvp48HR8,EDXHdS,Cby3ez3SB5fBjeMZ8mn3qbYABMXWUikrcbnAA9MCdUM9,YpYgNm3y7Qy5B3rD2gcH9jZkLMwZ9rd4sS6kyaS5Hu9ibcPuh1eoU9qtcv9HaKKYwhfp5vqyHwKTCvFFaaWnugn,hold 50 slots,0.10797839014437366
EDXHdSFdadFbYFFjxPXBqMe1kCEDFqpPu552uvp48HR8,EDXHdS,Cby3ez3SB5fBjeMZ8mn3qbYABMXWUikrcbnAA9MCdUM9,YpYgNm3y7Qy5B3rD2gcH9jZkLMwZ9rd4sS6kyaS5Hu9ibcPuh1eoU9qtcv9HaKKYwhfp5vqyHwKTCvFFaaWnugn,hold 75 slots,0.28155822578833484
EDXHdSFdadFbYFFjxPXBqMe1kCEDFqpPu552uvp48HR8,EDXHdS,Cby3ez3SB5fBjeMZ8mn3qbYABMXWUikrcbnAA9MCdUM9,YpYgNm3y7Qy5B3rD2gcH9jZkLMwZ9rd4sS6kyaS5Hu9ibcPuh1eoU9qtcv9HaKKYwhfp5vqyHwKTCvFFaaWnugn,hold 150 slots,0.1765421699766724
EDXHdSFdadFbYFFjxPXBqMe1kCEDFqpPu552uvp48HR8,EDXHdS,Cby3ez3SB5fBjeMZ8mn3qbYABMXWUikrcbnAA9MCdUM9,YpYgNm3y7Qy5B3rD2gcH9jZkLMwZ9rd4sS6kyaS5Hu9ibcPuh1eoU9qtcv9HaKKYwhfp5vqyHwKTCvFFaaWnugn,TP 10% / SL 10%,0.21101780816406607
EDXHdSFdadFbYFFjxPXBqMe1kCEDFqpPu552uvp48HR8,EDXHdS,Cby3ez3SB5fBjeMZ8mn3qbYABMXWUikrcbnAA9MCdUM9,YpYgNm3y7Qy5B3rD2gcH9jZkLMwZ9rd4sS6kyaS5Hu9ibcPuh1eoU9qtcv9HaKKYwhfp5vqyHwKTCvFFaaWnugn,TP 20% / SL 10%,0.21101780816406607
EDXHdSFdadFbYFFjxPXBqMe1kCEDFqpPu552uvp48HR8,EDXHdS,Cby3ez3SB5fBjeMZ8mn3qbYABMXWUikrcbnAA9MCdUM9,YpYgNm3y7Qy5B3rD2gcH9jZkLMwZ9rd4sS6kyaS5Hu9ibcPuh1eoU9qtcv9HaKKYwhfp5vqyHwKTCvFFaaWnugn,TP 30% / SL 15%,0.1765421699766724
EDXHdSFdadFbYFFjxPXBqMe1kCEDFqpPu552uvp48HR8,EDXHdS,Cby3ez3SB5fBjeMZ8mn3qbYABMXWUikrcbnAA9MCdUM9,YpYgNm3y7Qy5B3rD2gcH9jZkLMwZ9rd4sS6kyaS5Hu9ibcPuh1eoU9qtcv9HaKKYwhfp5vqyHwKTCvFFaaWnugn,TP 50% / SL 25%,0.1765421699766724
EDXHdSFdadFbYFFjxPXBqMe1kCEDFqpPu552uvp48HR8,EDXHdS,Cby3ez3SB5fBjeMZ8mn3qbYABMXWUikrcbnAA9MCdUM9,YpYgNm3y7Qy5B3rD2gcH9jZkLMwZ9rd4sS6kyaS5Hu9ibcPuh1eoU9qtcv9HaKKYwhfp5vqyHwKTCvFFaaWnugn,TP 100% / SL 30%,0.1765421699766724
FqamE7xrahg7FEWoByrx1o8SeyHt44rpmE6ZQfT7zrve,FqamE7,GBmsCGUcbfnoNB9RnHusbCssxbECEjbkdZ3ZYR9kY8Si,3SHHZzvKz9rmc2LFtYsoeMr8TnF5iKFfkoAjq1TV9wvBrEhRDnoKn3mZLgHMdPzXvBT1VeDzX4xcbJZx7fmMGDpY,follow wallet,-0.3240167926754776
FqamE7xrahg7FEWoByrx1o8SeyHt44rpmE6ZQfT7zrve,FqamE7,GBmsCGUcbfnoNB9RnHusbCssxbECEjbkdZ3ZYR9kY8Si,3SHHZzvKz9rmc2LFtYsoeMr8TnF5iKFfkoAjq1TV9wvBrEhRDnoKn3mZLgHMdPzXvBT1VeDzX4xcbJZx7fmMGDpY,hold 1 slots,-0.0589799926418854
FqamE7xrahg7FEWoByrx1o8SeyHt44rpmE6ZQfT7zrve,FqamE7,GBmsCGUcbfnoNB9RnHusbCssxbECEjbkdZ3ZYR9kY8Si,3SHHZzvKz9rmc2LFtYsoeMr8TnF5iKFfkoAjq1TV9wvBrEhRDnoKn3mZLgHMdPzXvBT1VeDzX4xcbJZx7fmMGDpY,hold 3 slots,-0.011934938896968365
FqamE7xrahg7FEWoByrx1o8SeyHt44rpmE6ZQfT7zrve,FqamE7,GBmsCGUcbfnoNB9RnHusbCssxbECEjbkdZ3ZYR9kY8Si,3SHHZzvKz9rmc2LFtYsoeMr8TnF5iKFfkoAjq1TV9wvBrEhRDnoKn3mZLgHMdPzXvBT1VeDzX4xcbJZx7fmMGDpY,hold 5 slots,-0.011934938896968365
FqamE7xrahg7FEWoByrx1o8SeyHt44rpmE6ZQfT7zrve,FqamE7,GBmsCGUcbfnoNB9RnHusbCssxbECEjbkdZ3ZYR9kY8Si,3SHHZzvKz9rmc2LFtYsoeMr8TnF5iKFfkoAjq1TV9wvBrEhRDnoKn3mZLgHMdPzXvBT1VeDzX4xcbJZx7fmMGDpY,hold 12 slots,-0.04620257403066468
FqamE7xrahg7FEWoByrx1o8SeyHt44rpmE6ZQfT7zrve,FqamE7,GBmsCGUcbfnoNB9RnHusbCssxbECEjbkdZ3ZYR9kY8Si,3SHHZzvKz9rmc2LFtYsoeMr8TnF5iKFfkoAjq1TV9wvBrEhRDnoKn3mZLgHMdPzXvBT1VeDzX4xcbJZx7fmMGDpY,hold 25 slots,-0.035864575101950645
FqamE7xrahg7FEWoByrx1o8SeyHt44rpmE6ZQfT7zrve,FqamE7,GBmsCGUcbfnoNB9RnHusbCssxbECEjbkdZ3ZYR9kY8Si,3SHHZzvKz9rmc2LFtYsoeMr8TnF5iKFfkoAjq1TV9wvBrEhRDnoKn3mZLgHMdPzXvBT1VeDzX4xcbJZx7fmMGDpY,hold 50 slots,-0.131082689616493
FqamE7xrahg7FEWoByrx1o8SeyHt44rpmE6ZQfT7zrve,FqamE7,GBmsCGUcbfnoNB9RnHusbCssxbECEjbkdZ3ZYR9kY8Si,3SHHZzvKz9rmc2LFtYsoeMr8TnF5iKFfkoAjq1TV9wvBrEhRDnoKn3mZLgHMdPzXvBT1VeDzX4xcbJZx7fmMGDpY,hold 75 slots,-0.11980027655065978
FqamE7xrahg7FEWoByrx1o8SeyHt44rpmE6ZQfT7zrve,FqamE7,GBmsCGUcbfnoNB9RnHusbCssxbECEjbkdZ3ZYR9kY8Si,3SHHZzvKz9rmc2LFtYsoeMr8TnF5iKFfkoAjq1TV9wvBrEhRDnoKn3mZLgHMdPzXvBT1VeDzX4xcbJZx7fmMGDpY,hold 150 slots,-0.09409378926440609
FqamE7xrahg7FEWoByrx1o8SeyHt44rpmE6ZQfT7zrve,FqamE7,GBmsCGUcbfnoNB9RnHusbCssxbECEjbkdZ3ZYR9kY8Si,3SHHZzvKz9rmc2LFtYsoeMr8TnF5iKFfkoAjq1TV9wvBrEhRDnoKn3mZLgHMdPzXvBT1VeDzX4xcbJZx7fmMGDpY,TP 10% / SL 10%,-0.131082689616493
FqamE7xrahg7FEWoByrx1o8SeyHt44rpmE6ZQfT7zrve,FqamE7,GBmsCGUcbfnoNB9RnHusbCssxbECEjbkdZ3ZYR9kY8Si,3SHHZzvKz9rmc2LFtYsoeMr8TnF5iKFfkoAjq1TV9wvBrEhRDnoKn3mZLgHMdPzXvBT1VeDzX4xcbJZx7fmMGDpY,TP 20% / SL 10%,-0.131082689616493
FqamE7xrahg7FEWoByrx1o8SeyHt44rpmE6ZQfT7zrve,FqamE7,GBmsCGUcbfnoNB9RnHusbCssxbECEjbkdZ3ZYR9kY8Si,3SHHZzvKz9rmc2LFtYsoeMr8TnF5iKFfkoAjq1TV9wvBrEhRDnoKn3mZLgHMdPzXvBT1VeDzX4xcbJZx7fmMGDpY,TP 30% / SL 15%,-0.09409378926440609
FqamE7xrahg7FEWoByrx1o8SeyHt44rpmE6ZQfT7zrve,FqamE7,GBmsCGUcbfnoNB9RnHusbCssxbECEjbkdZ3ZYR9kY8Si,3SHHZzvKz9rmc2LFtYsoeMr8TnF5iKFfkoAjq1TV9wvBrEhRDnoKn3mZLgHMdPzXvBT1VeDzX4xcbJZx7fmMGDpY,TP 50% / SL 25%,-0.09409378926440609
FqamE7xrahg7FEWoByrx1o8SeyHt44rpmE6ZQfT7zrve,FqamE7,GBmsCGUcbfnoNB9RnHusbCssxbECEjbkdZ3ZYR9kY8Si,3SHHZzvKz9rmc2LFtYsoeMr8TnF5iKFfkoAjq1TV9wvBrEhRDnoKn3mZLgHMdPzXvBT1VeDzX4xcbJZx7fmMGDpY,TP 100% / SL 30%,-0.09409378926440609
FqamE7xrahg7FEWoByrx1o8SeyHt44rpmE6ZQfT7zrve,FqamE7,4jGJ8x1NeJGZ18kockk5Ydbj4HorEqg2RpgndRoXpump,4FkqZxwHw2G4KZwiepZuvfboJGMvmuppJmThaGYFSNj1a3HEHPe4Ukd76f1NwExNGMaVw6QXwwnMYwBFWsGRbXam,follow wallet,-0.38687791765468693
FqamE7xrahg7FEWoByrx1o8SeyHt44rpmE6ZQfT7zrve,FqamE7,4jGJ8x1NeJGZ18kockk5Ydbj4HorEqg2RpgndRoXpump,4FkqZxwHw2G4KZwiepZuvfboJGMvmuppJmThaGYFSNj1a3HEHPe4Ukd76f1NwExNGMaVw6QXwwnMYwBFWsGRbXam,hold 1 slots,-0.05727671702871895
FqamE7xrahg7FEWoByrx1o8SeyHt44rpmE6ZQfT7zrve,FqamE7,4jGJ8x1NeJGZ18kockk5Ydbj4HorEqg2RpgndRoXpump,4FkqZxwHw2G4KZwiepZuvfboJGMvmuppJmThaGYFSNj1a3HEHPe4Ukd76f1NwExNGMaVw6QXwwnMYwBFWsGRbXam,hold 3 slots,-0.12087317420078741
FqamE7xrahg7FEWoByrx1o8SeyHt44rpmE6ZQfT7zrve,FqamE7,4jGJ8x1NeJGZ18kockk5Ydbj4HorEqg2RpgndRoXpump,4FkqZxwHw2G4KZwiepZuvfboJGMvmuppJmThaGYFSNj1a3HEHPe4Ukd76f1NwExNGMaVw6QXwwnMYwBFWsGRbXam,hold 5 slots,-0.1291075263612994
FqamE7xrahg7FEWoByrx1o8SeyHt44rpmE6ZQfT7zrve,FqamE7,4jGJ8x1NeJGZ18kockk5Ydbj4HorEqg2RpgndRoXpump,4FkqZxwHw2G4KZwiepZuvfboJGMvmuppJmThaGYFSNj1a3HEHPe4Ukd76f1NwExNGMaVw6QXwwnMYwBFWsGRbXam,hold 12 slots,-0.1873190224905671
FqamE7xrahg7FEWoByrx1o8SeyHt44rpmE6ZQfT7zrve,FqamE7,4jGJ8x1NeJGZ18kockk5Ydbj4HorEqg2RpgndRoXpump,4FkqZxwHw2G4KZwiepZuvfboJGMvmuppJmThaGYFSNj1a3HEHPe4Ukd76f1NwExNGMaVw6QXwwnMYwBFWsGRbXam,hold 25 slots,-0.14771526073309876
FqamE7xrahg7FEWoByrx1o8SeyHt44rpmE6ZQfT7zrve,FqamE7,4jGJ8x1NeJGZ18kockk5Ydbj4HorEqg2RpgndRoXpump,4FkqZxwHw2G4KZwiepZuvfboJGMvmuppJmThaGYFSNj1a3HEHPe4Ukd76f1NwExNGMaVw6QXwwnMYwBFWsGRbXam,hold 50 slots,-0.1624573193642981
FqamE7xrahg7FEWoByrx1o8SeyHt44rpmE6ZQfT7zrve,FqamE7,4jGJ8x1NeJGZ18kockk5Ydbj4HorEqg2RpgndRoXpump,4FkqZxwHw2G4KZwiepZuvfboJGMvmuppJmThaGYFSNj1a3HEHPe4Ukd76f1NwExNGMaVw6QXwwnMYwBFWsGRbXam,hold 75 slots,-0.19440588601065803
FqamE7xrahg7FEWoByrx1o8SeyHt44rpmE6ZQfT7zrve,FqamE7,4jGJ8x1NeJGZ18kockk5Ydbj4HorEqg2RpgndRoXpump,4FkqZxwHw2G4KZwiepZuvfboJGMvmuppJmThaGYFSNj1a3HEHPe4Ukd76f1NwExNGMaVw6QXwwnMYwBFWsGRbXam,hold 150 slots,-0.08986545656085754
FqamE7xrahg7FEWoByrx1o8SeyHt44rpmE6ZQfT7zrve,FqamE7,4jGJ8x1NeJGZ18kockk5Ydbj4HorEqg2RpgndRoXpump,4FkqZxwHw2G4KZwiepZuvfboJGMvmuppJmThaGYFSNj1a3HEHPe4Ukd76f1NwExNGMaVw6QXwwnMYwBFWsGRbXam,TP 10% / SL 10%,-0.12087317420078741
FqamE7xrahg7FEWoByrx1o8SeyHt44rpmE6ZQfT7zrve,FqamE7,4jGJ8x1NeJGZ18kockk5Ydbj4HorEqg2RpgndRoXpump,4FkqZxwHw2G4KZwiepZuvfboJGMvmuppJmThaGYFSNj1a3HEHPe4Ukd76f1NwExNGMaVw6QXwwnMYwBFWsGRbXam,TP 20% / SL 10%,-0.12087317420078741
FqamE7xrahg7FEWoByrx1o8SeyHt44rpmE6ZQfT7zrve,FqamE7,4jGJ8x1NeJGZ18kockk5Ydbj4HorEqg2RpgndRoXpump,4FkqZxwHw2G4KZwiepZuvfboJGMvmuppJmThaGYFSNj1a3HEHPe4Ukd76f1NwExNGMaVw6QXwwnMYwBFWsGRbXam,TP 30% / SL 15%,-0.150024894428465
FqamE7xrahg7FEWoByrx1o8SeyHt44rpmE6ZQfT7zrve,FqamE7,4jGJ8x1NeJGZ18kockk5Ydbj4HorEqg2RpgndRoXpump,4FkqZxwHw2G4KZwiepZuvfboJGMvmuppJmThaGYFSNj1a3HEHPe4Ukd76f1NwExNGMaVw6QXwwnMYwBFWsGRbXam,TP 50% / SL 25%,-0.08986545656085754
FqamE7xrahg7FEWoByrx1o8SeyHt44rpmE6ZQfT7zrve,FqamE7,4jGJ8x1NeJGZ18kockk5Ydbj4HorEqg2RpgndRoXpump,4FkqZxwHw2G4KZwiepZuvfboJGMvmuppJmThaGYFSNj1a3HEHPe4Ukd76f1NwExNGMaVw6QXwwnMYwBFWsGRbXam,TP 100% / SL 30%,-0.08986545656085754
FqamE7xrahg7FEWoByrx1o8SeyHt44rpmE6ZQfT7zrve,FqamE7,HcpE9YE3i5mGewWbJVWokBfaPvrNG8QYTCJCkxgcpump,3Sut1tMGrC8ywVh6uRht3czsnPGp6wRYHLzZB1RfAKgRtRGHWUHoYEnzaRkBL2i6UciX7oD1ZnPYfowDGFtZXBTn,follow wallet,-0.37805358488731816
FqamE7xrahg7FEWoByrx1o8SeyHt44rpmE6ZQfT7zrve,FqamE7,HcpE9YE3i5mGewWbJVWokBfaPvrNG8QYTCJCkxgcpump,3Sut1tMGrC8ywVh6uRht3czsnPGp6wRYHLzZB1RfAKgRtRGHWUHoYEnzaRkBL2i6UciX7oD1ZnPYfowDGFtZXBTn,hold 1 slots,0.019229723910844685
FqamE7xrahg7FEWoByrx1o8SeyHt44rpmE6ZQfT7zrve,FqamE7,HcpE9YE3i5mGewWbJVWokBfaPvrNG8QYTCJCkxgcpump,3Sut1tMGrC8ywVh6uRht3czsnPGp6wRYHLzZB1RfAKgRtRGHWUHoYEnzaRkBL2i6UciX7oD1ZnPYfowDGFtZXBTn,hold 3 slots,0.020786513190436957
FqamE7xrahg7FEWoByrx1o8SeyHt44rpmE6ZQfT7zrve,FqamE7,HcpE9YE3i5mGewWbJVWokBfaPvrNG8QYTCJCkxgcpump,3Sut1tMGrC8ywVh6uRht3czsnPGp6wRYHLzZB1RfAKgRtRGHWUHoYEnzaRkBL2i6UciX7oD1ZnPYfowDGFtZXBTn,hold 5 slots,-0.0019531210500805382
FqamE7xrahg7FEWoByrx1o8SeyHt44rpmE6ZQfT7zrve,FqamE7,HcpE9YE3i5mGewWbJVWokBfaPvrNG8QYTCJCkxgcpump,3Sut1tMGrC8ywVh6uRht3czsnPGp6wRYHLzZB1RfAKgRtRGHWUHoYEnzaRkBL2i6UciX7oD1ZnPYfowDGFtZXBTn,hold 12 slots,-0.007137352923109174
FqamE7xrahg7FEWoByrx1o8SeyHt44rpmE6ZQfT7zrve,FqamE7,HcpE9YE3i5mGewWbJVWokBfaPvrNG8QYTCJCkxgcpump,3Sut1tMGrC8ywVh6uRht3czsnPGp6wRYHLzZB1RfAKgRtRGHWUHoYEnzaRkBL2i6UciX7oD1ZnPYfowDGFtZXBTn,hold 25 slots,0.15449147985434986
FqamE7xrahg7FEWoByrx1o8SeyHt44rpmE6ZQfT7zrve,FqamE7,HcpE9YE3i5mGewWbJVWokBfaPvrNG8QYTCJCkxgcpump,3Sut1tMGrC8ywVh6uRht3czsnPGp6wRYHLzZB1RfAKgRtRGHWUHoYEnzaRkBL2i6UciX7oD1ZnPYfowDGFtZXBTn,hold 50 slots,-0.13439506153653813
FqamE7xrahg7FEWoByrx1o8SeyHt44rpmE6ZQfT7zrve,FqamE7,HcpE9YE3i5mGewWbJVWokBfaPvrNG8QYTCJCkxgcpump,3Sut1tMGrC8ywVh6uRht3czsnPGp6wRYHLzZB1RfAKgRtRGHWUHoYEnzaRkBL2i6UciX7oD1ZnPYfowDGFtZXBTn,hold 75 slots,-0.15135249339075627
FqamE7xrahg7FEWoByrx1o8SeyHt44rpmE6ZQfT7zrve,FqamE7,HcpE9YE3i5mGewWbJVWokBfaPvrNG8QYTCJCkxgcpump,3Sut1tMGrC8ywVh6uRht3czsnPGp6wRYHLzZB1RfAKgRtRGHWUHoYEnzaRkBL2i6UciX7oD1ZnPYfowDGFtZXBTn,hold 150 slots,-0.16667831455602788
FqamE7xrahg7FEWoByrx1o8SeyHt44rpmE6ZQfT7zrve,FqamE7,HcpE9YE3i5mGewWbJVWokBfaPvrNG8QYTCJCkxgcpump,3Sut1tMGrC8ywVh6uRht3czsnPGp6wRYHLzZB1RfAKgRtRGHWUHoYEnzaRkBL2i6UciX7oD1ZnPYfowDGFtZXBTn,TP 10% / SL 10%,0.15449147985434986
FqamE7xrahg7FEWoByrx1o8SeyHt44rpmE6ZQfT7zrve,FqamE7,HcpE9YE3i5mGewWbJVWokBfaPvrNG8QYTCJCkxgcpump,3Sut1tMGrC8ywVh6uRht3czsnPGp6wRYHLzZB1RfAKgRtRGHWUHoYEnzaRkBL2i6UciX7oD1ZnPYfowDGFtZXBTn,TP 20% / SL 10%,-0.13439506153653813
FqamE7xrahg7FEWoByrx1o8SeyHt44rpmE6ZQfT7zrve,FqamE7,HcpE9YE3i5mGewWbJVWokBfaPvrNG8QYTCJCkxgcpump,3Sut1tMGrC8ywVh6uRht3czsnPGp6wRYHLzZB1RfAKgRtRGHWUHoYEnzaRkBL2i6UciX7oD1ZnPYfowDGFtZXBTn,TP 30% / SL 15%,-0.15135249339075627
FqamE7xrahg7FEWoByrx1o8SeyHt44rpmE6ZQfT7zrve,FqamE7,HcpE9YE3i5mGewWbJVWokBfaPvrNG8QYTCJCkxgcpump,3Sut1tMGrC8ywVh6uRht3czsnPGp6wRYHLzZB1RfAKgRtRGHWUHoYEnzaRkBL2i6UciX7oD1ZnPYfowDGFtZXBTn,TP 50% / SL 25%,-0.16667831455602788
FqamE7xrahg7FEWoByrx1o8SeyHt44rpmE6ZQfT7zrve,FqamE7,HcpE9YE3i5mGewWbJVWokBfaPvrNG8QYTCJCkxgcpump,3Sut1tMGrC8ywVh6uRht3czsnPGp6wRYHLzZB1RfAKgRtRGHWUHoYEnzaRkBL2i6UciX7oD1ZnPYfowDGFtZXBTn,TP 100% / SL 30%,-0.16667831455602788
FqamE7xrahg7FEWoByrx1o8SeyHt44rpmE6ZQfT7zrve,FqamE7,GndktCUd83W8QEsAnp1Zd3UTbTEHM3PvUfjwc5Zrpump,56412HyV2ayfzcrY8V4EYyWLuBvwyzaWHoTpApbA1FzjzMDFBSpForxfgMkimnCeoNc3YkQmmwmULXCzgLcXpzCn,follow wallet,-0.1612877633950019
FqamE7xrahg7FEWoByrx1o8SeyHt44rpmE6ZQfT7zrve,FqamE7,GndktCUd83W8QEsAnp1Zd3UTbTEHM3PvUfjwc5Zrpump,56412HyV2ayfzcrY8V4EYyWLuBvwyzaWHoTpApbA1FzjzMDFBSpForxfgMkimnCeoNc3YkQmmwmULXCzgLcXpzCn,hold 1 slots,-0.05785026823117864
FqamE7xrahg7FEWoByrx1o8SeyHt44rpmE6ZQfT7zrve,FqamE7,GndktCUd83W8QEsAnp1Zd3UTbTEHM3PvUfjwc5Zrpump,56412HyV2ayfzcrY8V4EYyWLuBvwyzaWHoTpApbA1FzjzMDFBSpForxfgMkimnCeoNc3YkQmmwmULXCzgLcXpzCn,hold 3 slots,-0.053967071403595565
FqamE7xrahg7FEWoByrx1o8SeyHt44rpmE6ZQfT7zrve,FqamE7,GndktCUd83W8QEsAnp1Zd3UTbTEHM3PvUfjwc5Zrpump,56412HyV2ayfzcrY8V4EYyWLuBvwyzaWHoTpApbA1FzjzMDFBSpForxfgMkimnCeoNc3YkQmmwmULXCzgLcXpzCn,hold 5 slots,-0.053967071403595565
FqamE7xrahg7FEWoByrx1o8SeyHt44rpmE6ZQfT7zrve,FqamE7,GndktCUd83W8QEsAnp1Zd3UTbTEHM3PvUfjwc5Zrpump,56412HyV2ayfzcrY8V4EYyWLuBvwyzaWHoTpApbA1FzjzMDFBSpForxfgMkimnCeoNc3YkQmmwmULXCzgLcXpzCn,hold 12 slots,-0.07421957606850219
FqamE7xrahg7FEWoByrx1o8SeyHt44rpmE6ZQfT7zrve,FqamE7,GndktCUd83W8QEsAnp1Zd3UTbTEHM3PvUfjwc5Zrpump,56412HyV2ayfzcrY8V4EYyWLuBvwyzaWHoTpApbA1FzjzMDFBSpForxfgMkimnCeoNc3YkQmmwmULXCzgLcXpzCn,hold 25 slots,-0.07421957606850219
FqamE7xrahg7FEWoByrx1o8SeyHt44rpmE6ZQfT7zrve,FqamE7,GndktCUd83W8QEsAnp1Zd3UTbTEHM3PvUfjwc5Zrpump,56412HyV2ayfzcrY8V4EYyWLuBvwyzaWHoTpApbA1FzjzMDFBSpForxfgMkimnCeoNc3YkQmmwmULXCzgLcXpzCn,hold 50 slots,-0.049689165894503236
FqamE7xrahg7FEWoByrx1o8SeyHt44rpmE6ZQfT7zrve,FqamE7,GndktCUd83W8QEsAnp1Zd3UTbTEHM3PvUfjwc5Zrpump,56412HyV2ayfzcrY8V4EYyWLuBvwyzaWHoTpApbA1FzjzMDFBSpForxfgMkimnCeoNc3YkQmmwmULXCzgLcXpzCn,hold 75 slots,-0.04543570349435914
FqamE7xrahg7FEWoByrx1o8SeyHt44rpmE6ZQfT7zrve,FqamE7,GndktCUd83W8QEsAnp1Zd3UTbTEHM3PvUfjwc5Zrpump,56412HyV2ayfzcrY8V4EYyWLuBvwyzaWHoTpApbA1FzjzMDFBSpForxfgMkimnCeoNc3YkQmmwmULXCzgLcXpzCn,hold 150 slots,0.005480434293602943
FqamE7xrahg7FEWoByrx1o8SeyHt44rpmE6ZQfT7zrve,FqamE7,GndktCUd83W8QEsAnp1Zd3UTbTEHM3PvUfjwc5Zrpump,56412HyV2ayfzcrY8V4EYyWLuBvwyzaWHoTpApbA1FzjzMDFBSpForxfgMkimnCeoNc3YkQmmwmULXCzgLcXpzCn,TP 10% / SL 10%,0.005480434293602943
FqamE7xrahg7FEWoByrx1o8SeyHt44rpmE6ZQfT7zrve,FqamE7,GndktCUd83W8QEsAnp1Zd3UTbTEHM3PvUfjwc5Zrpump,56412HyV2ayfzcrY8V4EYyWLuBvwyzaWHoTpApbA1FzjzMDFBSpForxfgMkimnCeoNc3YkQmmwmULXCzgLcXpzCn,TP 20% / SL 10%,0.005480434293602943
FqamE7xrahg7FEWoByrx1o8SeyHt44rpmE6ZQfT7zrve,FqamE7,GndktCUd83W8QEsAnp1Zd3UTbTEHM3PvUfjwc5Zrpump,56412HyV2ayfzcrY8V4EYyWLuBvwyzaWHoTpApbA1FzjzMDFBSpForxfgMkimnCeoNc3YkQmmwmULXCzgLcXpzCn,TP 30% / SL 15%,0.005480434293602943
FqamE7xrahg7FEWoByrx1o8SeyHt44rpmE6ZQfT7zrve,FqamE7,GndktCUd83W8QEsAnp1Zd3UTbTEHM3PvUfjwc5Zrpump,56412HyV2ayfzcrY8V4EYyWLuBvwyzaWHoTpApbA1FzjzMDFBSpForxfgMkimnCeoNc3YkQmmwmULXCzgLcXpzCn,TP 50% / SL 25%,0.005480434293602943
FqamE7xrahg7FEWoByrx1o8SeyHt44rpmE6ZQfT7zrve,FqamE7,GndktCUd83W8QEsAnp1Zd3UTbTEHM3PvUfjwc5Zrpump,56412HyV2ayfzcrY8V4EYyWLuBvwyzaWHoTpApbA1FzjzMDFBSpForxfgMkimnCeoNc3YkQmmwmULXCzgLcXpzCn,TP 100% / SL 30%,0.005480434293602943
FqamE7xrahg7FEWoByrx1o8SeyHt44rpmE6ZQfT7zrve,FqamE7,DUbWtsyRKbvCFYGSiuWmu269REQrDuBmGADLKJm7GZu2,3WHqFjyDUMTjSDoqAr6SP2NYGYP7QYaX2522zqyN9nicumXt5N68wzYkhuZa9US4tifCsjgur8Hg7Y295SGQ1tyS,follow wallet,-0.2986120201747544
FqamE7xrahg7FEWoByrx1o8SeyHt44rpmE6ZQfT7zrve,FqamE7,DUbWtsyRKbvCFYGSiuWmu269REQrDuBmGADLKJm7GZu2,3WHqFjyDUMTjSDoqAr6SP2NYGYP7QYaX2522zqyN9nicumXt5N68wzYkhuZa9US4tifCsjgur8Hg7Y295SGQ1tyS,hold 1 slots,-0.10065088167986691
FqamE7xrahg7FEWoByrx1o8SeyHt44rpmE6ZQfT7zrve,FqamE7,DUbWtsyRKbvCFYGSiuWmu269REQrDuBmGADLKJm7GZu2,3WHqFjyDUMTjSDoqAr6SP2NYGYP7QYaX2522zqyN9nicumXt5N68wzYkhuZa9US4tifCsjgur8Hg7Y295SGQ1tyS,hold 3 slots,-0.09649490797115301
FqamE7xrahg7FEWoByrx1o8SeyHt44rpmE6ZQfT7zrve,FqamE7,DUbWtsyRKbvCFYGSiuWmu269REQrDuBmGADLKJm7GZu2,3WHqFjyDUMTjSDoqAr6SP2NYGYP7QYaX2522zqyN9nicumXt5N68wzYkhuZa9US4tifCsjgur8Hg7Y295SGQ1tyS,hold 5 slots,-0.09649490797115301
FqamE7xrahg7FEWoByrx1o8SeyHt44rpmE6ZQfT7zrve,FqamE7,DUbWtsyRKbvCFYGSiuWmu269REQrDuBmGADLKJm7GZu2,3WHqFjyDUMTjSDoqAr6SP2NYGYP7QYaX2522zqyN9nicumXt5N68wzYkhuZa9US4tifCsjgur8Hg7Y295SGQ1tyS,hold 12 slots,-0.09600732722628486
FqamE7xrahg7FEWoByrx1o8SeyHt44rpmE6ZQfT7zrve,FqamE7,DUbWtsyRKbvCFYGSiuWmu269REQrDuBmGADLKJm7GZu2,3WHqFjyDUMTjSDoqAr6SP2NYGYP7QYaX2522zqyN9nicumXt5N68wzYkhuZa9US4tifCsjgur8Hg7Y295SGQ1tyS,hold 25 slots,-0.15968223750590146
FqamE7xrahg7FEWoByrx1o8SeyHt44rpmE6ZQfT7zrve,FqamE7,DUbWtsyRKbvCFYGSiuWmu269REQrDuBmGADLKJm7GZu2,3WHqFjyDUMTjSDoqAr6SP2NYGYP7QYaX2522zqyN9nicumXt5N68wzYkhuZa9US4tifCsjgur8Hg7Y295SGQ1tyS,hold 50 slots,-0.14421467932200682
FqamE7xrahg7FEWoByrx1o8SeyHt44rpmE6ZQfT7zrve,FqamE7,DUbWtsyRKbvCFYGSiuWmu269REQrDuBmGADLKJm7GZu2,3WHqFjyDUMTjSDoqAr6SP2NYGYP7QYaX2522zqyN9nicumXt5N68wzYkhuZa9US4tifCsjgur8Hg7Y295SGQ1tyS,hold 75 slots,-0.30137999145681393
FqamE7xrahg7FEWoByrx1o8SeyHt44rpmE6ZQfT7zrve,FqamE7,DUbWtsyRKbvCFYGSiuWmu269REQrDuBmGADLKJm7GZu2,3WHqFjyDUMTjSDoqAr6SP2NYGYP7QYaX2522zqyN9nicumXt5N68wzYkhuZa9US4tifCsjgur8Hg7Y295SGQ1tyS,hold 150 slots,-0.30971544678197266
FqamE7xrahg7FEWoByrx1o8SeyHt44rpmE6ZQfT7zrve,FqamE7,DUbWtsyRKbvCFYGSiuWmu269REQrDuBmGADLKJm7GZu2,3WHqFjyDUMTjSDoqAr6SP2NYGYP7QYaX2522zqyN9nicumXt5N68wzYkhuZa9US4tifCsjgur8Hg7Y295SGQ1tyS,TP 10% / SL 10%,-0.10065088167986691
FqamE7xrahg7FEWoByrx1o8SeyHt44rpmE6ZQfT7zrve,FqamE7,DUbWtsyRKbvCFYGSiuWmu269REQrDuBmGADLKJm7GZu2,3WHqFjyDUMTjSDoqAr6SP2NYGYP7QYaX2522zqyN9nicumXt5N68wzYkhuZa9US4tifCsjgur8Hg7Y295SGQ1tyS,TP 20% / SL 10%,-0.10065088167986691
FqamE7xrahg7FEWoByrx1o8SeyHt44rpmE6ZQfT7zrve,FqamE7,DUbWtsyRKbvCFYGSiuWmu269REQrDuBmGADLKJm7GZu2,3WHqFjyDUMTjSDoqAr6SP2NYGYP7QYaX2522zqyN9nicumXt5N68wzYkhuZa9US4tifCsjgur8Hg7Y295SGQ1tyS,TP 30% / SL 15%,-0.15968223750590146
FqamE7xrahg7FEWoByrx1o8SeyHt44rpmE6ZQfT7zrve,FqamE7,DUbWtsyRKbvCFYGSiuWmu269REQrDuBmGADLKJm7GZu2,3WHqFjyDUMTjSDoqAr6SP2NYGYP7QYaX2522zqyN9nicumXt5N68wzYkhuZa9US4tifCsjgur8Hg7Y295SGQ1tyS,TP 50% / SL 25%,-0.30137999145681393
FqamE7xrahg7FEWoByrx1o8SeyHt44rpmE6ZQfT7zrve,FqamE7,DUbWtsyRKbvCFYGSiuWmu269REQrDuBmGADLKJm7GZu2,3WHqFjyDUMTjSDoqAr6SP2NYGYP7QYaX2522zqyN9nicumXt5N68wzYkhuZa9US4tifCsjgur8Hg7Y295SGQ1tyS,TP 100% / SL 30%,-0.30137999145681393
719sfKUjiMThumTt2u39VMGn612BZyCcwbM5Pe8SqFYz,719sfK,A6BhW7pfFHXt8yiwNbLz1PaL3L1uKvgtbFuebxe9ZUmv,48NRi2QbzdEUTn2i3JuF3gd6Y6WHcC3EA6aQrcJPcexmRGiF4hGT7sUG1rCGer76KswsFTiAs6V4JRxpkAnrwT9n,follow wallet,-0.21303681292951965
719sfKUjiMThumTt2u39VMGn612BZyCcwbM5Pe8SqFYz,719sfK,A6BhW7pfFHXt8yiwNbLz1PaL3L1uKvgtbFuebxe9ZUmv,48NRi2QbzdEUTn2i3JuF3gd6Y6WHcC3EA6aQrcJPcexmRGiF4hGT7sUG1rCGer76KswsFTiAs6V4JRxpkAnrwT9n,hold 1 slots,-0.04540821327226019
719sfKUjiMThumTt2u39VMGn612BZyCcwbM5Pe8SqFYz,719sfK,A6BhW7pfFHXt8yiwNbLz1PaL3L1uKvgtbFuebxe9ZUmv,48NRi2QbzdEUTn2i3JuF3gd6Y6WHcC3EA6aQrcJPcexmRGiF4hGT7sUG1rCGer76KswsFTiAs6V4JRxpkAnrwT9n,hold 3 slots,-0.0320850170406146
719sfKUjiMThumTt2u39VMGn612BZyCcwbM5Pe8SqFYz,719sfK,A6BhW7pfFHXt8yiwNbLz1PaL3L1uKvgtbFuebxe9ZUmv,48NRi2QbzdEUTn2i3JuF3gd6Y6WHcC3EA6aQrcJPcexmRGiF4hGT7sUG1rCGer76KswsFTiAs6V4JRxpkAnrwT9n,hold 5 slots,-0.055840550393291
719sfKUjiMThumTt2u39VMGn612BZyCcwbM5Pe8SqFYz,719sfK,A6BhW7pfFHXt8yiwNbLz1PaL3L1uKvgtbFuebxe9ZUmv,48NRi2QbzdEUTn2i3JuF3gd6Y6WHcC3EA6aQrcJPcexmRGiF4hGT7sUG1rCGer76KswsFTiAs6V4JRxpkAnrwT9n,hold 12 slots,-0.15804891743478824
719sfKUjiMThumTt2u39VMGn612BZyCcwbM5Pe8SqFYz,719sfK,A6BhW7pfFHXt8yiwNbLz1PaL3L1uKvgtbFuebxe9ZUmv,48NRi2QbzdEUTn2i3JuF3gd6Y6WHcC3EA6aQrcJPcexmRGiF4hGT7sUG1rCGer76KswsFTiAs6V4JRxpkAnrwT9n,hold 25 slots,-0.24134771546161807
719sfKUjiMThumTt2u39VMGn612BZyCcwbM5Pe8SqFYz,719sfK,A6BhW7pfFHXt8yiwNbLz1PaL3L1uKvgtbFuebxe9ZUmv,48NRi2QbzdEUTn2i3JuF3gd6Y6WHcC3EA6aQrcJPcexmRGiF4hGT7sUG1rCGer76KswsFTiAs6V4JRxpkAnrwT9n,hold 50 slots,-0.35930247888629463
719sfKUjiMThumTt2u39VMGn612BZyCcwbM5Pe8SqFYz,719sfK,A6BhW7pfFHXt8yiwNbLz1PaL3L1uKvgtbFuebxe9ZUmv,48NRi2QbzdEUTn2i3JuF3gd6Y6WHcC3EA6aQrcJPcexmRGiF4hGT7sUG1rCGer76KswsFTiAs6V4JRxpkAnrwT9n,hold 75 slots,-0.4186860902632325
719sfKUjiMThumTt2u39VMGn612BZyCcwbM5Pe8SqFYz,719sfK,A6BhW7pfFHXt8yiwNbLz1PaL3L1uKvgtbFuebxe9ZUmv,48NRi2QbzdEUTn2i3JuF3gd6Y6WHcC3EA6aQrcJPcexmRGiF4hGT7sUG1rCGer76KswsFTiAs6V4JRxpkAnrwT9n,hold 150 slots,-0.5112903797121051
719sfKUjiMThumTt2u39VMGn612BZyCcwbM5Pe8SqFYz,719sfK,A6BhW7pfFHXt8yiwNbLz1PaL3L1uKvgtbFuebxe9ZUmv,48NRi2QbzdEUTn2i3JuF3gd6Y6WHcC3EA6aQrcJPcexmRGiF4hGT7sUG1rCGer76KswsFTiAs6V4JRxpkAnrwT9n,TP 10% / SL 10%,-0.15804891743478824
719sfKUjiMThumTt2u39VMGn612BZyCcwbM5Pe8SqFYz,719sfK,A6BhW7pfFHXt8yiwNbLz1PaL3L1uKvgtbFuebxe9ZUmv,48NRi2QbzdEUTn2i3JuF3gd6Y6WHcC3EA6aQrcJPcexmRGiF4hGT7sUG1rCGer76KswsFTiAs6V4JRxpkAnrwT9n,TP 20% / SL 10%,-0.15804891743478824
719sfKUjiMThumTt2u39VMGn612BZyCcwbM5Pe8SqFYz,719sfK,A6BhW7pfFHXt8yiwNbLz1PaL3L1uKvgtbFuebxe9ZUmv,48NRi2QbzdEUTn2i3JuF3gd6Y6WHcC3EA6aQrcJPcexmRGiF4hGT7sUG1rCGer76KswsFTiAs6V4JRxpkAnrwT9n,TP 30% / SL 15%,-0.15804891743478824
719sfKUjiMThumTt2u39VMGn612BZyCcwbM5Pe8SqFYz,719sfK,A6BhW7pfFHXt8yiwNbLz1PaL3L1uKvgtbFuebxe9ZUmv,48NRi2QbzdEUTn2i3JuF3gd6Y6WHcC3EA6aQrcJPcexmRGiF4hGT7sUG1rCGer76KswsFTiAs6V4JRxpkAnrwT9n,TP 50% / SL 25%,-0.30649754729722717
719sfKUjiMThumTt2u39VMGn612BZyCcwbM5Pe8SqFYz,719sfK,A6BhW7pfFHXt8yiwNbLz1PaL3L1uKvgtbFuebxe9ZUmv,48NRi2QbzdEUTn2i3JuF3gd6Y6WHcC3EA6aQrcJPcexmRGiF4hGT7sUG1rCGer76KswsFTiAs6V4JRxpkAnrwT9n,TP 100% / SL 30%,-0.30649754729722717
719sfKUjiMThumTt2u39VMGn612BZyCcwbM5Pe8SqFYz,719sfK,AKFsFgMT6z9jNp3LBsoXmYp7ZWfJPT7tkKF8ZakFLqX4,2Wcb5mcFGXkNfjEhB84ddrkBX7pnEk2A53jzYzKdUuQrDCMyBSW67LuppNZiXqFBkMBzaSjpJVDNWcoW3JarxAYt,follow wallet,-0.46176137248568355
719sfKUjiMThumTt2u39VMGn612BZyCcwbM5Pe8SqFYz,719sfK,AKFsFgMT6z9jNp3LBsoXmYp7ZWfJPT7tkKF8ZakFLqX4,2Wcb5mcFGXkNfjEhB84ddrkBX7pnEk2A53jzYzKdUuQrDCMyBSW67LuppNZiXqFBkMBzaSjpJVDNWcoW3JarxAYt,hold 1 slots,-0.05128447340710449
719sfKUjiMThumTt2u39VMGn612BZyCcwbM5Pe8SqFYz,719sfK,AKFsFgMT6z9jNp3LBsoXmYp7ZWfJPT7tkKF8ZakFLqX4,2Wcb5mcFGXkNfjEhB84ddrkBX7pnEk2A53jzYzKdUuQrDCMyBSW67LuppNZiXqFBkMBzaSjpJVDNWcoW3JarxAYt,hold 3 slots,0.09249261854566526
719sfKUjiMThumTt2u39VMGn612BZyCcwbM5Pe8SqFYz,719sfK,AKFsFgMT6z9jNp3LBsoXmYp7ZWfJPT7tkKF8ZakFLqX4,2Wcb5mcFGXkNfjEhB84ddrkBX7pnEk2A53jzYzKdUuQrDCMyBSW67LuppNZiXqFBkMBzaSjpJVDNWcoW3JarxAYt,hold 5 slots,0.2676947984228966
719sfKUjiMThumTt2u39VMGn612BZyCcwbM5Pe8SqFYz,719sfK,AKFsFgMT6z9jNp3LBsoXmYp7ZWfJPT7tkKF8ZakFLqX4,2Wcb5mcFGXkNfjEhB84ddrkBX7pnEk2A53jzYzKdUuQrDCMyBSW67LuppNZiXqFBkMBzaSjpJVDNWcoW3JarxAYt,hold 12 slots,0.2468759574714966
719sfKUjiMThumTt2u39VMGn612BZyCcwbM5Pe8SqFYz,719sfK,AKFsFgMT6z9jNp3LBsoXmYp7ZWfJPT7tkKF8ZakFLqX4,2Wcb5mcFGXkNfjEhB84ddrkBX7pnEk2A53jzYzKdUuQrDCMyBSW67LuppNZiXqFBkMBzaSjpJVDNWcoW3JarxAYt,hold 25 slots,0.41640551635016104
719sfKUjiMThumTt2u39VMGn612BZyCcwbM5Pe8SqFYz,719sfK,AKFsFgMT6z9jNp3LBsoXmYp7ZWfJPT7tkKF8ZakFLqX4,2Wcb5mcFGXkNfjEhB84ddrkBX7pnEk2A53jzYzKdUuQrDCMyBSW67LuppNZiXqFBkMBzaSjpJVDNWcoW3JarxAYt,hold 50 slots,0.4078713662680285
719sfKUjiMThumTt2u39VMGn612BZyCcwbM5Pe8SqFYz,719sfK,AKFsFgMT6z9jNp3LBsoXmYp7ZWfJPT7tkKF8ZakFLqX4,2Wcb5mcFGXkNfjEhB84ddrkBX7pnEk2A53jzYzKdUuQrDCMyBSW67LuppNZiXqFBkMBzaSjpJVDNWcoW3JarxAYt,hold 75 slots,0.5264567365297973
719sfKUjiMThumTt2u39VMGn612BZyCcwbM5Pe8SqFYz,719sfK,AKFsFgMT6z9jNp3LBsoXmYp7ZWfJPT7tkKF8ZakFLqX4,2Wcb5mcFGXkNfjEhB84ddrkBX7pnEk2A53jzYzKdUuQrDCMyBSW67LuppNZiXqFBkMBzaSjpJVDNWcoW3JarxAYt,hold 150 slots,0.4677190432217955
719sfKUjiMThumTt2u39VMGn612BZyCcwbM5Pe8SqFYz,719sfK,AKFsFgMT6z9jNp3LBsoXmYp7ZWfJPT7tkKF8ZakFLqX4,2Wcb5mcFGXkNfjEhB84ddrkBX7pnEk2A53jzYzKdUuQrDCMyBSW67LuppNZiXqFBkMBzaSjpJVDNWcoW3JarxAYt,TP 10% / SL 10%,0.2676947984228966
719sfKUjiMThumTt2u39VMGn612BZyCcwbM5Pe8SqFYz,719sfK,AKFsFgMT6z9jNp3LBsoXmYp7ZWfJPT7tkKF8ZakFLqX4,2Wcb5mcFGXkNfjEhB84ddrkBX7pnEk2A53jzYzKdUuQrDCMyBSW67LuppNZiXqFBkMBzaSjpJVDNWcoW3JarxAYt,TP 20% / SL 10%,0.2676947984228966
719sfKUjiMThumTt2u39VMGn612BZyCcwbM5Pe8SqFYz,719sfK,AKFsFgMT6z9jNp3LBsoXmYp7ZWfJPT7tkKF8ZakFLqX4,2Wcb5mcFGXkNfjEhB84ddrkBX7pnEk2A53jzYzKdUuQrDCMyBSW67LuppNZiXqFBkMBzaSjpJVDNWcoW3JarxAYt,TP 30% / SL 15%,0.41640551635016104
719sfKUjiMThumTt2u39VMGn612BZyCcwbM5Pe8SqFYz,719sfK,AKFsFgMT6z9jNp3LBsoXmYp7ZWfJPT7tkKF8ZakFLqX4,2Wcb5mcFGXkNfjEhB84ddrkBX7pnEk2A53jzYzKdUuQrDCMyBSW67LuppNZiXqFBkMBzaSjpJVDNWcoW3JarxAYt,TP 50% / SL 25%,0.5264567365297973
719sfKUjiMThumTt2u39VMGn612BZyCcwbM5Pe8SqFYz,719sfK,AKFsFgMT6z9jNp3LBsoXmYp7ZWfJPT7tkKF8ZakFLqX4,2Wcb5mcFGXkNfjEhB84ddrkBX7pnEk2A53jzYzKdUuQrDCMyBSW67LuppNZiXqFBkMBzaSjpJVDNWcoW3JarxAYt,TP 100% / SL 30%,0.4677190432217955
719sfKUjiMThumTt2u39VMGn612BZyCcwbM5Pe8SqFYz,719sfK,5jFQdYm76BsyEDQqnfwN9Hfc5YWCS81U2hM5hDLjcQYL,55h2Ko4et2jbkQ5oFdPvcgCiUjXSp4ZRq1J1AXjPL8Xz5SJ2sc8GpJfMi7wAtpT8s7FY8PY2CxGDshir8FGJkQMX,follow wallet,1.9549338760867223
719sfKUjiMThumTt2u39VMGn612BZyCcwbM5Pe8SqFYz,719sfK,5jFQdYm76BsyEDQqnfwN9Hfc5YWCS81U2hM5hDLjcQYL,55h2Ko4et2jbkQ5oFdPvcgCiUjXSp4ZRq1J1AXjPL8Xz5SJ2sc8GpJfMi7wAtpT8s7FY8PY2CxGDshir8FGJkQMX,hold 1 slots,-0.0388035261441406
719sfKUjiMThumTt2u39VMGn612BZyCcwbM5Pe8SqFYz,719sfK,5jFQdYm76BsyEDQqnfwN9Hfc5YWCS81U2hM5hDLjcQYL,55h2Ko4et2jbkQ5oFdPvcgCiUjXSp4ZRq1J1AXjPL8Xz5SJ2sc8GpJfMi7wAtpT8s7FY8PY2CxGDshir8FGJkQMX,hold 3 slots,0.009108730915647508
719sfKUjiMThumTt2u39VMGn612BZyCcwbM5Pe8SqFYz,719sfK,5jFQdYm76BsyEDQqnfwN9Hfc5YWCS81U2hM5hDLjcQYL,55h2Ko4et2jbkQ5oFdPvcgCiUjXSp4ZRq1J1AXjPL8Xz5SJ2sc8GpJfMi7wAtpT8s7FY8PY2CxGDshir8FGJkQMX,hold 5 slots,0.12097139473583435
719sfKUjiMThumTt2u39VMGn612BZyCcwbM5Pe8SqFYz,719sfK,5jFQdYm76BsyEDQqnfwN9Hfc5YWCS81U2hM5hDLjcQYL,55h2Ko4et2jbkQ5oFdPvcgCiUjXSp4ZRq1J1AXjPL8Xz5SJ2sc8GpJfMi7wAtpT8s7FY8PY2CxGDshir8FGJkQMX,hold 12 slots,0.1399546077087872
719sfKUjiMThumTt2u39VMGn612BZyCcwbM5Pe8SqFYz,719sfK,5jFQdYm76BsyEDQqnfwN9Hfc5YWCS81U2hM5hDLjcQYL,55h2Ko4et2jbkQ5oFdPvcgCiUjXSp4ZRq1J1AXjPL8Xz5SJ2sc8GpJfMi7wAtpT8s7FY8PY2CxGDshir8FGJkQMX,hold 25 slots,0.2612145040187402
719sfKUjiMThumTt2u39VMGn612BZyCcwbM5Pe8SqFYz,719sfK,5jFQdYm76BsyEDQqnfwN9Hfc5YWCS81U2hM5hDLjcQYL,55h2Ko4et2jbkQ5oFdPvcgCiUjXSp4ZRq1J1AXjPL8Xz5SJ2sc8GpJfMi7wAtpT8s7FY8PY2CxGDshir8FGJkQMX,hold 50 slots,0.35008638525327707
719sfKUjiMThumTt2u39VMGn612BZyCcwbM5Pe8SqFYz,719sfK,5jFQdYm76BsyEDQqnfwN9Hfc5YWCS81U2hM5hDLjcQYL,55h2Ko4et2jbkQ5oFdPvcgCiUjXSp4ZRq1J1AXjPL8Xz5SJ2sc8GpJfMi7wAtpT8s7FY8PY2CxGDshir8FGJkQMX,hold 75 slots,0.8211337872287743
719sfKUjiMThumTt2u39VMGn612BZyCcwbM5Pe8SqFYz,719sfK,5jFQdYm76BsyEDQqnfwN9Hfc5YWCS81U2hM5hDLjcQYL,55h2Ko4et2jbkQ5oFdPvcgCiUjXSp4ZRq1J1AXjPL8Xz5SJ2sc8GpJfMi7wAtpT8s7FY8PY2CxGDshir8FGJkQMX,hold 150 slots,1.404927206035493
719sfKUjiMThumTt2u39VMGn612BZyCcwbM5Pe8SqFYz,719sfK,5jFQdYm76BsyEDQqnfwN9Hfc5YWCS81U2hM5hDLjcQYL,55h2Ko4et2jbkQ5oFdPvcgCiUjXSp4ZRq1J1AXjPL8Xz5SJ2sc8GpJfMi7wAtpT8s7FY8PY2CxGDshir8FGJkQMX,TP 10% / SL 10%,0.12097139473583435
719sfKUjiMThumTt2u39VMGn612BZyCcwbM5Pe8SqFYz,719sfK,5jFQdYm76BsyEDQqnfwN9Hfc5YWCS81U2hM5hDLjcQYL,55h2Ko4et2jbkQ5oFdPvcgCiUjXSp4ZRq1J1AXjPL8Xz5SJ2sc8GpJfMi7wAtpT8s7FY8PY2CxGDshir8FGJkQMX,TP 20% / SL 10%,0.2612145040187402
719sfKUjiMThumTt2u39VMGn612BZyCcwbM5Pe8SqFYz,719sfK,5jFQdYm76BsyEDQqnfwN9Hfc5YWCS81U2hM5hDLjcQYL,55h2Ko4et2jbkQ5oFdPvcgCiUjXSp4ZRq1J1AXjPL8Xz5SJ2sc8GpJfMi7wAtpT8s7FY8PY2CxGDshir8FGJkQMX,TP 30% / SL 15%,0.3344020549179637
719sfKUjiMThumTt2u39VMGn612BZyCcwbM5Pe8SqFYz,719sfK,5jFQdYm76BsyEDQqnfwN9Hfc5YWCS81U2hM5hDLjcQYL,55h2Ko4et2jbkQ5oFdPvcgCiUjXSp4ZRq1J1AXjPL8Xz5SJ2sc8GpJfMi7wAtpT8s7FY8PY2CxGDshir8FGJkQMX,TP 50% / SL 25%,0.8211337872287743
719sfKUjiMThumTt2u39VMGn612BZyCcwbM5Pe8SqFYz,719sfK,5jFQdYm76BsyEDQqnfwN9Hfc5YWCS81U2hM5hDLjcQYL,55h2Ko4et2jbkQ5oFdPvcgCiUjXSp4ZRq1J1AXjPL8Xz5SJ2sc8GpJfMi7wAtpT8s7FY8PY2CxGDshir8FGJkQMX,TP 100% / SL 30%,1.404927206035493
719sfKUjiMThumTt2u39VMGn612BZyCcwbM5Pe8SqFYz,719sfK,3cHXZuYuF2ZfYtJMMppb6ELEmxDifJhS4YwHMffnE7pS,2pU2aefWvRnJpyPQxgCcgXP7gEaEAVpAL9gEzouyPkZsufXbe53SDTVrvsvC68bzYUdwy8FTioxxvb9QDK1fCppt,follow wallet,-0.29149295530562747
719sfKUjiMThumTt2u39VMGn612BZyCcwbM5Pe8SqFYz,719sfK,3cHXZuYuF2ZfYtJMMppb6ELEmxDifJhS4YwHMffnE7pS,2pU2aefWvRnJpyPQxgCcgXP7gEaEAVpAL9gEzouyPkZsufXbe53SDTVrvsvC68bzYUdwy8FTioxxvb9QDK1fCppt,hold 1 slots,-0.10411842584156503
719sfKUjiMThumTt2u39VMGn612BZyCcwbM5Pe8SqFYz,719sfK,3cHXZuYuF2ZfYtJMMppb6ELEmxDifJhS4YwHMffnE7pS,2pU2aefWvRnJpyPQxgCcgXP7gEaEAVpAL9gEzouyPkZsufXbe53SDTVrvsvC68bzYUdwy8FTioxxvb9QDK1fCppt,hold 3 slots,-0.1026446736738025
719sfKUjiMThumTt2u39VMGn612BZyCcwbM5Pe8SqFYz,719sfK,3cHXZuYuF2ZfYtJMMppb6ELEmxDifJhS4YwHMffnE7pS,2pU2aefWvRnJpyPQxgCcgXP7gEaEAVpAL9gEzouyPkZsufXbe53SDTVrvsvC68bzYUdwy8FTioxxvb9QDK1fCppt,hold 5 slots,-0.11696677518647469
719sfKUjiMThumTt2u39VMGn612BZyCcwbM5Pe8SqFYz,719sfK,3cHXZuYuF2ZfYtJMMppb6ELEmxDifJhS4YwHMffnE7pS,2pU2aefWvRnJpyPQxgCcgXP7gEaEAVpAL9gEzouyPkZsufXbe53SDTVrvsvC68bzYUdwy8FTioxxvb9QDK1fCppt,hold 12 slots,-0.11632983961525392
719sfKUjiMThumTt2u39VMGn612BZyCcwbM5Pe8SqFYz,719sfK,3cHXZuYuF2ZfYtJMMppb6ELEmxDifJhS4YwHMffnE7pS,2pU2aefWvRnJpyPQxgCcgXP7gEaEAVpAL9gEzouyPkZsufXbe53SDTVrvsvC68bzYUdwy8FTioxxvb9QDK1fCppt,hold 25 slots,-0.3700849148948865
719sfKUjiMThumTt2u39VMGn612BZyCcwbM5Pe8SqFYz,719sfK,3cHXZuYuF2ZfYtJMMppb6ELEmxDifJhS4YwHMffnE7pS,2pU2aefWvRnJpyPQxgCcgXP7gEaEAVpAL9gEzouyPkZsufXbe53SDTVrvsvC68bzYUdwy8FTioxxvb9QDK1fCppt,hold 50 slots,-0.2831812002457086
719sfKUjiMThumTt2u39VMGn612BZyCcwbM5Pe8SqFYz,719sfK,3cHXZuYuF2ZfYtJMMppb6ELEmxDifJhS4YwHMffnE7pS,2pU2aefWvRnJpyPQxgCcgXP7gEaEAVpAL9gEzouyPkZsufXbe53SDTVrvsvC68bzYUdwy8FTioxxvb9QDK1fCppt,hold 75 slots,-0.296332351467497
719sfKUjiMThumTt2u39VMGn612BZyCcwbM5Pe8SqFYz,719sfK,3cHXZuYuF2ZfYtJMMppb6ELEmxDifJhS4YwHMffnE7pS,2pU2aefWvRnJpyPQxgCcgXP7gEaEAVpAL9gEzouyPkZsufXbe53SDTVrvsvC68bzYUdwy8FTioxxvb9QDK1fCppt,hold 150 slots,-0.44332794299213746
719sfKUjiMThumTt2u39VMGn612BZyCcwbM5Pe8SqFYz,719sfK,3cHXZuYuF2ZfYtJMMppb6ELEmxDifJhS4YwHMffnE7pS,2pU2aefWvRnJpyPQxgCcgXP7gEaEAVpAL9gEzouyPkZsufXbe53SDTVrvsvC68bzYUdwy8FTioxxvb9QDK1fCppt,TP 10% / SL 10%,-0.10411842584156503
719sfKUjiMThumTt2u39VMGn612BZyCcwbM5Pe8SqFYz,719sfK,3cHXZuYuF2ZfYtJMMppb6ELEmxDifJhS4YwHMffnE7pS,2pU2aefWvRnJpyPQxgCcgXP7gEaEAVpAL9gEzouyPkZsufXbe53SDTVrvsvC68bzYUdwy8FTioxxvb9QDK1fCppt,TP 20% / SL 10%,-0.10411842584156503
719sfKUjiMThumTt2u39VMGn612BZyCcwbM5Pe8SqFYz,719sfK,3cHXZuYuF2ZfYtJMMppb6ELEmxDifJhS4YwHMffnE7pS,2pU2aefWvRnJpyPQxgCcgXP7gEaEAVpAL9gEzouyPkZsufXbe53SDTVrvsvC68bzYUdwy8FTioxxvb9QDK1fCppt,TP 30% / SL 15%,-0.16295837788772702
719sfKUjiMThumTt2u39VMGn612BZyCcwbM5Pe8SqFYz,719sfK,3cHXZuYuF2ZfYtJMMppb6ELEmxDifJhS4YwHMffnE7pS,2pU2aefWvRnJpyPQxgCcgXP7gEaEAVpAL9gEzouyPkZsufXbe53SDTVrvsvC68bzYUdwy8FTioxxvb9QDK1fCppt,TP 50% / SL 25%,-0.3700849148948865
719sfKUjiMThumTt2u39VMGn612BZyCcwbM5Pe8SqFYz,719sfK,3cHXZuYuF2ZfYtJMMppb6ELEmxDifJhS4YwHMffnE7pS,2pU2aefWvRnJpyPQxgCcgXP7gEaEAVpAL9gEzouyPkZsufXbe53SDTVrvsvC68bzYUdwy8FTioxxvb9QDK1fCppt,TP 100% / SL 30%,-0.3700849148948865
719sfKUjiMThumTt2u39VMGn612BZyCcwbM5Pe8SqFYz,719sfK,D7BHnH1dgx9vYuxUQqfVjshiX2vSc4sSwWcXzgGueubu,5LAUuVgPmWgnqP3VnSTvay3bAo4j4ySX2gEBR5CTEykxEDU9e139TzmzmTXfya4KKRtzqJUY2Ms4BHFUBakaev83,follow wallet,-0.3073206742016028
719sfKUjiMThumTt2u39VMGn612BZyCcwbM5Pe8SqFYz,719sfK,D7BHnH1dgx9vYuxUQqfVjshiX2vSc4sSwWcXzgGueubu,5LAUuVgPmWgnqP3VnSTvay3bAo4j4ySX2gEBR5CTEykxEDU9e139TzmzmTXfya4KKRtzqJUY2Ms4BHFUBakaev83,hold 1 slots,-0.05793252795050168
719sfKUjiMThumTt2u39VMGn612BZyCcwbM5Pe8SqFYz,719sfK,D7BHnH1dgx9vYuxUQqfVjshiX2vSc4sSwWcXzgGueubu,5LAUuVgPmWgnqP3VnSTvay3bAo4j4ySX2gEBR5CTEykxEDU9e139TzmzmTXfya4KKRtzqJUY2Ms4BHFUBakaev83,hold 3 slots,-0.06882599808688725
719sfKUjiMThumTt2u39VMGn612BZyCcwbM5Pe8SqFYz,719sfK,D7BHnH1dgx9vYuxUQqfVjshiX2vSc4sSwWcXzgGueubu,5LAUuVgPmWgnqP3VnSTvay3bAo4j4ySX2gEBR5CTEykxEDU9e139TzmzmTXfya4KKRtzqJUY2Ms4BHFUBakaev83,hold 5 slots,-0.0672439083683393
719sfKUjiMThumTt2u39VMGn612BZyCcwbM5Pe8SqFYz,719sfK,D7BHnH1dgx9vYuxUQqfVjshiX2vSc4sSwWcXzgGueubu,5LAUuVgPmWgnqP3VnSTvay3bAo4j4ySX2gEBR5CTEykxEDU9e139TzmzmTXfya4KKRtzqJUY2Ms4BHFUBakaev83,hold 12 slots,-0.07429016837674068
719sfKUjiMThumTt2u39VMGn612BZyCcwbM5Pe8SqFYz,719sfK,D7BHnH1dgx9vYuxUQqfVjshiX2vSc4sSwWcXzgGueubu,5LAUuVgPmWgnqP3VnSTvay3bAo4j4ySX2gEBR5CTEykxEDU9e139TzmzmTXfya4KKRtzqJUY2Ms4BHFUBakaev83,hold 25 slots,-0.15162689961839784
719sfKUjiMThumTt2u39VMGn612BZyCcwbM5Pe8SqFYz,719sfK,D7BHnH1dgx9vYuxUQqfVjshiX2vSc4sSwWcXzgGueubu,5LAUuVgPmWgnqP3VnSTvay3bAo4j4ySX2gEBR5CTEykxEDU9e139TzmzmTXfya4KKRtzqJUY2Ms4BHFUBakaev83,hold 50 slots,-0.33404926877123475
719sfKUjiMThumTt2u39VMGn612BZyCcwbM5Pe8SqFYz,719sfK,D7BHnH1dgx9vYuxUQqfVjshiX2vSc4sSwWcXzgGueubu,5LAUuVgPmWgnqP3VnSTvay3bAo4j4ySX2gEBR5CTEykxEDU9e139TzmzmTXfya4KKRtzqJUY2Ms4BHFUBakaev83,hold 75 slots,-0.4816101462551667
719sfKUjiMThumTt2u39VMGn612BZyCcwbM5Pe8SqFYz,719sfK,D7BHnH1dgx9vYuxUQqfVjshiX2vSc4sSwWcXzgGueubu,5LAUuVgPmWgnqP3VnSTvay3bAo4j4ySX2gEBR5CTEykxEDU9e139TzmzmTXfya4KKRtzqJUY2Ms4BHFUBakaev83,hold 150 slots,-0.38894651660106266
719sfKUjiMThumTt2u39VMGn612BZyCcwbM5Pe8SqFYz,719sfK,D7BHnH1dgx9vYuxUQqfVjshiX2vSc4sSwWcXzgGueubu,5LAUuVgPmWgnqP3VnSTvay3bAo4j4ySX2gEBR5CTEykxEDU9e139TzmzmTXfya4KKRtzqJUY2Ms4BHFUBakaev83,TP 10% / SL 10%,-0.13232972667985296
719sfKUjiMThumTt2u39VMGn612BZyCcwbM5Pe8SqFYz,719sfK,D7BHnH1dgx9vYuxUQqfVjshiX2vSc4sSwWcXzgGueubu,5LAUuVgPmWgnqP3VnSTvay3bAo4j4ySX2gEBR5CTEykxEDU9e139TzmzmTXfya4KKRtzqJUY2Ms4BHFUBakaev83,TP 20% / SL 10%,-0.13232972667985296
719sfKUjiMThumTt2u39VMGn612BZyCcwbM5Pe8SqFYz,719sfK,D7BHnH1dgx9vYuxUQqfVjshiX2vSc4sSwWcXzgGueubu,5LAUuVgPmWgnqP3VnSTvay3bAo4j4ySX2gEBR5CTEykxEDU9e139TzmzmTXfya4KKRtzqJUY2Ms4BHFUBakaev83,TP 30% / SL 15%,-0.15162689961839784
719sfKUjiMThumTt2u39VMGn612BZyCcwbM5Pe8SqFYz,719sfK,D7BHnH1dgx9vYuxUQqfVjshiX2vSc4sSwWcXzgGueubu,5LAUuVgPmWgnqP3VnSTvay3bAo4j4ySX2gEBR5CTEykxEDU9e139TzmzmTXfya4KKRtzqJUY2Ms4BHFUBakaev83,TP 50% / SL 25%,-0.33404926877123475
719sfKUjiMThumTt2u39VMGn612BZyCcwbM5Pe8SqFYz,719sfK,D7BHnH1dgx9vYuxUQqfVjshiX2vSc4sSwWcXzgGueubu,5LAUuVgPmWgnqP3VnSTvay3bAo4j4ySX2gEBR5CTEykxEDU9e139TzmzmTXfya4KKRtzqJUY2Ms4BHFUBakaev83,TP 100% / SL 30%,-0.33404926877123475
7zTnUTHMd5qFUpZrrbXazpvGwC1Hvb3g5rFjnFAygLSo,7zTnUT,GY3puYjcngiQhwRyVkeLmPpVbW8zj5ZByZixU8XacrUN,jeKc3ZUMemUVMVYi94s2RSob55PhDPhve9AxD8jxbKApqdatZUdPoHjHPX3GdtTwEuUFyYwZ51BUJjQhEPR1SY1,follow wallet,-0.27360139455766547
7zTnUTHMd5qFUpZrrbXazpvGwC1Hvb3g5rFjnFAygLSo,7zTnUT,GY3puYjcngiQhwRyVkeLmPpVbW8zj5ZByZixU8XacrUN,jeKc3ZUMemUVMVYi94s2RSob55PhDPhve9AxD8jxbKApqdatZUdPoHjHPX3GdtTwEuUFyYwZ51BUJjQhEPR1SY1,hold 1 slots,-0.05671375282810736
7zTnUTHMd5qFUpZrrbXazpvGwC1Hvb3g5rFjnFAygLSo,7zTnUT,GY3puYjcngiQhwRyVkeLmPpVbW8zj5ZByZixU8XacrUN,jeKc3ZUMemUVMVYi94s2RSob55PhDPhve9AxD8jxbKApqdatZUdPoHjHPX3GdtTwEuUFyYwZ51BUJjQhEPR1SY1,hold 3 slots,-0.053256519254245044
7zTnUTHMd5qFUpZrrbXazpvGwC1Hvb3g5rFjnFAygLSo,7zTnUT,GY3puYjcngiQhwRyVkeLmPpVbW8zj5ZByZixU8XacrUN,jeKc3ZUMemUVMVYi94s2RSob55PhDPhve9AxD8jxbKApqdatZUdPoHjHPX3GdtTwEuUFyYwZ51BUJjQhEPR1SY1,hold 5 slots,-0.053256519254245044
7zTnUTHMd5qFUpZrrbXazpvGwC1Hvb3g5rFjnFAygLSo,7zTnUT,GY3puYjcngiQhwRyVkeLmPpVbW8zj5ZByZixU8XacrUN,jeKc3ZUMemUVMVYi94s2RSob55PhDPhve9AxD8jxbKApqdatZUdPoHjHPX3GdtTwEuUFyYwZ51BUJjQhEPR1SY1,hold 12 slots,-0.04946622465531683
7zTnUTHMd5qFUpZrrbXazpvGwC1Hvb3g5rFjnFAygLSo,7zTnUT,GY3puYjcngiQhwRyVkeLmPpVbW8zj5ZByZixU8XacrUN,jeKc3ZUMemUVMVYi94s2RSob55PhDPhve9AxD8jxbKApqdatZUdPoHjHPX3GdtTwEuUFyYwZ51BUJjQhEPR1SY1,hold 25 slots,-0.1131334744259051
7zTnUTHMd5qFUpZrrbXazpvGwC1Hvb3g5rFjnFAygLSo,7zTnUT,GY3puYjcngiQhwRyVkeLmPpVbW8zj5ZByZixU8XacrUN,jeKc3ZUMemUVMVYi94s2RSob55PhDPhve9AxD8jxbKApqdatZUdPoHjHPX3GdtTwEuUFyYwZ51BUJjQhEPR1SY1,hold 50 slots,-0.08976267211699773
7zTnUTHMd5qFUpZrrbXazpvGwC1Hvb3g5rFjnFAygLSo,7zTnUT,GY3puYjcngiQhwRyVkeLmPpVbW8zj5ZByZixU8XacrUN,jeKc3ZUMemUVMVYi94s2RSob55PhDPhve9AxD8jxbKApqdatZUdPoHjHPX3GdtTwEuUFyYwZ51BUJjQhEPR1SY1,hold 75 slots,-0.06985733082932497
7zTnUTHMd5qFUpZrrbXazpvGwC1Hvb3g5rFjnFAygLSo,7zTnUT,GY3puYjcngiQhwRyVkeLmPpVbW8zj5ZByZixU8XacrUN,jeKc3ZUMemUVMVYi94s2RSob55PhDPhve9AxD8jxbKApqdatZUdPoHjHPX3GdtTwEuUFyYwZ51BUJjQhEPR1SY1,hold 150 slots,0.20218406941905404
7zTnUTHMd5qFUpZrrbXazpvGwC1Hvb3g5rFjnFAygLSo,7zTnUT,GY3puYjcngiQhwRyVkeLmPpVbW8zj5ZByZixU8XacrUN,jeKc3ZUMemUVMVYi94s2RSob55PhDPhve9AxD8jxbKApqdatZUdPoHjHPX3GdtTwEuUFyYwZ51BUJjQhEPR1SY1,TP 10% / SL 10%,-0.1131334744259051
7zTnUTHMd5qFUpZrrbXazpvGwC1Hvb3g5rFjnFAygLSo,7zTnUT,GY3puYjcngiQhwRyVkeLmPpVbW8zj5ZByZixU8XacrUN,jeKc3ZUMemUVMVYi94s2RSob55PhDPhve9AxD8jxbKApqdatZUdPoHjHPX3GdtTwEuUFyYwZ51BUJjQhEPR1SY1,TP 20% / SL 10%,-0.1131334744259051
7zTnUTHMd5qFUpZrrbXazpvGwC1Hvb3g5rFjnFAygLSo,7zTnUT,GY3puYjcngiQhwRyVkeLmPpVbW8zj5ZByZixU8XacrUN,jeKc3ZUMemUVMVYi94s2RSob55PhDPhve9AxD8jxbKApqdatZUdPoHjHPX3GdtTwEuUFyYwZ51BUJjQhEPR1SY1,TP 30% / SL 15%,0.20218406941905404
7zTnUTHMd5qFUpZrrbXazpvGwC1Hvb3g5rFjnFAygLSo,7zTnUT,GY3puYjcngiQhwRyVkeLmPpVbW8zj5ZByZixU8XacrUN,jeKc3ZUMemUVMVYi94s2RSob55PhDPhve9AxD8jxbKApqdatZUdPoHjHPX3GdtTwEuUFyYwZ51BUJjQhEPR1SY1,TP 50% / SL 25%,0.20218406941905404
7zTnUTHMd5qFUpZrrbXazpvGwC1Hvb3g5rFjnFAygLSo,7zTnUT,GY3puYjcngiQhwRyVkeLmPpVbW8zj5ZByZixU8XacrUN,jeKc3ZUMemUVMVYi94s2RSob55PhDPhve9AxD8jxbKApqdatZUdPoHjHPX3GdtTwEuUFyYwZ51BUJjQhEPR1SY1,TP 100% / SL 30%,0.20218406941905404
7zTnUTHMd5qFUpZrrbXazpvGwC1Hvb3g5rFjnFAygLSo,7zTnUT,5CQCbEk9SK9L73m9qfnXfejE5cRVPvyS5bjdrJGApump,2KrjRMbim9jkVUHF6M6LdWAia162HqESDhqwkY2c2YYx4quQuxPiQjoJg7fCACx6Xwv9NZLHbfmhc28eY7M8QECp,follow wallet,-0.31866212800990296
7zTnUTHMd5qFUpZrrbXazpvGwC1Hvb3g5rFjnFAygLSo,7zTnUT,5CQCbEk9SK9L73m9qfnXfejE5cRVPvyS5bjdrJGApump,2KrjRMbim9jkVUHF6M6LdWAia162HqESDhqwkY2c2YYx4quQuxPiQjoJg7fCACx6Xwv9NZLHbfmhc28eY7M8QECp,hold 1 slots,-0.052103365359553816
7zTnUTHMd5qFUpZrrbXazpvGwC1Hvb3g5rFjnFAygLSo,7zTnUT,5CQCbEk9SK9L73m9qfnXfejE5cRVPvyS5bjdrJGApump,2KrjRMbim9jkVUHF6M6LdWAia162HqESDhqwkY2c2YYx4quQuxPiQjoJg7fCACx6Xwv9NZLHbfmhc28eY7M8QECp,hold 3 slots,-0.052103365359553816
7zTnUTHMd5qFUpZrrbXazpvGwC1Hvb3g5rFjnFAygLSo,7zTnUT,5CQCbEk9SK9L73m9qfnXfejE5cRVPvyS5bjdrJGApump,2KrjRMbim9jkVUHF6M6LdWAia162HqESDhqwkY2c2YYx4quQuxPiQjoJg7fCACx6Xwv9NZLHbfmhc28eY7M8QECp,hold 5 slots,-0.052103365359553816
7zTnUTHMd5qFUpZrrbXazpvGwC1Hvb3g5rFjnFAygLSo,7zTnUT,5CQCbEk9SK9L73m9qfnXfejE5cRVPvyS5bjdrJGApump,2KrjRMbim9jkVUHF6M6LdWAia162HqESDhqwkY2c2YYx4quQuxPiQjoJg7fCACx6Xwv9NZLHbfmhc28eY7M8QECp,hold 12 slots,-0.06809639117032229
7zTnUTHMd5qFUpZrrbXazpvGwC1Hvb3g5rFjnFAygLSo,7zTnUT,5CQCbEk9SK9L73m9qfnXfejE5cRVPvyS5bjdrJGApump,2KrjRMbim9jkVUHF6M6LdWAia162HqESDhqwkY2c2YYx4quQuxPiQjoJg7fCACx6Xwv9NZLHbfmhc28eY7M8QECp,hold 25 slots,-0.06809639117032229
7zTnUTHMd5qFUpZrrbXazpvGwC1Hvb3g5rFjnFAygLSo,7zTnUT,5CQCbEk9SK9L73m9qfnXfejE5cRVPvyS5bjdrJGApump,2KrjRMbim9jkVUHF6M6LdWAia162HqESDhqwkY2c2YYx4quQuxPiQjoJg7fCACx6Xwv9NZLHbfmhc28eY7M8QECp,hold 50 slots,-0.11302260919441831
7zTnUTHMd5qFUpZrrbXazpvGwC1Hvb3g5rFjnFAygLSo,7zTnUT,5CQCbEk9SK9L73m9qfnXfejE5cRVPvyS5bjdrJGApump,2KrjRMbim9jkVUHF6M6LdWAia162HqESDhqwkY2c2YYx4quQuxPiQjoJg7fCACx6Xwv9NZLHbfmhc28eY7M8QECp,hold 75 slots,-0.09945875167372442
7zTnUTHMd5qFUpZrrbXazpvGwC1Hvb3g5rFjnFAygLSo,7zTnUT,5CQCbEk9SK9L73m9qfnXfejE5cRVPvyS5bjdrJGApump,2KrjRMbim9jkVUHF6M6LdWAia162HqESDhqwkY2c2YYx4quQuxPiQjoJg7fCACx6Xwv9NZLHbfmhc28eY7M8QECp,hold 150 slots,-0.09021780817511846
7zTnUTHMd5qFUpZrrbXazpvGwC1Hvb3g5rFjnFAygLSo,7zTnUT,5CQCbEk9SK9L73m9qfnXfejE5cRVPvyS5bjdrJGApump,2KrjRMbim9jkVUHF6M6LdWAia162HqESDhqwkY2c2YYx4quQuxPiQjoJg7fCACx6Xwv9NZLHbfmhc28eY7M8QECp,TP 10% / SL 10%,-0.11436716574461972
7zTnUTHMd5qFUpZrrbXazpvGwC1Hvb3g5rFjnFAygLSo,7zTnUT,5CQCbEk9SK9L73m9qfnXfejE5cRVPvyS5bjdrJGApump,2KrjRMbim9jkVUHF6M6LdWAia162HqESDhqwkY2c2YYx4quQuxPiQjoJg7fCACx6Xwv9NZLHbfmhc28eY7M8QECp,TP 20% / SL 10%,-0.11436716574461972
7zTnUTHMd5qFUpZrrbXazpvGwC1Hvb3g5rFjnFAygLSo,7zTnUT,5CQCbEk9SK9L73m9qfnXfejE5cRVPvyS5bjdrJGApump,2KrjRMbim9jkVUHF6M6LdWAia162HqESDhqwkY2c2YYx4quQuxPiQjoJg7fCACx6Xwv9NZLHbfmhc28eY7M8QECp,TP 30% / SL 15%,-0.18794043293133605
7zTnUTHMd5qFUpZrrbXazpvGwC1Hvb3g5rFjnFAygLSo,7zTnUT,5CQCbEk9SK9L73m9qfnXfejE5cRVPvyS5bjdrJGApump,2KrjRMbim9jkVUHF6M6LdWAia162HqESDhqwkY2c2YYx4quQuxPiQjoJg7fCACx6Xwv9NZLHbfmhc28eY7M8QECp,TP 50% / SL 25%,-0.09021780817511846
7zTnUTHMd5qFUpZrrbXazpvGwC1Hvb3g5rFjnFAygLSo,7zTnUT,5CQCbEk9SK9L73m9qfnXfejE5cRVPvyS5bjdrJGApump,2KrjRMbim9jkVUHF6M6LdWAia162HqESDhqwkY2c2YYx4quQuxPiQjoJg7fCACx6Xwv9NZLHbfmhc28eY7M8QECp,TP 100% / SL 30%,-0.09021780817511846
7zTnUTHMd5qFUpZrrbXazpvGwC1Hvb3g5rFjnFAygLSo,7zTnUT,DqY1TBva4NTfWkH1gW7DtTVJwQHwksJfQsBU8dFtV1Xt,4xYogzmWmd1PQoLSTyFspdmiarPk58ZxPQ29NHT9FA9roZXdMqDpDdar9G6bqsiYQ3TmUVkNEufoivjKvwKa3LfY,hold 1 slots,-0.05020805964958561
7zTnUTHMd5qFUpZrrbXazpvGwC1Hvb3g5rFjnFAygLSo,7zTnUT,DqY1TBva4NTfWkH1gW7DtTVJwQHwksJfQsBU8dFtV1Xt,4xYogzmWmd1PQoLSTyFspdmiarPk58ZxPQ29NHT9FA9roZXdMqDpDdar9G6bqsiYQ3TmUVkNEufoivjKvwKa3LfY,hold 3 slots,-0.05020805964958561
7zTnUTHMd5qFUpZrrbXazpvGwC1Hvb3g5rFjnFAygLSo,7zTnUT,DqY1TBva4NTfWkH1gW7DtTVJwQHwksJfQsBU8dFtV1Xt,4xYogzmWmd1PQoLSTyFspdmiarPk58ZxPQ29NHT9FA9roZXdMqDpDdar9G6bqsiYQ3TmUVkNEufoivjKvwKa3LfY,hold 5 slots,-0.05020805964958561
7zTnUTHMd5qFUpZrrbXazpvGwC1Hvb3g5rFjnFAygLSo,7zTnUT,DqY1TBva4NTfWkH1gW7DtTVJwQHwksJfQsBU8dFtV1Xt,4xYogzmWmd1PQoLSTyFspdmiarPk58ZxPQ29NHT9FA9roZXdMqDpDdar9G6bqsiYQ3TmUVkNEufoivjKvwKa3LfY,hold 12 slots,-0.05020805964958561
7zTnUTHMd5qFUpZrrbXazpvGwC1Hvb3g5rFjnFAygLSo,7zTnUT,DqY1TBva4NTfWkH1gW7DtTVJwQHwksJfQsBU8dFtV1Xt,4xYogzmWmd1PQoLSTyFspdmiarPk58ZxPQ29NHT9FA9roZXdMqDpDdar9G6bqsiYQ3TmUVkNEufoivjKvwKa3LfY,hold 25 slots,-0.049543339707955956
7zTnUTHMd5qFUpZrrbXazpvGwC1Hvb3g5rFjnFAygLSo,7zTnUT,DqY1TBva4NTfWkH1gW7DtTVJwQHwksJfQsBU8dFtV1Xt,4xYogzmWmd1PQoLSTyFspdmiarPk58ZxPQ29NHT9FA9roZXdMqDpDdar9G6bqsiYQ3TmUVkNEufoivjKvwKa3LfY,hold 50 slots,0.33938489336805056
7zTnUTHMd5qFUpZrrbXazpvGwC1Hvb3g5rFjnFAygLSo,7zTnUT,DqY1TBva4NTfWkH1gW7DtTVJwQHwksJfQsBU8dFtV1Xt,4xYogzmWmd1PQoLSTyFspdmiarPk58ZxPQ29NHT9FA9roZXdMqDpDdar9G6bqsiYQ3TmUVkNEufoivjKvwKa3LfY,hold 75 slots,0.2866053812955053
7zTnUTHMd5qFUpZrrbXazpvGwC1Hvb3g5rFjnFAygLSo,7zTnUT,DqY1TBva4NTfWkH1gW7DtTVJwQHwksJfQsBU8dFtV1Xt,4xYogzmWmd1PQoLSTyFspdmiarPk58ZxPQ29NHT9FA9roZXdMqDpDdar9G6bqsiYQ3TmUVkNEufoivjKvwKa3LfY,hold 150 slots,0.2404769720938611
7zTnUTHMd5qFUpZrrbXazpvGwC1Hvb3g5rFjnFAygLSo,7zTnUT,DqY1TBva4NTfWkH1gW7DtTVJwQHwksJfQsBU8dFtV1Xt,4xYogzmWmd1PQoLSTyFspdmiarPk58ZxPQ29NHT9FA9roZXdMqDpDdar9G6bqsiYQ3TmUVkNEufoivjKvwKa3LfY,TP 10% / SL 10%,0.3601759178025415
7zTnUTHMd5qFUpZrrbXazpvGwC1Hvb3g5rFjnFAygLSo,7zTnUT,DqY1TBva4NTfWkH1gW7DtTVJwQHwksJfQsBU8dFtV1Xt,4xYogzmWmd1PQoLSTyFspdmiarPk58ZxPQ29NHT9FA9roZXdMqDpDdar9G6bqsiYQ3TmUVkNEufoivjKvwKa3LfY,TP 20% / SL 10%,0.3601759178025415
7zTnUTHMd5qFUpZrrbXazpvGwC1Hvb3g5rFjnFAygLSo,7zTnUT,DqY1TBva4NTfWkH1gW7DtTVJwQHwksJfQsBU8dFtV1Xt,4xYogzmWmd1PQoLSTyFspdmiarPk58ZxPQ29NHT9FA9roZXdMqDpDdar9G6bqsiYQ3TmUVkNEufoivjKvwKa3LfY,TP 30% / SL 15%,0.3601759178025415
7zTnUTHMd5qFUpZrrbXazpvGwC1Hvb3g5rFjnFAygLSo,7zTnUT,DqY1TBva4NTfWkH1gW7DtTVJwQHwksJfQsBU8dFtV1Xt,4xYogzmWmd1PQoLSTyFspdmiarPk58ZxPQ29NHT9FA9roZXdMqDpDdar9G6bqsiYQ3TmUVkNEufoivjKvwKa3LfY,TP 50% / SL 25%,0.2404769720938611
7zTnUTHMd5qFUpZrrbXazpvGwC1Hvb3g5rFjnFAygLSo,7zTnUT,DqY1TBva4NTfWkH1gW7DtTVJwQHwksJfQsBU8dFtV1Xt,4xYogzmWmd1PQoLSTyFspdmiarPk58ZxPQ29NHT9FA9roZXdMqDpDdar9G6bqsiYQ3TmUVkNEufoivjKvwKa3LfY,TP 100% / SL 30%,0.2404769720938611
7zTnUTHMd5qFUpZrrbXazpvGwC1Hvb3g5rFjnFAygLSo,7zTnUT,Bk3PZUcQnzvdZGcfKddsCdsvBD5uVwLZ4KDhVtNviZjx,5TR3NCttoWp5Gpu5wVXBGPncDQFK7zYKc8rHpP4oX8s8VreEA9pRc4m88yPCfZegRGrUik5bm5pNYCRf5DEDcwh8,hold 1 slots,-0.05301547320148933
7zTnUTHMd5qFUpZrrbXazpvGwC1Hvb3g5rFjnFAygLSo,7zTnUT,Bk3PZUcQnzvdZGcfKddsCdsvBD5uVwLZ4KDhVtNviZjx,5TR3NCttoWp5Gpu5wVXBGPncDQFK7zYKc8rHpP4oX8s8VreEA9pRc4m88yPCfZegRGrUik5bm5pNYCRf5DEDcwh8,hold 3 slots,-0.05301547320148933
7zTnUTHMd5qFUpZrrbXazpvGwC1Hvb3g5rFjnFAygLSo,7zTnUT,Bk3PZUcQnzvdZGcfKddsCdsvBD5uVwLZ4KDhVtNviZjx,5TR3NCttoWp5Gpu5wVXBGPncDQFK7zYKc8rHpP4oX8s8VreEA9pRc4m88yPCfZegRGrUik5bm5pNYCRf5DEDcwh8,hold 5 slots,-0.05301547320148933
7zTnUTHMd5qFUpZrrbXazpvGwC1Hvb3g5rFjnFAygLSo,7zTnUT,Bk3PZUcQnzvdZGcfKddsCdsvBD5uVwLZ4KDhVtNviZjx,5TR3NCttoWp5Gpu5wVXBGPncDQFK7zYKc8rHpP4oX8s8VreEA9pRc4m88yPCfZegRGrUik5bm5pNYCRf5DEDcwh8,hold 12 slots,-0.049912566694981696
7zTnUTHMd5qFUpZrrbXazpvGwC1Hvb3g5rFjnFAygLSo,7zTnUT,Bk3PZUcQnzvdZGcfKddsCdsvBD5uVwLZ4KDhVtNviZjx,5TR3NCttoWp5Gpu5wVXBGPncDQFK7zYKc8rHpP4oX8s8VreEA9pRc4m88yPCfZegRGrUik5bm5pNYCRf5DEDcwh8,hold 25 slots,0.6790482549645276
7zTnUTHMd5qFUpZrrbXazpvGwC1Hvb3g5rFjnFAygLSo,7zTnUT,Bk3PZUcQnzvdZGcfKddsCdsvBD5uVwLZ4KDhVtNviZjx,5TR3NCttoWp5Gpu5wVXBGPncDQFK7zYKc8rHpP4oX8s8VreEA9pRc4m88yPCfZegRGrUik5bm5pNYCRf5DEDcwh8,hold 50 slots,0.9282780720923314
7zTnUTHMd5qFUpZrrbXazpvGwC1Hvb3g5rFjnFAygLSo,7zTnUT,Bk3PZUcQnzvdZGcfKddsCdsvBD5uVwLZ4KDhVtNviZjx,5TR3NCttoWp5Gpu5wVXBGPncDQFK7zYKc8rHpP4oX8s8VreEA9pRc4m88yPCfZegRGrUik5bm5pNYCRf5DEDcwh8,hold 75 slots,0.9282780720923314
7zTnUTHMd5qFUpZrrbXazpvGwC1Hvb3g5rFjnFAygLSo,7zTnUT,Bk3PZUcQnzvdZGcfKddsCdsvBD5uVwLZ4KDhVtNviZjx,5TR3NCttoWp5Gpu5wVXBGPncDQFK7zYKc8rHpP4oX8s8VreEA9pRc4m88yPCfZegRGrUik5bm5pNYCRf5DEDcwh8,hold 150 slots,0.9282780720923314
7zTnUTHMd5qFUpZrrbXazpvGwC1Hvb3g5rFjnFAygLSo,7zTnUT,Bk3PZUcQnzvdZGcfKddsCdsvBD5uVwLZ4KDhVtNviZjx,5TR3NCttoWp5Gpu5wVXBGPncDQFK7zYKc8rHpP4oX8s8VreEA9pRc4m88yPCfZegRGrUik5bm5pNYCRf5DEDcwh8,TP 10% / SL 10%,0.6790482549645276
7zTnUTHMd5qFUpZrrbXazpvGwC1Hvb3g5rFjnFAygLSo,7zTnUT,Bk3PZUcQnzvdZGcfKddsCdsvBD5uVwLZ4KDhVtNviZjx,5TR3NCttoWp5Gpu5wVXBGPncDQFK7zYKc8rHpP4oX8s8VreEA9pRc4m88yPCfZegRGrUik5bm5pNYCRf5DEDcwh8,TP 20% / SL 10%,0.6790482549645276
7zTnUTHMd5qFUpZrrbXazpvGwC1Hvb3g5rFjnFAygLSo,7zTnUT,Bk3PZUcQnzvdZGcfKddsCdsvBD5uVwLZ4KDhVtNviZjx,5TR3NCttoWp5Gpu5wVXBGPncDQFK7zYKc8rHpP4oX8s8VreEA9pRc4m88yPCfZegRGrUik5bm5pNYCRf5DEDcwh8,TP 30% / SL 15%,0.6790482549645276
7zTnUTHMd5qFUpZrrbXazpvGwC1Hvb3g5rFjnFAygLSo,7zTnUT,Bk3PZUcQnzvdZGcfKddsCdsvBD5uVwLZ4KDhVtNviZjx,5TR3NCttoWp5Gpu5wVXBGPncDQFK7zYKc8rHpP4oX8s8VreEA9pRc4m88yPCfZegRGrUik5bm5pNYCRf5DEDcwh8,TP 50% / SL 25%,0.6790482549645276
7zTnUTHMd5qFUpZrrbXazpvGwC1Hvb3g5rFjnFAygLSo,7zTnUT,Bk3PZUcQnzvdZGcfKddsCdsvBD5uVwLZ4KDhVtNviZjx,5TR3NCttoWp5Gpu5wVXBGPncDQFK7zYKc8rHpP4oX8s8VreEA9pRc4m88yPCfZegRGrUik5bm5pNYCRf5DEDcwh8,TP 100% / SL 30%,0.9282780720923314
67Nwfi9hgwqhxGoovT2JGLU67uxfomLwQAWncjXXzU6U,67Nwfi,66ZXRfHeigbBWR7mh8FUWKvcL5V6Vw2DBZfns3xuQjcG,64Phe2zpyY4Vd9UANWteucpBzGt9aWprTxLNbP7nvj84G4D51PE7HuWr5aXzKpwK4Gty5DWWBfSnEhwbmCpkHJZF,follow wallet,0.060097438411872504
67Nwfi9hgwqhxGoovT2JGLU67uxfomLwQAWncjXXzU6U,67Nwfi,66ZXRfHeigbBWR7mh8FUWKvcL5V6Vw2DBZfns3xuQjcG,64Phe2zpyY4Vd9UANWteucpBzGt9aWprTxLNbP7nvj84G4D51PE7HuWr5aXzKpwK4Gty5DWWBfSnEhwbmCpkHJZF,hold 1 slots,-0.030696854676467895
67Nwfi9hgwqhxGoovT2JGLU67uxfomLwQAWncjXXzU6U,67Nwfi,66ZXRfHeigbBWR7mh8FUWKvcL5V6Vw2DBZfns3xuQjcG,64Phe2zpyY4Vd9UANWteucpBzGt9aWprTxLNbP7nvj84G4D51PE7HuWr5aXzKpwK4Gty5DWWBfSnEhwbmCpkHJZF,hold 3 slots,-0.030696854676467895
67Nwfi9hgwqhxGoovT2JGLU67uxfomLwQAWncjXXzU6U,67Nwfi,66ZXRfHeigbBWR7mh8FUWKvcL5V6Vw2DBZfns3xuQjcG,64Phe2zpyY4Vd9UANWteucpBzGt9aWprTxLNbP7nvj84G4D51PE7HuWr5aXzKpwK4Gty5DWWBfSnEhwbmCpkHJZF,hold 5 slots,-0.030696854676467895
67Nwfi9hgwqhxGoovT2JGLU67uxfomLwQAWncjXXzU6U,67Nwfi,66ZXRfHeigbBWR7mh8FUWKvcL5V6Vw2DBZfns3xuQjcG,64Phe2zpyY4Vd9UANWteucpBzGt9aWprTxLNbP7nvj84G4D51PE7HuWr5aXzKpwK4Gty5DWWBfSnEhwbmCpkHJZF,hold 12 slots,-0.030696854676467895
67Nwfi9hgwqhxGoovT2JGLU67uxfomLwQAWncjXXzU6U,67Nwfi,66ZXRfHeigbBWR7mh8FUWKvcL5V6Vw2DBZfns3xuQjcG,64Phe2zpyY4Vd9UANWteucpBzGt9aWprTxLNbP7nvj84G4D51PE7HuWr5aXzKpwK4Gty5DWWBfSnEhwbmCpkHJZF,hold 25 slots,-0.030696854676467895
67Nwfi9hgwqhxGoovT2JGLU67uxfomLwQAWncjXXzU6U,67Nwfi,66ZXRfHeigbBWR7mh8FUWKvcL5V6Vw2DBZfns3xuQjcG,64Phe2zpyY4Vd9UANWteucpBzGt9aWprTxLNbP7nvj84G4D51PE7HuWr5aXzKpwK4Gty5DWWBfSnEhwbmCpkHJZF,hold 50 slots,-0.030696854676467895
67Nwfi9hgwqhxGoovT2JGLU67uxfomLwQAWncjXXzU6U,67Nwfi,66ZXRfHeigbBWR7mh8FUWKvcL5V6Vw2DBZfns3xuQjcG,64Phe2zpyY4Vd9UANWteucpBzGt9aWprTxLNbP7nvj84G4D51PE7HuWr5aXzKpwK4Gty5DWWBfSnEhwbmCpkHJZF,hold 75 slots,-0.03751022861279059
67Nwfi9hgwqhxGoovT2JGLU67uxfomLwQAWncjXXzU6U,67Nwfi,66ZXRfHeigbBWR7mh8FUWKvcL5V6Vw2DBZfns3xuQjcG,64Phe2zpyY4Vd9UANWteucpBzGt9aWprTxLNbP7nvj84G4D51PE7HuWr5aXzKpwK4Gty5DWWBfSnEhwbmCpkHJZF,hold 150 slots,-0.050088174030200244
67Nwfi9hgwqhxGoovT2JGLU67uxfomLwQAWncjXXzU6U,67Nwfi,66ZXRfHeigbBWR7mh8FUWKvcL5V6Vw2DBZfns3xuQjcG,64Phe2zpyY4Vd9UANWteucpBzGt9aWprTxLNbP7nvj84G4D51PE7HuWr5aXzKpwK4Gty5DWWBfSnEhwbmCpkHJZF,TP 10% / SL 10%,-0.050088174030200244
67Nwfi9hgwqhxGoovT2JGLU67uxfomLwQAWncjXXzU6U,67Nwfi,66ZXRfHeigbBWR7mh8FUWKvcL5V6Vw2DBZfns3xuQjcG,64Phe2zpyY4Vd9UANWteucpBzGt9aWprTxLNbP7nvj84G4D51PE7HuWr5aXzKpwK4Gty5DWWBfSnEhwbmCpkHJZF,TP 20% / SL 10%,-0.050088174030200244
67Nwfi9hgwqhxGoovT2JGLU67uxfomLwQAWncjXXzU6U,67Nwfi,66ZXRfHeigbBWR7mh8FUWKvcL5V6Vw2DBZfns3xuQjcG,64Phe2zpyY4Vd9UANWteucpBzGt9aWprTxLNbP7nvj84G4D51PE7HuWr5aXzKpwK4Gty5DWWBfSnEhwbmCpkHJZF,TP 30% / SL 15%,-0.050088174030200244
67Nwfi9hgwqhxGoovT2JGLU67uxfomLwQAWncjXXzU6U,67Nwfi,66ZXRfHeigbBWR7mh8FUWKvcL5V6Vw2DBZfns3xuQjcG,64Phe2zpyY4Vd9UANWteucpBzGt9aWprTxLNbP7nvj84G4D51PE7HuWr5aXzKpwK4Gty5DWWBfSnEhwbmCpkHJZF,TP 50% / SL 25%,-0.050088174030200244
67Nwfi9hgwqhxGoovT2JGLU67uxfomLwQAWncjXXzU6U,67Nwfi,66ZXRfHeigbBWR7mh8FUWKvcL5V6Vw2DBZfns3xuQjcG,64Phe2zpyY4Vd9UANWteucpBzGt9aWprTxLNbP7nvj84G4D51PE7HuWr5aXzKpwK4Gty5DWWBfSnEhwbmCpkHJZF,TP 100% / SL 30%,-0.050088174030200244
67Nwfi9hgwqhxGoovT2JGLU67uxfomLwQAWncjXXzU6U,67Nwfi,9p2RT4yFzR7gycipRbMre8dzn1E3HUz9p3nnVMMoTfzq,5fDv7kLjrWqHq2P1sd7uuGvCZgjzYhs34gADJVLF6d1e6KaBoLnApzrZr4sesYG2w26g1gN5o5pFsBiE4oL2NvBY,follow wallet,-0.4089834749831762
67Nwfi9hgwqhxGoovT2JGLU67uxfomLwQAWncjXXzU6U,67Nwfi,9p2RT4yFzR7gycipRbMre8dzn1E3HUz9p3nnVMMoTfzq,5fDv7kLjrWqHq2P1sd7uuGvCZgjzYhs34gADJVLF6d1e6KaBoLnApzrZr4sesYG2w26g1gN5o5pFsBiE4oL2NvBY,hold 1 slots,-0.05132509392018497
67Nwfi9hgwqhxGoovT2JGLU67uxfomLwQAWncjXXzU6U,67Nwfi,9p2RT4yFzR7gycipRbMre8dzn1E3HUz9p3nnVMMoTfzq,5fDv7kLjrWqHq2P1sd7uuGvCZgjzYhs34gADJVLF6d1e6KaBoLnApzrZr4sesYG2w26g1gN5o5pFsBiE4oL2NvBY,hold 3 slots,-0.0923568086836847
67Nwfi9hgwqhxGoovT2JGLU67uxfomLwQAWncjXXzU6U,67Nwfi,9p2RT4yFzR7gycipRbMre8dzn1E3HUz9p3nnVMMoTfzq,5fDv7kLjrWqHq2P1sd7uuGvCZgjzYhs34gADJVLF6d1e6KaBoLnApzrZr4sesYG2w26g1gN5o5pFsBiE4oL2NvBY,hold 5 slots,-0.08274694261294555
67Nwfi9hgwqhxGoovT2JGLU67uxfomLwQAWncjXXzU6U,67Nwfi,9p2RT4yFzR7gycipRbMre8dzn1E3HUz9p3nnVMMoTfzq,5fDv7kLjrWqHq2P1sd7uuGvCZgjzYhs34gADJVLF6d1e6KaBoLnApzrZr4sesYG2w26g1gN5o5pFsBiE4oL2NvBY,hold 12 slots,-0.0840015560839398
67Nwfi9hgwqhxGoovT2JGLU67uxfomLwQAWncjXXzU6U,67Nwfi,9p2RT4yFzR7gycipRbMre8dzn1E3HUz9p3nnVMMoTfzq,5fDv7kLjrWqHq2P1sd7uuGvCZgjzYhs34gADJVLF6d1e6KaBoLnApzrZr4sesYG2w26g1gN5o5pFsBiE4oL2NvBY,hold 25 slots,-0.0840015560839398
67Nwfi9hgwqhxGoovT2JGLU67uxfomLwQAWncjXXzU6U,67Nwfi,9p2RT4yFzR7gycipRbMre8dzn1E3HUz9p3nnVMMoTfzq,5fDv7kLjrWqHq2P1sd7uuGvCZgjzYhs34gADJVLF6d1e6KaBoLnApzrZr4sesYG2w26g1gN5o5pFsBiE4oL2NvBY,hold 50 slots,-0.11552826302916133
67Nwfi9hgwqhxGoovT2JGLU67uxfomLwQAWncjXXzU6U,67Nwfi,9p2RT4yFzR7gycipRbMre8dzn1E3HUz9p3nnVMMoTfzq,5fDv7kLjrWqHq2P1sd7uuGvCZgjzYhs34gADJVLF6d1e6KaBoLnApzrZr4sesYG2w26g1gN5o5pFsBiE4oL2NvBY,hold 75 slots,-0.14826169361272276
67Nwfi9hgwqhxGoovT2JGLU67uxfomLwQAWncjXXzU6U,67Nwfi,9p2RT4yFzR7gycipRbMre8dzn1E3HUz9p3nnVMMoTfzq,5fDv7kLjrWqHq2P1sd7uuGvCZgjzYhs34gADJVLF6d1e6KaBoLnApzrZr4sesYG2w26g1gN5o5pFsBiE4oL2NvBY,hold 150 slots,-0.14826169361272276
67Nwfi9hgwqhxGoovT2JGLU67uxfomLwQAWncjXXzU6U,67Nwfi,9p2RT4yFzR7gycipRbMre8dzn1E3HUz9p3nnVMMoTfzq,5fDv7kLjrWqHq2P1sd7uuGvCZgjzYhs34gADJVLF6d1e6KaBoLnApzrZr4sesYG2w26g1gN5o5pFsBiE4oL2NvBY,TP 10% / SL 10%,-0.11552826302916133
67Nwfi9hgwqhxGoovT2JGLU67uxfomLwQAWncjXXzU6U,67Nwfi,9p2RT4yFzR7gycipRbMre8dzn1E3HUz9p3nnVMMoTfzq,5fDv7kLjrWqHq2P1sd7uuGvCZgjzYhs34gADJVLF6d1e6KaBoLnApzrZr4sesYG2w26g1gN5o5pFsBiE4oL2NvBY,TP 20% / SL 10%,-0.11552826302916133
67Nwfi9hgwqhxGoovT2JGLU67uxfomLwQAWncjXXzU6U,67Nwfi,9p2RT4yFzR7gycipRbMre8dzn1E3HUz9p3nnVMMoTfzq,5fDv7kLjrWqHq2P1sd7uuGvCZgjzYhs34gADJVLF6d1e6KaBoLnApzrZr4sesYG2w26g1gN5o5pFsBiE4oL2NvBY,TP 30% / SL 15%,-0.14826169361272276
67Nwfi9hgwqhxGoovT2JGLU67uxfomLwQAWncjXXzU6U,67Nwfi,9p2RT4yFzR7gycipRbMre8dzn1E3HUz9p3nnVMMoTfzq,5fDv7kLjrWqHq2P1sd7uuGvCZgjzYhs34gADJVLF6d1e6KaBoLnApzrZr4sesYG2w26g1gN5o5pFsBiE4oL2NvBY,TP 50% / SL 25%,-0.14826169361272276
67Nwfi9hgwqhxGoovT2JGLU67uxfomLwQAWncjXXzU6U,67Nwfi,9p2RT4yFzR7gycipRbMre8dzn1E3HUz9p3nnVMMoTfzq,5fDv7kLjrWqHq2P1sd7uuGvCZgjzYhs34gADJVLF6d1e6KaBoLnApzrZr4sesYG2w26g1gN5o5pFsBiE4oL2NvBY,TP 100% / SL 30%,-0.14826169361272276
CUKFKdJw7F91bZBbtAJMrLLxqtVigVSJhx644EFnCnw,CUKFKd,Awoi1GNpFvtEodYTaX25UX2DNg6KucsKJA6U6ZyWSY75,3EQqz3c2aUx4WWDfce2W9uRia3PGKZGz8z5nbnZmwnm2MBzjxR95snci5VyKvGoiVAf5ynGS2ND8Htn6gvtrqdff,follow wallet,-0.48160491642627934
CUKFKdJw7F91bZBbtAJMrLLxqtVigVSJhx644EFnCnw,CUKFKd,Awoi1GNpFvtEodYTaX25UX2DNg6KucsKJA6U6ZyWSY75,3EQqz3c2aUx4WWDfce2W9uRia3PGKZGz8z5nbnZmwnm2MBzjxR95snci5VyKvGoiVAf5ynGS2ND8Htn6gvtrqdff,hold 1 slots,-0.057093903219297526
CUKFKdJw7F91bZBbtAJMrLLxqtVigVSJhx644EFnCnw,CUKFKd,Awoi1GNpFvtEodYTaX25UX2DNg6KucsKJA6U6ZyWSY75,3EQqz3c2aUx4WWDfce2W9uRia3PGKZGz8z5nbnZmwnm2MBzjxR95snci5VyKvGoiVAf5ynGS2ND8Htn6gvtrqdff,hold 3 slots,-0.057093903219297526
CUKFKdJw7F91bZBbtAJMrLLxqtVigVSJhx644EFnCnw,CUKFKd,Awoi1GNpFvtEodYTaX25UX2DNg6KucsKJA6U6ZyWSY75,3EQqz3c2aUx4WWDfce2W9uRia3PGKZGz8z5nbnZmwnm2MBzjxR95snci5VyKvGoiVAf5ynGS2ND8Htn6gvtrqdff,hold 5 slots,-0.057093903219297526
CUKFKdJw7F91bZBbtAJMrLLxqtVigVSJhx644EFnCnw,CUKFKd,Awoi1GNpFvtEodYTaX25UX2DNg6KucsKJA6U6ZyWSY75,3EQqz3c2aUx4WWDfce2W9uRia3PGKZGz8z5nbnZmwnm2MBzjxR95snci5VyKvGoiVAf5ynGS2ND8Htn6gvtrqdff,hold 12 slots,-0.057093903219297526
CUKFKdJw7F91bZBbtAJMrLLxqtVigVSJhx644EFnCnw,CUKFKd,Awoi1GNpFvtEodYTaX25UX2DNg6KucsKJA6U6ZyWSY75,3EQqz3c2aUx4WWDfce2W9uRia3PGKZGz8z5nbnZmwnm2MBzjxR95snci5VyKvGoiVAf5ynGS2ND8Htn6gvtrqdff,hold 25 slots,-0.09746602817195249
CUKFKdJw7F91bZBbtAJMrLLxqtVigVSJhx644EFnCnw,CUKFKd,Awoi1GNpFvtEodYTaX25UX2DNg6KucsKJA6U6ZyWSY75,3EQqz3c2aUx4WWDfce2W9uRia3PGKZGz8z5nbnZmwnm2MBzjxR95snci5VyKvGoiVAf5ynGS2ND8Htn6gvtrqdff,hold 50 slots,-0.15431379989085328
CUKFKdJw7F91bZBbtAJMrLLxqtVigVSJhx644EFnCnw,CUKFKd,Awoi1GNpFvtEodYTaX25UX2DNg6KucsKJA6U6ZyWSY75,3EQqz3c2aUx4WWDfce2W9uRia3PGKZGz8z5nbnZmwnm2MBzjxR95snci5VyKvGoiVAf5ynGS2ND8Htn6gvtrqdff,hold 75 slots,-0.00209276151069212
CUKFKdJw7F91bZBbtAJMrLLxqtVigVSJhx644EFnCnw,CUKFKd,Awoi1GNpFvtEodYTaX25UX2DNg6KucsKJA6U6ZyWSY75,3EQqz3c2aUx4WWDfce2W9uRia3PGKZGz8z5nbnZmwnm2MBzjxR95snci5VyKvGoiVAf5ynGS2ND8Htn6gvtrqdff,hold 150 slots,-0.23432685737486875
CUKFKdJw7F91bZBbtAJMrLLxqtVigVSJhx644EFnCnw,CUKFKd,Awoi1GNpFvtEodYTaX25UX2DNg6KucsKJA6U6ZyWSY75,3EQqz3c2aUx4WWDfce2W9uRia3PGKZGz8z5nbnZmwnm2MBzjxR95snci5VyKvGoiVAf5ynGS2ND8Htn6gvtrqdff,TP 10% / SL 10%,-0.15989261905100155
CUKFKdJw7F91bZBbtAJMrLLxqtVigVSJhx644EFnCnw,CUKFKd,Awoi1GNpFvtEodYTaX25UX2DNg6KucsKJA6U6ZyWSY75,3EQqz3c2aUx4WWDfce2W9uRia3PGKZGz8z5nbnZmwnm2MBzjxR95snci5VyKvGoiVAf5ynGS2ND8Htn6gvtrqdff,TP 20% / SL 10%,-0.15989261905100155
CUKFKdJw7F91bZBbtAJMrLLxqtVigVSJhx644EFnCnw,CUKFKd,Awoi1GNpFvtEodYTaX25UX2DNg6KucsKJA6U6ZyWSY75,3EQqz3c2aUx4WWDfce2W9uRia3PGKZGz8z5nbnZmwnm2MBzjxR95snci5VyKvGoiVAf5ynGS2ND8Htn6gvtrqdff,TP 30% / SL 15%,-0.15989261905100155
CUKFKdJw7F91bZBbtAJMrLLxqtVigVSJhx644EFnCnw,CUKFKd,Awoi1GNpFvtEodYTaX25UX2DNg6KucsKJA6U6ZyWSY75,3EQqz3c2aUx4WWDfce2W9uRia3PGKZGz8z5nbnZmwnm2MBzjxR95snci5VyKvGoiVAf5ynGS2ND8Htn6gvtrqdff,TP 50% / SL 25%,-0.23432685737486875
CUKFKdJw7F91bZBbtAJMrLLxqtVigVSJhx644EFnCnw,CUKFKd,Awoi1GNpFvtEodYTaX25UX2DNg6KucsKJA6U6ZyWSY75,3EQqz3c2aUx4WWDfce2W9uRia3PGKZGz8z5nbnZmwnm2MBzjxR95snci5VyKvGoiVAf5ynGS2ND8Htn6gvtrqdff,TP 100% / SL 30%,-0.23432685737486875
BtMBMPkoNbnLF9Xn552guQq528KKXcsNBNNBre3oaQtr,BtMBMP,6wA1usWZSjHtvgu3LzjNXNQo8YGRcLPfumX42iCYJF6j,475fuFRtbLcWMNpXQCjdhBGbBhrB2Sow1CcDQ7wSvRDB6NymseJcJWVACPQDBk6SfArkTGysSxakVoJG1FizTQTi,follow wallet,-0.26332045895096745
BtMBMPkoNbnLF9Xn552guQq528KKXcsNBNNBre3oaQtr,BtMBMP,6wA1usWZSjHtvgu3LzjNXNQo8YGRcLPfumX42iCYJF6j,475fuFRtbLcWMNpXQCjdhBGbBhrB2Sow1CcDQ7wSvRDB6NymseJcJWVACPQDBk6SfArkTGysSxakVoJG1FizTQTi,hold 1 slots,-0.025280209984898685
BtMBMPkoNbnLF9Xn552guQq528KKXcsNBNNBre3oaQtr,BtMBMP,6wA1usWZSjHtvgu3LzjNXNQo8YGRcLPfumX42iCYJF6j,475fuFRtbLcWMNpXQCjdhBGbBhrB2Sow1CcDQ7wSvRDB6NymseJcJWVACPQDBk6SfArkTGysSxakVoJG1FizTQTi,hold 3 slots,0.012500949852916242
BtMBMPkoNbnLF9Xn552guQq528KKXcsNBNNBre3oaQtr,BtMBMP,6wA1usWZSjHtvgu3LzjNXNQo8YGRcLPfumX42iCYJF6j,475fuFRtbLcWMNpXQCjdhBGbBhrB2Sow1CcDQ7wSvRDB6NymseJcJWVACPQDBk6SfArkTGysSxakVoJG1FizTQTi,hold 5 slots,0.015550683916292666
BtMBMPkoNbnLF9Xn552guQq528KKXcsNBNNBre3oaQtr,BtMBMP,6wA1usWZSjHtvgu3LzjNXNQo8YGRcLPfumX42iCYJF6j,475fuFRtbLcWMNpXQCjdhBGbBhrB2Sow1CcDQ7wSvRDB6NymseJcJWVACPQDBk6SfArkTGysSxakVoJG1FizTQTi,hold 12 slots,-0.03055275969682622
BtMBMPkoNbnLF9Xn552guQq528KKXcsNBNNBre3oaQtr,BtMBMP,6wA1usWZSjHtvgu3LzjNXNQo8YGRcLPfumX42iCYJF6j,475fuFRtbLcWMNpXQCjdhBGbBhrB2Sow1CcDQ7wSvRDB6NymseJcJWVACPQDBk6SfArkTGysSxakVoJG1FizTQTi,hold 25 slots,-0.027934602843488813
BtMBMPkoNbnLF9Xn552guQq528KKXcsNBNNBre3oaQtr,BtMBMP,6wA1usWZSjHtvgu3LzjNXNQo8YGRcLPfumX42iCYJF6j,475fuFRtbLcWMNpXQCjdhBGbBhrB2Sow1CcDQ7wSvRDB6NymseJcJWVACPQDBk6SfArkTGysSxakVoJG1FizTQTi,hold 50 slots,-0.05529514899512947
BtMBMPkoNbnLF9Xn552guQq528KKXcsNBNNBre3oaQtr,BtMBMP,6wA1usWZSjHtvgu3LzjNXNQo8YGRcLPfumX42iCYJF6j,475fuFRtbLcWMNpXQCjdhBGbBhrB2Sow1CcDQ7wSvRDB6NymseJcJWVACPQDBk6SfArkTGysSxakVoJG1FizTQTi,hold 75 slots,-0.055379653942513464
BtMBMPkoNbnLF9Xn552guQq528KKXcsNBNNBre3oaQtr,BtMBMP,6wA1usWZSjHtvgu3LzjNXNQo8YGRcLPfumX42iCYJF6j,475fuFRtbLcWMNpXQCjdhBGbBhrB2Sow1CcDQ7wSvRDB6NymseJcJWVACPQDBk6SfArkTGysSxakVoJG1FizTQTi,hold 150 slots,-0.16066906156991637
BtMBMPkoNbnLF9Xn552guQq528KKXcsNBNNBre3oaQtr,BtMBMP,6wA1usWZSjHtvgu3LzjNXNQo8YGRcLPfumX42iCYJF6j,475fuFRtbLcWMNpXQCjdhBGbBhrB2Sow1CcDQ7wSvRDB6NymseJcJWVACPQDBk6SfArkTGysSxakVoJG1FizTQTi,TP 10% / SL 10%,-0.16066906156991637
BtMBMPkoNbnLF9Xn552guQq528KKXcsNBNNBre3oaQtr,BtMBMP,6wA1usWZSjHtvgu3LzjNXNQo8YGRcLPfumX42iCYJF6j,475fuFRtbLcWMNpXQCjdhBGbBhrB2Sow1CcDQ7wSvRDB6NymseJcJWVACPQDBk6SfArkTGysSxakVoJG1FizTQTi,TP 20% / SL 10%,-0.16066906156991637
BtMBMPkoNbnLF9Xn552guQq528KKXcsNBNNBre3oaQtr,BtMBMP,6wA1usWZSjHtvgu3LzjNXNQo8YGRcLPfumX42iCYJF6j,475fuFRtbLcWMNpXQCjdhBGbBhrB2Sow1CcDQ7wSvRDB6NymseJcJWVACPQDBk6SfArkTGysSxakVoJG1FizTQTi,TP 30% / SL 15%,-0.16066906156991637
BtMBMPkoNbnLF9Xn552guQq528KKXcsNBNNBre3oaQtr,BtMBMP,6wA1usWZSjHtvgu3LzjNXNQo8YGRcLPfumX42iCYJF6j,475fuFRtbLcWMNpXQCjdhBGbBhrB2Sow1CcDQ7wSvRDB6NymseJcJWVACPQDBk6SfArkTGysSxakVoJG1FizTQTi,TP 50% / SL 25%,-0.16066906156991637
BtMBMPkoNbnLF9Xn552guQq528KKXcsNBNNBre3oaQtr,BtMBMP,6wA1usWZSjHtvgu3LzjNXNQo8YGRcLPfumX42iCYJF6j,475fuFRtbLcWMNpXQCjdhBGbBhrB2Sow1CcDQ7wSvRDB6NymseJcJWVACPQDBk6SfArkTGysSxakVoJG1FizTQTi,TP 100% / SL 30%,-0.16066906156991637
BtMBMPkoNbnLF9Xn552guQq528KKXcsNBNNBre3oaQtr,BtMBMP,8b3WiNQjgaUgL28C1QNWgQAevubbxJtBMU1vadVApump,2NFfDh1WbsFKBfKzMq4ywEnN1HhZaiq1FwtxEBhudPvomGhHVJH81ciUWiiZawV4djJVW9ZemPMiE5aEPqabPbh3,follow wallet,-0.6179054540359369
BtMBMPkoNbnLF9Xn552guQq528KKXcsNBNNBre3oaQtr,BtMBMP,8b3WiNQjgaUgL28C1QNWgQAevubbxJtBMU1vadVApump,2NFfDh1WbsFKBfKzMq4ywEnN1HhZaiq1FwtxEBhudPvomGhHVJH81ciUWiiZawV4djJVW9ZemPMiE5aEPqabPbh3,hold 1 slots,-0.041179280379812
BtMBMPkoNbnLF9Xn552guQq528KKXcsNBNNBre3oaQtr,BtMBMP,8b3WiNQjgaUgL28C1QNWgQAevubbxJtBMU1vadVApump,2NFfDh1WbsFKBfKzMq4ywEnN1HhZaiq1FwtxEBhudPvomGhHVJH81ciUWiiZawV4djJVW9ZemPMiE5aEPqabPbh3,hold 3 slots,-0.041179280379812
BtMBMPkoNbnLF9Xn552guQq528KKXcsNBNNBre3oaQtr,BtMBMP,8b3WiNQjgaUgL28C1QNWgQAevubbxJtBMU1vadVApump,2NFfDh1WbsFKBfKzMq4ywEnN1HhZaiq1FwtxEBhudPvomGhHVJH81ciUWiiZawV4djJVW9ZemPMiE5aEPqabPbh3,hold 5 slots,-0.5909119657280381
BtMBMPkoNbnLF9Xn552guQq528KKXcsNBNNBre3oaQtr,BtMBMP,8b3WiNQjgaUgL28C1QNWgQAevubbxJtBMU1vadVApump,2NFfDh1WbsFKBfKzMq4ywEnN1HhZaiq1FwtxEBhudPvomGhHVJH81ciUWiiZawV4djJVW9ZemPMiE5aEPqabPbh3,hold 12 slots,-0.6179054540359369
BtMBMPkoNbnLF9Xn552guQq528KKXcsNBNNBre3oaQtr,BtMBMP,8b3WiNQjgaUgL28C1QNWgQAevubbxJtBMU1vadVApump,2NFfDh1WbsFKBfKzMq4ywEnN1HhZaiq1FwtxEBhudPvomGhHVJH81ciUWiiZawV4djJVW9ZemPMiE5aEPqabPbh3,hold 25 slots,-0.598864544809293
BtMBMPkoNbnLF9Xn552guQq528KKXcsNBNNBre3oaQtr,BtMBMP,8b3WiNQjgaUgL28C1QNWgQAevubbxJtBMU1vadVApump,2NFfDh1WbsFKBfKzMq4ywEnN1HhZaiq1FwtxEBhudPvomGhHVJH81ciUWiiZawV4djJVW9ZemPMiE5aEPqabPbh3,hold 50 slots,-0.6270400173084363
BtMBMPkoNbnLF9Xn552guQq528KKXcsNBNNBre3oaQtr,BtMBMP,8b3WiNQjgaUgL28C1QNWgQAevubbxJtBMU1vadVApump,2NFfDh1WbsFKBfKzMq4ywEnN1HhZaiq1FwtxEBhudPvomGhHVJH81ciUWiiZawV4djJVW9ZemPMiE5aEPqabPbh3,hold 75 slots,-0.6270400173084363
BtMBMPkoNbnLF9Xn552guQq528KKXcsNBNNBre3oaQtr,BtMBMP,8b3WiNQjgaUgL28C1QNWgQAevubbxJtBMU1vadVApump,2NFfDh1WbsFKBfKzMq4ywEnN1HhZaiq1FwtxEBhudPvomGhHVJH81ciUWiiZawV4djJVW9ZemPMiE5aEPqabPbh3,hold 150 slots,-0.6270650466601706
BtMBMPkoNbnLF9Xn552guQq528KKXcsNBNNBre3oaQtr,BtMBMP,8b3WiNQjgaUgL28C1QNWgQAevubbxJtBMU1vadVApump,2NFfDh1WbsFKBfKzMq4ywEnN1HhZaiq1FwtxEBhudPvomGhHVJH81ciUWiiZawV4djJVW9ZemPMiE5aEPqabPbh3,TP 10% / SL 10%,-0.5909119657280381
BtMBMPkoNbnLF9Xn552guQq528KKXcsNBNNBre3oaQtr,BtMBMP,8b3WiNQjgaUgL28C1QNWgQAevubbxJtBMU1vadVApump,2NFfDh1WbsFKBfKzMq4ywEnN1HhZaiq1FwtxEBhudPvomGhHVJH81ciUWiiZawV4djJVW9ZemPMiE5aEPqabPbh3,TP 20% / SL 10%,-0.5909119657280381
BtMBMPkoNbnLF9Xn552guQq528KKXcsNBNNBre3oaQtr,BtMBMP,8b3WiNQjgaUgL28C1QNWgQAevubbxJtBMU1vadVApump,2NFfDh1WbsFKBfKzMq4ywEnN1HhZaiq1FwtxEBhudPvomGhHVJH81ciUWiiZawV4djJVW9ZemPMiE5aEPqabPbh3,TP 30% / SL 15%,-0.5909119657280381
BtMBMPkoNbnLF9Xn552guQq528KKXcsNBNNBre3oaQtr,BtMBMP,8b3WiNQjgaUgL28C1QNWgQAevubbxJtBMU1vadVApump,2NFfDh1WbsFKBfKzMq4ywEnN1HhZaiq1FwtxEBhudPvomGhHVJH81ciUWiiZawV4djJVW9ZemPMiE5aEPqabPbh3,TP 50% / SL 25%,-0.5909119657280381
BtMBMPkoNbnLF9Xn552guQq528KKXcsNBNNBre3oaQtr,BtMBMP,8b3WiNQjgaUgL28C1QNWgQAevubbxJtBMU1vadVApump,2NFfDh1WbsFKBfKzMq4ywEnN1HhZaiq1FwtxEBhudPvomGhHVJH81ciUWiiZawV4djJVW9ZemPMiE5aEPqabPbh3,TP 100% / SL 30%,-0.5909119657280381
BtMBMPkoNbnLF9Xn552guQq528KKXcsNBNNBre3oaQtr,BtMBMP,C13eXcH4GRPSokQwfeKFgopwAaeZ91MEGstNsH6aKxrr,YiVguNPHZengY4gRG42NauQTjeAnJ7qN6QFyu66swwq3Muia1yTP5nniLZu1ZGULd1XbRBjrKpP6X1MqrVuWkeL,follow wallet,-0.45830865823176636
BtMBMPkoNbnLF9Xn552guQq528KKXcsNBNNBre3oaQtr,BtMBMP,C13eXcH4GRPSokQwfeKFgopwAaeZ91MEGstNsH6aKxrr,YiVguNPHZengY4gRG42NauQTjeAnJ7qN6QFyu66swwq3Muia1yTP5nniLZu1ZGULd1XbRBjrKpP6X1MqrVuWkeL,hold 1 slots,0.029775259000536444
BtMBMPkoNbnLF9Xn552guQq528KKXcsNBNNBre3oaQtr,BtMBMP,C13eXcH4GRPSokQwfeKFgopwAaeZ91MEGstNsH6aKxrr,YiVguNPHZengY4gRG42NauQTjeAnJ7qN6QFyu66swwq3Muia1yTP5nniLZu1ZGULd1XbRBjrKpP6X1MqrVuWkeL,hold 3 slots,0.030163349605070826
BtMBMPkoNbnLF9Xn552guQq528KKXcsNBNNBre3oaQtr,BtMBMP,C13eXcH4GRPSokQwfeKFgopwAaeZ91MEGstNsH6aKxrr,YiVguNPHZengY4gRG42NauQTjeAnJ7qN6QFyu66swwq3Muia1yTP5nniLZu1ZGULd1XbRBjrKpP6X1MqrVuWkeL,hold 5 slots,0.006438883538464904
BtMBMPkoNbnLF9Xn552guQq528KKXcsNBNNBre3oaQtr,BtMBMP,C13eXcH4GRPSokQwfeKFgopwAaeZ91MEGstNsH6aKxrr,YiVguNPHZengY4gRG42NauQTjeAnJ7qN6QFyu66swwq3Muia1yTP5nniLZu1ZGULd1XbRBjrKpP6X1MqrVuWkeL,hold 12 slots,0.009837792001790763
BtMBMPkoNbnLF9Xn552guQq528KKXcsNBNNBre3oaQtr,BtMBMP,C13eXcH4GRPSokQwfeKFgopwAaeZ91MEGstNsH6aKxrr,YiVguNPHZengY4gRG42NauQTjeAnJ7qN6QFyu66swwq3Muia1yTP5nniLZu1ZGULd1XbRBjrKpP6X1MqrVuWkeL,hold 25 slots,0.02340447794418514
BtMBMPkoNbnLF9Xn552guQq528KKXcsNBNNBre3oaQtr,BtMBMP,C13eXcH4GRPSokQwfeKFgopwAaeZ91MEGstNsH6aKxrr,YiVguNPHZengY4gRG42NauQTjeAnJ7qN6QFyu66swwq3Muia1yTP5nniLZu1ZGULd1XbRBjrKpP6X1MqrVuWkeL,hold 50 slots,-0.03929922202505553
BtMBMPkoNbnLF9Xn552guQq528KKXcsNBNNBre3oaQtr,BtMBMP,C13eXcH4GRPSokQwfeKFgopwAaeZ91MEGstNsH6aKxrr,YiVguNPHZengY4gRG42NauQTjeAnJ7qN6QFyu66swwq3Muia1yTP5nniLZu1ZGULd1XbRBjrKpP6X1MqrVuWkeL,hold 75 slots,-0.0035677662020453214
BtMBMPkoNbnLF9Xn552guQq528KKXcsNBNNBre3oaQtr,BtMBMP,C13eXcH4GRPSokQwfeKFgopwAaeZ91MEGstNsH6aKxrr,YiVguNPHZengY4gRG42NauQTjeAnJ7qN6QFyu66swwq3Muia1yTP5nniLZu1ZGULd1XbRBjrKpP6X1MqrVuWkeL,hold 150 slots,-0.28015718391897343
BtMBMPkoNbnLF9Xn552guQq528KKXcsNBNNBre3oaQtr,BtMBMP,C13eXcH4GRPSokQwfeKFgopwAaeZ91MEGstNsH6aKxrr,YiVguNPHZengY4gRG42NauQTjeAnJ7qN6QFyu66swwq3Muia1yTP5nniLZu1ZGULd1XbRBjrKpP6X1MqrVuWkeL,TP 10% / SL 10%,-0.28015718391897343
BtMBMPkoNbnLF9Xn552guQq528KKXcsNBNNBre3oaQtr,BtMBMP,C13eXcH4GRPSokQwfeKFgopwAaeZ91MEGstNsH6aKxrr,YiVguNPHZengY4gRG42NauQTjeAnJ7qN6QFyu66swwq3Muia1yTP5nniLZu1ZGULd1XbRBjrKpP6X1MqrVuWkeL,TP 20% / SL 10%,-0.28015718391897343
BtMBMPkoNbnLF9Xn552guQq528KKXcsNBNNBre3oaQtr,BtMBMP,C13eXcH4GRPSokQwfeKFgopwAaeZ91MEGstNsH6aKxrr,YiVguNPHZengY4gRG42NauQTjeAnJ7qN6QFyu66swwq3Muia1yTP5nniLZu1ZGULd1XbRBjrKpP6X1MqrVuWkeL,TP 30% / SL 15%,-0.28015718391897343
BtMBMPkoNbnLF9Xn552guQq528KKXcsNBNNBre3oaQtr,BtMBMP,C13eXcH4GRPSokQwfeKFgopwAaeZ91MEGstNsH6aKxrr,YiVguNPHZengY4gRG42NauQTjeAnJ7qN6QFyu66swwq3Muia1yTP5nniLZu1ZGULd1XbRBjrKpP6X1MqrVuWkeL,TP 50% / SL 25%,-0.28015718391897343
BtMBMPkoNbnLF9Xn552guQq528KKXcsNBNNBre3oaQtr,BtMBMP,C13eXcH4GRPSokQwfeKFgopwAaeZ91MEGstNsH6aKxrr,YiVguNPHZengY4gRG42NauQTjeAnJ7qN6QFyu66swwq3Muia1yTP5nniLZu1ZGULd1XbRBjrKpP6X1MqrVuWkeL,TP 100% / SL 30%,-0.28015718391897343
BtMBMPkoNbnLF9Xn552guQq528KKXcsNBNNBre3oaQtr,BtMBMP,3WWuFSW5ZHULkGxMjJE5YmKAnW2A5eTWHN1TEaQ9pump,3qjYUwdpbtGLUQi1GPbgTxAHjaN5bLQKQjwSJ2ktFK3Z5owJKKifbCBhuLNjnjGcFYYrmMEgY7kKsBBFRDLTmvdB,follow wallet,-0.4415475470461512
BtMBMPkoNbnLF9Xn552guQq528KKXcsNBNNBre3oaQtr,BtMBMP,3WWuFSW5ZHULkGxMjJE5YmKAnW2A5eTWHN1TEaQ9pump,3qjYUwdpbtGLUQi1GPbgTxAHjaN5bLQKQjwSJ2ktFK3Z5owJKKifbCBhuLNjnjGcFYYrmMEgY7kKsBBFRDLTmvdB,hold 1 slots,-0.01815199269202888
BtMBMPkoNbnLF9Xn552guQq528KKXcsNBNNBre3oaQtr,BtMBMP,3WWuFSW5ZHULkGxMjJE5YmKAnW2A5eTWHN1TEaQ9pump,3qjYUwdpbtGLUQi1GPbgTxAHjaN5bLQKQjwSJ2ktFK3Z5owJKKifbCBhuLNjnjGcFYYrmMEgY7kKsBBFRDLTmvdB,hold 3 slots,-0.1582469209936768
BtMBMPkoNbnLF9Xn552guQq528KKXcsNBNNBre3oaQtr,BtMBMP,3WWuFSW5ZHULkGxMjJE5YmKAnW2A5eTWHN1TEaQ9pump,3qjYUwdpbtGLUQi1GPbgTxAHjaN5bLQKQjwSJ2ktFK3Z5owJKKifbCBhuLNjnjGcFYYrmMEgY7kKsBBFRDLTmvdB,hold 5 slots,-0.1582469209936768
BtMBMPkoNbnLF9Xn552guQq528KKXcsNBNNBre3oaQtr,BtMBMP,3WWuFSW5ZHULkGxMjJE5YmKAnW2A5eTWHN1TEaQ9pump,3qjYUwdpbtGLUQi1GPbgTxAHjaN5bLQKQjwSJ2ktFK3Z5owJKKifbCBhuLNjnjGcFYYrmMEgY7kKsBBFRDLTmvdB,hold 12 slots,-0.18091385189150083
BtMBMPkoNbnLF9Xn552guQq528KKXcsNBNNBre3oaQtr,BtMBMP,3WWuFSW5ZHULkGxMjJE5YmKAnW2A5eTWHN1TEaQ9pump,3qjYUwdpbtGLUQi1GPbgTxAHjaN5bLQKQjwSJ2ktFK3Z5owJKKifbCBhuLNjnjGcFYYrmMEgY7kKsBBFRDLTmvdB,hold 25 slots,-0.18753722947090756
BtMBMPkoNbnLF9Xn552guQq528KKXcsNBNNBre3oaQtr,BtMBMP,3WWuFSW5ZHULkGxMjJE5YmKAnW2A5eTWHN1TEaQ9pump,3qjYUwdpbtGLUQi1GPbgTxAHjaN5bLQKQjwSJ2ktFK3Z5owJKKifbCBhuLNjnjGcFYYrmMEgY7kKsBBFRDLTmvdB,hold 50 slots,-0.2024276293938452
BtMBMPkoNbnLF9Xn552guQq528KKXcsNBNNBre3oaQtr,BtMBMP,3WWuFSW5ZHULkGxMjJE5YmKAnW2A5eTWHN1TEaQ9pump,3qjYUwdpbtGLUQi1GPbgTxAHjaN5bLQKQjwSJ2ktFK3Z5owJKKifbCBhuLNjnjGcFYYrmMEgY7kKsBBFRDLTmvdB,hold 75 slots,-0.18892472828479434
BtMBMPkoNbnLF9Xn552guQq528KKXcsNBNNBre3oaQtr,BtMBMP,3WWuFSW5ZHULkGxMjJE5YmKAnW2A5eTWHN1TEaQ9pump,3qjYUwdpbtGLUQi1GPbgTxAHjaN5bLQKQjwSJ2ktFK3Z5owJKKifbCBhuLNjnjGcFYYrmMEgY7kKsBBFRDLTmvdB,hold 150 slots,-0.15267731780030336
BtMBMPkoNbnLF9Xn552guQq528KKXcsNBNNBre3oaQtr,BtMBMP,3WWuFSW5ZHULkGxMjJE5YmKAnW2A5eTWHN1TEaQ9pump,3qjYUwdpbtGLUQi1GPbgTxAHjaN5bLQKQjwSJ2ktFK3Z5owJKKifbCBhuLNjnjGcFYYrmMEgY7kKsBBFRDLTmvdB,TP 10% / SL 10%,-0.15827967124743283
BtMBMPkoNbnLF9Xn552guQq528KKXcsNBNNBre3oaQtr,BtMBMP,3WWuFSW5ZHULkGxMjJE5YmKAnW2A5eTWHN1TEaQ9pump,3qjYUwdpbtGLUQi1GPbgTxAHjaN5bLQKQjwSJ2ktFK3Z5owJKKifbCBhuLNjnjGcFYYrmMEgY7kKsBBFRDLTmvdB,TP 20% / SL 10%,-0.15827967124743283
BtMBMPkoNbnLF9Xn552guQq528KKXcsNBNNBre3oaQtr,BtMBMP,3WWuFSW5ZHULkGxMjJE5YmKAnW2A5eTWHN1TEaQ9pump,3qjYUwdpbtGLUQi1GPbgTxAHjaN5bLQKQjwSJ2ktFK3Z5owJKKifbCBhuLNjnjGcFYYrmMEgY7kKsBBFRDLTmvdB,TP 30% / SL 15%,-0.15827967124743283
BtMBMPkoNbnLF9Xn552guQq528KKXcsNBNNBre3oaQtr,BtMBMP,3WWuFSW5ZHULkGxMjJE5YmKAnW2A5eTWHN1TEaQ9pump,3qjYUwdpbtGLUQi1GPbgTxAHjaN5bLQKQjwSJ2ktFK3Z5owJKKifbCBhuLNjnjGcFYYrmMEgY7kKsBBFRDLTmvdB,TP 50% / SL 25%,-0.15267731780030336
BtMBMPkoNbnLF9Xn552guQq528KKXcsNBNNBre3oaQtr,BtMBMP,3WWuFSW5ZHULkGxMjJE5YmKAnW2A5eTWHN1TEaQ9pump,3qjYUwdpbtGLUQi1GPbgTxAHjaN5bLQKQjwSJ2ktFK3Z5owJKKifbCBhuLNjnjGcFYYrmMEgY7kKsBBFRDLTmvdB,TP 100% / SL 30%,-0.15267731780030336
xyzfhxfy8NhfeNG3Um3WaUvFXzNuHkrhrZMD8dsStB6,xyzfhx,2x3kudsxqCWdWeZA1vSNr9uKkHUBQG81m5mBGRAPpump,3HohUtBD19v9bmAGdvGdEenQedGccvbi2qyjBtffSvP6BZvXmW8RJSV7eVVdXAMuvqyVrnamBkST1Rb7bYWfA9dH,hold 1 slots,0.14881592846398806
xyzfhxfy8NhfeNG3Um3WaUvFXzNuHkrhrZMD8dsStB6,xyzfhx,2x3kudsxqCWdWeZA1vSNr9uKkHUBQG81m5mBGRAPpump,3HohUtBD19v9bmAGdvGdEenQedGccvbi2qyjBtffSvP6BZvXmW8RJSV7eVVdXAMuvqyVrnamBkST1Rb7bYWfA9dH,hold 3 slots,0.1540414972100892
xyzfhxfy8NhfeNG3Um3WaUvFXzNuHkrhrZMD8dsStB6,xyzfhx,2x3kudsxqCWdWeZA1vSNr9uKkHUBQG81m5mBGRAPpump,3HohUtBD19v9bmAGdvGdEenQedGccvbi2qyjBtffSvP6BZvXmW8RJSV7eVVdXAMuvqyVrnamBkST1Rb7bYWfA9dH,hold 5 slots,0.15156622294578861
xyzfhxfy8NhfeNG3Um3WaUvFXzNuHkrhrZMD8dsStB6,xyzfhx,2x3kudsxqCWdWeZA1vSNr9uKkHUBQG81m5mBGRAPpump,3HohUtBD19v9bmAGdvGdEenQedGccvbi2qyjBtffSvP6BZvXmW8RJSV7eVVdXAMuvqyVrnamBkST1Rb7bYWfA9dH,hold 12 slots,0.8257512788543627
xyzfhxfy8NhfeNG3Um3WaUvFXzNuHkrhrZMD8dsStB6,xyzfhx,2x3kudsxqCWdWeZA1vSNr9uKkHUBQG81m5mBGRAPpump,3HohUtBD19v9bmAGdvGdEenQedGccvbi2qyjBtffSvP6BZvXmW8RJSV7eVVdXAMuvqyVrnamBkST1Rb7bYWfA9dH,hold 25 slots,0.6617216224047374
xyzfhxfy8NhfeNG3Um3WaUvFXzNuHkrhrZMD8dsStB6,xyzfhx,2x3kudsxqCWdWeZA1vSNr9uKkHUBQG81m5mBGRAPpump,3HohUtBD19v9bmAGdvGdEenQedGccvbi2qyjBtffSvP6BZvXmW8RJSV7eVVdXAMuvqyVrnamBkST1Rb7bYWfA9dH,hold 50 slots,1.8279500533681883
xyzfhxfy8NhfeNG3Um3WaUvFXzNuHkrhrZMD8dsStB6,xyzfhx,2x3kudsxqCWdWeZA1vSNr9uKkHUBQG81m5mBGRAPpump,3HohUtBD19v9bmAGdvGdEenQedGccvbi2qyjBtffSvP6BZvXmW8RJSV7eVVdXAMuvqyVrnamBkST1Rb7bYWfA9dH,hold 75 slots,1.8279500533681883
xyzfhxfy8NhfeNG3Um3WaUvFXzNuHkrhrZMD8dsStB6,xyzfhx,2x3kudsxqCWdWeZA1vSNr9uKkHUBQG81m5mBGRAPpump,3HohUtBD19v9bmAGdvGdEenQedGccvbi2qyjBtffSvP6BZvXmW8RJSV7eVVdXAMuvqyVrnamBkST1Rb7bYWfA9dH,hold 150 slots,1.8279500533681883
xyzfhxfy8NhfeNG3Um3WaUvFXzNuHkrhrZMD8dsStB6,xyzfhx,2x3kudsxqCWdWeZA1vSNr9uKkHUBQG81m5mBGRAPpump,3HohUtBD19v9bmAGdvGdEenQedGccvbi2qyjBtffSvP6BZvXmW8RJSV7eVVdXAMuvqyVrnamBkST1Rb7bYWfA9dH,TP 10% / SL 10%,0.14881592846398806
xyzfhxfy8NhfeNG3Um3WaUvFXzNuHkrhrZMD8dsStB6,xyzfhx,2x3kudsxqCWdWeZA1vSNr9uKkHUBQG81m5mBGRAPpump,3HohUtBD19v9bmAGdvGdEenQedGccvbi2qyjBtffSvP6BZvXmW8RJSV7eVVdXAMuvqyVrnamBkST1Rb7bYWfA9dH,TP 20% / SL 10%,0.6498021195817847
xyzfhxfy8NhfeNG3Um3WaUvFXzNuHkrhrZMD8dsStB6,xyzfhx,2x3kudsxqCWdWeZA1vSNr9uKkHUBQG81m5mBGRAPpump,3HohUtBD19v9bmAGdvGdEenQedGccvbi2qyjBtffSvP6BZvXmW8RJSV7eVVdXAMuvqyVrnamBkST1Rb7bYWfA9dH,TP 30% / SL 15%,0.6498021195817847
xyzfhxfy8NhfeNG3Um3WaUvFXzNuHkrhrZMD8dsStB6,xyzfhx,2x3kudsxqCWdWeZA1vSNr9uKkHUBQG81m5mBGRAPpump,3HohUtBD19v9bmAGdvGdEenQedGccvbi2qyjBtffSvP6BZvXmW8RJSV7eVVdXAMuvqyVrnamBkST1Rb7bYWfA9dH,TP 50% / SL 25%,0.6498021195817847
xyzfhxfy8NhfeNG3Um3WaUvFXzNuHkrhrZMD8dsStB6,xyzfhx,2x3kudsxqCWdWeZA1vSNr9uKkHUBQG81m5mBGRAPpump,3HohUtBD19v9bmAGdvGdEenQedGccvbi2qyjBtffSvP6BZvXmW8RJSV7eVVdXAMuvqyVrnamBkST1Rb7bYWfA9dH,TP 100% / SL 30%,1.8279500533681883
xyzfhxfy8NhfeNG3Um3WaUvFXzNuHkrhrZMD8dsStB6,xyzfhx,GMU9zu9jdgCWYet7uuwAyPyT5RyabXy2fPKUgGyJvmjg,jycz9JY8ZkA4odG7m2yRYhiTZBtoMV8vMcFTvrCiu6wqA6Vq8oGsUzgDGiLep5iU5GuiVum7wuYU37fLf8YszNa,hold 1 slots,-0.055115280756706596
xyzfhxfy8NhfeNG3Um3WaUvFXzNuHkrhrZMD8dsStB6,xyzfhx,GMU9zu9jdgCWYet7uuwAyPyT5RyabXy2fPKUgGyJvmjg,jycz9JY8ZkA4odG7m2yRYhiTZBtoMV8vMcFTvrCiu6wqA6Vq8oGsUzgDGiLep5iU5GuiVum7wuYU37fLf8YszNa,hold 3 slots,-0.007327330149837614
xyzfhxfy8NhfeNG3Um3WaUvFXzNuHkrhrZMD8dsStB6,xyzfhx,GMU9zu9jdgCWYet7uuwAyPyT5RyabXy2fPKUgGyJvmjg,jycz9JY8ZkA4odG7m2yRYhiTZBtoMV8vMcFTvrCiu6wqA6Vq8oGsUzgDGiLep5iU5GuiVum7wuYU37fLf8YszNa,hold 5 slots,0.04159140238424861
xyzfhxfy8NhfeNG3Um3WaUvFXzNuHkrhrZMD8dsStB6,xyzfhx,GMU9zu9jdgCWYet7uuwAyPyT5RyabXy2fPKUgGyJvmjg,jycz9JY8ZkA4odG7m2yRYhiTZBtoMV8vMcFTvrCiu6wqA6Vq8oGsUzgDGiLep5iU5GuiVum7wuYU37fLf8YszNa,hold 12 slots,-0.025140007132858275
xyzfhxfy8NhfeNG3Um3WaUvFXzNuHkrhrZMD8dsStB6,xyzfhx,GMU9zu9jdgCWYet7uuwAyPyT5RyabXy2fPKUgGyJvmjg,jycz9JY8ZkA4odG7m2yRYhiTZBtoMV8vMcFTvrCiu6wqA6Vq8oGsUzgDGiLep5iU5GuiVum7wuYU37fLf8YszNa,hold 25 slots,-0.01790577350443852
xyzfhxfy8NhfeNG3Um3WaUvFXzNuHkrhrZMD8dsStB6,xyzfhx,GMU9zu9jdgCWYet7uuwAyPyT5RyabXy2fPKUgGyJvmjg,jycz9JY8ZkA4odG7m2yRYhiTZBtoMV8vMcFTvrCiu6wqA6Vq8oGsUzgDGiLep5iU5GuiVum7wuYU37fLf8YszNa,hold 50 slots,-0.1348788457492639
xyzfhxfy8NhfeNG3Um3WaUvFXzNuHkrhrZMD8dsStB6,xyzfhx,GMU9zu9jdgCWYet7uuwAyPyT5RyabXy2fPKUgGyJvmjg,jycz9JY8ZkA4odG7m2yRYhiTZBtoMV8vMcFTvrCiu6wqA6Vq8oGsUzgDGiLep5iU5GuiVum7wuYU37fLf8YszNa,hold 75 slots,0.4735634031511097
xyzfhxfy8NhfeNG3Um3WaUvFXzNuHkrhrZMD8dsStB6,xyzfhx,GMU9zu9jdgCWYet7uuwAyPyT5RyabXy2fPKUgGyJvmjg,jycz9JY8ZkA4odG7m2yRYhiTZBtoMV8vMcFTvrCiu6wqA6Vq8oGsUzgDGiLep5iU5GuiVum7wuYU37fLf8YszNa,hold 150 slots,0.2614825207061963
xyzfhxfy8NhfeNG3Um3WaUvFXzNuHkrhrZMD8dsStB6,xyzfhx,GMU9zu9jdgCWYet7uuwAyPyT5RyabXy2fPKUgGyJvmjg,jycz9JY8ZkA4odG7m2yRYhiTZBtoMV8vMcFTvrCiu6wqA6Vq8oGsUzgDGiLep5iU5GuiVum7wuYU37fLf8YszNa,TP 10% / SL 10%,-0.1348788457492639
xyzfhxfy8NhfeNG3Um3WaUvFXzNuHkrhrZMD8dsStB6,xyzfhx,GMU9zu9jdgCWYet7uuwAyPyT5RyabXy2fPKUgGyJvmjg,jycz9JY8ZkA4odG7m2yRYhiTZBtoMV8vMcFTvrCiu6wqA6Vq8oGsUzgDGiLep5iU5GuiVum7wuYU37fLf8YszNa,TP 20% / SL 10%,-0.1348788457492639
xyzfhxfy8NhfeNG3Um3WaUvFXzNuHkrhrZMD8dsStB6,xyzfhx,GMU9zu9jdgCWYet7uuwAyPyT5RyabXy2fPKUgGyJvmjg,jycz9JY8ZkA4odG7m2yRYhiTZBtoMV8vMcFTvrCiu6wqA6Vq8oGsUzgDGiLep5iU5GuiVum7wuYU37fLf8YszNa,TP 30% / SL 15%,0.4735634031511097
xyzfhxfy8NhfeNG3Um3WaUvFXzNuHkrhrZMD8dsStB6,xyzfhx,GMU9zu9jdgCWYet7uuwAyPyT5RyabXy2fPKUgGyJvmjg,jycz9JY8ZkA4odG7m2yRYhiTZBtoMV8vMcFTvrCiu6wqA6Vq8oGsUzgDGiLep5iU5GuiVum7wuYU37fLf8YszNa,TP 50% / SL 25%,0.5727636838391442
xyzfhxfy8NhfeNG3Um3WaUvFXzNuHkrhrZMD8dsStB6,xyzfhx,GMU9zu9jdgCWYet7uuwAyPyT5RyabXy2fPKUgGyJvmjg,jycz9JY8ZkA4odG7m2yRYhiTZBtoMV8vMcFTvrCiu6wqA6Vq8oGsUzgDGiLep5iU5GuiVum7wuYU37fLf8YszNa,TP 100% / SL 30%,0.2614825207061963
xyzfhxfy8NhfeNG3Um3WaUvFXzNuHkrhrZMD8dsStB6,xyzfhx,7AeSJosAeDhKLtMZ1XgpS2DjxYg85demMp1F5SMzby9o,35RQEwNp5c9SAn9TJPuv8YsDLVDz1i2aFLYTziLKXZviH6FqM5SwnkTJzgDUEUM7ukDZ5JJxLLEtCquwG6KVymiJ,follow wallet,-0.33814385030298244
xyzfhxfy8NhfeNG3Um3WaUvFXzNuHkrhrZMD8dsStB6,xyzfhx,7AeSJosAeDhKLtMZ1XgpS2DjxYg85demMp1F5SMzby9o,35RQEwNp5c9SAn9TJPuv8YsDLVDz1i2aFLYTziLKXZviH6FqM5SwnkTJzgDUEUM7ukDZ5JJxLLEtCquwG6KVymiJ,hold 1 slots,-0.04949905851654911
xyzfhxfy8NhfeNG3Um3WaUvFXzNuHkrhrZMD8dsStB6,xyzfhx,7AeSJosAeDhKLtMZ1XgpS2DjxYg85demMp1F5SMzby9o,35RQEwNp5c9SAn9TJPuv8YsDLVDz1i2aFLYTziLKXZviH6FqM5SwnkTJzgDUEUM7ukDZ5JJxLLEtCquwG6KVymiJ,hold 3 slots,-0.04710334895676756
xyzfhxfy8NhfeNG3Um3WaUvFXzNuHkrhrZMD8dsStB6,xyzfhx,7AeSJosAeDhKLtMZ1XgpS2DjxYg85demMp1F5SMzby9o,35RQEwNp5c9SAn9TJPuv8YsDLVDz1i2aFLYTziLKXZviH6FqM5SwnkTJzgDUEUM7ukDZ5JJxLLEtCquwG6KVymiJ,hold 5 slots,-0.09967561005718756
xyzfhxfy8NhfeNG3Um3WaUvFXzNuHkrhrZMD8dsStB6,xyzfhx,7AeSJosAeDhKLtMZ1XgpS2DjxYg85demMp1F5SMzby9o,35RQEwNp5c9SAn9TJPuv8YsDLVDz1i2aFLYTziLKXZviH6FqM5SwnkTJzgDUEUM7ukDZ5JJxLLEtCquwG6KVymiJ,hold 12 slots,0.029395821008544924
xyzfhxfy8NhfeNG3Um3WaUvFXzNuHkrhrZMD8dsStB6,xyzfhx,7AeSJosAeDhKLtMZ1XgpS2DjxYg85demMp1F5SMzby9o,35RQEwNp5c9SAn9TJPuv8YsDLVDz1i2aFLYTziLKXZviH6FqM5SwnkTJzgDUEUM7ukDZ5JJxLLEtCquwG6KVymiJ,hold 25 slots,0.024484482918403265
xyzfhxfy8NhfeNG3Um3WaUvFXzNuHkrhrZMD8dsStB6,xyzfhx,7AeSJosAeDhKLtMZ1XgpS2DjxYg85demMp1F5SMzby9o,35RQEwNp5c9SAn9TJPuv8YsDLVDz1i2aFLYTziLKXZviH6FqM5SwnkTJzgDUEUM7ukDZ5JJxLLEtCquwG6KVymiJ,hold 50 slots,-0.06505547447711373
xyzfhxfy8NhfeNG3Um3WaUvFXzNuHkrhrZMD8dsStB6,xyzfhx,7AeSJosAeDhKLtMZ1XgpS2DjxYg85demMp1F5SMzby9o,35RQEwNp5c9SAn9TJPuv8YsDLVDz1i2aFLYTziLKXZviH6FqM5SwnkTJzgDUEUM7ukDZ5JJxLLEtCquwG6KVymiJ,hold 75 slots,-0.10394907578340756
xyzfhxfy8NhfeNG3Um3WaUvFXzNuHkrhrZMD8dsStB6,xyzfhx,7AeSJosAeDhKLtMZ1XgpS2DjxYg85demMp1F5SMzby9o,35RQEwNp5c9SAn9TJPuv8YsDLVDz1i2aFLYTziLKXZviH6FqM5SwnkTJzgDUEUM7ukDZ5JJxLLEtCquwG6KVymiJ,hold 150 slots,-0.36262448688169074
xyzfhxfy8NhfeNG3Um3WaUvFXzNuHkrhrZMD8dsStB6,xyzfhx,7AeSJosAeDhKLtMZ1XgpS2DjxYg85demMp1F5SMzby9o,35RQEwNp5c9SAn9TJPuv8YsDLVDz1i2aFLYTziLKXZviH6FqM5SwnkTJzgDUEUM7ukDZ5JJxLLEtCquwG6KVymiJ,TP 10% / SL 10%,-0.10394907578340756
xyzfhxfy8NhfeNG3Um3WaUvFXzNuHkrhrZMD8dsStB6,xyzfhx,7AeSJosAeDhKLtMZ1XgpS2DjxYg85demMp1F5SMzby9o,35RQEwNp5c9SAn9TJPuv8YsDLVDz1i2aFLYTziLKXZviH6FqM5SwnkTJzgDUEUM7ukDZ5JJxLLEtCquwG6KVymiJ,TP 20% / SL 10%,-0.10394907578340756
xyzfhxfy8NhfeNG3Um3WaUvFXzNuHkrhrZMD8dsStB6,xyzfhx,7AeSJosAeDhKLtMZ1XgpS2DjxYg85demMp1F5SMzby9o,35RQEwNp5c9SAn9TJPuv8YsDLVDz1i2aFLYTziLKXZviH6FqM5SwnkTJzgDUEUM7ukDZ5JJxLLEtCquwG6KVymiJ,TP 30% / SL 15%,-0.36262448688169074
xyzfhxfy8NhfeNG3Um3WaUvFXzNuHkrhrZMD8dsStB6,xyzfhx,7AeSJosAeDhKLtMZ1XgpS2DjxYg85demMp1F5SMzby9o,35RQEwNp5c9SAn9TJPuv8YsDLVDz1i2aFLYTziLKXZviH6FqM5SwnkTJzgDUEUM7ukDZ5JJxLLEtCquwG6KVymiJ,TP 50% / SL 25%,-0.36262448688169074
xyzfhxfy8NhfeNG3Um3WaUvFXzNuHkrhrZMD8dsStB6,xyzfhx,7AeSJosAeDhKLtMZ1XgpS2DjxYg85demMp1F5SMzby9o,35RQEwNp5c9SAn9TJPuv8YsDLVDz1i2aFLYTziLKXZviH6FqM5SwnkTJzgDUEUM7ukDZ5JJxLLEtCquwG6KVymiJ,TP 100% / SL 30%,-0.36262448688169074
xyzfhxfy8NhfeNG3Um3WaUvFXzNuHkrhrZMD8dsStB6,xyzfhx,HCAzFYLgrhycx1pjgFvnKoEoB8moYyTRb1P2Bc5P16Be,3VGJm1Xc4VCwurowDnt2vdWMTDNHpp1BC8LjXxtas557yXGCMokvW1nNsaxvma3nqJ3hf9oop6jwf1QGsaQTgWtD,follow wallet,-0.18222965036036445
xyzfhxfy8NhfeNG3Um3WaUvFXzNuHkrhrZMD8dsStB6,xyzfhx,HCAzFYLgrhycx1pjgFvnKoEoB8moYyTRb1P2Bc5P16Be,3VGJm1Xc4VCwurowDnt2vdWMTDNHpp1BC8LjXxtas557yXGCMokvW1nNsaxvma3nqJ3hf9oop6jwf1QGsaQTgWtD,hold 1 slots,-6.961256286025161e-06
xyzfhxfy8NhfeNG3Um3WaUvFXzNuHkrhrZMD8dsStB6,xyzfhx,HCAzFYLgrhycx1pjgFvnKoEoB8moYyTRb1P2Bc5P16Be,3VGJm1Xc4VCwurowDnt2vdWMTDNHpp1BC8LjXxtas557yXGCMokvW1nNsaxvma3nqJ3hf9oop6jwf1QGsaQTgWtD,hold 3 slots,-0.03688073179213202
xyzfhxfy8NhfeNG3Um3WaUvFXzNuHkrhrZMD8dsStB6,xyzfhx,HCAzFYLgrhycx1pjgFvnKoEoB8moYyTRb1P2Bc5P16Be,3VGJm1Xc4VCwurowDnt2vdWMTDNHpp1BC8LjXxtas557yXGCMokvW1nNsaxvma3nqJ3hf9oop6jwf1QGsaQTgWtD,hold 5 slots,-0.006843050464508057
xyzfhxfy8NhfeNG3Um3WaUvFXzNuHkrhrZMD8dsStB6,xyzfhx,HCAzFYLgrhycx1pjgFvnKoEoB8moYyTRb1P2Bc5P16Be,3VGJm1Xc4VCwurowDnt2vdWMTDNHpp1BC8LjXxtas557yXGCMokvW1nNsaxvma3nqJ3hf9oop6jwf1QGsaQTgWtD,hold 12 slots,0.045836058306197525
xyzfhxfy8NhfeNG3Um3WaUvFXzNuHkrhrZMD8dsStB6,xyzfhx,HCAzFYLgrhycx1pjgFvnKoEoB8moYyTRb1P2Bc5P16Be,3VGJm1Xc4VCwurowDnt2vdWMTDNHpp1BC8LjXxtas557yXGCMokvW1nNsaxvma3nqJ3hf9oop6jwf1QGsaQTgWtD,hold 25 slots,-0.022295890563084127
xyzfhxfy8NhfeNG3Um3WaUvFXzNuHkrhrZMD8dsStB6,xyzfhx,HCAzFYLgrhycx1pjgFvnKoEoB8moYyTRb1P2Bc5P16Be,3VGJm1Xc4VCwurowDnt2vdWMTDNHpp1BC8LjXxtas557yXGCMokvW1nNsaxvma3nqJ3hf9oop6jwf1QGsaQTgWtD,hold 50 slots,-0.236343173912331
xyzfhxfy8NhfeNG3Um3WaUvFXzNuHkrhrZMD8dsStB6,xyzfhx,HCAzFYLgrhycx1pjgFvnKoEoB8moYyTRb1P2Bc5P16Be,3VGJm1Xc4VCwurowDnt2vdWMTDNHpp1BC8LjXxtas557yXGCMokvW1nNsaxvma3nqJ3hf9oop6jwf1QGsaQTgWtD,hold 75 slots,-0.17237340811753726
xyzfhxfy8NhfeNG3Um3WaUvFXzNuHkrhrZMD8dsStB6,xyzfhx,HCAzFYLgrhycx1pjgFvnKoEoB8moYyTRb1P2Bc5P16Be,3VGJm1Xc4VCwurowDnt2vdWMTDNHpp1BC8LjXxtas557yXGCMokvW1nNsaxvma3nqJ3hf9oop6jwf1QGsaQTgWtD,hold 150 slots,-0.02611619200586796
xyzfhxfy8NhfeNG3Um3WaUvFXzNuHkrhrZMD8dsStB6,xyzfhx,HCAzFYLgrhycx1pjgFvnKoEoB8moYyTRb1P2Bc5P16Be,3VGJm1Xc4VCwurowDnt2vdWMTDNHpp1BC8LjXxtas557yXGCMokvW1nNsaxvma3nqJ3hf9oop6jwf1QGsaQTgWtD,TP 10% / SL 10%,-0.236343173912331
xyzfhxfy8NhfeNG3Um3WaUvFXzNuHkrhrZMD8dsStB6,xyzfhx,HCAzFYLgrhycx1pjgFvnKoEoB8moYyTRb1P2Bc5P16Be,3VGJm1Xc4VCwurowDnt2vdWMTDNHpp1BC8LjXxtas557yXGCMokvW1nNsaxvma3nqJ3hf9oop6jwf1QGsaQTgWtD,TP 20% / SL 10%,-0.236343173912331
xyzfhxfy8NhfeNG3Um3WaUvFXzNuHkrhrZMD8dsStB6,xyzfhx,HCAzFYLgrhycx1pjgFvnKoEoB8moYyTRb1P2Bc5P16Be,3VGJm1Xc4VCwurowDnt2vdWMTDNHpp1BC8LjXxtas557yXGCMokvW1nNsaxvma3nqJ3hf9oop6jwf1QGsaQTgWtD,TP 30% / SL 15%,-0.236343173912331
xyzfhxfy8NhfeNG3Um3WaUvFXzNuHkrhrZMD8dsStB6,xyzfhx,HCAzFYLgrhycx1pjgFvnKoEoB8moYyTRb1P2Bc5P16Be,3VGJm1Xc4VCwurowDnt2vdWMTDNHpp1BC8LjXxtas557yXGCMokvW1nNsaxvma3nqJ3hf9oop6jwf1QGsaQTgWtD,TP 50% / SL 25%,-0.3324373606594397
xyzfhxfy8NhfeNG3Um3WaUvFXzNuHkrhrZMD8dsStB6,xyzfhx,HCAzFYLgrhycx1pjgFvnKoEoB8moYyTRb1P2Bc5P16Be,3VGJm1Xc4VCwurowDnt2vdWMTDNHpp1BC8LjXxtas557yXGCMokvW1nNsaxvma3nqJ3hf9oop6jwf1QGsaQTgWtD,TP 100% / SL 30%,-0.3324373606594397
xyzfhxfy8NhfeNG3Um3WaUvFXzNuHkrhrZMD8dsStB6,xyzfhx,C2cNZmkkpo1tmFDRahmzpbt5DtqABQhXYJXMCDnNQTJ6,2Behbo4CsBTW6ojdx1LLoSXkVFWFAi2SSX1Ce3y9VsdrQoBDH5NWQgjpAY1WnrdGHXeBPwPXZFyzj99e5jgJJvTL,follow wallet,-0.1745548655905918
xyzfhxfy8NhfeNG3Um3WaUvFXzNuHkrhrZMD8dsStB6,xyzfhx,C2cNZmkkpo1tmFDRahmzpbt5DtqABQhXYJXMCDnNQTJ6,2Behbo4CsBTW6ojdx1LLoSXkVFWFAi2SSX1Ce3y9VsdrQoBDH5NWQgjpAY1WnrdGHXeBPwPXZFyzj99e5jgJJvTL,hold 1 slots,-0.012376456971360444
xyzfhxfy8NhfeNG3Um3WaUvFXzNuHkrhrZMD8dsStB6,xyzfhx,C2cNZmkkpo1tmFDRahmzpbt5DtqABQhXYJXMCDnNQTJ6,2Behbo4CsBTW6ojdx1LLoSXkVFWFAi2SSX1Ce3y9VsdrQoBDH5NWQgjpAY1WnrdGHXeBPwPXZFyzj99e5jgJJvTL,hold 3 slots,-0.017411130343034743
xyzfhxfy8NhfeNG3Um3WaUvFXzNuHkrhrZMD8dsStB6,xyzfhx,C2cNZmkkpo1tmFDRahmzpbt5DtqABQhXYJXMCDnNQTJ6,2Behbo4CsBTW6ojdx1LLoSXkVFWFAi2SSX1Ce3y9VsdrQoBDH5NWQgjpAY1WnrdGHXeBPwPXZFyzj99e5jgJJvTL,hold 5 slots,-0.017411130343034743
xyzfhxfy8NhfeNG3Um3WaUvFXzNuHkrhrZMD8dsStB6,xyzfhx,C2cNZmkkpo1tmFDRahmzpbt5DtqABQhXYJXMCDnNQTJ6,2Behbo4CsBTW6ojdx1LLoSXkVFWFAi2SSX1Ce3y9VsdrQoBDH5NWQgjpAY1WnrdGHXeBPwPXZFyzj99e5jgJJvTL,hold 12 slots,0.009851788099683761
xyzfhxfy8NhfeNG3Um3WaUvFXzNuHkrhrZMD8dsStB6,xyzfhx,C2cNZmkkpo1tmFDRahmzpbt5DtqABQhXYJXMCDnNQTJ6,2Behbo4CsBTW6ojdx1LLoSXkVFWFAi2SSX1Ce3y9VsdrQoBDH5NWQgjpAY1WnrdGHXeBPwPXZFyzj99e5jgJJvTL,hold 25 slots,0.003662631334627629
xyzfhxfy8NhfeNG3Um3WaUvFXzNuHkrhrZMD8dsStB6,xyzfhx,C2cNZmkkpo1tmFDRahmzpbt5DtqABQhXYJXMCDnNQTJ6,2Behbo4CsBTW6ojdx1LLoSXkVFWFAi2SSX1Ce3y9VsdrQoBDH5NWQgjpAY1WnrdGHXeBPwPXZFyzj99e5jgJJvTL,hold 50 slots,-0.007448798237292528
xyzfhxfy8NhfeNG3Um3WaUvFXzNuHkrhrZMD8dsStB6,xyzfhx,C2cNZmkkpo1tmFDRahmzpbt5DtqABQhXYJXMCDnNQTJ6,2Behbo4CsBTW6ojdx1LLoSXkVFWFAi2SSX1Ce3y9VsdrQoBDH5NWQgjpAY1WnrdGHXeBPwPXZFyzj99e5jgJJvTL,hold 75 slots,-0.17700293558217167
xyzfhxfy8NhfeNG3Um3WaUvFXzNuHkrhrZMD8dsStB6,xyzfhx,C2cNZmkkpo1tmFDRahmzpbt5DtqABQhXYJXMCDnNQTJ6,2Behbo4CsBTW6ojdx1LLoSXkVFWFAi2SSX1Ce3y9VsdrQoBDH5NWQgjpAY1WnrdGHXeBPwPXZFyzj99e5jgJJvTL,hold 150 slots,-0.2322358938483286
xyzfhxfy8NhfeNG3Um3WaUvFXzNuHkrhrZMD8dsStB6,xyzfhx,C2cNZmkkpo1tmFDRahmzpbt5DtqABQhXYJXMCDnNQTJ6,2Behbo4CsBTW6ojdx1LLoSXkVFWFAi2SSX1Ce3y9VsdrQoBDH5NWQgjpAY1WnrdGHXeBPwPXZFyzj99e5jgJJvTL,TP 10% / SL 10%,-0.17700293558217167
xyzfhxfy8NhfeNG3Um3WaUvFXzNuHkrhrZMD8dsStB6,xyzfhx,C2cNZmkkpo1tmFDRahmzpbt5DtqABQhXYJXMCDnNQTJ6,2Behbo4CsBTW6ojdx1LLoSXkVFWFAi2SSX1Ce3y9VsdrQoBDH5NWQgjpAY1WnrdGHXeBPwPXZFyzj99e5jgJJvTL,TP 20% / SL 10%,-0.17700293558217167
xyzfhxfy8NhfeNG3Um3WaUvFXzNuHkrhrZMD8dsStB6,xyzfhx,C2cNZmkkpo1tmFDRahmzpbt5DtqABQhXYJXMCDnNQTJ6,2Behbo4CsBTW6ojdx1LLoSXkVFWFAi2SSX1Ce3y9VsdrQoBDH5NWQgjpAY1WnrdGHXeBPwPXZFyzj99e5jgJJvTL,TP 30% / SL 15%,-0.17700293558217167
xyzfhxfy8NhfeNG3Um3WaUvFXzNuHkrhrZMD8dsStB6,xyzfhx,C2cNZmkkpo1tmFDRahmzpbt5DtqABQhXYJXMCDnNQTJ6,2Behbo4CsBTW6ojdx1LLoSXkVFWFAi2SSX1Ce3y9VsdrQoBDH5NWQgjpAY1WnrdGHXeBPwPXZFyzj99e5jgJJvTL,TP 50% / SL 25%,-0.2322358938483286
xyzfhxfy8NhfeNG3Um3WaUvFXzNuHkrhrZMD8dsStB6,xyzfhx,C2cNZmkkpo1tmFDRahmzpbt5DtqABQhXYJXMCDnNQTJ6,2Behbo4CsBTW6ojdx1LLoSXkVFWFAi2SSX1Ce3y9VsdrQoBDH5NWQgjpAY1WnrdGHXeBPwPXZFyzj99e5jgJJvTL,TP 100% / SL 30%,-0.2322358938483286
CQervCdE3WAUGRmaTj9NHdbNrNGVsxJb68t3QggcntM2,CQervC,Gso69efnPDq394G17zzfcnp3hkUEo1cKAy2LMThwpump,2TPtj39fYFYqDpJcov4Vva5Rbf2zoWuzZ5ufDoZQZCnE4GYCX18UgAa4iXaYHKdSiWuereeY4MUXPMt5jtXEui4k,follow wallet,-0.1042210502173127
CQervCdE3WAUGRmaTj9NHdbNrNGVsxJb68t3QggcntM2,CQervC,Gso69efnPDq394G17zzfcnp3hkUEo1cKAy2LMThwpump,2TPtj39fYFYqDpJcov4Vva5Rbf2zoWuzZ5ufDoZQZCnE4GYCX18UgAa4iXaYHKdSiWuereeY4MUXPMt5jtXEui4k,hold 1 slots,-0.06150519628472078
CQervCdE3WAUGRmaTj9NHdbNrNGVsxJb68t3QggcntM2,CQervC,Gso69efnPDq394G17zzfcnp3hkUEo1cKAy2LMThwpump,2TPtj39fYFYqDpJcov4Vva5Rbf2zoWuzZ5ufDoZQZCnE4GYCX18UgAa4iXaYHKdSiWuereeY4MUXPMt5jtXEui4k,hold 3 slots,-0.060931436762592196
CQervCdE3WAUGRmaTj9NHdbNrNGVsxJb68t3QggcntM2,CQervC,Gso69efnPDq394G17zzfcnp3hkUEo1cKAy2LMThwpump,2TPtj39fYFYqDpJcov4Vva5Rbf2zoWuzZ5ufDoZQZCnE4GYCX18UgAa4iXaYHKdSiWuereeY4MUXPMt5jtXEui4k,hold 5 slots,-0.05895999741145635
CQervCdE3WAUGRmaTj9NHdbNrNGVsxJb68t3QggcntM2,CQervC,Gso69efnPDq394G17zzfcnp3hkUEo1cKAy2LMThwpump,2TPtj39fYFYqDpJcov4Vva5Rbf2zoWuzZ5ufDoZQZCnE4GYCX18UgAa4iXaYHKdSiWuereeY4MUXPMt5jtXEui4k,hold 12 slots,0.033744263092936634
CQervCdE3WAUGRmaTj9NHdbNrNGVsxJb68t3QggcntM2,CQervC,Gso69efnPDq394G17zzfcnp3hkUEo1cKAy2LMThwpump,2TPtj39fYFYqDpJcov4Vva5Rbf2zoWuzZ5ufDoZQZCnE4GYCX18UgAa4iXaYHKdSiWuereeY4MUXPMt5jtXEui4k,hold 25 slots,-0.056827885458429574
CQervCdE3WAUGRmaTj9NHdbNrNGVsxJb68t3QggcntM2,CQervC,Gso69efnPDq394G17zzfcnp3hkUEo1cKAy2LMThwpump,2TPtj39fYFYqDpJcov4Vva5Rbf2zoWuzZ5ufDoZQZCnE4GYCX18UgAa4iXaYHKdSiWuereeY4MUXPMt5jtXEui4k,hold 50 slots,-0.05677037682374668
CQervCdE3WAUGRmaTj9NHdbNrNGVsxJb68t3QggcntM2,CQervC,Gso69efnPDq394G17zzfcnp3hkUEo1cKAy2LMThwpump,2TPtj39fYFYqDpJcov4Vva5Rbf2zoWuzZ5ufDoZQZCnE4GYCX18UgAa4iXaYHKdSiWuereeY4MUXPMt5jtXEui4k,hold 75 slots,-0.10427430989183842
CQervCdE3WAUGRmaTj9NHdbNrNGVsxJb68t3QggcntM2,CQervC,Gso69efnPDq394G17zzfcnp3hkUEo1cKAy2LMThwpump,2TPtj39fYFYqDpJcov4Vva5Rbf2zoWuzZ5ufDoZQZCnE4GYCX18UgAa4iXaYHKdSiWuereeY4MUXPMt5jtXEui4k,hold 150 slots,-0.16256706807267524
CQervCdE3WAUGRmaTj9NHdbNrNGVsxJb68t3QggcntM2,CQervC,Gso69efnPDq394G17zzfcnp3hkUEo1cKAy2LMThwpump,2TPtj39fYFYqDpJcov4Vva5Rbf2zoWuzZ5ufDoZQZCnE4GYCX18UgAa4iXaYHKdSiWuereeY4MUXPMt5jtXEui4k,TP 10% / SL 10%,-0.10427430989183842
CQervCdE3WAUGRmaTj9NHdbNrNGVsxJb68t3QggcntM2,CQervC,Gso69efnPDq394G17zzfcnp3hkUEo1cKAy2LMThwpump,2TPtj39fYFYqDpJcov4Vva5Rbf2zoWuzZ5ufDoZQZCnE4GYCX18UgAa4iXaYHKdSiWuereeY4MUXPMt5jtXEui4k,TP 20% / SL 10%,-0.10427430989183842
CQervCdE3WAUGRmaTj9NHdbNrNGVsxJb68t3QggcntM2,CQervC,Gso69efnPDq394G17zzfcnp3hkUEo1cKAy2LMThwpump,2TPtj39fYFYqDpJcov4Vva5Rbf2zoWuzZ5ufDoZQZCnE4GYCX18UgAa4iXaYHKdSiWuereeY4MUXPMt5jtXEui4k,TP 30% / SL 15%,-0.16256706807267524
CQervCdE3WAUGRmaTj9NHdbNrNGVsxJb68t3QggcntM2,CQervC,Gso69efnPDq394G17zzfcnp3hkUEo1cKAy2LMThwpump,2TPtj39fYFYqDpJcov4Vva5Rbf2zoWuzZ5ufDoZQZCnE4GYCX18UgAa4iXaYHKdSiWuereeY4MUXPMt5jtXEui4k,TP 50% / SL 25%,-0.16256706807267524
CQervCdE3WAUGRmaTj9NHdbNrNGVsxJb68t3QggcntM2,CQervC,Gso69efnPDq394G17zzfcnp3hkUEo1cKAy2LMThwpump,2TPtj39fYFYqDpJcov4Vva5Rbf2zoWuzZ5ufDoZQZCnE4GYCX18UgAa4iXaYHKdSiWuereeY4MUXPMt5jtXEui4k,TP 100% / SL 30%,-0.16256706807267524
CQervCdE3WAUGRmaTj9NHdbNrNGVsxJb68t3QggcntM2,CQervC,73sZBWH8wS1p4KsypFhtQJ6KHUDWTGFiavxFdHPMpump,6XBv87F43w3LNa2n7mbWd73ADmeyobWNEZ7GP58tP7yrmwivyj4aZgkzVqwZ7MJJnTJbN3Yrww854zX9due5CJw,follow wallet,-0.007669741351628781
CQervCdE3WAUGRmaTj9NHdbNrNGVsxJb68t3QggcntM2,CQervC,73sZBWH8wS1p4KsypFhtQJ6KHUDWTGFiavxFdHPMpump,6XBv87F43w3LNa2n7mbWd73ADmeyobWNEZ7GP58tP7yrmwivyj4aZgkzVqwZ7MJJnTJbN3Yrww854zX9due5CJw,hold 1 slots,-0.06053233239342535
CQervCdE3WAUGRmaTj9NHdbNrNGVsxJb68t3QggcntM2,CQervC,73sZBWH8wS1p4KsypFhtQJ6KHUDWTGFiavxFdHPMpump,6XBv87F43w3LNa2n7mbWd73ADmeyobWNEZ7GP58tP7yrmwivyj4aZgkzVqwZ7MJJnTJbN3Yrww854zX9due5CJw,hold 3 slots,-0.06053233239342535
CQervCdE3WAUGRmaTj9NHdbNrNGVsxJb68t3QggcntM2,CQervC,73sZBWH8wS1p4KsypFhtQJ6KHUDWTGFiavxFdHPMpump,6XBv87F43w3LNa2n7mbWd73ADmeyobWNEZ7GP58tP7yrmwivyj4aZgkzVqwZ7MJJnTJbN3Yrww854zX9due5CJw,hold 5 slots,0.028453031109901668
CQervCdE3WAUGRmaTj9NHdbNrNGVsxJb68t3QggcntM2,CQervC,73sZBWH8wS1p4KsypFhtQJ6KHUDWTGFiavxFdHPMpump,6XBv87F43w3LNa2n7mbWd73ADmeyobWNEZ7GP58tP7yrmwivyj4aZgkzVqwZ7MJJnTJbN3Yrww854zX9due5CJw,hold 12 slots,-0.03633966569606626
CQervCdE3WAUGRmaTj9NHdbNrNGVsxJb68t3QggcntM2,CQervC,73sZBWH8wS1p4KsypFhtQJ6KHUDWTGFiavxFdHPMpump,6XBv87F43w3LNa2n7mbWd73ADmeyobWNEZ7GP58tP7yrmwivyj4aZgkzVqwZ7MJJnTJbN3Yrww854zX9due5CJw,hold 25 slots,-0.05716939438364446
CQervCdE3WAUGRmaTj9NHdbNrNGVsxJb68t3QggcntM2,CQervC,73sZBWH8wS1p4KsypFhtQJ6KHUDWTGFiavxFdHPMpump,6XBv87F43w3LNa2n7mbWd73ADmeyobWNEZ7GP58tP7yrmwivyj4aZgkzVqwZ7MJJnTJbN3Yrww854zX9due5CJw,hold 50 slots,0.6137496537681377
CQervCdE3WAUGRmaTj9NHdbNrNGVsxJb68t3QggcntM2,CQervC,73sZBWH8wS1p4KsypFhtQJ6KHUDWTGFiavxFdHPMpump,6XBv87F43w3LNa2n7mbWd73ADmeyobWNEZ7GP58tP7yrmwivyj4aZgkzVqwZ7MJJnTJbN3Yrww854zX9due5CJw,hold 75 slots,-0.09576569031855536
CQervCdE3WAUGRmaTj9NHdbNrNGVsxJb68t3QggcntM2,CQervC,73sZBWH8wS1p4KsypFhtQJ6KHUDWTGFiavxFdHPMpump,6XBv87F43w3LNa2n7mbWd73ADmeyobWNEZ7GP58tP7yrmwivyj4aZgkzVqwZ7MJJnTJbN3Yrww854zX9due5CJw,hold 150 slots,-0.21513733213315953
CQervCdE3WAUGRmaTj9NHdbNrNGVsxJb68t3QggcntM2,CQervC,73sZBWH8wS1p4KsypFhtQJ6KHUDWTGFiavxFdHPMpump,6XBv87F43w3LNa2n7mbWd73ADmeyobWNEZ7GP58tP7yrmwivyj4aZgkzVqwZ7MJJnTJbN3Yrww854zX9due5CJw,TP 10% / SL 10%,0.6137496537681377
CQervCdE3WAUGRmaTj9NHdbNrNGVsxJb68t3QggcntM2,CQervC,73sZBWH8wS1p4KsypFhtQJ6KHUDWTGFiavxFdHPMpump,6XBv87F43w3LNa2n7mbWd73ADmeyobWNEZ7GP58tP7yrmwivyj4aZgkzVqwZ7MJJnTJbN3Yrww854zX9due5CJw,TP 20% / SL 10%,0.6137496537681377
CQervCdE3WAUGRmaTj9NHdbNrNGVsxJb68t3QggcntM2,CQervC,73sZBWH8wS1p4KsypFhtQJ6KHUDWTGFiavxFdHPMpump,6XBv87F43w3LNa2n7mbWd73ADmeyobWNEZ7GP58tP7yrmwivyj4aZgkzVqwZ7MJJnTJbN3Yrww854zX9due5CJw,TP 30% / SL 15%,0.6137496537681377
CQervCdE3WAUGRmaTj9NHdbNrNGVsxJb68t3QggcntM2,CQervC,73sZBWH8wS1p4KsypFhtQJ6KHUDWTGFiavxFdHPMpump,6XBv87F43w3LNa2n7mbWd73ADmeyobWNEZ7GP58tP7yrmwivyj4aZgkzVqwZ7MJJnTJbN3Yrww854zX9due5CJw,TP 50% / SL 25%,0.6137496537681377
CQervCdE3WAUGRmaTj9NHdbNrNGVsxJb68t3QggcntM2,CQervC,73sZBWH8wS1p4KsypFhtQJ6KHUDWTGFiavxFdHPMpump,6XBv87F43w3LNa2n7mbWd73ADmeyobWNEZ7GP58tP7yrmwivyj4aZgkzVqwZ7MJJnTJbN3Yrww854zX9due5CJw,TP 100% / SL 30%,-0.21513733213315953
CQervCdE3WAUGRmaTj9NHdbNrNGVsxJb68t3QggcntM2,CQervC,6zwJyPtNdA1xx1GAyUtRxW1MbcTwgKX64X6omBVEpump,5AwWy39KN1sLphkXaFUkJ6RX9Jq6uRQEcBygdJVUAMWoP3rNe1MY5Zx825fVUdqW6h79qqAuSPEfMmxp4zicXFkF,follow wallet,-0.050077359450941446
CQervCdE3WAUGRmaTj9NHdbNrNGVsxJb68t3QggcntM2,CQervC,6zwJyPtNdA1xx1GAyUtRxW1MbcTwgKX64X6omBVEpump,5AwWy39KN1sLphkXaFUkJ6RX9Jq6uRQEcBygdJVUAMWoP3rNe1MY5Zx825fVUdqW6h79qqAuSPEfMmxp4zicXFkF,hold 1 slots,-0.03713727220128178
CQervCdE3WAUGRmaTj9NHdbNrNGVsxJb68t3QggcntM2,CQervC,6zwJyPtNdA1xx1GAyUtRxW1MbcTwgKX64X6omBVEpump,5AwWy39KN1sLphkXaFUkJ6RX9Jq6uRQEcBygdJVUAMWoP3rNe1MY5Zx825fVUdqW6h79qqAuSPEfMmxp4zicXFkF,hold 3 slots,-0.03713727220128178
CQervCdE3WAUGRmaTj9NHdbNrNGVsxJb68t3QggcntM2,CQervC,6zwJyPtNdA1xx1GAyUtRxW1MbcTwgKX64X6omBVEpump,5AwWy39KN1sLphkXaFUkJ6RX9Jq6uRQEcBygdJVUAMWoP3rNe1MY5Zx825fVUdqW6h79qqAuSPEfMmxp4zicXFkF,hold 5 slots,-0.03713727220128178
CQervCdE3WAUGRmaTj9NHdbNrNGVsxJb68t3QggcntM2,CQervC,6zwJyPtNdA1xx1GAyUtRxW1MbcTwgKX64X6omBVEpump,5AwWy39KN1sLphkXaFUkJ6RX9Jq6uRQEcBygdJVUAMWoP3rNe1MY5Zx825fVUdqW6h79qqAuSPEfMmxp4zicXFkF,hold 12 slots,-0.03713727220128178
CQervCdE3WAUGRmaTj9NHdbNrNGVsxJb68t3QggcntM2,CQervC,6zwJyPtNdA1xx1GAyUtRxW1MbcTwgKX64X6omBVEpump,5AwWy39KN1sLphkXaFUkJ6RX9Jq6uRQEcBygdJVUAMWoP3rNe1MY5Zx825fVUdqW6h79qqAuSPEfMmxp4zicXFkF,hold 25 slots,-0.050077359450941446
CQervCdE3WAUGRmaTj9NHdbNrNGVsxJb68t3QggcntM2,CQervC,6zwJyPtNdA1xx1GAyUtRxW1MbcTwgKX64X6omBVEpump,5AwWy39KN1sLphkXaFUkJ6RX9Jq6uRQEcBygdJVUAMWoP3rNe1MY5Zx825fVUdqW6h79qqAuSPEfMmxp4zicXFkF,hold 50 slots,-0.050077359450941446
CQervCdE3WAUGRmaTj9NHdbNrNGVsxJb68t3QggcntM2,CQervC,6zwJyPtNdA1xx1GAyUtRxW1MbcTwgKX64X6omBVEpump,5AwWy39KN1sLphkXaFUkJ6RX9Jq6uRQEcBygdJVUAMWoP3rNe1MY5Zx825fVUdqW6h79qqAuSPEfMmxp4zicXFkF,hold 75 slots,-0.050077359450941446
CQervCdE3WAUGRmaTj9NHdbNrNGVsxJb68t3QggcntM2,CQervC,6zwJyPtNdA1xx1GAyUtRxW1MbcTwgKX64X6omBVEpump,5AwWy39KN1sLphkXaFUkJ6RX9Jq6uRQEcBygdJVUAMWoP3rNe1MY5Zx825fVUdqW6h79qqAuSPEfMmxp4zicXFkF,hold 150 slots,-0.050077359450941446
CQervCdE3WAUGRmaTj9NHdbNrNGVsxJb68t3QggcntM2,CQervC,6zwJyPtNdA1xx1GAyUtRxW1MbcTwgKX64X6omBVEpump,5AwWy39KN1sLphkXaFUkJ6RX9Jq6uRQEcBygdJVUAMWoP3rNe1MY5Zx825fVUdqW6h79qqAuSPEfMmxp4zicXFkF,TP 10% / SL 10%,-0.050077359450941446
CQervCdE3WAUGRmaTj9NHdbNrNGVsxJb68t3QggcntM2,CQervC,6zwJyPtNdA1xx1GAyUtRxW1MbcTwgKX64X6omBVEpump,5AwWy39KN1sLphkXaFUkJ6RX9Jq6uRQEcBygdJVUAMWoP3rNe1MY5Zx825fVUdqW6h79qqAuSPEfMmxp4zicXFkF,TP 20% / SL 10%,-0.050077359450941446
CQervCdE3WAUGRmaTj9NHdbNrNGVsxJb68t3QggcntM2,CQervC,6zwJyPtNdA1xx1GAyUtRxW1MbcTwgKX64X6omBVEpump,5AwWy39KN1sLphkXaFUkJ6RX9Jq6uRQEcBygdJVUAMWoP3rNe1MY5Zx825fVUdqW6h79qqAuSPEfMmxp4zicXFkF,TP 30% / SL 15%,-0.050077359450941446
CQervCdE3WAUGRmaTj9NHdbNrNGVsxJb68t3QggcntM2,CQervC,6zwJyPtNdA1xx1GAyUtRxW1MbcTwgKX64X6omBVEpump,5AwWy39KN1sLphkXaFUkJ6RX9Jq6uRQEcBygdJVUAMWoP3rNe1MY5Zx825fVUdqW6h79qqAuSPEfMmxp4zicXFkF,TP 50% / SL 25%,-0.050077359450941446
CQervCdE3WAUGRmaTj9NHdbNrNGVsxJb68t3QggcntM2,CQervC,6zwJyPtNdA1xx1GAyUtRxW1MbcTwgKX64X6omBVEpump,5AwWy39KN1sLphkXaFUkJ6RX9Jq6uRQEcBygdJVUAMWoP3rNe1MY5Zx825fVUdqW6h79qqAuSPEfMmxp4zicXFkF,TP 100% / SL 30%,-0.050077359450941446
CQervCdE3WAUGRmaTj9NHdbNrNGVsxJb68t3QggcntM2,CQervC,G5b7GXLB9FZQvAPArKGsGC27LkYqHCcaYA2uriNf1Wm4,2iF9vfH5DrNKATmJ79A7Z2xk7BARmF9h9ysC2ReSTbnf4Nyk4HeMS2aDnvjqZ3TMfUk2SEDECK9aJoUS4mtjdHhL,follow wallet,-0.031690456638745784
CQervCdE3WAUGRmaTj9NHdbNrNGVsxJb68t3QggcntM2,CQervC,G5b7GXLB9FZQvAPArKGsGC27LkYqHCcaYA2uriNf1Wm4,2iF9vfH5DrNKATmJ79A7Z2xk7BARmF9h9ysC2ReSTbnf4Nyk4HeMS2aDnvjqZ3TMfUk2SEDECK9aJoUS4mtjdHhL,hold 1 slots,-0.002693808218257785
CQervCdE3WAUGRmaTj9NHdbNrNGVsxJb68t3QggcntM2,CQervC,G5b7GXLB9FZQvAPArKGsGC27LkYqHCcaYA2uriNf1Wm4,2iF9vfH5DrNKATmJ79A7Z2xk7BARmF9h9ysC2ReSTbnf4Nyk4HeMS2aDnvjqZ3TMfUk2SEDECK9aJoUS4mtjdHhL,hold 3 slots,-0.002693808218257785
CQervCdE3WAUGRmaTj9NHdbNrNGVsxJb68t3QggcntM2,CQervC,G5b7GXLB9FZQvAPArKGsGC27LkYqHCcaYA2uriNf1Wm4,2iF9vfH5DrNKATmJ79A7Z2xk7BARmF9h9ysC2ReSTbnf4Nyk4HeMS2aDnvjqZ3TMfUk2SEDECK9aJoUS4mtjdHhL,hold 5 slots,-0.002693808218257785
CQervCdE3WAUGRmaTj9NHdbNrNGVsxJb68t3QggcntM2,CQervC,G5b7GXLB9FZQvAPArKGsGC27LkYqHCcaYA2uriNf1Wm4,2iF9vfH5DrNKATmJ79A7Z2xk7BARmF9h9ysC2ReSTbnf4Nyk4HeMS2aDnvjqZ3TMfUk2SEDECK9aJoUS4mtjdHhL,hold 12 slots,-0.002693808218257785
CQervCdE3WAUGRmaTj9NHdbNrNGVsxJb68t3QggcntM2,CQervC,G5b7GXLB9FZQvAPArKGsGC27LkYqHCcaYA2uriNf1Wm4,2iF9vfH5DrNKATmJ79A7Z2xk7BARmF9h9ysC2ReSTbnf4Nyk4HeMS2aDnvjqZ3TMfUk2SEDECK9aJoUS4mtjdHhL,hold 25 slots,-0.05370992369175351
CQervCdE3WAUGRmaTj9NHdbNrNGVsxJb68t3QggcntM2,CQervC,G5b7GXLB9FZQvAPArKGsGC27LkYqHCcaYA2uriNf1Wm4,2iF9vfH5DrNKATmJ79A7Z2xk7BARmF9h9ysC2ReSTbnf4Nyk4HeMS2aDnvjqZ3TMfUk2SEDECK9aJoUS4mtjdHhL,hold 50 slots,-0.05370992369175351
CQervCdE3WAUGRmaTj9NHdbNrNGVsxJb68t3QggcntM2,CQervC,G5b7GXLB9FZQvAPArKGsGC27LkYqHCcaYA2uriNf1Wm4,2iF9vfH5DrNKATmJ79A7Z2xk7BARmF9h9ysC2ReSTbnf4Nyk4HeMS2aDnvjqZ3TMfUk2SEDECK9aJoUS4mtjdHhL,hold 75 slots,-0.07499276829843116
CQervCdE3WAUGRmaTj9NHdbNrNGVsxJb68t3QggcntM2,CQervC,G5b7GXLB9FZQvAPArKGsGC27LkYqHCcaYA2uriNf1Wm4,2iF9vfH5DrNKATmJ79A7Z2xk7BARmF9h9ysC2ReSTbnf4Nyk4HeMS2aDnvjqZ3TMfUk2SEDECK9aJoUS4mtjdHhL,hold 150 slots,-0.07499320437634469
CQervCdE3WAUGRmaTj9NHdbNrNGVsxJb68t3QggcntM2,CQervC,G5b7GXLB9FZQvAPArKGsGC27LkYqHCcaYA2uriNf1Wm4,2iF9vfH5DrNKATmJ79A7Z2xk7BARmF9h9ysC2ReSTbnf4Nyk4HeMS2aDnvjqZ3TMfUk2SEDECK9aJoUS4mtjdHhL,TP 10% / SL 10%,-0.07499320437634469
CQervCdE3WAUGRmaTj9NHdbNrNGVsxJb68t3QggcntM2,CQervC,G5b7GXLB9FZQvAPArKGsGC27LkYqHCcaYA2uriNf1Wm4,2iF9vfH5DrNKATmJ79A7Z2xk7BARmF9h9ysC2ReSTbnf4Nyk4HeMS2aDnvjqZ3TMfUk2SEDECK9aJoUS4mtjdHhL,TP 20% / SL 10%,-0.07499320437634469
CQervCdE3WAUGRmaTj9NHdbNrNGVsxJb68t3QggcntM2,CQervC,G5b7GXLB9FZQvAPArKGsGC27LkYqHCcaYA2uriNf1Wm4,2iF9vfH5DrNKATmJ79A7Z2xk7BARmF9h9ysC2ReSTbnf4Nyk4HeMS2aDnvjqZ3TMfUk2SEDECK9aJoUS4mtjdHhL,TP 30% / SL 15%,-0.07499320437634469
CQervCdE3WAUGRmaTj9NHdbNrNGVsxJb68t3QggcntM2,CQervC,G5b7GXLB9FZQvAPArKGsGC27LkYqHCcaYA2uriNf1Wm4,2iF9vfH5DrNKATmJ79A7Z2xk7BARmF9h9ysC2ReSTbnf4Nyk4HeMS2aDnvjqZ3TMfUk2SEDECK9aJoUS4mtjdHhL,TP 50% / SL 25%,-0.07499320437634469
CQervCdE3WAUGRmaTj9NHdbNrNGVsxJb68t3QggcntM2,CQervC,G5b7GXLB9FZQvAPArKGsGC27LkYqHCcaYA2uriNf1Wm4,2iF9vfH5DrNKATmJ79A7Z2xk7BARmF9h9ysC2ReSTbnf4Nyk4HeMS2aDnvjqZ3TMfUk2SEDECK9aJoUS4mtjdHhL,TP 100% / SL 30%,-0.07499320437634469
