epoch_ms,wallet_label,mint,buy_count,hold_duration_ms,wallet_token_amount,wallet_lamports_spent,wallet_lamports_received,wallet_pnl_sol,our_lamports_spent,our_lamports_received,our_pnl_sol,sell_signature,would_have_reverted,collector_version,fill_ratio,blowup
1785043174230,Doji,GkynoEYEqShix2ts8Lnbe9Tmy7agQjXgoUpyVHyZpump,1,1933,5924487055323,642855321,360519120,-0.282336,249557732.23114,243447498,-0.00611,3ywNjybghA2ZehGE5eK6cpzzDNbVNi3w7XN7B9rssYTg3oNxhfzT2kKZXDtEaEKuzLpwTrQyyLChpuBe78JusK1D,0,1,0.38820201696851164,False
1785043182745,Doji,FLvEPaLo8gwDgmyC2KPHjQLHC8kwRbsXQJr1VuDvpump,1,1943,10802359844385,748712445,798532259,0.04982,723938352.294754,703504718,-0.020434,5VDfJSuMRpQ1oNhGTFqN9P28A6vg7voAbdpv4fWzzm35rtRDSb518Q5QBZYbm5TkFzMD9A6oDFJKkj53VGm2inXr,0,1,0.9669110713055584,False
1785043184676,Doji,GkynoEYEqShix2ts8Lnbe9Tmy7agQjXgoUpyVHyZpump,2,8499,14893103530623,1183329297,1748087195,0.564758,620379783.26754,586339373,-0.03404,bg5oiJSFawcF86w8zk5qniPMYNS2PQ87QUnssyN1bn9k529cX2UNvkufHB8ynFedX336yvty9EW2eN3guztFCTN,0,1,0.5242663938434882,False
1785043250061,Cope,61Y15bMKvxzuaiHmMGa6CJ5zzbzg36o3Affyk6Rapump,1,1931,24653948466639,1266079079,715266182,-0.550813,705509839.766747,673817514,-0.031692,4GMAGRBfi36sVJzTh7Jh5BD9cogMq1C11xQUQzEbyQSe5jXFnAMm9LQdpkmyPM4TAPbqwuJmZhbBzjXWgWe1jacD,0,1,0.557239947700571,False
1785043275318,Doji,GHJK4QBGu5usxpVSxpSGZpoc1MMEEMkwxMcRSrbPpump,1,1934,8231701192264,470945227,297763184,-0.173182,302819411.306587,297559352,-0.00526,Z5Qc5ZJkhFZyVoQTe7jt4JiXsdeZPqVUJqpAKzZ8NTaNY5dnhS8Zb6PMGdBnHZz7rvnDpH8i2QF95vs35LjZfAm,0,1,0.6430034618581811,False
1785043966861,Doji,DX39f7cpSRNTd7u4cNqaQPjRyHS3kXCfUL3TbKjbpump,1,14154,4492971201339,708496233,706432701,-0.002064,497265930.541183,591792118,0.094526,3k3xteA33iTyFLms1mmpLAeS8JjaQtt5MVFCqzT3Djt5EXCyT8RpS1peUjuvLQZaTVV9e6rCSQQA7yuNNVFVS9m8,0,1,0.70186107897229,False
1785044103823,theo,6zeFbgoK5nHDGdbtp5apAfak1gJSrmDUsD5js5tEpump,3,72400,10293788135323,790815000,1781262832,0.990448,642144980.243668,1662036315,1.019891,4r4d523QRnzRkST1gAhA4LZoJVz5gXsv1nq5MvYeDUyqSaU46RYn2M4idYoNbx8vD3SXGTajNzy9UjMvFcxVa85P,0,1,0.812004046766523,False
1785047844742,Doji,AJLXiyfHVWnq2u5CfMnmxspbp3eK4hnfukC5qCMppump,1,1600490,3209076891019,436185445,1527163895,1.090978,410651931.515106,1651485378,1.240833,3xZK75zqeqnfeaWm9vhdLKXxC77SDCtvESwgFG54hwyuoaHcUTk2aVVUh2k3dysF71KCfSjVjjYbnew6K5rqScex,0,1,0.94146179388243,False
1785054656794,Cope,F4X5rr6YGHusg5T2cXEd56ovHFhVD2JQwChLPbvTpump,2,64289,30603944791093,1945224897,1354867263,-0.590358,1844168236.421898,1551986973,-0.292181,zokjyoyf2RX3ZzkXyZaxP6AkYFRRrB4WH162Xu2CgVdV4CGsvQomhrmABQazZZtDJmXYmdjhSUc49sbWpTyVDED,0,1,0.9480488550532354,False
1785056204497,Felix,EUhZMzAw2zppce9np8jLuUnpRJHuuZwhK2b48vujd8jt,1,45827,32712255189226,2004079080,993896815,-1.010182,1798157655.708031,891261386,-0.906896,23UsWzVsDRhKiy63ZzGdnV1j5DVDAg43JinEixEST32xiFbyw2En2VXCb7jDaG1GfYwLdAqyLJpFqwgdb7HbXkaw,0,1,0.8972488529285136,False
1785056288037,Felix,5p4bs7DDwihkSLDs4ctFJaxqdknULS1CUwo2Jfbbpump,1,9004,28759852477171,2004079080,1204249344,-0.79983,916447791.622215,837906810,-0.078541,9P26jDqmzvpsXbLmz4HWCgLDKEXZXXs52bYwZ7km4io1NfA5btT1ht41YSgWZc24GZ4cEad24Bqd9WTyqAzMr4f,0,1,0.4572912320516888,False
1785058933111,Felix,FWC54DmRVTr2hLbgQKS1eok31RLcQJBS3HJV2Tenpump,4,7358,10939120071579,410094080,300078169,-0.110016,328220241.511147,323938114,-0.004282,u5tH4VuCmqbkUEiaUUWEsSbpEjVn6t4JxGGUBeef2anL6uNaSwRH4iGKB2Jz1ZyF7zW7ingSZcFkKJSqRRySB6T,0,1,0.8003535225652295,False
1785059819895,Felix,J5Q8gFnpgrwhunUz1ygymS77kiCsgM1ULobDjYBHLZ23,8,18794,19528485028278,818114080,677026045,-0.141088,559709709.253639,550503440,-0.009206,47KgNjyfVLkcg5QXRju2YrirHEXgGHNuCJFurWbAWWbaFiWpQ3petNxphquxhyTXaE7mJf7cAZ1ChUx6BYuv3tJa,0,1,0.6841462858745067,False
1785061568160,Felix,4Ne3JQKPgEbZMU4GBobkAkmTZcEhCf2xVc321bjevdFR,1,13994,25200885907667,2004079081,1285868472,-0.718211,1651621252.058922,1071238093,-0.580383,3EAjUpmpDRQV9d5zHsKoBNLVqc6Y8PjH8KQ9PhyPxCCfbc46kTuMgZ7T8LRTcKMznBUssMSwQimKLodW4L4FLBp6,0,1,0.8241297799659644,False
1785068335101,Felix,3jELHUCxnuis8Z7VF5najBQ3CsEEf16ouagzz8dvpump,2,40939,2272136186505,204010000,1478739507,1.27473,189637846.00988,1540459425,1.350822,ZHt1HERfVwRaSz2TrWY4xzSQmR5nGhn8UWJfvXisDiiJQATedHh2P4J4SjbAfSpVaWucwxBCT3FiJvyHGmNdUzX,0,1,0.9295517181014656,False
1785073013515,Cope,7SvZS1nR38kgRbQvxUNBRz5w6e8i4S2p73A68P1cpump,1,34573,850599592130,52576018,930905219,0.878329,40220884.987358,845225876,0.805005,4EhHmv6Eo8vzbYjeTqp2FLH3n91jqiNHYD57u464iZt9X9paCVhoVfHggLMhb95paD3BL4dtUdXtqKXu6Fhi6pTq,0,1,0.7650043977723455,False
1785075306834,Cope,Eds1qn9QeZThB43xZXoiciTthy26DyULNNFcmuLvDSDj,1,1331690,16841244214354,1266223313,3471398220,2.205175,1091961632.184441,2910634111,1.818672,5YMi55nJxEeahmNJbLSVVz5ofddi1XBJaC7HBpD1UnBPDEQ3kggPEzNccc262AenZtwJNAXL4qkTg2cnhehymU84,0,1,0.8623768185070851,False
1785078170191,Cope,HFc1bM9ngPkhm3Y6wK7LD873tniwgEDdXzLyXy1bpump,6,619831,26051005355553,2981497490,887257376,-2.09424,2644186618.132904,1212233896,-1.431953,5CPJyYDFTLHGD1XqqcF9dyUjXiEeSiRP5yjyjnoygQ8T1kgo4jGtMxzdFMamGrD1tHAEMLDdbnSdQXdbsNtKuRhx,0,1,0.8868652839727542,False
1785078571034,Cope,HFc1bM9ngPkhm3Y6wK7LD873tniwgEDdXzLyXy1bpump,1,211434,476934281620,54824733,724785222,0.66996,47872392.396629,635289070,0.587417,371a73KJYzHPbj2SeRMrFLbDQAyEoS1dbDJc42YV5AKsVTou5UXn1bBDcSNkJymAa7xr9Z8eJEWwGrMEM2edebG,0,1,0.8731897043005936,False
1785083151140,Felix,5HMVCA68erQw6c9cvPNUbRyvk3eJ2q1u6jJuaHRVpump,1,239826,20577340768111,3504079081,552448905,-2.95163,1501378468.824944,680215460,-0.821163,5ncCDYMPEE2iZf234H621vJihj5VKo96t4YXJy5gEEsXF8zVcGQt5LEnCUJsrXk47tY1NPXrj6cwdheuartUbRA5,0,1,0.4284659204656072,False
1785086334129,Cope,6cLNTA2yXpwnc8X1x1JAbTLiejgTjAFpRG6isyvapump,2,705507,14619946627530,1944690009,1557202155,-0.387488,1852683543.851295,1264624063,-0.588059,5Zv6yTdG2Fc1PDvosfJkZQsRvaDYcj1SoXovojySDXGeK1NViZgadpCfZ5FxeThpTBcw1jy81r23zRNAfXRtRdj2,0,1,0.9526883643547813,False
1785090251529,Loopierr,B5z31j5BoAF3FCBnCDEJjF2Xbvm4bSB1WTuTtRRdpump,1,26721,8824520143846,2025548647,1123086765,-0.902462,1959480384.507538,1423001677,-0.536479,2NtNfrDpe6fiwY9tYRDAdkpikyHcXFDjqwKCr1DeaLrxgsJZcbwt9SuRHzqtp9NGy7iqsZrdHY6dd9GKYgPtvdoM,0,1,0.9673825348059084,False
1785092085521,Letterbomb,7dSiM9h54a8wAhZXmAwq2rkfz1NwAYuUcLRj3P2Tpump,1,37890,12541784784426,1687484109,1123103615,-0.56438,1654856432.943222,1207461695,-0.447395,4fdJtsMStKYB1GVvi3MGZpwWFpToRPwWNZAb5oBELYTbTTm5NunVeR2L42iqyaRB7FdNPm2njgJTGcU9X4Xj1n5,0,1,0.9806648987787429,False
1785095239233,Letterbomb,BGh2Hpm1QtedLdY9MM5SW8G4fLaRyAtubiHs3X4ppump,1,1755,35744664906893,1688206434,1217729990,-0.470476,1034026013.4053,967348189,-0.066678,BCxdGntyXkXJZzaGEC1QsGxYNf7ptpcYibMrk5GkJbdorKromdkEQQUtxoMavqkPmQJKiAkbpuMQkPQ2XTycqmU,0,1,0.6124997468202399,False
1785095255392,Felix,EmRqQP6WJYU4BhTg5KkeATLjSkudQDm8heEou8mhpump,1,1759,10106084594290,1048548447,889516064,-0.159032,433879444.610603,423926078,-0.009953,2mBCQgGpt1E4LrsoAfBsLa8aRvH4TJR6UPU8FdJ6hf6LGXeBAFE7W8GXP8Qha7sF6j6yUTtuJMMztZqRsrUpMmxu,0,1,0.41379055574587387,False
1785097148482,Sheep,85UGBWo5cFJJLaaU4U3dRwXriYZc2cSK4Ey66RfGpump,3,7834,25377816900826,4085160621,3916291346,-0.168869,4002229655.272308,3476357511,-0.525872,4TnwLkJ5SfBcNFdfaRtmhqmmJZ8qtWZxY54R6UWM82cTDqdpgUJdrjsJnpbdiAsFK65dePRrqQAAiNa3d2s2MEeg,0,1,0.979699460211826,False
1785097523187,Letterbomb,7anHSMMvXEvsJ4qZPtXULP5FCtHgy4knXNZEArmTpump,1,11098,47282420131646,1688130102,1403103555,-0.285027,1382907663.154453,1386359515,0.003452,5c9QViV1HtQJfmbePZwb5vtd17xo3QpYiGHbkMjiWrMcKGTD5KFQKxPSokREV1nFQzFratTFGX63QC3TUpxHwD2E,0,1,0.8191949551258302,False
1785098536493,Letterbomb,BChahfV9HbPQjR9A4jyseZXkME3CKpYgqALidADopump,1,42863,1694966675762,104250723,1280741723,1.176491,84700933.29496,1064952930,0.980252,KNWTEr7c8JVL4aJcb7mEn7nMZpwcJyERzttbnNKAbYj97WjbTgdwr82RiRxinTRezwaybKEqQgFcUdrgHy2hEsL,0,1,0.8124733417432511,False
1785099955494,Letterbomb,BChahfV9HbPQjR9A4jyseZXkME3CKpYgqALidADopump,5,11501,4136086546418,188314721,766746174,0.578431,148069505.736828,506202215,0.358133,3qC2GAr7gQmiX1ErToMJrrGU26H9umKbEbEeyqmPekMZhFsi9ZWAw5CxZpBdRwAxqhvXJixX6Rxxa6e5J82XuSxp,0,1,0.7862874710513365,False
1785099963416,Letterbomb,BChahfV9HbPQjR9A4jyseZXkME3CKpYgqALidADopump,2,6165,1465615809428,75366162,1257786814,1.182421,43151103.832878,963596640,0.920446,3nJZi8cHB1DQavT8RYcYEwDsVBNPgR4bFFx923QdVttkTPMFJsw6j7ETgsxmPimm78hVrjz5n5Y9VLEqrAgZ2ryp,0,1,0.5725527569372313,False
1785101826311,Letterbomb,EECtgJhKYmB4SJti5mopYdPNjwmdFQfbLXDcxpurpump,1,87391,24742038859943,1688106478,1412459865,-0.275647,1570848923.435608,2175363466,0.604515,fQPMnUs383A8RE1ij7WAqCUpvyxNf8bVVSoZGhKjBHXdYSmVCykbNUP3zFAqqRYp53Ke1BZWJcfLggYvcKLmUWX,0,1,0.9305390056299564,False
1785101883730,Letterbomb,4NAcSegb2XbwCJnZAUn9PqtyxXCVMSNi1XzYgz3Vpump,2,28906,5945545516396,425595259,557401953,0.131807,225021268.953049,556643334,0.331622,4FRQqM6RbvThgyD1K1mAa3NPTZGgAVyFgUscD9sK1R9tud9KHZEfY9yMhu4qukScQWe2wCFxzvFyuokLk4u2tFQK,0,1,0.5287212773040993,False
1785112825085,Zuki,2eqmhneFqFJfScfXY2NKzUf9XabvuJnLgHS9wNZvpump,2,35515,1305772271012,244410000,1594488415,1.350078,172364267.967567,1623632976,1.451269,53RmPrWRKurRgqtNnEk81VHvZ2YSHmv6RL7eAknFm9Ei986aYNdh6WDXoxU45VGQrucaCaT1MudPb33sWggA1Z71,0,1,0.7052259235201792,False
1785113830063,Zuki,4NHZpMFSPb7Wk7DVwJEiMR5bu9EEe4WPMFGw7Giypump,1,40156,2290552824703,239405000,1365099754,1.125695,185729003.462173,1335144035,1.149415,3ecJVPyc8LFCM6FAH1ZeA3N6S4fSBsRW3i9QJZhxRNaXbLwxWFC3NT7hdipToFH9UE2Eyw1TVcPFDgZ764hUrpJ1,0,1,0.7757941708075146,False
1785113956284,Zuki,4NHZpMFSPb7Wk7DVwJEiMR5bu9EEe4WPMFGw7Giypump,4,18776,5564621992427,488820000,2231182650,1.742363,409184549.403961,2073568675,1.664384,2vKgPGkoyqBbvk68ryNSAxbqjb1NPg4rCfLDZTab3pi7FGYcHr7UF6k7uNbQaLJHjJkrMR9MMEZRgtt1hbA9pnfV,0,1,0.8370863495846345,False
1785126429795,Cope,J3paaPgR47pPs4E6s53fgHeQ3gFC3uzLj7qexug1pump,1,1768,12824602267758,2023600171,1475856623,-0.547744,1146394505.617706,1098919503,-0.047475,2MLLdce8zgYXFKMt2Cz67NzvCFyU3eaMjL7dRvDDvUfw7T4ce9CkqB8y2ucfFndaep3M85xRWSw1aPG5TGdykgh8,0,1,0.5665123585412595,False
1785126741470,Zuki,DdRHJPGjuJ1x1vZknwK792MCDXx2izcpjNHsSB2T2x8o,2,23765,2591204363037,243756021,824640546,0.580885,120764792.699928,941869350,0.821105,446dBwy5sCboTnwYVQC3CuvxJdD7xhFMkG5RRM5k7f2SLH6zdaQTuySqB8nWkqwGEsvt6cM9vXxgbBPkw4u6DuZB,0,1,0.4954330654253993,False
1785129870748,Zuki,3KGPPuCmHBr4CPuttpJLtZfQXkjNqaAG9cSxwbNUpump,2,109975,5499890955874,478810000,2223634924,1.744825,364744442.401649,1601125775,1.236381,3fWquVNKznqFT8nhEkCR2KXTJdgDZiF2aqdkWdeVaXq8Cwk5Gn1vJQkASNmJxWBR96dBFV2Fb6poEQMcTT5DokJy,0,1,0.7617728167783651,False
1785130140925,theo,66XdEK1EMyMNUKjAHKSvUyuJAxNWwiiWWyc6157ipump,2,9781,3598173357641,527210000,5809846803,5.282637,354954594.298431,6830550973,6.475596,33qmovKpC1vTCx58bh8xh8EpBiz2ixyQCFCdvVWdXUzUasMjpB7uBbRd5qAouKL5mqM6cT1h74rF8Exh6hYbvr9E,0,1,0.6732698437025681,False
1785130718921,Zuki,5TFVdGxMc1acnXYVb3t2csZpeYaeHmnmhhtecPNSroJZ,2,15314,23665943347743,1730538413,1501089739,-0.229449,1568046340.600685,1699481311,0.131435,3LvZhxbiR9R8AbiP14o6Fd3HEcuDrQNxZoGQ5PwJqncFHa3xXxFeiWcKcafxqKrJmJSPr8CN4aZnKDcX4S8J9Dbu,0,1,0.9061031692919057,False
1785132626826,theo,GryL9KAqVjX6iVxkku4EvB1GRXZdYbrde3BjTWRJpump,3,4329818,10742390064374,790815000,3874380357,3.083565,774376979.773376,3240111637,2.465735,3ShRapGGN4L3z1KVMDwJNVPQckKAjxYQBPg3iMKLXDEkhf1W4nGGo8s6rr2xf5aikakARnt2xuJ2JCiLyGL2jPCu,0,1,0.9792138234269405,False
1785135317952,Felix,DN9bckCNfLWs81tVWzEjqfGeze8JSkV2W8MLB3wCpump,1,7304,7630596730305,339382149,320707227,-0.018675,327302223.925018,322373639,-0.004929,3834CsK8LoEGPpBb4ghh5PaS2txbhvUF9jbdpj3zjRkpxye8Ju4TEE2AzimLUYAvDMK89WfBppGSLnTSxjyGy7GK,0,1,0.9644061271031024,False
1785138274909,Felix,97hRiZYuo4aA44Vbjop9134WZzW7ToNA5P5UwyyFpump,1,12832,9979725581483,463769931,431650766,-0.032119,394519378.607857,276451867,-0.118068,49fYx878YB5M52HXr3p3xPZJp7F959SRaVcj7Nwait5QRFXkqXxEUuvPXNRVHdYq46Q7Z2ipJxPja1iQf4uzhtkA,0,1,0.8506790808045228,False
1785139409653,Felix,HDC8x2hjeQFiv1JVq84V1DoAEXTevtFkjHEewJp2pump,1,21055,8084167424943,1013141383,534725023,-0.478416,881220195.838814,416455901,-0.464764,HaMkzzHex6WUBMvNmMofpHHH9HBdFEQetPt62MvjCYQcrDJbdvtR6LNnPQ8fPwK35qvYL9SsFjixkT39ivWDC2q,0,1,0.8697899529377077,False
1785140671084,Cope,4xyPR9zEE1rusiLattRvAtJWNFcswbstTyQ59SPxpump,3,63822,13205587069741,558872704,1349998245,0.791126,436182276.39122,1174525191,0.738343,4jzAnqYtsYCcAvJuo7jQhoFNxbMs77oZsCw8HjgJuwmnGnvbw5gK5wJjCQUrNofWwmecQ6PLAYpZP67jCwj7v3pt,0,1,0.7804680265637378,False
1785148258800,Cope,8vLL7XbRJ6k6DyEHhF3EojSQPKui9AFDL2UwJEQJpump,1,1830,29966540734952,1266409503,968605404,-0.297804,861905450.598083,815071165,-0.046834,4AyXnPkrViHCMZdQZK995x7VPtjKjCeTWMaMpLfXjdpeGiUdn4AQ7CMaK1DaLijr8jJGFthnLRJuAJAjk6QjVF6,0,1,0.6805898475621933,False
1785148266454,Cope,AWRYBFNsnuPwhjkvNk7FUKqbrTNLzq2rGqJ8sbEmpump,3,5785,26174456821681,1372797979,1028128317,-0.34467,920899356.706165,874550450,-0.046349,3NADqustwVSjXkuE9HJB2ouyGBYSq8FRkezDfeqcxrCmRYYrgshyy4oiaKEUraxXffP3QGuRpWdr7CCSBtq6tvjF,0,1,0.6708192835314226,False
1785148268287,Cope,AVjqkkDysr1EiDoJ4fZSqUToo4ZpaPrLuJ7QXjE24eGa,1,13396,24605281530095,1266301265,697323751,-0.568978,718715756.343788,686170777,-0.032545,2YkVLNZyJmqXvbhbGuqzUQciHi7jtaryESyaNmHhvJMAvzsFwvpnwExGbVXc1D4xaetnUopbmHGdrFngWR2hRmBz,0,1,0.5675709060780162,False
1785148428457,Doji,6XAufQ4XzCekZA9KB8ZWxaudGJ98FdAkKhkb9C9ppump,3,140930,20222672149500,5857970786,255255715,-5.602715,4855324624.358765,243530567,-4.611794,4kDyKosiBRAjw4xJiKUC1vWoWaorFPCM9r94RZuzcTev7jeDD14Ph9VoVBTooG43RfCzq2utKbPhnfDhaYjz2rub,0,1,0.828840702989256,False
1785152590571,Cope,JB3YBxVcN4mHspWCKwuyz7oi7MmZrdCoY5HTyF8bpump,1,6578,31504826515190,1766855286,1077516269,-0.689339,1277241070.675354,1077462153,-0.199779,5YDSokZFvSsYCh4TNz7RnCcLFBFYDBHVdB3EKZphUAuej2fHnaATKNHTCKhU5KTAhw3TkjGtYcvM7S1yPrmcWovW,0,1,0.7228894640074977,False
1785158493666,Cope,Fy26W7Lo1fktq8arKZTUM5MddhhiDk7RUyJvNDvGpump,1,6084,9329007164181,1265966137,1042922714,-0.223043,877627938.572289,894530662,0.016903,4WsiBTN8DJzaUcEuaKeua5kDKR8Msrd8JMwcBqYkQCHFQssJWPRzFDwMqN1S7MH1C8mzeUjHk3gdCB1JX4uNhr2X,0,1,0.6932475624127132,False
1785175568178,Dedmeow5,8rFxWZ7aU3f3YUFtj5jYmScHpbwS3TVoBKmCJ1e5pump,1,3750639,17229117760405,523329134,468549414,-0.05478,576969239.904102,474096247,-0.102873,oeZQvCybcQC9t6hXgQQZHEnb6idfUsuABEWAnbaWCrYxarYtWcL3jZxmq1TCDyj98xG18ECd2fUFPMVpYDnS2eH,0,1,1.1024978401147105,False
1785177303518,Dedmeow5,4tx5zD9MBnZoDReiWqqpeYCrZzDCvA1wkPej5isdpump,1,382114,29356186384849,1022043272,830109117,-0.191934,1032810307.090607,813105939,-0.219704,2UfETpXpmkpJbxcUNGdyG6HqmzBPw68aT1bQd31DVak23j6M9yx7GnPtVb9hb3Xy9HWWyVhKiRG4uCRJhbZk7rA1,0,1,1.0105348133347989,False
1785177886516,Felix,5CwRE3EWUPVZtfv9QBnH2pKZu4xqvhsiLMEHY6AUsQ8y,1,10374,8555482230481,356402910,278905555,-0.077497,288631227.695534,283076878,-0.005554,WbPGDAgoMkyjWEDzzPpZYLrFJ44LAKUyQRp1hYg5PdUWtDLRwqypEo5yoAVvpm4U86AXPKrW1XeTD8DcbwgqX1f,0,1,0.8098453171876009,False
1785183062739,Cope,BLJ4QzaUhJLJYYGbPfu1C4fFZ49oQE1euZzHCW3epump,6,69284,10602611403586,502613821,1174245221,0.671631,425238074.527214,1049783564,0.624545,5ckgwnWHqMFr4129CcVaido6moi5GwouEzYTxPRaYG996DzwqAvKDsaTWCVMTR26XwUcZQ3rY5PT66TNs85ThqAY,0,1,0.8460532853656128,False
1785184047766,Cope,DD21T9c4x2diMmT62DynMqAkjWR9zKLz6cu8VbTmpump,1,944261,6196233270844,845597879,428793416,-0.416804,491654361.325188,416415621,-0.075239,3yLsPZs8HAKL1eZzFy9cM78M6etpKjGScMzfLY3MsZzZfCJ7eiW7gGsTnkYrz6LgXPtokSUxyWGwC7jHMFNs938i,0,1,0.5814280919278275,False
1785184773638,Cope,8PoLji879M3Lmoxvmm8z9HDB8qUkFhaWR2g4AMwTpump,1,143440,1464306739011,453602125,1609124999,1.155523,376567145.448959,1751757623,1.37519,5ZW8EGbiNk1drTkq5c6xGqZb9XLHb8BrydD7nGS2SQfG5DibjHuhLFhcLES6KXgyhJmAWuk8QkB2fgCHX4HwGsM6,0,1,0.8301705937752364,False
1785189972752,Boomer,EGV1kuBESY8C2tDABCMSWQLaZYz3R1n5AX56gedbpump,1,881393,2995631383273,109305003,745983858,0.636679,107386490.852318,737204878,0.629818,3QC5GC5Mau2R9onLYgzXJXb8YnhNCzuBw5eW7HGqe1FT1ZJeMh3Yf5uNwTx5KmRxBgKhFC9phzvTjG45ocpTzdwR,0,1,0.9824480847625795,False
1785191114810,Zuki,6R2YY4A3CyE8QuCht4GmKJevnNx3Kqz9bRrakzmBpump,2,12959,75865438619128,3710484080,1255564748,-2.454919,2874579913.083977,913116421,-1.961463,2YcPRHJK8iC8d3fztohZf6uV4y9Z5gYBkve9coQAPoMhqWL74BmuHRYaCdUDMDQE6H9NkS4xVv9WgpUSSMjDVEi9,0,1,0.7747182985040532,False
1785191144562,Zuki,EJyiSM43Q1rsnGUSCpBaFiHFJu4ayyiZUtcTvUCRBUAs,1,10357,32746785564604,986050801,1115220772,0.12917,952393240.80772,890664998,-0.061728,2kD88hC911XrYeVJLRqHWFpwxfUWfYhYGbuhUPGfeBa7nH8DG8xigKjqDzf9vTk1sxa2jnEGTRprKkie8GUj5xgV,0,1,0.9658663020625851,False
1785194971593,Sheep,DzF3D7zJuCZ2jXtznbmHrqwRw84ucLBasvQLSMompump,8,53202,29699608116025,2216804340,1917311866,-0.299492,1995522896.304016,1819332909,-0.17619,2XgfmfRcoZ2BTCkh7LK226uo73rgaujyMQ6bvJSY56uzDHoX98tMzxyqsjy7WjTQYSRPHxro8nKgY1hEVVJjQ1d9,0,1,0.9001799844473491,False
1785198247149,Zuki,GuaanQF2pHGyBns3CZq4gGMBUFWYC9TNa46qZ8umpump,2,12276,27424326969309,903037153,1006002280,0.102965,826728165.737469,784541709,-0.042186,5JVzcWdUehZruEhzRy8MwEHBzLScV88JZafyoDYejjg3Hx1FEHxNxmPYGm9tcBCTnDL9JWJMimH4rhxb5HimgHLA,0,1,0.9154974000692848,False
1785199877767,Zuki,5nRdv6e8xaTQXhbNVPeLKXrNGLphkMGi6Esh2HEipump,1,14588,83372938585436,3471079080,1500339311,-1.97074,2678171195.037342,1165356161,-1.512815,3VFR81JBo6A7umcWmQn9ZWWdMaQzVFnNDKeraNzDgiAN3wbsyKoGNPe62i4r9G25xTfBh58XHQxV2YhqDcBvyCBn,0,1,0.7715673233919356,False
1785200112588,Doji,Cyu6WXevdPoRw2bT2uptfyuq6Je3K95sJZrhi1WzGkmW,1,10569,8148984616680,705199405,232383099,-0.472816,235595415.299389,230420827,-0.005175,6SdB1RDrrBMUhbweN1Ve7oz2vSA4A7yzzikEdWjxM63HUZv7kRD4rRAsUUgrbUWJD9Ntj74d5Z6QKtUufvCjeXo,0,1,0.3340834005658144,False
1785201784850,Zuki,3nE1DeCkzBDdQBUy4UXcqGD1QA2QDUTy8HC1sYs1pump,2,16335,4381251563776,478810000,2234290235,1.75548,262373853.710655,1503892533,1.241519,JqGh2qPJa9pisJNAbz2UDswHeDr2R4nqQNDep7irqCbWMYdP5u2oUYvrvvVx7kSJwG4LGbimumDwt5HkArcikzP,0,1,0.547970705939005,False
1785210762844,Doji,5DR3EbhYdhY655ST7aykUDd192Weo8YNNiY3fKpspump,3,98005,16293437329427,1452198120,497607763,-0.95459,496623511.916096,454544256,-0.042079,549armgXmrZZyrAzPEfDUCoZ3ntu4m8ZTXMKHFuQDRZw7ko4WdUAbiktvyDRgaBiW4YwZgB6Wu8xNvoMvD4aNLWN,0,1,0.3419805500891958,False
1785210791712,Zuki,BYL1io2NYwShE9VWVM3jsqw2BJPdTzvBis1VTXBupump,2,16085,4057538993232,243812771,1116433991,0.872621,155566218.408203,1142178622,0.986612,5XGgbEx8dTPX8nPDvGDTs9SS59bBq9SR5YEJsh8GzkEUhuugffMN34GNkKcVCfuADMyAPFb6pEynz4MYb3b8MyX8,0,1,0.6380560697052371,False
1785210982336,Zuki,GnjH9PUefdr1k7GawAr1tMgtZnrHTD9DRhPrZbPZpump,1,65308,2590305650631,239405000,1613131444,1.373726,211534107.937065,1167402503,0.955868,3pvG1X5kGm2PGEvkbpHL4xqf3C9X7BZNCLusFD1hTkhMujHoxMLHn7oPkWdBQSdU6DJS5yccx7PJc8Qy5DRFbqr4,0,1,0.8835826650949855,False
1785211327976,Doji,6EaQReNSzJpSx1BqnMjGFeVPEVggSff9FYnLwCbTpump,1,71211,15245697022551,1709386518,1000469279,-0.708917,1606092135.256195,886741466,-0.719351,272Rnn6KJz2JiZrHzzQEjRqh9LtEa951wxyQwR4AbGFHkpgoCFqyQ8KbPjWWpCWXJ9tQuUpLTXWAXbQFG86zmP1Y,0,1,0.9395722490752645,False
1785211370468,Doji,BKwxBvX7mAD9ei6KvKShBQV5DqkcjnpyMH61NYMmpump,1,27195,8919107109803,630347118,508230980,-0.122116,548999180.550613,598921845,0.049923,4s2RSoFF8JiZdFMmLFNnwoqEVmqZSvP3J4BHdgUa31Kr9VTR9AY7eWZ795fmXiaxUxAVJEpUfrR9gZsp67AgMWfe,0,1,0.8709473952899283,False
1785211625990,Doji,GpC3DPG2XnPZYeS8QCCcpNpYhH7bSaREJ4JEGShspump,1,26238,3980861741649,440856421,584817717,0.143961,414130122.765938,689022673,0.274893,3okC38VrYoRq1FPF6F2hiR5oQyVwvE4WpAnqUxjvaxoA6D1hEjRZ6FHYCEXXULgh9mDpWTxPXtipTvLZPVf2q6zX,0,1,0.939376411545876,False
1785212096144,Zuki,Hwf1snXGde8d4ZWDmxcswXk2Et3Twkn71ZgqH4puQaj,2,47324,2449525228798,243807144,1532670322,1.288863,204289653.241074,856370663,0.652081,3REJa91ZkEspUfKth8oLYVfxBWDgevMAPD29eXsvDxxdxMZ8ZbYDQPvz3rHEJAX7UBAoWXHvpzfRBJFW4LVhwyZu,0,1,0.8379149597071446,False
1785215982484,Zuki,6UCW3bWeoTZ2foXxq5cxtjPcJ9okadVqUV3VQ8rBpump,1,20455,3655870049691,239405000,1098132652,0.858728,214063276.33049,766052726,0.551989,2CoWcBSRCMhjWoAosNtR5EkdZwygDh3UqBwktK9WcC5YYjt8y1H5BY4hfveLBiSm3Z8bjajBm9P6fKvW5eh61mdT,0,1,0.894147057624068,False
1785216098419,theo,4Que5KnyrR227w3KU9SViawjvdPmcihAdeqhSar4pump,1,8792,5127997440141,263605000,2805954498,2.542349,190471827.481918,2850733862,2.660262,51ovE5V8dSffAzFtbECXgCq2uhgmi58KpFrkok3QaVFT1jCZyeW9wE4xgqJZCedwvVKRPfDovGsmTuTttXv3g9ej,0,1,0.7225653059764344,False
1785217068575,theo,CFr9AmtH7zWRt6hGMfHqp79jUFdui2naDs1GoNnDpump,1,4110536,3771860128355,263605000,2907793641,2.644189,177330038.485893,2477430173,2.3001,48hvJRBL42anVtE5suvUw5a94FnxmbHDVqvweNWWJF6B7eHuqF6QvdpXxEAyjibzLVrbszPpR4sWRc34R6F3jELt,0,1,0.672711209900772,False
1785217933162,Zuki,HVW97eKcoxetQuzNaMdS5zUPmvEj1Cb4SwBHHdR2pump,3,35394,25579963150329,1476333767,1187241788,-0.289092,1298384511.857697,1094508445,-0.203876,5iPERwMWXLuhud4gKWSoVFrhCySz4YXoqMQzHZk2hga51SqP7hB2g6aGrL4e9zDVZ2q4Pit4u3aHNre5bpod5iDt,0,1,0.8794654304331827,False
1785220228472,Cope,CDs4iCAQsLc8UNzogwk7Tufb7MhmtjmGR83azbqrpump,1,14257,18611720523804,1266062210,974844813,-0.291217,1060652904.085876,1440790866,0.380138,URSLMQ5hNSCi5QEL43SfZP8jiUW2v8TQUAUWQ7n4pR2SVwyaKnGFbNMfQLwEM8f4MpNDJg63u71nhDMR5yHCdw9,0,1,0.8377573358625687,False
1785221492320,Zuki,7vPh3L4F2jkhFv1dDXPsq8SjCsPqqSrsYtXcN8N2pump,1,8101,4819475112382,239405000,1212548240,0.973143,228950852.192406,1372887398,1.143937,5xzCX4puYicW5RPcoVaGHBPrHm2hdnY1D2Ef2yGAZzg5uFmXiH2NVudmrDu3DL286poDZ6SVmp4pXeKbgM61fvgg,0,1,0.9563327925164721,False
1785223430887,Zuki,HsGkAaFqpoGLJZ48syNN85o7oWYTYEwxhpcWTQ9mpump,3,89914,1952514019543,483815000,3066216426,2.582401,404062790.637054,3278771602,2.874709,2TprMvP5jyT3mPPXsHU4JanxXDJ947irdnbJK9WADMmMAGjamCCRxrYbX4chSemgpyoBX4euBLHNVGdsW8kVzTaa,0,1,0.8351597007886362,False
1785234754941,Sheep,ExwcJ3QAvnSq5YCtLM2jj1qBML14f8sSwS1HCpt7pump,1,3803,97545454545454,3048961680,2253932108,-0.79503,3285212426.143555,1419323788,-1.865889,5BNdRquwgjmkrehN3gTAmKBYfDn7duX6DdSYYeDMD1DPWtVByxEqs5hgfBroza8rH84bxbfyCfPML68KNvw9ZiQG,0,1,1.0774856396829346,False
1785236295946,Sheep,3C46N2g3UtMmg1iXuQedcoXmddNN6GtERWSWDY49pump,1,3841,97545454545454,3059663100,2050423515,-1.00924,3223843521.185593,1394677188,-1.829166,sKWK9e3iLYU2Psb4NAmrRu5YCCaRFBT8oH3SMw4VkKS2baGjchjysrMvYABWkqoZxbCv8rUWvXeUnEhKvQSmJ3Z,0,1,1.0536596402347673,False
1785236421922,Cope,4pFjKAQ2TJUyfwxGuqwfGbgEaVwTsLkoxarpV1UUpump,2,55748,47263365073068,3884263977,2931728457,-0.952536,3203651678.148117,2789383557,-0.414268,3WW7cvx2wjARQrU6DtYidQDcWQvccFtqo8RgA7QPn2REctQK7d11whaV2W9ke3AqRbGx4jQ15dmkBNVGzwt8XtHx,0,1,0.8247770226529373,False
1785239464891,Cope,Cj7bFRcgd9YcWbGrhEuydWsV9iF11f3XutvKoDYFpump,2,109805,17795512850736,2698778473,1845376371,-0.853402,2444835388.40596,1662219133,-0.782616,9fdiQeJxCqEpRYrRRxoxQzaTYAep9DBUb8vunqyvdvBANwdpRdBKHCw5PBb6YBRsnMqibSQrTbiQ9dwnEaZNPAx,0,1,0.9059044352344514,False
1785251376434,Cope,6LhDQmR5ApQSF9tcA16JwqRRsrR9QbqBFZyKwQ9y9Zsp,1,1836,21272795138307,845397102,660493057,-0.184904,606795994.73901,583203620,-0.023592,5T4rgwebf6CAtHFW7KnorDJxRmMpNShAzQ6fdNQEKciSerhbViEk4tgCE8WfSr3y4HoAAYgFFhdXHQVAYnWdSihs,0,1,0.7177644603979373,False
1785251378603,Cope,57CkWPv5S7dqyihS6TcF7qJoE1RnCQmVTFhNhNbMpump,1,19441,11642006548138,678290091,811662887,0.133373,334516442.188866,735022192,0.400506,23PLL7JtccoE7bdPrpCkSog4ioE76xV1KtkePMF9B1ES6dYg9JjGUiWoryKtieU9sps4ndVF6kpCimfrsENdDqSQ,0,1,0.4931760711640206,False
1785253203602,Cope,EXg8bNVe2WMWhSEbQSMZ1RcNymbrXaWRNujYVau7pump,1,5904,9055613521640,454199359,942491329,0.488292,332503759.001877,739504149,0.407,35vkQCV7QsHY9Hf3cENTmmu8nv7JzQiWwcJA1a3dKtQ5eENqcaupSepim5pAMdECbnBHvXi4mqq4vb6rmKrKWdF3,0,1,0.7320656720739164,False
1785253828543,Cope,BUHZUNLMEBdhFAvrKNbgbYULN5fRCsisrJXSb6a2pump,1,13985,9794463803908,845169802,275279585,-0.56989,303215021.002338,301088857,-0.002126,61DxBRFtyXAg6ZaCrMGCQHRa5GhtuGDmG5ZfBz6yqfy6JYfWt6eRtfsDRXnvFCZ65zyQw4Cnnrg8UiU3Rnhck1Sy,0,1,0.3587622514254692,False
1785254649187,Cope,BUHZUNLMEBdhFAvrKNbgbYULN5fRCsisrJXSb6a2pump,1,814797,13811210587242,452513094,401661946,-0.050851,433188480.610489,381428143,-0.05176,4b43r9nnYrYKdQyydfvycz69DXdRvz1LaTwVW7TPhrGiPMnB4ARMPUqjdCyPDYBUPF1Ms5KRAKjLtcb3gTer4Xvd,0,1,0.9572949078253391,False
1785257465985,Cope,8StZTTeAbnuMkvxpoijD3JdjL3Jq3HLJDyVrkrG1pump,1,1834,15759419686843,1266614730,642884241,-0.62373,1237182438.585442,1187026244,-0.050156,62s9rz81fzZxt5vxMuR64oPgW16Av8Sjxy86LLXsqmdXAXWNysMwjzVcpXxvvELmuWXaYhMBR8ipTPpYttZ8ABoP,0,1,0.9767630276851763,False
1785259071820,Felix,dog5HR2LAffzwof8KyDvt2T1vUVYvbFL4bi7ueAVJRQ,1,39239,33586313863822,4004079081,1164871841,-2.839207,1839883327.024872,921525753,-0.918358,eCW3VnZfVn6w8ai39fuEwocmzP1X1a1SSJ3XiHPoMEim4E8KJwpnKSRHYntqbtVScfozXAU4skJMoLZqrbYPywK,0,1,0.45950224503692116,False
1785261263637,Sheep,gbAei94hfwbi6TKCQxMd3L4rsEQRvFnnr2EakyHpump,1,17921,20295288107984,1547991345,805712871,-0.742278,1173472391.775848,871881743,-0.301591,84UJmZxn9iqWrPZLWqCprkCSJemJz2B5zPx8tab4L2PZ3WQLcnubBzgGPqbe2pTyxA9BBD1o4N8azYLjL32QCHy,0,1,0.75806133901598,False
1785266634394,Dedmeow5,2mGbiNWNb9wxoCHzT8PihyooeKqXa8ZwjvuDo8HJpump,1,210046,14075805465457,523329105,420140503,-0.103189,605766509.595192,459339143,-0.146427,2NpUmTv3Bs8uW6acjvFiPuomyNYdWq5sXZNZ5WBjxEHb795DeDiBbXK8KRWKuZ8zKVdXPReU6axAaaTcng9gRift,0,1,1.1575249757897412,False
1785268799560,Dedmeow5,4TvLdMKfgNejPBhy3shRj1TcjxVTkr9hSFQawCEPWgLC,1,14076,26619407960049,1034579179,1017384961,-0.017194,1005179204.84317,952124437,-0.053055,2c3WpuECEt5B7W7PZeuXnNURiquKzELPXbHikJHV3vtGbKLxN7FUUpPYxf2AE6Udxox6CgsdBxAxMimCzAKhJ2Ms,0,1,0.9715826736574699,False
1785270546104,Dani,Pcfd9ZWNmQLhqpSa2UvbgVw7nxya1BW8W7ovSecpS6i,1,5698,20650283564336,3033649245,2915723304,-0.117926,2174416156.256676,2439040971,0.264625,2TyFvboH2Mi53p4c8io6oxuD7bsvB1XgQh6aMixoHXHu3WArabEKtQoQZWHUriwT51yVaHdjBY3mwUUAfNaFLmzy,0,1,0.716765842274121,False
1785274177898,Zuki,3DG5vT7quGCAzLkMJ4BCCj1kaQ2odnDqQXffqCxYpump,3,34712,22678998485825,1391312848,607918472,-0.783394,1263525828.350342,743983231,-0.519543,3knm56R1CPvK17gidbBc44KcfduL9UdBWEpggcsewx5wZdRExD7kqvbJzX8fRk2vv7iyEXFrqpTwCG7YSAjiu4qH,0,1,0.9081536407621401,False
1785275295295,Zuki,3DG5vT7quGCAzLkMJ4BCCj1kaQ2odnDqQXffqCxYpump,3,630011,1696234881322,249415000,4858939981,4.609525,233229781.797546,4633780108,4.40055,41YxW52yFCt9QxjiDep4M45meRu73cm3y85aU5pXkxYGyYtHQZyLueREXh4GsMP6bthPNtC3MnHU7zCgnCun1uvk,0,1,0.9351072782212216,False
1785276273280,Zuki,mhFFF4wSCjLjAghcrj8DBAweidtFZe1F9N1tpsPpump,1,13529,28045231028614,1225002795,1384814566,0.159812,1126180259.498795,818941117,-0.307239,ZmMdFQbyx4CR47CXfo9KtgdF3SJ9q7A3n3DsSCE5SwxtFpAnkAUFaqAUugXoD9mzT1owZQ3gCVcMxqo8p6uHsDc,0,1,0.9193287265102077,False
1785276879798,Zuki,59e5ctkeVUPHPiVnu3Xt5dykpqYYWBmoFZ11bPKppump,1,24581,2276050854067,239405000,2160925868,1.921521,143937121.451027,2591450427,2.447513,2C6fb1gDcGHKjxXSrHtTaF9HMQ6pAr8tcMTxSb6RvjwVsqUYszxE8aeVKMF42dXgePREtdtcQZDp7YVgWC2H5Tq1,0,1,0.6012285518306928,False
1785277529976,Zuki,7pHSzi4y5VL8ZKUBfMEqKuu1XRVvZxsjc6jRfuvCpump,3,123377,4558343367003,561604073,2684824016,2.12322,468204569.58577,3388789731,2.920585,3pzQH3wDVYs99LjDL3V4RqvpDQDriUtgHj9CDN6VHRMNJGuvkohnVz3H5WtY6wkpUaCKdQ82TFwW4UE4p4RSmciV,0,1,0.8336915490742355,False
1785277884306,Zuki,7pHSzi4y5VL8ZKUBfMEqKuu1XRVvZxsjc6jRfuvCpump,2,180716,1715489137319,244030551,1908715454,1.664685,227728564.765953,1806898799,1.57917,5Tbgsa5Scvsq4rMVXnrqWjDp5mar6n2zjjNm4Kyp1wawnwjAwFUvivqYjkac8N8mQstZBbafVZMUxMyBnNk1SJEf,0,1,0.9331969453527685,False
1785278571826,theo,2mkLWpG5qZdCAzLc7vcNaqtWJjjNpPVzBZvhM5eFpump,2,9815,6367657279291,527210000,1821528545,1.294319,347194133.037262,2838483174,2.491289,ubYaBBQBw8bEC5mqe52Ysh7zfLiw2czxDnmuzY4zzqCERmLio3pNEj4fEKavP4sQ4fkVUdbjEBDqbzaxDJ2DmHk,0,1,0.6585499763609606,False
1785278955046,Zuki,4tY4TuLzGPjL3CE5a5LHPMWMeKVdXx4ESj2JvsrDFRkh,1,13630,965694136895,107033675,1406547540,1.299514,83808333.410194,1017850368,0.934042,3TR5DyrHyYgdAL7s8TTvGnwMNLFdLydLmbJTSxkY7Et1G54UwZJjm75af6tKhC61RSKWKS82W7YW5dwraHp8uXQm,0,1,0.7830090241243608,False
1785280341525,Zuki,3cbMWszF2Cvya6d8XBKm5K1zxL5ugQkEPWWxkXpwpump,3,28732,1168233369403,249415000,2772952185,2.523537,191275396.629532,2462334023,2.271059,4fnMW8UBD2QPeBSTyzejsdUS6jm6xCfrjJh3oU7FMGYTTEzLV7NNWupNSRofVam31ZCPvTK5pHBrMLB3TaG6oTdY,0,1,0.766896123446994,False
1785280427916,Zuki,F4gGkmpze5hBMzFqSKZSWHsjsSZnDgymYCUDQd4kpump,2,7595,20711136234430,1339868593,1121210067,-0.218659,1002809101.36837,880579266,-0.12223,3S8Q7rENUiSGC98cZZPLRE3ZVjVXx4YrL7peo1yifwJ8dKWXF4r1pkmNyc7VcghWEEdxEMXkJUBDG1URg5Xzh3td,0,1,0.7484383965766783,False
1785281422593,Zuki,CanxH6xrbDv4ax58pijm6NEWsAgufoCKRerb3iLDpump,1,293756,3866561363646,239405000,1655303914,1.415899,161849148.000664,1486177956,1.324329,tE12hbFyPnHp5Pzg9E3PfNgNakThfxxKyBthp3U1MiMuiF7X2UdeKjM1ngUUcXw5aqdVVp37qfPPzunDEXaLaFq,0,1,0.676047484391153,False
1785281573590,theo,GgthtwGj5fmY6jCP8jjnHsYzgPy2zTT512TmwNeKpump,1,17800,4290528289028,263605000,3382273082,3.118668,195092992.727989,2712608682,2.517516,3Vv69aDi5tC9tud7YrMej3J2bjUwdRQMJxUQFYVYqUibPJAXEvNi9uVhx1BLUR3phDtTfnHovMuBkfGC1BFPdn2y,0,1,0.7400959493484152,False
1785284969433,theo,7iv4adv1hskkBT9zsRSo8WD24aXtivhWRcAZM5c3pump,3,119464,3656800521650,790815000,3268893581,2.478079,629178040.97142,3324479825,2.695302,LUSfgoBikjVg3Bf18dW3eu19XhMqqCpANHQ931khFiK9G2UJJFACGXHR2n8urL4ka9QimyLUCAt6Wz97DpxDpSS,0,1,0.7956071154080537,False
1785285447713,theo,2qhshGNVxFH7s6Hy75CtfZ5GJhd7UuMxhqRVoeEopump,4,151057,18986225050287,1054420000,4252786849,3.198367,811871946.798714,4152667669,3.340796,Rd1DCBwDRPwEncuqu3WTPhZMqiWMK3PuJmwKrmShBuohSWidRjmwLtNbeRxfWTnKMkdyyNBaoX5DZm4atG8vi9V,0,1,0.7699701701397109,False
1785297737303,Doji,CHsvj7h3h4RpFXwfKNQbcUyxEJU8zHX2YqZ5c5Grpump,1,13982,6542621036746,752841307,677894129,-0.074947,683432098.982285,533210793,-0.150221,34dBsWuPdEqMxVLtq8yKw6JErfAB8hZkE8kaQLQfBkeX7ZeypAbyJ8jhTKB2Md8RMTZhM5XQyNvJhJv6aAEXAosS,0,1,0.9078036667590624,False
1785298260688,theo,4W94tdrTkumDzHKRN2oXGMKT5MGKeEHGTEbGYctRpump,1,247376,3872203932825,263605000,4220481666,3.956877,246552698.754478,3088934113,2.842381,2jz9v9Vdc3hRoM1p1JG1HjY7WSaS27cDGSrLALCBw7zXzXodMNW9tR1hjBaP4C3ZB8gNgyBo5qu7AiBAswDKbzW8,0,1,0.9353111616034522,False
1785302242356,Doji,CkGx4GR1sj85rzjwT7gE2He7jD5ycSbeQzm1BnZZpump,1,2053,3186441757544,436044328,730953503,0.294909,412675603.321297,713321595,0.300646,2ya2WCsDqde6NXxYnZzyLSYKCrHAKMueQE7qnXq8J6BVLHaTienqnN4N4kN9uWghj1EZigCuKJ5x18G98QEhaLdg,0,1,0.9464074563568156,False
1785303310082,Doji,BjLCBRUjtPrzJwsL6zgHvJBtTLY8ZAG8vGBU9xsTpump,1,112694,4064000737329,441941937,598086560,0.156145,351103064.989937,554497853,0.203395,4PfTYwwsAbNpEXaJ7rbBRRfLhfXK4sa6KvhWrECc1Dx7vySKkgEgS8nz47kaexxWqzEQL9DxivtUA57ws8bzh5S2,0,1,0.7944551887818173,False
1785303605618,Doji,9ucFjp5rkBjMdGKePofv5Pkkiu1wrw29hiu2siujpump,4,257235,13414098604298,2112188884,1051778710,-1.06041,1770338012.205643,980523843,-0.789814,5Pm6Xoji1aAmPccNZw1YGAdaoHPr2Vg8pZA9saNU4aauMzgpovK6er5H2C8ijEsZBmA94h3gJ3SjhLtDEkNFiCfx,0,1,0.8381532663182233,False
1785303765210,Doji,49dNTuRTLMVAWy9o2ofj7JmfQGVSKCPCW3QUUotWpump,2,99673,5561654738246,929587649,1841790791,0.912203,808382126.779892,1799580486,0.991198,58LG9FSkwstP9XGzX2Wz4CCvfN8FWPwrT9PRfaY4vZSyx1o6pLGmjQ5za5Vdfnirmtd2sn79eF7z33arbqLZ43Bf,0,1,0.8696136697271157,False
1785303848550,Doji,A1h9wo9fwWvHCm8xHn2Zi5GQP5SNq2bN6T8xxDNKpump,1,67802,5875733986627,662898128,446823462,-0.216075,421323202.687744,425809056,0.004486,ZGnik9M7mqhgYQ4sDfR72Suid1fkMZKjd9ZTYsVuXRED4DHqm1of9WDbXpM3oZWEunaAQ5EftJCBZz25bhDYqrH,0,1,0.6355776021858731,False
1785304342865,Doji,DVaJyK6kYFxZWbmGzAaP7iqrGP2UcwUvk8KTymmgvjCx,1,50136,6404584354629,1369205000,1702071643,0.332867,1235226048.001007,1479387737,0.244162,3FrBEc1i64ZUGiYQWaJKyJ1MqJobzckTAHbat8J8xipkcZ3nFx2XKMwJJb2q6cqqNeFfe6C8byWrW6CetBrEEVGx,0,1,0.902148362006425,False
1785304514882,Doji,DVaJyK6kYFxZWbmGzAaP7iqrGP2UcwUvk8KTymmgvjCx,2,101317,8731016006088,947619472,535222513,-0.412397,741402409.697311,518726422,-0.222676,3RM47Dnsq9RFKAUM1pRQVuNGT7qi9Zba4crh1tSmDDTaZmKotki5z5kpKtrJnLma5cSm8sYUhmva5iaMv4aePwpp,0,1,0.7823841020621314,False
1785304634850,Zuki,FeUuHuoxP4LjsSpZTT2ebUW4xoUFj9b3bJEgJ6Q9pump,4,111921,3018454389208,250421000,2526742225,2.276321,155670204.309387,1794648319,1.638978,AEEjSWfqfFeCUcGvQs722qoLqGSGC29yt79JPqPPJDugBJctB64ohPWNNdB8KBunPemojpbaFiRMt2CW1MCJpPW,0,1,0.6216339856057879,False
1785304640789,Felix,Gqo8Q8br1NQRyk5sgAWjAAYJDyDw62yV4HPjMrjWpump,2,26089,24757151902124,1911158300,920963937,-0.990194,1376271274.600426,755311386,-0.62096,4dZX2AkCF4P63PyKnVoNo7yprhTZqdHc9JWrtkoDmHnMm7ZuQVsY7G87r2C81o1avMvRVY67oQZtXxnt7dt2WbDK,0,1,0.7201241648064558,False
1785304745298,Zuki,ABs4hKZTwPrYxi63Reeg48Pcib7WRiRAJR2QRthBpump,1,9717,10551679650075,1441205944,1353135458,-0.08807,1418980614.707016,1354230324,-0.06475,4hB7DAJNSHZeeJBj3nwL125ZUWKPcaeLPEkEiErfJddYSNh5H7LukJBcBfsMTWbwBUvJebGciNGCxWLsH3Q77zSn,0,1,0.9845786583204766,False
1785304798632,Zuki,F3PWgHDvotu4EbnUDkeJRztYYvw1PNzMkPeKzsyapump,4,39647,15499757885344,2078303870,1124607192,-0.953697,1567001256.1464,1198731674,-0.36827,3TxL59vmWAEuv4Zhm82huSmrkJpM8BLqBmsPFt5TT2VaEBGKZG9Eoe4djxFmGe7yLJ1BJpMkWDQs4f9vbANRa4Rg,0,1,0.753980820016661,False
1785305014529,Zuki,G8ModkdDYTuUWLTVR4FAV8orFyZKXccZPhtUvvLBpump,2,17310,14227333758053,1943076599,165105644,-1.777971,1736199705.897682,233736942,-1.502463,3Up5aAtTUcmx3pdXeKbFsn1eaP74DWyU4YuhL3su1xfbxC7Wrt6zDrPdgiVoepCZwfxsrstSqU3wvYWcNZt8wWtc,0,1,0.8935312724116039,False
1785305774516,Felix,51uaudia2CdXGvbwZgwRCRxV7Aigv2oqtkBw88U7PS2N,1,25872,11818759715216,2004044280,1571978100,-0.432066,1821189003.187042,1376669550,-0.444519,4XkeZyVpp24XANgXEXnzTDdfHthiXdEs3Xm32MYKYVKXbmtGwBGEKkvcKqsSD3xHoHpiyt9CeLQPYgMQFCjFNHaa,0,1,0.9087568679805029,False
1785306046003,Zuki,yVpa7TTpyQTecJZ6UXka8HP7BHDRe7Mqir5mZK6pump,3,13407,6979663000233,483815000,2796397095,2.312582,292104563.787987,1844687240,1.552583,JGLeBUmfVpJxM6jF4ttuv5eqzB7nJrRyQCooExMLtCvsSdJVt13QqSvZFvory9x71yNPFifJ8ViMAg5H6JE3ihm,0,1,0.603752599212482,False
1785306506609,Zuki,6FcoSSoPkoSaxmhXeTnfNGAXjbq83GMiG1rWWfSTpump,2,50047,4158704807164,243691663,835004446,0.591313,218626046.671822,616114096,0.397488,5TdDMqYaTWSKTT1DTkx4SKz8jqoXGj4EJ4wiTPUrXUroaWnrgw6yRvmUadqXjc2SqywBbAACpCcu1gHtW2p3YzXe,0,1,0.8971420851267367,False
1785317207539,Cope,Dh73xBNALL9jkGo9MEhaWNnH9DwstiDNuFoMRMLUpump,1,1796,23821791552718,1266042902,772740575,-0.493302,698277461.081161,667579479,-0.030698,4SR6ebAe6g154eN1ZYpCrmK5FFwN9TxnbUtCW4pbuWQ6tvzVvef5AvnEFeXXe8pQGRrrpFoDtdP4MB5R5XbkQEKK,0,1,0.5515432849693123,False
1785317749786,Cope,BWTzJCvmPAVaijRJUsEr1Gh9a68Tmu5aFLEhDurEpump,1,11909,46138287952474,2530117399,1727753184,-0.802364,1466684208.160152,1703520929,0.236837,2YwTueGJmdmbX26CtWjEwDgpuU9ykLmFEKUdy59jvhBdqHVg7ePckGuUUNmQpXKoK9iVniPDRwFHAxmS5Cbc3vzi,0,1,0.5796901790959748,False
1785318092889,Cope,AGBmnqUA9qefsF5TjQ7WFYZh31Qkv22v9trHrw5vpump,2,293177,14938968893594,1944103807,2210722481,0.266619,1886779876.011826,1731211063,-0.155569,5F9n3nzSBaRVFdDGhMkiVzxA5Wye7NsPXoSC76qjivrMqVKy6cF99fjNFvSx6ogbsg7vAaB4m7HXc8jCDdtkHntV,0,1,0.9705139556942527,False
1785320681544,Cope,8mABSkG6is77XeSP3VfhnGAwWtDM4Fm97V1ZTv6kpump,1,517525,9777646900324,1265274999,1886883662,0.621609,1187167753.270256,1654568877,0.467401,3iQBiGg4Wct9PL8CMB2eP2P8xmTEmV3w6wAsdP7FckRXZLXoMgzG2CaUrVrqDvL3cvffCLpPGHQc2sG3XeU35Nvy,0,1,0.9382685615447429,False
1785321022210,Cope,D4ERTaCzbpLLBygGwRE1m6L1KD2ekxjGU3iAYft4pump,2,212355,21113592221681,1295723116,964979882,-0.330743,1129539920.626625,881865620,-0.247674,5JPQPSxFtz9LGw9s2DEtwjmaHnzsJfyHfjGKxP2zQ6reRnrKt8QBgUHZUXgHvB4D25ycvXfCZrmpZDyYMb4NPBGX,0,1,0.8717448247073065,False
1785325981046,Doji,HDiJW1B8kUHtM8qBqVam3dydvuJcDDbAcCM55ZfHpump,1,5085,19785518684029,1756289374,639975923,-1.116313,664745374.990627,559871388,-0.104874,5RnSR1g86ejvfmv7E2bSQMNVaV38wd1Ef3XwC87Q5w4wk54YR3m63BiVCr14u9Acce7JSC6zpwgybm9YAv2QAK27,0,1,0.3784942190230589,False
1785326360268,Doji,EB95SNyX9d9w2ZvroR5DQHWoYAv5hLWjrYNnFo9Epump,1,964381,13960255873005,1983738144,1456751248,-0.526987,1951330320.226837,1382768176,-0.568562,5pj6PeFqFWGihYxP7NdEJkxyqhYSVzPGH5XdSiorxfvZ61Nj3jjHmb2uW6ULi6MbaxkfQb2dnADTFKJs9oD5mwwE,0,1,0.9836632552178404,False
1785326735803,Doji,DD9BFLWkrvpp3KnDfMtJRH8Ca75ptxPrqmbLLSUtpump,1,46683,13055521800356,1981400609,1670394841,-0.311006,1927752125.393616,1998603481,0.070851,3ipXF79LxPHFgfHbnYPyeH4z4yba16D5Bm2oVf5Ne4kyium6nk9uw8yUaNongycsiVyr9T45U38x6Wa9bAbJNDZz,0,1,0.9729239592626046,False
1785326740947,Doji,43Pdwe74GrfsJEBKkjojkjU43Utyf1X8KgNNSBUEpump,1,10299,6356458902003,718524194,445265102,-0.273259,303193543.913063,335776660,0.032583,2wRzfY8WGT5nG8M2Yym2fkGNpEZDgvzQDbcg2kTKW97o3d4E9bXyk2bcvDCAR1Jc2cz9NwoZvhY7Y2w52KkCbug7,0,1,0.4219670631063858,False
1785326982939,Doji,C6tY5WZyTax21qi9m5FaV5B1jxLiA1AdPsNgU9Nbpump,2,638135,6660145701033,1441715150,2011383903,0.569669,1384318884.938416,1885922428,0.501604,2gPugb5bjm8So5PH5fso5D5UzMqV5ftUrRE32R5DZbfLUYMazAAwZKeWX87NakTdymKjDspp8neoqkt5P4EPZkDB,0,1,0.9601889006565659,False
1785327717192,Cope,8fPEg1uxXE3oe68tgrNnfS66FrgEnH9KndRn43vcpump,1,52730,1000197228979,254112138,1161202196,0.90709,230266298.048203,812362461,0.582096,4Mzwgvor7jSnPQ2bVtVCipcgogAwfYZD8SXMtohbTiiXiGmYRP3aBnqXsa9JAsk5HMUAz8Z8ikoDhouQwcnYKQ65,0,1,0.9061601695240665,False
1785327792589,Cope,8fPEg1uxXE3oe68tgrNnfS66FrgEnH9KndRn43vcpump,2,69907,462761615548,104500115,716691184,0.612191,89672168.647461,804100094,0.714428,9ZQeZdBqhsWSSJ5dyTKcEqbGZ8rrGdRDXdVzWMZqbDutpkqjHxjqkBgKBCbp5oXUEmMe8yaRy2F9Q1Z5uFyk1vJ,0,1,0.8581059326820932,False
1785328803355,Doji,Bq7eEJJZ7LPyCe6voeWsU5ZiuEy1tGhGTDWZksj8pump,2,59816,9640190767852,1279694423,878570948,-0.401123,936801121.342857,745369110,-0.191432,2TsaUCDjCFPHpSpuHq3fahRumhyj4XDDhYSJEYCeE34DRSAPEJwausCZoWUpExZy9pfiTFL6MTPGVmoBFFk7wDEw,0,1,0.7320506399853686,False
1785329156562,Cope,8fPEg1uxXE3oe68tgrNnfS66FrgEnH9KndRn43vcpump,2,670999,306680419594,104727077,70061556,-0.034666,98725433.960205,72154173,-0.026571,4EAVqmwis9etuFhRWkWwCnqh7DqXiMMmqeKHAWsREgLmayCaRzsH5DH9qLzE16DP2L6XaP3k3nW26vLrxsEUmYuw,0,1,0.9426925374820211,False
1785329478295,Felix,2oVP9oPnjG3ASkgJY3FTVGHAT6JGfA9MXTnRg2HNpump,1,167619,23102095637791,5002005000,3081972643,-1.920032,3369506449.902695,5789038048,2.419532,4zRJy7o32HvSpRi5ecAMeyrNTawoPW1oUFe2xTXEwEp7pTJmuqYTamAkNr9cMwf1QDDLTNJqoNzxFkigyxqDzVjr,0,1,0.6736311638838216,False
1785330309628,Cope,GiSbreJszDDAGLB7nzm2hv46bZeNkEQJnR1VJKT7pump,2,237344,429386648093,105572468,738323163,0.632751,99273659.759262,618664954,0.519391,5cDc1XForZXqVY1weesD9BmGsqmWX9zcWgMayhfT5psouomWseito2AcCQM72wddCQmsVTGw4AoVzqYGXKPozxwG,0,1,0.940336639276653,False
1785330974756,Cope,3VFnDoACa991DYe987w354sbvmhqjjzC4Z31SoZepump,3,189351,5633408423901,562613692,1025150203,0.462537,513977768.333817,906535145,0.392557,28o2rS9LU2EwDAU7j9Hgzvw8fTqXumpY1e5Zzx6LMUVg8itChn4qypHeueBxru1SXVmaWL6YXt87mrNdfkCxJX1K,0,1,0.9135536081724385,False
1785331202564,Cope,GiSbreJszDDAGLB7nzm2hv46bZeNkEQJnR1VJKT7pump,1,824866,294852476052,58249270,2000002448,1.941753,45134993.692795,1952014640,1.90688,VP2tooyP8Uh1WEQnvcQ2LgXgVNiJd38LarfNnnigEXEbpFS8kob4n1riczQodRmSjJv4oNjcZDHmT8WVxpRBaYu,0,1,0.7748593878137013,False
1785331250066,Cope,BcgmWQVaffUEnfejpVdh4fiKsCF7Rgw1oDzJf9x7pump,1,8605,14388636014883,845391326,420407841,-0.424983,442335998.029713,432108987,-0.010227,QfytgeUmJ9AVEZoqqTorodWoaLWNNTP1h6F8KJwJYhdQXirPfuXQVuvoqC6YkCV3NQKppBvb97wzkgkrhM7CrJj,0,1,0.523232241005644,False
1785337298288,Letterbomb,4HNyogkYW3UeCphGh1KbJmhujYsKYBBoCGWitGqWpump,2,5561,41301388375632,1857750743,982402079,-0.875349,1473768289.857025,929903573,-0.543865,4uuTF2jfmMszrWG6JfhFuT1epLx4rRoCiSMEQWewU3LZbyNQBSzwBvP9bfsTgq439RSWFDufJBJKfDjUAtgAWFV6,0,1,0.793307872657395,False
1785337317069,Felix,Rkde12NVxwwrkLWWukHpV9vGoZMMBgwSpymi8VSpump,1,1868,27985775348958,2004079080,1854867055,-0.149212,803408452.221725,762565039,-0.040843,3APThasdnHcfmwPpeRuMfSzdaPfjz8fPgrGQKYHaY8YUWMgKC7iP4HTUNjd4qesqSt2XRFTUC8NBZwFDaDtJ4nDM,0,1,0.40088660185092345,False
1785338178169,Cope,CFS7NNB38Kk2ZwvYcMK5bQUJFjsk4v7QNfYvdyLfpump,1,122506,10804686742701,2378961580,1194574992,-1.184387,2314915767.10582,1031383852,-1.283532,2DxVpKH7j2Kc8dxS4amnv1r8QCuwyBRDzQTPQ1q6BfzFtDpq2V5LuVH36bLzjtt4qnBZpfnEVVnsoGkh7Wpks2Mz,0,1,0.9730782483279197,False
1785339502868,Felix,5RnESGfbQ7Gfa8jTvdNg3WTFaDqMb5vLJ2sTXBQrPqv4,1,39394,25347126016200,2002005000,911687932,-1.090317,1488499989.520744,728511500,-0.759988,2XLL2vYAtvhSKHJHJEzetR5QLgsNwB15ZkkED4a67f4bh3dpwL59X39voCQxoeJrQCRyauCdr5yBePFegN1pbQkA,0,1,0.7435046313674262,False
1785342405364,Dedmeow5,CFi2QUQKn1oAZWHx2mCdzM9uVfynApu3h7yUtPSHpump,2,2482511,10379393632469,1555834173,1083877882,-0.471956,1647455542.439377,1025813085,-0.621642,3KeXzyKpJfUQoAPo2CYw8Qm5SfJY1B8tXbvb7KLaUN7K4GWdL5W5RzKZWi519dP7PkCCdNosFEABFq4dPUyqzgyq,0,1,1.058888904119332,False
1785342524358,Cope,63BPVEE4taZCKsF9XTPVYhNmyB6cDkjcbZTJkxo1pump,1,9848,35519482428378,1267930833,1000626559,-0.267304,1027088658.584293,961268150,-0.065821,4D4aaTHxJ7aB872E5Mhnn76fnZwwzEr4LxCCCgc82zT1zvdgUZq6tdueLdcik4XGqYXG6wiwP3XmubnYwab1nZJk,0,1,0.810051015286173,False
1785342812544,Cope,ATdhqeL3zLrkyGeNMKiLKZGQZngZm6zPUhYEi3Hpump,2,46565,19059176970418,1944946260,1217914161,-0.727032,1499577440.38073,1511167506,0.01159,2srQyoYdjaYBmYLnq8JE7kuVr3mPQ2jWDh55J1uBzA5f4M4osT5QvdHHEuVn3wDp3Dki9M1yQQKaHF1Z4UsZtRd5,0,1,0.7710122748485245,False
1785342997593,Cope,HWhBWDUQ8XGLUa9D68gsuqaXfKhfNJg9hVmJhHuhpump,1,9989,20508001229688,1266155457,594674050,-0.671481,632047941.324684,607424113,-0.024624,2CUoxbRhSmpXxPg1xtN8dhpkXSSrdYTw2jJ4KRR5W9hkYiTFoWbhxL9pcyTZdnedLsXLX9tQ4xnksEspmzheD97U,0,1,0.4991866818804731,False
1785345357204,Dani,CSj9tzu63Vsd6UgP5kWTCwewQLQoV8fPk2cQJLUCpump,1,33326,5263119366960,1010516730,3685116644,2.6746,926104681.788132,3435070234,2.508966,3QtrRUmm7uxNxqyQkFwLhWxbJC1e5dNvSJjSYvRPrbaCvGteSwpNwUTa7NbCZMeKhXQYt1uMQuyB7W3qpiu6DJdD,0,1,0.916466451562986,False
1785345757980,Cope,CSj9tzu63Vsd6UgP5kWTCwewQLQoV8fPk2cQJLUCpump,1,411980,612765498341,102535687,1151799008,1.049263,50645660.594322,1038658053,0.988012,5WkywxbVrZPZsjgYX4HyjieAndxoGhXGV1DGWcN1a9knnroMP2qqW7qmz9DugpPD8qa9iTLw2TQ4GdZHsAbA3d7u,0,1,0.493932035529464,False
1785352052094,Dani,AvNzjtbCDcXk2SuekEBJTgjv6Ga26Ryi7FSncqKYpump,1,9953,1051805463617,121004999,1364940354,1.243935,53712277.767372,1101087757,1.047375,2DUySZPHucDvqikS2Tg3jewjyw14mtcrpktYfuPr6vXJqxBAUR6t81bpaqBwfP3jt16QV3GH69C5Se6rfzRAZ6a7,0,1,0.4438847833664459,False
1785353596732,theo,14eKdFSMyr3QiKqeCKj9XHNgFQRLrVokiDXb3XWfpump,2,11832,6311531404714,527210000,6918062461,6.390852,490148234.226501,4621113880,4.130966,4CmXkZrFTqaaRWnf8T23zYFkWsbQkV3yo6Uc7uxmC2MAcJP5CJ3dnqqsBJ3z2abrNbCEAVkD3JQhEbxyGSHzBMBS,0,1,0.9297020811944026,False
1785354976078,Cope,D9R1K2Paq3Y3HPHrJFfUj9GE1p2LXDmPZZ9cwJuzpump,1,5832,23817835262850,1357695152,795345051,-0.56235,731526107.813023,692420421,-0.039106,2mAXes3FkYVM7WCZ85yFWbzXZVVcqZhSzgkA6DqS6nCBEMkgGd2q5LvYbitp7S11iF25bij6Nm5eATRa3bEmnAL9,0,1,0.5387999704760108,False
1785356169914,Cope,CmpDbbt4pJZC4zfPcwMj1GTTuHQJPEA5tGY1JPsupump,1,414307,41960836243279,2529079078,974419952,-1.554659,2394312555.918716,915312840,-1.479,4q2w87YJTzm7DLtwedYQjfd5jY7D4Tiyit3Uy16dwt2q3ngaW8S1VAbtW5Ut9mJqLqD7W8JxTpQz6SM7BoQHdwug,0,1,0.9467132035318335,False
1785361471090,Dedmeow5,GvMGqT4Uky19HTxuMKh5ZEVpQKdemvKP2sYZesfzpump,1,156720,1790581197103,267704143,237562088,-0.030142,255629409.900505,227221347,-0.028408,2SxywPsEA8RptukEhR5Ga8q588eN8bJVU8BwtNqBp9EtLeg5abJBHVHaXfNAGrvBMY1ZaFm7p2uC11cmHqjLzJB8,0,1,0.9548952326094744,False
1785363073913,Dedmeow5,8D9CsvfS2H7kRZxbyFQw6aWkBVFL91yA7ASV5v1Jpump,1,9898,11618445762641,523329145,474356220,-0.048973,451118332.512062,441721972,-0.009396,3GEENXZX3xZdEh6Z9xGCCkFxfGWRzXQtn83PN8Y5zpDGYtMFGMRUS7aPmGh2XxHZQgr4hXX4cHMr8Qoez11JEDpK,0,1,0.862016451447706,False
1785365189068,Dedmeow5,FtPWS1mpT4NEN3GbiUAunGdLPfSDo8UqV5GYBzhfpump,1,3712121,5166414925697,1034579132,572249267,-0.46233,1174137634.24614,550918770,-0.623219,5Hh91NPMKbMvEv9ER8yGk8crCUVseViRj62v2v9CStDz9tKMqzUrj8D2yHnnCwckmyedp8yKcgHdRKdi44XjaNde,0,1,1.134893985321695,False
1785367575242,Cope,AwMU6ip4v9TzG8xCTamJr9xDA7ZksFhv5yBr7PzZpump,3,171667,28263819405436,3917362549,3628026099,-0.289336,3103650276.998512,3952345588,0.848695,63WgHHudqy7Tr8mHointuuZ6AN34jwfkU9RvbFyh4avMjiLQR2LLpK1TmdvQVpVxSKsinH5pLvY2yf73XMyWqky3,0,1,0.7922805811759221,False
1785367982417,Cope,4kn9UE4DUin3mrMbitPboqC37qEoqDiGFvbLjFbBpump,1,1030755,22258001289651,1266300645,853882255,-0.412418,1011539677.379082,829111528,-0.182428,5UdzM16Qc4R3sWjcBqQZoFeerkimdu4ZbDxx4xnFya9oBZ4ckqgn1UDq1WYsWx5cXfm7n421FnYdXCJvUkh4a5uX,0,1,0.7988147849194864,False
1785372785470,theo,AnNe5nupj6KTe54EBBjexAYGQo7PRBYeosrnNhqFpump,1,18055,4670821381000,263605000,4509901822,4.246297,230176106.678024,4211480517,3.981304,4iz3rxsof7RKsGgRWq1DR3dyq6G6K6WhMBmenB55hHo8GJ9aQQvqp8meyjvhV9LMgRjSTZx1ZmpMwNW2y3XKL8jk,0,1,0.8731856629351643,False
1785383063560,Letterbomb,CSj9tzu63Vsd6UgP5kWTCwewQLQoV8fPk2cQJLUCpump,2,4128,33970840925533,1855600450,1192271229,-0.663329,985996540.843678,929256876,-0.05674,3Z1gJXbLRwnwMCPkEz8mmBZTBLNpiS5WFJrc8gnkD4xji9ta8AArCFsnvBSqVzFFULGHSsRw55idAmpg8muggXUf,0,1,0.531362525183521,False
1785383072340,Zuki,7B3F2T62ZY3BkLhaP32ZyYhZqtKqvXSPxLFvar7GKn34,2,3810,6260824545869,478810000,2001849155,1.523039,246552060.367233,1173348054,0.926796,P2wo5NLpefeEWD1xyVtBGFwBFzFXLWgMcebP1UMcyYES6hqn4sV9B6mgAYuhKe5Y7JgNR3SAsqgmanorVcHJFzW,0,1,0.5149267149124559,False
1785383078557,Zuki,G16Uu6edJLS7Lp6W7LmkeLto7gE9ca2QE2YXMDGpump,2,3770,19538085310395,2197967030,1670603655,-0.527363,1743253912.682869,1645426084,-0.097828,4ppaYpYvhMJLxgyB6iQRJLqKynwLkAp3SGeoGSCi1wWKv7EgEq3fuQ7cNtQmexZDwcPeLSCJe61UWmXcMao7DwrP,0,1,0.793121047262874,False
1785383144367,Boomer,DAs6uYS7hBLPhuSqibVHtMwF346tGVnQDT7dBczjpump,1,1887,17021691569380,1031629083,693147253,-0.338482,640782989.991646,617827290,-0.022956,3shJvLKeQBE58o4LssM14hyt4SvsH7QmEAREpxYtB12S7A5VTp9TurRGPmzKbnEbygk5zzc77oQTf8cAwRZTVoj9,0,1,0.6211369963788099,False
1785383146254,Boomer,De91tCK4HSJ8moqw6PdUGvXQZK3uZtqR3XzvXvgQpump,1,5709,14190078494374,1031594283,509887224,-0.521707,525884675.459267,510228766,-0.015656,2qgjM5EsHm482xap6SsDVbfUs7G5xxJhPWDk8M15nNXgHK3EvAg75b93SfFt4ikL9etTfnGEJyGJQi9DVLqYFjUi,0,1,0.5097785865291258,False
1785383275048,Zuki,C9o6Lq7Kozp6pJq6R8pXg2jxGbC6JQ3fhVH2o5VVpump,9,185092,5700176112382,747765744,2759573746,2.011808,653603172.108826,2142827168,1.489224,4bPo599ieroVcpoT3sYno7M6AJ6mNtfGrE18PXNDrEFMWG1TjuoaCaCdB7ZV4DjE7AUqKhgNSn2FQxLAsaYsxyyc,0,1,0.8740747718831394,False
1785383316170,Zuki,FKBqgTCc7vBex8RXeKvAKqz42G5aotPwtXi87anepump,4,18036,28223851344736,1314025076,1196489389,-0.117536,1187847261.295898,1023474797,-0.164372,45JBFwLFf3QLjPovFPN87sEzsjaQ1ekeeQnzX47E2GxZfiXnnStH89BQMPfkaYiKHzc375gUg7WVDLpmGUpJJChM,0,1,0.9039760983190689,False
1785385281064,Zuki,2G9JUwAU32hdzeipKxMXLNtdMjftouJ51p5qY5oFpump,2,14174,34906763485267,1355661433,1089941587,-0.26572,1112186046.186672,1184427429,0.072241,2gcWuXmSPxBLEjd6P3CZxqsqpEzK9z247snsiXyi6cgYixfpNjexBa5cZsgAvpia65U1L2o7Lr3hzworgit6vUJp,0,1,0.8204010375403753,False
1785385657810,Zuki,2w6CM3KWnMP4cutdHUi8XhQjn8sxb9f49uFkyTKKpump,2,40138,3266927512888,244410000,1458974316,1.214564,126826285.431183,792563078,0.665737,3im3ZnUW7ah635Nw1eWaHSQdkoUSbAHvgxRbQ7MaeWDub4HRCNAYJZMg8sL6uojfAh9P2q57WNhFTVPbTiYbM7i5,0,1,0.5189079228803363,False
1785385690722,theo,G1dngT5xRYMQPnHrxjwSWCFzYZR7RDi4BRcZVwGcpump,1,77652,4201573228210,263605000,2833951930,2.570347,240296601.857224,1849749161,1.609453,2oS3zRRqgLKfEhuuiNwCDNUqTTxVHPL7Uj7r4MNDk5CNuHAhzabST4Q5hHJL9JcY6C1K2yTdDHr4obTPMP11aW6m,0,1,0.9115783154994176,False
1785385823616,Zuki,12a6Z6BSEztfZVxuMNwHfMBFPoXAsrh6bDCzmf3fpump,2,8933,22675931846127,1260519551,1234611637,-0.025908,1069513635.658463,653966264,-0.415547,23nzYQeEb4q4ZfhyNrWBZxJip6SfHG9v5VXKTV3VvZXbMG9xQaM1DAbXqUJ7nypxtMf3d2HdQkDBYGXxJRr61AFp,0,1,0.8484704856898034,False
1785386300590,Zuki,3i1v2grKXUEQFSr8y1bdHpu528RCYRDyqoDsNDgFpump,4,199161,2123577874381,254420001,3988667699,3.734248,193202121.226265,3229616271,3.036414,3s151oP368vGeZUDywD4XUSQfKFNNKmFez3X4wYwMecfWZPTvQxKe4cU35JZmCx8A9VeYs1DRLbrDmq1VAFTquGr,0,1,0.75938259754297,False
1785386442684,Zuki,3i1v2grKXUEQFSr8y1bdHpu528RCYRDyqoDsNDgFpump,3,16210,2550101163493,249415000,2873104203,2.623689,180636208.216652,2598168052,2.417532,5MmDdBeDVPHebPKbfTdo3SnFTPasC1rNgAQXY1CbDqmfvrHkKj8g6VQHqqdizPCjdxsXkNpqhBS2mY8VPujdCTr9,0,1,0.7242395534216146,False
1785386971103,Dedmeow5,FCXrpzZgWDxBYGYgpr1x2t5f6kRDUwN9VkWH8AVLpump,1,90708,15741115343158,1034579153,983107770,-0.051471,1158970024.534027,1234054090,0.075084,FoYv6ZzadqfUZZzioAii3BZneeFg6LnnjRG81Pi3K6r1YJeG4U8o3DQNQZDWxH2gKzU55upTjkDe1fZPThUsdzL,0,1,1.1202333056618503,False
1785387126622,Zuki,7WpN9YDAf2ozeADWEE5vsbf8C6QtXBfBzWkMydjjcwEU,3,144331,1642858062115,249415000,3102656158,2.853241,225501121.720207,3520103368,3.294602,5aSevX4TMHKRn5byiGuuctFjXgTSobWtPmQYJzdh6WFLn9mBuFk5kzoksM6SgqYg2QSfFiPL7V538fZVMqKJ9VaJ,0,1,0.904120127980302,False
1785387467752,Zuki,kingMrmdcvmtP8jUqTWu2vafDf12vFwwWYs6yRZYdHR,1,6986,26968498577968,1282174289,1290159771,0.007985,838864858.43721,796092435,-0.042772,2eVbbbDXeToBvz7GPi6LiUnqtXNgLnENY6ZWzCs3au5CYo4UNGmQCw9WLSCdA9AhPgKgmba2PgdbPcXxTzAB23hB,0,1,0.6542518171156448,False
1785387517237,Zuki,BDTn7P1agm4WSHSHpsEj7pu5sbtwmrqteczRbjxWpump,2,14198,2483842068132,171206833,1979624519,1.808418,79215749.907539,914156116,0.83494,uMxfBxbk3rJT8cNxFwAdUMxs5pkswHFHiURcYmDTGM8PRAoR11Y9rnKTq5ofhYjZJqpESHnH7769aRAS6Uy346J,0,1,0.4626903524787413,False
1785389308256,Zuki,87VeFoAdm7iBut8Pq7RHTHyaib99DoLZESQepVNDWi2e,2,114264,16366587195,2012000,1742413362,1.740401,1302135.001877,1968640105,1.967338,5FaMtv1nzfq2t6BTFfbDCf3YvdCrXqWXVmJ26XukZdSFkpxrkVcoCAh9W3DUc5HFiWvXYjBKimGjYrCH4pAPmgsN,0,1,0.6471843945710736,False
1785389693701,Cope,AJwBGJu9kMJhc4tGVy6vXkfUhBqpBJQakk2WaGTFpump,1,28099,16040013343662,1266215917,852612000,-0.413604,990797890.725403,1072527612,0.08173,57HqfwupKH2z9uF7SCq2HLygYHgBr9PpG9QA2LU2PBWFB21fkHUX9sstyacqr4Z8hv6sXMT1JDtmCwGhYtCfKzMq,0,1,0.7824873131218133,False
1785390031506,Cope,13MuT8ChjLGAhgnM65PA9poexW4be6agAj3e5jq7pump,1,236323,14602955669795,1266033261,1472446497,0.206413,1020484428.418633,1532219259,0.511735,3kRQ5Lug5UZdayUX4a2Xzx3VuAGSAko6wU3iBkxtEPL6bgiwr1cG4YREKwv794MzaLYprUZKo3UJootPKQYckBxa,0,1,0.8060486717486272,False
1785391059224,Felix,F6bhzZoX4TNTMcWfGHpdyZF4443sHb7o6peXZSrhpump,2,45274,31077489822825,1506084080,1081793188,-0.424291,1123624377.236267,896837802,-0.226787,4cokK7pqDbQ1ExzbuYShPvjN8Tg68FrxcoY8anM5F9WZfTEuDKcW1vUveX4h4btKhbkbA1LaLAJCkhXfUXdYZwqS,0,1,0.7460568716962117,False
1785392174866,Cope,5MabNoo8KhAtgTNU268LJYEDrqXfWkiFZq25fLzLpump,1,54590,666565543171,102818854,2747266691,2.644448,97850107.151779,2592019966,2.49417,652ojcKtH6TKXK9bjjTD6H5x4TcTHJ9pUr3L3YfiPr6RPBcKGxPaHUpADtkfyH2j7kgpKafNEVF9vYbaSUzoF6e1,0,1,0.9516747497669931,False
1785394864945,Felix,Fd2mq4xtJKcvt73xYabMRk2bv21sa7LPpYaizmESpump,1,7133,23465915751341,1004079080,933739872,-0.070339,964333906.919601,883451325,-0.080883,3qC1NRqFEyxXSRtL2vCXj4KTpUSHasgbiSNmYMFf6d3uvTGn5xeGJjA2fj3rTKeHXmb7a467pEnbJ5UiDdFwpzxJ,0,1,0.9604162920311027,False
1785395684178,Felix,AizMDWhqLJbgptm4Yq4AiMASHH6YxpURmRGfV4Fkpump,1,12020,27811465678132,2004079080,1153174328,-0.850905,1026876594.664055,839163727,-0.187713,3jKWBzYbJ45yC11446E4LLu4zbzpXidcuQut5JrYfKAKGkHGRFWxPTc5WWzb4bvGm9Y4FbxMTQMYvGquZCnky5rG,0,1,0.5123932508012883,False
1785395930439,Felix,9QW6Ub9HDF2eQWrVF7qqKqYaqsKWiCfoGdw3oX46DcXp,1,7111,12521459612530,1002005000,1707667529,0.705663,803077372.18174,1568434450,0.765357,3wfRoGTygPbju5iwzJBqjr3Ff5XrMWE5fXcob9M6A3c1RiyS9FesGbvGfRUry7FS36AXhZzWp1Usq9regu6rbnjh,0,1,0.8014704239816568,False
1785398718992,Cope,FdSRkLmjFcQEV63qMZvfwAuBSWyG6movjC34otqjpump,1,7015,50663823196350,2529200220,2236727509,-0.292473,2412949511.965431,2649293439,0.236344,uB874h28FnxvHzDoNin63bkxCLmTLFwNfWcNHrCH9WDnuVEXRk53A2sQ7yxs8tRDr6aX193b3DgcEphpxSfVHPe,0,1,0.9540365736507137,False
1785403107727,Felix,7x15j7vg33jPZWoQdTNtMSpyiFLAuTDgCAFEAfwVpump,1,1755,41688184643657,2004079080,1639897894,-0.364181,1214224212.757164,1123348019,-0.090876,5RSoRWNU6xjaPuGtfsQRSuAdM9pibW2aYCWE3cgpY1cD7VJrNsmPjSaYKyWGnVJfTPcaHPWyscEaBFnpp3chMc3a,0,1,0.6058763972313728,False
1785409579108,Cope,7QdnFDS77PkKFA4Q4RkMvwokDRXtsaEZqcoNmrXkpump,1,75915,329519859346,102674961,3164581573,3.061907,99777967.05217,3201999290,3.102221,5tynhv7f3wCEAgbQSwFKxEpDyTNJAstjW14inWV2BhizT22G4Hx8NAwb8PhNyJ3GTym8RVowkmBSukegkamAjzxi,0,1,0.9717848059583873,False
1785409582632,Cope,7QdnFDS77PkKFA4Q4RkMvwokDRXtsaEZqcoNmrXkpump,1,1769,8759526132206,2526758910,2423610487,-0.103148,2093400747.488998,2001890373,-0.09151,3f52JLpeTozE2og2DWeDX5EswUrFykUJwmxFsKna6BiDWJdvqfiunHUn9dzCA3MPBXDb79F4YRPWQYN4J4p9b97U,0,1,0.8284924767472168,False
1785416847067,Doji,Fk25wm9rV3Dva8TUxdtAYxy78CSpHYyzJMDecXd4pump,1,129906,13429902733902,1728472829,1548146413,-0.180326,1651256156.96228,1066383822,-0.584872,2T8FqGWojke8jss1B8aeJHVYXJDF86jD9JywFNoDQ3vPLijD5h77uRmb1Ges64txdUkQe67n2bGEXrYuKDWHh1Q,0,1,0.9553266497788147,False
1785419076136,Sheep,EC9gTGS7qXbPUwd5sjaqSSg7ZmQWEPtqGqHVPd6UTnrs,1,15417,63060913280,10125000,4242788698,4.232664,8430686.568939,4433368248,4.424938,3krtXKi6hcMzrEALTmiMCByaTBvGF1HvHkckCeQLCrDZfLD17oH5xudZqzkVupyGGxABHBdZ4S3FcgcWiKmxmYkd,0,1,0.8326604018705186,False
1785420389945,Felix,BGuoQQhqRChnFfaxwJuBa34i9231TCU8qYhfMF5qpump,1,30618,25848290363318,4004079081,3813841136,-0.190238,3612826084.18988,2885350170,-0.727476,5tkDMJEpU8iAnpTb43dWYDYecT8dwTW1zbzwnLV6hJVN1TF3ijQHUyTTnfcJN5sEF1wmpaJo73qBfxaBAZ1nsxU7,0,1,0.9022863962236214,False
1785420971067,Cope,CJuRZ83pu4WMsqY9sM8BZibB3FhzNVAFM5B2wfT2pump,1,1754,18888804211379,1266833608,1154852517,-0.111981,1025427163.394012,976908962,-0.048518,4TuRkosq4QvYKMmDEmYaQxkz1ZbcsK2oWJhtw1P5YRiRs4pEMabx8snBXcoBtrSRcQBs5FPiKboH7e8dX2Ufzq4w,0,1,0.8094410796480953,False
1785423183038,Doji,6caYMkLFZX3W1v1aW3u7ALd55rdwzzd2nBhQ6LPRmLsc,1,1754,26679273165505,1754673705,1686335352,-0.068338,870199056.599464,825273333,-0.044926,3fpdzSLRTKjwH5j1EZxMpTV6HpQBBcZrBMUeQ2QbEdzmR7vDCjYRZg8hdfesutiQbwY1BREvxVjsfQDHEwVzjHd8,0,1,0.4959321235166421,False
1785423190150,Doji,7e8pknjJVbtQUSq2Y3F7kAHzNwEtaLsBJcX9N1etpump,1,1762,8505476966432,723486263,852139151,0.128653,257155359.63047,252967697,-0.004188,5YniBm75GA78o5B5d4DZdg5bFu4jiS2CjDGjmkCkWYPWu7jBDM4uup2H5wPdZwSMHh9KrdQ3mzqCJjFZ7GFrKoAn,0,1,0.3554391738747775,False
1785423203758,Felix,DCcQgjMRBUtQ9u27bTQE4Qpto8piabd77SzZuGm2pump,1,1783,10356792684047,1004079080,835856449,-0.168223,341321625.594852,334278776,-0.007043,4LvmfDqjzPpj1LWNQWtuMSoWaaPZZCktBypNLshka9g96bYz8ciKAezTSUz1uQZ12evqa9AuycEt21XcUQ4iSXFE,0,1,0.3399350035206908,False
1785423243278,Boomer,xNn25onRfSSGNAqCUE85CMybWRTXtEKHuqSc1xypump,1,3171,24614831045516,1031629083,863235267,-0.168394,890322524.457191,845615061,-0.044707,28EnS26KCRbNbxXZ6kxny24SvKJVc7N2NtQtM3DGNj9LzhvcZCGG8FLcCqkqrPNLB9P2ips2Emyick1R5x2xrxya,0,1,0.8630258094974539,False
1785424167299,Cope,4RXxSUPZUDHWByGBj3cVvCUsxvTbxyJwYG733cBYpump,3,932853,1067705193328,206615527,4305815371,4.0992,178042318.762329,3972158688,3.794116,5YZEdw7aP8xMTgDa3B7VPsbXryhwZSTR7zBzxebC9YNi7ajejX3f1E2mWq63SfkpxSFcD1i2GsbMQaEgJpekYDeM,0,1,0.861708320509373,False
1785429068221,Dani,Agkxc1WSocq4ix8dCTuMr4MP11YmRHo1Cu39vnmgpump,1,95236,781585616759,102609697,1942653467,1.840044,96542162.619736,2333115418,2.236573,2e2RymJsmQd41kWTYxupUNXa8EVhBg5h5xzsgwkzB7zLsFLb69ZWHbrGgxUfahxUYQC9QpSdwGmukddfPBcoNseM,0,1,0.9408678267487331,False
1785429506809,Cope,D3X2KjiaqD23Emg5J4wTirCwkef33f7D6DUxLRjMpump,3,43105,28835339743823,2197632481,1423871409,-0.773761,1758359309.979752,1357016565,-0.401343,35xtjsQgxSBo8uTdoxSxwkFw6ukbxnXphkAJkbBXAcUuVZpgSHG3hw4EcU2M1E8RsudtAJaTn7sYMMeiUTztUHfb,0,1,0.8001152718582121,False
1785431382167,Cope,3Z5fiQHfBYGvtSUuxkiUSJFei1CZAS6JisZbg2qipump,1,1339417,1394352521920,102622483,1605555123,1.502933,97559238.224236,1512935385,1.415376,4mHEgGxCwfcMnxJSLdxj1B64Bsz2kZc9nYPC7QS1KuPvp1LWLoCdSZhXpXB3XEZ9FALxNGmgiQykK4obT4yNpJQ6,0,1,0.9506614473968243,False
1785432549228,Dedmeow5,75dPRZoreJH7tZb6G1QteRkjAxP7wSWtuXnZLy5opump,1,949275,11041315327383,1034579158,1084987883,0.050409,1161539808.377312,1077692130,-0.083848,5Y3J6F3m8wgnEmh2Nd3Xq5PPrKoGGnHEw9qRHEBZ87MYrWXn1RUSWabJr8zJ9Smj8vBHbxw94WVtDf3npxeq9fzc,0,1,1.1227171931655247,False
1785432972645,Sheep,7KXDmCWFBovXchWPHbDvuTwxmRPCEPadQ4siuBNPpump,2,21764,2551844429827,262650000,1334088902,1.071439,258852127.980263,2101018736,1.842167,4nmmUcm41q9CbcHCL5VQ71uA8b47sE6wtAyrnhnRqMEFmkgKdTs6qxn897wYAavPqb2nKySXy9f7y6rcT69UfUFw,0,1,0.9855401788702189,False
1785433518884,Sheep,Lh8kvF2GApNCHKivXf8djaA2itWU6AkHxU8f7CHpump,2,14499,4671329009837,505050000,1136570282,0.63152,363464724.77668,982859910,0.619395,5it8eqyG3Qft8GekupEDR8ZonKYG7G3cbdJJzcx9mWBta7iSqYZoGGqe8AJHMyhjmaNkphktcNi86XZCj56YmTBt,0,1,0.7196608747187011,False
1785434321291,Dani,5uTSCVw6cu9FFu9CaCdyYb8ha21mZKH7ZNmCzEqiefUz,1,45466,28613079396991,7578598111,7204122117,-0.374476,6689176198.30455,6271349223,-0.417827,hHCFdjn6jNrhcKjY6B7j1VvikEBrit57kcMFQVYN4aipNJbopBL2k4dTat9sVWjCVx7azdAUga6iykf4ybjS8pW,0,1,0.8826403116158787,False
1785436892168,Cope,ES1NMEW5vW3k1XnYLsxNRMDD3nsvVZ22npkxsNXL2CKu,2,117483,28201769440751,3035315467,2224422366,-0.810893,2843292253.627052,1920178331,-0.923114,5keRy4QDuFmhHQuYBuszpin6GpLWas25tFk6FLiesA2YVujn1W6Gq9wc1UMjNs6XzycQNQMQsndVwp1So3KLM8Ns,0,1,0.936736983203022,False
1785437499515,Dedmeow5,3gov3aTpf9XQUnbC7DbZWXPSwfqxTo7PdXLXyVKtpump,1,446635,11014302834136,523329132,308852390,-0.214477,504257416.593628,319412158,-0.184845,3XrZebPgws8bGeiJE4FKLX3dJheDpjzEceXBYmQQMTEPzqvG4RFCJPB9UES4eQ1uT12J9XsgvYmtcU74uoXzSdFJ,0,1,0.9635569391417483,False
1785437825376,Cope,BTBfN15Jbtp9A871aZHFSyn4v7EbyocJDzzBnPi2pump,1,16748,15203404488257,845867502,776497846,-0.06937,694006091.002228,641309733,-0.052696,3HNhvS44VYikvVGKchESx47s2iFZdNFuTKvCPEmM7MkrU64tUKwnyDWoctpuLg8U5kjhXX5BJGQnXAHMb7HxuZ7T,0,1,0.8204666680789777,False
1785440509100,Cope,Gj1MuYPeXGxZHjQAn2p5Q2RUon6zDoYN54Y1xNivogzu,2,81879,15165346164390,1943972561,1670991336,-0.272981,1882655210.897285,1940708140,0.058053,43NVhysno48NYx3Jfd3j6zDLHqVUjLXunJknfCipaNS4xVJpK9jH4GZiXXASaCNyRMtEBq3wrZLA79fmmuydmCBQ,0,1,0.9684577080289792,False
1785441704063,Cope,MuipUf1HG1yr1fE6cLsG5DPp7qEVbZRL59qmZBBpump,2,52720,20833628022629,1317621011,782941877,-0.534679,833796851.208069,678200455,-0.155596,3gVKH2Rttzrcd9L3k8EpXZfJnALVoiiRyLqKrEdntkwpuR9eW5u3ocsXyjS6RR1ASueUTxdWYRaGtqFeAnTGhrc6,0,1,0.6328047627103822,False
1785441947119,Cope,89zMjykGxsgFy82goDtSDYL7QjqNSpzefBQQZNLDpump,2,3636,18505679465577,1944912871,1278433521,-0.666479,1007789845.669594,971785856,-0.036004,QDDbnzhQbVibvErAphggbjf5yNYVoB6ACQ3N1bHQqVoWonaFhGyfwEp9BnTuAcboRg45a4UuV8mgaDVbPdPVR4x,0,1,0.5181670915424745,False
1785444363275,theo,HuCtS3gQtpZ7bnCXkB314zqSfwmogkme7Be7thP2pump,1,13466,89825108010084,3072079079,3094898476,0.022819,2776644301.017162,2622381390,-0.154263,264dw1hn4gWAHkEnEHh7iY8z9wh1xcDj85kwT9aC7NU7oHnNkAhV6aXVtzNMaEz7uQtMmbo3GBxBeMP5KD1Y5oEG,0,1,0.9038323004110279,False
1785445288132,Dedmeow5,F2z59EZTpburZbZebsRH3Jzt5sVotP5PENEcu8e2pump,1,84004,3555001367432,521255009,2080962816,1.559708,486876828.094048,2298473017,1.811596,2pcXfsp11u5Rq34MNWiM3Y65cgFvofMjWFyXuFg1AS4pag2vdawMsuoQSumHrEAKD91qJSvPy6y3EYrRoKRTmUhf,0,1,0.9340472891149676,False
1785451319330,Cope,89d6pW4VSGk1d9n1G4QMVqZykL1pvNrCcZDzoGT1pump,1,20815,17570973683766,1266075998,632011847,-0.634064,767882344.087753,540663514,-0.227219,5xnX5dADF88YVZhndmV6S9s3mQyvN8WPoSkdDxnwem8TmbsgJdiZM8hgv5LavjUiukXifxqSfMxtQ5UGcVidAUeF,0,1,0.6065057273818985,False
1785451343896,Cope,3jX9A6zQApBKh4wwDdjsuozBoTSwVf4hhUwxZxgbpump,2,492944,17777795929312,1947877947,850480330,-1.097398,1329654000.694321,892854463,-0.4368,4aaTWsABUF27jngfhhZwfcQCKeM9CZzQQsDRQfaUFUsgvouRmmE5G2zjQwPDVSo8V3pweDTgAmmeiSXYzMawWkc4,0,1,0.6826166920479648,False
1785459263693,Zuki,5FUTTMiN9KqZkPsk4q9Kpp6kmweRKTrJrdhhv5DKpump,2,28824,1255629875950,244410000,1676472266,1.432062,211636942.321381,1889171829,1.677535,2XjL2wN3NSKcuaVC7b1c9A3L9djGZKGsvb1PLR446KBZqGr9gmqUuz1bYLPh7CScuBeTS7P7ycbBHLt3jww8nN75,0,1,0.8659095058360173,False
1785459487393,Zuki,a8ETZcRb9MMJ3UAQMczyHYCMKvdSiL1XHyirGYupump,1,110831,1441665050640,239405000,1817479581,1.578075,195798863.695885,721301893,0.525503,4QNdtM24j6yPpZGaFVp3hp7M6CA1tENKyhSabVJThSGhEV2pfprY2bDYx3bP2CJ2ezx7qTC5wjRVBxEaA6dFnYoX,0,1,0.8178562005634177,False
1785459737454,Zuki,BoUWWf5RKijT3SJEwMop1YQc74Yyjdd5mveG7fjBpump,1,40662,1136005500928,239405000,3330464904,3.09106,220383230.710602,3017078231,2.796695,4FnjrZYwKtfxWWGD6Ej4CMiqbYSQzJ5dj14EnztqJahMvwxgRw44AHkpBfBjiLsF89CJaviGzFyeTcrAvkTZEgmE,0,1,0.9205456473783004,False
1785459973658,Zuki,4SqfW6tC41TjWd3FHWkEHdotEV2RcxMSLyQoG6fVpump,5,179243,8629388553040,612722207,2905685146,2.292963,472401860.763069,2164274856,1.691873,4Ce7ZqTR5BhfdTszHnZS7aBUqwkmyMhMF14qcP6i6aDdTjhtrYNksDGXjQ6E81oB1ko13MVieY6eAAnAxa5LpdPq,0,1,0.7709886394946168,False
1785460300267,Zuki,4vMiAjFugwttC7X5BgmWx9orB48QAjMcv4mZxZRupump,4,60702,4868854125615,488820000,2373627129,1.884807,369162496.710442,2008054930,1.638892,4LTG7W3FMWotophtcULj1ixtuVmanU9Z9mT8hR1Buev5Hjgftf7ozQqKWrpwGbcJcdbRMPyfnrJ9M1GuyZ58Lo3w,0,1,0.7552115230768831,False
1785460484937,Zuki,5iY3VjsWgCWLZy8YsrJvyHdKjU8Dm6QcjNYHNjeKpump,1,91530,1909373011168,239405000,2995101604,2.755697,222643234.22966,1770372709,1.547729,41FkEW2mj1GCEcwN4DRiVyAzv7Uatu9v1hzpmhLRRHRN8m7VcSCWxAV1964XdPs46vNvC7f3hwhvvbk6wzC7kfBx,0,1,0.9299857322514568,False
1785470860435,Cope,3jX9A6zQApBKh4wwDdjsuozBoTSwVf4hhUwxZxgbpump,1,8043,37264713173873,1263998963,1156950003,-0.107049,1081977483.018543,1009263674,-0.072714,vdjhQSuKUTLhxhfwJoNGWPomWpksiSZX2Zhgbzp737vwM6ptLqUi9ziNtk2K17TUAKGE38j3ZWRnK4Kpc4XG9od,0,1,0.8559955464287379,False
1785471191930,Dedmeow5,7bZa6Mo58jfT3zDwzBFrp5rMNo5Md8Mry3zoErNHpump,1,355597,18220480155672,1034579178,496561038,-0.538018,536444828.649017,500920222,-0.035525,4wrmrKv8v9vdQ1wGeYkcGEk4V2XGAVXQ24zmJigRkHBVJnsu6G7DgU6rVMttjPaysaU476L5SF3qhTd2hTqSU7kp,0,1,0.5185150059621797,False
1785472003521,Zuki,9BnMDgfWFDtw762GKS6gfT6SfQFUmSFLW1qEfyShpump,1,30269,3707860918761,239405000,744809458,0.505404,209695404.204468,631473991,0.421779,2G73BvnxJKfpF6Ctdh3Hf8gYgJrK4ZLcj94cpDpo4FRZvKPmcjfXp2TkELfb657g78wciD8SvfCHgpsumBhEUQw8,0,1,0.8759023587830999,False
1785472519142,Zuki,8F3SSj8jgUihuGErVr6SmYteEmkYS6wsBkbQWuqfNWF9,1,13966,26269977734049,920957962,904385844,-0.016572,752915571.218269,716929733,-0.035986,51kPTWi9KyU1HVPR2GLAU838igsGo5kFprWYDiKCgAuy6fGzNbCvaoPXAKeFE1bRAzvahFFmP884zCZueegY4n6E,0,1,0.817535221242019,False
1785472915129,Zuki,3WbRaiA4dMC44FMPg6KbbxotyNFxHQMeUTwVRiv4pump,6,217600,12477923673669,967630000,2294806979,1.327177,881243669.678833,2043924615,1.162681,559RSUkgQhQqukownXMcRR6VUWuRZfYq9iSHqHhprTwpSrSZ2QugE3LwEbiaSphwvRYVGLx3etftZwMgEVxCYdW3,0,1,0.9107237990542181,False
1785474002119,Zuki,ErYfepewqSwh8R687DNx1S2jhMXYzTdygQsUms1Dpump,2,9450,3010847849475,244410000,2315948413,2.071538,215855850.421761,2410373966,2.194518,fL7UoQqTjRNtbD7C1DCmeM8EejBJkWAvzNsC1pBd9VsxqRvoNbmMidsQtfGfCEHwzcqsPuYFHXBNxd4Hz8wHdeW,0,1,0.8831711076541917,False
1785474177796,Zuki,6ychhQbTSugV25YJsv3sFe9sNjR7gkKQr87eVof2pump,1,13230,16652065906835,1219096959,838303982,-0.380793,757698852.846687,646979448,-0.110719,2XDnMXaYL11Af1LDZVJBVyFrfE3jvDEquyBsmbmTx2N2QojjUKxAawvutH5vi1r9QHvBMWr7qzDaBsB1dz4NXEYN,0,1,0.6215246845240363,False
1785474287985,Zuki,4Dpx54KT4pESqcy5zA4UbpoAGrFhioBEGNEetvFyBjA4,1,13129,1657438942585,239405000,1589047560,1.349643,149333492.295906,1790398817,1.641065,3syahtxZQfvnVu3At2hRrQeRtMvNckMaDcxC9WhuBvkmEMj4PEMkxCDqnsgjXyNnPJMYSHAoiqvs2pPFQ3YWMSdA,0,1,0.6237693126538961,False
1785475167970,Zuki,DwRB2jwH7F2hiSQ2GsK7tyrQJjkMaX3S6DKwNx2dpump,5,173972,2153496686362,258794901,1651666868,1.392872,194783005.981918,853661464,0.658878,25v5qm9miQkJvB84eAvXGFzjV23eKDM9YKSF7V2e8tRN4qZb7gvKyKbPgAHevATKRA24VdfriZDcuRPJrYesbTej,0,1,0.7526539558131325,False
1785475349314,Zuki,F2fQHouWmdySimiUsP6zoMZYwNwkrt5Sfd4h5J5Zpump,1,7604,26865026832075,1134699503,1054744595,-0.079955,1093928679.948799,923107687,-0.170821,AD6MF3PRZ8eyj2eHpYYTG9ME9iJyx1FPpVPSFKCwnYfJvgfj2eYZvE1nCPDiHpcTWkiZUZUjUA1U8MTbfBkE64j,0,1,0.96406905709978,False
1785477238106,Zuki,2Dk6gwdPeMymg7TwenaqADfAFy63CRHFQUXmHqyRpump,2,59928,3039934503552,244410000,1862617323,1.618207,198249119.486343,1730481221,1.532232,TFRpaCD525jpT97n7Dv6jtQ3ixjmKJdqY11m6kpGGMaHDCLgCuU9NsbttU2zpX8eqpYMARJJ387VEpjPoN4y9i8,0,1,0.8111334212443967,False
1785477772056,Zuki,2Dk6gwdPeMymg7TwenaqADfAFy63CRHFQUXmHqyRpump,3,226818,4146025259901,718215000,2076429363,1.358214,675047388.449265,1973242688,1.298195,3g9VL87xg9cxMttYkZr29TNCgqmFRpSL6uY9fzFV7gwh1MHLckp1VR2fdj2DMrr9Ym5RM73aFYrbuxZiAKKLqxBW,0,1,0.9398959760646394,False
1785478439102,Zuki,HxicJSoCigY7fGcM3UDZt6DvAMNsoJt2ycmPRfvKpump,3,26824,14644589858600,2382201734,1924379923,-0.457822,2295152510.95932,1215132983,-1.08002,3U31QqgcuyHgeaanMwyV92wqPWyDb9Me9VWyybQwZ9zr582vkYqYB1U1LCqakRfKVNzyvxUJxkZFhH9FcqtdDD4f,0,1,0.9634585006810007,False
1785480122205,Zuki,HFsC98RB5jb2AsouJEt3Pv7baC2szbg8PQhD2Xwjpump,9,73174,4362484122822,746807613,954688042,0.20788,577659250.473747,1825760753,1.248102,4dZz8mGsp4Re8DkdEJ4nrRhZsP1hgAZZ3ow9vFK3xW7CTKsdMaqVVkQtajqoXBc2pPwoVwreg9btBcsZFYg4ynWG,0,1,0.7735047693919893,False
1785480764610,Zuki,CrVsdKbxG3Mbrbq3eUiTYmgPDs5rTCiprWLugq6vpump,3,11240,21647891087126,900296084,862503421,-0.037793,858787496.816521,605330433,-0.253457,2eWAHuorfjLmU4C97pViDh7eLcwTigwUt3xZzGWSWNwC9itdjG7jDc543Baqn7pM56NoYJhaUdmCFQmUL58edTjD,0,1,0.9538945154586733,False
1785480785456,Zuki,7U28Xps76SG6Nk5szU1G511rMAxEahhcXf8hHqfZpump,1,13090,31114953272143,1328710057,1167061679,-0.161648,1051342710.982735,908469884,-0.142873,R4bz2LMDqm7DC8N73dRf7T4pgZ359Z8G2fDqh6tAQ7cEto1eTtCW4d1SWrqKZWqewypN8dDGnGcmQvkX7gxH5Rt,0,1,0.7912506610783748,False
1785481150660,Zuki,J3YQp36ajGNkAJ4jLEMpAVWxdBwRzet8ccdhbyGJpump,2,9448,13780085323133,2002977320,1564822837,-0.438154,1362855519.56337,1364649020,0.001794,2JPnigw8s8aW4nzpHuQR2AymAULbRKH6ygAUfNvCDbMw4SKypAj8dJs2tx3hgxScYoeS6JDdMVaF751GmcRq3JjM,0,1,0.6804148534060136,False
1785481313354,Zuki,CnACixZ2ppHM1xRobteaqWbDcqcm8XMZZAFCGR3kpump,1,13331,20482081943802,959794173,911373717,-0.04842,791968713.476364,635653417,-0.156315,24aQvj4mv9wh9iajNTtdXXXYFKcmT5awMT7qQZj1iy8vrFFNvWRQR4iX6GLkLvsyzR7XPZzJ8KKJGHsqcqRoKtMV,0,1,0.8251443233927239,False
1785481531328,Felix,APJZ248DARXH1FnS3kkEgbWq7Ls3x3qeT4gbQ9Zj1DQ9,1,1939,69648354846255,3504079081,2527333832,-0.976745,3068194520.637352,2398269285,-0.669925,3hRjqpvz8F3c2aVU7XLzcc2upStZugLtMx84x3RKT8iBoJmWWK1ePwgFRRBc4dKRinog3zaq67YSUcRBieW4NRrp,0,1,0.8756065287663958,False
1785481810688,Zuki,APJZ248DARXH1FnS3kkEgbWq7Ls3x3qeT4gbQ9Zj1DQ9,2,137546,3915394514828,478810001,1778609576,1.2998,445058333.350403,1674618239,1.22956,43R2mw92gMstFpxm14yQG61dPWYjAkKd33QLbGrhXuHaQkUe94qwad5skwWgyAoPiSoiZK4JqSLhcgyfsd3AfK8q,0,1,0.9295092676027938,False
1785482151204,Zuki,5vGSuA1NrRz9nPn6KP8jpGa1NCtmSjLX3RFZZw79pump,5,112696,1925442101670,492730773,1285481369,0.792751,376799334.64592,1094805152,0.718006,2T7rX4Kjjw116Xqk6yFgKnFLWKqCEje6ntWQsF9Nd43zVsCZj9rFP4jWxQEDk7SvhHmJPYWnDjTieFmYboxHVkk6,0,1,0.7647164644330424,False
1785482488488,Felix,7kQ6e6bAAAY4CrH7vufqa33hBHveV6ziFdoFxAxypump,1,1895,33035906883217,2004079080,1129996424,-0.874083,999581129.989868,938492928,-0.061088,qS4XgXR5P7V5Jdg6C6iiyFQCdGTLBgGRfNDByumieL2U1Y79E7szHSgzZKrw2NanoPZdFokdhfAcGHUfNTgtmTC,0,1,0.49877329690496447,False
1785483789180,Cope,4Bxok7tP9kSTRGH3ga99Mmcgse2hY7TDXvtQD3Vrpump,1,13455,156574965718,51807583,1570772504,1.518965,46769602.502243,1446817922,1.400048,55okqdNMASYg55jE1JZujip8wXUxbwFctDpZYSG3qtHKxCzvzPUHhFB55oaWuBnFBmypF3nm8dWYHQuirEqimKrr,0,1,0.9027559247889059,False
1785487447253,Felix,HZqvaGS1jRErCNA9iz2UMK92xwwDFcce9FEvWBGqpump,2,30380,20495390514454,2007084080,1391789657,-0.615294,1886219245.250664,1708259045,-0.17796,43gAbYqfsqRyoFQeTayhh7Uer3phfVfWhF1oqMQxy3Dqub879SMJX3qAxtbXsSUhbdwaN2gWquSmkvvyN4p6HDqD,0,1,0.9397808811530527,False
1785488168620,Cope,8WN9iUr1ZHTK2qrJfg9P8jaqjkPLWUZx9REcz6gwpump,1,211272,9197535948238,1356801401,623729928,-0.733071,1336031559.04747,541349522,-0.794682,2Xa4u6YuQXDaZcfSBCyv5AxLX8YTy3MiqpCgFxUY78tDkm1m64HyE3pLJmd9KgVExF81Uj3g3YBS6rChZ3X6giag,0,1,0.984692054461897,False
1785489543048,Felix,27GGgnNR4RPhKpPN3bJUG3PZGbSAhwGb3kNPPvQApump,1,228415,16955982921723,3504079081,3170580118,-0.333499,3176384895.635529,2497191852,-0.679193,3qMNpHQA1uVSsf4n9pm8YsBjmFSArtFwVk26EtXjgQG2LscFVCrNSMLM2XChvXTfd9uMrC98ENR5vKkwmcHzdTo7,0,1,0.9064820805154451,False
1785489652032,Felix,HwZki8L7K3GTysSUWqNyTR5RhiDKB5ADQhfvNPXhpump,1,66134,37273057148448,4004079081,2439710599,-1.564368,3721850750.476654,1839268621,-1.882582,3hyDYEShwmgeAPWxrozvk9FsaJi1t3m7hCfyJLmPivKm6R3Qn8b7GgFxkuaWijE5UytLvpG1ZvmEMSqpyapghSvq,0,1,0.9295147960831831,False
1785499621365,Cope,Hao5Ex7YRV1dHJhNmFGBetBKU16vkhXVcyfX6T4wpump,1,105082,17730874978269,1266349333,896516126,-0.369833,1087698648.851387,875553058,-0.212146,5GybvtVK31pg1MvDZWRFmhZc9WTXxAGsw2s2SNdbVrYrh8HamdsnXm4U9WQSGw4SCQNdw7nSdYb8SHxsd1uvpUqo,0,1,0.8589246430719185,False
1785500574955,Doji,DUivvQS5pJMi6W377a7xSCJzMQsHhGL7v4uSmGYFpump,1,145175,25181144082032,3692279080,368251252,-3.324028,3580582242.808289,364498840,-3.216083,2VB9uUm3cdQ3PPJ1pNBfF9JieagsLfNK2bXkDHKBeuvZKKgvxpHCeBKDpFjAsJcou7riRX7LRTNadFdf7jv3LeAK,0,1,0.9697485388369638,False
1785500607866,Cope,3dZsr63LfNpvjLxrz2zeKDvDu8DeBtn6goMsNwJVpump,2,164737,19132234331769,2630706953,2259986117,-0.370721,1827101331.287506,2874165958,1.047065,2uJcKaDJMJdgXZjZggFD3rQW9Cvh7Gob2WErxUdEpPdQ2a76PeTNffPjU3vB9bSgKhWSzN53RdThE616TpBrwaT8,0,1,0.6945286434142428,False
1785505291961,Doji,4gsGR6KBkRRJRiyFCMUg3WPXykJmSPHSTJMRRPe2pump,1,109896,6552156035932,686175680,225029620,-0.461146,639736203.044746,199098686,-0.440638,3Syx8cXrjunuExzTjDrWEsuUiYWPwqhX7dqounjZNW4dWJV7zr9tQBxt7T4iMh3mCVLT1S7S6156qNE3LQf3AauM,0,1,0.9323213015138427,False
1785507491247,Cope,9sYF6PmF9jWFcACJQ68QBziLsro3PhFXhq1ZNMp1QicC,3,97483,40769312583751,2682481600,732052099,-1.95043,1583192353.802879,724919615,-0.858273,21gLdCoWX8i4f4uCsk3ynD9epcM6a1j2dkNh7TTRSoDJqLz1Lg8gyBQZVMnwYCeSQ6vt2h4DU6LmBsmn6fZFTNU4,0,1,0.5901969108764359,False
1785508048953,Cope,HBznkuLNyrK93bNkkv8poaUw8Q1fwnKVJTvmrYXpump,1,35894,36498813965911,2528653472,1253242997,-1.27541,2406216714.650078,1280209999,-1.126007,4eiEuPEDwNw2kdSg2qmBZnTGCRaniaZhC93JGdeBWGZXgPmV9UEowRf4zEZJmw8jcJswaF9cqmmVcFRS8LQmwBSc,0,1,0.9515802545877974,False
1785508382862,Cope,7ofw4BLwsh4QnMcYhyQu7j2tQ8xSfV3JmWZDaPuzpump,2,20347,1126290949576,104060156,2274441214,2.170381,92955693.491669,2230671338,2.137716,2qDR8oZc1YDeSkp16xbpacvYqDzKrVPiFCsk3RVuej7x6uNWiZSvyBhhqu59MsN7Zse28RUKaa8LSJdwZta7p5nt,0,1,0.893288046691656,False
1785510197684,Felix,RYoYXquMLJh74SnJ4aNETFsZeQnEUu9ydW1xxt2pump,2,3887,30109100650216,2006084081,1969980414,-0.036104,855433358.39164,820377672,-0.035056,4fDHKtycHmamKLNVQXVPYkTBxtUpk2XUnHt4EEBzLvWuF1R993F3zmj3CkVog9sjRF3vHfVLYLZRyB5scfNEfAJC,0,1,0.42641949382561295,False
1785510201563,Felix,4Cs8SAcwBCSmDcMkRbCwXvSFcePtGLY62YDLoh29CXjH,1,1940,35361019350117,2004079080,1005292002,-0.998787,1022350356.184429,957116465,-0.065234,4KuM7dHKpDekDASc8vdgtbkjyjKcqKtWhgVsseE2xJn1GU6PfYZwrY5DzpxpAk7Ufhx1Ct5vBhoMHTZgfQqvyWEu,0,1,0.5101347378889006,False
1785511146393,Dani,8WX2f3KjpXH1BvxjeZt5gzGUgB6QyQqjD7Sc8dK2pump,1,45765,401870022045,102384452,2970256617,2.867872,86573120.64444,3736214336,3.649641,4agCr8dmjPQTGpru6XybFjmpeeouC3BoY6LSk6cbh29BkHTBVWSwrvi8EhUwusn9xWgyVqGj95qbUz4zu2LbMacJ,0,1,0.845569019058089,False
1785513550229,Cope,Eew4oUoc6Bf7XJvBahJyPsT4R4h2qL9S3EbE8rTupump,3,396454,1242004876961,156021093,1362374630,1.206354,137664301.417397,1550349835,1.412686,27ZyshYScTF4ziQx5R9fSSDHBxp6gNUWW9VrVVgixL6CGpZ9ZJkffPpLdbcBShb8CXQ2dTT6famumh9LVWddqNaM,0,1,0.8823441675119978,False
1785515534457,Cope,J9revoQTfom5GWeCeNcLooWfddV9kcjxGqKGB8Qrpump,2,1952146,8856511953822,2529833920,2824803832,0.29497,2101017334.602539,2894419665,0.793402,57dUvBUZJSPu7iRTEFLVG2bF32DsXR7mm95DX3Ghd4Hry8b92NfxKSbuB2bUeJv4jtwdQuAPbmfzgjZcuQcovvkB,0,1,0.8304961515428408,False
1785515591054,Cope,AxL69GTszjFiKopAYMPxsquayvrCJ1qY1dLiLi52pump,1,23946,19293190466642,1265988252,575999038,-0.689989,639013190.410709,554673463,-0.08434,5bo2gbLS4mrtP5hGd4kHocbMdrY2CBEGhHP8nDFW9xCEiQhSSWiyoUh5AKUyLWJqk6JArke2LRgozMcMtFKuKCKQ,0,1,0.5047544393885174,False
1785516012700,Cope,Ay3KrtTMR45MR9qD1cJLe9GjFJmjU9ZE4sjTK873pump,1,116210,6355089348838,1265838793,655438853,-0.6104,1005759585.524612,691728175,-0.314031,3iG6aDNiN7awneQUqdeZvaYw6g3vEEa665Re1k1Cx7SLZHfvtYvSnkEtN8YBDiE5hENoBzxxFENsMMpwRJSi5PNY,0,1,0.7945400244378605,False
1785516059834,Dedmeow5,J9revoQTfom5GWeCeNcLooWfddV9kcjxGqKGB8Qrpump,1,2293804,7386239787921,2057079113,1270628728,-0.78645,1853015560.839035,1144423359,-0.708592,4jTcbGrR5Fm5qmnSWmxxoAJ3nNLzD8xbMhYXbj8qm8Gqze41SHph5ijeP2uiTLDAUtJ2mS6kiVAfa8Pw2qudQfbb,0,1,0.9007993660178859,False
1785517797966,Dedmeow5,EBpZCVAH13rpLisMeM2zWnVAWKxTayj4VhKjspTfpump,1,58496,6945658449991,848149173,392591489,-0.455558,478161468.87323,717815707,0.239654,4g6UQUoQfU3d8knmZdzW4jtHZS2Vnuqpt3HPWg5Gw5sh3wmF1U7sCRLenDYzBFnJRTPdMyudsF64coanCig7EL4d,0,1,0.5637704829469072,False
1785520021284,Cope,CkUBWzHvjzrTJ3yJuxBtNXA6u2iw2GNdmNw2PsPWpump,2,36037,21985429853826,3371782345,1693302141,-1.67848,2068574040.632095,1356572774,-0.712001,5ryqckkXinU9hV9BM6vuqdzU5fUA7cX67QZ9KwgqjucuaFWMiRJb9AJEivp554ebFkxR9JYtC4oCPcouzkvWTZKm,0,1,0.6134957209499521,False
1785520689846,Cope,CFavJDAfxjAc5s7DxLQ3rQyPebU8rJtHBbVSmp5Ypump,1,286497,9144273225640,2023549739,1455877207,-0.567673,1932103709.26384,1474290991,-0.457813,4xJesB8ihMz1UMLtgzRWHCpZpUsCoSJsAobSxkMBza5z1cT5xbCyq85Hx4fd2VCzL3r3yhkPaRrkU8cCXWMPFzSD,0,1,0.9548091020577775,False
1785521342277,Dedmeow5,EnKUSFpYytgjd69ahSRFXyRfPMemW43g98PBUcq1pump,1,430814,4074730769494,523649989,123611485,-0.400039,471852780.46431,134680558,-0.337172,2Ei2MzamtAbwmhsNFruUqibuESxqYaR6hAs8PHYhmMiRqdUKbc6oMaAx1qTv5a76aXxz81tQkwg1PK3kprRX4z9b,0,1,0.9010842936622501,False
1785521886176,Dedmeow5,41LSCGvccVknYdubQSVSPVQN3vsajsYGChkK4RQMpump,1,534867,12338490731733,550380702,344703991,-0.205677,543685960.639442,354463412,-0.189223,5ugCPHiZoM8G7HV6UG7W2okcBU5DXALMo19yJUsW4wBZR5QHKbZWPDqScqu2e4twEGuuRpWcf8LBv7D1T9BP5gK,0,1,0.9878361626121149,False
1785524525940,Dedmeow5,75icTpoXKdErwAcKGzuDL9W5xE2RA89JexFEZLNUpump,1,192192,36422373361116,2057079122,2371066249,0.313987,2223590426.430481,2199639503,-0.023951,ThPmKK9stfNt4d7Ds711Ze23tsuWjihMYTS7pgXxCJJazc9ip4mddh33JVusbtfxPJxnA5HYhuoxGshrArYiHPG,0,1,1.0809455030920687,False
1785527098851,Cope,aBHBcq2DW7WvmNTb9kenMYL64wU1BwQnctT7HK8pump,1,26271,16032349357675,1269381496,553315156,-0.716066,706845628.560135,698091763,-0.008754,2CCW46wwdTQup59sox6FN8SM5TyQ2W5q1m9XA8z5hdQPpwQWuoXXjekBKuFYaRGnPykm6qd6rM75be1cikNvb7Yp,0,1,0.5568425495310159,False
1785527249261,Dedmeow5,69ebcKK2pAzWJfags9v7runLtjq7sRnb9suQRmMipump,2,230709,9156317059617,2101604752,2078171578,-0.023433,1972389560.82399,1897610665,-0.074779,4XEkAo7niKJtcKr7tu3vwo827Q9ncWPa2bEJ62LQsr6iY4ZNB43KyuNQS33oM6J27oJ1PzNm4mHbM65U8wnURrxR,0,1,0.9385159407100494,False
1785527408309,Dedmeow5,69ebcKK2pAzWJfags9v7runLtjq7sRnb9suQRmMipump,2,46790,4033968465005,1045337352,725631260,-0.319706,911452297.214081,588789545,-0.322663,5FFsCRizLgieY1uojvVa91GrFidQhWcqgNC8Vh6FzxNK22PdzkA6FhfUxfaThAXZsQk7i36Pnk7YrM7jEbDvCpT2,0,1,0.8719216772176348,False
1785527958868,Dedmeow5,HRMh5HZ1dwLqZsBcXTjrpsQGKT57JULQhFDtbqhTpump,1,8088,4320634796102,523329084,420790230,-0.102539,444797740.40712,498236651,0.053439,4goQcCELGBdvmvSucHnFyhW5iGyV8nqKfwCmzqR11LfZPJ35P5qUo13dqGBHSJHKkuTNnt8HGeU4fYR6AhBoH2Wp,0,1,0.8499388893263192,False
1785528038385,Dedmeow5,HQ84c5wiRAAuLg7C5216GSKbnj3YE7n3dLgbj12jpump,1,134143,12022034268077,3590829132,1843450500,-1.747379,3880180940.116959,2115750517,-1.76443,2R9AyruuJRKehycY6q9k2U4iRubhXKAPS2vyMA17s28vhZq7tAQonMKeRF5MVfA14PLfDHDyzw3KQn28uSHYoMDa,0,1,1.0805807788341624,False
1785528239671,Cope,DLvP6EedhLsmHELPtXtPGBHnosEuufA9kK45H298pump,2,210056,9812709658037,1013204843,1712256482,0.699052,865640504.537979,1606913716,0.741273,3xq9CmTAUXFyggxE4bVXHNmef8nqV8XZuzq9FJHq441GJfo5kPR3gkqUsXLUf3AmngM796h7Lsb6wL9fXy3vGk5p,0,1,0.8543588303179667,False
1785528459872,Dedmeow5,FiFiV8n7jP14ngzbv6HGG7e2enMsVfwtNvPWs9jUpump,2,9604613,6766698428270,790442556,190557504,-0.599885,716139516.294098,202510432,-0.513629,bca2WYDytpaD89SinhucQkSwh555K9JYH1NhQ9UjfDaWqnwRnwvbEqAcdfDZ5J5p9KTLM4vFbfvu5djKH12XSD5,0,1,0.9059981789417952,False
1785528816308,Dedmeow5,9X3oWWKXdENykbVhQk1QQfMfNEHB3i9HjPXcZPyypump,1,275729,13854333615798,895213654,637923300,-0.25729,1261105125.072701,653219841,-0.607885,bpjbDneVqujxCyq1i29hjnXHatHG6AwZRawPtqX2X3TsY4MVSXktg5KTNRWjnTE7FXgy5JxWAfAg1WzpnE5yJtp,0,1,1.4087197167266408,False
1785529226742,Cope,Ei4Wngkup5xTVb5hyGKYw7hAhZsN8Xi9Ne6qugvepump,1,26503,23844136604630,2528681057,1226217223,-1.302464,1695734463.874596,1017083742,-0.678651,qxUTB3C2ovP391uRw89Fo8oSySrEJToyttF54DHwodg2fmtqKhLYNJsr9AcvPd2SrrWyr8WggX3mVu2jhTCZZRc,0,1,0.6706003745234669,False
1784925496099,Felix,42dKdwMY4mXthkxmvTmcXZz62A2n27eM7bTSaNUrpump,7,12492,19784050353366,716359640,594191375,-0.122168,554606130.260151,543127903,-0.011478,3nwM8b2EMsiEhRezaVhHR4RCaGGgzcgXKZWWNFbKSjFS7GYquW4ucgYk25tz7CWpMaecbXhUUhYKd5gzPwXH1oro,0,1,0.7742006937467206,False
1784925722175,Dani,7bBAvC251aoanSebVWoWM995qfgXXRvfQCdYyb66pump,1,190379,878409878131,103055470,2723283847,2.620228,93858695.505661,2294559385,2.200701,4MeRNiQzvCUJTadV3cTP7zykRxMu8fyrh6881hnZJbZDS9xY8eaYQFpyBupR4XTVaatZsbcVhpHLdQWV6pYWuVoQ,0,1,0.9107589874235787,False
1784934783105,Zuki,2XWGKnuHQak31BZbourcv2KiBM2GNdjoYicV7aRjpump,1,17084,4380625883456,239405001,1317957546,1.078553,226413443.130646,851793833,0.62538,38f7nC7azueuPzYKs4Wqh5HhwYd8abECEPMhooUZsR2be2xt8bbXV22BFLoZnMStyev5ZqB6De6HepfDq8dsMHo,0,1,0.9457339745824523,False
1784937318766,Zuki,5uZNF8m8cDGtkNixU3eSjDj6Qyi1sznBmrmMbcUtpump,3,69882,2608850592443,311822912,1569177135,1.257354,222699612.879295,1168181045,0.945481,2shY2qBNTN7LRYe8EfEHANnhQgmskxJX4Jjgsau4Ab7QMk6bogwMGczXnc9hWnVqPCKyZyqRFo5a44Bo9iJmiXWv,0,1,0.7141861752586512,False
1784937469451,Zuki,7hPzf6Syqf2pNB7THvoT2KXYD9NGTe9c41jzcC47pump,1,17211,5750529010884,239405000,785260265,0.545855,232115056.139717,690942522,0.458827,mjLVhBAqb2zVjQJVvFKwu7bcLu2FXFGHVBDAVaQKfxt8EWzzVw7deh7z4XwXn6peaiQTRf3jLxboM2yGSiVv2ea,0,1,0.9695497426524802,False
1784937822624,Zuki,9TFLPVdKgVAnHy2gWTeDRDDuLaMqfsUodp5BsoKppump,2,6360,23608433980361,2009480209,1701884001,-0.307596,1579695579.238441,1736289022,0.156593,4SAaBtXMz8ivZa2o53DrhKaF9j71Tf8wcZQUDUM8bmNUNm64WepSDmwkuzA4rZAuZbfvCP9ynfxN6wsURgQYCFwG,0,1,0.7861214915993437,False
1784937933788,Zuki,FXHjVyVWWwqyLYYpXRW1dcNmC3D4M6T8iB5oVjLwpump,1,30466,2518733468237,239405000,1094202842,0.854798,232564984.109367,1607271257,1.374706,4tE3atSged8M2C7eqc9b81LtpL9qHpWpE79APJEu73NUworSAPTkNwP898arrKR5EyvQBywFrYobUosfwvqQXZ1h,0,1,0.9714291017705019,False
1784926032899,Sheep,FF48zyPYu7YqDGcSFdAcCeCpG8nkJd6NrvTvYeCbpump,1,3887,97545454545454,3059781420,1127324106,-1.932457,3120659044.430996,691874708,-2.428784,rYMYv6edsJHezwH3vRn51qWhqV6Djvt5Xc8MqEGBv3KcNuvyz4bf7oWePXhDvhQsBc4iMqDGBUydxPRwCsz7HAy,0,1,1.0198960697104291,False
1784930910071,Cope,BcxWDBjiw7ojgYufR1SjVNmYaH2Z8oXPAiyhStrbpump,1,31328,1500901132210,52508255,138590388,0.086082,49984923.842415,141992201,0.092007,qqmFBXuWaQKYZCaWf7mWetQ7En3XLF8kkZMzsjBfveVZqJVETM31qhCgKg8aAg5bkMSFaz9BsjqL7KqgKjJwYc3,0,1,0.9519441055966342,False
1784937284807,Zuki,CSDn5a5u6HzNz1pjDoiaTtVYbWVH59f5XqAXNzM7pump,1,43924,2601959855094,121944871,1053115614,0.931171,93945637.241833,862838866,0.768893,A8aoEoNtJh31G1ParcTTGu93hXkqkXy9ebek9YArwTJjkiGX4nbBuANCWJb2AC8qvAswaBUAgJ9Skm3bwaGdPrb,0,1,0.7703943304170046,False
1784943949138,Zuki,7LBLJuojxdKohmQEJqDLwBgE5P6GakyXF6Ma4vmrpump,6,87943,4745954316682,733230000,1817042851,1.083813,630605022.084129,1399215882,0.768611,4UExwQPUgkqYxUZZdY4YEmP7zXSJifLFNEMWvX9qUivwvBCXdyJNtEwcLPes8vuKXFkrYA25JQxYiWgKXEFa3meF,0,1,0.8600371262552391,False
1784960722793,Cope,5Jq6u4y1pgz2gzxEAFWeXQMg6MoBwq1eA3MPZoFwpump,2,3893,1515429451701,104379155,1449775701,1.345397,94705305.111252,1405624338,1.310919,4u1DKV473VFiSFRSufHVbuQesmAfnmrBprBgiTZqAqZiGm33JFZ2LMW38tB6Grxf4go3RaiYn72rKQCteHhvunN3,0,1,0.9073200976885853,False
1784963171340,Felix,5w31hcefGwbMhHWxiWRz5dUG931DJUw3KtUnrmRZpump,1,39688,46772795811825,2004079080,1000242351,-1.003837,1369858190.088036,953879313,-0.415979,XH86Dq6z4hq2cEJ2U6Jb5Mf5fmL7wgxMrm3WRRhT6GC9dFKKwYd9CX3BrcGeZbmTU6gYqPQYWZU1TUmdRspvNxk,0,1,0.683534998074046,False
1784967732604,Cope,E7ageQxf1fgkynuftFy96ge1ytdp6624NJxGKKWwpump,2,26057,6063600898988,1298191883,1161139797,-0.137052,1157295295.906387,964842517,-0.192453,227srtHHVdSjE8N92av4ZBwc5ZoSJq9ad3PRWCV9dr8y6t7UBDjVcnxEYzFdQuRagygTByWGY5p25Qr7nna1EDbu,0,1,0.8914670558808193,False
1784967819668,Cope,HtZ3h4NbffCLL4YcdGwdKhZsimGx5tpWKjmRhjn2pump,1,817771,1334694363722,198807244,1578070440,1.379263,121295157.75605,1466133030,1.344838,msU4rRM1DXHZ4Y1MYJ4AWa923UKKfGoo2AMiY9PtPWXtdvqcovJVk7VuxV6QcscPboesHELdrVEG1KP564Fg7AF,0,1,0.6101143766977123,False
1784968072059,Cope,g3AMFdLQ7rB6eq8QfMzsuMdA9Dc4qaT1rALnt8epump,1,85884,17385861728734,1266238421,1110645241,-0.155593,844136003.676201,850047446,0.005911,5QNWPY9NTUPjKnUQNPX6rqWDgWF4guGW9p61Gb9KJByk6yzDBo5s4dgjuFSFiri7Nob5nBhFTV7u3nv6hNmtHAZQ,0,1,0.6666485471271298,False
1784968141112,Cope,CFKZjWWeok6jv3WUf7KHTKNtdBHBowKLJ5diNUngpump,1,67112,1132229588920,53824356,151233466,0.097409,44061853.416893,154543414,0.110482,5ZncCdtuzL2jE1ZApEPWs7fKzt5pLFjt5rNxWhJVQvZZAxy4g9yr5wrYwewgw15kpsoYRrVenYh1L9N9jaL7uK4m,0,1,0.8186229560627348,False
1784974511543,Felix,Gd4Zvtv1TQtWWQxFPXYtUxz1bVkWyHtZxSV2jKG4pump,2,45474,19024912938411,1106084080,1109896904,0.003813,979102888.657661,845009249,-0.134094,2jgmATqLYn6Pt4bEq8yUVhagSyyWSR7LwCPcs9rSn8ZyQCNX3vubDctWrhNjypRdHdxs8cweWGeysJ3xkvVCmob5,0,1,0.8851975237340555,False
1784978141348,Doji,5WxgEhrNeK4QXFUndYfMZaYRDun52ETVCR5Vg6at8V7c,1,27690,7546995874437,716503149,137384684,-0.579118,369796622.86161,108450528,-0.261346,3QKjkcVrqCYY6LHo5PogHVkyaBKUqsxAQvXWi4Jk5NZyDW9ckyTjHemJxXHjmcXtrNSZFEJhpCUdHKv5mHkx79xo,0,1,0.5161130462269747,False
1784984210824,Felix,5gD5uCFtTxWwp7iy7wz8whVp5nGbm7zMKrdE6RZBpump,1,14634,26344317229971,2004079080,1676720413,-0.327359,1553017349.48645,1471979341,-0.081038,4sPAPCq2m2UXCHB86E1AaKTsM6oJsW37L3phJvovHPVdmSP2HRGTjQyRq77HF4vTSwoJhJextdoti4kwYmavDjkL,0,1,0.7749281777276223,False
1784985389836,Doji,GdF6cPwz3JLfrzBUY3UqePynp4w598eV6KfvUDTypump,2,122546,10745236052182,2422148974,1112262190,-1.309887,2241044456.722092,1662859930,-0.578185,5aFh7xxkbH959iStWFZxvkjwJjX5kSxNW4Uy9cpfSmyJSJ2hCZbjnwLS53KcFsGphh4ES2Nwr6n3qmSb1dGQ692M,0,1,0.925229818965748,False
1784986029476,Doji,GdF6cPwz3JLfrzBUY3UqePynp4w598eV6KfvUDTypump,1,8087,15456450113998,1787205726,1735426799,-0.051779,1606125286.151787,1448927138,-0.157198,47uQLNi5fkJPRxMj15WebMhKU9TwgbkJgjftHSqGDnv18xBWQ7TCW3rFpG1hxw8Kh3rXg9bkRV3u7hHVEkW2QMUB,0,1,0.898679577166813,False
1784986197183,Doji,CPSnZDjDKnHUxxf86tRAzC3q9LgF2wjsBi92HyW9PPA8,1,1283266,3292135417940,522039178,2928134874,2.406096,366868146.371689,2342870320,1.976002,2FKG1Th5yDfyhuYRRAC66bHY4ncug3xkwrhhdLSRwscW5SWi39pGgfmpwVTUZMLyHXTLKcXrkdUanu3Uo4XCNpNy,0,1,0.7027597962612856,False
1784986294675,Doji,CPSnZDjDKnHUxxf86tRAzC3q9LgF2wjsBi92HyW9PPA8,1,8078,14080105326957,1715847934,1540116479,-0.175731,1684846883.882149,1692328524,0.007482,4ffuJHXmYnAxV9N3ezDtL816XvTo3BSXVqhLYXsQy967MiwrseNwXiB5VgpKsbjFaXCQ3KRXxqyvG8JLcNswmd4C,0,1,0.9819325189000979,False
1784986532948,Doji,CwHzj6zggcd2W4P5jxkJd68ms1T5JNEKnzypYFKtpump,2,284198,7018001349875,2514992288,2101868904,-0.413123,2419491910.826141,2387451997,-0.03204,4bjzWyijgK1NpDzHvr1hBTc2HWXk4oiovmFgp5jogHjXcJxWzGB7TJJgqBCJPWHTg7hSoFeToh1PtoocEJrdYZPS,0,1,0.9620275665935326,False
1784986664504,Doji,CPSnZDjDKnHUxxf86tRAzC3q9LgF2wjsBi92HyW9PPA8,2,221536,15559858174972,2507059315,1997296646,-0.509763,2035144103.203232,2106538358,0.071394,3TG7LR9sn4R9XJuKz2kP6tx58Wy9bYRU3KVZgsVp3aV8ZqbzzMfDzHgPz9oUvDDJrPfYZjAfRPxcj5mSLr3ZHhue,0,1,0.8117654381078064,False
1784986682724,Cope,2vpVCHxSAUTXpYTgjWGYjwr9Ya9UYNVTSDBRBoXdpump,1,23741,23479052983440,1266312269,811375502,-0.454937,869275657.258125,712340982,-0.156935,3XceMT9GDQbahA9vBkoFjoCxHG9sMJ4gapm6BywmimT4qJxciUFFwgfgi3Bfnac8HUwqpzZGcDvZYQuNfrStLvCJ,0,1,0.6864623193966108,False
1784987302563,Cope,kWMTbTugHi8QjDCKPV1JQeUu9mJEJ7XWBWmSfbMpump,1,14231,16915412951538,680338385,515874193,-0.164464,516750064.000076,498316052,-0.018434,4RWfTBYSSuqPkf5yikxP7opbgLnHkSj3KkNSauM9b9TKBBAh5HJMFKWoJ9tNvRja8wEDKYzHfARv4WLET7rjtiRP,0,1,0.7595485943367373,False
1784987408755,Cope,AbVMqrxzmDhoKdtpZDjcuqepuXJShHssKUG8nhTUpump,2,36064,15561234789678,1944830084,1273102493,-0.671728,1752797832.285439,1331706594,-0.421091,mHzUEYpCyWmwirzSidkoNTZY48gtLxCBNoiLwEMt8LfH9ViFAYs9ShAFvk2p49vXN7DauDQ8AC9ESVRANMe7Lyp,0,1,0.9012601392304661,False
1784987472544,Felix,44fR1nqFXwphuQcrUsGpZ6LtAXTFwDsRGyRECQSDpump,1,1943,430949425078,54388727,3091474,-0.051297,47435780.814926,4920309,-0.042515,4AA4GNG7nMmBbUos8YASH39fgKR5Et4eVdo2MJDrKbBZrp9ax1A1tghBwEFbnwhQzjKAG5LkMkozfjQ11gMGXAgF,0,1,0.8721619981090198,False
1784993135073,Felix,F2JXnFoQdff2hkdVQij5Hssu3w4Hbve6VT2uUpAKpump,10,19408,22062231664640,2922124080,2269686211,-0.652438,1370603124.420334,1460500334,0.089897,5bDS7B4C5H3aSu4jfKMRMSsgmdtvCu6NeaxVob8stPVJFaF1hcurbhzYGynnXtn6BwutYFujeYSDDe4LMPTu46g3,0,1,0.4690434378886245,False
1784993186926,Cope,BSmKyMXTTuJvSRdHkdwMT8sZvFaMYuyuKrTaPMJXpump,1,1945,22914987373629,1266564285,652263973,-0.6143,656169211.170536,628698330,-0.027471,4uMgAiXvndKxk3LqLGmH3qoRBTEPm2vaeisHujBxCg51Vz2ANX3VQ8dmgVa8vxzPo1qBRQa61o1ppxhJN8tqpXQX,0,1,0.5180701989954943,False
1784993191202,Cope,HZ8TNeoSgu7VTjuWRBNty8wSDhXy75Vkt9rMBir7pump,1,8152,3495185752690,678307018,1967033853,1.288727,642415009.552414,1831416734,1.189002,3X7gafXjVumitZeZJEQEJqHurWAU9BcZe7vxRAk47YgLqDruXPuBxJAT793havCFVoTcz2LGaTEc9duaoXYtJJkp,0,1,0.9470858954792857,False
1784993696145,theo,AkKC69uA7upAfRzgy1GPBPK5MVhbMbhYFXqC2uVUpump,1,32752,3322483681948,263605000,2037453077,1.773848,178273284.994133,1580674891,1.402402,3wPKn1TWGks2bcHVyyEvQGDrfGhBAaaBBn9F7BrKbSkZzVdf6zxMicMiqKaDR6QZm2RhrhzqLCahGJzEzyKX1nvK,0,1,0.6762894671729784,False
1785001491024,Cope,BvSmdctw8HdPzSVZb2Km5qF9zqNEnKJsmasqTLRBpump,1,8302153,22058628601693,1266348882,719814197,-0.546535,932188524.107239,677922414,-0.254266,5Hw8k6ubfWtHbjT4FzHedVWLfaFHVXFLsWxmyjf4R8EKEUA6LEC8YNdwT6JWQ849FYxum222n54Ad1w7VdUgn9MA,0,1,0.7361229889783557,False
1785003683064,theo,6Yr6Q22n61RGstm5jWWLp4SQdesi4a2F7Z696mG4pump,2,3873,7659033588391,527210000,5373148217,4.845938,441839710.59697,4286312914,3.844473,3x4SgudxkgTKiu1uRpaaYm8zMbYEqqAKShUsVqVa2ZaRWR7yeXp2Ncd1Z5hSZWCJZp8AYTfdCfXFBrNupDqwkERh,0,1,0.838071566542687,False
1785005703405,Cope,2m7WbJVux8BknfUh11F26SqRiQgcYgXiLwXcKyFFpump,1,14411,3928359636452,254362036,1056918250,0.802556,229391875.419891,972511788,0.74312,H4MEjKmiLmTZihV5Wtefr2XRQHedvxqiPABRp1kRo6m3fbXtSkSbpxfwYTv1VPYvLD186t4TRnvbPFehvRFhbJ7,0,1,0.9018322035285604,False
1785005866692,Cope,2m7WbJVux8BknfUh11F26SqRiQgcYgXiLwXcKyFFpump,1,46552,17458595349504,2021991878,1614704969,-0.407287,1868417507.262856,1503307304,-0.36511,rD1bvEPy1sQ9vsdYRoehmWr9QXQK9tJt6Fszjf5tjnVArYeQ2tPF6zYfiJ1hcR4mYJ2mK1BHP47QgMr13bt7ht2,0,1,0.9240479784275651,False
1785006019779,Cope,GSfXN8yzjPvT2VwcxfusCUVevcwr9WAZgP9TkgBkpump,1,8044,23278611513848,1266681541,654597029,-0.612085,699469284.923649,665883596,-0.033586,2b7TSPa5RDPxLY3V6M63tqLg8nqRyv8QVaZLowD5VXzRVzTsqVtjEtw7nKfFjwadaJnzsxUeC6iBNAG4trDaiGAp,0,1,0.552206108862566,False
1785012830994,Sheep,86jNEjvnznPW5QFPmgm4ETDn7UyssC2ovpDi6voGpump,9,17956,6274661944815,1424192239,814627145,-0.609565,918137634.018692,764602007,-0.153536,4nyRssxaqu6BD3nFSNzERxyHqSza51KbhTHM64RKbN8eQJjarMmfr8MXzRwYfMLAoCEStUG2C32zoSjAKcVZmsJ8,0,1,0.6446725441105933,False
1785013226243,Sheep,DM2B3D5iBmmVh2miYAym1G9yjfgJBKkgWsNi9kJDpump,4,9876,26563834005516,40500000,258412080,0.217912,26186497.477039,162907807,0.136721,nLcaL3Ch5AJW8wHiPHQNzLgCARcRVCJeq7qEU7aWibBxZ9whhgtwtiSd9yiG8f7rVvypik33fMNY3FvvV9bEtdK,0,1,0.6465801846182468,False
1785015838406,Cope,86jNEjvnznPW5QFPmgm4ETDn7UyssC2ovpDi6voGpump,6,2958552,19883596613414,2985967610,1534489839,-1.451478,2531021523.634216,1589658366,-0.941363,TrLPFc4tYVAEPvb2YvJV6PiB35deGLNk9FVHb16kqbjpFTEsm47YHyFzobjdDTQjuU5Pdbsd2kGxCEzNVBuxyGc,0,1,0.8476386398693105,False
1785016290446,Cope,86jNEjvnznPW5QFPmgm4ETDn7UyssC2ovpDi6voGpump,1,92240,137652119105,52517755,290122482,0.237605,41320958.162506,278597875,0.237277,4wSjggmLQnj3BuGQqHXWbNjtpFNkQhftH9de9sgX9UgY57FAcqHXiMQoaKvD1RaT7xR8JqH6JjTx4tAzRUftL7jA,0,1,0.7867997815692236,False
1785016712946,Cope,BmqbVmHAxuaJS9jRsciMdwDYfDMJtXfsocTuCBUCpump,3,24570,2226083064157,110072785,1258952133,1.148879,77179451.530121,1119081745,1.041902,5raFk3C4uFbrqT5TkcAoo7UkKgeCcFcKN3YU3Rp3riSiFKppmRBG2VaGCqKSRjfNFpwCXzAjkQvWqqkLsPATMt11,0,1,0.7011674278080726,False
1785016948933,Zuki,9rwmY3LRgPEuQ7UroTpZiR5Pyfs5GSteP6tPgw49pump,3,20936,21078117602546,1752335783,1334016994,-0.418319,1544556044.414726,1081710760,-0.462845,3XjkTqzoeVLMy3TnvzSALZFBpXPZ8EEmcUTLaYkDRzpL42xryMeJA9dXdCPixmVFddB1SiSReWnVtpv7kFH9t4En,0,1,0.8814269841425284,False
1785017085723,Zuki,C7XG4Fisg7c4Cw4sfzKxsoTsLKqQvAYPeqqaJKoSpump,4,12771,16982274562215,1278396960,748773646,-0.529623,785969567.141777,849650089,0.063681,2zoxy1sm4rAgUYFoCKs2H7smoKNgD2TfwT9TqRD8RT5k371BBV8ZgK3bGjDwGpfHvZLwokJoBvtWwpkquCunVPix,0,1,0.6148086953693765,False
1785017187747,Zuki,AeY8nJAkiY7Qis34JvC5HfNZMkek4ogakZWm5oysvTkd,1,18404,1779686907491,239405000,1277982971,1.038578,178734415.572899,1075337327,0.896603,33u8E9HbG1K6k6kwMg1hMixL5gYEeoD9GYJekGsVPDxKCTsxcZ8ztSp71i11jxf7iPfHbJvWMwWcavfJsR296YD9,0,1,0.7465776219080597,False
1785017200898,Cope,HDjZe22gxmwR8tYBtUnweodPtKVsSJJohNn7gGLrpump,4,317376,6963794390086,834979179,2632404308,1.797425,758412717.604988,2134667591,1.376255,4pdmm5y2ymaoAxddbyhYde7B8chKqke2aLJXakQgerLBr57HRt2tbzewbHDv3QtLg5wwai2ztzht8uEMJ2Ef7C6f,0,1,0.9083013525119146,False
1785017398005,Zuki,3nov9iH8J1ZnLL2Fn5c2J7pALRw33zTVedWrptBwpump,2,63930,2765174672209,244410000,1901106892,1.656697,206783280.99115,1906524792,1.699742,4s9dPhejPseqCNQpoKUJSSRYrXoh1haKrZMWa1tng8Q81jVxAoJzFbQi7sGGkf5Y7CRWtHPygLsc2Xyx2AgcPePH,0,1,0.8460508203066568,False
1785017890231,Zuki,3nov9iH8J1ZnLL2Fn5c2J7pALRw33zTVedWrptBwpump,1,82937,1000252957746,239405000,5515780197,5.276375,212226128.231415,5343507961,5.131282,4jJa2uxykaHVPJtQh18CvYMtNFTuu9GKwNBMPgoEtCmfgbhxgX4hPxFG7434YBKpnTiLbioMdUHuwvk6q8ksUSM9,0,1,0.8864732492279401,False
1785018112943,Cope,3nov9iH8J1ZnLL2Fn5c2J7pALRw33zTVedWrptBwpump,6,826336,6321485124058,943632567,1914032137,0.9704,751392133.653824,1826304372,1.074912,258kCx75tmym9Y43QR9E2vedchxb86h1Eeo8cbE778C5k6mahwgLhDM3iXFYqbU7kXrXN9b5AFP9464go4EuPRvS,0,1,0.7962761777528011,False
1785018935845,Zuki,7EJoN7Mah8MW9bCgK4fAEy9mjfc7w6K3skspvPAzpump,2,52059,1160849136916,243818593,3691310165,3.447492,231844482.854752,3870591174,3.638747,3nX7DnGeZP4R6Y25qZjzSJnJwmfZUd98MUzsu1UcYv9VFQKfpP4WJqqhsTbsYYPQWEgu1Do9Zh7fSZBLbNxQzho2,0,1,0.9508892656711869,False
1785019793388,Cope,6Ghz7LnZXNG9YzsWN5LXsRCH8royABcFsBEXEbwmpump,3,456855,940191308232,157989592,1461481627,1.303492,122268380.13369,1092132803,0.969864,2FCi8j1yPPpKSzranucavhPjfJuF2nyrfUi4H9jr63oKFQffcgWcuHeqcJpymv4kmyAxmpgMYdP5X5faezcBzARq,0,1,0.7739014867111625,False
1785021190664,theo,7tnWAZ7yD2riv4MBYC51FLRYLUD8nbgY3LN175L8pump,2,43384,8503175715081,527210000,3361508543,2.834299,444508124.209801,2159163148,1.714655,31zxBdEYdvr1xZNqAH5T9yJtMXVdyYQB5QZkNEmuJvNkF878x3jk2777xH48srN92zTLaPrATaXSP5axK9pimG1R,0,1,0.8431329531112859,False
1785022290629,theo,H3VBr4CMJWLUP1NnABFLMMADzXUqJVZfSLi7YMPZpump,1,604465,1881587769608,263605000,4573536985,4.309932,185271341.291351,4344796065,4.159525,2cUVy76nDmKJqtM5NEhRUeWYX3fjn1xoRcTXSJVRWtx9m9EozhJgK4a2QKzQCn7HP8MjkXQZ2Ty2eaCfANT61BiA,0,1,0.7028369768834088,False
1785023832875,theo,GpJVCnvXPANewWbFmmyqTZF8d57bPYMchG7uKfb3qpu9,2,71794,8283293463677,527210000,5838498959,5.311289,452924119.418884,4579853028,4.126929,AfsytohhuA5ygLpFTw7VX1D77wbzPy3DYHHttz7JWAMvUp4kUEhLnZjQFejV9eCmZCvfqMC6GqsQBqZp1JvGMBk,0,1,0.8590962224139982,False
1785025986049,Zuki,9BqV6Q3eBrsD2fTrgMyyfDiuLtQw7PmbzMHzYcwTpump,2,58795,5873180485627,478810000,2107826101,1.629016,399842734.934708,1083255940,0.683413,dRGcUFEZL1JDXXYGjxwHweDznibPpmGgAGcUAhfrH4gidYbQcsaK5anFRxUX3CTe6vgGC4BbjpwZ7fuPC7nZWGz,0,1,0.8350759903400263,False
1785026315466,Zuki,7ZrosTFjDkBNUW8FhFv38d6DrAsSpJ3xFLHQnxw2pump,5,143811,3492273881021,616854018,4694801146,4.077947,500528799.736382,3572821156,3.072292,3XUNA9oMKsyTGBuStunB4L5DnVA9an6qBWctmTzu5pkd6qZpkPc1SEp2iWDcy6PCyTdLGyahpEqbZ9HJUipXeDsx,0,1,0.8114218034264016,False
1785026562272,theo,Bh8xPTErbJox7XwZwcFhCSLRcRfaLHu1qgyB2SCgpump,1,10398,4115652970585,263605000,3953256227,3.689651,225444680.166435,3496103347,3.270659,5RbmhMhpPFVSZiR3k86QKDcLRdyjmQpVukgAC1oYUCbVv6cXgSuDsQuxVb7XZqW8sjcb3MBv6P5QpWhHgNckdLBn,0,1,0.8552367374155839,False
1785027472388,Zuki,CWt2Gvw6gatDY4hE6mVZrTYgwhczrY7WcAP2ukaUpump,1,82125,2352292420942,239405000,1787192098,1.547787,230205460.881042,1971432767,1.741227,2CT8h2JHNJmsge4TfD3Z24iyHk4HTA69uZzSuWjUrUYFFkUHDsBgChBB7fkkiWZmi2m5RV3rMHBfYxKtFbwLasiV,0,1,0.9615733208623128,False
1785027720540,Zuki,DAVcscHeKPRApc112ZbTMtELdYcKPgqqdnFBR5CZpump,3,37603,20005785660417,2420290416,1793377556,-0.626913,2100309793.748924,1868857957,-0.231452,2w7bguEV2favMY7dW1khUVz63S4CnSmvm1bHLzdbes6ZpDLpGabaa9LKu7REdGCAsabeFr3NDA7N9EL6T5dc6HnY,0,1,0.8677924681535094,False
1785027831749,Doji,76PCP4RuiuftyYxFFBRcpW89BjLRoZJoLuHJuJGFpump,1,56744,10836129879687,3692279080,2739267949,-0.953011,3646666422.943451,2721753915,-0.924913,52eA9ZLvgT92Kx1q2T9W6RfMaxSpvcvsfN6QTnqCsyqPswrpE7wsiEDLGVkWBNiBTPJijjNQeuUZeat5ChA8WYCT,0,1,0.9876464763176707,False
1785027997268,Doji,3KVczfMLjGPdu5vRNs6JSUXxUivZpneATMczY8t1oA3v,1,435584,2940981835324,476175740,1375460875,0.899285,314870721.347305,1883457997,1.568587,2zFfHuKiBvU77CTcoHzCJPrZpeoZMWe4gSYpWpUv26SSM2dCJwjTyxNYcpGtEJARkQyJ3NzrvEVkL3ET59tqJbfU,0,1,0.6612489778402088,False
1785029008413,Zuki,oQwNaPv7ey9T21BU28HWz4Xk92HvjFkX6436CDApump,7,65015,5383416175958,501078185,1285064887,0.783987,406262733.576424,1084063780,0.677801,4p4YRBXZtRquQ4LEE5cfA5MoC787Fjx2TygAnbZ5evWzuSn8a7wxXwx9YHTvaCHxourn578JLRENcjqjAKPEvu4w,0,1,0.81077713166943,False
1785528439736,Cope,hjZHYqpXLkbeAq4xVYNwAu9kNA8ppG9AZQiNjAYxBob,1,2008,35680154567775,1775818417,1642104944,-0.133713,1625014607.981621,1495364266,-0.12965,5NojtwQsBLHchzv7DSFY1bU3Td9Ghnom1BAWLHWwJf9ZBCH2iEN1qbfGf3n7Ywwzau62ABEh6kNF5Y6XxdMjYGiq,0,1,0.9150792628487652,False
1785529408199,Cope,3kNaEtere47evLWxTJ9gpzeJZxVnxQmKV9WJunHnpump,1,8804,50979120946079,2528781950,1860088764,-0.668693,1714129132.142517,1453530226,-0.260599,4JHbhw7gkCTiyXfK3xd8PC2VbYa4X5BrH5HgVxZiBsU1tYC2HWLan74ZbzVi77oBtuBXzn6AwgnUQgWa88K8rm27,0,1,0.6778477409420441,False
1785529525459,Dedmeow5,Df9uSvwCayqwLcehEH5D8AFXhTxqvGZvYLSVVrTYpump,1,89660,11344001369095,1034579167,1012104617,-0.022475,1230437426.512634,894642445,-0.335795,4vq3ru7WLytcDfzSuVx85zdKNW97mzci1m8MKpVvEJkAjH8DKzVtx3g3LmeC9wxJKZRis7Nk2hanEqC2pgn2nV3t,0,1,1.1893120079738027,False
1785530552058,Dedmeow5,HZo8T7SopmeauufEokjaTHSzLi8cJ5zjxrrR4oq4pump,1,62591,29286436637532,1034579170,849414402,-0.185165,1037120262.011929,831007230,-0.206113,2UNqa3fHrWuTVu8rjqq1acoRpevpSNp8KRYyRXm7ThCQ75cLkdaSheC8Er4N3NjV4sBbRhSJMGmwN8B9DDteyVcu,0,1,1.0024561600364803,False
1785531819055,Cope,4XfTZzGBZ163PDQ46vzLnA8c3KxFYRB31t7FNYGapump,3,310765,25923474759342,7581606101,5418331664,-2.163274,7132333573.494171,4925559193,-2.206774,Sk14pMfLRfJymhaLHEUptxra1mhQoVFihpAf9XJSXtFwSsqFWMXWZYiwaPCne6H3UwsZPqtVL6H8wZM5szZRtc9,0,1,0.94074177403564,False
1785533227170,Dedmeow5,6ZTFQ6mSkRbki4QsL5zKwSNvkW2zf3zP9Erq81bA9Kw6,1,73950,29559250704707,1034579095,836217860,-0.198361,946189969.179863,816385018,-0.129805,TSeBa5YeizbWXGFdiRJ7wSQ2zbfiW2z1QemynF3MEg4kYdQA5VUuBoK2RhnxkAVnjSzYs6PCFxittYmEScfwyHT,0,1,0.9145651345099555,False
1785536218168,theo,2vi6pr9dxCKgthHqgkUyMv28x4s4iPRF6bxZyMoPpump,1,15227,4431849990400,263605000,3892557489,3.628952,213685870.09417,2331571297,2.117885,2qumrKAjBZsP6wf47hFgEpp8dczQNn1JsGCFX2ccxgySHHaACoBcuouPpgnKj4vRgvF8vENMrpVg3F6K8FFa3Aad,0,1,0.8106290476059634,False
1785557103278,Zuki,CLuJ3Q8vMuxrnSQKWhXuWtChdroC9tTbjDXjTc5Bpump,1,1911,5209761215798,239405000,1505003088,1.265598,148406788.580151,973471849,0.825065,5ktYJk7rhAyWVxm2TVNmqE6afqiuJGJktWpbfAfquvFHynkyWf9B3Rvv3sXezsiCQ6uRvzWWEqUHRARjsAg88iU4,0,1,0.619898450659556,False
1785557537041,Zuki,JBU7RP4FesJ1nqurWVtjwWnLh58qt9Csk9gGDqLqpump,2,9804,2017054874462,87877271,1083722374,0.995845,64246535.110386,998457832,0.934211,31yomEbZzeuhLKhYLXzKZAdqs7wFRniFTLiJasMVDvCeUoT8E3UNci1ZLHTvGLMpAtjjcaGKs5QejS6PSqnTHjQo,0,1,0.7310938810376348,False
1785557700307,Zuki,EeK2UZ6rYCU2wMcdoFBVXE2pX6H5JYqRwqSSDQ8npump,4,139321,6355397165716,556591204,2664400283,2.107809,503760817.324707,3157222649,2.653462,4sKJwVm1Er1k8BiuJu21i9n9MygoUmbR24E58HVtN41GKqf7vMmRCjBG2Ex62tC1LejUv8EjsnsHvB9G5XYFjtxJ,0,1,0.9050822465471571,False
1785557718522,Zuki,XSiPSAMynhnYTeCE3U4ViGcQY6tZfsW1YSEu2Khpump,2,36033,2778104783888,244410000,2099732484,1.855322,200806672.95787,1185174630,0.984368,2vNhwx2ju5TqCcUCs1j3SNPmswu1sawTAtsrULC528XTdVmYANMaD1XK2FW7KxnaBrqED1KHfRxUFTs4e4RkaDKp,0,1,0.8215976144915101,False
1785558089731,Zuki,EeK2UZ6rYCU2wMcdoFBVXE2pX6H5JYqRwqSSDQ8npump,4,224216,2200047711485,254420000,2813588816,2.559169,229646147.003288,2507825389,2.278179,2Fj7USuFUcVzMdC7rA6uhMQxvMeLdeLmk93jGzMxpUzBHFD4zR6ZyLyKkcMjGyyi1eeqhkoDrGSu3R59CUrGgukF,0,1,0.9026261575477085,False
1785558274034,Zuki,47pPggr7QZkbsizK4F9dTb75o6WMkJZu6vwPV8iapump,3,71195,2682900149119,336083530,1250304454,0.914221,250641775.885635,716419010,0.465777,3877F2jVyCwi1ZKcomoAsgMtp4URbqjsZ93iaBaDQdDKmsfbvbJQuwWjnLujXEAksZGHHFHYvDDUQFm9wsu2PPwo,0,1,0.7457722664530303,False
1785559007666,Zuki,54LDfiNTvbER6uhB5sbr1u2aNKRh2crt1dk39rM9pump,2,22930,21565340171440,2352817220,1417728271,-0.935089,1482055574.596008,1457225042,-0.024831,5SKt7d9Zzg55SvZoTLNki2ayxyWSVnJaYmnXTaks8Tu9bQE3kouw2cv8QwM5g195VMc9c7pWMXkyCvEeFmfdCUoS,0,1,0.6299068036385793,False
1785559010748,Kadenox,BJ3bhEJU1NaXsRdLQNfUPWUK26xLv8vZ5akE6gXepump,1,7053,26073765177214,1034735612,1230203600,0.195468,846841384.102837,802003293,-0.044838,23WaVUUxv19wfAnvTabh9Rcq7jd9RJEVak5riZi3kFc16vywDzk3bMKw9ugNCi7ghX34GeFEE7jvEuNfgC49NgCn,0,1,0.8184132973504318,False
1785559140554,Zuki,CzrSUExu79xN5XW3s9t2NQRLpYR6LMs7jf9dF3xhpump,2,7842,6158287717763,478810000,1519164767,1.040355,203202733.558598,746812871,0.54361,4tLGBaoT8nMS5nGR5NiHbKwB3Uo6dUSyFtBjCE22yfJdb3Az5cSKB5rauMHPU8zb6HBHDtcmkNnbAWaiCtcZV9wr,0,1,0.4243911646761722,False
1785559206087,Zuki,s3FP8rna8TcT2tWcZyL1jXnG1xa17Q6cwQ3EvA6pump,2,60307,12299158560755,1525549261,1762190558,0.236641,1381852593.634979,1733763170,0.351911,vg8piXnDRz8oHtynxe8ijwXe69fdP4xuRxSLZ93rqiiYcokwLQoY7B6Jjzy1VLhEFnzmUh8KT37SCFP41ivpvHm,0,1,0.9058066028816221,False
1785559607442,Zuki,DBzxSBo14XTbacjrScmUUcUk9jzfD5DcAohck8qgpump,4,98477,6185133541312,644910946,1822890322,1.177979,620969889.984528,1593963770,0.972994,B7XwcZXrcBxeyecCV1rFcCb1gXDqdKSMc8wfwMbKWDsF1RCu2wGQDwJ54BmgTbfx1rXCNGNKtg1vwqgDpcBuhqd,0,1,0.9628769581847475,False
1785559864980,Insyder,s3FP8rna8TcT2tWcZyL1jXnG1xa17Q6cwQ3EvA6pump,2,113245,10798227567298,1462234989,2348959109,0.886724,1406018658.973045,2153041045,0.747022,42HhqCudxGrdUu3QjVPwkoomyZCPawicgNx4vqVgspVbjUW4pmqnu4H72qnJRut9QAVqPrGS9fVF2YB6sqJ6i9CG,0,1,0.9615545172630561,False
1785559992966,Insyder,4hJdebkeDsqMHRx5DZpoPH6pN4BseuVyXbJKqZKipump,1,11884,16282406517693,961749043,692826528,-0.268923,587139071.876945,457064174,-0.130075,4qqkTyNGahuQ31R6rhcQtnVtdMyqWnSizwCMYxC9y1Vjrk5Q83ZzefvxKVd1AbrhBTNV4i4Q9VCDtxrEtB62Hjid,0,1,0.6104909343558816,False
1785560519849,theo,AGa6eXQoCF69jtLGFSeUkuAMDdsFf61cQx5Lsrn9pump,1,55005,2059375632136,263605000,2469746412,2.206141,183179207.878914,3135105457,2.951926,4okFm1wpbzScUbgwJgCXCS76UgtNWCTiC9FGqn4JqwbZV4z393R8bQDSzqy2u1k5gEapo5xRuF38Xn24vGwGLo8Q,0,1,0.6949003542380228,False
1785560898783,Zuki,5ZvtmrQCSQkE96kUcZhfCiQejksBCDBLmaiCTJTApump,1,6908,38366123623634,1183795961,1154675524,-0.02912,1133342150.357876,1060347753,-0.072994,2Mb6Me6hpU4C7ah7WYBY5uxzztMjCTQSbbumbTKp3QJJPDqMKA1j8WJfBoatxCKA5zi9jmSfNcSufP3iQnoXit1K,0,1,0.9573796394781551,False
1785561055616,Zuki,8YPrkFuBer1bpzS2H2SqRU6A2xp24Sb7MWewLNaKpump,2,17986,9504319391236,1070583543,852732506,-0.217851,969764015.028259,1064365665,0.094602,5ANFu3nu5g83YK1vAqE9sbe7iaiJ5WeiV16KLyNN3pwZTjYaBz3Q8o4Rrvkj4zFVW1v8GXPL9YFkgZp5dBbZErQf,0,1,0.9058275006832036,False
1785561309371,Zuki,93baQJzkZA2T6FivXKScdYr2ashXhwG9K4YLsffFpump,3,136504,2346902638164,718215000,2876432363,2.158217,602576566.775528,2264505941,1.661929,4AgY7cozMHd1f6XY61UNyLYpbEWAeKwU7uhQE8ocCSKzXM3PdLAJyrMoRqq5Y4XQbH43Dz1foNeCYZQMLvw2CLhB,0,1,0.8389918990490702,False
1785562778964,Insyder,GBTaokg7amY1bkuZ7GBnaDuRFU4fBY3JTjp6NaCKpump,1,41547,4110859584774,510455000,2772192291,2.261737,489840890.05423,2753203089,2.263362,4BnzYo36GwGMtNPEVQLmydutqJdpNHjdSbuTb6zeyM6upbAhWH9vLoBSEomFCD7yZjqVkGKa5W2QAGYNiXqh66cT,0,1,0.9596162052565456,False
1785562871164,Zuki,CkgNbCoBAQMD1qxv9mfv1SDVHEMBvavMUb6jYCUtpurr,1,7182,10564662541758,1831314061,1361799275,-0.469515,1509929263.595566,1785347031,0.275418,31FqM2iC7DKtngjpzvMRN7aiCmqwQwDQ1ucpk3yy7Ya9QAaQD4oyvUymQB12gg5BNtqe9gNS7JDK7zJ6MRxsr9jw,0,1,0.8245059084901364,False
1785563003505,Zuki,GcFGtGhxFHGHJF1DEJkbQaV2rk3vb3Mpqh5XAwTcpump,1,7450,12328858541069,2047997579,890649834,-1.157348,1715828584.276512,814360883,-0.901468,5chBNTpshk5RRNAxdPsYkmuFdFvYHXmruMcvSWVoMhi7eFEcEGsfHzwHoXRa5skDtX4K4Y1t3A9ZVTUgTvrpw5Ua,0,1,0.8378079163132214,False
1785563321561,Kadenox,BqLc3AjcFbRLdYQM55mXgTfkw351UdWGyXfGrSydpump,1,7522,16457847017023,2194482725,3514696620,1.320214,1906039310.821213,1906279923,0.000241,3nF2ftLG8DDh4VfLvEVNqr62CyrRcomHzrtYbbHHiMhQkBg14UH9c49Zsm6z1sTxjsEW4kiDr9ebDxdaaJqt7EFe,0,1,0.868559724397563,False
1785563411908,Zuki,GwAZ491MYcTS92Sxbn2Qkjnj4GZodU9NPR74CqAdpump,4,117573,3461340831987,488820000,2476130574,1.987311,463554026.147186,2306441623,1.842888,2gNLzp38cn6VZ3YRczLBrbHn1KUkaTZ9Zs7aruWRFfCmYcU3urSh48KvAaJ6GDJLmBhe4JWEufRsv8cUBuWC69wG,0,1,0.9483123156728162,False
1785563501398,Zuki,EmnjcV5nzqf23BxaDnK1YnsiVxbqrwHEvRo44AbYpump,3,27928,3231341732694,311578566,1270586039,0.959007,259795947.951042,1540140374,1.280344,ESEK7nXbrjsm9XMnZSbcjU4dsVvuUFnif6EdhzZLz6ePGNNFRD8vJzXrEdLwEhGpTRkgx17GdvaYoRpCjEG6Ybd,0,1,0.8338055832474753,False
1785563853739,Zuki,BMxJmHdCNUQGLBGmHGaFDez1qr6D9TgcYhvaQbcfpump,2,6524,24744449544746,1348948377,566038699,-0.78291,741942209.301968,360111584,-0.381831,4Dhwc2gLfbeDA7mLz8ncguQ5sD9vydeEXuXEu3ZFCehurbrfEvB2ww2Jv5eQvatemMsyAc7RebF8EFZsNkSTh8Um,0,1,0.5500152726022132,False
1785563902183,Cope,F1aNdJGFMJjUV2ZtBDEBPLFbP4ZMznaAtrEusrmypump,4,239548,42487176551174,2686020800,1227311071,-1.45871,2337630671.327175,1038280633,-1.29935,2NctehszSxn1TPX8di9NXZMNmxrd6677cHoLKdqjNNAoj2Da12jBnJNzEXpBE7Ty5AXmLeJCYaaYJpETcisVxfdt,0,1,0.8702950741584634,False
1785564162033,Zuki,744oZuDxnK6badQ7JMRPYHwob513fitiCCRy5oZSpump,3,11518,19613512504539,1750005227,1240267156,-0.509738,1603921056.490852,1531429309,-0.072492,5A6EQJxio2YorugEx83H3bQUiYpvti5juVaUMQ9YvJdkFnJWxvhhQz8eDCiiRcCi8tZGJ2SbBk1Xsj1JBRxGSN9H,0,1,0.9165235804697697,False
1785564195195,Kadenox,2j3wYD7AWTiAEcNrp4ZTM6NBfdQ1djXMx1r98Qu5pump,1,7479,23774829177825,1443669300,856256545,-0.587413,723909416.392605,691556109,-0.032353,4Ex7KqZa4yTNTcteDx7dJ2Co4wgJkxrhX7mcFhb6sKJZadUYruT9wqxx7XYPgRBRZhWWRnEudpcvS9AwnLFX3gnh,0,1,0.5014371479622133,False
1785564226924,Zuki,A4r5sU2Tu23rSoesSoTVHd1PobNe93vm9QSCVFZQpump,1,4629,4120330966121,239405000,619715501,0.380311,195562483.32505,561577357,0.366015,5Y8hyuT6J81d8tM1YUVJk7HR2jam2GVrRi29ewFZx57vEUq2oXpa9qh7HVenX96YgBRoEoWQqwGvc2a8AcenaZKY,0,1,0.8168688345065892,False
1785564312271,Zuki,9dMfGTsFLWbtgYMgYnbUV8RKAbZtPKW2ZiGkqXSKpump,1,6456,2160264491205,239405000,2897501226,2.658096,231500509.55677,3363161215,3.131661,3zbnJabSbF3ve7nYryMz31knFvtcNoxToyxZRUrsZN8g8iDPXZrq63kZetMGT3C6zQKPnytypWR9Beg3GBstwwV,0,1,0.9669827679320399,False
1785564402596,Zuki,9dMfGTsFLWbtgYMgYnbUV8RKAbZtPKW2ZiGkqXSKpump,4,16666,14338610396340,967298639,715381603,-0.251917,837732938.839638,635844274,-0.201889,JRkV5Bxc2AEcWv6fPWgvBhiQAk4K4krZVAwtm4ZKoSH5dk7AqX96oDMUPYvfzsSoh4fz1nDe1SzkMgxRAxnptPT,0,1,0.8660540861565691,False
1785564450507,Zuki,3YAeS2SG5mFrdBUkpwvZ8U3Zshz6X6nKSKzCMR1Upump,2,21023,22383807329054,1023826351,979736434,-0.04409,882910479.870327,807235191,-0.075675,4wFXHmDJTuRsPF333R42j58FmHKEh7oTnXoexnv4kSukPrc9uoSJRdjRyFYYkeRUshhiHmBxK14GCD545xz1fUTD,0,1,0.8623635043266502,False
1785564623909,Zuki,GrbV9QicCu5daUhRici4sbVeS8Wa6nV9namwjTn2pump,2,9236,19004011690939,1067999772,1263912236,0.195912,1040026370.363518,726801163,-0.313225,2X4ePUsm79nAKfL11fLpVd6KRGrnrSCi8WH6MmZymP4GqsrBFZzmZHDbpSTY4nwmDT7onkQwWoQ95ghVhXRd4nBx,0,1,0.9738076707787143,False
1785564688477,Zuki,Cdp7dR36f3g2mEwewowXPBMLJWrTz1HCDuF2achppump,3,16613,4707900162681,249415000,1734135988,1.484721,210678141.718369,1554060879,1.343383,43MFZbMHPisXtoJuykZiiFpLjJw5ot79GJWNfwi5KyP4Sd9JvKqWCBx59JCnQ5cQDJNVAKEpghAcWPuz8wjdmrHj,0,1,0.8446891394598119,False
1785564816701,Zuki,BvWicFvrGfFVJLRRJfoJqUPHAgjN8EBapUvWSvbpump,4,49080,28151736744878,2470815939,1585329266,-0.885487,2319332323.447327,1568816990,-0.750515,58kvYmM9buajHthPLbCJFi8PkKaeCv6uxETibeL6etojdDK2KZWo11BzbC8bFeeU8mD83EAsT9oGA6B712Dah6ht,0,1,0.9386908538343078,False
1785565109326,Zuki,BacHZXjvteYbAiWiPu9nwTNyUPDpp7apAHvwA7fdpump,1,7439,2668391088601,239405000,1307599974,1.068195,185284531.341843,1349476929,1.164192,4ZNp3MFmRH8VLEQPu8JTbCa7e2tJUhRkn5N2R3HptaVvxWWmwqqmrvLEGk6Aunu73XsFYfN9oyeFAtHN1nnhfANx,0,1,0.773937600893227,False
1785565113920,Zuki,EXdpGhPw7yqEemVFtM82GusHTBWG8SdoZjHEDKPZpump,3,31656,31103233898977,1554932232,1072289017,-0.482643,1170566696.590126,882574878,-0.287992,26SQdW4nqEzfXQBeP6DDrxBubEp8zbE87FdCY9Lf135yJn9DFPbbELYaXQtMmMGTU279stYbWUjJzXubxDw4LLqD,0,1,0.7528088186097399,False
1785565591297,Zuki,2dan9FEPGZo9RTyc6rVZC7KAemVYAJLhBasicKRjpump,1,5842,2695884125471,239405000,1561206633,1.321802,192398024.240211,1557964972,1.365567,4jDc3t4PFKwVTQmJxkpzFBaxZKf9oz25FCP7YXCzBp6X3F23Bv7ET2jhpwEKCZFrZ4R8YthnDDwWVTg7R9aU59TM,0,1,0.8036508186554625,False
1785565853343,Zuki,5caB9UTPgjEwhjhGkK8NHAyxTf3HheQieTnGpLxipump,2,9248,30453992414334,1117035418,1381926514,0.264891,1034670761.230782,968519861,-0.066151,51XMTr2NmZuMhVLPsQTxuVnFRCx6uBYbBFb6FsNohF8zi9KEyPvzPu4d8ttvUsLmHsNUkPv81YkXMJpmvzeeSRt4,0,1,0.9262649550390372,False
1785565994225,Zuki,6i3Xhmgdq64XTFnyi9wdur5NGstM8XgqatixBY6Zpump,1,13166,2285570987907,239405000,1421374566,1.18197,198452568.331596,1554261755,1.355809,2sSMP3QzCiz8kY9Y7Ljq1GWrEnPP8VLWanEKBEotBYXD4CjYfeD6AqMwp3oy14eFiHu5RowHR7GGSZswsyKVPzsz,0,1,0.8289407837413421,False
1785566083957,Zuki,85bLMRVAvpPs4VMLgANqi2ooV1ADZTee1e2ojSr5pump,3,10965,30959885433290,1188689278,1107688194,-0.081001,1085817884.380589,1028610040,-0.057208,5tPFytUxn3ZKURgBQsrSAxWAMA9PDoxPXd9U4sCPMF7QS7n3L3D54nWoQRvc1QkkPnDq7qQSdS8FQweemePv5B8X,0,1,0.9134581294512097,False
1785566127430,Zuki,2ZqYhFWcKHrJ4dv5ufanNQi9zFPD9YiN9uQKam72pump,1,16394,3526266933667,239405000,1914790258,1.675385,211727294.900406,1184845789,0.973118,3Afi6msmAanLPLvyBMFQv5L4KEgwTbwWXSr16TzkEQSxV4gwaLodauJCSZbUrFgb2jJ6ztxDR6736yZ4t3LKee1E,0,1,0.8843896113297801,False
1785566252375,Zuki,Fxpw8ythfQLfsuyZUXCGVTVZra9sYmBNF2u4bJkdEJ7S,1,4882,29392340777093,1213795853,1259488508,0.045693,982662624.225502,864445665,-0.118217,2TprfnGHjAMgF1RQ1V5GuYh9PtAfJmzsHPN9j8uMBpMG3tciWZpCQmZczfhjL1XXU2J4D48bSQPBJckXSCzNqcwn,0,1,0.8095781690115084,False
1785566432419,Insyder,CH44baAc33y16sTXtq1J8hY6hYBXCjFf1aZkc9eEpump,1,75695,340875532768,50023556,1011931606,0.961908,36088191.761597,1191390374,1.155302,Ba8WUPJCwtpL1pDQW6WvNyX28zbmSDoq83qovNfqTjkTHW1JHC51hbQomBogUKk1TMLk7qogRopY5DMKRvBsoJn,0,1,0.721423957976858,False
1785566481247,Zuki,GfjtFHU2yuzC19AB163jUeTgW9sZ4rVzL9yh7fkKpump,3,99060,4790093896611,249415000,1266723220,1.017308,232885470.448685,830580470,0.597695,5nZRq5CindYLiK52oouhC9936h8gWgp2jZ6Nr4BPguqjFaKGBHCWqPG4jd88wgT9qD8h525f66rhVWhUz3uZApRQ,0,1,0.9337268025126195,False
1785566716441,Zuki,38FSJRhDpHS452bwBAEBGN29mPh6F5t3zTQPsWtTpump,1,4779,1640015838938,239405000,2202885273,1.96348,199588071.671448,2007722623,1.808135,3tMnQ9NsCLG6dNKrSeqoCvrcQkjctv4AafePjy8W2jeCpZLpfGqpMSRfmu62AQwFQzuM2K9o8fb6z1Ebh7z4pfzT,0,1,0.8336838064010693,False
1785567373351,Insyder,Aoh3VNBnthkGYBoZZXtuCuUR5jSVQEKgfBj7uwg1pump,1,30293,27747271257427,1064931785,820200834,-0.244731,1016402843.203995,802772197,-0.213631,fQTPVE6ekgWLpoW8jrTTiHaimPtsyaiVbb7WAVDrikP729VrdZ7NmFrGSE5ngUe3KTFb9wzaYzGpXjuNCUb71NN,0,1,0.9544299996680022,False
1785568026202,Zuki,DeTKNoPUBtHM2QviwmfGixJgjSSfg2ZbPJBn6BZopump,2,36823,3228201581723,243711746,937082574,0.693371,219387202.263584,889033439,0.669646,cj7hR9zHx7Yg2dzh7X7yahdgqyUgkPVRiW89eRXFpTQB58Z4YKS3LQVo2wBMWfFj7BtMKfrsmZJjLJjQDjhTChV,0,1,0.9001913361352062,False
1785568194157,Monki,J6xME6tGDdcoeQ544Txn1S9xSZxaLQGCsQGbH5acpump,1,4932,1610292064425,222005000,1796136571,1.574132,78394576.572487,1304023871,1.225629,2Nev8twu9u6uKhTo5Zae8P174yhJh8KQ6Xw8gatFcunH8Uek9ZipupGKXCqwAnvMML6XcXzkYr8GcbqjXFwjC7xY,0,1,0.35312077012899257,False
1785568225905,Insyder,Y52MXirNsj3jPBSjBP29opjtzVwa2qVaqp2wWy3pump,1,1755,14996560535507,1148077714,851818313,-0.296259,733041742.378632,739862456,0.006821,E5oGVYiBiR4fPQow5GN99R4MB1dqaD5ADaNS7kVYjm2o8EE2EmLzBsna4Lyx3Uqt7du7LbnzKC5pkhVD8zTuhQQ,0,1,0.6384948801284996,False
1785568296469,Zuki,Hi4S3Zekj399jtFpKqQRnbARyDdS2nBKenoccmSgpump,1,1754,2428259455024,239405000,2805068493,2.565663,122890766.7677,1696081298,1.573191,22keCSypGr1CD93n2dcY3qPJQzMEXpcVFNDUStjPL7SqgtWqf8vxB6SbxHPBVwzhCkN13LhQnzVW7Yfvenwv2t4q,0,1,0.5133174610709885,False
1785568627283,Insyder,J4F7ajvF55izPk7HU1FmLEMciiBnD6jbBDqrS51tpump,1,28225,17345852512158,1062995382,628056647,-0.434939,531640705.795788,499023114,-0.032618,5QaUs9peF3PUpiuxqi3RfQr6e2ygcb9zBSSkRFwTpDcd5GdMCxR7kCAzrttuzNUg7QQyECvowLMTazZycyLUUPf9,0,1,0.5001345394328233,False
1785569009737,Zuki,E3omjjyLYiXPAvAY71HT4uQuiCuuBTcoV7Pr2qxSpump,2,12242,4357804300443,244410000,1772964768,1.528555,139558429.861145,1156622836,1.017064,3EB3egr6YGZ3J7dwPyjfqFmQgtwsahpc5ekn1qeerr8aURGvFzevedeSb5Abkevs7yEz3UNU2gdNhhe2ymMt8u51,0,1,0.5710013087072746,False
1785569243275,Monki,H8u1qYMgWq17EPHqiuZgjR9vLUzkCZvxcFZt8oh9pump,1,25414,19748046815663,1046399650,790243391,-0.256156,796986072.440086,622808207,-0.174178,2WRP1JfnTcV5XSK63AbNvt3jRAiPGACbYX5TjrEwR4d1PBJnM56EqXteBV8ZyGHHt4Q792Mo73pxTrXm6UYETeUt,0,1,0.7616459661851818,False
1785571497983,Monki,8sSDx45y5zVpt9KyDFek4yup3ium4wkdH5MvRKbPpump,2,3514,12228968317228,1413790625,995068507,-0.418722,1158772357.826218,565679383,-0.593093,45gvZqqGARCM8AVjkinKAy4EjjxAXAgxDqUNUumtCSPqsw2kkpDr3x8EmoPg5A5xMM8WZpF4kF25VkgRHDXhJdzh,0,1,0.819620909444224,False
1785571528367,Zuki,8sSDx45y5zVpt9KyDFek4yup3ium4wkdH5MvRKbPpump,3,36067,18355855449020,2047778569,1160145221,-0.887633,1826295151.907455,830269184,-0.996026,3iWnUqoGoFpyqPSJLCutyhcEeC6SJaKCjZbt4EWba4gEq9HxSiL3iAQ2NfNrKdZW7NTQx8N6PFR8oFzrZXmvawm4,0,1,0.8918421061508115,False
1785571791009,Insyder,JCpdY3wij52nnBvKNEBiNqHUTpWECxw5odxZYoMxpump,2,37996,1715738063088,220910000,1536458452,1.315548,171720699.719528,1297741318,1.126021,3kVf1uJ36P4Hatzdjfyja9RydsQgfbANsByBj9zUWmV9cUpLZhThAmooWUxHpAdJ5ebaPkLYpPz52cvHucnJ1e9H,0,1,0.7773333018855099,False
1785571813735,Zuki,9pLUjTt7aG7iCYiC2CZ8nx5iV5E4VuUzHaqKstzZpump,5,96181,3790078321792,704113666,1319603261,0.61549,596536034.932877,1356339118,0.759803,YmuJt4jyYu85MeTbkVQvJf9QHpv7r7fLYieM8tuf2eT3NSegtLRnhED2wDn2nCryX1E938DFfayaqjZwzh2gUSj,0,1,0.8472155331421688,False
1785572204125,Zuki,6ErD5pHcUw1LwunsqCptLr83VsGFCTNkqtDRUThspump,1,4755,16297314473810,1312622959,919015079,-0.393608,534005651.42263,482216332,-0.051789,5URgxGguqgmPK37NDuxf2agxQgGmkshan6kqko24e9Bqf3bR28i5xF1s5Jnd5vcF5ERkxRXPzPWxCAfh4hMRQDvz,0,1,0.40682333625297346,False
1785572277510,Cope,FkGoWXBYRd8mgHMdi4E9TAZBduT659z5LTmfzNSXpump,1,32016,37233645912929,1266401566,1294622067,0.028221,1234567900.077007,1052307144,-0.182261,Z5acjM2aj6nnr8iaHwtK8Ni5TntWo2oN7nLEqjhTfNmkAQBxUHWkoFeeEh5JC2s3E4PQaNSqMb75d571h6SrBQC,0,1,0.9748628975376733,False
1785572366909,Zuki,BEPVimw4HM9hXBZbYZyezPFUXTAK4ciiZdrFir6Qpump,2,9362,28436146758113,1255860576,1131837960,-0.124023,1072442434.319736,913675745,-0.158767,3BzuVC6pe2StkqyQpig1zhuaWgHGjzpM4d6KdfBjQJPhSj2XtpR6Xu21hrUBqFsJV1YcGXyvNWpFa5TAycWNcSkW,0,1,0.8539502352526559,False
1785572421165,Insyder,3h4gXcL5atCpQv5HSJaQ61VtayVgQmbTFwVsGmc6pump,1,18179,19428427093728,1041686203,743282000,-0.298404,769964967.140587,564575728,-0.205389,x7hGWH5Pjmmqt2p3kjcd5rhHXbeCsp7aA2kDYLBfhXur5TjbUDTNZ2Lwxd7ioxCM3e6Y5HdVuaXDASsqq7wbRha,0,1,0.7391525057384166,False
1785573354963,Monki,ExqPWbCr7NMxK57u6wejtgA78rN8be3iav9PsghBpump,1,64869,6711840659618,367480086,1277047155,0.909567,264439416.382843,987151654,0.722712,2q2QxzjZcY8kReFmCmJiSN5AXaqS3z8VDF3uPiQYgTpUchiLTt3N53V8wVFMjX9hSL37yKyGiJotx7iHmH9aQWFY,0,1,0.7196020313950917,False
1785574220280,Zuki,EevGpePVfwXRXWjxJCTN35mJ8FCpinqFLzs2XgyCpump,3,425025,2014337881045,248768873,2682698318,2.433929,217545112.526672,1476838485,1.259293,3c2rFxG8qmnbB4aFCvohEHT6Py5yBkdRUu2zqmDXd6yP4kd7UCs5WgzrgrfRdfjSB7Thc1Ms3PJ3ANYDRAEg3tD6,0,1,0.8744868676824854,False
1785574849840,Insyder,AHsP8aCrD1P3794bxfR34MVbJoEVBXa2ETgedNMhpump,1,19826,1622468225845,225136799,997296029,0.772159,180655051.730537,779081514,0.598426,3be6dRU4t1RCGwrABpBBcxRcVbia7AAqgU4pYXcPXZH1jR7M2p1UZK8EK1JrCBYDdpYM4MAsTftefC2Fw6RouzkA,0,1,0.8024234711204942,False
1785574991712,Monki,AHsP8aCrD1P3794bxfR34MVbJoEVBXa2ETgedNMhpump,1,230480,3176654132634,390972859,1363395733,0.972423,302535690.61795,1124782886,0.822247,JMnubnayRnnk3PXMLKdnf766yMo5tyvYapNDd4XawhQfxxZTj1pEsVqs1EfGT4QbqeSDtVzEfjNtYVnUnu1rTa4,0,1,0.7738022823163538,False
1785575351826,Insyder,G8Trd7UezUuZjADRoQoyGeL27yeM8UyJCazbnESGpump,1,1908,29593360287533,1242113535,1117106338,-0.125007,894030492.279339,844886934,-0.049144,ZYjaf4LW5WBJyw4gK5KUDTmh22kFWsEfc74uUcB8HstCQns43QngriBxaup7g8HZ9Fm3q9uB8EknSt9zgSLjnTs,0,1,0.719765518277956,False
1785575567860,Zuki,7on8RcZHDj3HdRWmEpBXRd5vfSwVnTXXWAd9sNhgpump,1,15465,25889787764291,905733974,860041828,-0.045692,748085530.23967,1860143078,1.112058,1jtycFxqxaHYhArLH4LnE35jzCXQCnuptzDxq1UAkCHHngCBYgjs42vX5jHLgFaRJaPTTJiLPXzfkWWaJxzRHdx,0,1,0.8259439876544479,False
1785575770798,Zuki,7on8RcZHDj3HdRWmEpBXRd5vfSwVnTXXWAd9sNhgpump,2,12108,4358134844196,244410000,1866329103,1.621919,146655337.250778,1279622620,1.132967,5kH3bpBsM31LvVTed3hCkPRJwG5VsPtbP6pupo4TXTcMbnyetB1G8JP3RAzHG2aRhNizWum4GSnVTbbEgqJdEP3H,0,1,0.6000382032272737,False
1785575983962,Felix,ENANYcfWXWFWUSwv6zZTTQLaq2yzUx8pvwvTa8rkpump,1,123770,42022663739704,4004079081,1446480164,-2.557599,3687547713.663841,1303389160,-2.384159,3WtN59PFjEdk7wASxWb49wYpNES8WQ4hB5NeWmRpWDDB189wGszBmh2fx9Zx7PvjCpVfRQHrkXbDxvDTZAXw9Y1C,0,1,0.9209477732749707,False
1785575998054,Insyder,CwnjMm7BgYMxsu6nAD9AHtaa5JRgiake1XocF8BRpump,1,37038,2634239434996,254471695,588122117,0.33365,238447799.70031,224290261,-0.014158,wzzjaXEiHkoWVQADoxCsqBWGs6tMfghrmjoa9qbfQ6G9fygBUkcJbTFoarmmcZLUTQKWzCgDMAiY34ZZA264x3r,0,1,0.9370307361701269,False
1785576004395,Insyder,Dg5EmVSJmZFNx28Gg5zPox3oR3tSkfk8SUDstNxmpump,1,4586,17411343580974,1004805872,753351678,-0.251454,536436221.030056,521875490,-0.014561,bBcFLHTBgERvu7QBhsAXZi9yu1RMjbXSk8qe2pAVgfcaLmSF1XXhJMenzmJp2LhGGR2EM63SZyE7GqwqKMUgUeB,0,1,0.5338705077054486,False
1785573981888,Insyder,BEPVimw4HM9hXBZbYZyezPFUXTAK4ciiZdrFir6Qpump,1,1945,20533935904002,1244051518,992511910,-0.25154,585698694.496098,563695559,-0.022003,2Dk6QSvCRNVooJjwn1tfFUXNDBToASPX9jj2eDHXixspMVGyegMWREcxNNATh74CzJkfJHy3CB9SgRacdJJ4b6zD,0,1,0.47079938894950013,False
1785575021826,Monki,AHsP8aCrD1P3794bxfR34MVbJoEVBXa2ETgedNMhpump,1,1976,1365394616412,122005000,7859170,-0.114146,94660067.075104,9643848,-0.085016,FeVG2Wv6aAtmeM43b7z1Ws5K72uSpjJUhiAq8DmMtPmYGW6chaHdQmrb5SgaWFqNgEFZqir4cxgjmB7rdV4kwC8,0,1,0.7758703911733453,False
1785575873017,Felix,ENANYcfWXWFWUSwv6zZTTQLaq2yzUx8pvwvTa8rkpump,1,10420,42022663739704,4004079081,2171052034,-1.833027,3319722638.126282,2075364971,-1.244358,5HuwC15NW9hio5FAyUuiRHamr6YRUGUKH4T4MCeptVDGMgYADb24iRehQ3XU4Mk11uwyM9XxDzXjwzgwj8eCgwWz,0,1,0.8290851831271018,False
1785576212692,Zuki,A9hUjK13rZdN4DQhfsKUMA13oyfpQr9i4UB5z7kGpump,2,86474,19163185049021,1482803670,1179872786,-0.302931,1327913408.277374,1188312073,-0.139601,5tdWj4kwD7Jvce5bBoAe9Zmigxq5JNyv516ZPrYQsLKoBQGzkQze4N8gcjZSnzZeMVeyUx5VYkRHW4FmGmCP2XNh,0,1,0.895542299458548,False
1785576333447,Zuki,DwRWUmSYZ5r6qcuWtCCHH8qgysJaoKFW2U6MQeNBpump,2,20891,34341511914606,1618685098,1592115031,-0.02657,1396356986.517864,1408696954,0.01234,3mavhGSLDFv4VQHtpqDzk2hByFFUmVCLLpfGjTZVNr4q8SQhZepKfMXvnyuhZExFa6Kh3eAHQnhLAfH48NFyWFM4,0,1,0.8626489415656954,False
1785576354948,Zuki,BAGAXToragEpWwcxaF6R2Ndu9W9vFFdQFNdXbMsdpump,1,1931,28408565486402,1985196127,1912559635,-0.072636,1147728555.777519,1068003418,-0.079725,32imWAADDHhab4eVhUYRdScafDD6ba2fFk6CdTpAUcvmbLUR3h2vAsyjjGETbSDqSLW4unns9DuCT5BXV8qCgjWC,0,1,0.5781436605520432,False
1785576556391,Zuki,7vYVLzMCDAoh57Sw1jPQWwrKCn3MQ4Ws2N2zvhLcpump,3,113114,2318697956321,483815000,1031762483,0.547947,430840886.440933,704245165,0.273404,k5yZSCMdFjsXJrTwZYTr6GacQ4yVQGzztTPvAQUerJsjMgYud61VPawSXbzPeghUNhLziSej6VdWV3d76aMsGgX,0,1,0.89050750067884,False
1785576724935,Zuki,7vYVLzMCDAoh57Sw1jPQWwrKCn3MQ4Ws2N2zvhLcpump,2,70421,2010407606380,244410000,1823334866,1.578925,185559327.626266,1719009020,1.53345,4uJ64cfGPyC7dTDCKhA5A6CXoBnGxSUnQPZFDALxZZJxBnYZotxBaF3jTfzVk858tje2bZyYAhGCc4dBpwrbSvgM,0,1,0.7592133203480463,False
1785577071893,Insyder,FtxGjLFxBiH83ps9z9nkvuBVkdnxYuTDM4qMADhopump,1,1933,14164673908166,1010455000,1853292183,0.842837,983072020.50724,2260754736,1.277683,3XcCD7JZ4GRUgBEfZMuqPEYkK75PJQfxno2RKtnXmTDSecqCxLBx8d4wUtbjUrLqjhQ5LCjERghNn7P83N2GXmFh,0,1,0.97290034737543,False
1785577686148,Cope,4BWrVfZLjwqLqQoYS3d2sn2adPzZ9dZfSq9RQyKHpump,1,83604,2552101031738,506544147,2710138323,2.203594,483192750.319778,2786201138,2.303008,ZU13ebjBJam8CtraQL52TdYeMUevj7J9gg5obpKhj6FFzWSapCL5XtCQPXoQFHBKKhhgb8MTFc6p1VT5GJYYFgF,0,1,0.9539005695386665,False
1785577846059,Insyder,7ErLdEtkBcZfi714oQNR8WTDUofdbpVYgBu9g5gTpump,1,15552,16439246835658,3012529080,2248545721,-0.763983,2340527112.019836,934895547,-1.405632,53oBwXSDAbpCJeropSLwHLEwyD6BhryVUJ2USANuSaDjKaYG1HhBd5sQ8XDGFVUVoDgNNgTkF3HeuW1mQLxuGKFa,0,1,0.7769309606199174,False
1785577865543,Monki,7ErLdEtkBcZfi714oQNR8WTDUofdbpVYgBu9g5gTpump,2,46632,4824630434857,704709276,1318577005,0.613868,406186069.935871,688588772,0.282403,3STURrdfz4wvB1e7zLGQdGANxSJvKNE2QPsZyinHxSrAqEPM9VDQQcLMfYDXR6jrjgU6TToQhHef1WbNt2BPv9vz,0,1,0.5763881415630338,False
1785578999628,Cope,6rdQBPoU3QsaiWfyALR88Pjoqjb4pfULDwuu2R6Jpump,1,18525,57975060653542,2528529763,1120936090,-1.407594,2099380680.580414,933740095,-1.165641,4GP1BVtLSvLwUR78kqqFEFuDYqdQT1iF29rnTQB3ZC6pNdsqvmDnPuUf7SWu7P47Sg43js6ngHe5mCsEM7x3xYJt,0,1,0.830277227225351,False
1785579444781,Cope,2JdM5MHiXjsQz5QgnSQfbidZDTVXCLki74jMYgJapump,2,392827,4309890767175,308924363,1341866473,1.032942,292739002.367294,1262887648,0.970149,3qusS31KtzB7cPYyAGbnxZvnQroR99ACB231quFHDRhwziAe35kU2wHv6zz6Uf6yZJVPaNWMbEisQAtST1MxLAuU,0,1,0.9476073674619635,False
1785579511443,Insyder,CCJJECCjRczZWjgdCCsoNemDF9VuKMCJTnmM1taApump,1,10974,332626386672,39813202,1019974336,0.980161,19498127.209747,984471247,0.964973,5Agw7D6Jnp2kdbPe18ZVPe3STLyMuEJbhig6zyVhF3AoERKz58utMcFpGLJw3ar3heT6tL8Q5NrchU7uCi3Nridb,0,1,0.4897402426900253,False
1785580653887,Tom,CTifE8u2n7ctuUwvpuz2Xqt6TPdYvPxyaqZy3FqLpump,1,10100,44228533463588,1604079081,1311715569,-0.292364,1469080391.437733,1254459185,-0.214621,54emgjVfcSQTL79obt63Y4J1gV3Miu4jWxJgvPXCg9hASG7cVzyjJ6U94AJrTiqvphmw6bU7R8jAjAoUgQVRDgG3,0,1,0.915840377721211,False
1785581255174,Insyder,94m9na516Xe89ch5S3m7neiBa6Y3dpYLU7nUvqiDpump,1,10448,9559866018928,996632859,769799635,-0.226833,938167174.734238,930577433,-0.00759,65bjkE7MAsMjLcMntRkLFa9S3SoKgBo5SChNsNSfuKDWhuCTLa8oGd4rE2ceMCYjTLnuAbvgSWLhWRXWoDqBGd5P,0,1,0.9413367884293669,False
1785583008626,Insyder,6PsR6E5rrimjrb1cRKf9mfb6Gqj5MGzr3AobVQgQHX7s,1,19668,6442998437745,727071529,716172062,-0.010899,622520783.351685,689341555,0.066821,VqERTUS6ho2T6YbvE7jTmxVpDj7CGJDNVKmMa5Nyuo3DXMPfs7BhAGBPM98ctjERomKiCbr7ZwbzeUFtsR5QqLc,0,1,0.8562029436194373,False
1785583103144,Monki,CWfuB1HDEp9W3xT3prBX8EPa1TQWKh1PmWFot3Gkpump,2,11920,7227170984969,717835735,2165668935,1.447833,531887263.890129,2184066531,1.652179,2cmSfNkYhvPeDs2ApschMofkagoeLb7CP6X6CEVPYHotELe37u8BKwtHz6i5J7Ge9W2F5nCLQbqbUAYHa9BJAp6R,0,1,0.7409595788514611,False
1785583131421,Insyder,CWfuB1HDEp9W3xT3prBX8EPa1TQWKh1PmWFot3Gkpump,1,82997,237377563456,36827284,591495716,0.554668,24079471.602043,706508654,0.682429,a5dD2NA9hf9TxMX9mhymeczuqhYfzs2SQMwqLY3cu6seuc5xPWjthaPGy3TH7D6TiSkvFaBgSeAiZUiLWokqddg,0,1,0.653848695495519,False
1785583282197,Insyder,7oxA1o8sZzCtCVm9uQuhr7GBZsRNYPw4LLRG2wRupump,1,10394,27089680551685,1340290000,1337446113,-0.002844,882279050.493351,772747027,-0.109532,REVSVTcn67oLBDtryXD7E4WJGrtL6A24yjfejLUFbW1wWHqHVoakZChqFaa4KHzuLFY7NSa4ezRd55SK9bKcT7q,0,1,0.6582747394171045,False
1785583444764,Insyder,7xDAzZetHXFndvs79ojfrrjQALNLTYuKdKxpsZBQpump,2,11951,8932208667249,1166686849,909373576,-0.257313,711218846.044167,721630612,0.010412,62UGjhY6psPFXfdF2MQeBjQQkDH4WwTiePLB9dQ1xNm6Q3nHxePsLm8LfqRRnbkwFoyUeXgkt9TUtgN8BhMndFK5,0,1,0.6096056080976422,False
1785583557681,Monki,82H63UcCVSefrfvqMS4mhNydE3fsMYBXdXMKrcdJpump,1,1930,13598234365895,991398617,935464726,-0.055934,431140632.077763,419734832,-0.011406,2EHDTNUyX5ZksoBLzYb5PdaCyLwWPsvR685myYaRPCsP81yA5cTxGgTuyPwz2Wzawq1MsB5i8nGwnWrgHkN3pRdo,0,1,0.43488121194117324,False
1785583897610,Monki,53d8QHm9jB1EMh5isPuF4gsXM4757wRCFUMigQnTpump,1,35694,2056378323157,349498547,1808070734,1.458572,263361717.19725,1246334525,0.982973,UNV7jNdUyhRDRxpHhJUaKxy9bUPtKrFcN2JUG88N1UsdvPTPyzKhH65d4LFgmCko8HqzEARGTKZXqM9KCaRPkWa,0,1,0.7535416655029756,False
1785583957664,Insyder,7GD8caBsdcC2HrT3zqya2DV9XjuunxicP1tRzfmspump,2,20337,1160295987921,103005181,456723477,0.353718,38914869.25024,379708245,0.340793,2WoEcJtUpE7efUUKvxz6fciB7rf93grYfzhvpKQ9ev53oHtjGKiR1AoPUiefahDHuXyGPH5NjE7AAyqZKyCBRzWw,0,1,0.37779526109701217,False
1785584021264,Monki,3whMHupwaGkkWxcLYipTWEZ8UyfiE7y1AnWzhRcMpump,2,30365,29512115898007,1958084091,1578646874,-0.379437,1521351353.404381,867257153,-0.654094,Dfrx6Ft16APWDRPHSBz6XwiVxAz2pHRVkkYBoquw8e5a6UtofHNVsdRBtVWoSm8jp1XB8piPDXhALmg2poWcjg9,0,1,0.776959151242285,False
1785584099841,Insyder,9UrwvcAWmUmX5XCenLGDuyx9Ar44EvrBqtXwc38epump,1,10124,10280101791236,1818401257,1400864895,-0.417536,1169800285.427147,976497572,-0.193303,2Hj11xqS9j6JPYtKN7NKtDVvCDQG8dKvBRwdV8Bcvdi4wqzR4MKbQ1ckzRtUFTXFmJiCxNECeBZbUAbLuhNAMSMo,0,1,0.6433125147290563,False
1785584249316,Insyder,9UrwvcAWmUmX5XCenLGDuyx9Ar44EvrBqtXwc38epump,1,10748,287672795341,51156996,1222768328,1.171611,32835339.324715,1532336840,1.499502,3Eg8fcJbxPP8Y2i8G2dGUyFze4WJDDNKPj87kofz2f3L5RchonfFtCV5kgTCRqfjAArjpfxdvMb64WEDQdDH5EWA,0,1,0.6418543286770592,False
1785584878290,Insyder,6ssAkqEaZD63qCfJfuac7KV76VoSPkAkLUfHRyd9pump,2,38171,991282663848,78719929,1081615869,1.002896,44422622.805218,693012036,0.648589,nYZEXzvVb2912yzNwdzpBkx3qNWGTpSQQDkzxQcmFEWmk1Yqm7huiW82scV6mRz3DgsVB5XNVoPSomWfqKBa85S,0,1,0.5643122824109509,False
1785587805255,Insyder,HGHPPfAMLDoDEGB47YBr4mKtt7G8B9K3xm8FRXHkpump,1,19687,25758196530359,1062247380,998140613,-0.064107,965917407.846016,873998761,-0.091919,5YXT9q8J8qtHQURQATZWCcHZFAHfFCj6ujqcZ9JZFPAgz52HeqtdYyRdVNSwnjmDQiWKX2RZg5EXdmS7cWEXaNEz,0,1,0.9093149355153185,False
1785587928209,Insyder,AUm1iEoFSJrRb3mw3hQzLNFYWf2uPTpQLdZL5ENrpump,1,1943,25880263153982,1795469589,1019613643,-0.775856,790563550.49839,752157014,-0.038407,3xFXbYPWe8mqxJwYmboyMMxaicPbS7HMzjVejJyGjJ8493zNSoVEw1TU83KB7KxSNEbiEAF5SydqsRnuXDeSXyDG,0,1,0.4403101870072331,False
1785588122659,Insyder,EaDWEUd2JCn3ZceZ2nrxxUnhAKvBDEhh46BsMq82pump,1,10124,25546286373969,1105525225,821484577,-0.284041,771169240.820137,794408254,0.023239,3DFF7hSShJjpE4mAnJ3Bn53XFKswbkN95Uuh41qCRZG1qdngEXWqc9eEpRDCLCzCKupodjBmuRRoZ6Ho5dxx5VMU,0,1,0.6975591541297821,False
1785589186297,Insyder,DGSH6u9vnx9GoyzSHQxzcyKtQd7REyTNv8wyx7Mupump,1,19221,15007265389001,739336178,478150043,-0.261186,696113823.307655,436994966,-0.259119,5P6CYgv3o7GxMLi51BhLGZU2D5cCn75gswtm1VvakM3dEkK6NAog3z9X1ddYFznwxG8B8yWfREo2T6ZhyWTdqThD,0,1,0.9415389697156886,False
1785589194794,Monki,DGSH6u9vnx9GoyzSHQxzcyKtQd7REyTNv8wyx7Mupump,1,31106,29637421544761,1520782963,1075591808,-0.445191,1399536659.09906,851248240,-0.548288,52NTDAAJSLNoTVM5iciHB3qrc94dKaePKLuN786EnM8QhbCakhGKhV25b8rXWhpB8bM9oCCZEinaof2LjQHcj3ri,0,1,0.9202737623639857,False
1785589627042,Doji,E7JrvukKbmmUxQ9TH3scArKTWy3uKScjqkJDvjm2MiLF,1,236952,14565202484011,1950384573,622183516,-1.328201,1921745617.089668,586076153,-1.335669,xpGUGv312FBRSP1X4vySnLqs8BVRCLYUSPaJcBuXL9T5R3LAkofkCnJK4gQMt7UKkWxZthKop9QZrhvqkQCTEs7,0,1,0.9853162518270534,False
1785590083964,Monki,9yJ7DBMe5uT5nRDsv4BGPwozq9GR5Q5iX7tvnWiopump,1,22663,7789945038042,1824215305,737957667,-1.086258,1712438476.659683,536954744,-1.175484,LwNU7Db6HntnKkTCbcsxjVkFremTjknC7EZpW3Pw155WDrEtABp3TqJm5BuwfFq3YPVQjRAuoAsguLM8wXyxu4v,0,1,0.9387260768868964,False
1785590131601,KOREAN,dpVUx7sAALp4zh5kQbR64eyAEqQCsZoUfcvDLv4pump,1,1930,15592533476005,1065534809,189110844,-0.876424,629719234.45063,154037462,-0.475682,4FKuyiv5uZGGjHKiwhw6t4Mh7c51D1Jr3BQPire4G9j8vcXjhPxmEVsYLtbrRdDHp2YZUpEon2wg64q7D6kMX9Sr,0,1,0.5909888903973197,False
1785590206376,Monki,8qDEwDu4cY6CANDFrpSPyYtvLq6vw4ftBSem2cCRpump,2,21141,35056395912383,1862047160,1002477140,-0.85957,1084862855.335102,992045832,-0.092817,Rsbcaj4PsLNDhAc1gUj9o1KUBhpnjckmqPYkXNCcQeYZJEbdZKMvZMrF1GEZbF1WGhJK567dXXjqjuPQV5gGt5e,0,1,0.5826183560974374,False
1785590286448,Insyder,9yJ7DBMe5uT5nRDsv4BGPwozq9GR5Q5iX7tvnWiopump,2,213325,350942103593,91075523,2055066913,1.963991,52185808.5,2259539175,2.207353,2aMvgBiNQrV8mx4dH6wNi4JyRJDCTmCNZk1AcfZn1qiGv3wE39UxKAa3ZJ9vMCSPTtnBt84SNDUf7bW7VDU76d9a,0,1,0.5729948814018888,False
1785590337736,Insyder,BMEcNnZxVyfQjXNgwQDYKwjvdUmWC1XkKt3TU4kcpump,1,1931,20349431091135,1327021460,1285958026,-0.041063,749770232.7491,748721123,-0.001049,3y2xReRzmnF9pr3neG4Xiyv3qYVviECTEkxjyJruV1bazsEooxDjEFYLABxbgotDV6iWwa3EFU7LfttxLTebUoTq,0,1,0.5650023419735051,False
1785590355873,Monki,BMEcNnZxVyfQjXNgwQDYKwjvdUmWC1XkKt3TU4kcpump,2,43038,26571272417232,1899718453,1050037844,-0.849681,1506710760.116776,764916307,-0.741794,3NiKojZfGuyr3x3ymUioTFPMPC4fQYP1RG7Z1VNkiFjqd5GbWF9EY8JPMMWGhK5GMF9nfdPR1FfEDfNDcUA4BDMi,0,1,0.7931231903008609,False
1785590386903,Tom,GPuAJiENEwTuVtYYwHJMUL3D8ULvAhBKqaELDcqipump,1,19103,39269710881477,1604079081,1311624598,-0.292454,1338917724.518967,1085359802,-0.253558,eUu1hU9jo55G6pefea4ey19Z8qYHFAAH3MqkNF788azHMFhwzXeEvZ2WpbeemjzNF964KQzbXhDtbHVw9v4kbPv,0,1,0.8346955835146677,False
1785590453071,KOREAN,BRJkjXJrpC1JN7mFYE56VhpCsGSKQXbhTp2QsfMj4xvq,1,10014,15534881178264,561411063,471711268,-0.0897,476231128.612328,462942233,-0.013289,3zPBrMMeZFjN7tNwahJoVG6EXZ6jZh17f5vKg8FdTQmD8sDAdaN2XQftR9zsFBcUUhdLVM25Gb9LA3xrnH1y8uWB,0,1,0.8482752834750034,False
1785590493922,Monki,GayTvUTv9FjMzdizMQKQwSySaaPZmApWmQphgEF2pump,1,13229,24840356200281,1466131236,1497271291,0.03114,1073601770.400703,1016937008,-0.056665,LbHxVhD8sSwMdG45QuC7Ztv3we4LSDD7zSuctS3VVXNMXNUVupVGS4AGDp1LAb8STL1YafMMcUDTgUwSo8uJqzR,0,1,0.7322685337021924,False
1785590920236,KOREAN,d3jfg3SSvyrJdMQngj1TwT5SPmbKtHPW4RNEhuXHyLs,1,10519,33997534939623,2221856558,882334826,-1.339522,1390931428.618668,307269721,-1.083662,5aPSSt62Y5nxujdK6yyev7Vs6JpHZtn4xJXkPojbhjZPzS76NT3FogWVG77z8e8sHa7CrJ9CGf7pqfc6FjwBRKDZ,0,1,0.6260221541352392,False
1785591414803,Cope,8LRXPgAdhFktQzXjRVWgqWBWnMZTexjxsMrtQTQ6pump,3,894118,691120834266,156933728,1032789840,0.875856,142297006.106735,1024730229,0.882433,21Ve1zD1nAcY3MJWr64WQajam2iYGEHaYzwX4WSqKixhr8zKGiJHGgd6LgtQjTNtwHucJrKsQJHjQ7LzyFMwFRTn,0,1,0.906733102693737,False
1785591439197,Cope,8LRXPgAdhFktQzXjRVWgqWBWnMZTexjxsMrtQTQ6pump,1,22080,207564625533,52698786,2138203713,2.085505,49400277.079056,2100222486,2.050822,2ax49g83KYn4ZxAX3CrRBsTLfpjjBSS6obe9iugysVcqtAdcrJCHhcMubwmQgnu84UnkiqgnPnUszqvgHEGsHTr7,0,1,0.9374082560280611,False
1785591987621,Monki,J9DJh5WC8L3ZBA97V7XNR6Pb8gH8YdYS4MKbTirfpump,2,76045,8381265921605,712181000,1366104522,0.653924,584067423.160622,880675209,0.296608,47FFppCXhUtWViz1mfhoSyjV32GkjMwQtZJ5FqifizNBoMwewuPpNqkzkiL7iZCCR31kEsjBxJ3VMdnAXZDMd5vP,0,1,0.8201109312950248,False
1785592033265,KOREAN,2w57DhcXSWA8G7aK1WFSWwMxtXCNsgW7qSucxoYvpump,1,1944,20256532406377,1530995238,1612804780,0.08181,696230867.118694,667708501,-0.028522,5ircQY4wQLbMNwMWU8QLKNpuRyiGzKtXSwcr3WQSLe3EmHU6Tf7Wac21WatBu7g7r6t9tCKgaM16xrfVHcRDaeAd,0,1,0.45475704289466506,False
1785592525525,KOREAN,27PyCZFKF2M9xTqz9XWi37QQqyccZEUTtAXXZxMnRTno,2,3863,6266760574869,442210002,1008323178,0.566113,424919015.26812,418430469,-0.006489,3vUV5aqY3cWFSFSvboorhSGppxZjACsFAregk7C9xFzfigVQ8cmdQ5hgBYqx1mk91fbXGPn1jK7rWZGcq9zTfrDv,0,1,0.9608986982346003,False
1785592549133,KOREAN,27PyCZFKF2M9xTqz9XWi37QQqyccZEUTtAXXZxMnRTno,1,10936,2121383529967,221105001,874769851,0.653665,144223542.508247,949207623,0.804984,4hbPaW14Ht3jxrk1ESzqfsfnr4Nk1BWrANyvCFTHSaYkuAkVC4TQLZQuNjypNpPM7U9r72ETQzLNGsw4xHKiKbhL,0,1,0.6522853027112082,False
1785592578869,KOREAN,DYoaQKpAcatwnfPcfTgFcHC1pcJxVfZ8M2e4QdBVpump,1,10864,11759240575556,1073583147,42550381,-1.031033,1051943318.382256,52937754,-0.999006,2KK3QSHWaBxstqMug2fpdhcN8xn6ymyZ6EdVHNb6Sr1NnZ5MFQjjADoWYXVnV6gtxbvzycpZXEMGg9TGMZ5Ed8zo,0,1,0.9798433603599181,False
1785592595557,Cope,5C5pFMxX5SC6V3igeNo7H4n1yNiNNQpa9pMC2Unnpump,1,545236,555160540286,53515470,1952585629,1.89907,45308667.928894,1673220741,1.627912,2p2nhL1ETAeEWTinEXrd5Kzcr2znt47T1J2MG73wSigu9BFBymtkWP2Tqqmg3w9gLBFeGmYHx2Kztdcg88snwxLz,0,1,0.846646174066938,False
1785593417148,Doji,6saU4SeNWf5WC6DNxuFbkcVjN8P6eMSfpSXbiNimpump,1,1757,13950250146068,703673021,929051907,0.225379,398302587.18885,388039087,-0.010263,3Gx3Hmxi4CLrSiX14L4GcK8CrS5gUgyx4jrfW1jYAHxJHRaGKKbpAjs8mP6ts2dNJKkFwf1rAuYBRgCfDw3Vh2vd,0,1,0.56603361973835,False
1785593498681,KOREAN,CKmGS4Cp3oq11LjbYvL8sGFcdAPdQ6V5uZhYVUdupump,1,1758,15287199623776,1167317572,1074761849,-0.092556,446400598.977783,433679449,-0.012721,3E7ArGo5BDoezpWTErVkYCXXQLvLMut1vLpJk6ThoXxdsGUUU7wCdnMiEMSNhShxKBw3VMWTLXASMv6xK2VtusqD,0,1,0.38241572789224065,False
1785593502515,KOREAN,46muEBYzEwka6u6VvEDSQpmky76uqzHJ5vQ7NuXhpump,1,1759,37892478217944,1615184099,452795253,-1.162389,1098218613.477825,262541010,-0.835678,3wb7wMNaw1cR5pkqs5quzMng9siiYAQEL2Lz6Chh2saUGWWPxi1zyU4YXU8ADWgPPaKtvhJHktpJwcfHrgDFdBiJ,0,1,0.6799340175263977,False
1785593510514,Tom,74dQSvorq3t34KL9LsLaRxwJyuJfjodTbTkC38RSpump,1,1804,1647621663583,102005000,1362795586,1.260791,46233136.658173,1032181432,0.985948,3w1S1mLambUE1pMTZq1gCXwzTzNjH1g4ZK1JtZDUh112WgicpBNpo9DgHywBvPy2Mj12hk7vN5mZy3KdFzC382M8,0,1,0.453243827833665,False
1785593515865,Tom,7LoXse58STqeKMjWQYMx8ZxyXmJpRvD7qVnCQcsKpump,1,1757,32449224115613,2704079080,1336808609,-1.36727,955782468.137669,899093810,-0.056689,4Jgga4wRGCwXn2kQYP5uVpN45dbDiExUh22QL8CsruMY1cr6TpNhDZcMJkktcejUMMTXPAu4TUUqQAHdihjYLguZ,0,1,0.35345951056197256,False
1785593519565,Insyder,7ceuwdwFyQrirkdEFj9e7gMuWxAQPvRLjd3KNFtDpump,1,1756,16077466266408,826454927,510684888,-0.31577,456815908.546814,443321686,-0.013494,3UezVWVuBcuXuGzrEvcVzbSTY3BZr48d5ekmQWKoC61RKM7yNZ897CHzVcEGHwfKKLbsHWatEqd2MxMjKuTAMEB7,0,1,0.5527414667428245,False
1785593523239,Insyder,Eud7kwxzfhgAxKZgkcW1iSmtkRGRbmsFzK5MA4wepump,1,1757,28462408642611,989910738,2361802,-0.987549,819978368.421886,7979826,-0.811999,2pcyiQQDRyUaSgTmmKYxktPoYcCYJDe3UtqpkoeTxCppCeikHXiPXgVuyyygtx7B6W52eJpgrEJZzi8NWnFiaCKo,0,1,0.8283356639595175,False
1785593527581,Insyder,J9DJh5WC8L3ZBA97V7XNR6Pb8gH8YdYS4MKbTirfpump,1,1757,14627976884417,912857991,886948956,-0.025909,435555612.392117,423553796,-0.012002,3FyQV44SwoNF9tEbSG8EWyh865cwSnAWeqVQnTiyMxjpjFFcGwoUivvRoMDucVXSUxQjAg5rhwBmxKJWZ5WRwXHR,0,1,0.47713403035995006,False
1785593595194,KOREAN,AabDCUeK8TPLM6uxkAczaVprEBwFHctjpWnCRV5Wpump,1,1788,18707442217772,905026208,171445128,-0.733581,557625616.43565,136311343,-0.421314,2q4V2WamjjJRxBBceyyM24FCjzDB7nZxK4Dn683TCUQfTC3WauRarkw3hpVodADdtsfxdPWHmCGv2u6vNeidmq8m,0,1,0.6161430591805027,False
1785593761332,KOREAN,9QSfSDTMWaM8xKx27AeSm3ECmgQAf7NcPYa5TExopump,1,28833,14568738549716,1069917849,205561579,-0.864356,467271737.6898,108879363,-0.358392,5WmZ1EAGKnHaF26DRgtBNHZSCEMazMfKe2u1d6hhSnEYGaPKkv1JAzqRi2eCTePf6n9GNrXX61dYSHSHiPxmudD1,0,1,0.4367360897161741,False
1785593765322,KOREAN,Bza6a6kA9t9ZwEQyoMjoL1maYh5ApNLoFnytx76Ypump,1,1917,20461011630760,1413517722,242182379,-1.171335,933903695.009346,259055380,-0.674848,2zJZ88XLjTHPkkfZaJ1TwmubNiEntdmwX4KE3bJQfk8GREKAnyux7FTZEkmE8GorL9UfmANVE9eVEvf9BoQA589t,0,1,0.6606947196162186,False
1785593802727,KOREAN,6WkeAyx8dyDoT9qn5rZfrdWSqEynskQ1QJ3QeDD6pump,3,13416,29238655373072,1842831181,1566080699,-0.27675,885423003.048283,847092717,-0.03833,39HMF5CYo6nR3yDCs7YvZETrfRdkwbJVc5B3AwmBiKviei42rddXVHvSA7NSu2AU7SuQjZ4GbWhUgU2Fd5WqY2JN,0,1,0.4804688634407706,False
1785594102889,KOREAN,8Bgi9AG59L85yM9g6UXaU8zL5fLTDqyVwMr8xEVZpump,1,14294,26037769310713,1060637992,977675510,-0.082962,977428432.97789,757938160,-0.21949,4xQXKFrKKFdhWRZeZBZVp9VZ64qoqvRSVQ7GTRJWjoL2u7moeCaQgKQVWsyojDp51EghZhsHXWNdTEb2TJu5Z6nY,0,1,0.9215476348671942,False
1785594158205,KOREAN,GKDeyfBK2NH1zGHzFVnjbno9gn768b3ePqdE8kBs6WLE,1,1917,30124508210278,1650606146,1209382488,-0.441224,920241471.410583,868513082,-0.051728,2N4qnJCRMkpEBP9s6RfQxndoD8i5w8YMUT4QJmGcWBsAVZWKTn7na4nAZM2NQ8Dyp1YD2KGG3wtpbn9ex8bYFjGK,0,1,0.5575172936564257,False
1785594436365,KOREAN,CbxH5JL62Rq9g7kKig8xJpJeE2U3Bg5rK1MWYbe1pump,3,25814,23098987490306,1246617046,1471843366,0.225226,800358185.323608,727257482,-0.073101,2drkheF4f9PRp2Haz6cktkhrXr7t8somKXfzGB4NbKRoKSmbBq6PngLcccF1bHewjhkqi5tyyoLwPDa7MKi9wvGR,0,1,0.642024098652994,False
1785594485401,KOREAN,8PBYxfUy1qPcnVePm7wVFWPPCPoFEUA6NXfsE9v1pump,2,3521,31517447628924,1750251087,235165548,-1.515086,981769353.173504,239113472,-0.742656,2Q6FLvPWcpAbWArZ4CBMzusJVErD7CnYcJjjQNTCsigKhUT5HvQ45KJ38vmBQuTvFn1j2kyfVqAUyw2ULCsQJ6Mq,0,1,0.5609305775986094,False
1785594825806,KOREAN,8ArqcCX66s7XkUvHwXiisQWVXrzQ9UVLWqsQ5a8MRjRb,1,1787,14409451858222,919066678,166153386,-0.752913,511708119.743282,125534086,-0.386174,3LnkQsUArJMHF2NcZbb96vz5oVSyW9MQyM2JKqGAAHotJ59m166MNQzB2YJJkHk1isUeXiK556vLXc843sZPJR1R,0,1,0.5567693095530573,False
1785595115016,KOREAN,7WXBT4AUNc5RyscFfupoAgJcDVgJwib3jdDPv2Fnpump,1,1759,1810366448290,221105001,3153296750,2.932192,202503316.34967,2262090407,2.059587,2mf9t7bEb995Fwp1ErNBqLfhJ27zwSXKNrT9i9mqHRRNhyzMkzZFEenzKtTrZtJw7vVxqLZqcufPb8kn71QQWQR2,0,1,0.915869453127702,False
1785595134924,KOREAN,5CMnb25KsqzWebQs4zZ3KKB3HzY9GG7wFo4cRSoiftKw,1,10937,13850108130763,1392319336,187291671,-1.205028,661417898.49617,135446274,-0.525972,4XjFgTUuFEaKtmW6AhMfuJFRDiSBSpwp7VnHxfQCVzKfDBpxBqz578cCLmSr7TBRRkHcQQbRiuHqSSX7ikUCcLqm,0,1,0.47504755654429126,False
1785595198907,KOREAN,DkhtWSoZcXXyM24N5Jq5RYk6FMXyEqf5zfHxJLAYpump,1,1760,25562234779319,1561275596,280745336,-1.28053,785810553.99284,186827399,-0.598983,4313Bg9vRZSNRS2xPH6sxE5tBZPPi116m4c42avnEWm74Mh3gGsLipZZtmQduYPfLP3cM2mz9FNK7P4NwHuRTxdQ,0,1,0.5033131600891557,False
1785595449134,KOREAN,FNCWo8mg57ZkZyF2mqxmJkSQvMuxmqUFcRHafneXpump,4,22766,14298036094839,884420004,1726938475,0.842518,537844294.917919,1314058541,0.776214,5GxtMyvAxk8CTLv9mwMTrmDRyXYWCP4QTfbRAnUkbUr9dsc4Ez9yj44BmjoJtjZvUp4qY85Lvq6n7Yrs4hEeUe8R,0,1,0.6081322137506956,False
1785595742139,KOREAN,Cu84DjuJwDVVfyHE97jWhPQR9wu4YfSa7W3tzXGR8w5t,1,1757,13293101776597,928747423,123189009,-0.805558,428140555.858486,105273717,-0.322867,3tSutbiSwSZsRiv2Meg462gsRN4x5XGnbyQ98baUTCcSJeLN7rT8JqJ9VvLAgvwXG74YP2oKiaWiXJageD5xewra,0,1,0.46098707275604034,False
1785595821443,KOREAN,Da2vE7KxuHYNSZjiGagH2KuZqeesPDDQHLRVFUTypump,1,1756,19429250806945,1605081522,264750569,-1.340331,626735089.232006,152929429,-0.473806,3352W8jttHhcpcRv9YW2k3okwojZbhTXKtosrS1DrivN2M6n9PgzRMLLnk1TPg4QXBa9qxgJs6fDGf4j9UrDsvRw,0,1,0.39046931924745315,False
1785595845294,Doji,4Foxz8HE7Ds6fEpvYPXiWNkzfFWh8uNLSaQUQFKk9wSP,2,156841,16562503120483,4426774952,1226084725,-3.20069,4247388652.587601,1398710130,-2.848679,KjPqLZYPs9Tv4vyFMLJGPLSLCJ4w9gaNQXxhEpAud9f6kEb9RFAehe4mbHiN17rJSUFwe5vUdKyxBpyJGMUXygr,0,1,0.959476977854645,False
1785596306826,Doji,BjFDsG2rT2Y7XkhQmQm73fPNFoDxjzH5XRSEpoARXuNo,3,39452,35431975530224,2552561085,641546962,-1.911014,1186700081.428875,600780156,-0.58592,4TYDDk4NHZJWPw8KbjrRSQBA5L9L9pbXhpXXFhhTMAjdqTjSFP2iu3Xzbe4drQo2Ca3MLe1ri5ngqJVxYoxYYpB1,0,1,0.46490565432594727,False
1785596585544,KOREAN,AaWK2G98zYoAgm99hRczgPiVWiVF7pzeRFxe5zoMpump,1,1780,11514866287890,1255489881,1009924987,-0.245565,668870063.511986,777975904,0.109106,4JPmmQ5JUzMEZwzk3RysSMfahgL6pDmtJgxPb2QbMup9Xe5WC2MVJJHwY2k5ioYM5wXm3m1HGm91eQyG4REDW9TW,0,1,0.5327562361388606,False
1785596754995,KOREAN,22mUQmtsHd9gRDwhBwQZMYtqS9Etv4Lpxfa5fkXTpump,1,1759,23509351054068,826475575,170618384,-0.655857,741005680.618042,179957208,-0.561048,5MH9GefVHx75soUgzXMDouQVrZwfQ2Yn6NhdaRNp8rtjHWAM11GPfxc9GmpTZfzdcuCuMP8PLiy1ZLs2ryYRuGBn,0,1,0.8965850934167559,False
1785596812221,KOREAN,CkQk9ujb25pFkKH4196rS73Y9p6Gtgy1WiADABWypump,3,9288,7871624164577,663315003,2211669810,1.548355,601504165.200241,1619760933,1.018257,3gUN63VrzDS2v8hNN5NtswRuZGXspaoBeYLPdGHDxsYMrMRnbpcoHyCfFXZz55EJc7Po7cU5PiakeuWCe1XHpBXv,0,1,0.906815257426404,False
1785596885845,Monki,ECPQMmLeU3JZBaZcHSzGmUHvDS663tNq8dk8MgaUpump,1,7521,17098690545149,1112677122,1028390552,-0.084287,876481542.908012,1116166032,0.239684,3WeLD7WdeC75UZV1wB7RGAEtLwaU1PYZuqqhay88tSq6W7NGNGudcqqBKWPaySBuKcrXYk6oXBGiXKieqaQEnrfL,0,1,0.7877231638703649,False
1785596995843,theo,5bgK5MBbqvfDmAKURmKqftZbGdkYdPWmzN48SszFZjPf,1,5484,5112182738711,263605000,1786624707,1.52302,188127371.37339,1385452313,1.197325,2qksAwfRW1BhvSphVjq1gNS2sNAtqbWY4KZStJq12H1fBe8jc6fJELg1FqqnX3mRU7hjg8Xy4SCsRS4utzp1n19D,0,1,0.7136714833686386,False
1785597006306,Monki,5bgK5MBbqvfDmAKURmKqftZbGdkYdPWmzN48SszFZjPf,1,26004,19759324036880,1531950338,911523554,-0.620427,869007371.465393,643411931,-0.225595,44sjSrurjioXpukFf5oh2oWs6ugQic4NxjxcLakYmQ2LQg9Tn6zSBGcRnUTirZEMf7ptBEAzRHbYBtznvLQ6PgrD,0,1,0.5672555760520959,False
1785597092680,KOREAN,8VJtMavL8B7DJKPoUsXhjeKFpxY9zoNqcnGV4Mgipump,1,10964,16638947948967,1682985117,205961809,-1.477023,574884760.281651,129476249,-0.445409,cvWSARdYFjNfbhBYWMcdHcHbo8MtkUNyhxsUhamtv2Hsj4RghipbwdWMU4z7SxSryp3KEWzRipMmCieipu153Qm,0,1,0.34158636013752164,False
1785597275412,KOREAN,DGpBehesxeb8NhLdBPDSWTZnvWLwx6bhaYaxDB78wNfW,1,1759,26726590974188,1648487716,443855412,-1.204632,802616027.366344,194302751,-0.608313,5MZT4KVvdcyQNeYFw7ZYJgz6YRXrbjyd8tcgrsX5saz7ijwNLvBzGEpmGBBeTGdfpA71zKrGfSSewG86NX1mdNfX,0,1,0.4868801990917256,False
1785597391730,KOREAN,42xGp5A9k7ZEGxBNn1omPoyRMWtRCTXEARhW3GH5ybK1,1,1761,35842737584778,1650923265,401280413,-1.249643,1178521207.10265,281644012,-0.896877,2WD3cQ26gQEWL5vBjMxYS5irzWWidUNVnEK24aXq8iPvZQw1e3yY7AtycNC46vUyBpzSBWCyu9WcdWg4Jqjm8oup,0,1,0.7138558357542135,False
1785597637165,Doji,CQ5tBoM8eSuiNEC7wXrWH55FXrksMd1XZP4XM6npBp2Z,2,62320,47279636065125,5698426766,996981437,-4.701445,3250670203.554878,806434091,-2.444236,2j8zGqjprqkKFRB2VXuQicDrL1zH4qRvjy2rUxUSPLs6DMDzmkFC8QUQd9qUNXMtYFidArJFFExPcXySxQ2qQHZA,0,1,0.5704504658987976,False
1785597707444,Cope,5V8AFFLc9c1YA2qpabKhudUteGaNoA4K23YoLownpump,1,435730,20059362343379,2529868837,1754781648,-0.775087,2281686692.633514,2163993757,-0.117693,44fv8fR6xj2rYRjbT8NKC2SEzC4ytXXKwxvCWZYfw7tx6BTEt5NDeYftZvYUT4P8G3V3CmbwA9T96snRtXR5Lvnd,0,1,0.9018992049165725,False
1785597709199,Cope,DYoaQKpAcatwnfPcfTgFcHC1pcJxVfZ8M2e4QdBVpump,2,4229253,8798231180120,1369563158,4547497435,3.177934,1234423784.75338,4054202431,2.819779,BWz3xdTrdHB7L6EYRtwGfTbkJz9ZaUTXeaNWaTUEuzLFLVSc2YPJDFRAkBY7zgaj437UCnowFDv8otoiNTLkDQz,0,1,0.9013266584624205,False
1785597713065,KOREAN,94NsS3r2EY6ep3tjLf6oNFsz7XpJkw9kwVuqSmDBpump,1,1930,4238014313567,221105001,303645590,0.082541,129163349.101791,222102425,0.092939,52VJLzjyR1caAmETNLFKPm3rVzEJxj5xErVSbRBbzhEyNY2JYwCUci5QGfirt9MH5aajuchYD5LFfj26DcLsmQmz,0,1,0.5841719930242147,False
1785597917234,KOREAN,DNUbdXouHEXcLiveqJTXsjtmCDDv3ta3LfPNpZhgpump,1,1758,15196898031008,1003609716,224998381,-0.778611,461266930.67704,113212936,-0.348054,ZQPatbBK8nQYYNJwAofBZxdTZW8DdLrigF6v4Bj7NrMcTkq2JWX7qNhN9FT8crmTDiGa6tNn8F8Tq9CbkjeiUj1,0,1,0.45960787677053533,False
1785598850264,KOREAN,Ckyj9TUFVo6stZUEN3bRc8aa7vFB8svK1vhxckH2pump,1,1755,10425465836945,1706070886,974740645,-0.73133,869597146.023705,853024515,-0.016573,2HtbmbvMPJUySeScyBmypTpusBN8nDM3xtt7qfuHpRb56sE9FjkLd3L4V8xg7muUsFTZ2c1t7F9GXsenQncbBGxg,0,1,0.5097075116629738,False
1785599150676,KOREAN,5TKAGcvGF2u8efXFRUEJHgvQ2QDwwDShvRQDjbompump,1,64007,11913078774232,1444258574,153909210,-1.290349,1359031236.833527,203097497,-1.155934,2ryn9rppFbu6t4tGYxooh9F6ixyEzqA6jmcDauKkQh1gr3EkdHSjxxU9uMwafw7Afj5vafbDhV9uYZZX3CvLdmKK,0,1,0.9409888653591798,False
1785599330856,Cope,5C53Ur5Nd2yr2YzWytAUWREEWVL7waGQEJoeDkfspump,5,18365,7818298975483,260637800,958281254,0.697643,220465963.479824,858741518,0.638276,3uMiFMAXAucY7RNZpYHtEMUeWdYuSKqNTPSUGf3MLfUGQV1BUcDwegLysKjtvoSgjDhbbEVjEeCBHFcBykFRoAaR,0,1,0.8458710266884696,False
1785599715832,KOREAN,HgDRym9hHVFtkmXoBBfUcNtWAG4CprjPkiP7Yj2epump,1,1754,37576974886554,1632163965,423061437,-1.209103,1144188045.328613,273330084,-0.870858,2kwtaVXpV9a5fEGgg8MwCrk9E7oQjrHvqXkgdLYfEXXVc6NgsxZezT3EfRTLuRX4BcHZ5HkyA6tjw518JHZgzUZX,0,1,0.7010251848861355,False
1785599722573,KOREAN,6e9KYW8qTqMwKwpvHae458vWsLPoM4qgSgVoeTs2kc7j,1,4822,22198673927271,1208815850,863516042,-0.3453,849133083.101845,745475163,-0.103658,2nsdsVS2qkxhfacHANR1p7ia5X7XenMGtvByr8JaLfiP9H7bb8ii1JSZxFqBQv5ZWvf8jutiB14rqrZbsR6HLJVt,0,1,0.7024503220253482,False
1785599966678,KOREAN,4kj4ezeAHuqfRtx5nuRuWGZ3QhEN9VDYnnizZtUfpump,1,1911,17900106563328,1216386677,268569173,-0.947818,672375691.968452,152737298,-0.519638,kh3UEbNSy36tzSzsBjVgAC5iSvCXULaUf9Gzn2Ewa8DBrXgELzZqgZqaxkq1vSE3zRUuZEsYUBZbH528EFsoGTq,0,1,0.5527647619643009,False
1785600372745,KOREAN,98pmMPKhPbmSrmojABXoc1JvdZ9KgGozNNidXLAQkcGM,1,1757,16791326493005,1510470874,288428869,-1.222042,508926406.42104,124671687,-0.384255,3N9nR1yq39MyCAm7YQeVn1NWocjKbVbXidJ7kuLQy52ta8ydMqcMbeGivGQGt1QchTBgBH3DDUAXDDQ5kqkj8rPQ,0,1,0.3369322872630512,False
1785600639851,KOREAN,AMZtLSjMmbTvmP8gE3bfJGu5k2aYUdaxMuryzDn3RmEE,1,1759,19875894620599,934129155,216164056,-0.717965,778494889.991615,189376522,-0.589118,4iXg9Ts2LmuGC8LWEQVtuJvQjZ9BwKMM9vBo8HPNEvirxRSY9g82X1yARbZJJE8PouYacECyytRnEVdztaEHzzw5,0,1,0.8333910635640261,False
1785600954064,KOREAN,3um9XbyZmuseHaxKrd6iZSUUbgLmdRrYGtNE1a5mpump,1,10528,16649610206151,1609615255,1308123122,-0.301492,1420747560.673714,1023963646,-0.396784,5pivzjdXk3192Yd1u2AYpRCcnXr4anZ3xU5U7sHCbF2pan1Fa3jFPxrajrLn9E7jd2TtoDCv2BhZcZChsM8VchSY,0,1,0.8826628327859094,False
1785600998042,Doji,49PT2W2RU9BAuaaLooiGLJ8JJw9quCAMQuxrQ6kdpump,2,244502,20542434022104,5061484080,3595611726,-1.465872,4685637901.203766,3577145187,-1.108493,3sNb7WsSbmnCsdoz7pZqPStP7FYP5WSwo3RPWDpBhBuAn8UdVUepc8EUrgayJ8G2uV2E4wXVEiDUAPbLa7AW8Yva,0,1,0.9257438781085262,False
1785601114812,Doji,5zH1NgCrAVwb7tFaequdbQznM6HaKpzLubcCpqrTA2FT,3,98949,25580186953927,6430689080,6330600531,-0.100089,5638521713.883316,6693981555,1.05546,2YJ6q4NPNqMjrXFPp1kB1wSxRD8QauX9rCrDpxXWadQsiZJZpg3XMwAnhvhSvMMjnWBzyD5KBZWycETjRkL5DzYy,0,1,0.8768145440928884,False
1785602103166,KOREAN,H8NNj7hJbmXso9f6pENXbmLAgbtBQsY5bfYGEJBkpump,1,27314,1826834410593,221105001,2090907193,1.869802,217126490.986176,1186257243,0.969131,VqtsgA3yqvLkQ2FrKVEyn38NJJ1AxES48YN5QaAS4nVvD53vqzFwHYvGnFVxHT5v2uGfgNcz9wAF2nJCMZdrDuk,0,1,0.9820062413973893,False
1785602375867,KOREAN,5rsdv2AJzkT2ozXdAzukkpacp3Jb1fQQGezLDnhJpump,2,12220,36500812472800,1693070526,1428179718,-0.264891,1391322597.870461,1112979620,-0.278343,37ehj8zLWvQKfakQconjSXsJtvc96aNvwfyM5V7GdiVgUWXcEbf5V6Q3fs925eURLbBmu8j1K2aYXyEKAcDFu1FN,0,1,0.8217747438776576,False
1785602612130,Cope,HiHSgFTvHKuG312Ap3zmhuWzkcQ6mqjAyqeDm6fcpump,2,118823,5105308557966,732714555,645985321,-0.086729,652542514.780144,528867465,-0.123675,43wbsNugXxzCYPsqmjUZM9tb27mVyfpQsxqMMRu9k6ae8ciHveWhK6toVtqUwGDiaeXUR5oTUSX2KUdFGCg5KrsR,0,1,0.8905821650835692,False
1785602847981,KOREAN,Aqu7oktBhUUvdXGNFG92Bahu9GVEL7KihJs6BJFypump,1,1758,25696383994848,1661449233,304485596,-1.356964,752953609.45776,182574277,-0.570379,5rM9cCYep5AecihxHfaPC9ZbuyGvqZ8NG5x7NP5YPwLHyhwn8x1Duaf9monDK3Pf7FBb7gJnjuF1kLLjV3u2JDRv,0,1,0.4531908616299924,False
1785603043008,KOREAN,CkKsmvoYbC85Y9KW7xfTVm2Tuohm4JTe7Sviy4YFpump,2,21390,5434570987471,442210002,443278794,0.001069,258792939.062614,554811512,0.296019,4dSgVYQsFmxEgBLAFMNUow6SLmrxCtnKiGz7CeQbs45PxpTwGoBgwnAkdghJTdP9QGKWzeqYpxnMf6cAmNpzDyhA,0,1,0.5852263356598931,False
1785603636093,KOREAN,FMgCFMG6CLnYijCF3Mg6BDsZgAVwp3LqWRi3sURMpump,1,1759,14853405450908,915854931,200549037,-0.715306,539850807.703529,132122370,-0.407728,6rNnWJqCd3Mbrjv9ZaYVFj4BdQS9H8F3p7fnGC3JnNRDkBWBKHTNtdoGMtkfKp74GH2mYtQWCFdayRhVa8fpv6K,0,1,0.5894501295244203,False
1785603850647,Kadenox,HNymzVm1CU7MTG7SiJCy2nzV5bcG6cxa6skEyUqEpump,1,34452,13525632846827,1027540386,686819251,-0.340721,889397949.404503,677405501,-0.211992,4VByVFJxgfFggqG9KxqtYYVZJ35qZEPuEe65ZBP1cdN2ZvsXH1hjQWEx6uNYaLoRZpcfnBrUWMGms9bxpski8GZe,0,1,0.8655600904084592,False
1785603871989,Loopierr,HcYVPmupWYcFyjTvXHRSgKwK6FMQF1i9xW2PXCispump,1,594918,14302764031560,2023689756,1098665569,-0.925024,1519295523.207535,953928834,-0.565367,5w6XnUNEFpvorbdvQvjBa8EmMXwtnt7BRxsZ5HjfTy5iNcTeS5DHtGSjjXQM39RYhc2gQrjaoMEKhMvY8urJegoj,0,1,0.7507551583452968,False
1785604001346,KOREAN,EEL8SiDcQveodYdTzYKLxRpKAB3rwMxzGaH3gDKJpump,1,1756,24053788523517,2155372387,202130744,-1.953242,1341873660.312309,172184306,-1.169689,4NojaURsu68cAdxBrNqdtqaQjvyJJv7KoErPZDQjJZYWLwkz1EjgPm6G2ZtRrWqwVUVavWCf567T7ZDcCuW8roX8,0,1,0.6225716114791764,False
1785605545577,KOREAN,2Jz5zUs99t5RG28yHz2jj9oufTUMB2z9MnQ3yThNpump,1,1917,21070470361595,1011959362,232171124,-0.779788,600909180.206791,146557798,-0.454351,4z2YLDuBaammw8FWZ1SS39zu8WicBWwdPvTYHZsvVQtFz2Vn4JAh6pjiPCsVGcX9x3Nht4EVLdshnotXsy3ABHsJ,0,1,0.593807619921788,False
1785605659013,KOREAN,37baRsEJQdRCs3dStaingfmP2xAP6ZkvtB87SRabpump,2,17983,19037663545594,1618489161,354241244,-1.264248,695402919.150639,153511440,-0.541891,2dyav3UfXG3i6KiyY8h95PExbq1RUgZDRAFBczJRd58GtneHD9eoA9FUo6twPTDkyMno8ruHREjRVPqWQbNmAdWQ,0,1,0.4296617709326995,False
1785605751713,KOREAN,5wfosbc5W8Ps62fxtw6BxnxodMGzMQJ3ufTt8CRWpump,1,40847,26977372413416,1597381727,1292151838,-0.30523,1437221372.120872,2182218337,0.744997,4vcSo9AZJQshHctC7cDZFrz3VGaKQ1aEwwmA1PTAHna4QcpzWD3qJXzjN8ULJVTYTkGdpRiUAxjhbG7AviXUhudf,0,1,0.8997357036380271,False
1785606503785,KOREAN,9wG2WZz9pDHQmv3zrR1N6F5QvPRLRBTkdTgSBkSCpump,1,1761,13581377034463,1095320521,1278427930,0.183107,459778636.649517,428377591,-0.031401,4tXmJRWB12GYWVQAqnTW1e9g9i1jX9GubUBEqkt7nwnxLXFSLbJ5oe7sCggcLsf1cqfH7gj5kk8CMLbr2Qyg9YHa,0,1,0.41976629473695126,False
1785606557588,KOREAN,8agvEARoFaQt6ZSSsDxWeWNVT8BteGL8ASoU54LKpump,1,15837,11944314371817,837903205,215821493,-0.622082,534463652.397285,120910313,-0.413553,52jDqzzNWPTDteWAEKMLtzjNL7oLssyWNUhjDaxYVfxyAbCyrLwSYPPVxQDPXYzwiycADVhBdZhv5JkL1Bz2hEWq,0,1,0.6378584652833318,False
1785606633007,KOREAN,BE59V8MfxmKuvWGuDw3rMsNUnWhRAHgaDA9nXuYZpump,1,1755,22846884231372,1056436857,920295168,-0.136142,724387774.555309,692619972,-0.031768,2KDeGxUJDf47JpMJMYFS22wFVuvzmxHDNYYetFzMRmB6VKquyMsijaaFXDGb9gbaL4Tmkn5izBxhc98AoLjGXFeB,0,1,0.6856896081914237,False
1785606716507,KOREAN,8cNiQB5qCiQqJStRFKsZJjfZcgYSTXQ4Bd5J8Zcmpump,2,14993,24182700291952,1661487173,350024752,-1.311462,934157937.715984,172118222,-0.76204,3fDfRxB3AFnVor9hK6Tu7oV1CKmULJybukg2eGbdn6NZ5XcHKznLXULBE6rzdfJYFM9q3jzPVWjThZkwNcEfdUXA,0,1,0.5622420400810304,False
1785606757583,KOREAN,HwoksbrPZq92tBfikWSLMCayGusNPn2fGmuBGwjVpump,1,1760,17873948493505,1381603339,990335083,-0.391268,510531329.195484,493763905,-0.016767,4Qg8Ww3VvusdboxL7Piax49fEGiZqd6PBXZeNhZybrKBJ7HXDnH7ysZN9YCUeemQNYSB5pjD8BrST71yY4wxQr1X,0,1,0.3695209144217941,False
1785606896498,KOREAN,2ZaS2Pqe6ameqwcBqqXPeSLDcTg7YhagPJK2rF73pump,1,18970,1700329651112,221105001,311566814,0.090462,164339649.666481,465767844,0.301428,3vHQ5fPA2ibwQWBCbGJNf8ZvRMiMuKwy583tyauV1TXHoBCo5FiF6ZgctrxZmF8WAgorJmzDi5w3wiqaLNdfeurw,0,1,0.7432651858764651,False
1785606949741,KOREAN,GoX5FyMxLNzGqYS4tPTdyymupRf89CWYhjG6kMN1pump,1,1757,27767745854752,1433058015,401528318,-1.03153,833451098.3013,201517438,-0.631934,2A9NhKnyCEX8kiZftUCN3N2ynJZCga4Q5Zn1dpSPGGZsKnzUeasoSBPB4oaTLy3Zw5mZj5m3PETm5rXovKs5Na3a,0,1,0.5815892235886208,False
1785607431194,KOREAN,C8J4Qhx8cbK3vVskjwB9oGnGRge6gW6ryA5XRRwvuPos,4,7185,68251999870423,2241952329,2170976940,-0.070975,1989571148.100464,1804136675,-0.185434,2vuCJKchN6rWaMacDvSWApDRYfbh83Puk5rKedYpwpinde5SmYL5pg9FN6ZR2z96JNq4hAJjM5yQu5rLgF7cRreF,0,1,0.887427944994661,False
1785607571162,KOREAN,2xEjTvJWzojDz2vZUJoxWgv3xHLduRr7bxRfmtFxpump,1,42552,20810883464673,1472700263,237172968,-1.235527,690326613.715561,157673870,-0.532653,3MH542kDHvaQ5XB63twSNdYhBGLxH1783zosWrPN7dPGAMKNGTmdGkKnGaFH2N6RnVeAb1FZ6qQg6JYeS6QVYa3r,0,1,0.46874889008936166,False
1785607722861,Tom,8z1B1GTPdWgkprz6XFbNcjx2BYh5vZxeyXsVKjYepump,1,12184,39112580573104,2704079080,2304818844,-0.39926,1783827157.982956,1099525635,-0.684302,4QB9NC511V8Cxo3QVFBMMFMF8r11a1TsEwgp81CmkZhBXoyQJzkbK1vci3Zu32zCKDZxVUcxiTsTyTxYaKBnz75,0,1,0.6596801000298246,False
1785607724827,Kadenox,8z1B1GTPdWgkprz6XFbNcjx2BYh5vZxeyXsVKjYepump,1,12315,27425388936302,1950595497,1208856968,-0.741739,953534142.145069,779335069,-0.174199,2VmM4mA4M1mztkfHZTfXWoadNjGUzusTMz8Y8MpU6xVLwyiULnc975TD7cxCvojSaQVcsz9fm9vrWb63Rg9ZwtS9,0,1,0.4888425835144174,False
1785607732735,KOREAN,E74WV7rXB6EptStdfMXmL4xgqUAsxL49bL1KN1CHpump,1,23989,29448540929680,1672858403,918572716,-0.754286,926012727.292782,632237066,-0.293776,5ctspcadHy1EfRGaSBe21UGEL8rWuxQj8TC396T62utkYBpQUmn6d1iGYhwKfC1Mb9yxtMgVR9wAPpbrKrDA45ay,0,1,0.5535511706383089,False
1785607742277,KOREAN,Jhg2TPD3XHDEMeN8xJ7C7R2zj7XbCEPNAb2kLfSDHkH,1,1755,36832504668013,2516200281,751004731,-1.765196,1111870223.082336,265899040,-0.845971,5LYse4H77fXPb5pdC6TAJFFrCg1rygPM6CA2wHLtTX77E2ZdEyNtdyVm79ANRCXKpTdjdHgYBm42huoLaxsRr5Ho,0,1,0.4418846271809696,False
1785607801311,KOREAN,GKX2go96q7kgujT2B9Gi364fnULW4AoHw24jc7GZpump,1,1756,20961490871697,912841431,224124152,-0.688717,627930594.962494,153074156,-0.474856,23iPyLmqVLKmHsZkhCq976AqvVhHodeHGdKjjJ4sTnjU9XwSjaD9DmvGpwGEmfMgK1Wzzab3fbtNY2J19DLuqyGZ,0,1,0.6878857309035681,False
1785607915487,Kadenox,4Kv15vbM4w39RJqqk8Vxmg9jg8TGJkebT9C2XcPWpump,8,33076,15947005378766,1444305971,833140399,-0.611166,1049620490.914948,580421355,-0.469199,3j3UmV1AY8qYjRf6bkpZBF9dpfYNLEqoR7C9fULhbd9SjuDU5KiM1qp3VZByeToWVZZEDefKWr7inzduALUXXLfK,0,1,0.7267300087309186,False
1785607959895,Kadenox,CaYaWPnDfiKfC4t1jHn9jWtGa4jaCBhy2g3CEfBypump,1,1909,41902246015205,1465948599,944639029,-0.52131,1219154416.875412,691174058,-0.52798,2CJKYLUYG6NTMB1kHYhb4uVgnwHoKETqWcSWxL1AYVQn5oKhp6bdPAtpZhzV626EKq4B18uYbjTpoQFJFemm9PKU,0,1,0.831648816136569,False
1785608297614,KOREAN,Dik44Y8bSKesAEFHeNoSNJxYavQzja5uuSCfs3uTpump,1,1759,28914292764468,2433829603,563608754,-1.870221,1651851325.767532,396103391,-1.255748,2L8FCBVzMvVhte6E9zqH1Rd4nPYkCsWCQfDXdWHJ9daq8bWG2y9nNoCUz7StfzrgRnmdgnAQvEbP6E9ciVFtm8SK,0,1,0.6787045912053244,False
1785608389807,KOREAN,CZYsmhJddnnhBxVz4RWuSGPrB8J2e8kndW8J6b9Tpump,1,1757,26450910923578,2376342522,427140357,-1.949202,1065820088.440445,256813285,-0.809007,2LoNcxtKPLNozf3QShd1tLSTZttiUjZRsBFTEnEVAjRPRxisvZqLXcR43m3mdNut5aUXCQ3tDncaqUzCw3Krpbcp,0,1,0.4485128210992998,False
1785608475870,Kadenox,Dwyky9aggR3hTCcg3pjrqqfdp1B2DJ8xF5X9wuhupump,1,1756,29711767694276,2217740944,2746019505,0.528279,1099863118.876778,990397450,-0.109466,2YPaV4AV6wqh2SASa8jrV5MQRzuEjb1brGWoB4G6f26SbW7eEV1a67zydEzGns9Vk8bfNgMmFKPQ4hsaMzYLSBgR,0,1,0.49593850077594,False
1785608537263,KOREAN,D9WaqqzPwEyVqiMAyz7v1nEDXzamp9xh52nSbZCCpump,1,1757,23704798834841,1683637996,84603968,-1.599034,710533095.940922,48535711,-0.661997,2dxZ843DcfvnrxFj49ZeFrqdCzKJ5SnaouaN7L2NH4hJtACPqdLmTPSG8pp4XDLPzqjdEUeZ6rqKqjJ1W8b5AS2Z,0,1,0.42202248798673586,False
1785608659473,KOREAN,GTtsZysgfgL9tw5HAFWkUrnhWrniTvXWd6p9Qc1Lpump,1,52057,22785533759797,1650575020,843001691,-0.807573,874405995.718079,575984683,-0.298421,3kkuCLeMyrXV5sLntwFjx46V3dTVEwNBJ8Xz2u59fPYDCSXZ1GnsoySEKLWCvnUccidy1PMEG4Hp8o9xHdRFmMo5,0,1,0.5297584085078901,False
1785608663145,KOREAN,9CntY4AmwAXHcv4d1m4Lzbs3q6BsebNfocRkFfmUpump,1,1757,11760244071839,1162077398,1051437984,-0.110639,430150577.102165,417662971,-0.012488,514VPY8VpzaW6cGfixNuFEgcqNSjZnSktN38SRGj8f7TvTtHgmidR6ex2Utiv8PbPED2YPZdTtk6eUDangu9rQNX,0,1,0.37015656430671323,False
1785608831410,KOREAN,G1kWyi4KSedgXrBnUWmk7NnmpD5DFNf5T24eCStFAa4h,1,1765,29195036730267,2530293813,460143185,-2.070151,893290431.190792,220918746,-0.672372,2REkPtPv4ahjQ63GENk832m2csQtRE2RBHgiBhs4ehpSbGet3ZpAJJP8TaauYiatXJRcvVNZyF3L5pDtbA6QDkUm,0,1,0.35303822291359804,False
1785608849446,KOREAN,55ySVfVLtsc7iGkAokEubSiM5rVHERP5SWnpyHQkpump,1,16123,15077213535271,1695589405,674476777,-1.021113,839275656.618935,123477015,-0.715799,2mxJ66S5vhngzSBzSPPPwLSGRAyg1eJcgbzavfshbMx2oqKZEz7ff792uPLKQDqgtPgYkyjha862nqMgfmc9bHhD,0,1,0.4949757613158328,False
1785608986070,KOREAN,ApfN4tpwDW1QPCpErbdcFwqwAzLPxz9iBksmnyXbpump,1,1755,34829734222064,1640637556,430929881,-1.209708,1006474623.145985,241491366,-0.764983,3yfJBXBrLN3XXgLLorPwkmaSzugyWX2LfKThKN5gid53iWLjNNjqe4LxkwaovqbYU4iHXEmE59bzkBRV2wvmGNHz,0,1,0.6134655515261075,False
1785609279026,KOREAN,3QqiuBpzCvCbMM3cW5wfCM48ZBrdUHpLmznjhpC4pump,1,1754,29110777529886,1710439867,1291165728,-0.419274,879027817.579639,831475739,-0.047552,3AAoc4wRJ5JpGwYppPwPrP7Z66HELkfujoEJf9JUsRR1QbgCd1t9yVDxYn85gQ5EJmVSd4c8myN6mjoCNiGgdKwK,0,1,0.5139191587725305,False
1785609294646,KOREAN,HcMjpCS4QDyBkZ6cN84pzq9sAf7vXacV8KQdw5pipump,1,1759,42830584811547,2718164750,2801704853,0.08354,1305432306.404903,1203043093,-0.102389,3zZNfcFkFdypkSjEKyQyHhZChQCuBw8CAGhVB2cjTpgWEX6jMQHDNzTpyXGhDZ2ewYiSaujiieN2wKdMYyCBckRD,0,1,0.48026239263271403,False
1785609337975,KOREAN,pfqBd6xaMwvTHA12KkMSXe8CtBecaWgMprxj1hJpump,1,1755,11654964758551,883863172,193287107,-0.690576,352041701.930786,86778831,-0.265263,4v6W2Km7k8nAcQ3Xmhy8FCMhYPMR1mZwoW14in9Wnw91EabdsSLqybuixUFi55DLtvkvMQuviTHBpC54qEQC84hY,0,1,0.3982988691950908,False
1785609429859,KOREAN,9VMgg99EJMD2oLJBF1zV93zL69par4s7XjyWNk9Wpump,1,1756,19232095100716,1262600615,1213273935,-0.049327,597298502.458744,564463729,-0.032835,52CD9SDYPfMW57ADtqkBPJX5e9NisowkPsqxnRSv7ETMcSUKFUBS995dMt24WJbdtTfNGWom1S8wkPR89DavsPAc,0,1,0.4730700233808646,False
1785609691776,KOREAN,714tSMzkRMWhuCy7R1cP25NLegAM31FGkcVYSuYzpump,1,1755,794225725446,107040414,1602900885,1.49586,42812523.573174,727735455,0.684923,3BFztZgr52y9jkoNKyx4x6Z2WhYbNKA21WEnQ2iSTRirx6xAhNja4kjexEAJNwqHcf1tNRvrkpwgQBGA3EZN1e2F,0,1,0.39996597521730437,False
1785609815649,KOREAN,A1i9pYQhE5wBswVaaqM4MwnSkoCSuHFeWhUyvhU6pump,1,1833,13196788499805,1684044405,362986666,-1.321058,698679723.011047,132515557,-0.566164,1RcuGsFr3yeWDUCsVXQ4o41vT6Cths4417yPacuT2c14RRBPRg9RQCTY7jtfnnVBVd6u4NZiZf2u7YWGkWYmH7w,0,1,0.41488200723011637,False
1785609984703,KOREAN,2tsV8b2aoayJBN2JNUyYQgcJUsVdX3z7roTxnfQupump,1,1758,35180262447626,1602977844,356337451,-1.24664,1016947197.558746,243901989,-0.773045,oojNLqryHwKkL7sL2eKycMaJZugYBbkFzM9aex6ZN9FGpAMgMLKVK7VHFREb57meu4gsYUZsNo6CWxkBkB9trWT,0,1,0.6344112623672333,False
1785609988216,KOREAN,2tsV8b2aoayJBN2JNUyYQgcJUsVdX3z7roTxnfQupump,1,1757,3272340169877,126809638,866561808,0.739752,91771213.184116,806892512,0.715121,Rj4KByFFLPnKGCt96x26WNb9a7AScqtVi7tqSZzax1PfHb89kvN5swY1fRccQSrpSGthMvqJYqdhHxedNKVhxu7,0,1,0.7236927305487301,False
1785610063476,KOREAN,3iAiSnoqkrkSTbcUmLUzZPXPE22Hy5VB7NeQv6P9pump,1,1758,23209963426979,1452326217,421475734,-1.03085,731654036.248459,177695433,-0.553959,3fsMLLnsfNFVVLWCoRH6zFSVcEGRtZNqmEsLRG9dyRhYsx7sG5hP35C5TH7E76ANHaBd5SB4bH9tYHre2ez7KQ6T,0,1,0.5037807812626294,False
1785610072915,KOREAN,3iAiSnoqkrkSTbcUmLUzZPXPE22Hy5VB7NeQv6P9pump,1,1764,1606998268408,122627401,777299179,0.654672,47909149.860943,555835659,0.507927,5Am937FMHytyTpPpqVna2po96w83GpZdqYXiMtrRAyyHVXGYvfMFiwE87pYKQkZEQ1fiQBBia2TBz9tN1h93whyd,0,1,0.3906887813837219,False
1785610364887,KOREAN,ooHxbBHnhrcrXXrTebLufC8DacxTAXs5cCMF1L4pump,1,1760,19688232224463,1264696587,258914464,-1.005782,729812484.926964,177710065,-0.552102,3fgJdzA2oeFuxmXKeSscexpzLSUwy4zQKEqHy4P28qGqyryBjfEXQEoM3WpxvZgwBJhnobADTYswKBKXjrqdH9kp,0,1,0.5770652759158305,False
1785610845588,KOREAN,o1rYPPbB56QGLefxPYCGVmZAdQPf651kqHcqxfu6CLu,1,1757,37307426844183,1633435748,270303881,-1.363132,1203518592.787304,287218252,-0.9163,3j4qUHM5udx1As7ie4UejHS8bE62mDvQ1FJP9Df4inKLtEPZqQ1Esq7s5Q1eSNVk94Gc4NzLLg7Tqfd8GQQtTVrZ,0,1,0.7368019184476082,False
1785611198337,KOREAN,HnNCjAyTvWD93Fc3cVGBuRtzptJW43USAYkgryCnpump,1,1755,41742621057404,2497262357,1368297691,-1.128965,2263163169.676895,689073578,-1.57409,3rU6CmXpvZ4R3SqfnKKBpmEuM9PJcrLaJ4Wk5v8BQjJUvFyco1GQ3f5cZDoeYtZprE7SzNG7ESK297sHzM6R19yK,0,1,0.9062576718593829,False
1785611279030,Doji,EBRHdR8HsAVvbApBn4U1F5gyrFdjHNoW8W712CQGpump,2,466405,12897184877621,2089409092,1528258766,-0.56115,1290595155.808914,1381736475,0.091141,4MxC8KfyKPquz7mNrUpZd3vTh5PXG5kViXWhJsWmbtyBqqvxB8n5LBwHjhQHGvfmMAsfVNjA1wrh466qs8QkDKyg,0,1,0.6176842824846451,False
1785611402319,KOREAN,4oADdrskPrPyaNJRGDzpELVoW1PsZFZZCZ1yXxsdpump,1,1756,10643058826982,1314458307,1014151963,-0.300306,473171756.806877,500088044,0.026916,2opYAeAN5kkbeBzZYqW4tjbgnrvWFCXphyy7ZFWXZb7W1Bccqf63KoC3TiHhA6CiDehpf2JJyGKim8ruxRLuTevc,0,1,0.3599747167993492,False
1785611415602,Doji,4oADdrskPrPyaNJRGDzpELVoW1PsZFZZCZ1yXxsdpump,2,38565,11445694751528,1112029465,544017303,-0.568012,706324193.922249,518616142,-0.187708,2ro3nNAVXHD3sYmTjYCuRJKf43y1KriBr95i8xpEjYuc4JVvptL2kY4H9Tmuo1j9aKD6yGN6MiLNDE4MbPgm5yJE,0,1,0.6351667974213695,False
1785611436239,KOREAN,819nDkV5VjBFrHjGWyHs6KKgSRtxZxFoBTwP2ZzJZH7f,1,1754,39805217865709,1701814122,336567650,-1.365246,1207497471.078392,287706556,-0.919791,3MS6L853Cj9JdqCj8oktDhZ4KJWYqAjgAYWuYHBAkvuuZpWYHKgYyEpkDsx3TR2YoVyrBg7RLRN5meNnLdfWY5M8,0,1,0.7095354630500545,False
1785611788384,KOREAN,8okKPsojPtsuDdPaJkYV6qu9AvnQoKtpkGMEbdKbpump,1,10599,43494856843475,2520617361,1491314010,-1.029303,2061193422.241699,1897989797,-0.163204,3qBzZ2863mnLhoFCwUfivDHgC1pVY4kw3L68s2YaGDeZdDv9mF7eAKHXFdJLJRqHy9cNRyAvyTTG62njZgMrNfTp,0,1,0.8177335656467769,False
1785611836316,KOREAN,2BeYhZdi8MWu2hfunt64SVhqZJ8bPv9f6pkwQ8wKpump,1,1755,27685421715128,1422164212,279325295,-1.142839,1101902955.111046,251373900,-0.850529,66M7whzmSki91CHFouKFDB73eLMFu7wttKdyEhsDA4cB6b6ECPLv45JWtvpbRyVnBLeqZGfA7WjGaCbJ7QGj4wPw,0,1,0.7748071184841812,False
1785611983452,Dedmeow5,FwuhEA8TQQsBZmvrfgds7iqGttdhbSRAzJhhtgJ7pump,5,276975,7683286050038,1321456090,640195491,-0.681261,1180963374.015457,908814354,-0.272149,pVb7QpEcp5F4t5tWWxuTcc1NKTuzcRhQuwEa1C4WdGGT4couEhS8nKp93GJXVjfP88y5tTQCT1zAeoSj6YKobFX,0,1,0.8936834019323767,False
1785612388909,KOREAN,CZJpCvB8UAjre77yL1eL9Nhsa51BnzcVd4vj1ppCpump,1,20288,37099142802547,1648646526,177109646,-1.471537,1126333426.578705,143417546,-0.982916,4ccBdoh3RcCqtdhzh28cM8jp7ofckLbZ7vrjPtcq4jKfmonWjN1eNKJ4wzk8PNjNeXbZUMC4f24SXnC4uhR25Aqr,0,1,0.6831867285169078,False
1785613729216,Dedmeow5,FwuhEA8TQQsBZmvrfgds7iqGttdhbSRAzJhhtgJ7pump,1,1935,5178254530938,1034579110,861057759,-0.173521,907982223.290787,886426289,-0.021556,2VSnMgfzxWbX9SqNyJNamyMWBbSuLaZitKZYn7WvtPPt2LXnVp9syLVEv83icXoFsPgbVHeMrwiphnbzDQ498R2o,0,1,0.8776344066050077,False
1785613786888,KOREAN,6oSMv61vQQChyeMnTdCTYhhgGxhwJtM4FUS3htQJu4Jt,1,1935,24582440626865,1550401894,274762887,-1.275639,704126210.906387,171016667,-0.53311,4Xhz5d48jBBXetxZheayRnXDLio8ESZskDHwKwgjoTjtSpqHS24eFE1sqgxmoTyZV5RpXfZkoQpUZTbK55DS1T6j,0,1,0.4541572179647937,False
1785613930073,KOREAN,uny3f5syac2LmCGuaUaEmtFZunDtZ7XhRqjLaYZpump,1,1933,40705486646521,1531678626,1597753085,0.066074,1188880936.556252,1101769542,-0.087111,QkUQAzcX9dsmrLn9P7rKFtA2HxUQ1qud4pY9poYCrWw1ScoHyxJ1XShSu4MLNoL4yMdNo337ZK9ST8vSfSBZLrA,0,1,0.7761947685207511,False
1785614054899,KOREAN,27xwoE1JrghcoSZTjzJ3iiyCBYptBJngYczY79gLeudv,1,10105,49075919885124,2699973362,2494918891,-0.205054,1679534180.573212,1582713711,-0.09682,376BJbf1Rr9n7Y8ovLsZBZAGhV4KLgS4su9xruVCFZMBgRqFy1aAVDVxsMkDoHC5h2FqGntLZXgJBVpzgB4qpgQP,0,1,0.6220558336653738,False
1785614140001,dov7,DbchYFJgr8GnbQLTuu6KhrrWsboDMonNPddfBXWhpump,1,2704,67062499999999,2056440800,1237131721,-0.819309,2161188722.739368,978724566,-1.182464,iF3bDMt2PK5JEdaZ2T75oLQpzVQ3QjWwrJcMq9Kh3gpPErWWUt1TDmjRmRiCtDB348vgwQ8tPeBmfELjMy6ux4f,0,1,1.050936512609246,False
1785614703494,Kadenox,DDwYXhywD24ukrYtLHSQeeWJ6BvoSQfMp2kWL2srpump,1,27545,10984503182643,921216937,729449088,-0.191768,868954670.857063,588805674,-0.280149,54qutuEP6bszaKnsGycarQaSJaDEw7TT9W91bzrYXxe5a4CKvkv3ouU1QuugeoMKRWLNEro3u5M6enQsns5QkGnM,0,1,0.9432682313537002,False
1785615688874,KOREAN,HtCUXRkm5YD5CPKWyhHthpx45Hz2cMaceKbuS1Kdpump,1,1934,76763314801146,2467588385,2349272333,-0.118316,2311598718.088291,2002933486,-0.308665,2KBK6a9icpXThJn2mzXSzhiudxHx3ctCi97CRhsgePmSN7ej3errKnwHpk4Hfrf8QwQRL1SGDKfuVL9r3J6Vu3Ly,0,1,0.9367845675316271,False
1785615952321,Cented,3EarYte1HwWQBzRZ7N2nD5moDuu9dMW9Retb6G5x5BWi,2,3863,6937812063670,524010002,5511715680,4.987706,300721926.536964,2553998363,2.253276,37MEChdafP9bpFmkUa1DeMm6Vkcx7oiFkUXnbXJJYDL3cY5TPRtRhCxe4nHYJDsBNBnYZ2LfMUhbTBnAcwRTfEf,0,1,0.5738858521577686,False
1785616203048,KOREAN,FZAuXkTgLPtLpLEbKt18pbUZytSAoxS8WC6zeP6Spump,2,12438,32362995531211,1562918971,1082612482,-0.480306,968216751.934418,878344824,-0.089872,3iuPo4EttofWdthYFSEGD2vncXqwbbdXrxmf3f8ZF12s8TTUFdShVE7vu3vw15rDdAsehQWNEgSWKNTvoeKqM1e3,0,1,0.6194926095976206,False
1785616336061,KOREAN,BqXo3pp1mv1heJXJ9cqDvcbpBzEmtmCwo4PFBHEXpump,1,10061,28509018473647,1415203707,1154359962,-0.260844,861095020.235752,815431424,-0.045664,4egHbcnYu35ZJfB5iMGX2SVt8udYSRF5kGmGtWPCKu9NPH1XDm3LE2QnUQkrAzsB4fYLX3VPY5ZuWdGixZKq56TA,0,1,0.608460122013906,False
1785616770942,Kadenox,7DNKzM2cwrey88briyJKqML2Lo6wiHUzLZ6DeKeGpump,1,10876,15529612745876,1559211696,1426584883,-0.132627,794400364.03598,644088332,-0.150312,3rHNPH9UbgpzNZgwZpgWq8zsuepGtuu94BEpAaEdkdypf2HEy73sR4r7EckYsSgPknnC9yWHHSC5BAwL2wqtfhUe,0,1,0.509488458862856,False
1785616808122,KOREAN,6navM6UbcBNMxD3RYmijCE6yn7Nstf46bAt71rarj2EY,1,2320,13787547833872,899864194,211315090,-0.688549,430086548.097008,105715883,-0.324371,2Qp4Kygzqcwz3NC2kXWcau1875jDCw4poEhcinpdugubDoN8i26iwtzXvDVTYVTcXvXB4QzqBTgJzUwVqjYxuJFG,0,1,0.4779460622666002,False
1785617028608,KOREAN,FySuJq61X1a5HzDaHBAnYPywUboHhz4otRH9t5H7pump,3,5797,26220553475981,1190766308,1184062129,-0.006704,783369643.942608,750940400,-0.032429,2zKSSVfMYWPG5jqHqAV7aq6Pkwh7CSkEdyDrHuakC2apuHyDzpaAZSwGiEwEynB3BS5D7pPbBnnCTdM2hta66h7,0,1,0.6578701787912931,False
1785617140069,KOREAN,5dVx28eqyxTRHVsZeNx22xM8BmbJbdcssk4ee4JSpump,1,9943,28792325692366,1628381618,240658220,-1.387723,865441714.697815,208990312,-0.656451,Wc8qY2Wtdq9oMyZ8gj3uy7ZLLC2xaheLQHKxzPBaxUEn5c6pj845FNFAcpD8jcN9pnH1UFEiqfoMZTYiH63uNn2,0,1,0.5314735226259567,False
1785617490449,KOREAN,C1HiSUU3iowpuiUwTTuxbrCA8HLVspeozDBqjmropump,1,1933,24046448182657,1550016874,1024904185,-0.525113,707811903.037235,676347681,-0.031464,5P2XkgCMdgEjThBAmxRLcpXHzYxY25Ku6T45Pvtyy8HUNdaFjvtf5FBZQdUQWJTtoU1tpsuZVeB5FB33VcLora6Q,0,1,0.45664786939424956,False
1785618062540,KOREAN,9MXoBB21qjX3bu7n37CwxQFK6FGRsGpKsBm7nUkdpump,1,1932,21495438856596,1451807284,1401719915,-0.050087,654757719.082958,628209937,-0.026548,4Ss6PsdsGjr6q2UabsDnQkZN3E7DUuif3ZqGsUtXXXFTjs6UZuiJpKP1h1FkLXVhZxTtBXDjQ465HGUNSfBcDY6u,0,1,0.4509949263231262,False
1785618402408,KOREAN,EKbAQiLQaEHbvnc1L2MBY2peKxWkrWWrU7fzPErUpj57,1,1931,53822719484585,2239045173,1210081023,-1.028964,1703356651.830074,398534416,-1.304822,2GKHHRxEVGiKWAzwpEC8yzW6WhSkFZhsDhgpqGBXnPcaoBQWk57TbybjfyTSyn4PpAjwCJKNyFVrikH6pwGZEuKy,0,1,0.7607513561451822,False
1785618627355,KOREAN,B61BTb4QHuCq4oGf3mwEPUoQwMsq4jBhQHh2FDpjpump,3,13908,22059507667397,2010435879,1618918437,-0.391517,721068454.19014,632835953,-0.088233,3VUNLUG3r4pJC2YFuz7vCHFrWBjfy69nzygcNkq6fxboK3sdMthq4ABQwEnaPQyfYVHbavpdNZ1HZ8aD1XuqjTyb,0,1,0.3586627465824987,False
1785618689412,KOREAN,7WBE5kxvnvS8m1EfsytLmLTsnVqkn6X88bfosgxBSWTt,6,19619,55157124134889,2795758003,3426935269,0.631177,1726307100.678123,1587098404,-0.139209,3AFkbZKeJXQEAPowFjcFYVaUst6PX96DSTTpwUAam4pBcEChi9rCoSUgfEytqbdFhtz9UHLMBQjpYxfuKtEWnyG6,0,1,0.6174737222698466,False
1785618873470,KOREAN,3ybpVhnekQ1sphho2e83zT2tn3azmT3tdn5RrFXapump,1,2314,21382106624844,2563132550,204144127,-2.358988,2186391250.552719,315458507,-1.870933,2ntbHfrB4FpgPQUcD4MR5nHwQHbgRJf1tSRt4JVw7iU5grjrnXDosJbhE7xBhCXAtVD1QrKv1ngM4TVJsEtcU5Nv,0,1,0.8530152880906292,False
1785619020771,KOREAN,6BzKpjCwQ2Gi67WgtZHCJohW2gSfHAuqRCwDThX5pump,1,12561,7800717771340,1427867433,72929651,-1.354938,1272297338.980042,101307197,-1.17099,4ezaKRj1KyeR8A4yQPsVCcTBLYYwYo9b8axSrDtW57fpkGPSETePSZn2ezgYqY51gGgbYD1yHFJ882FFdqxBk7x2,0,1,0.8910472426049386,False
1785619885610,KOREAN,8rW82r8Ld4dumXTmgjF52nTbAjQZCLUSgAMHtSBopump,1,9986,33855222751975,1703393804,347282577,-1.356111,1030908718.463158,248194832,-0.782714,6h18qii1NBtP5nLDtP2vQH94mbeAmWA4HJuJCuTNw3jLwoTTwkfHzYNFPjti7i69dqhxXKaeXP5UwKrbrPVP8So,0,1,0.6052086816579485,False
1785620749537,KOREAN,Hk1xmqfSvYFaziDkvQxZM5teUXRy6CPCvC6it5rBKoHC,1,1932,11177019679985,779626783,131321068,-0.648306,335716603.831245,83334583,-0.252382,k9hrLhQZnq3ZTN6uyGQ7WgsBcEt8tPqfaoCTLocTUwLdKJTRrW9BEYJUhdtxuVy6S1QkvdnRoowWpRN4QhqYyPF,0,1,0.4306119429856029,False
1785620877041,KOREAN,GaCw9s1Zr3XjDKGQVb8ssTgcw5QYxjPN61m1fubgpump,1,1933,19508867398345,2577508224,499895554,-2.077613,1076198649.58374,289089252,-0.787109,xxD29C3KpBnJVbkVXwp6DxGRYm6JFgVCsE3ozmGioziPb7y11PjDSRbVyrBFyFR9M9NJmRvaCeMm5MVQ9qpJYCS,0,1,0.41753451630645116,False
1785622185114,Kadenox,BywVMaNfte7WN1J3uUNEth2mTgtR3g2oGMUMmFF8pump,1,254296,16819708507012,1423172874,691280515,-0.731892,964880432.771011,553870887,-0.41101,4WEQ9reYa1ACPPTuH78VkYUvkauUScYnqWdd7NV2NDR9uAcvPigdHqjdHZP6N2EqdYsLFxVChiYVwGHLEFMMaZRk,0,1,0.6779783752195174,False
1785622253802,Kadenox,8pHg8V8wJwEj9yGABPFrJ7UncsjsJkpuy7Co79ddpump,1,18055,30094017015303,1000594547,949885120,-0.050709,913527373.322578,869140920,-0.044386,53jBbzx2s6RrmDm15gwjhRhwkp7Dw6SEocXAfgLVMheB2C4bVawHHL6HuP1thT4WEfmg8yNmxbWtQeyg1JmRCk9m,0,1,0.9129845610907351,False
1785622432078,Kadenox,65XzFfczSned2Lijdi1MTzozFVEzqFAu6n2qprbrpump,1,10104,12714336702737,949588234,713690818,-0.235897,925794467.802635,964959553,0.039165,veYEMEJzKQCjwMKT57xyYGoujVmZGtSDgWNnn1cQicigmSpqZEcGXc7zzPigXh5aF79zKGoxq5VymYADEQ1QDcx,0,1,0.9749430696954433,False
1785622639468,dov7,F86BABK89tVUzSEnhckX3fFLFvW8H2x5BSu4YT8hpump,1,2322,67062499999999,2036426880,1861058960,-0.175368,2138719517.619804,1431184594,-0.707535,d1RP3xkUGkbLWi7QKV2794fgPmbEX7aifK9gKCTfY32NjbRud4KQPQZ2DZazXp9C115BPGdrLiM2J8VR45G5FAt,0,1,1.0502314316435482,False
1785623052971,KOREAN,726JgRAfSD4SysrVRHyQwDM3KeqncPrUFzuHZtCapump,3,14729,5594242223242,324429825,1561610959,1.237181,260774763.620697,1322454855,1.06168,2Zs7LHiZYDvdeJ8yBkE9hLMp9HDCLwfREx8LNu7PniCbMQ2mmDZE8dhbu2GGHgb5xrDqtXGfKqNLPyhYstcSvd7d,0,1,0.8037940519824187,False
1785623067464,Kadenox,CAzY4CWpEJWfkHGMqbrLXLTyMuLDHwPD3WHHovVJpump,1,10317,32347577788836,1082055457,924735740,-0.15732,968635724.387775,910903598,-0.057732,2SmLr7y8NP7gZ7EHSBZhQKZDUACpNjTiFt4fBhsUb5anNoiyiTEk1bd5w6CeSjaQVDmQEQjfv5deUKMWoSxk4KMr,0,1,0.8951812202614075,False
1785623921019,Kadenox,6t6kyWTrJcvVcWzfAsY7ujaCUj9LxFETCid57s5epump,1,26014,8941064598607,1499760607,1864175786,0.364415,1271289431.519035,1815461076,0.544172,5HPiAStVSwyAxF6zyQmkMA778KTa3opzxn2nELRVzLGzs1FFzBY7FyWq5jDKtf5YHKtjfbG134wRGHq4rxPvc1dV,0,1,0.8476615705102561,False
1785626008262,Cented,77qXZzAnd2gXSLDAN6UpEJbvGfLBZQVPPpFjXiB8pump,4,18419,13574042563487,1048020004,4079775437,3.031755,582512436.737835,2006932377,1.42442,r6tDqKxU9ywWvb8gP45LAJ9kTojskWZFy2VMVkPZyDf1DVcPDpqRcSBmVGkVw3LCKKSvLYHg4n7ygHaRt7bmNsy,0,1,0.5558218683942554,False
1785628744533,Zuki,563NHS2f2zfkA9vp9abhnQsiYMZusbYpTHkP1N61pump,3,58447,2369852076830,248380544,2057339878,1.808959,229048071.774124,1848283180,1.619235,46oFioh6kY22QdPcJCKMR6LVQqDhFdNxAQ9qnxp8A6eA9UNa3n9o3DcEAUazYmpiMbe3puAy1BTp4yCN7HXwtvVe,0,1,0.9221659155965292,False
1785629373234,Zuki,CRFkxcEstbguzCB7WZBwjkYxyoFGB4LoJf79QCxm2nvH,13,334194,2879996010866,768265000,1973186731,1.204922,602326417.186943,2361079733,1.758753,CAKez11tJPVG82jmxS6bbRHoz8Va5wL2Ds1XPzu2hGi7M8Dm1XcbGAySVUgvhucDxh65n5wAcTTQiR5XssFsBUP,0,1,0.7840086652222125,False
1785629490456,Doji,Fd32XYEmcw8emKXgfB6m6A6NsfC93rNueiKVvSF2pump,2,3507782,16644536641568,3375524211,1773317883,-1.602206,2337659608.808723,1562950769,-0.774709,L5SvmHmNd4dWyNZk1S5RJnqjSWGVX26nfPkhzJh69o4Tt1woHpjHcc218NT4KBUpbzP6ejSaqbEgjEitgPH3s43,0,1,0.6925323187405581,False
1785629524174,Zuki,G1FRx6MgA6Q15unFAhVxNpWQU3ASvQ3EQGC8MoxvLMwC,5,124539,5194149855181,673233283,1461525600,0.788292,501570270.343254,1544020390,1.04245,2FqsADyQHB7WY8cHFURGFmyWL1tj1pqmFJCvGEwoPiJ7WQBoLY7DNGpTysKNPTmeggX1PDSD4QZjz9Z6naebxERd,0,1,0.7450170438814357,False
1785629697206,Zuki,7t3VjKQbMZkFqtnzT7KV3FBUihxQfRy9MywfkZsCpump,4,50657,5195192926266,488820000,1703553754,1.214734,327430976.6726,2270036749,1.942606,4J47AK4px1sic9K6pjCcyjQHyG8hrcBXxmhS5rbPoihrHUKxezswfwTiUH74EwKpb4qgiQctkbSiuDGW6orcFmkV,0,1,0.6698395660418968,False
1785630122729,Zuki,rm3jvVNwAbDmEdMEGwrrPrUXdYybviWZ518LTY9pump,2,165317,2591881678277,244410000,2130076006,1.885666,198808284.997223,1146687467,0.947879,3DeDZUczoKp6vLgcUTyFNQH4gj61nQ1b57A7BswyRiZF6kAPrKopvpyN3gwM273LjLRyVha5ee5enxo5dmDvL2AF,0,1,0.8134212388904831,False
1785630327951,Zuki,HUcFZXtQ4eZxQN1eNFQaH6gxEtARct4ie3hRfiR3pump,1,10060,2847819369571,239405000,1564881778,1.325477,224557296.853004,1326319493,1.101762,stg7c93u3m1G4dHnUvtx2dBRHnQ168vpGfDp3uUTV1zTrDdAgznBTKPnC52vMk1d2r2W3eLQKeQe61fAtUM8da6,0,1,0.9379808143230258,False
1785630520402,Kadenox,2h4ybK3e5jcwevQiLxwnVifXFGxiMvTg1B6DCEaiFgyM,1,1931,56199886881878,2210234653,2023811782,-0.186423,1833540224.81818,1642363116,-0.191177,3BtvzSPaDtv22mBHVvp4bsPqMqGpvyTLYYhY8YDWydfQiz76KC1GaHzw3vRg4cJD8rAnRGjnjigzACHB3tzhssnd,0,1,0.8295681285828523,False
1785630915441,Tom,7EuLmJ33GwsiYJmJSxomyVpQ9zLkRhnRvemZzBeJpump,1,440112,29882319915889,3002010000,2337757617,-0.664252,2873624806.81768,2147883878,-0.725741,SZynYDSSDbR79o2j1GPpTeadtMoTZkWLnpwijYG8GHx8mh3UU9XLCzuSF6wBwewLxy2pxHufXDisuqvCeEnbpZp,0,1,0.9572335891011955,False
1785632610597,Tom,5XJ6JcDHEuAvEJ4VSfkZ8MHTadTJQV8NWJ4sdcPopump,1,9978,29806855037042,1604079081,1039393681,-0.564685,958427870.901035,903741789,-0.054686,JoRQ8jUqAw9Zwo754fBxmVgB5xA42YHRhq7F2R9MciYosHvUZhiXE5QsM9VmJrMKnf4C1NLffgj4jtJdNpgiu6U,0,1,0.5974941524102046,False
1784934097203,Zuki,ApipuZM2PbwdETgcYA6PFvmnqjWoSP8YzJUGPZwApump,1,11984,3963016042,4404507,1344966964,1.340562,259924.849304,941112537,0.940853,3F3SCYLQkCoc7N9AFfywMRx7Jr5J9ZuEXF3sPukXjL8YR7kmPcb94Mcsar6GPxm2PdvUhyQ1z2AYs4aV34ub4vfd,0,1,0.05901338090823786,True
1784934628453,Zuki,9Mhu4LrSW55WdjNK8Cwop5kV7CkY7KjjYaGeC9x1pump,1,12148,11405871281,5005000,1045891841,1.040887,983847.732361,951054633,0.950071,BrCnEevLAwZwsQxvLXPksbkWnPAhwYtQpu8xd9BFYbxNf4p5r7ixVjpg79spZ4DQa9U6CTsHm2fffDhB3TJ7rsQ,0,1,0.19657297349870131,True
1784936339487,Zuki,EzbXDtxDLp9NXtYrfGQMGXfeufaU2C9RpcEDP6S6pump,2,157926,22612710920,10010000,806923676,0.796914,1569066.350922,458120602,0.456552,22xYVjzVrbzFQU5z5WcgG8X4DewTRT3sQT646wocE3Sv4PpUCpPLdsuQCQtXZ5fd9niYaDnh2QztoEGqa6HwMLYS,0,1,0.15674988520699298,True
1784939635731,Zuki,34PftartCWbqxXovQ3DAiZrjLjrdshJgkKzzvoMjpump,1,11697,15302941884729,2104617438,462950146,-1.641667,439293948.393528,426866980,-0.012427,PD627oJM3mCwrBXckb5UfeCVykKcQ1zoQQSPNY1TCM63GWKaq1rMw9ndriQkmopL4PSohWCag9UhQaFq3HDFPip,0,1,0.2087286461006354,True
1784935696316,Zuki,5yeEPpTpQv3BxqPLVnrKyzMVfhUHbAjCC6XxncBkpump,1,9853,5582873419,4343770,951550780,0.947207,164090.436115,801087861,0.800924,4sir9D2WGRKuMdR7WCVbZ6ifvykdSUrYu7Ls7sr44R4ArvXNrZywT9CvMx1Ua8fL9yoX6UYetTrbsArbC6Q69eEn,0,1,0.03777604157563591,True
1785023834830,Zuki,AjfhH11nTxNFkkonk1DuBhC84VSS7jAdasDUMrgZHTdd,1,25471,11221389352,5005000,1967046859,1.962042,962135.812431,1818841842,1.81788,x8L464AqwCmZMjUijZvFtyebeiCG5RmYYYfnNrm5AW7gQ8Eo5YUHQBYoYP7nqm8VWkzjytxj5JKm22a3pj3yisL,0,1,0.19223492755864138,True
1785029196764,Zuki,jMhyvYtfMR8vfd8Cr8r6DBiStRCt27wywqujyzDpump,2,17347,7215112689,8694675,1625470926,1.616776,599091.641663,1520418213,1.519819,4a9QikNh4bAu31MyDBxEfqy3AkKVhM6LvWwcA17HbH4eK9gYM8GVtwUbW96Htt5K8kQquHhAceYcRd1kHXjEFeEg,0,1,0.06890328179753699,True
1785075196274,Cope,HUZ8sFPaDr5AXp8QofbW6vzHpLXGpBN23QJ8CyFMpump,2,3531,21876095729652,2530308048,803580974,-1.726727,631763827.409908,612595563,-0.019168,3JTxVCbh57HD5wdYRUw7nA48vBNpsLDizZ7jPd3PPKPimS2rzTSRS3ih7XTRhFT68gvNTHqeMGrgaSNpeXYDFDv9,0,1,0.24967862229631105,True
1785126411766,Felix,6Fys7fPYLbfZUkX66zYEwT5pb68pe4rNSTouJni3pump,1,1938,20650150923726,2004079080,1492140582,-0.511938,588728733.415138,566495376,-0.022233,5T6cMzF3pHWFtQDK6yY624MydQ5g7c3RSN6E21QyRNpNqaPphtq7gVxGVK2Jx6358sYFwqmBCC8BfVYV21f2x2P4,0,1,0.2937652207891607,True
1785130126629,Zuki,23XLg6cuaMZPiWLzRHwxwiuwmpKQ1WEbmygv2ekPpump,2,56754,11076125440,10010000,1178126944,1.168117,1872270.108887,1250668493,1.248796,5F9NvtnPJVvLw38hf7cKH6MbSUTGf2GoUH25gmZRtygFrHdmcjyzsKcXJxdBSF7HYV7duS9cUG9NbXg4abn5gUHf,0,1,0.1870399709177822,True
1785148227347,Felix,DgjiYi2egrKQJKy4BiK5me52eo1d7EVVB7sPwPDkpump,1,1836,21230308607236,2004079080,1813165919,-0.190913,611633448.429596,587784319,-0.023849,2W3uSu8WnFV3dvngyriqTjLGjBJCmieD974vV2hAMVeR8Yx86jBAnN4uMP5EmqpPvpUD9VVPzX97owqmQ7Lc3Jrq,0,1,0.3051942682968358,True
1785210660506,Doji,E3wvBYypDkiYjX2Ew8STEQLEMDmHvRMaG1ee1Bqpump,1,2391,10442018017962,1718164831,1726644346,0.00848,325024681.605583,318451244,-0.006573,653Emi5RaFz565XJE3Jbgg3RxFP393N1ZbhAE82KCwTCfqRDRuy2CnXHfHo33Fw6v1Y5KUc1ipL9CqvJACVMSiFp,0,1,0.18916967437659246,True
1785211142252,Zuki,GKkvDrrmPp7SDrKrbDLdPqRHhT9cFqaBpshnNrGjpump,1,8759,6818584480,5005000,695339574,0.690335,706438.713051,447292045,0.446586,2qNycRWxXJ2CTY2CQdEn56ovr7sNo76ZiEVTCg3xYYCsYeXW4kY4qCByMiJFNTgcfW1cdwfjkB5qY2WTeY8KggMp,0,1,0.14114659601418583,True
1785222534592,Felix,EMJzjAZ9bm2hGbyuTED5sQFkvtRqWX4oeTHvgoYVpump,3,2801851,28765305203,9015000,2796498744,2.787484,2907358.979485,2478438910,2.475532,5cAumiXTcx3ybuzdCUZbPRSViThEVrWtDsXw8vMVtSWvXtprfnPBdpu9oWQd4xBz7RPwMVcbh2RP46WLJSuezU4P,0,1,0.3225023826383805,True
1785222551245,Zuki,6tn4de1EG7h6DYkMCPjpWiDANVoeCdqPGATQzKNpump,1,8454,9857128356,4498115,1319920727,1.315423,353438.365223,1054616214,1.054263,44CEpWcsGq1kTLs2yPXxmUxvVLv8bZk98NNPMovrbFsh5pmTMqgwHcQQ8tQKt9fU9TJ7xH5r76k2raD2jW4wTuAU,0,1,0.07857477303781696,True
1785226588140,Felix,AGiKjLgNLo1EyD1mAQNe6cDYgaqr4umq9pYAZxU7pump,3,24370,30241907095,9015000,1581901510,1.572887,2233387.881844,1719147110,1.716914,2uXbR6HLtcnrr9o3TkvZoUwSgPpk3egMSohct7JZBjok9Rs4ZSGVTfycEW5qgb1G2jNy8jf4sqXegJHEbRbXsm52,0,1,0.24774130691558513,True
1785261993368,Sheep,5Kfz3fUNvv1tqZk223swfTLHLeLh7Vv6GLeXTu4dpump,1,7676,142743840057479,1472418047,329180023,-1.143238,364306658.172506,323471033,-0.040836,2LR67vi5xXBzHgxmYxW1L66Tdcs6z2ymXT8vU3VRyc528XFztjto2MuxZezxKcRBfRgv1BycF8ut65RxkSpxZwpz,0,1,0.24742066895659692,True
1785275898130,Zuki,1fiBiVJpJzhGuti45RQMMCNgg8BNxfAEbvGcVsapump,3,43200,20245238047,13715342,1311873712,1.298158,1560659.832222,1377992905,1.376432,48Yd2qSMaSeGx2hHngoKskiLUfmo7Wbrni9UQ89nkVsSShkiWheLEQDFySESARLTBjEDZgDAYSqWTbzn71p4WrA5,0,1,0.11378934861573266,True
1785277900116,Zuki,7pHSzi4y5VL8ZKUBfMEqKuu1XRVvZxsjc6jRfuvCpump,1,13984,6272958964,5005000,1981872573,1.976868,883081.109543,2045649204,2.044766,3b3d6PuVv3oWncboPehkYJtvup6WmvRnPKgp1yuCHKMTGi1ME6bGLwXru7iMfjdTjidDhttBDJZ5pwHs83gB9LYR,0,1,0.17643978212647352,True
1785281462441,Zuki,CanxH6xrbDv4ax58pijm6NEWsAgufoCKRerb3iLDpump,1,38036,5440094138,5005000,2328483504,2.323479,907149.572586,2498596134,2.497689,4cMtUV7KorU7S1ayfxQxA4iFtFHG61Jcz3ke2bACQuSXwnfACB9QeDTs3cRAtPzQNj12icjrw3BwBRX4zRMy4A8x,0,1,0.18124866585134863,True
1785297240331,Doji,HVLn29CDhUUB6KWtvTxLXqMZ8YBgennroCt7zniPpump,1,65995,5940843918671,674174241,188197313,-0.485977,197541014.430283,172974558,-0.024566,221DNw9sZV8T9ZY6CNGvuZim8DHBgaoR52oujEgaBLbJeSi5BU6g5q2p5yZHG1zoZc1WpFsRY8n2BBxb5xY8CW41,0,1,0.2930118097322603,True
1785304923807,Zuki,HV59agnxFbpt2Z2NWVa74YNLVYNbU94uKsf2y1Y4pump,1,5814,19138925547,5005000,1760784395,1.755779,802808.935478,1603311648,1.602509,4fMEwMhQBuXBo9oSeh9HUupEAexTHWxYywLvEZ2gKqxea8DdN1YeX9FxCyxuGgpGaczRau9bMUyejyYZznSAmxx8,0,1,0.1604013857098901,True
1785305356186,Zuki,G8ModkdDYTuUWLTVR4FAV8orFyZKXccZPhtUvvLBpump,2,29321,4344795034,8964061,2780702703,2.771739,789592.160446,2820314168,2.819525,CtjjekQTd33CRhCJbKU57Jzq7KhgTCU8Gipzr7G1PgYfo2n4o33x8hRnhjw3N72xQpYVhsKe2miA7EiyMYjun81,0,1,0.08808420206489001,True
1785306399257,Zuki,6FcoSSoPkoSaxmhXeTnfNGAXjbq83GMiG1rWWfSTpump,1,9994,13919055182,5005000,1296867932,1.291863,584143.8283,1058557577,1.057973,662HdrtExBmysBN28wn18zSoRn7VAAw7ANGWKfdhCVyejp1UfGVrCxgjyhZRzjgXh7BU6DJh8az1xhhMqwy69oj3,0,1,0.11671205360639361,True
1785310445240,Felix,5bRFEdQCu1cxhimc5NU2aJFcsPrba1DgtDqY4oUupXJA,2,23955,25505598100,6010000,2605675509,2.599666,1576627.386772,2074335565,2.072759,2GKcmxJ9qYPuGrFHa5ZUzd27EYHTqGxE2MQs3KgJnbDCBstbhkT9gcRLUMDishsETtRRyYVKD7qqRgnF1dhDQBB8,0,1,0.2623340077823627,True
1785318411863,Felix,8LuE1vHgL7nUPJpfa6yz2195SkfjkvEdNLobNEGiSbdp,1,69111,9013485164,3005000,1101727788,1.098723,813553.364365,985091899,0.984278,27ReeAEUh5HBoqxf5ZXVRv5evYMBmRK8bgsEY3vc8DEestSFUaAPCbPwQMAorDyd96H6z63Vcw66VL2mkD33cbT2,0,1,0.27073323273377703,True
1785337313349,Felix,HAcXQESvBBXQwCZoeE1hQVEocK7HkrqGXyASF73bpump,2,3672,18646720740428,2007084080,1315644430,-0.69144,598643451.258759,576966844,-0.021677,31X3Hfru8cyYEgk97moasMkK2d56HohrnuxgZeboTdu6aNWhSUuFyBdyVSTTigUTccWP8y34jVR4sNgzGWmWsoCn,0,1,0.29826525815438637,True
1785338220448,Felix,HAcXQESvBBXQwCZoeE1hQVEocK7HkrqGXyASF73bpump,3,77365,28651376896,9015000,458600103,0.449585,2933530.853134,407001566,0.404068,Xx22uaSzeDMQgmEFuXGHrX2DuATeth7yG1vNAPzFgg2Vv1RYMdoPwVkAwSzHbAnWjPLUk7cNNoxwQH2usQfxjnU,0,1,0.32540553002041045,True
1785345681659,Cope,GiSbreJszDDAGLB7nzm2hv46bZeNkEQJnR1VJKT7pump,1,8343558,2135333080389,452686592,924327391,0.471641,141712319.029129,765355047,0.623643,maVhCCxypLe5QVKpDEQZfxmRGJ7e8AmVh7EdgaEHEf3QFZdGruavmvTrN2AfB7i8ZEt11DN4Rwm7H3kMKDfyAtP,0,1,0.31304730807916,True
1785385502452,Zuki,F4Kr3u3MGsDtsW3k2WYJ2dSz8dNYRPfUymMhx7Sapump,2,19552,18177639918,9369079,1214844176,1.205475,930597.570808,1134726885,1.133796,XDessYL7aNt2T3PVwEKCrnfsWPVYRy8ixMLXaVtM85XwLAbLkasEA2vszqjM4U7RXv8bPBZ9e9QhngW5wGEe3BC,0,1,0.09932647283772504,True
1785423186632,Doji,7e8pknjJVbtQUSq2Y3F7kAHzNwEtaLsBJcX9N1etpump,1,1830,11829572035317,1774260135,1528279674,-0.24598,358817062.379047,350716042,-0.008101,3dbxUbjYzBzcw7heSa1GUDW1FqNARbvaboiFtEiGbF7xoXLS29J5ty8cSjTGPPG4mbekNjj8BKYEioFyn49or8dW,0,1,0.20223475425098641,True
1785429504826,Felix,D3X2KjiaqD23Emg5J4wTirCwkef33f7D6DUxLRjMpump,1,50851,11937977215,3005000,1300519910,1.297515,833347.2024,1335094504,1.334261,665b8EWsSgMzdnnk7i9n5BZQ7noVJ2VnVYkWdUNoqAFSq6HfZiUdwNrLvMiyfYbjqxRrdG7mnE2aXxzroNUYdeEq,0,1,0.2773202004658902,True
1785459639591,Zuki,5FUTTMiN9KqZkPsk4q9Kpp6kmweRKTrJrdhhv5DKpump,2,93149,13714608253,10010000,3970006308,3.959996,1501976.059387,3472146580,3.470645,5KnGRJ8KZen5LkgiCatGws817okr1H3v19MHE8zvwNHikrZRjueGCS25bsnuEpEm5kdpGv1ZSLtaqDfnJ96s8rna,0,1,0.1500475583803197,True
1785472175016,Zuki,2o6j1gaCz7c9Fohd9Ci9xAhaiJAWjnPfXiNdSgJZpump,1,13581,3462365232,4259388,1563272792,1.559013,153775.441422,711663768,0.71151,5WmeXyB8zyr41p3i6hYoQzfwMqi4DypE6C9U29VbAXPrrfYAyRX9k9bYE3PKCjjzVTUyiLiuhYmVGp82im5vVJc7,0,1,0.03610270804678982,True
1785474873847,Zuki,CR4nYWh37gA1iknasix8nVcbJuqY7JXS2SGaZ5kCpump,1,29886,5123310066,4294534,1193880793,1.189586,250860.882904,886763546,0.886513,5G2SaFpmf9geDJwHUYoxeqejynR8s4Znk4NT6DDSHL3szHcFs3pAe3r2yPBRAAzsZirEsGxVQ5BxD1TfT5KnCKMt,0,1,0.058413993905741576,True
1785474883300,Zuki,CR4nYWh37gA1iknasix8nVcbJuqY7JXS2SGaZ5kCpump,1,1901,14785700350,5005000,1137420961,1.132416,527330.878765,628983530,0.628456,2D5QfMwVc1rhbeUDienWy7suUfVFUPQhRDRtcNjuLtTGXDkZ2Qhqe2A6eUKpBfgHLA4xsJxn4rgRCu6sumugDcKy,0,1,0.10536081493806194,True
1785478665459,Zuki,7NyqNieREt3opCyWRoHuCDYpj95sd6Zr8zJiwF4Jpump,3,27838,13321699723,13020532,1275805670,1.262785,604769.552338,644048347,0.643444,KcXHRBCT1eo6w3KmAxfTgVaQ1xFVpV7k2qRy3JiqtdTMrKY3SViHa4X1TCdV8CPwXZA8EHAwdRvVDBwukXo98VE,0,1,0.046447376523324854,True
1785479801531,Zuki,7EjhpiAcLHRWek4hThvz8p3W75RjVePM7y7N5P1Npump,2,14843,19902831738,10010000,1944503971,1.934494,1366397.458023,1676789838,1.675423,AnZwxqmWq9fL8u7GdRKGJPytFtzBNjKHxF2TTmTtS7QKmMS4SUjfWCygofidEtrE84McQP2VBemXuTBtQMGi75h,0,1,0.13650324255974025,True
1785481509036,Zuki,8eutVokNpX6APVr2YQSFCaiSedkGmQu1AE3ym28Fpump,2,95297,15019774872,10010000,4505099386,4.495089,1844354.372841,4155325575,4.153481,4XtaVMsUgBqqSq4D2ZCotmoz1SJjmjL7pEPQfpSFvqdZZqbay7yt8r2u8XZMQfet7hUCpZi6otDWMcnZHVZqeGct,0,1,0.184251186098002,True
1785482909847,Felix,DeSuCkycUaKBeF8kv9hvgdUWCo2JQCLMNrRPnkJ3mGcM,1,20049,18656258755,3005000,1143203128,1.140198,579013.239437,1086607370,1.086028,CYbwuhsYoc5oqbF7BEgzWZLDm9YTiTScuxvsYWoUkyCECR4t6qs11n8HmAHvKAyoj9WtgZ7bqQtr6YAqfRhiABY,0,1,0.19268327435507487,True
1785508700433,Doji,ETFdKovw3DUE5WKr9dBkb5Ao4HkziGMKVCJ3BVLmpump,1,5286,16331238693336,1862161356,463252672,-1.398909,496367063.299389,480980078,-0.015387,VtsYKDd9i6MwjsZz3dLjuZY7FMhyUFjqQMZMUARiaKJ2jjLoHnbU5NfgxN3DHmQjfsP8sqh29sqeEwuPrzKjCgN,0,1,0.26655427130418285,True
1785557230523,Kadenox,GdnifGhcE2zLdrekExRmv9rRymWPmLKBzxu8rzbnpump,6,41968,54788372974,12030006,578302501,0.566272,3383975.315063,310348152,0.306964,5mJ5tNiLRfLfx5tU698H4BdwDjEmYGXDgmeSFQi2etjjFBwqbBYPWXgZmJmURFyRn96ZARCVLAMuCsQmsxT7MZXz,0,1,0.2812945658599838,True
1785559614825,Zuki,DBzxSBo14XTbacjrScmUUcUk9jzfD5DcAohck8qgpump,1,1754,7745173764,5005000,935241554,0.930237,936662.657166,896487185,0.895551,SvyhXv4ta2VsrYv8BgsP98iQdLPffohrPa45PJt6k4Pofh41NPLeGBDMMCGwkzCg8X5i4jUQqaNjS4LGViPeHsi,0,1,0.18714538604715283,True
1785564023306,Zuki,FP5scGkZZqujMbTRAAWEQ1Z57va2hADC1XsRyFRkpump,1,10858,4419951955,4264677,654660374,0.650396,254334.024979,746869207,0.746615,2vC7C41dpTPYA68UxAfpVxF6zUcmhNKn4n1KhqvzcYYRqJLjfsGXy1Uf64bofmVK7wR5D7gidVbjLwdsb6QbrNfQ,0,1,0.0596373476769753,True
1785564954614,Zuki,HFgMbGA3ctRTQyNGk1M2aYN9pre5WmvtYUVVMjWJpump,1,9542,2972508284,4404474,1875314108,1.87091,269649.953369,906314265,0.906045,3M12GJ3tH8J7f3VKjJmm7G8q3qDsug5CPqeR8bqCkRiFjrXdc6eJQmwZyweNDAFQrQveHXAuHDsxUjzr2LW7ckN7,0,1,0.0612218288424452,True
1785565917103,Zuki,7My4WhVtjYfDRvKUe5Xm2t4JgmXjYXHVx5W6Y27dpump,2,6359,26667129323,10010000,2158312090,2.148302,1203824.230858,1585398058,1.584194,5ZZbNAYpJ4vugFz6Wmih7YuH6PYd88YzsRCrHRrxynyBZVM7wRGqPajqEyUW68dQUm2Fpw5auVPPchvVDrhu25X5,0,1,0.12026216092487513,True
1785566188536,Zuki,H1nZ5YX4BAC9Je55V75YSdS7rmTQkFZjbXaJGdHBq7k5,1,4613,9348267307,4408841,1151300336,1.146891,378335.672142,1207421867,1.207044,4mBB5qGXXgZVTibZ7RaJFdgsUiu4vxQyuWfh9JR2Q3c6WmiR4viXQuSqWhemeaW2499DBvcQLCKxHQoMxttTxChP,0,1,0.0858129545025552,True
1785575087615,Zuki,9PS6BuHLUkRXjnTCLd8DpGirWheQ4KGZkLKpSibtpump,1,22642,2911284634,4352990,884575935,0.880223,219623.837631,1139003161,1.138784,2XSuh2cALG2N6CzHjfuBUoJ7J9zCNMVTwmNvKmNeCfj9zrEkeJSUv1yvAbL6JnXNgeq7rc9HnRQUvhrfyxu7Zt6Z,0,1,0.050453558963149465,True
1785575858408,Zuki,ENANYcfWXWFWUSwv6zZTTQLaq2yzUx8pvwvTa8rkpump,1,10400,7096304518,5005000,1945341741,1.940337,742952.691605,2170262637,2.16952,2aF9pJD9fa9ttoa6takaVEqHxvmTQQkAXkVmMCKBK2Ai1UAHnqoZuc781GKjwf8yPWqoofrJeEdCVdLPSGvbRK28,0,1,0.14844209622477525,True
1785593494694,KOREAN,HxemSX7m8EeMMiUmgv5mAe8a7NAfWMFnPABrE2Hspump,3,5270,6658953129102,663315003,1688866626,1.025552,194034014.809544,507567976,0.313534,4mR7ev4pQKh9tLXbbp7P3oJFrM5RdXwjjwbgmv6w9YxaDX9yd4WYEZ5U7z1zUUDWFaoyHqPrtvULPbo14YEzFt8Z,0,1,0.29252167361205306,True
1785594644332,KOREAN,APvTEsorLzpfXm4WDVfK9Td5MCpNgH215VuKeYyapump,1,1756,9137365661075,970085755,176071976,-0.794014,282315278.87302,68912058,-0.213403,44khTgpcm1p7ejHuZNjmk51xJG9Da79yQd7AniXHbpA739J6BA57v4SL3T88SDa6NxZv6425WAhCYFn72RHARf4p,0,1,0.29102095089832547,True
1785597867643,KOREAN,Cuj1H6Nr6kMy6u7RkQdZD9DydUxzNQ63Yxq7dfgQpump,1,15749,15530746082865,1618273359,166904043,-1.451369,481200439.845909,118034801,-0.363166,3XbnxuZYHEyGfDwCKkTFmNnVdjGyrYyDUjDub2nqHXwohJLL2NKtPQA65r867mj4P2vZg571dJ5rxddLFmQHTKcg,0,1,0.29735423695244123,True
1785607677747,decu,CCJrKDzSs2CfaTXJu1xjqNkranYCz43hRkU2UfLhpump,1,1767,1672926553919,250105001,1579790499,1.329685,72910159.381035,719663998,0.646754,GcvoaLCHi2rTSyaNL1QfPZRXWGzGZsEGDnM8LiHtjb2jN6DQtsJquR5BHKGtU15rm5ahQ4jZXQdwZYrJr8pjmQ5,0,1,0.29151819871460705,True
1785612298392,Felix,31VaxqdGNPVA9TcYevTrKFvr82WBT6xQztCiuQK5pump,3,94809,31885726410,9014999,1580174916,1.57116,2211808.293285,965735144,0.963523,daDKxvwyqdKXFGKwennwxV8d5fCWqo32mq71CWe96YposbmPS3upUd8cRmqdfhzT6xQRX78bW3rVUePZaVyRGXV,0,1,0.24534759163977723,True
1785613781867,KOREAN,31YXfAU2VcgKZ6N8SL12WBJ1YA1pTXeWWt9ekxx9pump,1,1934,16160452191952,1431672355,311715159,-1.119957,465521188.309147,114181618,-0.35134,2wGKhSDjRcHkwCyj57Tghiu1X9ZBtjbKTQgEJXDNRwoik1GAf37QjeFnNEzLi7Teuo6emqkiek2uGrd7yEMr88rF,0,1,0.32515902586464834,True
1785614042863,KOREAN,7SfZbLFDFGzL7JrW4ZfUxJifUAsbViUjQE2QfURDcV72,1,1933,26914845040851,2683082143,1797265263,-0.885817,807134560.353886,766774923,-0.04036,3z6uXkc6AutzDf1o2b7XkV6SgYpFUfWzeTgHJotxx1zs7Em5hUFH8G836gtTagPzV9AkpRrnHEk3VRjdi324HRZH,0,1,0.3008236488247859,True
1785623706131,Kadenox,FUfr5oG5cFZQHeHADcHMN6axZe7LQHkGpb7TR1smuSpE,2,43951,7573580627,3038654,2859697852,2.856659,837806.339188,2345004833,2.344167,3vdugZvUajJJUXbHVZsn6kQfNg3eu55QKPuQPmniBYpzXW9WKMsgc1F9WnYQBVVnAMZ1fCq2aye4L6CREcXpKGhW,0,1,0.27571626752766193,True
1785628938230,Zuki,CEccXXF8tMB6ds8ynJgR394BHtXVo1eoJ2EVdZyppump,1,55344,5465246577,5005000,2002095916,1.997091,907299.885605,881848130,0.880941,3sHzERRNvDk3EQYCZtk2ZXbXrJiMDbiRUZEvrJ4TGBm9kQc6a9bgLJUixhy9iuxsVisBWxcLX34GsTwKhK2q1xPt,0,1,0.1812786984225774,True
1785643673030,Zuki,AwoKj4hHoonNhZ8sLT9VLeh3ZtfsGTaArNb5ZFT3pump,4,9376,2500172451866,488820000,2277913328,1.789093,313717851.196175,1328789885,1.015072,2nnK8UCxC96vVQMyRFK1bq8rFrHMkTQRHkcyvvCjftV5bqCgLmrEmrNVbo6tP8tooKSPdYSiXuUveYns6xrFbKZw,0,1,0.6417860382066507,False
1785643772729,Tom,7EuLmJ33GwsiYJmJSxomyVpQ9zLkRhnRvemZzBeJpump,1,1932,26367088444516,3804079080,3536258743,-0.26782,828861473.694122,787295567,-0.041566,3sZXueyyvhDpYT7nruqVpFecwYqv5ig8BrETDyEXH8nHU8uFHqeuoZtsWmrHWdtXVaRys59EAqGEGQp9Wy6JUCCQ,0,1,0.21788755077460745,True
1785643784729,Tom,6oVCjPWhCvuvKns9ApNXqnxxWkrLRnZQF7cHJrzGpump,1,1945,21228795748398,3804079080,964445547,-2.839634,695126703.08363,666288021,-0.028839,tNhk3dWXm7nbCREm3M1cb5PtGKoFWrymTZnsKXzVobvivJWPZmz9FrkrjsviezaoqwpVWEcGCZS23FCAtkSBQRP,0,1,0.18273192761377346,True
1785644134207,Zuki,VL732EYVvywD5VFZpcJe1kf3uCdAvvPNqojP1m8pump,1,9986,1894070360123,239405000,1540338393,1.300933,171597362.408661,1212270318,1.040673,5ZtySmpRPC5KbU5spBEoN7xMMWPLyVEbsBnpnkGjGK9vxhJbf5TDw9bJXL5XXxGDM13gmspNNNxzr3n1kUFrM529,0,1,0.7167659923922266,False
1785644260541,Zuki,52ukmX2xazVyqovEwP1cXNCPZpUvBx7niqQGN9Bnpump,4,24491,12729067528490,1532702840,1043408583,-0.489294,1368028202.597656,847154287,-0.520874,5byJitKYQo8MUyn3CdmNPMiUa7hJU8CftbJj652co7oAA7BZj6Huiv3Ny5XgEd5z3NESf1GcdF91TVup4y2TykC,0,1,0.8925593186724022,False
1785644331844,Zuki,FyXFuYZvpGJEDzJWe691b18DawpRxV4yUxW1ZLFkpump,1,1932,5113509845636,239405000,1399282744,1.159878,188714999.547813,1302950962,1.114236,2x9QDFzcWFTugZBxsMhyPbHpH41tZTutx3Xn23m26xX3K4tAJvsySi9yVheteaoqUYZPj1MruNsKCfNxkDhNg8Pe,0,1,0.7882667427489526,False
1785644452404,Zuki,4YL39xJQcn4337nkQHHNvbAnMpLU8mQnPMv8Rsfjpump,1,10146,2622669116634,239405000,1534922990,1.295518,199549018.953896,1138866907,0.939318,4DzPsQnvMi8q9Kjkpkq5JPbP4yWfZ997djXG9nqXXQUns6ZgFWoKkMtYnZpBg1ZxmFy1dDSHYpPBz4DrdzoobBig,0,1,0.8335206823328501,False
1785644487715,Zuki,nhL2hoQZ53ET4kqzeBYSN4GsNvvQ5wmU3LttDQvpump,1,10065,5123545741,4344336,1051567543,1.047223,212644.655197,843520359,0.843308,9Qu21UhtsiDBzzteQibQcmx1xvxnBrL7jkwBfReDj69J7L23Ho7GuuRka6xbctTGJf2eZmPddXMGCXah7fYgZFG,0,1,0.04894756188218406,True
1785644497401,Zuki,nhL2hoQZ53ET4kqzeBYSN4GsNvvQ5wmU3LttDQvpump,4,7747,17532451258,17441001,1050635518,1.033195,670836.081715,668796381,0.668126,4FSC2uPZvaYs6nNUYQYox5dxT2PMmkJqag3okmsopVxgEcH9uPef3G4jQADwdXbEAx92kJjaLg8iVTNtkaP1cJA,0,1,0.038463163995862394,True
1785644604749,Zuki,YjwHr8zvBJhqRywaHxKDhLd97Y4ybcQWNdfCyydpump,3,24062,1762836136563,154479870,1815905784,1.661426,113135543.475876,1095259977,0.982124,3MJYR5nuxo7soDoX1KNQqpDwRiZPan9rxHeBMDLUDe2aDwdEsaQHPJV8jTtRRgAhU3fhBgLREprV6EB2znXZBkDw,0,1,0.7323643104818511,False
1785645977782,Zuki,AB3XBe2Nk4jUogiM7bNBp921dV6n2zidRTngzUCtv4a5,1,71097,4743003131,4415048,2068813993,2.064399,390217.985306,1371318357,1.370928,3NMjmF1Ai7KX4GKjk16CH3oDkntKfYLMrUgBkHy1uX8DqyELN8uieyNsNK8D4diaFPecz9BqXo64WUi3WHkiEhZw,0,1,0.08838363372402747,True
1785646022406,Zuki,23ujudbc7tUN3JktZsGm4JTWhoma5R5XmvCYTKcTpump,1,1931,39698004390259,1295368632,1279612867,-0.015756,1166166680.715942,1075577240,-0.090589,4Z6ANsa2vRWVwbfgdzkizLVBU3WqrnV9F3A6H6v9pvVicrDFrLj5z5KJTBUdbZ561XnqfzwUkrK1PiY4Mn8883Rp,0,1,0.9002585456430459,False
1785646209279,Zuki,7ERx4WGpELKTuiEJqYYSvHthqcp9bz119rhHjrBqpump,2,12002,16345945635888,901731307,501888264,-0.399843,580032499.076569,573077869,-0.006955,3Xtb222Ubf1DERoEkeJ8dQ3feyjE46PW5Dn4uaEojthvpmLpU7N5F8sZS3a35M3Yfvr2t8r3iqqgfmpiAeAbZMb1,0,1,0.6432431640931914,False
1785646333828,Zuki,C2QfcmTxYQV1H4dCSPDsVEYSL5EKC4bo3yYgtt8xpump,2,38760,4540082941,8754357,2197816035,2.189062,645573.157501,2152897576,2.152252,2NsxxHfpfsMMibLPFzFxghfovdCZgeutSGiwwsMzFiF15JXiZw6DugyHvRoDBoYQVAHnGj2G6nnvw9ei5QiL8wk5,0,1,0.07374306959391763,True
1785646454757,Zuki,8FHMXqSYYskUVD3ZkNpgoo5FoMCmdA9Yf2Ap9cy9pump,2,11914,2927592982676,243807297,1740150990,1.496344,160295197.285706,1779658206,1.619363,DKkj9C6X7qN9YdWW7VtrwQK8PdVboSvFYY9DGTcinfhrzSgETNH5Yk5qwYKMKwhsPhWHMnk6c2CL5uDj2zhpZpe,0,1,0.6574667750231693,False
1785646543094,Zuki,8FHMXqSYYskUVD3ZkNpgoo5FoMCmdA9Yf2Ap9cy9pump,1,47540,5023642988,4349563,1310522017,1.306172,326672.274025,806266542,0.80594,U5RaZjQ6uyvjmTY1kbkyKMunEweioZWQwzjoj85QnF7Q6pFy4p5xv3XccbPZ1FScD6MccNujQrUPmDKWof9oqg4,0,1,0.0751046194813134,True
1785646556900,Zuki,DhrCxgK5XAhxYTGa261gPtTa4xTExmyNECPkeD7pump,1,36429,1540273856474,78942307,726375622,0.647433,73720623.399826,937449112,0.863728,4F8jMuAt72YiHNRkcHsKur52Vn9Z9so8HvCz3oUf59Lm1Lm21wc89bEuQQhVTUjppjsGNJgemUqxNgexBWKDACX7,0,1,0.9338544337173476,False
1785646958156,Zuki,DhrCxgK5XAhxYTGa261gPtTa4xTExmyNECPkeD7pump,2,349801,3434062804906,478810000,3160802158,2.681992,425349578.354073,2549791966,2.124442,3eXUggMvPe5WUYBjeTZeZMkhfQeCog9JwB7DCbSkbft8bFi9jDCF4miYESyHMaVSByqbUWSAD1JhhRNYDir5gdtx,0,1,0.8883473159584657,False
1785647350090,Zuki,9CFvNAMj3bBwStT1HiEVDrEYTr5856qy6LeJmAoNpump,4,15753,32027552565360,1595793089,1101606903,-0.494186,1169616805.089966,1102154390,-0.067462,3Wu3vzwt9nuyEqvS94aK4Z8nNAKSiCH1qiwZ8PzYm6dbDpP6zWHt82M42d2pejiMCG4ZJ1Px8CjVmpDRf5rJ4sSk,0,1,0.7329376302932253,False
1785647405078,Zuki,Afo4YF9AZTzoMJQkbQhJPnLZWdHQe5GnN4mjRtLRpump,1,18869,5099499145,4269977,874982121,0.870712,240188.93924,687385468,0.687145,3NMUPep4qjkVcQgvMWVwmvnahroE76B5BsoSe6CRjahS3ZmErpnMaDjrZ8uAYN6qE7Euxz6uRvdxPvBVwbYVN25F,0,1,0.056250640047944056,True
1785647524581,Zuki,BqGVyaiiyUVb4nRdtv5Jrp3cVgLkbKk8YdaKRGhypump,2,28080,2327182472289,244410000,1892982505,1.648573,219139756.105003,1741638702,1.522499,48okDUuk41osJuaUSaqzqnNGk5urjq4vEPmuHZR69x2LqXAD5VCnSxDgpuN6h6F14bvMEAZJyiJWjN9VobBQptZR,0,1,0.8966071605294506,False
1785647642295,Zuki,4yZHapEFxFpMxYHMdehhGjN6Ao4VJJ8zpa84C1rBpump,2,20709,2420621209106,244410000,1841750947,1.597341,141122490.095573,1487827417,1.346705,33Deu5F3u3gSKpFiqtewdJwitTJpj9pJLaFzups3nvQnqsWzRLEFWEvCB7rWg84nCA6TFuPtMzBrkJS1WZtpN5NX,0,1,0.577400638662792,False
1785647775232,Cope,FieZfvAU9kjg8TXkBA7m1idXGMFw9YxrVMvgdgY1pump,3,619567,1779314679036,398681045,2801887038,2.403206,362103346.642921,2678398351,2.316295,3T597nZvhCbkCwne4yR5fLYNtDcskuRp4dYJQZPkfpiuwcixpsKrbJyEJKLv3hZigdipjm4dwFpy5i5LvrdW8wAy,0,1,0.9082532294529352,False
1785648474410,Zuki,5UEUqH3L3bRefdAJGdFoHUvtzzP9KeR51tk9wRampump,1,135571,8172649605,5005000,2683992702,2.678988,969758.361725,1865768684,1.864799,3f7xxTs49Tn7GwvykvTp1WMKt53Uh9nsziZKEqvLhT6mRSxVErAhF6JXTYq9BYoJe6wZQMNyWyGTKyZX2UF1S2P2,0,1,0.19375791443056942,True
1785648555512,Zuki,G11A8f4xe3EdkADDKmG2UytSZgWq3eUbgKBj6E3spump,2,12004,29914670902837,1497686445,976866980,-0.520819,927944236.847038,849655958,-0.078288,4TvTZVktUtprXCGFkj2NeyU162DKthLR4NfWjhswUqoijwWmtBX3Vt62f8SZ2JF8iK6aFavLkR3hethWVfCC5M7h,0,1,0.6195851207340253,False
1785648594775,Zuki,Fe3Sv6FbbDk8x3Q2rRvKNAhALr9jiSNn2XXNabcopump,2,11926,32071655057441,1600837892,1094830900,-0.506007,998151099.764656,909310845,-0.08884,2NEhKFG3binAdryNMxGGASD5poyi5XUXWSAVVspyziXPoUkRmrbXimeEDYox6CpJqRspMMr4cvPgUe47xafU4LCw,0,1,0.6235179119339936,False
1785648624109,theo,6XbrJ89Lr1cDgETZbFG6MPDA8RDMuDhamGABb9ympump,2,11912,12375963602053,527210000,3739135168,3.211925,429542234.653984,2584993634,2.155451,5ceaXChGwNDBMwUigbw9tHugF299rxiYNtSUH8KnbWbfZxH6xGQvWfR1xxh98AzqtE9F8SpPgYuhwxyoZByTW9Ki,0,1,0.8147459924014795,False
1785648806454,Zuki,eRpZHEYLfoMtSDq4ntET24uXnHd9QPAb9wweSxypump,2,30089,4656052562543,243807498,1252115835,1.008308,189413903.249649,1473450616,1.284037,2GbteJYS72nh9ZgHMmN9dT4MqMjM1gmefhhakvK3TDKeh31QijGF5aqE5RTdUuX9kzuP3nrM9N2NTmACVSkYFgFX,0,1,0.7768994177925118,False
1785648928263,Zuki,6y7BwZHdRPmbD2LAvgfMgFkcTzZXSe9ZJzqu8x7Upump,2,62419,32949056519215,1512493513,1540341646,0.027848,1446450596.130203,1002352647,-0.444098,5GhQ4CDCbPVKE1Rqp1Uqezqo7FbDKNkLcR1F8UJMWxGDQrsz8UhuM7Sx9PP3q1KL5gZ7nuDb7jBesCbepUKjcCuc,0,1,0.9563350742980694,False
1785648993502,Zuki,EgrtnRvshGHjp1RTeYsC67KXKnrEsLFE79su8P4spump,2,20239,37872342247712,1424738138,1209282804,-0.215455,1183799227.876492,1499386223,0.315587,3UXXXMyZBm22JGJ4WwT4fphvp2BYtjRD5DyMnoxucZJM5pyZJrjeFmMf6RUfhRuWZCVhTVshyL7CuqtGmg2RWjS7,0,1,0.8308889867567313,False
1785649122336,Zuki,4yZHapEFxFpMxYHMdehhGjN6Ao4VJJ8zpa84C1rBpump,1,10108,3261533541,4369614,2475096540,2.470727,226119.025131,1533214714,1.532989,4uzsuRdsoJn7PuoYFvRSt77DLpLKurWRxWGF64R4ozv7KtBqddzPsv4ceuoWndS3q2xX5uizCaxfF6iUvVbE4Ldg,0,1,0.05174805489249165,True
1785649239686,Zuki,DQJU9FMvhWCqibkdbMmAtcFJNM3uNyBXiiqqsTRMpump,2,12202,47315892678905,1917074775,580586088,-1.336489,1713272631.031113,392555260,-1.320717,2SbUzS9GLxTQCmSZrXFojoMYJHZ3RdFvcSvXeCyYSnSEJ6hPpNJH3zzteFKGWQDHdebn5no7LLPVhbeVjhz65xfd,0,1,0.8936910825667261,False
1785649243565,Zuki,DQJU9FMvhWCqibkdbMmAtcFJNM3uNyBXiiqqsTRMpump,1,1946,5155803703570,239405000,1375563414,1.136158,173287038.281475,1291571010,1.118284,3FGZMeKdKgwpxQf3VnZLRT33qcGtxEhY4jBrNJbkqppbQaYyUtxiXbd8eKEQtBDJWeB71CtQajcqMHvXsN5v4gTW,0,1,0.7238238060252501,False
1785649290800,Zuki,8xP6vTpbWp82htDFdah2omJMT24hTtxYUUsMcBiVpump,1,10018,5280287323517,239405000,1689005558,1.449601,149490378.70261,1199867588,1.050377,5gfHoD8PkbJu4timqc9snVSx4zMHTr9vufv412qu2KeJ3idNQiVJbwq6cEUTfdijBVp8nSim7iJXSCMtsHEGrVe4,0,1,0.6244246306577138,False
1785649501217,Zuki,HWkRAtstLWHKcYwegFRVu3bQw7MC5bb6tGEWDwLzpump,4,135617,6553239615057,723220000,3027653299,2.304433,586966810.365387,1225921587,0.638955,2vtVYgEuJRQcAqc4waKogWJBQDhJ7tNR38YoHuHKnXcEzHsibgBYvAecrgYxcMa7AhLcvuXUSu8yCwRWckg2AGbS,0,1,0.8116020164892936,False
1785650037219,Zuki,7arNCk6z9n8J95wDQ4c3r9o2vWvFvxBbX7CaRAjVpump,1,60935,2538240718297,239405000,2754070292,2.514665,206480646.708893,1579902251,1.373422,4HFHUNfnH7iGuUtYZNDZMmLag9C4gi5gRzJ4WNronTe1R7ChpRYdWu5ksoLLXngQZ4qs8B7WQzwp8DkZ1CSrVSfL,0,1,0.8624742453536601,False
1785650311303,Felix,CnanqtomBVJnT1MXAhoQLE1NuAdhpFqyd9r2DyDzpump,1,12409,17484770851323,3504079081,2832159559,-0.67192,2670643953.943039,2750915212,0.080271,5brznswPePvDrHnkpKRuXBMBfpmUDZETPnG5BfFFtoYYgjSQL8QTmBhQPDVJam9FWff1XG5ntNmJzCnzGMsKsEGQ,0,1,0.76215287732059,False
1785650612783,Zuki,8mQJgJBpsah5UQRhxnScxgycg3YZnSPqTbW994fgpump,7,198971,5296033916244,738235000,2758744168,2.020509,638064384.370697,2162555009,1.524491,2zvJiQeZonY86fKjyyJWxJ4wkns9fcV6fgzPeLDsCB4iFkAuZr3HfdPvMbTf56FyB8QXbbr1uXgdLo83YNfgB4KB,0,1,0.8643106658051934,False
1785650919603,Zuki,5ejDeDrbGPBnc6LAJJ422YyJVSiyLqdb4VXxa2fXpump,1,3885,28851665877920,1415800204,1299128444,-0.116672,1022320560.227798,899347433,-0.122973,4EtHP2W12HTHqKJR5LPSk8BHMWgRNvTp7n97izdAhKbVLXkRZZ2XsrtHWA4oEM1UkgswgsFwz2poh4efdc66RVhQ,0,1,0.7220796813981798,False
1785651242111,Zuki,HbMXAmyHvt8Z9Y7A7A1LJQfPzDZginoEoedadgaTpump,1,1935,8010158965,4305236,265332913,0.261028,273112.028664,177129531,0.176856,T94tYvQNz6NBQVNqCjoJqKjfhASVEppp4aKZEfhddNhhTXnT8GUMVKiw2vboVuqK4wV3GZv7LmXCoCAEbpWKjPf,0,1,0.06343717944010502,True
1785651270628,Zuki,DhdYQREujFctp8L2BcM8ZFkZFcLFJ8wQRGMZzZH5pump,5,316490,6548837280766,728225000,2298658874,1.570434,615352847.266449,2094020925,1.478668,dtxUfrA8zb5KSdxrov1jCjLm1mRW6rd5agQ5zcnB2icxo6Leo2J9eMSkV2WEsb3ZAWL8cuorCNTmprLSw74uxUd,0,1,0.8450037382216334,False
1785651596343,Zuki,CqfnrNGjTsGHTHypFXoP6ataLVMLz86uUuYYwLt7FiE3,3,38679,19135704085692,1947712642,1449551752,-0.498161,1725742058.097557,1358146756,-0.367595,3Hj5Rx3JX5WcqAu1iMALzojMeFMbR6Ts1X1gJH1ZkSsPd4G4ka7kaYsZW9oMs4qkJMWWwc3H9XiqsfrYZPt9rpq7,0,1,0.8860352502130328,False
1785651704058,Zuki,FsaK92e59gjeozmgUmDWRprWaUwWxJD1XFRMLv67pump,2,36789,4244704639416,478810000,2196056553,1.717247,355225898.902267,2641547680,2.286322,4GhUNgf8uZtfKvKpWz34oRve37sR49pEPRYbccMgAepMPn7wYmf4NupQgUAmPoxjbRqUDesDNhoHk8wWNakDPtze,0,1,0.741893233019918,False
1785652297533,Zuki,GYTuR3pR3vAWm7T6EMidnxViYEDyBDqgkJ6YpZgpump,4,23800,4162710948718,254022700,1378490113,1.124467,194618868.96949,1053799863,0.859181,g6ZJf1JnVddZhNfJUt8Ujq6WeHKaYhMrjNMATovqfpGdB2VKGUk3MmHcRAGDKtxbpkyGGxHiQzhceSZZAocj2vZ,0,1,0.7661475488981496,False
1785652950803,Cope,FsaK92e59gjeozmgUmDWRprWaUwWxJD1XFRMLv67pump,2,559466,822216799044,207636647,2754757522,2.547121,174599432.508835,2901455351,2.726856,f9haMRwGLKHNLfaYQuEP78qQYepSBjcGTh46L5KHoEz3fHS82JqMB621wgtA1CUh94FBk1itfZX8SFhhf1d79Ao,0,1,0.8408892892054599,False
1785653099384,Cope,AG1QXqHmcBU2As51EXxFqVft8GHDaizXwJaJVW8upump,4,97641,34714978553405,3241245226,1357388387,-1.883857,1787839720.927643,1217950079,-0.56989,4ZWG2Y22a6kgJFHffriwUPH1Mkg6vCGYnWGiLeQgajuAkYQXDaY2Bq9MUNqCogAqRpqsggFauJL1xVKwLqMDENnZ,0,1,0.5515903908122387,False
1785653499400,Zuki,DRtQfMQfZjEiTS3SdVv536cW4b3zEh8XszwDcmh6pump,4,851399,26217308952226,1803321244,2073171627,0.26985,1721857652.910133,2232981012,0.511123,4fjtK8Qz2nVV1bSXxKGWeWUWWZqaQ8DgoaUyPTjQujPraMfPRoXmWNzmAaQgNBAnznCD5V2eUXj3FtsSv9BYUs5t,0,1,0.9548258019136012,False
1785653815322,Zuki,DEhHbNXyHDDHQEe6ygN3xsVmhuSVaKghVpiQnYXRpump,1,20381,3382958800309,239405000,1282311423,1.042906,223259218.202103,1244834049,1.021575,38QVgp5kMvwEzWEtBqwvzkhTaf71fbH7DsnzvXBL8akHnAUGJVkAzWunkzkoXrHHmNutdhXmZKFeEsTC3LXTr6sv,0,1,0.9325587109797331,False
1785653877819,Zuki,63C16AkLycTRiBJgSFJ9AbY4cegCe3LYbEBkjsiSpump,1,52358,4364060594990,239405000,1247854717,1.00845,231674072.569389,1120904211,0.88923,KxizTuFsGexN3qUmzi1qCX5MSYfyDLJzxaWubmZGaVgqNZ4BQ1Q8UNQXEDAmfjSfVBBKT291TTya7XdTVUmCcWs,0,1,0.9677077444889998,False
1785654284249,Zuki,DvXr1PDEnyDyrZQgrLr6xyun5aWCXeA6EqZVU7v3pump,2,20046,19898691652305,1863486005,1377070531,-0.486415,1292094748.900558,1398001207,0.105906,2eBvdbEUcSNS9avMWEae77dnqR2oPko9ZTrchU6tacB8aP118AWm4i4A6y9RbYZK9UT36dCnfYcFsWBKd64jhPz2,0,1,0.6933750752265821,False
1785654613986,Zuki,F4DfnoTDpdv7aRAFEZ6nDBERhAE5UJdy7qBZgCJ1pump,1,131611,1535102443266,239405000,3656607760,3.417203,199822152.352676,3954665053,3.754843,4YEadbRcSep27pXwvRHMCWnKr4mRJyiVkma6vRmzVNdNSey27VjQWFjwhMVpBCvEXLdAVcuWaQ417vDqXqCwdZxn,0,1,0.8346615666033542,False
1785654710926,Zuki,62up5jpcd2YeRUN2vvf2rPtLVwRc1PrMHCkPtdJ8pump,2,36003,2926124507986,321050669,1085178111,0.764127,227779535.533699,1000837644,0.773058,33P76u3eF7PFKAXKeMH2mqzJSMkZhMSUw5X4uJYgrCteC21rzR6QwR3LtFqV4a9bKyLrKqxg6KGBG4de51unEazZ,0,1,0.7094815788522746,False
1785654898516,Zuki,8t4eUrL6NLsyoVkDY2wnii8xVChPP6WvCeLJjHEypump,1,32214,2795098732785,239405000,1064768619,0.825364,193676522.558067,1139799094,0.946123,2BcuQTu9f8XPjEXdtxze42FT6r7cFj7UiFs1hmNLgcBcCk8knnFJDJo8SUeVgEoWtbDkDYGm85Dkt63rvXwo6Kcf,0,1,0.8089911345129258,False
1785654908560,Zuki,EErDEjac6Dio3Bb72jVWLDWFdTZWe6x4gC281A96ju9x,3,15847,50150220203873,1746931416,1886925301,0.139994,1466770832.7672,1339541745,-0.127229,5jZWWVAX9uzMp3Vj8VzibA4KFcaL2dia7DuNiJMX21D28zA2bujNRgxSnkDchacdcV3dC1qApoguD9HtgGEnzwnf,0,1,0.839627027903424,False
1785654942418,Zuki,B6fips3V88AU2N7Bho1FnnJhez68KHy3bJeZwnDhpump,4,15743,38253365177219,1863641502,1270321956,-0.59332,1157502304.083485,1092592304,-0.06491,8DzBPup7fBVzdnKqrpNn8R58LPfcQEEgkdE2XbiEXpax5j5BeTvwbYtKe4gzyNQWxajBkLWbdiE9zbW4YA5vWst,0,1,0.6210970848423856,False
1785655267881,Zuki,BWp7FRzJg8iUBLWzyLeWMUy1rHjuSHuGyYTScYLipump,2,113808,7810044892078,478810000,597691476,0.118881,375245200.548279,610490970,0.235246,52AnfxPfAZ8HrWpzgsvr5rbtud4FMDcJ53WsxLWaoUUbNJ8fozEHJNR3MTjDPZSwaARGjsnC9YWEeC9nzR6auKxs,0,1,0.7837037667306008,False
1785655373549,Zuki,BWp7FRzJg8iUBLWzyLeWMUy1rHjuSHuGyYTScYLipump,1,10016,4447745148732,239405000,1344918249,1.105513,150266955.33736,1342653670,1.192387,3HSDJh9BeS91MZdU8pDDDKNhU88c7XFsoNgvAeJouYehyqjXBSizgeh3VogBocp4EigU5QfeyASp2m19PbZzuF4o,0,1,0.6276684085017439,False
1785655987355,Zuki,4xfWvdmP3S2kh4FKe8Dcp4UaQY2fRcy49gjwKAxpump,9,69310,13882047309990,885785524,2224434639,1.338649,718065464.464233,1494111601,0.776046,3DT3Q7pLXFgLt4X2VZNMSE4xHmxvtADz3sxXB9VX81Na5CBhJwfYio8UymkevX8q8kkFkVRAVz84htzmkuTZ6ZJY,0,1,0.8106538716298022,False
1785656053773,Zuki,4xfWvdmP3S2kh4FKe8Dcp4UaQY2fRcy49gjwKAxpump,1,1933,5193852991168,239405000,1507988450,1.268583,178514994.942207,1188965538,1.010451,4mdQZ2ip24fhMKL9cBaNERPvf3yMiz7LR96i9U7zsiyH559dLuXeveVoQPvAQjwMFrupzh79HsfhVAzJgmpUZuhK,0,1,0.7456610970623295,False
1785656063884,Zuki,AZhghq9eiESgAZEAoPyyRiJJMva6vNum8g4oFZavpump,1,56500,31410465454268,1131011372,1019278145,-0.111733,1112793055.524746,853228028,-0.259565,Nct2qKA4pZ6Srv78mP4GamTupagCC9AGk16BdLKkZ1wa4hbqR32zwhBrWYnx5m3HDmTjwg2LSjSJoUthmuDnd42,0,1,0.9838920130015686,False
1785656088820,Zuki,BJM5YP85aJRoFmQvc1XJe3v2U6YRchjmeMVn1g44pump,2,14294,51083115383334,1804652077,1771216072,-0.033436,1476900025.514053,1363327534,-0.113572,2ATBg68Ev4vAZoNgy9K8MhrmXZtDeZrkyubfG4yZg2gqwbew5CtmsFuGznFXxinTMP7rSNAVQK7G1sD4FhaaokhE,0,1,0.8183849088347311,False
1785656109053,Zuki,2uUytBp4yh7PRMSuhYuLENoLvTVw5HqnmJrHVvTcpump,1,18298,1469642436406,70516128,1190736181,1.12022,55399389.643684,1203859863,1.14846,9VEuk9uVjNfpy4CWuXwoaX6EVX6FMzaEW76g4Z9xTDqreyqgpzddEucqwJohwDps16vnTCSS6MHk81z981GUx7C,0,1,0.7856272205371798,False
1785656342277,Zuki,A75unvR9XGQgrE9yx6qJJfz4DpBfkDLHJ8fa99P4pump,1,10210,24591569128545,1070106853,780749733,-0.289357,739262514.244263,705337558,-0.033925,4A2fmxYThemPB1mt1W6e5QbXBMyZ8E59iLFvXNnJj39HeN42wnZW6sP5JBm83LeY5nmKs4Ygc349hSTZzqsWet7e,0,1,0.6908305578753854,False
1785656515812,Zuki,8cuT9xMcATiem68ji11Z72groarUV5tLkDCWJo82pump,2,20590,3770386855171,244410000,603786515,0.359377,197692430.325668,574607803,0.376915,4TYyTtA2qk4P1NLkAifXwixGK4dVJCRNVL2NBrKqwAZkg6X17mkeUnuNPWAUtMtv7UsKeMwq7LjiHVCmHuc1KYEC,0,1,0.8088557355495601,False
1785656606581,Zuki,F9SVGe6t7J2JSk4im1mHEsNxT8oB4JMi5jJd6Cojpump,3,64142,34583154689305,1745995591,1079326135,-0.666669,1685369445.829041,945707405,-0.739662,4LydpVVDBdn5EpjrVd6ZmJMtTUaTpkeBJK3zSsNAcUS4f99zjmm7ivzoNHHzwvhwgQMNrMiqc8v2kijVw1ftrEH2,0,1,0.9652770342127633,False
1785656670088,Zuki,4s9hsoPBrpdN7ZwhXbPj9NCetHJyeiY49XtReJh2pump,2,12269,42610779946986,1979010001,1832061406,-0.146949,1760153477.262634,1285335852,-0.474818,tDCeuNfaHbUkkLGB4BeV69f9CXw2BLaJpBDUVvcHaToRUdqGikuep56fWhMxLovwW8BLxV8nXuQG8gJc8PcDWkf,0,1,0.8894111077625797,False
1785656793587,Zuki,DLydTBFVjpaPG8DyYxbp5x9Kwq2N3qDrdxMhmq5Bpump,3,30134,16294253662532,718215000,458497303,-0.259718,541230190.612801,504367997,-0.036862,3hLdxjmsRoDfd7YfymQbrvzGPQxVF14WSXGdi3Uws9BMKawTxyfcnq3aKCDCG13V6aRqwkdsuChWHFfm7JAYeeKm,0,1,0.7535768406574647,False
1785657374629,Zuki,AF34Xcq55cw2KtZRRxkqjYXcz1TZCZGAAehEm2fqpump,5,374403,19368536010124,2919946629,2228864516,-0.691082,2457897921.801193,2221151132,-0.236747,UUZrGm1SgCDvvG7po8F3h739WyVanDjtmP7wZ6FfW6zk7j446LRJ1ph5xaFLzaW22zwdPx8cmGqCp5jcFLLUWp1,0,1,0.8417612491235685,False
1785657928303,Cope,AF34Xcq55cw2KtZRRxkqjYXcz1TZCZGAAehEm2fqpump,4,549752,3358705873743,409563250,4624704263,4.215141,356705890.313461,4640907946,4.284202,61qtmoN1tVyX93kwy4es8twQUs4taDiwyJEHdkfo1TYmCNGWWBtbDdDoLdHivHLPVcDZr2FcZAa1U5NnYPmWuCJy,0,1,0.870942132414129,False
1785659908582,Felix,5m9h5bABR2pSmc2Bffe7qqsHVvXYbM9YtjangeLWpump,1,9960,14835202747535,1002005000,830251381,-0.171754,467473235.931992,442135938,-0.025337,2m9XW6ThJxfhnFFe77iK8tL6nBvRYgtd8gcGhi6emGh3qMbzpj3DjcfUygwzt7eAAc5EEfAFbSAsQ6Te3KkEc5yg,0,1,0.4665378275876787,False
1785660468345,Monki,DrqhV8WgvWwMxNsmSAGHgzNXHdM8gRGVQiYfbwqQpump,1,1931,97545454545454,3048912960,3487196392,0.438283,3157749111.888927,2619571958,-0.538177,4QiXTdx6F4vRErXcdxyczroXtTAwepBrh6d5JAsSky5tJpfSYrRxxCpC3ziKc7UyXsLNfRHG9Pb4iaCsdP4dYTXY,0,1,1.035696706766246,False
1785660480233,Monki,4nPv1Vd8gdo4ZowxQUGYeVSCcnu5pwdV52sqszFEpump,1,1934,97545454545454,3078996480,3080739937,0.001743,3157749111.489223,2627554651,-0.530194,5eJTSeD4dp253fripkGqi8EJxuzPAurC13e4nP5sZzMFa2zJkCXcj5J1ZUTG8sDRPFkTo2YYTddfVzuo5Z4nwKd,0,1,1.0255773697699138,False
1785660879205,Monki,Aci6KgcZA5z7eeFeKn1C1zKAk4c9rRtCKmhDpHgPpump,2,11846,39239348193240,1972032255,1220721936,-0.75131,1228817731.99123,1142276216,-0.086542,ed71XkDWW9yzbUyAepExRY6rdv4219QoZJTGxGeV6THvc7iN8ogWsG5hjoMFcWbvD9pz77XWTpEV9SBCDUZpBue,0,1,0.6231225320354763,False
1785661190049,Monki,AUdvBg4GkcfvERZVmjQt3RqZdvEc9vRY6QDYaUsPpump,1,1935,97545454545454,3048940800,3240448214,0.191507,3157749111.286575,2619571958,-0.538177,4vKvAz4D5EfqBeMJ28ZXPkEGhELEBXXUVCt8rvz8mz2UUAmJJWsZQLTQWcqSqts84qkSn6Z93wStdKQNSQ1d1RU7,0,1,1.0356872495807643,False
1785661238673,Felix,4kA8w31HFQQkNTreVwUpJsPATf2kADfMRZiHLbzKpump,1,1767,7056808518306,1004079080,703364226,-0.300715,650542718.026939,635278693,-0.015264,3NfVV9vtniY7zGi2DBAjgaHRE7d5h3PoEQFWuzNkWvbNA97cNLJFpY2EhrkgDx1xSshuB5q434k7J3eFmiE9fvpX,0,1,0.6478998825739294,False
1785661242713,Felix,5m9h5bABR2pSmc2Bffe7qqsHVvXYbM9YtjangeLWpump,1,1758,25277805059049,2004079080,1658191437,-0.345888,857155702.206383,814348870,-0.042807,5gd6RbyuvevxUdrQaX2mD2FbCpdcZvtBf8Yyw7JVaCDYLzGerCKCyW4JXmvH9EKmbgzJiqvTsn4r4TzjiMCp3Prz,0,1,0.42770552856945293,False
1785663589351,KOREAN,2rJSppreRuJbDnbhLf7FFeXp6jdL2eYQsumH9A4Qpump,1,9609,4006796992228,221105001,2293006831,2.071902,215193313.287849,1734684005,1.519491,3jwy4ETGwkNoxC8hhx1xruwjaS9tqucgpP92CvbkiexXZHgg6Nzgr1ZnamTvwoFwvHWnDduVnZUdxCauDVJNdyW6,0,1,0.9732629850730921,False
1785663926118,KOREAN,AfaqnoUdopufFxyRoeH8tPA72XggzKKonshsuH6Cpump,1,7485,12509541450237,925701894,186166257,-0.739536,812446234.979912,225270318,-0.587176,4yv7XRf8MCp1oX4vdPwKXJMveK9dMPCMYWxD6yoPNsrGuKXpLFCubry7SFbT4wcHrCHm9cvoZV516bvvNiEuAp4x,0,1,0.8776542861647337,False
1785664129881,KOREAN,9Z733jaJvp9DMhEDAqepxwmxt3QPxovMZ55TJqFVpump,1,1759,17589092715919,995820971,892538935,-0.103282,540306276.452976,522206043,-0.0181,46CMh737h8jtaWdjkLe5BeCDPC8M8Mv758FPxHpGssZTh1MHZd4W5XfQiWCc19Pjd7wbFqWEX3X8EDnMomC4PUto,0,1,0.5425737077121425,False
1785664618539,KOREAN,CMYJTN5m813mdJBmH9RtyUmj4M4eeZaXF2SQW44fpump,2,41296,4905827924743,442210002,1540958405,1.098748,378485200.964134,1177962322,0.799477,5aoRbd3quFHtg2Jcz6wh2JuL2SAKh7yLacUu5ZpG5RcevNWXeMqMvQQvFXXwSahEenHwzTLLfmynaac8jzQcYMGd,0,1,0.8558947089671074,False
1785664622145,KOREAN,CMYJTN5m813mdJBmH9RtyUmj4M4eeZaXF2SQW44fpump,1,1849,16198336465745,1447799145,1157875656,-0.289923,1289400609.754318,1289586598,0.000186,5aQqpoqQCejKEgkcVUE83phGWKmVsnEq8zWmeAc2xM5xb8Ub9Kr8pvR1bz64ohDUiCLWeui7VzLj1MevGni47gEN,0,1,0.8905935703908141,False
1785664680249,Monki,FTP5Aezpfk4tYT9muKP88Y72tiqJu8PswyRCozDH7PZC,2,233224,1871563617590,704670290,2895464841,2.190795,599062222.709305,3144990806,2.545929,4z29an2HxMPZLUQCkTcx6Hp8Hv46jukzpvhEL7cmxVmptzcBkQ1w2eVuKpb3x8fjxeRxy3J7evdbJLdf277CeejY,0,1,0.8501312333024641,False
1785664807826,KOREAN,2zTUYxRAqKrPxfCYK2zjWwn1tNyTBXkjoBiTZTgCpump,1,1759,71362041771232,3062279080,3230633839,0.168355,2159561272.138096,1888959623,-0.270602,5wKgkPK75NW6fSUYzWfGMjTwDqucJgzC8A7jiLGmWGQbTbexNfPbWVrXS99ZrsK3v4pNaWVAtSkwqB6e8Laiw4HT,0,1,0.7052137364756761,False
1785664891518,KOREAN,6ZaSbJYjb5GtJdoFqkPEjTtazJ3T2vBp6mDMrFwq96nm,1,1757,24416059927255,2591879080,447573596,-2.144305,978725592.740448,347939041,-0.630787,5yCAZbAcQpUfAkM6smynnmwWUbYF5kBvePXPcTKbD4FExjqS9UyDARamqPiGD3Y2bSg9FA8WXcQGK3pHXVW1Y5sd,0,1,0.3776123663687459,False
1785666611764,KOREAN,3bNDUKfrnrWCc5XtR4C7hTL1PcrgLNiCJABxdMjWpump,1,1758,44369040155772,1670568649,2436905139,0.766336,1384232442.023933,1191254775,-0.192978,2jE4NwLe8M7LbpygvoNrC81APpgXRp7jRNbMN7LtNDSq7WjFPNPdz1wNYzLQK4e8xBz8xtsSVi1ZaZ1jwYrbRkpF,0,1,0.8285995567153331,False
1785666631935,Monki,FTP5Aezpfk4tYT9muKP88Y72tiqJu8PswyRCozDH7PZC,2,377012,3989939640099,1340977338,3067905837,1.726928,1236891859.564346,2416181623,1.17929,2P96dXtoTzZdWpfgK2TbA7eR19sak7F9P3GfB6n9xv3DuGf2qy57NmdaXb1FQdM3pxMx1GEasZJwKu73MXTwr8wG,0,1,0.9223808818492846,False
1785666657208,KOREAN,8eubRnzXjhm7XQTxv2UwoVFKXiVXMfq7dooo1N9Upump,1,19990,14764545779206,1584363102,293213524,-1.29115,656736357.156906,158228040,-0.498508,RwS1yqDoVP8J5Eb1mzZb84BrYp3Cw6FLmeAdwpv7CRTiwEhQNTcCjDtV9dc3ev4GfiiLDmLKPBu8A45bqur4SeR,0,1,0.41451126722648585,False
1785667432152,KOREAN,4tmfiLb5eXbU7ZGpXsaQNa6DNdc7FjPToBuavmz1pump,1,21954,10577465433953,1572267943,1601832967,0.029565,1479538478.144142,1859850295,0.380312,61RVSQDriNvkvNujXJH6nZXYBk97f2DjdE87m6p8mxjFNYXSZRqesoxPnpNr9Ze9joe9YxdoLkhtdML1tdQnyQZa,0,1,0.9410218434658639,False
1785667453031,Cope,39jcsA3ExzKARoPR6FbsZCjNKBLTndnkkHsjFLRGekwt,1,66606,1466563416182,51744453,568464804,0.51672,48683839.198334,560995893,0.512312,hCeFXtLTR2Pa2vF2kuvJKGheAouUbNXL9D2bmZGvfJoc1JYJtdcnbasHMJh43GgRZyvcng9XJ3nXTTeKo3GkFfF,0,1,0.9408513642676637,False
1785667766668,Cope,Cq5FFDihHPRAPo3xRf81SUbBMsyd3Mpvt1DSZNeopump,1,1765,465251911162,51819805,739109621,0.68729,43342444.939217,594197816,0.550855,2EuQtxeBjiTsBgoWZUWxUqnBkNYfR3CAG7vFmg8rWrc22vbLh3Bfd14LwmzLmMSTLD9mVvcVHHMjG7aM48A5i13C,0,1,0.8364069478690049,False
1785668312769,Cope,7Hws8UDgZxWESqB5VTtdu6FdNUmBGsfoKhmWesVSpQfj,3,343685,31178980750855,1573792394,1097566161,-0.476226,1132861607.900391,1044772947,-0.088089,2RVrM9b3VpGmHETL1crwo4oSVpeFVPBPtrnm5NmHZXaKvkw45iSS7cYPJ1zYxVodDxmFKLGqKEQLjzjGqP8rfhoT,0,1,0.7198291288097247,False
1785668729788,Monki,94CB4mDPZqE7kQDC7F3YLwww5naRohkojhsDfLQ2pump,2,19538,32938987166834,1957748747,1364461166,-0.593288,1033579724.237194,973862458,-0.059717,5FdwWGQMNbMWdjhuUxF2cDzBB47hgxidaPH8TXToZtS8wxUzCdK6GE2VFM2irojERFzVhZxyMt3kzooGzfwZQCrG,0,1,0.5279429885070915,False
1785670619631,Insyder,Aw4XVdh9n9YycnqrEqdoDYtkNQ7LKaTjCv3ZWSQ5pump,1,25005,20152401754452,1763136317,1038131608,-0.725005,1386584077.188507,1682968472,0.296384,4QrXABAVRuLsyH85gDafDEdrR1aUnRpDHnTexTQJGU4FTA4Ue93AByAuPhwEEuvDz4JCZXU6n8dELSwsVwPLAZCs,0,1,0.7864304443276391,False
1785671135521,KOREAN,BrryePh9CqsGLNY7uXHvRoUiAK3bq2c3FiCb2uMppump,3,5419,31613083699656,1514005900,1357888771,-0.156117,975560358.356411,917283708,-0.058277,4HtvFLWZjK174YrbQCqZpqyy8V9GEiFA39qn6A7exgLq949eEbJtti4JYyQLxtn3N8mwLeX6Lt8XrqZs3mwxooPt,0,1,0.6443570387383636,False
1785671220056,KOREAN,6V985SdLE7XNKvuJKHRQvyFPNBvMXFBTVreLtWqepump,1,1755,1961766643465,221105001,1285719088,1.064614,181493668.553078,951229044,0.769735,5N1PHsFG3K6RjhMHNW91XizbrJP9LDkbQNnsBqydxz2NCq7oDbUGgfXA8sqqm4Xpt98htqQsimsPEyQ5yTRPEbQc,0,1,0.8208483197224381,False
1785671655505,Insyder,Dfjz2id1v8N9f7Vs8uhDg7xRYLJYaaURmj4Jn6rqpump,1,10689,1439968928412,110455000,1248673895,1.138219,73561142.942345,974358254,0.900797,3XEodmaNh5iAEMioEv99qCGDqamCmwycv9z2y2r7TyRWMpa8ajGUGEWvXnDRUJp3TNPruoBWFcwdLvMpFs6hMgi2,0,1,0.6659829155977094,False
1785671776579,Monki,6GbNUkUUpcEuW2URPGT3t3dcuzGT9wA85dSCZadEpump,1,1756,44015049047308,5024079080,1362230616,-3.661848,3817357662.122681,760079024,-3.057279,3z9ZeB4jvt4qC9c4N71sy8WSDbfbcb4f1Cw5YMAnuvdfb5xFpwUGbuFLAaQ6hJUSzrRTYNWBHeNKCvVmJUbrvq7G,0,1,0.7598124156363162,False
1785672194348,KOREAN,781GcnhY2LH4VSa8Fnyi2aBeHA4tj2T17pjBuqm9Ma2q,1,1761,20544707586585,1633832898,262794816,-1.371038,718114716.920658,174150865,-0.543964,5X8zE4Ki95ST4vRUGntLoPQtBfLeBNWZ2y5bqGtVKAhbiHTAHG8d6mkpKE76ZSt2rQZTHL9FaV6XnZkmM43H6gSK,0,1,0.4395276394542632,False
1785672427054,KOREAN,HdybKFCV33W6RkkPgvFosmWJfcFY2fAcBussz7Trpump,1,1756,22041774257133,856139867,808452290,-0.047688,716486714.830177,683902047,-0.032585,4UvozXNspwq3vhuQHvMZoNK5514c38m7CETz7UCD2XQqcgL7295V6t5xn98Kaq1S2vzyaRtPif8swtZeKtRtTk11,0,1,0.8368804472811414,False
1785673097452,Insyder,EPtdzNT7vyhPjg6MTR26nZXCWVC9T6fyEyKcHHJhpump,5,15189,3056523900093,304439891,1954863675,1.650424,213745542.267143,1889042462,1.675297,49PZLfcBLCai76pBaq4PSN5ET58iQarM7cG24fZvguXvqAivFYfigefEzFaDLgifVG2HstwfnQLCPzBwhMSrYbMj,0,1,0.7020943988813313,False
1785673185959,Monki,EPtdzNT7vyhPjg6MTR26nZXCWVC9T6fyEyKcHHJhpump,1,115778,7366406922149,1022005000,1393740143,0.371735,641041119.267113,1230220098,0.589179,54e7GnUPWxV6yjCidf759PH6caADhJWhsq1q82Jky7G9T9cjTn2bZdgX5nsBTSPDgQEuZvVjdEKGJE8HEDqnL56D,0,1,0.6272387309916418,False
1785673494798,Monki,7GLJmALvMFG1XMmhZUXWuiscHJ5YFB9eVhB4wymtpump,1,1764,3564784053156,122732560,84251571,-0.038481,100000000.006664,99337748,-0.000662,2YMAypFU9w7Mi7P1QB7tPETpYW4YiLGTMnfeNU71xe7VcJ7ZS19f2mbT14jwcRpnA7AUKiMwcZLefEgRaUK6a38j,0,1,0.814779712951999,False
1785673530701,Monki,CikiMXFXfpcJ1Scya8HgG72yJXrTYoepesMG2ckcpump,1,1757,3564784053156,122669920,84244999,-0.038425,100000000.006664,99337748,-0.000662,mccJBr3yF65Nb5zzbNvg3WVMT1m2nrbKfc1gYuTMUJCmHSW6shrSndmayzAqLrT2MiAoU1mytaaDi7W97nBTGxm,0,1,0.8151957709490966,False
1785673606369,Insyder,5UA72PBwPFYTNFnm6s9smcnv7i6QWxAd43ddiwUMpump,1,5163,1932728726191,200277735,1616604541,1.416327,156047092.67234,1384745651,1.228699,c1BXXRTSC46j88Jhz9b7kJ2rj5mXCM3zSDQ1hoKcDRfeKizwZctTc1Fq2zYcTccVjxGVdb7KEKirjNG9iSQanKZ,0,1,0.7791534724133964,False
1785673690893,dov7,5o4F6dSSMDCPtCYUQEVMcez7trUvf64rMG9Ka8n7pump,1,1764,67062499999999,2056468640,1342523302,-0.713945,2103447224.065071,953824853,-1.149622,2zsj2ZLKhfLz3npGJS1TTPbQVDVbmNMkgfLKiVZMrpkoycv8ynwyKwGZMPaC2NnrUAdf4Qn8G2n3gBMcpEpzL7xD,0,1,1.0228442987903141,False
1785674172900,Insyder,H1DvcXFAA6TUFd45vfXDsbNzVqyqfgHRVYCG73Wppump,1,1758,24427760401215,1216070853,977629645,-0.238441,731965050.693356,698643164,-0.033322,29pDkXnXHmPJBkJzBCP5hTM66YByVh1bYXMFvrV72p54FRM1YaXEZ8j1XPXXCW5BZKGJ2Y4xakMVEwrQf71oNCpf,0,1,0.6019098713595729,False
1785674230628,KOREAN,2LdmoMvksXzbKJFnanqo3r3Ai2PFQteinPaXmA29pump,1,6484,17306460136404,1567370301,325250468,-1.24212,1164928230.798927,317240447,-0.847688,3uZ5wYczVrbQs3FNnQSZZ3kfpvRfPamQjZuSjCk5z33coLsCCXEYkBg1mhmTsjNsVmyRgyb2rVQ3vZqUgA3HHtQb,0,1,0.7432374021988867,False
1785674674970,Cope,EoSbxLjbYJugLg3jjR3tPctDcQMbrYC2z74inbHtpump,1,446346,8920448729087,2528706392,1246384529,-1.282322,2009637319.981064,1320792726,-0.688845,3rDkZaFCCk3tU68PJfzPsutYmbbKGZhw5eJNWT3YNr2NRf58LBfemasHCiV55BJFqcQ926GuVm9jPP59DES7eGgA,0,1,0.7947294024877302,False
1785675014763,KOREAN,6WW7kxuNMzx4HoKsJL99GVTknb6usLEAGDkWwCaApump,2,3757,6827641273599,442210002,350937807,-0.091272,253533713.458809,247982157,-0.005552,5cza3yg8phG7hHnoo7zuFdRf1qbvixYUDB6HweFjH1HpeDUGiVEaaCA9pjiEYQbQCrUswrHFNbFVirAvyztYat3x,0,1,0.5733332857966632,False
1785675081932,Insyder,EdpZ9aZdFhXKx881F6XRgYJNki9jQBnrUzdeWwZZpump,1,13628,27056384998821,1393216323,1102048117,-0.291168,1099884163.171799,1132084292,0.0322,4HqTM5s55wtbLP27uk84iirXsmnmAAFopao2KJEEnxKBmJy9gttSW2EdGNe9uLLt32WwPuJqpwD3Zozu4LAnmCz5,0,1,0.7894568452969517,False
1785675505884,KOREAN,CFhhCaLs3pBSsyBZPbofLVU3unYF2tYM79FHqQaypump,2,3579,14066361435101,1021683493,949699299,-0.071984,454678682.597771,440118540,-0.01456,5haigHXQRaWau2fg4k5iJeUUPQ1Qm9XkjZCRpgH7RDsknoiyeK5Xj9AWpYmG6s4uX1xZNmCZmnKnYF7XJKtRZ5AA,0,1,0.4450289015267187,False
1785675980401,Insyder,A4zRBC4FXWa8geCM7eqb347Bfz9yicS44juSgHKR6juz,1,1872,3818057905390,346985280,983501577,0.636516,237632441.897255,898802004,0.66117,5uk7EvL2Ag3KjHvHTvEMghFAiWj5qqTsDVsYLK3sn1Z65VoHWDjY9HUG6EgTjvJhYyEKiuyKuCKgzVsjrAkCDcua,0,1,0.6848487690810832,False
1785676258956,KOREAN,9yzaaxmuuFNpivWPU8LNTabXouqgGmcX8a78UxB6pump,1,1757,12298535084071,1671105000,3175990832,1.504886,1499257799.016075,3420158811,1.920901,2mgWt5ina1bmdhUdHoWu7M6rt3dn6h8wTjmVAmMbA82pguCxAaomFB7qPxB2ECbBqp7hnPosTwgEqYNwQKmM7KyS,0,1,0.8971655276096205,False
1785676331252,Insyder,GiBGiQMsCkmNn4N2dWXDum8mFmY8dnvGVCgR67tSpump,2,32549,20443963338781,1702834297,1420753498,-0.282081,837229537.551147,617550961,-0.219679,2ybHGxiw5HFpepaQj9jPgVC5zfjcQqY8ftT1qyK3RQKGygXuBX5DPdBkNshcdWE5pkYv3yC1qh9aCirR6Baexm3,0,1,0.49166823749448296,False
1785676488459,KOREAN,FABKqe7DucCbjLisWUWqcpJonhR9yHgBFq9N9Yktpump,1,9714,21317307729704,977198208,206105272,-0.771093,642268942.993427,154885821,-0.487383,6tZND5XG1SEtgCxUuaGirDu7Toew5DkaiDfcLmacpU2mc9pjhFS2xCRUKmkRXrWkN1rEZWAXPhntq753CTbDrEt,0,1,0.6572555472731967,False
1785676590379,KOREAN,D6BVQw8xLoXdoRAbKj2Sd1DZf8NLADmMLsyYfqVKpump,1,1757,42468247737085,2710632173,553009548,-2.157623,1317447963.036289,307026820,-1.010421,2FPHVNS5Lnzt3z8Emimb9g1mMj3PdeYv6qpE4xV26WAfiHDZyPNP45eZditdcjVAwwUaBxNtRDhRosYTVY2QX13R,0,1,0.48602978159821647,False
1785676654859,KOREAN,A5tdnq42DBEBoUes13HDnyb7gz92Y2Ktvd7eT659wsmK,1,1756,21158592798867,1599176385,636137293,-0.963039,630007566.708744,605127504,-0.02488,3qZ9HRniDzB79HHNpDc3xSaALzsQtXvUQFxdebmtQPUsXs6w3WWiRcWEGB9WdqDN3xe1YW2aZtnbxX1ZdasP7vN7,0,1,0.3939575225210345,False
1785676679217,Insyder,5METiKsZovps8WYbcvYQ2priKPUi3LBKQAfQXARepump,1,22419,6020631804744,1209649204,979114444,-0.230535,1076362967.139862,995154686,-0.081208,4TMemFBoSVkrJTsGUuA2e9HGVSmL9CP8d2tGHKS1W2VQny77HXpyNSX2UojtzDBk59a3rSxjBiUoUUkWMBSnoGpg,0,1,0.8898141408109107,False
1785676709590,Insyder,5METiKsZovps8WYbcvYQ2priKPUi3LBKQAfQXARepump,1,28617,18180994816254,3010455000,2702388722,-0.308066,2759437739.120117,2235937048,-0.523501,qBxAQPYS7LkTtGW3c5tHvD5qV6Kg3JJrygw4tcCq35ngawmVGsJ4o9HeeSLNTDwJz8DjshTDG9MbkWgBFqa24NY,0,1,0.9166181654002857,False
1785676787486,Monki,5METiKsZovps8WYbcvYQ2priKPUi3LBKQAfQXARepump,1,99200,1845025365973,343542295,1554753960,1.211212,267887533.76078,1626121281,1.358234,5J1zZjgimdhGb3vC7CJuzgekJPU8xXpAs4dYgJ2muJfBrLknVHRTYEhG5pqLBomnVMKr5xszywsVd8ax3qHnyBmW,0,1,0.7797803579346176,False
1785676941596,Insyder,5G3ZsEmhNhVFDtPZa6wusSAPzypB2mf9ffVNdFFYpump,1,1869,17116885086129,1080228816,917698277,-0.162531,526039228.945679,508406183,-0.017633,3F2pRUYBdgqBeMw2gE3EPr48fNmPNwpHR9Hj7HG4UrdZAmR5X7nWXhF5fReJqYvCKWf2SRHywL83JxHJjkZz9p9G,0,1,0.48697018738452075,False
1785676948876,Monki,5G3ZsEmhNhVFDtPZa6wusSAPzypB2mf9ffVNdFFYpump,1,1871,5571181006381,343450903,1742478373,1.399027,164718737.453609,1096598813,0.93188,3Eh4Ch4Lp5fh5g48ghVAFSNJwDYxVo9Ks7yuNT4x7dRgXxZETfxoGVSvKC1jyHGZKP4jcc12HS12XFpwFCPXpQTt,0,1,0.4795990810180196,False
1785676983817,Monki,3hxPULXSpcYH74GZGTu62JnxmfWAcQVzJCVxnGcDpump,2,12424,31596349885849,1796294557,1310103453,-0.486191,1120876211.595169,1118103109,-0.002773,5uCFcQ5TvqEDwgH49Eccbmkt7GDEVDjZ1cZY2QUURXXyGCnjMn52aXEL1NwJy5q61X2X3GBKMzdprT2CY87YsboG,0,1,0.623993546730526,False
1785677057678,KOREAN,tAXZDVuYvUPXcvihD4p5sFAf7iWmCtHNCBysUrGpump,1,1758,29073226022031,1637948839,170824955,-1.467124,836824711.688236,107890574,-0.728934,4cpnF68GgESwKiSiPvABAysFdJvnxT8EzREpThBNSbn1w5w8Lh14B6GjAEHEW3P5HvcDnz84v5kXtQeWeRZnHeqb,0,1,0.5108979546633056,False
1785677072810,KOREAN,GrDHmZSkrysw8QaVV8KhyGaNChF3U6s5oqE6EP6PirQH,1,1769,25818114235366,1615064954,230127703,-1.384937,876137827.9445,213199852,-0.662938,7sD411EyuMuVeAugnHvxAi4hBnCbxVSWftFVQhAsgCh1ty7Mh42tnGRvb9kCqEjEczuCKFmG6DbxC2hp9jBtDEE,0,1,0.5424783850176343,False
1785677097169,Insyder,GrDHmZSkrysw8QaVV8KhyGaNChF3U6s5oqE6EP6PirQH,1,22250,28559169586408,1059119978,932219701,-0.1269,1013842309.999104,821636215,-0.192206,8AwK7csMfSqK49nAHQUvxsGmTdNFtoWMHR2jNjUpFx4K2RCNPTPhcfPBaUqbyCSsNY8LBcCbCCjU1SEXWnx8KGn,0,1,0.9572497271872857,False
1785677110465,Monki,GrDHmZSkrysw8QaVV8KhyGaNChF3U6s5oqE6EP6PirQH,1,41239,33517538789567,1559920785,1594739458,0.034819,1293856282.390892,959847572,-0.334009,5fN3HNVxwaxdPHRXhgnvKKfBCZvtjRSQ1fF88ZVB2JUoKq1ddzs9CZTUmiphg28FVcEZAVYSxMvm2UrEVqz7PWVr,0,1,0.8294371706771585,False
1785677132290,KOREAN,2eVWXMT4R4sbxR8FBfhzJMzdTnGk5mQr8K8PEMCNpump,1,1760,27116204546130,1532021552,263353445,-1.268668,777797820.88942,188345508,-0.589452,g8kDXoAQ4fSG4ptbnWZSGpoPh9huqUb9ZyNodB86m8WyPnC7pQDf9z7CHKL2bq1DViTKa8t4xWqPKejspwXMMy1,0,1,0.5076937852956653,False
1785677670539,KOREAN,84EpmekoLgNhFZznZWyq69Cu84sx5G8BpgWuuWUrpump,1,1757,18561538092991,929998778,752287397,-0.177711,624261095.071537,601229719,-0.023031,BxnNtSumhW9Bc7La9z1HB4VBdEzvrRjEAK6KXq9FZE8jcZ5TE4wACEc8TciQsj8Bf7NwxWhXK54xsifLEsouVTq,0,1,0.6712493713314718,False
1785677767443,Insyder,6UUoaD3Q64eyLtUcgzdM13qJp5iRBNwNnrSaGfsHpump,1,13329,25999454845553,935523029,752245444,-0.183278,774807675.344685,710362176,-0.064445,2gYaeTcwnbL4H1xNy4MmbS35qZot5K8xFcTbbkAMuTiMe7RXhb89iiuXKyE54B8SDayqAouZJh2wh95HpEWnkypa,0,1,0.828208019820627,False
1785677996047,KOREAN,bNLtps7QvTUP4H7CPkhLhqqdb2NqsDS9QpYDjeFpump,1,13593,17480914589594,1646855337,127323879,-1.519531,672722541.762016,82345375,-0.590377,4xUDmMMMW7qLe8kpqAT6oNB8j1sngaNwZwpb3QxQajRP8DWuAmXKDspxq1V9h6E8xfYWR1yPjtoiXbdwoZEf6c91,0,1,0.4084891530226835,False
1785678110495,Insyder,HohHew3S4MLWnUiTJAcizzt7wHU1x7qAw9s5kMHqpump,1,19918,21427968258582,821144275,688214255,-0.13293,777527907.062599,590209377,-0.187319,5qkRvHWAErKx6DdKVSghhPUVGPMZywJK7QunJKL64NYtMYWagPoDrZrMEt8TJzbFPdzNeKShAkhpbcAJSgGsV47c,0,1,0.9468834293006536,False
1785678403967,KOREAN,7U8XgV25yqdco8zY2JTpfGAU3Yxmn2LhbXgenUy2d2ei,1,1756,16055591586154,859796017,1223041634,0.363246,475712143.972984,461388088,-0.014324,3gDHm1QNavRJTDWPjmTQhRyC32Ha4by2Uvhp27vGyfyg6W8m3LN1c6wUmctTqsd3ew3EZNxpgXhtqN9yv9RvS2cz,0,1,0.5532848891680595,False
1785679116425,KOREAN,CsE3UwpAca9fRbTLnZpjfJvixi183zGrwnZqCVH6pump,1,1784,1693023326722,106681895,220524831,0.113843,95056013.776779,226658832,0.131603,XRSyh6QN1DcdduijdtSaiLWL84v1TJXUUrKGB3fskQDDYQ7ya8MWzyAUqKNVTJ81VuCJq8qDwL8P7PVFc92fxst,0,1,0.8910229217129954,False
1785679304140,Monki,9JxLjEzfrUggerubaWpD6RYbq6Vcx59DKgD7NJqApump,1,1908,90105348557950,3024079080,2691083114,-0.332996,2750203649.947571,2324089095,-0.426115,UNrHXXSVnU1SF5nvPdJpfvGdCazchWs7HLJhD4vQYEgacrFKgWi8zrKyKeJEvnUiLxsxbLthRgcdC2WXsD4SnGq,0,1,0.9094350965013689,False
1785679414108,Insyder,3yZYaVm3JmbysprSzDaCK72ShP5qvRNuRwCxS2Kypump,1,1754,14419972791808,1137887117,769753057,-0.368134,579712364.553459,561469889,-0.018242,5km9MZWQWnQXqg5MghoUWfQmVxS8VrdPzN9H1gN5wnVnPaobfmYMPpXyg4SCtXpPQ8uNci4oeQwVAArgpq8R5aiY,0,1,0.5094638614785012,False
1785679601317,dov7,8MRUwd24vPUaGdd2rzo6XU1uYjdnFr7UnkbRXfGnpump,1,1756,67062499999999,2036475600,1316119065,-0.720357,2192134274.863136,992048976,-1.200085,2sTKJ2KmG1ooYPNFVdm641YpcWFvjP7q2FiMJAJd7EwsiJXoqwwkJCZNWPRdZmsok82v4pwL1L9MZJzivPWeWwVY,0,1,1.076435325256603,False
1785679952561,dov7,8MRUwd24vPUaGdd2rzo6XU1uYjdnFr7UnkbRXfGnpump,1,2012,67062499999999,2036475600,1222707630,-0.813768,2011539543.190632,914089024,-1.097451,4qsHZbSPxQqygVAMHFNFDmhDM2ERGzujF31bgR7ffPrQMknZQWN7JWEW1dFRwMus1rBoAQtDgLypg4UfYEJSm6is,0,1,0.9877552882001789,False
1785680110431,Insyder,AZDB28oM9ZM1DHLV8dimAd6JAv1Wk7NhKj4bUbwRpump,1,11973,26373708955759,1179105633,846359490,-0.332746,800936431.536591,784682449,-0.016254,55JgszC5jZ9gdLz6y4N5azuJx457JabqvkVgEaMXUQoJ51vHEYsuaPjHHCday6hZjNyTTLfCL3EZxVp8V8iRnrhp,0,1,0.6792745358181077,False
1785680643438,Insyder,9XjYmjmWsYGMmsFTZMDPgpjdQfLdLqRdgqc2hqFMpump,2,69151,1027524117739,160145150,1721535415,1.56139,119958350.351318,2071231632,1.951273,4GiuP3gS4zRyzdmdVHQ4ihjM66eEmTRMRhatJNZ1phdgf1iBEZRhgWvksD3ob7WEKjAGwR758VmunEfwcF4oPefF,0,1,0.7490601516893768,False
1785680805850,KOREAN,7jU2rdeFynuCU6G8xhRmq4WCpNhy2RjF6kFCKdC89Kh2,1,1817,36409736238054,1553867753,382408994,-1.171459,1072266366.679386,290788684,-0.781478,3EWbiYK33WxgQKNVDPW3wvagKfe9LNij2cfsFMMV9gTk5nvwdiH6D53y4S4MY28f1v1hZn3ZiiymHQmP5mpncVeE,0,1,0.6900628220189251,False
1785681091976,Cope,EoSbxLjbYJugLg3jjR3tPctDcQMbrYC2z74inbHtpump,6,1185819,5387061105656,938403209,1594690531,0.656287,377082891.30471,1428946797,1.051864,fdwd2V8gXj9w1Yhrjtwvh5eWvK4k8tTr3dwm71WmJk8DvkPdMtoS115GZorosjgLmD2kVeff7iFYSsC6RytkKYH,0,1,0.4018346140424483,False
1785681098476,Cope,5METiKsZovps8WYbcvYQ2priKPUi3LBKQAfQXARepump,2,1173500,21018012544766,1945303840,995474851,-0.949829,998290923.44001,920996051,-0.077295,3pnBAiJcNRHiCSY1h3hQc7pXrYHK8LxWgktiLCtLJvABrVp9riXkGQNbBDzgUX9MVDPZXykLpCFQSbxGWEPYQfp1,0,1,0.5131799479920884,False
1785681115619,Monki,AcszdWQ6x3WGNXMDNJYvMdg4tYwQkw4v2MCh6dEepump,2,14583,31344476779349,1871092116,1439262162,-0.43183,1266285074.34127,919119990,-0.347165,bLEFLQDitgq3w6gCxZ2CFC26miwAGZXDszejXM3uCaPEuCCfCiVEUrdMPWDf2FbVzfNiZRUY9PB1F66PDsphyCx,0,1,0.6767625514067795,False
1785681121687,Insyder,AcszdWQ6x3WGNXMDNJYvMdg4tYwQkw4v2MCh6dEepump,3,18198,19459939132762,1100601721,653138526,-0.447463,673589317.505672,577076042,-0.096513,42sBTmbXu1gogdQQkRqRxeTrryq8ar7r29qN4GFvwQ3obikGannotyF79isZ3JLHBBnif2Wj4tSTjydVQqx56iBT,0,1,0.6120191388522025,False
1785681628395,KOREAN,B9j3yq5tmPTAWYvfcjMDgnfw4evCxwqLH78GMMgApump,1,1817,32111056524427,1703078963,345598766,-1.35748,985228505.100689,236877878,-0.748351,SmonjhqmWQfhcjdZKyvCkMvoknqkSxdfNy8rWyQapniHrSXT8nnoLs7CqB41YxcVBotDtPq617XfwyR9AK7UhZA,0,1,0.578498429318388,False
1785681777875,Cope,AnS334FeuoNeKMNnQimTUL3JtZnSvjVbWgqPucUcpump,1,20092,12554476134582,1265925916,713789205,-0.552137,948545131.331291,441683037,-0.506862,64EcE1hGaijYptERoNjSkpgNbRRf2qsPHzznYeXJiXxqFrupV4Nc7QA3sMhNyKnxfxxoaR9HSLyzHbNJ5XqMeMCz,0,1,0.7492896064000723,False
1785681967015,Cope,8HUBbkycStrhduHg2cQpgGvRzUjBzuapgZw65EGrpump,1,6328,14011752539764,1266311883,1073988861,-0.192323,1071024808.647392,1033980382,-0.037044,51ZzQzQeayTc7W2S6R5HqakCrz2d5e7xjQpxZzabEsg5Lj5ayWFUCyzS6v6Y9YLAWmW3krC39g26UaJehRgPtgXD,0,1,0.8457827988710361,False
1785682260530,Insyder,5W8g54R58LrRsJahTaWyg8rGKqaUoegB95CHhVSh1NBp,1,6673,15763116667541,1229051372,1209554790,-0.019497,1024920440.149132,721905545,-0.303015,5dtxyq7e7d2Ewp9AvV6vivDZuMkteTupUESfekjeYigP9SjUhBajMCHbpCvYnTAe2MGVFVx8X627FZJC6tVdpNHM,0,1,0.833911798561608,False
1785682339125,Insyder,GVnSiPEaz9mHN1miHB67ppWoN8jvedGu73JJc5W4pump,1,6681,20309660845031,932381149,965116330,0.032735,759416198.431122,585160467,-0.174256,5nL3vxZ9qwXuSe6DPEkKxHwyckvuZDspZB6bUz3wiQv1PPX4PBZGN8EfXyZX7XkHRHQruoetk4eGmqokuSmjx8r1,0,1,0.8144911544443098,False
1785682500897,KOREAN,AMf2qntczkMc7dNo5m8ZbWQdbc4jxLdh8hCJzE6spump,1,11129,17669306939246,2495374796,412634906,-2.08274,1489533431.830246,239228207,-1.250305,3MHtR4gPpEjor566XqgGm4hDdchAGz4ybb7Uj2KY1V8PptfCHjrQTRUm2qHDGnPqBFMQN5ag6SMBBeytbDPKZyQP,0,1,0.5969177192211433,False
1785682579292,KOREAN,HS6UQnkgL6Ajm74ipd2nHpFuBq6pARYFDrkRq8tUpump,1,1814,14939170913426,1448972909,183597429,-1.265375,568435452.709892,139258488,-0.429177,5tamniAbiLjHUsyJ5nsZdVuKccFv1fZuGAAXoM5xzWDw2aacqf5pBQgVgqvuX18vEzWLogYCBkBYFYGWK8jKKWY4,0,1,0.39230233303823075,False
1785682781919,KOREAN,2nPNv1yYKgrgvXNo2XubevuVydurVGmNVKPG8XtEpump,2,8258,25937179020751,1020257565,1187683026,0.167425,869610966.045521,764839441,-0.104772,277MVkvseqEQRPNkVK4p29PznW83NK8wA5mgjmN7DTCRN3i7tDCnZXA1ayfKLTqapgEivDwaYoddZZCA2vsMEDvC,0,1,0.8523445411017571,False
1785682822805,Monki,KAGJ3AGUSD1PLSLoVAE6CmSSxQQMyQJjekvH6WZpump,1,6424,6012375391890,347665467,1159996396,0.812331,176845548.006748,724957428,0.548112,nGQ2teYVfdVmLaSNVfShpyKeJ9KSvXW6r5aNaMnKPQA3TWa8EyQ5C6StuWcJavmzQfn9vYSX4NwJwChHZ2cFWzF,0,1,0.5086658434406659,False
1785683020602,KOREAN,Hu1Z9yebdzWCNV8c6KKhPJmPbudhuYZAqcQjBJwZpump,2,8636,5375170870502,442210002,2864919940,2.42271,406630144.949348,2510393311,2.103763,wrpxFmagpD6h4k99sNVjC5McttXt95qoBThV3RkQrsPuWjUrhFfSeCrLcSUEE3LVLf7GJLfuqiMrdAbTuCbjVsv,0,1,0.9195408134376571,False
1785683248152,KOREAN,E8T5G5PaatXMpt9h7oBtzvu5W6EuLjWTW4td6KmJpump,1,7085,13351671726100,1280636519,188256435,-1.09238,715290519.75695,152980564,-0.56231,5QoBs3LoWkrQmoqsKFTRbzVw9bsiXgh6NFnFvQuYLZDRU47JtbafRX338RcQYENEm8MhNdiyyEM4Kpp2QVdVM5or,0,1,0.5585429660521418,False
1785683348489,KOREAN,He6E6NzsviSoDMAepfgv4wFApPxnrHwX87FZhGh7pump,1,6392,15585780436926,783584967,578759771,-0.204825,464443106.179234,450820507,-0.013623,5zjZtbudLRq5kg8jpymZbEyFFMDCHDZpNmH2pMnnZF7fMA8NasdJm4DsJXnV3m7Rdf69XsvCntJp6hBGxyvUNPLG,0,1,0.5927156922846301,False
1785683428377,Insyder,7AxmwU59VL1HgVzeETpKBCfyJMmhZYwzRf2UnLm1pump,4,68467,1390077557019,441820000,2464209275,2.022389,302486970.527237,2321166133,2.018679,7J41erbRzZPiiEygwqjTUvwDrT2K4tH5P3H1SEgMCbheEYFT8B2HbCoMqbTiQEBuPMJMWSQw9wwzShVEcFNQvH6,0,1,0.6846384738745123,False
1785683443387,Monki,7AxmwU59VL1HgVzeETpKBCfyJMmhZYwzRf2UnLm1pump,1,77751,749708698904,272005001,1859660506,1.587656,216686532.284286,2137763112,1.921077,2hnEyLkmiY7kBtKprB8AVryGRZzq5TfjdD6T9mMob49j4iPLJ1C5eVZi1yasHvuhkf9JcnwbqArvtRqPwuYkgDUR,0,1,0.7966270160021286,False
1785683848542,KOREAN,Ac48Fy27mXqK2ci3xg5xnJ5ygVCphbru1e5gxhAtGfC2,2,8242,17369241793949,1096800312,185255383,-0.911545,678412993.881214,143406403,-0.535007,4kX61TQHzHnJozPVERLJ3fUE3p1FwSJYUwGN2iosWphXSMMd8tMnZyc1BzPTeHYfYqXyteKiPs1hFbB8iH35Usfd,0,1,0.6185382940347067,False
1785683959203,KOREAN,2enmUFX8i4YCLF7X9yiDqiW8h7wCwLLRDb8hxNdnpump,1,11084,17386277843322,1474565668,1353384187,-0.121181,1261800071.083687,590016514,-0.671784,29S3sLdwf1e76EzPbB9BZBPhgLr4EiGbPLUjg1APj8Jg7nnvGwKq3LD1TQfwGNajKbMX19qC64wpFrkAD37F1aKr,0,1,0.8557096496048944,False
1785684175129,KOREAN,3xCvUGLn7Y5EKUuZGzBPJCW3ck15YBwE3oV668xDpump,8,24905,32623788745982,3036033003,697542710,-2.33849,1778366951.741333,317471644,-1.460895,64ZGMcSqXyRq9jQcCXAwUxRrgEC1f9uKfujRD74i9Zvf5dThvugFyKzRYF1xjeQqiZuYoLYxRvKpFZeD6B7hy1za,0,1,0.585753498062792,False
1785684481111,Insyder,5EH1Dq1HJwLToZa99y73CH29vSj5DGgL1TnpkLY4pump,1,11995,16438590442266,952930959,676658863,-0.276272,509006073.547028,479786857,-0.029219,5Bg8pa5iJwkvf4bdeH3Kdujto4ajYpapGkbfgrk1WSr3nVnfXr5m7neJUn57tS1d7mqxR6ZPmnvLNvfV2JvCjFqL,0,1,0.5341479030980124,False
1785684559208,Insyder,41BySRh9638nv1dnhGFJ55Pm8hFz4XK5nugwAZfYpump,1,6676,12826582735622,1007503621,1003916292,-0.003587,650472618.739098,542378997,-0.108094,55K4mH4RX6Cv4JVwzxNpVzAkbjt4LvgayQcoETyiLz9JaQyhJ9YGKmhoi3TKnBVqW4veNAczqf7Ks12XxR5ypX9f,0,1,0.6456280703919157,False
1785684676602,Cope,6khz5PXHwdtmQXPVZPrJogZhaBWtDHHuKCA6xsZGpump,2,58878,5503293629657,307743191,640377163,0.332634,261192972.919052,634629451,0.373436,5Zf469PeUTvtpREzL9PC3Uc9pBK14PwkqXQaX4u1BmrcUEUAnYVwHxpvPPUjjjnawkwahqSMnmKvvcrg9kgkRgux,0,1,0.8487368057448004,False
1785684809453,Insyder,7gompVHTeFv89jQ9mMtVKjYVbNC6JtgXph5ZZGY8pump,1,6378,9613240724980,996758742,933196788,-0.063562,487931558.126419,413211488,-0.07472,3iveL4bQCUrxQyhyYFJ32CjtgVRqkJQCmReau769DVgaqge1PpbNjZcHRJVdfVK8qrfY5t9ysLgrfSnNrzEYJFCP,0,1,0.48951821295028985,False
1785684865710,Monki,2bgbNaseKCvRuWTkN2FZZND93N89Sjr7uZZbyg8npump,1,22343,20203631076963,1540325431,1122505915,-0.41782,1033717285.628571,1159132518,0.125415,268vmBCUGYUkbkqN8Vsgxxpr4EYEUwXDa8taHHiLquymu6etYHyjUGos3o6umGveh7uXn2teFkT2ad9uDrJ5hvPs,0,1,0.6711031739295947,False
1785685055545,Cented,2AaP6ABaoahawvZU5SZKrmi6vhwrcJuXg8sJCKmumgiQ,1,11472,2958702914418,262005001,2393976022,2.131971,199126769.642349,1009359631,0.810233,4szRz9nXqCVi2PFnPkAGcZyAAjhz81n3HxLnrzghh9BwG6rpm5GwEJL5aHUEhqHSEsmweGYXg7TPu9Wh8ZBsKHA8,0,1,0.7600113313957279,False
1785685418778,Insyder,4vXBu1iM4p2dQwgbyo248oxE87QHQ79kHrm7WCAVjrNv,1,1839,17607799918711,1041443220,508944342,-0.532499,532683071.30954,514952202,-0.017731,2gVJvRg4SWQ1gK4iMPqtNbTknhtoqsCiek19Mv1GdDcyN5X3J6nk6VxCukMPq1S4SbtoxspRQ29qwJAud89jsmCe,0,1,0.5114854665908142,False
1785685441378,KOREAN,E9KHvuusDRx8WFot99oc6KNSo9eV3BzhqiYemPjqpump,1,1859,46454684412804,1590459426,1427747277,-0.162712,1427056827.994274,1305818165,-0.121239,4DDnBfdwYQVEtwCdC4dVtxreq87RTXetHfajsNJNT5esB5FYJYRfhcNXb71XKZ36gRLkr6CVcpSmAyQ4qmK6zDbe,0,1,0.8972607566502447,False
1785685472545,KOREAN,6hxRfm5JGYQFZA5htTxCksWfM86p33DtnGYQEtQ1pump,1,1824,1834408609016,221105001,2139675429,1.91857,123920424.364883,1628704314,1.504784,5v3fJPKoFyQEMc7zU4qUgsrvai5LyJWqjQ185jVh3UsXuZi8HWaG11d32C3WLyQeVfW4LqbMTmPfKK3rAKLQ1KKV,0,1,0.5604596178486393,False
1785685478820,Monki,73SHiKyKJd7buMtDDdchkcsoy54F5gXdr52JaRehpump,1,9990,24869311025379,1378024920,1484424822,0.1064,905220104.265068,684526310,-0.220694,ZSb3YYQaz9UeQRBbS8TpJXvc92Y28Bw7k6HtnuyfAmv5J5tYHT7dUF9TghFKGEgFCSkrmAjqqAJhEuqVoPTVWjs,0,1,0.6568967593598148,False
1785685579727,KOREAN,WGmUPXjhoQRjxG1yvhcnwkR5pGTrXXW8skvWCcZpump,1,6363,26207068787115,1258786728,343216128,-0.915571,1130903776.355515,246468864,-0.884435,3gArFgDSBa19EYDdK4qErXCysrQPPPk1C9x1FzWJYF571qZjwWhT2GbEMNfMhe9PmzEpP45uKMcKP4u7twCvwkni,0,1,0.8984077693227117,False
1785685734309,KOREAN,HpzeQWoNm5mkt1iRP9c1E9ywVaVjpJ5Z7VijMXxVpump,1,1817,15583936748262,1076569122,236939375,-0.83963,493014511.072693,120900737,-0.372114,4H5zbxBmPyCPetk4kKwx9kFV7gWwPGBfVJsXhFdfpSieEa7vKRx7eeYVv1RPSv5J5HAySuZWgCBciRYV6rpfgYTk,0,1,0.457949704294689,False
1785685910767,KOREAN,Bq6mtNhTFk5wSfqWLZgbmEbkYxSMSALkhofeFr7qGrFE,1,7415,29540338755551,1584453545,207025561,-1.377428,966625698.615658,232857222,-0.733768,55ujLZNiD3npJsNCoD81hMHKnvnax9z7wUmiYg8U62Ty3TK26eVEp2nNmJXRGA4miz3C4dHFUFbn18EVXiRYqHq,0,1,0.6100688162590833,False
1785685956944,KOREAN,47RXHoy4181oFbHdtVjScBLWESfGikLXekbRufBwpump,1,20378,21651911150503,1635001385,1625617080,-0.009384,1333062021.955696,857119810,-0.475942,5zGPVeHvmiJeCHLhe1Ua7Wdon79fKCJmZReyvLPkQ7EuzdYeVFRMkLw6QZvYhhxochLZaWUsLMsivaMok992bCMK,0,1,0.8153277631356234,False
1785686187003,KOREAN,GgCa3hhocrBorRZYfdgTihSdFyyDDujy79WLUitGpump,1,1825,22774632372323,944527381,210701630,-0.733826,656878832.547852,159865064,-0.497014,5aZx1KEML2x43AKGQgEs7VrgWSdoWQnTwAD9jJ89KyZ9HBwANhPtw3FkK2meyoDRA1H5zo1R1rruYdbt1fngdaax,0,1,0.6954576921342337,False
1785686402494,KOREAN,ESeAXU85X4JddBtx6LU7V5oJcbRuLURE75DJHm8Ypump,1,6515,16233634395805,911845944,767174260,-0.144672,464769818.753975,450858725,-0.013911,4RG9JcFpPrriVqzdGBH8U5FUwz4DgnjWsTjjCC63hfbwVw8LMNjtFaSumsNbkQNd7YerofxrdvnMHBadpjdwrti9,0,1,0.5097021287556168,False
1785686619568,KOREAN,Cvq74sEKE7RpPaSRoXVvnQqyxLHcHourpJWZ99qqW3kp,1,6536,11321219338727,1364428062,1376703912,0.012276,780419516.376495,797282325,0.016863,5jq9chQhSq9vW9Ktng5HKALNBe5TtS6ezJLX2jqgGajuYcaG3r4upcwGWsX1q5FQM5vnYUEzbvdX3sF4Tzopzrrs,0,1,0.5719755684536009,False
1785687078674,KOREAN,7WGiJTan1X63rgMXMaTpnf6WRPDuDNspDfVENpQKpump,1,1827,18361241973074,931940278,197587568,-0.734353,694634257.608864,170359203,-0.524275,3tQrRm35qpCZ3FBYgYmNLh91qn9xpS438j29jsGUBo67P42ax4BRvH1r5LX8hCBexoRgHPZPx1UGcDGcfrhDjBAB,0,1,0.745363489492686,False
1785687361545,KOREAN,7o47LAt1xZH51zxCdvPQDfb5XsG8WVunsPfQzcjhK65E,1,1809,21624251500280,899085613,171050526,-0.728035,643772992.489193,156824030,-0.486949,5ZEQmnv7ybks3i9PdJfz1X2EZSDqiF1thzLR8saErFhfVeQ9E5qTGqoQZ9JeiYWrBs8weUPEw1pPaJuY5z4PzGec,0,1,0.7160308019400962,False
1785687366047,Insyder,91CjEGr235DJwiWRJEuxWrqPgLZ322jZHwrVXzMgpump,1,1812,11843319042033,782049853,422231638,-0.359818,349988679.079445,342178692,-0.00781,u7bo4yTpsp2WQ1uyEKsWLVfnqZHUsivK1R1iYqshgVdShLqufPb3HLxRrsvfAXGD5tEHRQFnwdtTmvwAj9rE3p8,0,1,0.4475273254471733,False
1785687406225,KOREAN,CZWgoKmHEgz6j1ji4NyyxuPXwtd73BmJfwEttB7opump,1,15605,11340748695554,1213406516,207062381,-1.006344,1149446189.207565,109938240,-1.039508,3tAw2aoppyGJNs1QvSArJDZKiwBFp78ZCoz3QvUMt9CMygQBQHYZjr4Tm56hpzhSUtaRBSqaioedKArvk8eLoQh4,0,1,0.9472886242581914,False
1785687538562,Kadenox,HHfsXxiHdbeUnA1SgDLoWVQrc3bwfQukkLHeu8Cqpump,3,30471,52343587021,6015003,1127576999,1.121562,2859509.877426,732213535,0.729354,2HhRYzAxDJMFtqfDHFgpYVX6XsZj1buztgJrPFsgBPj6pLcLo5BCTc6n51VfY31DxJvUoLWyPLaZCkF9tfXYqrEA,0,1,0.4753962512447624,False
1785687563746,KOREAN,DnNEbBzA7GDVDEGHKdLJ5ogDpZSmaVCHWDdJbispump,3,10091,24142317910415,1273797111,251739672,-1.022057,1154431840.759094,334359568,-0.820072,2cDWW63GG86FrNU1h4sL8pdTXzTKvrbqxJWY5DqdVWY81MVxqoNJWvcpDrdCNUe2rycjpeDy5uBW7X8xsie96KDW,0,1,0.9062917718919948,False
1785687591288,KOREAN,3uesWUHn4kVjjvPAYAcBnMmwGEEkULsEGMfruCPmpump,1,6959,29442342964959,2441425193,2711768435,0.270343,2156459091.847076,1413293874,-0.743165,36athhUmuaUEihPr9xSsdYDQrb2t53Q8oU6hSKX3yCZ9Kt3Ku8y1izGYyZXSHMHaTsuYmTYjCvFA7hEwAsSQbRKt,0,1,0.8832787906137888,False
1785687604502,KOREAN,GWgdg3GyXmXrQhmGgRxhdezPi6in3R2M1AiMAib82Sw4,1,6486,14901036646269,855011995,510181762,-0.34483,447954045.161884,435326003,-0.012628,362Lp3U5Q1dJHq5RAR8nvueT5gc1gTmQvQjUSgH6rUTgPxxub9oRdgAkNHhtYbuwNsUNnHhYVtgk2e7AY6Z5YzAT,0,1,0.523915509702158,False
1785687734261,KOREAN,J81T1jmZFCSPcVrXYsbGqAm1pigVxfARDMmYAA8Hpump,3,14958,39362712838680,1789255897,1800534304,0.011278,1527115563.601257,1365221352,-0.161894,5pQm96htdrEeFxhJU5Ksb5oNmXkterkJMRzDTRRcKThu1mETzkdnXxdaXQsWQdoNzGn1Jdpcw3Svh2L6tmZC4GYw,0,1,0.853491982986745,False
1785687849332,Insyder,7MwTSUL1qV8bFhgiUpcBaSdXKf51NsSHsSKutZfLpump,1,1809,2192843543707,392095613,337238832,-0.054857,354762479.350754,281748919,-0.073014,24VH7R3oA4T4e6aMLM2uywVvq7ZVfnufvjHaCUism8iZnUdEkte2UPXCU9TWG2RbUcoZ7jd144Q2ahiDnYbCjbRB,0,1,0.9047856379631415,False
1785687898962,Kadenox,8J22qLahRmnHn3jCULBupSwhP57ZHu4zMMtNLH1Saec2,1,6378,8966859686836,1010347290,1048146392,0.037799,755443503.136398,628372786,-0.127071,4qwYrD4v3R5FdogEvbsHqJt6ghJSfoGrpqHHm47Feb2Fw1HsJnPcVpXCobqLUuWmjp75u2p6ps6ND6F3sqqDq28B,0,1,0.7477067644100851,False
1785687916867,Insyder,7PpJweuFerhhZn5DRwtRkjXxZZziaXbdeqFQA4xqpump,1,7025,27727142515760,1027660104,825975901,-0.201684,848289646.901432,804979920,-0.04331,z8NrtVNLFFxRp8UUv4b5GLxaXeEfz3MxYjnL1kvLtgd49Vp4CqmDLbr9cCb2pqGvsdvaS2t5585E334g3NGT573,0,1,0.8254574091176669,False
1785688009655,KOREAN,36rk3DKKKxYE5TViBWZF2ZrhFGmt2yPoktXVwyKapump,2,8181,28939670028707,1118434844,835298460,-0.283136,854396226.317917,827193066,-0.027203,5RaCmKL7Unm5SrgJfHL6nCc3tzqfom85vh6EbFFqp5JCD83FK23vWCupV64VkAGCrFeuYDT24wGjBEmEbJGFAt9d,0,1,0.7639213235365877,False
1785688013911,Insyder,3ZQqvDfpTMbAZAxDyADwfgk6obzMxiRL35qsoX58pump,1,1809,13811899949468,1164417019,836441095,-0.327976,580341415.737717,564116038,-0.016225,5LrXJ7bk9nqPpQgTfA5q7HzRzq9UVY1DiZoDxTANzJNcHsx3hBTUUyN2LREWTHuSsct6W2pdGT1kH2mSzxW4nBY4,0,1,0.4983965420190385,False
1785688142933,KOREAN,G9gTU8R7VbYSouFRvEwQ6kecy3oFkQ8z7H6imqm4NeNv,1,8193,23737685813827,1526595286,157264161,-1.369331,687674858.611473,165007844,-0.522667,2erMGNEpkCmudSUeakPXhj6BnsDdXYrRF1SpZv6YAaVARcY3ce7tUPmX3avK9z3WnUs6L8GdDNX6iNMioBjExtSF,0,1,0.45046310893133007,False
1785688145495,Insyder,BqjVETBSULxR8uw5N93NgXHTra76NZHc9Rofa8JLpump,3,23215,17886137526192,1794602507,1436205862,-0.358397,1449495455.842308,885011570,-0.564484,2Z6xTEszE8exb4duuvB5PUw1Bwv9ERgBzZivhb9cL7vaPQCmuWeRjtDzHoYsmGRNCfrtL2NN8fXxYdDQDjr4PthD,0,1,0.8076972199628761,False
1785688175189,Monki,A9vAVTGXSuuqaZ2xkbdACYwzGfah7XhSE92RYjdtg4ZV,3,19302,36146295335726,2208744565,1431516433,-0.777228,1567962271.22319,1243903793,-0.324058,51KY5FarPq4ZGxZVUnoxnpRQJN7QqSR4JyLUg46WWwrKNNioJjTM8VHCaqMXKkww5F1jRVEdDwYbHkmyqVUsztgV,0,1,0.709888457030879,False
1785688264046,Insyder,DcQ1GpWVMqs4T8nCt5zwf9J2Hvzn1ydj5HxWQq4Hpump,1,1823,12393042606307,984539797,868114566,-0.116425,885434653.597862,709160323,-0.176274,2upVeEyHZ1Hpbv5GryY8wMaAtCspRJRhXPTitxsdsGWNzTznkRNZEDgYvvepaZVZJrQcnoQwzsEf4E4aXdyGwK1V,0,1,0.8993386110910679,False
1785688298744,Kadenox,BSsq25Z274H1y2UtJafaLb71HoGjNZ9NpCEFBTSbpump,1,6471,8531564323012,1375482255,881193095,-0.494289,560290455.564987,1042632673,0.482342,4skEEaAD1NQr2CtnXfj4CKSxQYGkgcJevvYwXSKGEv7wB97SaFKjA2e8xmsnAXqjR3hVsW54sCUkizzqJCZoq5yg,0,1,0.40734110056911416,False
1785688374814,Insyder,BSsq25Z274H1y2UtJafaLb71HoGjNZ9NpCEFBTSbpump,1,6839,221300211243,53039171,1943260270,1.890221,27800153.780708,1517598231,1.489798,GgLLALQBZU2YGvH4QUwn8KQcqr3tWuuRRXJyrxwAbMcHq8qxLda8JehW1b62TMeRRQVVmcQFMvWzjhoWBBrqUwm,0,1,0.5241438215674223,False
1785688436872,KOREAN,E5vjK7yWrJWvFNoTw2qFp16tn3YfHGKFtauJS645pump,1,6672,16250417899943,1544201502,1478085541,-0.066116,1393175681.116364,1497855045,0.104679,4X4A5kPupdF4VV7Nr4PN5yixZmsiG5wnbTF7xdCv3qifRaMgoy7hVmWZLzXVGX3cKLoGWyuiNhJM5SdFfj9jq2Ug,0,1,0.9021981129483216,False
1785688722522,Kadenox,CiQv4ME8sho6nJfXxssX3mxZDA9f5fq9Q7r3pU7zpump,1,6350,15877913175748,1462485448,1165349627,-0.297136,1323722428.903114,1228926394,-0.094796,41YTDk4pUQsWbtWJXkTQfV5f9MF4DWoELLwRdifVPVpwr3RaRgpTJvFMeZordHE3KspkSA4wrZjBSuYPUXfbbDrA,0,1,0.90511835910118,False
1785688783204,Kadenox,5YgENBnw53joWhmtf2FBj6d3uj8t9NHFekCfkLYspump,1,17393,28307822087090,1518195664,1355967183,-0.162228,906529619.802475,784353384,-0.122176,3vBFwUMZ75HhHbCYPFLV6ucVA5WZSUYiWNhDD8QeF3CSaienp36RcfMJ4CiD46HfX7FNWf424fwDHKWGdA7Jfw7K,0,1,0.5971098727907281,False
1785688789469,Insyder,46B5tnYc4S17vnsrpCxchX4GS8FTqbfEPe6Qa9S6pump,1,8159,9175036226187,776848269,659248071,-0.1176,451480317.400589,409101552,-0.042379,3iF7nst3wmuDKb98Aae7CmangrZhKfYkJqTaLGnsGgmnCRj49nc3q2Pw6fL98dQVSSMoHqFVG11RkLrfCxU7Kp1T,0,1,0.5811692391124952,False
1785688841004,Insyder,FWYSgH8GMoQtcFQkBGFd5zt7DCsrV9PWwmpyCnvPpump,2,24558,4915357299456,322447186,1024007024,0.70156,267559712.525108,1142043579,0.874484,5k7votivjke9ck8ZjnxAVfBy14qvpDJUXLPwGEduTw6tCHxg8KiucQiuebkAJ4mJ7vAEFft6DcYkx8YbjVWJK15,0,1,0.829778407571862,False
1785689078353,Cope,DgTeMC1s9PiF7R3uwd2VkNLJ4zPg4HNS1WEpX1krpump,1,34381,3078133796332,254198360,729769997,0.475572,201780362.72628,658757308,0.456977,5ycxhxwifNRwhEFY1bfMKbviqMycHQjpxPL2o8SK61urXfX7UWVBLVB4ZgrBAbR1Rp92xGX2Ym4fVCffH9sdCsDE,0,1,0.7937909698799,False
1785689097996,Monki,72dgLkgeiiukNsUVa7bbt8xh7DG2UQGadc1owRDapump,2,8268,23964432965763,1363922873,1160300284,-0.203623,942148891.380005,1039766201,0.097617,3JwUYqtsRastXryZa5CQK1i5EZtrWVhhmSXQvuMkbcudsgN4okdjzNvAcxPB1zkzYwKPsy2WjKoeZTEPBsHLR6q8,0,1,0.6907640527412763,False
1785689171707,Tom,4LtLtXbdzeEJYDzEmK4nd62gn2xjvwttecUshe7kpump,1,1817,26431326908124,3804079080,4186729378,0.38265,1268778011.545097,1108274508,-0.160504,5FQKkbxjZ8hTiRdYgpq43a5C54ML3rc4b7hgVLTnPm5D6exWVujXsaDasSb91Z26vjBgfJsaFTgraT4oxRHFDZk,0,1,0.3335309242690867,False
1785689244471,Insyder,DLhohisZ9QKNchtnousSqGGVRFPwng6cBYDKNK1epump,1,6414,281725747330,36799289,868121588,0.831322,9766187.383007,654588556,0.644822,2r6YFVKMUatTvfr2iFETns3wEHbrNnwcGtp4wBSaKHn8HRbPw9nmtjok6GLkQ7BUQvkbDkxSv5aHh4oJQdVcfEma,0,1,0.26539065423266733,True
1785689284288,Cope,23BXyBHfZan27XsTJZ1hz5U1BoHcAwzCuUkX6tjipump,1,34508,15369285943036,1266262302,689535395,-0.576727,745980776.51693,663570162,-0.082411,63rpWqgQqbdeRXi6e7GrTw73WYp1qx3WEnQXF6JCVVUTP8ZjR96xBan2zcSbduw1RYbAADoQbQPKYiguj7wxL8dy,0,1,0.5891202599482662,False
1785689357400,Insyder,ErizPvWkUiiq49Jhh9fnwSzamL5fs3Wmvr2SuMgTpump,3,10165,15706227441382,2136746842,1165212787,-0.971534,656490444.754036,549525716,-0.106965,51KbL7iTeqgZJQz4qNKTjAw8YYkxCCC3Brnk8Hy4D4oxnKsU2J2HvkwvinS7XshaSKgm6cVWfEYvBYEjLymcxWF1,0,1,0.30723828946416476,True
1785689428441,Insyder,9biPJX42tV5GVAEhDJfpp98vvK538VFUowMPNheipump,1,69228,11135442085227,2042461930,2120736782,0.078275,1376544713.051743,1627146224,0.250602,4YDYAmLTuEwcZE2Y2uWqkNnQRTVCLGGFr7NpSM2PEScaQKCf7LtoA8U9XSKtovYzDSZwKmhgFX3j3mYd7iKdL7Bn,0,1,0.6739634618559295,False
1785689434242,Monki,9biPJX42tV5GVAEhDJfpp98vvK538VFUowMPNheipump,2,69237,11219646093286,1719493504,1450995097,-0.268498,1542128827.428322,1384912635,-0.157216,5TxTvJumheMW32pBk5rHqzGJvrwv2oxt9yRr7MCn2GQKbcqMZzLbx7PAZFzJAzpbMT2sK6b4ZvkFye8kPHyRbEiP,0,1,0.8968506271416086,False
1785689650632,Monki,9biPJX42tV5GVAEhDJfpp98vvK538VFUowMPNheipump,1,11001,2275689833656,341129827,2139968752,1.798839,197352814.35865,1572761182,1.375408,4Ww6GEfPZZVZVz5VTbHCk6as2QxkW1XSWqRUVSHvZt14vqM2G3ZtTRnVzBL74MoFBhC9n317mPfHq7Hm36z6uic8,0,1,0.5785269968745653,False
1785689703898,Insyder,6DKZqrFfFCebs5ud81bvc1YvjfdJuacGZw6XYhPmeme,1,12759,11649657284879,1328812133,1071128453,-0.257684,1135610490.846786,1184570929,0.04896,yZgeVWFQgGMFzKj57Re11NeypDbJmEaKLZaPQKr7SdoF1oz9Cs3Z94NcWdkhkjdFdn4iYdyXDyGPtFvNMZr2UM4,0,1,0.8546057509897722,False
1785689870493,Cented,9f6ipoS4J8zoeaZ3mbNEzAo3PFqAFus5D2gnNmk1HFWK,1,20630,4385985199231,262005001,1985232935,1.723228,187604708.203552,1365066156,1.177461,2w2CewkXYKkaN1vMahU2WVMoZxs94YMqzqn7EgsuTCQ8cZzRPGb8ywCdqTfaxLPTU5AUK7y1ysduQ8WD3Q7SGmeL,0,1,0.7160348370737855,False
1785689976830,dov7,q5AvNnvbzR2HyQSsEyHX93RcBRhBnWDrU6ZCHrqpump,1,1815,67062499999999,2036552160,1876991301,-0.159561,2103447222.999146,1408879890,-0.694567,52QyQrE8qCoQCAHPc8w2D7C52inCzwyGnvg1PMeBUjqtFyBYzHueNpNYvXYM1oPcZtixtULF2Wusbq77eEqMgMEr,0,1,1.0328472132032926,False
1785689983424,KOREAN,8WCj9bbFBhJCYyU6eXwHt1DZTHj1iDwN11kwSLwh4HWq,2,3626,1969586827469,213572994,2123029351,1.909456,71377623.797451,1147590651,1.076213,2omEqWA9A9mNFPMZ463iKaxSVE3iDCqAkerFvR3mLsVyXTkjk9sEx8XLxWqJo9NSkkDU3Aa1Sa7Q395B5T5KWNws,0,1,0.3342071600937102,False
1785690038233,KOREAN,2yCzPxNj7mB5rx6S1hWXmTXH3GnkyoBfgLfFb7jBpump,1,14199,14988852322994,1011103653,831905660,-0.179198,920586462.069511,828835126,-0.091751,BuBNp3qsy5oz18Ztbjr46zF48URzsivs45SmxaNofWKjBTUeNnH7CX4WdoyCXvupVhx4hdg51gEfUU1nzdQSrxM,0,1,0.9104768431387628,False
1785690199777,Insyder,JCLk1rdKeTDMGMEMCk1WgxPRBQDJbLaTpBFLSknrpump,1,13212,1274544965226,110455000,1633749853,1.523295,57517192.119225,1331063639,1.273546,2rLgiosgdk1bwvgLYYngBiYXEPowvUed1dbF62Cswyqu4fd4NuYsM8ZgiEisxdx4ycMwMrwLoY2c1oz7QyuvZeGY,0,1,0.5207296375829523,False
1785690202431,Kadenox,HSTs778yN2ofhoFa78Eb2AYcP29p17qsHXTHQmWXjmYN,2,22132,19205841191677,5318659435,1683761840,-3.634898,2547645133.522537,1122248644,-1.425396,63ZnExBr8VSKiVaMorYBNhDEAguCsgBeLmmwg1jwBWEJC7Cywx3h5fsXAKkuny1d1tQsVRkhVvBJLgvmBJoRANrJ,0,1,0.47900136578730523,False
1785690337079,Kadenox,E1PvCUXWihpsjbQh5xeRSw5J8JtSQipYw4YGJQdspump,1,6430,69946288693735,10406116982,9322739391,-1.083378,7754456133.342079,6958334291,-0.796122,5URGccRtHnzzMfNkoZhLC7MhWEpdwPuBPEhZundw3cyrGHVXEmEvUKY4ee41DL1ER7aachZHoXf2imBbBv7DPnsu,0,1,0.7451824870655753,False
1785690465097,KOREAN,AN4MSVWUwVX3Q3VoSJCvNZxky4aMPaDQevVYA6DQpump,2,12887,3553810434790,442210002,1644269947,1.20206,256601291.184181,872779289,0.616178,2kHu4PgvRc1kXresh56DbqNC3Md115vupTrhDNPjBkLWRdrEcjJQPA5qAjF1ZAjoXRkQE3dXTaaeevgj1WLaEUuv,0,1,0.5802702110391909,False
1785690608624,Cented,PVAPXfFUgXejnWCA8VorjhiUcJk5vkXmerqEujSpump,1,15907,4294477908603,262005001,3433785363,3.17178,168154096.570999,2587864652,2.419711,4bRc6QkNkQcJpELErc7T7Wfct8QL92f9Mi93XNsX1S4LWtNav4aLbE7L1jxCUqgcMSEstD8Y8AU1V25Hfkctps4g,0,1,0.6417972784076705,False
1785690709774,Insyder,VATiUopnrsTSLBPBeZ68JshRMerniAJv9jzrxHGpump,2,14085,37154797436866,1365190916,1130318970,-0.234872,1127048625.79137,1039475075,-0.087574,mSipuE1axhSXUqEH3oHfUvGtpw5WMsFMHUaopWac3AiiKm37QgZ3zs5zYwgU4gcfQa5YdeAfg7vJ92LYRmXuBMK,0,1,0.8255611816504131,False
1785690825339,Insyder,4mYvErDFEpFFAbRAsaGFFaeNtDuEcZ3FFQowiRFVpump,1,1814,26051517256528,1028550709,870361362,-0.158189,785609296.902397,747437764,-0.038172,39vgUHi4KRSFiJR9aAP6wZndJivRavgbktJdbYkm8x82NERZKh7ZYyhH7NjzCo5YNyHcfHCXFWXdbGA2xNYyPL6b,0,1,0.7638022024856697,False
1785690830649,Cope,Cvq74sEKE7RpPaSRoXVvnQqyxLHcHourpJWZ99qqW3kp,1,1077091,9045631701029,3538525404,2839304782,-0.699221,3367963264.32402,2823939230,-0.544024,2uEXQAjodoEzeoRTGAytSiGMCBzEJaaR4qzKsbg3ASBHmV3s4aw56UbFTn1SuRGC8f3gsMdK1FxidjtPiLvdw7AW,0,1,0.9517985261648328,False
1785691101042,Insyder,HMDAqwn2MCt7tuSdajumeBg1Rfdiw5tvTPTrwgUcpump,1,6353,13751416811650,959465732,494840225,-0.464626,499679884.21666,464913381,-0.034767,2WXppx5NMBXWkpSvHdZzgY8VC4r9KP9NNXgG3aPZX4bztwaGdHrTvNkZ7aLshJxK3zGx6B75YQqmK6JT72r3zsEi,0,1,0.5207897140579274,False
1785691586788,Monki,C4yqa5U2wLvjSnv7YBUfnJootou6jMXBjVYFaghBpump,1,6366,97545454545454,3079100880,3867303468,0.788203,3200573751.759632,2652267293,-0.548306,5MWDvefPu8pZgU7gcvKnX9oSr9SvG7mHdutypv6uBrHctwyRq2wk1GDg1Py4G2fwwG6fUApvmfomi3LbWw8xLtzm,0,1,1.03945076062582,False
1785691965192,Tom,Aj2JCWH9QDZyGycGFSuqbWNB5LZn2K49qVdb5Q64pump,3,10195,134216180891008,4808339643,4815749927,0.00741,3972890608.623806,3338062473,-0.634828,21Asc7XmrBZFR1nJ4nfbeXvAGXprnDpHiTCBVL5i4CMxyhMimUkewUN179FgpLUnmxPmsYiYaFXcs6314oGPELCL,0,1,0.8262499955483711,False
1785692127602,KOREAN,9GyTcWTJB1HzEb3t3q8jdcnzmacvaxn86aS5BfWXpump,1,6606,33051897329425,1622890126,390895228,-1.231995,1091544058.842621,255800040,-0.835744,5fs2z2S9L9fC6RSrEjb1ZD9gWDYPLFVAcsuvrZiaTWVcjKUSNCsAfqMM7mSS8D4te1KaJ615bgEZFqfvdgbKXyFo,0,1,0.6725927044321799,False
1785692217899,KOREAN,Hcr7amJGxgjU96PDpQpyfzyx7fy1XUDYsx9dtB3pump,1,6391,21658225442037,1162844816,797944086,-0.364901,986728000.128868,1039547562,0.05282,3Wpdbn4scUaphTNTN9Y1NRsaydnGLwho6vDNtRRVx5hyHBGhapBVmFQTHq7WNiEPzxj61yzueZEh2jq7eL7umKQq,0,1,0.8485465872592134,False
1785693916993,Kadenox,FFun1itAUfRuNL8NvHTbL3QJKpncDpyR4giHgJkmkmKV,1,10983,14264706065,2005001,1168290989,1.166286,517938.819016,1359844233,1.359326,3wZX4CsqKXYUfkuhEzMt5dNGYFstfedAaoDdDCNc7eEUZozTrT5oR6pAthArPuNtnCEYhbDTzurY9DGdUVT9PU3U,0,1,0.25832347166709646,True
1785693970595,KOREAN,BSzQsRWudT3EY74YA1Dqh2mBom4GDEPcHmM346CTfugB,1,1817,12342530892405,1444772360,356289760,-1.088483,1193269854.457718,1107488285,-0.085782,3zPUDHCHp7LWb3mDzbxuhEGAiCjU7iqavh7Dw93TP4NKopND1E5LwMAK848ejqso4q8e2q3gybgQmA2guXDaU9ex,0,1,0.8259223996074495,False
1785693973248,Kadenox,7pScGzBN1k9gfFz4tnnHZjM3w6hfxvbocZgpPo3pump,1,10761,30590412535658,2080997727,1450570782,-0.630427,1368705730.296471,971125361,-0.39758,5chwYFziu9mgoeMFakfgXHyMtx3qWVvCXfpqk5eoQXMLQh9r9T9qBD697U6xc9Di1fAZgyAMxoynRk9LMTPnXYq5,0,1,0.657716110180293,False
1785694044460,dov7,CA8W7eghwHcRBEcB11528kg2vXJzSimrkYXuxGqspump,1,1810,67062499999999,2056496480,1280177710,-0.776319,2087405351.48732,946898381,-1.140507,TrAz2QGy2kgdrwiAbXfk3LNi7o2SMwg6rBGeRM7X9wHdzBdYGwPqCAzD5kbDmBkP54XpkSZw5FTAjDuaVf7imbQ,0,1,1.0150298684135457,False
1785695800553,Kadenox,yGz8XJSx5XMk9vWpeDYshYTtqmJCmXXEdasnidUpump,1,33828,17020153199941,1554581299,1169979643,-0.384602,1502092371.340645,873626351,-0.628466,ktrS1NfCGYZhz49nX311EmKyeQerra2Lj5eDa8SotuNNXTMfXBSWKhKduUXsz11gxZ5yCUabroARWYJ6un84Noe,0,1,0.9662359712591944,False
1785695979563,KOREAN,6HeVncC64XUFVSFzG1mDtZYXxEePx5gQj34oS7JDpump,1,6573,13942469646511,1301480037,1123201649,-0.178278,1107133447.96093,1488940886,0.381807,5kLQgFdQHJcxtF3oKqtBiqRyWbpkq3CAFCmYW3MRTTrr3YA6tbYdqZkfEWvVTeCLaHJGsxWu4S1KVvxnp3mTNZAF,0,1,0.8506726315318274,False
1785696317599,KOREAN,8bZcf28acczKxcen1fhnvGBJRp2iXh9wufeSWWpcpump,1,1810,18075963467205,935173201,189011361,-0.746162,888891080.101578,139904442,-0.748987,pLYcWiFkCKL5hN9j5bnMehBAkaukjH8bqwDYTaSQjt85ZVRCBAz2YoYiS7QwhTHzNzj44ikSXAYEn8fxsFBigSN,0,1,0.9505095731475928,False
1785696407365,KOREAN,9uTRiccKd5iMapsxNT99S49mD2RD7Zvcztr3Km7pump,1,13239,8358979976005,1429249715,266568416,-1.162681,1106277652.114334,273201343,-0.833076,4aSDFWVwQz1CmYBtr2XtZ2ow4DvcTzSCdX7LLFGGHYLghceP84hsjdamVmooCQ6M9pkSjBDXySrjLVjFz9nbHetA,0,1,0.7740268481455209,False
1785696458319,KOREAN,CFbdfiLvKzYLRpDtwYCCni39nntWyHbKxGaviJT1pump,1,11171,10470919135439,965496276,841790872,-0.123705,608322357.974556,748323788,0.140001,2QFNSKoUCXWmTnC1J7g1n6WXSyZaY1ZYcaKk6kAQVJCLTXdwfUJQFMbayu384DqX7QWwhccJxfX86ikcMEuyZneF,0,1,0.6300618377264005,False
1785696943607,KOREAN,E2vwMQ5d4XZir772SZtjpxZoBQR9TKRB6ysfHdCJBg53,1,6409,2973508530153,221105001,2110962597,1.889858,214508787.617134,2784154418,2.569646,5uvQQwzXFq55wGFrE8CLBNYyCqGcU1V8TrfPBHa2cKZpzptUVpAbhb7aHXWAGLrJEJhjLaPjRVfnnWVqB2ZNVQbn,0,1,0.970167054779254,False
1785698099289,KOREAN,CZUjrkTdvGV4ULxndqvLE23ZB3GAoP8F8DooJCEbGKU4,1,1820,21646425381395,761165483,179600217,-0.581565,702721210.94426,170983433,-0.531738,ZWVH1pi858Hznn6J8tsqMLYPwDF3rt1GcDo8Ey4RSr7nQcTSuYDQ7y8Qsf74T2G7SqP31KuvCbk3yBQMqJGWYaQ,0,1,0.923217390487293,False
1785698349051,Kadenox,Ae9URKyN6XnSjsyRARMxCrfxmtEPa3RnjPGEoxVhfBdr,3,30927,25467609432,6015003,966648210,0.960633,2780384.65239,627677453,0.624897,thcs5orPYhHygX9Er5d2F6NkgSXUn4Rc2NVMWfCShMXEvTJGD7E9G1jJNCizkuQqsbRYoWJxS2cUojackMWcMdB,0,1,0.4622416069268793,False
1785698433431,KOREAN,5wPB2Vco53VED1DDvNf4EhgRaMfPHuSzhFppWGcrpump,1,6453,18620236546364,1636587514,843895223,-0.792692,1098847389.180771,902972695,-0.195875,3hFr33uZm9YaBBHAPfGgVrbnDwnmagFxUsDCF4Gg6a8J8c8yKBtkPKs8NTVuNqwTtiV3evb9Up4cZFQCKRkqHjSN,0,1,0.6714259883940256,False
1785698486860,Cope,Ae9URKyN6XnSjsyRARMxCrfxmtEPa3RnjPGEoxVhfBdr,1,159716,9383722488339,1266577876,1217869798,-0.048708,1110810682.871063,1143461566,0.032651,As8Er7bwkkjkAAUpKj4wjs4XMtcsnp11676dCYEygCpcB8W6RjteX8dj1DoCNviXwPoyjk7yrMWxUoauk7jzAbC,0,1,0.8770172793315577,False
1785698510394,KOREAN,C5kNWXTYDFHi3Pfz3GpMYZz5xD7vzyv6gBTVhtxCpump,1,11405,28069169814486,1359200939,1685069890,0.325869,1039423376.871147,428547526,-0.610876,5CN13CHDFhKEFkDMC6o7DQRZMPrRRm4DxXc5yAgqfsVi3Ko2nWTbVBmKbgjEzbuAA1LuNLTgipktG2MUoajoJJCW,0,1,0.7647312086437185,False
1785698686913,KOREAN,DnJYJ6JF3jvciHVTHZCJdAEANhJNbdXdsNqkUp4Upump,1,1817,16075301954519,1086087951,192295112,-0.893793,665566649.681335,165183783,-0.500383,2VB9xfKSsC8Ruj4eV3o7DPKF5qQGGbr7JGsmFSmVPqyifiUeXypnvmAPHFLSS4cEcD5trC6t9jiiEkwDNPz7HgcT,0,1,0.6128110058384535,False
1785698849417,KOREAN,6FiB4SHPe4YehTkK5va8AVk35AkR1bEa5zeTGUaKpump,1,6414,20671541863473,1440904274,151395371,-1.289509,1159378242.719322,176071165,-0.983307,NVjQkufxG7R9eZs4w7rF5LJ4XU5ThezyCzuyyHRhYpPoUgcaRkkFEtZwbfxsxn4zSNDWhs5AEazJks4D8H3H4F9,0,1,0.8046185049481794,False
1785698922420,Cope,BTKPWFJnGb4wMWqADcbjg2KpLFpTej3UMSLaBhhvpump,1,11300,29621828256706,1269518890,878402855,-0.391116,851709257.690075,805947084,-0.045762,3RhU4whhsj55HUUnqf55BpwcMuZRZvWcZC9uczcy7wZ6dyQUMf4SEmSm4brUV4KZTQ154Q9dC4pGxa7TXm6oQ6SG,0,1,0.6708913623885305,False
1785698974044,Cope,2gN7ci9wg2PCud1Nt96wCuw66LvagVugtGxoirjbpump,1,15783,13288067303519,1266189953,471032725,-0.795157,503783103.229118,423275240,-0.080508,4AFJQN2HAvLkiuwz4QyNgQdzGJRsDzxMytkugk3g4Sr7LtBzwjLRMZ9nxF91Xi2LH88xYi6kug7S8bHWh26F96XB,0,1,0.39787324329615653,False
1785700064535,Felix,2sVBfRjgra2DE1v77Ubp4dpgBTAJJGmJk3FWuN4ypump,1,1896,40460983629558,3504079081,1363103956,-2.140975,1209834560.72139,1120707355,-0.089127,32uHicYqFzszxYqSYpbEfFVXZFUWtkjkttC8ytTPezzz7v1bwaPeVXjCs3sBr3R5cHFujiN7WTF69H3MBgaLv8M,0,1,0.34526462809627156,False
1785700151108,KOREAN,CQh4GVZD5PkPyYcZmnnbeiNhiNmDv4vyuKGNF96opump,1,1916,21910943235660,1417725110,335622119,-1.082103,639753602.931095,155830958,-0.483923,2a96WSQKD59QteT55DwL4BXRLgdwXeyejn79h6E5sbrSFDdci2YGhwSp9VGeNeRmXCADzvmE8aqqyuM8LHyVRd9p,0,1,0.45125363049476847,False
1785700177943,Insyder,CWJ26ME7vDgZbThh9y5W1BvkWzjiwY53iW34KVYjpump,1,1899,27630865380364,1317349538,1014009045,-0.30334,792950485.681904,753137122,-0.039813,2mtZ56pNc8WH8AMsvZrV2JuXpAVWqCc89SjqnKwkZ9eopYuzRNHRiqC9zLymGsjwKqkh1s36gdJ8qVx7ciiorvHF,0,1,0.6019286930375072,False
1785700184228,Kadenox,Er8y4Sg9aW5wc74anGhhuAt4MV61oX5sJPwsFkuhpump,1,1912,33267922536590,2122126394,2159153966,0.037028,961289719.096096,903433533,-0.057856,51wEjBeTqGqBf86hgQh63ycnpvGHEYgUrW91a3wZB5s99ppSayp4i5wEtcyzdac4GeLXCyvYTDhQp4w7pHASjzyM,0,1,0.45298419632968195,False
1785700188574,Kadenox,4crsnx2bGWFe4TBon3GXJD4fRkus426AH8bWsgTupump,1,1935,12692520433226,1907319957,2573626316,0.666306,360749019.197758,352295397,-0.008454,5QJMParkVrEn34b7G7pRhueXFrsaeSnm7NjjmuyAGFxQ9GT4yEVPpgTrMkjHN2jDozVK6vZeYZZ1MpHBSURR9AMv,0,1,0.18913922536897043,True
1785700211051,Monki,EhwXDY9BtLirFuWqHHT94aNEkvSeRwu4vxMYQuEqpump,7,78288,21083050528326,3087962322,1663161639,-1.424801,1938873177.176971,816163874,-1.122709,5Ma13h6iaNAvQBpakRBRYVJRT6YMcRigaZhsEXcfBnFBap1tvqmTBhmoGFd2BqNDM3srjBp2FEMMz9KLptSFGdbs,0,1,0.6278810992490377,False
1785700224411,Monki,7vEhwZd3x9vCXhA1DggW2zm2bxtKCV3HmQMjnPHRpump,2,11452,12176308503000,2869633316,2010442871,-0.85919,2257957426.692795,1737666413,-0.520291,57uXxpkZGZCsPtXm4vCVzeR1RZT6wQ6njUKp9eVJUuZEhvPj2J3cGmnK6LNDyggjgpV6uRiLGEj18m7PdkYN2KJ9,0,1,0.786845278838683,False
1785700363966,Monki,sjrJPmLz8m2VJTmqD1meGwmZiJvP6YeeCdV2fbTpump,1,1914,97545454545454,3078926880,3927915265,0.848988,3178624694.468483,2635334879,-0.54329,4jwWsQFUJKj54ZCDQqAdqAL6hJmNVMzUh8Mc1XeDuMmiSNnCpyhhCwvGFhyPbcUF9vBr1XdoqoBgXBgKJtrwPbM5,0,1,1.0323807022232638,False
1785700393096,Monki,7vEhwZd3x9vCXhA1DggW2zm2bxtKCV3HmQMjnPHRpump,1,17507,6351909608392,1051123759,2495425919,1.444302,928189685.461411,2202108092,1.273918,4K5SibsvZ71CARZzYivwJUVaTRu1dJKLFLoQcC9CcAHcgRP5SHVSGVKyvzFYXeLE7Du2LDV1eQX6UKLcVDGE2MXR,0,1,0.8830451005545304,False
1785700488179,Monki,4U4xwJbBfrfb3Mnn5ZEVTgXNR4xDsjA3AzQiWHAqpump,1,9802,4514713568645,362657471,1015005424,0.652348,193733729.049011,744604358,0.550871,35A8oXqQDjZBJTLJTMvTdDCoQBaWab2bmxjR6MLp2FjNbh1K9YUEX3pxBNZTwF13pDYocDBYaBJ559V3ZtyHX4d8,0,1,0.5342058127599169,False
1785700662000,Monki,4m98Q5THGQRDoaX91VSRKJkREcHqm6gxViEaEy65pump,4,22485,17102265654435,3308348198,925513023,-2.382835,1022021390.45401,573295572,-0.448726,2wsqh1uh4mrYWMy8e8zestgUhrEUW9PZQC9CbhjgVryS5BUAF5XZZXYxGrsvfqsoJddDRrBHbVLsRejJhsFqoRw4,0,1,0.3089219541860358,True
1785700757348,KOREAN,3Fe7eYZvVpxRjT23BUwHWcGwzSFguau8QmKUfW7Qpump,1,9975,11888279322982,1488803733,924648467,-0.564155,488912219.02327,374891494,-0.114021,3RJqSxn5JwLn8zx1iirNkkCq4PgWTh5znrA8k8dMjjtT2q7ELNsjf9WwLpApPLhLKwQ4Deg5HXkaZmCY5L7Goouc,0,1,0.32839266062162004,True
1785700798797,Monki,FuqRr2tqAvsx9xUURn3G3R7VpwTevWXWnfEEHacnpump,1,9669,25192116176243,1668640593,1598800864,-0.06984,1527284713.963257,2059428041,0.532143,1bykGTMhmKAdGcHt7bnL974in3MZfzmmbugpYBDr35BfiV5Y8Zg4Bg8urPbToHMVuDJ4KUx993dYiQN84Ds1PY7,0,1,0.9152868031439872,False
1785700810163,Monki,DQyKzQUCRsBMdE9vpn8xsQT1Kt1a3aMvDue3EVyRpump,1,1905,97545454545454,3049017360,3960627123,0.91161,3215549330.389622,2760554213,-0.454995,3R9Yeae9UExzMUfZqMBkgKouaM3SB4B1Cki72CPjZjddy4upXgysLWEvVvUq21eVGc9U4MsrmQ1sUiKqUKG8yZc6,0,1,1.0546182427736726,False
1785701009565,Monki,57xVw6kPavmEJqtSMdUu1KmyCoWLMQP5Ntwhg2Xxpump,1,1903,3564784053156,122760400,84245000,-0.038515,103324946.600609,102629449,-0.000695,dgBKYqNMpGeuhnRDhJjQScJitxBygB2YG5myCtziCPtP24NGsJ4CqGWuThcrEyw6FG81swcfSC7QPGLtUkGcF3P,0,1,0.8416797811070101,False
1785701044652,Monki,D8G7ZB9M6QUi9A8D77o2rMAEE15GHq4SdYiqyuYCpump,1,1917,3564784053156,122774320,84244999,-0.038529,100000000.00333,99337748,-0.000662,QARtirnkMQXXeVUdoYTPXniYgp9bBSALNBpcwDP9Z8kJcgS4bbidt7mEdAoPypxaFvH1SDcaZJTp4aM5dEVuuSF,0,1,0.8145025767874748,False
1785701142979,Monki,C1NJfAW9gSrpJ5bFNcnLsDvEGFs3bmPTPxzfZTw4pump,1,9850,3564784053156,214300000,84245000,-0.130055,100000000.00333,99337748,-0.000662,4e6jkm2DAywj7BPzrSb6tdkUa7GnBCg5aEcEBLdK8TEuzwKB63hz836vHSK86fGD5Fy2btaYqavYzu4viDNDFz7U,0,1,0.46663555764503034,False
1785701216044,KOREAN,5VjMJCpJ1yvot8j4u9BMExjZyLxpRgyBt5zNvJsfpump,1,1923,7149391211925,2287258939,99801227,-2.187458,214427580.142292,60065209,-0.154362,5Tcwi8qaJXQpJKBkgjUpkykCfTPLPsUTr1LX4z55ooLByErEhWfpwzkRjQeG3aR9Lu2f9ib8TP4VbMgcMAnsb39R,0,1,0.09374871226256556,True
1785701344417,Insyder,6n9yez73Uhphq9Eb1yJk9gPzMrJFxWTsTjsXAfaXpump,1,18074,21184999642457,953402286,753440992,-0.199961,634557126.271908,609394547,-0.025163,67CmjvWWPaqQZTUgSQiH2metYXsg7p4mw58gNa2xhSxCqc1zcLq4T3vv2rY5dojr8EY1u92aC2QXqUEQxwsqs7qy,0,1,0.6655712238054231,False
1785701583229,KOREAN,CHka9oeDcK1t47gBZmdz6WRFJEMHN5Jr5J5gHqoxpump,1,9408,1967020238002,239805001,2018912000,1.779107,83715538.01416,2536804713,2.453089,4jJ6mp8BWse2QvFNZSns7yYw99CfHxLLmjrk7cZZyYBTMcd5FAyKpVTZ9UxMRhxLsCG2n2y1DUqoCvTzoKbfV9e8,0,1,0.3490983827070396,False
1785701637416,Insyder,5UqpdaarRyVw8eCh5vF58LkMPm2mG1SnqyNPNscPpump,1,17840,4090089159975,423383018,1087599591,0.664217,334174482.841599,612185262,0.278011,2abSjeKnon8QVx326CxfVj6RP8spf358Nq2BknaawPpNvEJoVLBm1icEvA41UnrgPT8mL3GdhXX8755uX653djW9,0,1,0.7892959061518121,False
1785701957748,Monki,CFU2Cvn3Wzb5tG6BmL2AFgmGtHDzRVgBu1zg7WTMpump,1,47596,5309888045764,990029001,637498696,-0.35253,851943266.636688,596993907,-0.254949,3K3DgRSEX5Ma7Ase3tmBnLPRb19cDojFCnWkdpjvd25StwgRK69Ak6QRaLfF1FmEbzUxRpRx9gGefs8gy3VZsTCR,0,1,0.8605235460538676,False
1785702193113,KOREAN,9uCwat7ko2Rt7jnNZr6J7ZPRSm8oAdBei17XexE1pump,1,1938,2064719256139,221105001,606291788,0.385187,138399192.268921,488482473,0.350083,JcEGyea4Z5n5mdvgjwJqfKuQai1CXMLpZka6hn8PTG7BDpZzwhzSND5WXj4NGod5AwRRhwiHog1Tdn7JDbMSrnH,0,1,0.6259432922954148,False
1785702205738,Insyder,ASveAKws8n7JZHh2HYwyqQETWWnUMy4fdNzSy7WApump,1,1908,23415098049639,1221527485,822853378,-0.398674,703594827.070667,672806818,-0.030788,2cUCc57skAoQzWXvsK5EoCwoyzTmVbdiXmfvF3EokEWRo4MJxheP7AJvDoR2SF6M9te8tthD8NVYj6sYU3DBjuJm,0,1,0.5759959032527762,False
1785702407722,Insyder,2tKgLXZ1J2xEpbuG7icQJ6jY1RNpLiCEPBbRG3z5pump,1,24682,226223673915,37295484,1498778311,1.461483,24806947.2995,1839324814,1.814518,2sJAAp9AKR2FmHynC1Hg3eqAowhPiemaHGXgAHHcp2bN25AXmA2jh9v9HbTNyUndwWKwsKrSnFSxJfsudzAe3AdY,0,1,0.665146142077148,False
1785702520734,Insyder,5NtbjKCpcNcAEkY77j8PhGfeJsj5NPcEoenSYpZTpump,1,9390,12034336104353,824741094,587012714,-0.237728,442720839.731361,354109492,-0.088611,4GMPcg1CeUvSbcJemYRjEA26yVSVsQ4pDjq59noeVX2vvy5DeTHwURgBPx8oyyABWuJv4j59vXbS79kjxdigwM6Q,0,1,0.5367997823221853,False
1785702585417,KOREAN,4bpjiJbzs68MzPU73LYx2abnrNCT853rJw95SaVLpump,1,11389,20450589614208,1430943242,393155691,-1.037788,691529077.390694,199622404,-0.491907,3LAfLWxtPC72mBWi8L7HMruFwsemb1vo9d1mok267nBo4xyTvHLTLQyXvm4L6bgzFpHfvP6cSEcLJGHe8Auwsyju,0,1,0.48326799910257656,False
1785702590996,Insyder,4bpjiJbzs68MzPU73LYx2abnrNCT853rJw95SaVLpump,2,13851,16477730564542,1188296314,770197461,-0.418099,585243013.974121,699571499,0.114328,4hNz1CgMPyVjinmM4sXF31tSusP6HPssELtUZYaHdrA7Dk2p6iF9d5NxHvPMzstCDqRAbPv55kba6X3gtPGaDSAi,0,1,0.4925059575453004,False
1785702938086,Doji,Bbc4Evr1QZsmPJsdSQRyuyCPvjutC6dH8Ahf37sEpump,1,9296,30916023437956,1848621516,763549175,-1.085072,1441666513.187424,970668549,-0.470998,4BTJDEZjJ8PUH3xH9RvbSvezGqmkc17VmdBSk6meTc6FsuJ1W88anrh1FiawFzHQbFiMGzeMyq8SCYheG7yUaUsJ,0,1,0.7798602908760173,False
1785703107082,KOREAN,DV5W3UFyXpMfbMT9NnCS1dKKChLAXBeAeiGz2wXMpump,1,9251,8250940960130,1379525399,252338758,-1.127187,1121172326.980057,293513636,-0.827659,4HAY68icMyXX3CiUd3JxURozpkDqffmBsYVmne2t8bovsYX3BKzjwUD9Y7ViPzhX1iz6My1t9BitjGJbXT48YVVU,0,1,0.8127232219086218,False
1785703204051,Insyder,3AYKLdim4iEFk1Kkx3Gn6mNXyy3v1e4VdBQmafBopump,1,1929,12373518636454,1176304469,714224025,-0.46208,1024054412.660324,961653216,-0.062401,2VXsLeejhzcp1MbfbHRw95jH5r5JtP4Vf8h2hQt6bUTf85CwjUd1CsPYbksWV6bdu6Ncq4RUzAgRmFCYt1bvac9R,0,1,0.8705691763042379,False
1785703366201,Insyder,FTb8YZgkadAMpVzdKFd5XZJxJdX5uo1amr7a89yrpump,1,16947,19498459488122,1163206939,672533730,-0.490673,722009206.915314,917919570,0.19591,5vMXwYdBmEua65Y5nTxSaawwoHVFad4yitbcJMNzib2cq56uo9sc8WKk8pLHRPXsrPsuR3CNaXvHqQgaWUx26eQh,0,1,0.6207057254455683,False
1785703650378,Insyder,AhawAz5WR4oR1WXY4h6fEe2SVpRyV1CZq8WNBVq2pump,1,9154,21412001157313,872445342,509632511,-0.362813,637629068.413624,309033860,-0.328595,36zdPyDJYR8uVxxe2yHS37aoEswFHZhHcsH6hrKZuQdbwB1TsWXnYwjfrkmtHaXs9kWu73iPR1ejWLoJs5oGbpZk,0,1,0.7308527396706808,False
1785703830082,Cope,jA1ZhMPHKdurA1pDgQy288iDj64psgx22SMbgx8pump,1,1714386,9770430176895,1266522118,2942881214,1.676359,1183933131.30526,3367007322,2.183074,4Da4aazu6nXZXBx1k559TXNk5edVR26fgXGDT3ayrmM741vuT6REtrPWKCo7MKzjyBWvmUvjpX1Q3rmrKsNHGvaV,0,1,0.9347907268882453,False
1785703923797,Insyder,AvrYM6e9MdWnBCs8sLpuWkT2KnyGrPfrfnVVFtfCpump,1,16499,35699296762138,1316611130,1205023042,-0.111588,1096056755.474171,1023438158,-0.072619,4iZ4sh1wSnzfyKWbKpmhP2jCSCyGGd4EPUnh36NTevRBDQhCZF7JUPpQXa5mmRw2eiDuf7Ax2443zB7KezVV6aCS,0,1,0.832483282648667,False
1785704425105,KOREAN,4mggy86tQYophd4qHWiRJzR8F2pzGyAnUZWzfWsGpump,1,2246,1629616546784,100497519,264185195,0.163688,83248564.213463,221082212,0.137834,42xynZ9YY3xRCRHfdDCzhQdKrAvu3sGHE5UEtqBHTA4FvvWxeURtFEzuNZELveF74nptafEWdApgZm4nPgtPxNeW,0,1,0.8283643719947255,False
1785704629667,Insyder,FeXwV7BxSgvdmWM7biQYVH8BEaCttxJfPDjtWkAMpump,1,9709,22565791365518,1142994755,909236027,-0.233759,708730738.354752,655181161,-0.05355,5wKXFa6Q4zSGRwjur4UA7JkAJdMx2GWLQwg2HNX2Rwg8R9LscXjjf3Q1k6SrGPyNynfYcdSgFQF1srtTiyLSSMFt,0,1,0.6200647336782853,False
1785704730509,Insyder,6mBbqVBey9j4GKshCu98KFTGwbuJ8TfvQdtCxjypump,1,11556,37386551327812,1325865343,1049651236,-0.276214,1132650061.574276,1054739597,-0.07791,cvvAzqBEGpvKyoe1KXB9ZzK4EnRL2vBBG8Eun99ZnEJCyoiRjVCfyrkCkAwK5BLiFi5Gn4C9SVGFSu83A1FC4bC,0,1,0.854272319247337,False
1785704779413,KOREAN,2XtEuWfRgiXoWGNE1EYUpQ4hTYkXHFeL96hQB5YVpump,1,1895,11397789160389,1491775384,301245055,-1.19053,759730875.802048,197749424,-0.561981,3YXXKiiKdUJ5MuuWFaiZUEeAX3TChjedemt854AicN5MRLyUK6T3JtGGdL32469vCZaS9cPvGkXku9TfVEz6GVxS,0,1,0.5092796703515305,False
1785705211275,KOREAN,7FQc8KJvyVacoEwrZzus4WuU3ACB4TYThdsZJevgpump,1,2287,11965823776263,825298847,168264223,-0.657035,558644637.100616,123969078,-0.434676,4tiXK4StH6qxgxRtuUAF6GchrW5tPa9oaAD5XE75KGLKLrj9dQPzUV5PM3Ej5s4ezBbSML7CsP7uPEm5dRFJhvLq,0,1,0.676899815298804,False
1785705230671,KOREAN,9EE2uEyGY1EWVn5r5LBaE1qhhd7xGEejmyzhAoUf666i,1,9395,39203821732566,1662045348,533858652,-1.128187,1200021391.901752,285424242,-0.914597,27zixNvH2zjWQXk6ySJpuCY2SmTbYf4YLVRMMyqkrVhARxNQ667QTHTpzNDB9c4RiUiZx4EERxByWiyPLwactzKk,0,1,0.7220148315121375,False
1785705272989,KOREAN,9WQyBz7Wm5fptgYuv5KAoDsUg4SoT43qGapVZibVpump,1,1903,11365948607146,1281903095,263431611,-1.018471,519916382.964096,102894248,-0.417022,e57F1w3HkyHCewPUP9ahqsarM8L152JVHqT63Py6izjYqGCD5XfrNfZFg9Am7kRiVF8jkSL39YyYu9Ezk6mB9Ke,0,1,0.40558165823298525,False
1785705342914,Insyder,4EDzWMKvoXD4iYePHKpM4SQtWRrgeGZX5AGDzDLTpump,1,10091,16102597965293,888051805,629871216,-0.258181,614994757.52433,492689440,-0.122305,4bx1W28r14LpcmmGxjwTiPRcjGFFc51mMDccj4gJ69XpBKMkuAFCmnrvXrQALdghAC7Q8khTawfeGdvfNUYbDsiR,0,1,0.6925212629057491,False
1785705425349,Insyder,PvvbRNn1JgoTaEQhRbdiQMaUXBEKpEezv5BnVavpump,4,17091,1591808394057,181035283,2169087920,1.988053,68693823.05088,1338296693,1.269603,5KF1bP8ewv8eM4Rna9VCMoomQjzcAAx6gC6KNwfMxwFM7W2AWp6hz8BncMihusAd7Szi5JWfRsnVT5oijKrFHvAF,0,1,0.37944991668215305,False
1785705435582,KOREAN,6QJbXBhPaaK2vM1c8zXxySpLKoUKLqoVaumgbSaSpump,1,17146,12318651795506,912475031,748858934,-0.163616,794945708.560814,1558630349,0.763685,wQwEAXSwwYbAELzfJe3UphbdAwLFJU84ZMkTJDLAX2kjpLBa2tB2XGZaumvTLzmU56i1ZsZ3ijzR1ospkKh7B47,0,1,0.871197218064824,False
1785705471411,Insyder,6QJbXBhPaaK2vM1c8zXxySpLKoUKLqoVaumgbSaSpump,2,24396,17168244013523,1703701442,1413375277,-0.290326,1071411711.115105,901177922,-0.170234,3bGULjJkrTVvaQFQNh4BYbXSgK6uqooD87vANsB75fLSTLYPRgksjRRPH3WgcwZJSvkhd5oc8qVKxLLpQAhYz3hJ,0,1,0.6288729261491727,False
1785705487661,KOREAN,FZMdYwmrPqN9KRbm7wPCsBNDRLQVifavYGKsBitEFDog,5,20462,37250820996746,2592823442,3117513521,0.52469,1379695050.953884,1068194145,-0.311501,3qWvcY1qDH1RFDyUE6uPuT39YvV3T95rXVmiwxgTouVo8wzg4yNzKiqdQdb1xdNwh6yu7De8LDh1NLMfxYAj9DVy,0,1,0.5321207100355597,False
1785705506589,KOREAN,ECGu8MDJD6GuPnQ3nPDkTtp8XnGz4fUR7Djhgwy5pump,1,9264,18065087402347,1327018214,350005018,-0.977013,818585233.152382,187266487,-0.631319,VezXYg3XNCvUdcmd3zqrUi8nYKcLhHh74A6BHkCsK9JgTNzcKC4GFnz3AKXEbX9SXXTb3pLywRW8XgVAfRSYmoC,0,1,0.6168605860238645,False
1785705563218,Insyder,3G4EYycAaozbshMtZ8BdCM2aB7YHBhSFUoTKFL4Spump,1,1932,18870299434350,751586325,622270298,-0.129316,564793365.513313,544786405,-0.020007,45gsWaeEn6R3ytEL6eaPowDHoa8sTFoGDKSdcKC1UUXSS8kxYcCRFhsKxDhNgYearLuYATfFx9bez8HwUehaiQjD,0,1,0.7514683898929548,False
1785706124500,KOREAN,463pPc162iBg5mE3uE5yUZmKZHdB5XSwUFfEHa1Qpump,1,9289,11482692437579,1224433244,1648304652,0.423871,849608824.903976,588464529,-0.261144,2zeZ724B4DqQEemGryhUdscnKigy9Liac5n67F5f2Crz7QNNjTUCsdAn1FdRZaDg354b8cZWpS3LACJevVeu1ByD,0,1,0.6938792531706007,False
1785706494492,KOREAN,C5nvwzcWrHmWhXBFpWyPkmFkpWiN4iVfHYsB8aBopump,4,16087,10414972474991,884420004,115445987,-0.768974,374290944.861111,46505462,-0.327785,241DeK4bsGTRLVsXQVEdN3C1T5prGpMxPHAkpsvz39MzuJb4CKikDAgka7EWwnuZJ4zLR9hUMYSi83ncNh8ySFyY,0,1,0.4232049740714718,False
1785706532700,KOREAN,DimMeBSs7zb7FzExXbc494gLJ5hRkgPivxkCwzWQpump,2,12020,25860991475089,1489906616,1055743895,-0.434163,803427724.071636,937879315,0.134452,ALtP1UTQehuRLcccCcdQX1LSpV1yYbqyD8uvQekKgsbYeMfXhbihMKrTAMNNo1FnH8ByrqpagnvJks7ETx4Zf63,0,1,0.5392470343065018,False
1785706642915,KOREAN,6csDJHWEq5b1mosfFk4onCfKv6PXArLHozkAWpK4pump,1,11299,11325074002643,929681492,762890662,-0.166791,373564137.703445,358603362,-0.014961,5XJf7L5qVtkrNsf1oC5cXV5JGxUPitNt7uWrVLZyVy6p24piSCfLFkeNJYqh1D4s6sTbYS2DbRHnvnXFMH6B9L74,0,1,0.4018194843266225,False
1785706646305,Insyder,6csDJHWEq5b1mosfFk4onCfKv6PXArLHozkAWpK4pump,1,11615,9954432770981,904681885,508328909,-0.396353,309124256.69738,315629292,0.006505,2iicVBeEEjcnYDhM49hBAdHosmkWeebXyzkeQdFXjQTjp448WWLJzxizQvvnazb9BiB19v6t8A8nkny3GVX6txMx,0,1,0.34169387253441025,False
1785706703252,KOREAN,DSWMC1EBx1Q9Ao5CLMzWBFER8gskdLhD3EbCXVBMpump,1,9655,12072880616517,1231786681,221518345,-1.010268,579930021.836296,179741380,-0.400189,2KpPoaWFZKZdMoujWwaUf1t7oAdQRSEPy1cdERRDz9piYLvCrdDLmuCk8WZSbtvTGitR8u49Vvza7eunn48PiiNQ,0,1,0.4708039393359019,False
1785706714724,KOREAN,7e9yzizBD2AhvFFo6WXahMoUp5e26Msj3CrMXy51pump,1,1927,11767150216930,902013228,198985321,-0.703028,446586343.823807,99509867,-0.347076,3iaJxLS6yun7Fp6KuCfraupSB12AgYrcXNazmoUCnsEjNFbYCc8CahaFGva3xZurthbFnXjwDq4fzmf1cWMvHzzH,0,1,0.49509955060637645,False
1785706781983,KOREAN,F3FQzXPQtFHpJk4Dqe7JCFWBQpKekHdcnAyfwr4pump,1,10280,25376644457695,1701607091,339017414,-1.36259,783664545.462879,188821406,-0.594843,swzcmCvYwfmB6NTdn5VvzqVpDT4QcJDrv3XmEbDieKWrZvnPDZaVHrimsNNNBAC3VQdPeYpcm9CGWL9YoqsWya5,0,1,0.46054377042019445,False
1785706963336,Insyder,CWfLnUxHYJNWSvb5FSKDBfm5RADt1pxLTgmwNbBjpump,1,32042,20197513597448,1111763745,714214475,-0.397549,1029951988.511681,636422134,-0.39353,BJsbruVv4niywbu5FtxZXdD7Q5kVJ8RnSQk21pVEmDYpjvjP3m1sYwf4ggSnZzL1wEgdzR7gUoCFiXkHt2h35B5,0,1,0.9264126422036554,False
1785707009301,KOREAN,7eWDhpkCCDK6Samji2GeNB2aMJkAc2Xeh1Pi3dUkpump,7,29620,26172751871824,3496378987,663658426,-2.832721,2074989852.454445,607787803,-1.467202,AYQ8oLvL37yjCoQAFnCX3jYYWtRarANYF8XNnbuigd7wKswYiSiy9xRvtxgdJnmoUX4sbEBvxqqYtmE9ohLDNxC,0,1,0.5934682310383205,False
1785707156084,KOREAN,Cxn3j4epRAzWmuigEHsEX2GXBAitwWpTb3sCy9J9pump,2,3801,20512699134569,921548044,225282380,-0.696266,797504575.199074,187646983,-0.609858,2ZJnveRq1FFem3jtbRfLSR9K6men3QXDMzxHLYYg8a9qf39RzoruYCJzxGQ64bwb335Wx51s8drQkujFRseHNtc9,0,1,0.865396633839607,False
1785707206522,KOREAN,HzVrJbd1VuE4vzJos7sNXzMj2HFQRCR3anxxPCkJgvGS,1,1920,21996113902347,1426605887,288060635,-1.138545,966684714.610603,234054549,-0.73263,4aWRkkzzaDg5jyBmZfCS3KaQkm23XaWCXzQsMk4tQRSBJoxHZX274EaQCsAMqdoHMBgwjNF7CiZoyPEN8dMk3LBK,0,1,0.677611611882128,False
1785707489464,KOREAN,r2ziCP8SmN7C7gThhMw9ecCcX7eJon1ERdDqb1Hpump,1,9426,21309917806075,864414833,825719571,-0.038695,638580172.626247,613107790,-0.025472,4ZcKXSrvSnUK1fXCfHDewQ9Hnma8CnztVefnhk894uDu6Dcx4iGVZjVKydd1xZDxUo6jRLRxXSMXPBNvRQ4fh7gM,0,1,0.7387427288932779,False
1785707845106,KOREAN,7AscfStQb16xdADmRv7qG8be2XvdVYxrHQPE3E8Yo6rG,3,5748,29975570768553,1070136493,1081237411,0.011101,978663270.251431,927073361,-0.05159,4DMYB8pSgmq6SWBiXd86Ej9KRyceJgegBvu64SSuZU6SHqKta4FVL9uN6z7tk7fWwKqKLPffKJ4d1YCQUAK48BZK,0,1,0.9145219106656809,False
1785707997215,Kadenox,A497X2VxYXVoJ5pWtVtfVVCrkDVN4syzELCZM6fxpump,4,15587,13680112961866,1491661085,768987760,-0.722673,1225476784.265213,731326753,-0.49415,3PY3vJ2qPvg5vcBYHGAmM2SGDU9TE4PzBkAe3vrudt9DjLA2W6jCvo6UtGLy9gxs5E58PEhEP5VbQUDi5sZRsSMn,0,1,0.8215517563530278,False
1785708032672,KOREAN,4GcFs7XoPj4S7uHK77yqS1mgRK8M8YXBH2vVSUSJpump,2,11803,24305222532262,901478558,212061369,-0.689417,805411188.174221,176522112,-0.628889,3Urv4RvEorQS6Vp8MMbRnc26qxMiWUh7N3K63tC5jgXDAiZbPBNkUEkyErPdV9yMUH6pcBf4maUpQczXGBvy8YgX,0,1,0.8934335498351599,False
1785708076954,KOREAN,2s8xKatS8Erpswir7xgk9Xp9pKtECj6Sw3xyufGZpump,2,12535,34126329317372,1887860664,428637378,-1.459223,1056267906.401314,278837793,-0.77743,DvQrQxYUeym89RvSnXFM8fuaHQhHxdPDE74jW9so9iBy5W4rdAKNfozkwQ4y14GSu5F5QHeyDkb7X8CyUGYtPz1,0,1,0.5595052254350663,False
1785709049426,KOREAN,D59gRPs79cPdUHYyVyVpsgDWqqiUnyyw6Bnepktspump,1,40385,6009521456384,2134427645,67636930,-2.066791,1909303915.697205,71575582,-1.837728,2nZKLZMJLmT74zctkGrxSeBxLUFzBNspfcEC1q6ttpNg4LnchRKUtccwQuqXgtsNqgLjWkQXqeLnmfrJj4iryY31,0,1,0.8945273549889788,False
1785710214734,KOREAN,DyLzkdmnzufrdDFUHfEbXQodNA3mScYzZ22CjY3Vpump,1,1916,19133294188572,1522035699,1669492306,0.147457,580083078.773647,559125047,-0.020958,3FxMaYVpTWC1vtpSt1V3AJzDmKiW1gsQjSRcGMQ6Q5ugZbni99mnKfoQHBszJ7ga3spzkNnYKF3f9UgpirCbq2f4,0,1,0.38112317546478713,False
1785710398586,KOREAN,5TZZ46PcaGnVkPvtJrac4vLMKKt4kFjyxRewYTRApump,1,1922,16940392259052,1181836988,224382996,-0.957454,498006665.05225,121246995,-0.37676,5MhfnF72jCQMZRj3AVss3bGQ2JSoWjxcGBjp1RwX4DPNHcW7MpZnUe5QxRsG3CKycoufdQqrz6ejmnb6QXAmg5TU,0,1,0.4213835496002009,False
1785710528461,Kadenox,32W2eP1gNW2VQWMMvvygeiwch2f3YtxVCsEmBgaypump,1,9542,20055815951071,1885725092,860901440,-1.024824,716449578.047157,647513343,-0.068936,4TJd2V8X34cQjbhbGs4ZkZoPDaosTv5h1Se2hMQpisu5QGR3xdc3sY9mniQ27EeftsRSxBj78sW4XQKkSYMj6foZ,0,1,0.37993320505020733,False
1785710688385,KOREAN,2cyqQWJrBuwQiQVnziBEzVf8fTi6kViD1xeQxFpipump,1,9714,24168405244353,1685370381,661427227,-1.023943,863448723.531879,246532452,-0.616916,4hmE4sPQVtzHq1kAcpEfTuN5jJdGpRG7zTPwtFvxqWiiu7KYEAsfukkSZGh7Ra1upuwCTEFSfeBsyKYuw7PWEGyg,0,1,0.5123198634946694,False
1785711059986,KOREAN,AKYNYQpeTnEyX2bTrgZpnd48GVQrrQ8McSESbhK4pump,1,9348,1942192841629,221105001,404333903,0.183229,202072380.826927,421808915,0.219737,2A78Djkdt1GZMafPk3YEKQAmWXDQwVDgrksmvWe3wNPhJNQ9hGMHs4D7hGmMFwNgp2bDibt4dHFJ3sdzATkrggBy,0,1,0.9139204446439771,False
1785711524377,Kadenox,6wRw3WbozhK5Pfq2CvynHvsx1WuU68i532tSdCwapump,1,9711,28517714176298,1440384665,1531586321,0.091202,1129266352.127892,866401298,-0.262865,3cRqyWkpZwXP2h8tz1MfqVam4EvB9Six6X3quzMJPhT9dDm9CAasDdsyJWebN4uuXHdXdQAc3zKqP3nG4tiTmeBi,0,1,0.7840033149255251,False
1785711726224,Kadenox,AT4Fhp1f1Lprkouahic974DCRVsZMLeNGTMQ7yJypump,1,9480,21334058600778,2030386131,1800856007,-0.22953,1787677323.676361,1724988835,-0.062688,4SpFKymzwTEYrfRWyLrmXADvVsAP3FiPGVo6U1kBBLY5YXEn3hpqHGXJ1JfJSK32RQszwTdPcW9bsnz7q8SmZA3j,0,1,0.880461748818142,False
1785715168143,Kadenox,J9qyKqSgteTApgsfrafHWbMuEUJzwikBq8S5Pcupump,1,9414,4603420853,1552279,1285615678,1.284063,432026.031235,942500312,0.942068,5CHRB1DoUEBA7RX87Scqnh6URGevuwTETk7pCgfZZN5VRTxyS3G83iLr4p3yEhGYeghWFToTZgDcGGPkzRGLjvqU,0,1,0.27831725561899634,True
1785715209346,Kadenox,9aVvU7mzoNaaMYpbMN2E74rHBpxJttTr86wpqMUnpump,1,24510,16316013890971,1433403492,907946823,-0.525457,1197463095.137192,671503755,-0.525959,4NutNyAb4MC2Yhs1AksdzVnDqNn3cXUVGEzcpZZHYU37VTJR9oNqYDyVtmCp38wEPLUdrNBzoAukQy2tJiiBMpQR,0,1,0.8353984776933918,False
1785716074416,Tom,CecmaCJvHUzKJJnoNtZe6fbqnqih63N6K4E1sQCMpump,1,9483,15878295652574,1602005001,1377115097,-0.22489,704500500.751411,786484491,0.081984,61tjMCJAEyFSeMRd8WHatFBR1evkAQUjvNoDmjpARGem4GMLMiQTZvJvixaF4M1AVKTQYm2okSjzKsFQNJU4CCTM,0,1,0.43976173626901865,False
1785716186009,Zuki,J6w2eWt2MLSjgk9ihhmS3owcuuUk5ueoniX3oA6mpump,11,295606,8669922466410,1461455000,3477143898,2.015689,1217148805.858749,4043429577,2.826281,39YcxzJUn17CiTiYmSfiw3e2zjuaMDGQpzFBwgkT2u8PbgKzr1GA67MkRFQvLD3J73Z2YtxQLRA6b8uB5D3gcWbV,0,1,0.8328335842422442,False
1785716399911,Zuki,8NRyAg4E9RLKF6ZUj7puKETZQU4KYBjAB3uwEYA2pump,1,72734,1578773796244,239405000,2118159328,1.878754,224463763.604309,1994788954,1.770325,4DcXwTK5in5ywUbGk6ACT1Q4qiXshg359RQFRdNNGxgUjcjGKL9zd4kfSDkwzNwS2uxyKUZA5qPnB3uU719d3JPR,0,1,0.937590123866707,False
1785717132891,Tom,HnhDWevZ4dUgUEccgEhHAcgz3wgBzwhjGVY4yK8Hpump,1,161512,13125448350492,2702005000,5796516284,3.094511,2329547958.694321,4761000546,2.431453,5yK8Q2bdc8whTviFHvSYaN5FYQZkJTDKwQXoLhSNZL1GUfPhhv6fa7gtaf4xyqYHAf49ofaQnq7q8bVy6MZP74N9,0,1,0.8621553101102037,False
1785717368735,Cope,FjZVZZ6sP6SVVPos26nDW4grNQBqAohwCNHACfCbXsSd,1,32462,5712969470515,678720349,1676325410,0.997605,650096928.947441,1585086011,0.934989,5Wnxq7Ao8BNx47CVKJRcpB4JinxX8C64rzP79R9YBnPKbNoCdF8UyiTAR8wVGNK5Wg71zKkbSbGHv8xmuaBLMuq5,0,1,0.95782737309301,False
1785717826399,Zuki,hfvvxnHy7S4R6zDHbtJ42hWmy6UtWVqzBAAEoAbpump,1,18762,5322385085008,239405000,167946594,-0.071458,173801541.668911,153673133,-0.020128,4yLW3V6QaCzthpAt1CnuFfuGWLfdQong5wEc24hui8aAj8h5iC8qBQAon7btcKkiRnMdq7Pzuxxf3sVqfZsTwEkf,0,1,0.7259728980969947,False
1785717975531,Cope,CUQFTi4ULmEjFcLu3XgwqkaoC4x5g8K4cFHMNrEmpump,5,597180,3089485805882,466047032,2814785438,2.348738,425007343.627083,2758883871,2.333877,5wBKASZB6RndJ8sosBU6HaGB1DYoskfUeoS4hM8APz8oYbhXoN2BE84SJM81vg7BkbK1FNKerg8DQVi5V9W19pcc,0,1,0.9119408867452738,False
1785718142903,Zuki,HGAqihDVEZSrRaLKHMdJdYByYMqumQhemdA27EKXbFzn,5,179302,4344822348379,728225000,689127188,-0.039098,625699153.286987,956405857,0.330707,3iL75UJmjKQv3cCt9Bi754uYze6xhXf7M4KmGta7NFNZesUQyTxh6cMYrFYDbazMHJJfFnQ6fJwanEkcMsqcZ58w,0,1,0.859211305965858,False
1785718181636,Zuki,G6MdXah3UmWupUGo4pmbt2635yXWEUiuXmyJMmwsbdHb,3,13236,35412562391895,1245118313,1241123040,-0.003995,1092809224.33091,1002351448,-0.090458,3AGYBHwjGUknmMyn9NQUxNFW819tbMUFVCQS5yJQBscbTKz9mH2vp7NN4Fr4jr7fMxHj1CVzihiyfbKGUshptx2m,0,1,0.8776750072030384,False
1785718476659,Kadenox,A6FQbx3o3XUbzkyL1S3fnSyFg7S7WUuosWsVqxJVpump,1,17380,15967522964368,998284374,1061574086,0.06329,817600759.240921,568694204,-0.248907,4mS1c5T2YxdKXpWaXAkSjhNhT9hxNLw9NMnAAW2TwtjNexEdsGJwyscHQMD816bw3siuR7o7moq9dQz196FHwcji,0,1,0.8190058670004996,False
1785718564830,Cope,HGAqihDVEZSrRaLKHMdJdYByYMqumQhemdA27EKXbFzn,3,341348,13516527748278,1996693219,755319645,-1.241374,1902992535.94294,865861802,-1.037131,4B4yaTNrCauQCFCcQ3S4euFr7odcaF9u3H57yBPWEX2i7oK8dUTEmnVzNPNxgeHcayvAtFF8MqRgx6vtJNjqk2Pn,0,1,0.9530720682749712,False
1785718582423,Zuki,7Su1oAzNcc9Th321MJWduAeyEqsKWSbedVWZPZAXpump,1,44227,1422710950574,235406000,2691117190,2.455711,154250372.071701,2745564992,2.591315,3mezgwKDqFtpVhuhFS3yVNdWtB9QT5Qq6nNs8bnCLzt58aFw1KMmjyZKxbSubzxWoxPCWH9DURQoqzPHQ6qPHsQq,0,1,0.6552525087368248,False
1785718985141,Zuki,3FoxPDjz9DG6BJYBGEJ81TxtLASNi9tBwVcLWfC6pump,1,17004,5467848440239,239405000,1403223579,1.163819,153688167.470055,1201333978,1.047646,5dG3PE9LdzS8NRVRhwNhjCaKQ9ooe5m1182qauLc1ZDdUyhBLEZXvz4cJGMxdHxrRrHK692WwVSmzHkD6gdbyNo4,0,1,0.6419588875339071,False
1785730281271,Zuki,7Fh42xN9R5ktd7cRhqfmqbk9aQr7GDSHpkwJLUXBpump,1,1974,1614225909321,83045526,1459180163,1.376135,45200153.363628,1016709883,0.97151,3JJRWUEEidHp4r8HpEPSH5YGQCU2BVxpmLiFrxmLBtiESd3juacU66AZszM8bN9raRMv9CZFq7XdwWVQDcdQvRMm,0,1,0.5442816192605969,False
1785730289380,Zuki,8G7Mv9zEnKtkpn7bosRD9QLRJCqech4S5eF2JVqqpump,3,5819,28844833705165,1239566481,1186000562,-0.053566,828728544.030853,785360139,-0.043368,39EDjqttkU6VnkLUY7q4cd22xwrrE7fTQi7UqSGaQ1QdJjyPKcpUF2Gh6a9XFsV68XKzSNAQ66NKVrb82LKKNkEc,0,1,0.6685632087778703,False
1785730297804,Zuki,23wpjuGVWyGyvy6XzVhoTNJxqUJ5esvFyrjXriqLpump,3,5821,20475101195536,1421938577,2345571670,0.923633,925691741.563988,840350574,-0.085341,39aaWcEaXT2FPdmTtaA4v7DMTxjaiphB1xjTAt5F1MVC52EsY3R15Loh1xxwTTFYYUKEhRjgyWat1xcEn6G1NNWW,0,1,0.6510068413201142,False
1785730549159,Insyder,buHTHxTH3J8ZVXyquYHEMUzVQZ9pFbDYL1dYrTvpump,1,1939,34911906207274,1325170655,1076242149,-0.248929,1008929004.805096,945343381,-0.063586,4CQoZGBkTWuri4EPpgadUcReKovf32qm5wyUZ3MfXKQdCuHmgfjb8zySMG4MUBZFjytC4J948xnfobjSEQNbZkZw,0,1,0.7613577926724434,False
1785730761010,Zuki,Z4Qp3qBAmTr5AisokVwBCPHE1LkZVnLBKDyNimepump,1,25058,1507714058898,239405000,2803696135,2.564291,195654825.231514,3032688296,2.837033,2jijn9ckmhEbbA7SwMtzQCpiSL6AGfWtHu3PHnmRDscTyvo4QeEyi6bTMkpJj7RNLjv5GgawqXwskvofPGypGSGG,0,1,0.8172545486999604,False
1785730869656,Kadenox,CS98LvF4Lnj8bfRUvbUxhntEqNwGdnGLJgsS2dcJpump,3,20946,15808433923,3748759,1013032764,1.009284,660119.185448,1364408160,1.363748,4H5bZHmUPVNkV1GQjfGdFQtdTjr9zCjMUpmQ8eddnq8R8AR3QRZrqCgWFSDKF9v3CoutonhJ9utV3sC2xiWgMcRu,0,1,0.1760900568556154,True
1785730896854,Zuki,3RNnCmNZeGSjsmVF8C6GtzawUidvxghEwTCG6nCTpump,2,3882,17907102937927,2764255997,1618407428,-1.145849,547860933.214203,530293462,-0.017567,38rRFwkPChJwj99wxuumoNPpJoZWyxDPzhHiXo8tMycygo2ihkGRxjnSdvmL4cuNZyC9NGWJHdRG4ehLZWHPccJp,0,1,0.19819471633914773,True
1785731388237,Zuki,3SshGGGz84Ctd7svshjUbYHiRzNfaw36y9Xp5NAbpump,2,3878,7957450478,8679642,2134204459,2.125525,357857.429672,1056901411,1.056544,254zidc5WP8U1gscfBUt7pNjZTr8KbrmWk7sxBLWqLo1DNgzeeg25djLoB4Nym31gGzgejQYQKBSfCgGrvwkufiM,0,1,0.041229514958335836,True
1785731477656,Zuki,8fgXzCJwS8ifV4N57zXbbD7KqZ57MdcizBaUEVF6pump,1,2339,4649949402,4326007,1428767920,1.424442,142001.653065,811897991,0.811756,2TqGj1MdJrpDDZtXoLjnddcp8yDfcQMCmDPFt4DWk9RfnujuaGe5QLvxLo9AMVcaatqHBTa2sASPKJDq1BVnJfvo,0,1,0.032825109405740675,True
1785733117509,Zuki,XgZyb28kzswwYv96Khcz3tKqsxPuS7324iHAE5qpump,3,95590,24839943212083,1561226618,1255056040,-0.306171,1396819146.007412,966975668,-0.429843,4q8jtw6EtNh6FqwwKTmAdrNZD9PVLhvmy81EFn9JsWdtWVRDD2YnaZidsEm2aX1ofpxrGEiDW1h4ttUuapdE4zJa,0,1,0.8946933967836128,False
1785733231318,Zuki,86Byzo7NDN31WtxMCKYTC4qNerKMWaBAEmWqUajJpump,1,26242,85271774238123,3471079080,874337535,-2.596742,3306212764.533913,728174943,-2.578038,3LnbDhqfNaFfJH9Ka9tqSkc6uz2XnyVN4KAK3oJ7oiSMeBYTuis2BzTxedPbJBtdLBaigBPqw6icVgUzDWNyH18Q,0,1,0.9525028639030353,False
1785733317610,Zuki,sgfU8xgmrxton2nomNk9KDEoTw2jmqtBo81AVUtpump,2,20927,30411408715974,1416371077,1366539685,-0.049831,1009062758.674862,1010487561,0.001425,4RZMVhQ7MgncJMaQDHfGbDmYTR8Kh4Zuikh7K8MfGwbSHa9WKa1givwDRqoFuMkXkP8W4QP2XRE1YderChkZPj2T,0,1,0.7124282436013497,False
1785733575344,Zuki,CcnmrLGRmu3MD2jWh2r4jwTbXaJWbd8ZKsZvsRCJpump,1,1943,25569067498059,939621728,777225221,-0.162397,740437615.511219,698246517,-0.042191,4EcPykYXqrTGfTq6M8BCkT2yjP84C7MznqjwZKHSNk6cdieSDLwzc32nnS2JBY8kWEcvmox3PxjYrgdzbZkxTGef,0,1,0.7880167023034391,False
1785733690549,Zuki,286in3VNpL7iKogpLt95wQBFqtFRXojGBc4Fhmicpump,2,27179,1979330527317,326988823,2539535095,2.212546,261356987.513672,2209842619,1.948486,3A7kq3x6mmp9za8x4jyEG9j7xS87qYyknmj9KEsPUStcdjVuAwHMX11s4ASgYxivp8GhZ7GRhNUXWMZs7Pa4v59J,0,1,0.7992841624243284,False
1785733962117,Zuki,Biqz92HCHQTf5xTCdxzJJBWxCyVD1Zx9wTEKwmKpump,2,66640,23012040209,10010000,2175991412,2.165981,1724983.509911,3576850784,3.575126,oj3ybY36H3Mzh76NGo6eTQUJGtJPp2GpQ28kVGAiY9Q8zy3VYTEJ7pxbXNKa69dw2eSJSaczcVfswzmPhNoWQ6c,0,1,0.17232602496613386,True
1785734079808,Zuki,Biqz92HCHQTf5xTCdxzJJBWxCyVD1Zx9wTEKwmKpump,3,67945,4573929541681,483115479,2232821666,1.749706,349568722.05378,2046078215,1.696509,5tEiMp8C5ivxYuDBH1woq4XEwektKJAjAjME62NW56f7Z2fLPA3kNfcCaKPS9UCFB7kchLpuEs4hHb2Qfdg5Mx3T,0,1,0.7235717695846794,False
1785734084346,Zuki,53Aw3b5vK2k9nYfyQFTnW5biRRFLmPrFXX5qRSFXpump,1,1947,24290681904658,2592141635,2837429659,0.245288,2142336177.923233,2032000651,-0.110336,3sHu9VcHDnKj3uqqkrRXaxba1mk32wAdGkk9hXzH4EYnaeLvPSpWK1kPmvEFMw9Fca71jvaxbi8nAEzSyBoNnB19,0,1,0.8264734260646344,False
1785734242033,Zuki,BJc8bRhsdsBUXqZkY3TzbT6P4X5qrXJXnw8eDs9ppump,1,1944,4992119135,4421336,1798649559,1.794228,156849.677731,804657698,0.804501,5fzaWUmdaraLFyXrhEuV5cDNhSLwCKEFM7LgfGswLz6ghjmToP3DY3ucdcPSzgyA3SaWS68LQFRHChryowoiSeTs,0,1,0.035475629477379686,True
1785734430112,Zuki,4YnraYAUMmuiUTJMS5b9hGjxa1GnbaK3vEjRssxPpump,3,29301,14215112361242,1796929636,1378429638,-0.4185,1153544740.121635,580104577,-0.57344,3skcxGWiPonJH6F2wkKA6WknDdhqtVtNmg28okp5CzrtNkLRk23gAHgPWpcKuyf82sqjEsUkCXKCqkgLqKf2QKGs,0,1,0.6419532056299365,False
1785735351582,Zuki,ASVxLFzn6FzcLUUp9C6jBiLESjHBXcWVYQ2KEBnCpump,2,66029,33820671169321,2124780804,2045433426,-0.079347,1933418711.181488,1250603829,-0.682815,2bLB6fgfbDPi3nReiwbm9YRogdeeMyJkopoQdU29ULtRjwWLxNrw3nCNA8APZWGftQ5F5GHpt74tvXSw8ev8yKBt,0,1,0.9099379604436073,False
1785735449151,Zuki,6JxZVaNiygAFfu94sSKEmVCA2PQmkciczfXUtakepump,1,1933,42180184457475,1373116995,1407398500,0.034282,1290234912.168804,1190315858,-0.099919,3tkeqKCUzdJ9oLG3Lcza7UAsSBQWnKsG7X72Tiw3oNC1w3hyiHRvW5RbcXQKfdjE4H6g1mdXJSzBSckhjTimdg5h,0,1,0.939639460342419,False
1785736170586,Zuki,BMFju4zaQxURMp4ygm5A9oxiqr6wGM8gFEpgHKXDpump,2,236394,1451611283231,243733866,3981148770,3.737415,177648318.804672,6575613807,6.397965,YnxKvPxNkws4g1wuhYQVqVio8bW8Lf51ghJdKFa7YXGX4z1b69G37AhbGVRvzHoqmgkEagdLdAuK2m7qA2DG9uf,0,1,0.7288618595360564,False
1785736824221,Zuki,HGc71DA7NJ41avAiZUAXE1c41ms7Byhk58MVNsi7pump,2,3867,27828129755652,3710484080,2995437493,-0.715047,2260593404.729996,2258558287,-0.002035,5Zj69YT88fu1eCHg2EHxFZaVPrjTeADEBQaGWvUb42tsZTjbKF2CF3FBJpdzFm8SWj3QMDWM6TNV5MZz5jYE9rFD,0,1,0.6092448737120026,False
1785745248270,Cope,GDW83AAHzjG7DbaS8bNN1UdoyF13Yk296oL1rdJSpump,5,5498615,6927158350562,885993974,1422775845,0.536782,746255208.455605,1373335882,0.627081,3biCGGZLWhnMAQ625EPQJc5hkjDrSWHnBKo6F5E46Ue13Jjh9TLvXRBXf7xDAVTYWQBtC8Q9SBiEvG2qPn8EeNkS,0,1,0.8422802302892469,False
1785746413871,Monki,8WsNs9rCAnfjbc44PWw3EhEv5wBdjACHt5UwxL14pump,1,25769,97545454545454,3048996480,3873173818,0.824177,3157749112.685539,2619571959,-0.538177,TjU6ZEn1XBTXYdB344Fb6uiwoYEb2Srgc42tU5unLn6Spa6rQW5jVKPLx7QPeVTXqg65Xb3FQoTVWnEgMjLNCUh,0,1,1.0356683365818575,False
1785746491150,Monki,GjzeB1xd4YqWUDxC4sfZXd8mLt5ktJaqmAhKKCQSpump,2,28491,15594355261991,1742693221,1011254922,-0.731438,589720211.156895,453779655,-0.135941,rpF6NiG8d7J61agEM1rYWvEm9PeM81FTFJkB3feUc91yQwit8QGGnozammcQ32TedfKCepyatTFN4JeZfv4osgk,0,1,0.33839588290731926,False
1785746566678,KOREAN,3rvxg84eG5WGGeEP3XuuVqMxRtv4rsRn6dYd965upump,1,1946,11484647886829,1331427215,1172582998,-0.158844,800447741.010559,773686008,-0.026762,3onCVzPxEo77dtCifz5b42pDokCcoE5vs82qcag1qtWUB2m66bLSiHGB6TqDUenMG5fBKUmzoB58P429kDW4cPfB,0,1,0.6011952677492468,False
1785747271552,Felix,Ent84myYYpYjwCABP28YgjwdPzPUfdxw1JFeHd9Npump,2,102548,9864154064,6010000,3268522194,3.262512,1743551.827133,2401822271,2.400079,GXYUUTdhvjakxRd9XVFSjFyCeojVL6jqqxnRGtAVze215nw4RJnt97MwY9gXzh1mqA3FX333wNY8KCn9oVmwpYy,0,1,0.29010845709367716,True
1785747293195,KOREAN,92RVY5PYFFzQTppCmW9by5xUiFtfNNaDuvHufR8hpump,1,1939,20962656231048,982597818,212600080,-0.769998,605270085.028854,147617566,-0.457653,Gpx8ShHY1TwzeibudhH7DjFU4c4ggFBExacqsWKtZ771MGNRykd7EgZWFM9mjK6ruonoct2EpHxA5w8cka5ynya,0,1,0.6159896490110606,False
1785747726075,Boomer,BYuPf9o5qk6X7ajeGfCbxfofb85c6UzSbMWccjZzpump,1,6804432,17433825959608,1031629083,922798902,-0.10883,1218042762.118408,909498625,-0.308544,ZFExSPNJruXiRVe7VqWkvdLYA5LB2t98XCVZeepkX4e78bco4sqtpB2Qt1CZA4kwzk2XWW1A6XAyqP6H8QGNy4b,0,1,1.1806983558240844,False
1785747851043,KOREAN,7kjoC7JffB64raCj1JKXDPP9xedpkW43hyiUbGjFpump,1,1932,8435757813404,1612717959,103288002,-1.50943,1487323815.657364,94952599,-1.392371,62bTTCcRpa1JxUD9U5gGYGYN1HkmjQ4tr5V8PfGTQxnP3MPH7cELtBAwXy7jA34xMxgnFn3RUDUmQdqbcwVLumvE,0,1,0.9222466999621004,False
1785747894135,KOREAN,AU5bmn96d9eCAiMMzrgJzKgZhyTA4v1CQijNkAdXpump,1,1962,19805859342322,1002770828,854792008,-0.147979,701851845.134216,673565221,-0.028287,5yQ1JGwxCVXMJaETuFk4QXjURHzE8L1DLfi4CVpSg1CMSXPaNjsNUh3EYpwX95LhMNKCNtYpD5AFYuBBu5Nj1iit,0,1,0.6999125079596112,False
1785747946588,KOREAN,n1jgUEzHPyfYqLE1uP3QyNEUNxNuVWRD2UpMLLwpump,1,1933,14794233529169,884626839,843491700,-0.041135,441693511.438423,429370901,-0.012323,66zL3BbU8PgNxHSQnASXaTPcCChiX7VMLok5ZaMrmrYscUfbFAaPjvgzMxC1Dm5sEMRZHJcTR1aDw9BXkyJRRxJG,0,1,0.49929924343887444,False
1785748089995,Monki,HnDZ3YSF52s3nR7mpRcQsVK9svSAXM9vrYuQYAhSpump,1,26163,29369010155793,1403933542,1393768957,-0.010165,1019922149.743382,846922517,-0.173,5SUfn17Ed7FuJZeSTfJneFCXTD1ummNbjAobPnVns1n1TrbCjdhH2KUD47HPwVaqVLyd4obHAXA8fxhj7nWDVUfa,0,1,0.7264746650973469,False
1785748116256,Cope,J8dJq4bdeDyKMrHiuJ8PmbAo3FLGKtgxPYpnAvyxpump,1,56217,34654459729972,1266286389,1090240260,-0.176046,1093696361.028233,1018291832,-0.075405,64DJDnghJdEE8VozegHYUqS69Guv7tJErp3VZj6zvfiH8J7V5fWVBvuvvyDBUGMswcXLq1Lkjg9ykRYNzXauJJYV,0,1,0.8637037960203748,False
1785748197933,KOREAN,AaSsSjs5ykmtmM4UU55mAaDv1zDeBX8XknwDQf1apump,1,1943,15667278919661,968701281,728405299,-0.240296,844933071.151291,1010367174,0.165434,3CGWPbN1tPXqvNkkA5cMpYWA4ezhgSGZJpeEbSEvrUwuz24shMyCoycG27rYxAERbJePF2TEf5i9iEHTsXK5Mvim,0,1,0.8722328417683707,False
1785748221588,Cope,E8Eex25M882BVQwuYuvxofjPcJ444wkVGy1fN7SxWRy6,1,103382,11336864302898,1267714441,1271432493,0.003718,1004206781.130798,1225999909,0.221793,5nUeBmBSVy2QJRocFv3viKGsNirsUzNnrBcf6krsd6NRr867RWBiPhM3KJzzQoYRoJEsncthRfXUgX5AMhfvdkKu,0,1,0.792139577063316,False
1785748268418,Monki,vKt3JqWY4nHMHRjGZi7bGX2FLiBMk25oBvtwFFfpump,1,29028,29573742854586,1551256087,1518767218,-0.032489,1497830364.769218,1598284044,0.100454,294R85xCuXJ5SdCQ9gSxNmUit8JDDXzkQYgKVAf3n5fUrdr71LFVDQEy35z2z3TCHjTwtskQT3p2319pPzGLafb1,0,1,0.9655597017935943,False
1785748342232,Monki,3ZRoaza4ajw6JmnHkZkt9rPGjxaLGGPF62ggacd4pump,2,4297,10272641641230,676354371,939832142,0.263478,354916833.035149,530428127,0.175511,4LKUm3Np1MnBef8JEm7VureswqqpKvWGHVaD7UgWaMS5kGd8Us7HnWHFtKqiQVbvH1aBeGZJ93uFHfU1B3QrViDy,0,1,0.524749817925179,False
1785748368624,Cope,9aoATgucrseGAejCiFqucxRujoFzzPKWd5tHNtDypump,2,76259,30518116087027,1318018212,952006054,-0.366012,1249439319.652805,917518451,-0.331921,49GKzj83vBc8VjdwDQpbjNQkLZZxXY5HLjFyJYU843aA9gyi7EfBs5kCLQ9KCf6MY3DDSQbx9QtaztJ31rnmVzLo,0,1,0.9479681754600862,False
1785748846356,KOREAN,8wzZfJjTxhycpe6pwNp6BoKKcYGeHkED2PFBdgK7pump,2,3896,41281723935887,1839437958,1416353707,-0.423084,1249871619.245358,1165923128,-0.083948,x9WKremfndF2t6oyWj9HsbL1ncF5YaMNS73eWxch1gaaE33Vj7s2waGy4cWT9PVpf655Kvkh27GURFC4WJwkSzf,0,1,0.6794856079866533,False
1785749061354,Monki,4rRnu7AR4chjmiq7a6yTCz2sPnjXz2zqQ2iJgnwVpump,2,4288,21337115673550,1315133827,369487800,-0.945646,907014774.328712,220673656,-0.686341,5EJp4EoWuxTYacg4MCsvqybAtyCpi5iv2ZG3DPYUqtb1vMC4BZ8FXVMukpPgSmjyX1wpAmPaRefzUP99Lw4ZJRr4,0,1,0.6896748876102873,False
1785749085335,Cope,8mLr1fshexibsX28biVc3yaTVfwmim965V8yueGcpump,2,1598323,498847825846,104401010,2055359023,1.950958,88038551.993057,2006165565,1.918127,MG1myDwHRTuYkPQm3oa7wrx9HFpASWDHPMxgmbVkrRJgKVwce8tZQsbpsPLUuZcgnBFzf4qQWXnVenq4rZnZGLC,0,1,0.843272991258006,False
1785752896144,Felix,9DwSYDHmiFt5yLwzVLR8vD4Hoi7GYWCkpQF3mghPpump,1,1813,20253773890081,2004079080,1458793549,-0.545286,582000334.954266,560348360,-0.021652,3CtCC6Zzx62ToiUp7L4SvAmi2yGV3WWRZvNX7wqeBS6RpsqdSyXxdbsexcAtWfqEGF7SvvBDdmbcQ2g21HaXJSwX,0,1,0.2904078690119683,True
1785753047852,Cope,3xZiuKD78oYTBzoSgtgdiWKWunNodQ6izcNCmz3Jpump,1,119030,193929081451,52070693,667021088,0.61495,49673658.59491,724825206,0.675152,5zgqFqqYfs6job8x9C6SiDUUFDBJtP36f3cMZXfQ4UuUdwn3BThe659mi8J5HUk7owXu82BW6c4HxHB8KJqjAA33,0,1,0.9539657671717564,False
1785753110229,KOREAN,2dSBLDsFGB3MU89GLtnEPVYamAuJHpcezpPi8rNPpump,1,6535,11022566108122,1588380662,54172348,-1.534208,1056437196.479347,67062283,-0.989375,4pjKBzuaBxNzPPkpNjAiG3DxsBiF3tagVbU3fBUGyKBmuqbq7BiSQexAmPwLkZkutxAPgvPNoWsR1qQiDttWgJqz,0,1,0.6651032852220327,False
1785753161691,KOREAN,4H8p5KS3q2JKE1a3sZCCRn6TRFCSCbj7BTfWyzJApump,1,1820,2370186988137,221105001,1216518906,0.995414,115539072.63343,778433150,0.662894,5ZGU9ARFL8UonbJi6WVXwxKMxdAeimzEHRfGnSMviuqvxSJyGtez8jk4tXH1JHXLDVsP5iYwr4uwT4Fq8mTJpbmX,0,1,0.5225529595028473,False
1785753329142,KOREAN,4KL6P3ATus26B26GM97PdDwG7RMDRkXvfMZ2mFTypump,2,13342,11910618353618,1188749725,1310186732,0.121437,705675650.014725,493629562,-0.212046,5foYvvZndFgjsZ2UTAHs7Jy1aBzChyEtpPxnZ9846pkvfrUqPn7KpfLD54vSTTMqV1NsL1CNq4PR5efydzXvReMx,0,1,0.5936284443848977,False
1785753379774,KOREAN,BdQ5QyCSv5XhhzgSTx63zmgoN2gF2AN3c1YGd5efpump,1,20603,15838587074722,1012115787,243356311,-0.768759,694104121.901688,234991700,-0.459112,4VazWbrtCdVRrY9NKmdBeoGsEhHT9g7pgkzz4NVN3tYCU77wBRw5S2U8isnTSnoNiWFVmRWRdbfp8ACEKkeJ3oi5,0,1,0.6857951736520912,False
1785753383628,KOREAN,HsPTQZrn2dousJ92KVJNVY4Rks3kyMgGra1CwDVTMavh,1,1818,11056978542468,925114086,137695489,-0.787419,395447850.954224,97434204,-0.298014,VGAP2JABXBAZ3FyGsoQ5YFsEvLNkkH9ENgMiT8EyEJgLYBNKP9ru3Z4PfktVn7W3Eb2u6SFjHanYqqgYWaTL9bw,0,1,0.427458469110613,False
1785753738881,KOREAN,DuSMMvdLVzw1MW261xmjrCgdV5hscGHtRsXzC9ufpump,1,101128,20534545424329,2236000447,1453758680,-0.782242,2006920045.268623,1279603879,-0.727316,5ApWU52Mwp1Ss6UpPF2aQ32EYFBeqSeCB5g8b67SaN82Gi2dxtpDC1jv2Uy6DLRvpBBM5Y3LEMzn9Hgdt7c9FzBk,0,1,0.8975490358068892,False
1785754100275,KOREAN,Bh3MFjFWG8ZZvA74LGpwzmFXbXYo5xYdCBy1hpUWpump,1,1811,15787458419594,905523651,209766268,-0.695757,568338552.588764,139156193,-0.429182,TBhacfCNHXrdEXQdJmcWGRA5XjLnAheyg2oig1KPmiFadGYjYxTfbQrbsaS41BfVJMB3fq1FZB3oQiuJTQsTsLf,0,1,0.6276352384182663,False
1785754167975,KOREAN,H4UaqJgk9pj7VK6GzBmovGGAeB6agPwZLq1r1pCypump,2,8425,29813321986955,1581938959,327373138,-1.254566,1032993986.4673,249499859,-0.783494,2Yj5mM9zobSxb1Rzjc266cfJE61JEG2ZwBSURa2CHSinRwXYC4tG9kbFFRSUhoYpKipTXXjsZtt2hLpNGpfqmeXd,0,1,0.6529923171753051,False
1785754519474,KOREAN,GNpRaqc43A2YFSC1ESQnHXmNT6s9hFSKJeb2pHJ2pump,1,6643,38468786799638,2212307281,762645536,-1.449662,1382079669.916733,299000596,-1.083079,2Kj1H91QmUNBW5YN8sKgEwRmdNPo3PiHkxCksRpW9zakE4ztNSvdQodA4cFj48UykdhRhpkXNYv8LNeKxZX8N9Nq,0,1,0.6247231936478598,False
1785754528482,KOREAN,GNpRaqc43A2YFSC1ESQnHXmNT6s9hFSKJeb2pHJ2pump,1,6933,16345582461240,797526596,679701180,-0.117825,521429228.121727,641071170,0.119642,5XqkyVBDA3tK3xtitcREz1UQENv57RGarJ4bGVZmAtLXhvZcpadfQZjFQVZbaR6tzyW6YEtWGxsGXfb9vf6ReMSj,0,1,0.6538079491479767,False
1785755704323,Monki,2AX5Kae5RJkDPSCvGMZWxa7QgstTh76hXqUVSzhApump,1,6541,97545454545454,3048899040,3392581555,0.343683,3017175717.790741,2513058641,-0.504117,4vVP5Ts3nhLmHcWjcP7uhER3kxdDaNJQg9hViSu21BZ79Jfn2myjE6BGX65M3HNK8tDCnoxepKTy5rt9ZCB7twYC,0,1,0.989595154909013,False
1785755717363,Monki,2AX5Kae5RJkDPSCvGMZWxa7QgstTh76hXqUVSzhApump,1,1813,27570574630764,1062964761,865772579,-0.197192,842901865.450146,799364691,-0.043537,5kzGLS7NPbH11ePKVwGm2x3baoMKc2gT8Qw9qcwGgas8zzsTtWoVoxmXEQzXdmBrNL2KC5XxskZbT6pnAKoHRXZL,0,1,0.7929725390493411,False
1785756049029,Monki,7VnYscvPwaeXYjLpwNX26t7KAvt6TcLgX36AqxRrpump,2,13997,21752234060789,1365448554,1043920438,-0.321528,1029614801.841347,861446410,-0.168168,43ggFkTWLAMS6uH4vQCMYyeKvRvaPmHsNCGErDsd6fdWpoeWyoSnVVHa79mE57tWAEzU6FmdDnw5u1sa8pUn9onf,0,1,0.7540487694136494,False
1785756172511,KOREAN,AQyfjrSPbWVr2rNwugKhnVraJJcC66NXFeeoZhTjpump,1,1810,21724356155431,1657147819,368558323,-1.288589,1251673791.9729,251937292,-0.999736,5jVzSscrPuQsASH7JXhScDMQG4Lpbomt8ibRixqSjej2vmMpZUVUmdLRXYpcduAaoArE796ut56ur3DVnwjCBh52,0,1,0.7553181301160075,False
1785756878334,KOREAN,725fhhCJ94PzFFQjTqaWBtw5BWYtAJZwTYgzJK6zpump,1,15846,20282485717728,1232836141,210057697,-1.022778,1136075506.195633,282985348,-0.85309,24WAWXW8RsorwDMys19H9Vgh7Jd37rRQ7UBaGa2ZkVNsPyjfVJiNEG7QJuK3fMQSQVNkAepQCtFhfqVHPciVDdgZ,0,1,0.9215137911791904,False
1785757139434,Monki,9NW4mbS91muVUUKE1xzYAabYeue1ydtUtDiUw4Fzpump,1,21379,3564784053156,168541760,95757500,-0.072784,100000000.00333,99337748,-0.000662,2CurC3FrKBDLMjrjrwwdLuD8qcs1mpXpPU6VkQjcyRhtT67t66C8fv3xxV6jWf4pPQVBJ51Bw94RwYPDBw4uaHzM,0,1,0.5933247641612975,False
1785757239969,KOREAN,FZCtGjqA43HkZbBgA1zLKQHFjvD8U2XDYgj6PJHapump,1,6682,18853724883297,1046737061,233631643,-0.813105,612124534.408722,192809840,-0.419315,4HssMAeBgdyejBa6SQk2GV5Hmz7dYmDSr4ZmfzaX7VXnDQjXCD6WTADxuKaP7EBmyogUQRzaetEzm2KzgFvSUv8M,0,1,0.5847930270319549,False
1785757497112,KOREAN,GHRnBJwRQ5xdeJZG3CFvRM5hzJevyJiUrbeeBgutpump,2,17950,14513857514417,1132277990,843973549,-0.288304,870760595.109528,536358095,-0.334402,4QJJYN47dBkjqXM3xecEdqqRNLPCEmLkFDKNWhoWNNpt9kTB3Pha1njdhA8ss57Jr3D8Yr4xkxRnBToMudgkmTwq,0,1,0.7690342855728636,False
1785757693843,Insyder,769GGiyooNZEYgKK8JvtEyudoNbCTpXQePU5iCJxpump,1,11373,323224515511,33682462,552127009,0.518445,12061187.990829,676549356,0.664488,47j3VXvqnLkPGEj2VvsdH1HzULBWePJZuTN7ujF7UW5gLr3ZLZnUqyaJtf2Q81SxwY5EwTxpBUrdd5BUCbdvmfED,0,1,0.3580851064518087,False
1785757954058,Insyder,2GTAPiY7FTCmVc8wu2MYaGu59TXnV7a4AScbYYCcpump,1,138535,7889643087829,1500538643,1112878898,-0.38766,1386970460.912857,1802707513,0.415737,3y7CFQK9CwwGGJvB39KAhRMQUcMexWJ1DfyMUk8fMbt8jhPHBw5RVBkCgHP9hxYZWP9tFUbkFG7Debr1M4ra5c1C,0,1,0.9243150567185073,False
1785758106363,Insyder,2GTAPiY7FTCmVc8wu2MYaGu59TXnV7a4AScbYYCcpump,1,67457,10796939489927,3673920021,1959539945,-1.71438,3515482189.334763,1467752666,-2.04773,4P2SbFwcikh6cvMXUDjw55auAZgK4gjLY67sAaLK9j52qVyM4oNWccDcZBtqHaHJE4RrhS9Xx4bfy3XxxbLWNuF,0,1,0.9568749916275772,False
1785758153196,Monki,2GTAPiY7FTCmVc8wu2MYaGu59TXnV7a4AScbYYCcpump,1,54260,1160988523309,332740820,1810704228,1.477963,185888595.981552,2133832717,1.947944,3EsitgQtfM8GZTrjzpcd65Tc2jWt1Rmv8F9sZdVQGbWeoi2o28uihhXieAyFYThyHtVG4vNpiFikT9jabbvffs1D,0,1,0.5586588263548549,False
1785758174658,Insyder,REDPHdUV1cpdX6fgGiuWxXfryvp5Dtr43Ug14Aqpump,2,42811,15267478673115,2754454110,1745254112,-1.0092,2644487289.514046,2004332034,-0.640155,3A4WLumL6vDybrAqGUfgMXPaZG4ooJTGqYEsqie3bytrQqLFU7uykC5ufz7rTowJ9Ax1oA3SpXw1LNyrUxSasokJ,0,1,0.9600767280577589,False
1785758284807,Insyder,EGueuU8diugoGaFeziA5bUSJR89FrBGzLNWENLLtpump,2,18141,18107568547155,1013186629,583459210,-0.429727,623364710.878365,604680066,-0.018685,aBu9j4XitWnuv4Bw9QmzHEZQN8Zs5A96AF1PLjzrybvXq2yq9QiqkPAHswqTWqeh471yVjpgkARmq55bsuY5akJ,0,1,0.6152516160755266,False
1785758406181,Monki,89vNS1Ehq1BA6sCGrqtFbDNwdxGrFW5qYDi7nj8cpump,1,6532,2854161470855,345304719,2240507447,1.895203,262302135.055351,2456793013,2.194491,4A5BxugyTdYsRFv54VY7F8BvD1r7STYC1knnDdA91oj5vqWx1U8wHSS3663HqyLaJozUosCkUHqAQUVsCL1muf3c,0,1,0.7596251097146198,False
1785758434122,KOREAN,36mxfxQpZqwtEd1oLztrAWnUQXB15r1uR8fFzkA2pump,1,6942,17496197288870,1694895663,578679683,-1.116216,533668113.638863,388570800,-0.145097,KcAmtiT5yaZL5E4QQNibwodqZNHMvEymp3UWhqHZBFuaA3o8xzVq93DYNaJzkw5V64jbpumvcPZfyvsGcmyk4WG,0,1,0.31486782655060874,True
1785758705194,Insyder,GLVmZ6cuQvcYpLD7RG27wbNRJeyWmaCtXgSgrHevpump,1,13237,588197236227,39111020,506962261,0.467851,19771850.957047,509695872,0.489924,2KJnKzRUqARMjnHs7afViu7K7fBT35DLPtdJq5YPSCLB6PWFHjmKB7ZMnLZW2LF8iHx6vRUXQfWuKYyuXs5gALj6,0,1,0.5055314578102795,False
1785758713164,KOREAN,5UUATWhsH8jcMMqh5BnCaUbqkZRq6GwuSFGaebt3pump,2,10348,28681964751465,1010602823,920838603,-0.089764,891181153.430931,847192206,-0.043989,5JozBkcfnfQSzSGZ3rtW8TWBWpXTzcq2j5vsfry1mA1q3KHEKSu5D7XzaBodKAjA8qmEjp1EmfkjvoyozfoYGAMu,0,1,0.8818312527422367,False
1785758897054,KOREAN,4ujETLVpK1z4s2Ah7xUdSAtBSNrzVK2NpWhPshekpump,1,1812,12381902945231,922394319,31797250,-0.890597,462535123.100769,31918859,-0.430616,5LLFV83cTpBaHHU7XzJ8vAKcCboeWBQ3Q1KPWzcjRNfx3xYWFWpey6oTw6ytss6YVzRfJb7H4dWBwqxr6Z7miKhB,0,1,0.5014505332190462,False
1785759199782,KOREAN,kuhJDuuEZrWiwHxrjGJHDbB9u973KtLQsW9o1cqpump,2,18364,19269735333537,1188233095,1190134700,0.001902,629321704.61562,582034295,-0.047287,dzxXmgYXKZxrV72eHmQWEdTmxK94SQB3zAstPvf5ox5F485UGDGpctrVwrzQHHZXCDpmc26gzpSF9u3s3vWHVUH,0,1,0.5296281573571388,False
1785760337083,KOREAN,HuknVQCh9b75duiYQtmibbZT6Gi2Bv242NcABfBmpump,2,3673,14854266271000,894564690,856093225,-0.038471,614548858.489822,639835663,0.025287,KGsC4J2WBUcgEtrQA4qkNFA29YLP4LmAY1aDWbWRW3fh95aJU5XQGq9cDwbiiD83cwhyVkGMVE5HVRacvjAMGdH,0,1,0.6869809029571936,False
1785760444202,Boomer,66vxnrG1mDkNCkXjDTh9oy5FfYLS9ecx49TVbVLpump,1,16006,29054105074144,1028594282,1094630138,0.066036,1016399874.31282,1336922278,0.320522,37z6YD1ABL3bgPoxUdhPMynQMysYsdmQR9wL7ETW6g32ApUBtYdrNhvEsAbbXA4bWQw7DxDu1n8u2vk6fiBoSEbv,0,1,0.9881445892704467,False
1785760784684,KOREAN,Hmnx4VoLzLZGqqGiTEEh1FGkrgpo5juFbP67ykXypump,1,1811,21842108540430,869562287,786039106,-0.083523,674487236.783459,625827057,-0.04866,5WXkT8LWhF6KrJSriGUnwRtdA1Uod5KCyZTarkuzHsAvE56pPBdQpmcfZTmFNEJwTL3edgKaEs9vwu7JwM3cPgMi,0,1,0.7756629362462898,False
1785761247005,Monki,Hfn5bVL3vD6kbSEPL6QbB42R6ZVNqNVishQKrpGepump,1,11612,2132566454625,184408215,1093695648,0.909287,66129291.305653,766638382,0.700509,mnJu92c1owgyttWEEjwhw36z3kwyxMYdgWjvNRMmqApNwK8oqVebcKP6N1bXz9r1gUkQTqDtRNZxSUJdPfPbQJ5,0,1,0.35860274069489256,False
1785761430464,KOREAN,2gutTkqPxxzpM4xrstTENmnsyWkYuJA5z9ELKSrrpump,1,1820,21602795395163,1581768158,310815087,-1.270953,701182126.076973,170618645,-0.530563,5VyaTuFEjcmoe9qA3RtUVd7KgX2iTNBRMmtaELNWfuTsVbvfy6JxwBFbwbWePSuuCpUfWFtVFnouuDY1FW1sWnk7,0,1,0.44329007543276955,False
1785761458227,Monki,2PQY2LM9B4pqUSwUmdbBs8nJzpmxtBMC39o6FikNpump,3,38145,15062418250112,2274451560,1182409276,-1.092042,1706003446.45208,1300300545,-0.405703,66Vy3PbdM3E3pPSeDwXafqePQDARQ8zNvy3tMHW6gHSnxPAguJbMZbt6xZAmLDCv4tDdXGKzF8qRfTcSKFy4RFtC,0,1,0.7500724466746085,False
1785761539267,KOREAN,CWJ3hpnzASGniMCbU7XFoBdr8v5ow4TEzG2AyVKgpump,1,11558,10577253646058,928693800,175236693,-0.753457,783610208.901276,259065248,-0.524545,scjCkeBzb5oBh3LLLy3EQxHLpWakTDLAZAYKyyPXVPoVoPiPfNVG1mFWsTLEU9yPLkwxjRKsqB8baJktGfMDLKp,0,1,0.8437767204877172,False
1785761664541,Insyder,EZdPsQ1h23n5gDXF4uHEwUiVyPXxzGqThdWCdL7Spump,2,3667,9534051027130,405825142,771929689,0.366105,371457171.228432,843044987,0.471588,31Znpa5CrYmvYWLWE11xSGJoiqNghZ373UJvHpnnQ8Ym49FEG9H3yzAKsPS7WQwfDFPxPUVEuB31QqN5kwRa5y38,0,1,0.9153133524399334,False
1785761907039,Insyder,B5i4GxScwLfZ8H3kvykNiYkT7YmqWwjQNEPDbgFUpump,1,6854,24725397396218,1102470405,859228793,-0.243242,743968934.626778,709633433,-0.034336,3XJMeV9YXnmsy8omnoBFCgWxymzjD6aoe9MMdp6DoEBVnh13NYPn15iuZunzqygVBV6SU8L27k332PBpfQuobgvR,0,1,0.6748198693159279,False
1785762449029,KOREAN,31yyPE95GN9RpUZPathCXHtXgDe17QJbBoSLQRotpump,1,6548,18033662398022,1221130592,235575522,-0.985555,544688275.518295,126377575,-0.418311,39cpoDvQcN1nn1ziRGMbLHT7nsr2UGaY9PCjFWHy3mRhEXovJFuyESz81nD7R2dRpTzFg6BPn7E8nRhbkKVg7GXz,0,1,0.4460524362314027,False
1785762552653,Monki,2Kq1C3h82k7LD3xWuKDUesRaPBa3BF483SMeireQpump,1,22819,8116859455303,1691021935,1247626835,-0.443395,1186527065.587158,1330938027,0.144411,65HQGyYsbtE9fVgk6BMz67JK3hvQeaycmayorAJnyRYAG9EhkdPQAngV7aiTmd4VmZ4J7WJbNxEdiSySmk48sAJ4,0,1,0.7016627289267883,False
1785762714442,Monki,2z1xygeQs5NkD2WDzCPnMs2wf2jzXontpkJJ21i2pump,1,6514,24226873540267,1365394897,744315627,-0.621079,953478415.514244,810052783,-0.143426,az9Buqqz799gymrMup2N6mhofTgVE1uW8o1SMYjan1W1fenAcTEcXeewnL7aMBaYZrmU15LcTektjVksHVEymbF,0,1,0.6983169613488338,False
1785762733609,KOREAN,BE63n9Ta7rUCGnzC2Mdj5mpPZwg14VinMHAG1J4Cpump,1,7207,19641076344163,1290766328,206681028,-1.084085,588307843.938046,143744086,-0.444564,35uXnSpJBqzkMQ8cd83yFoHLEagmgM5YS3yq8RQjHQ5k6sridpjRQcUGk8MvCjRdrc8GzwMQmJgmGFk2hQMMLxyb,0,1,0.45578183376507014,False
1785763192022,Insyder,FiYA1KXfzm6C9c5kneXyQomEvAixUrqUYy2NfvhEpump,1,13080,16758981733307,1412408670,945391090,-0.467018,612640818.240784,750977394,0.138337,2DGXsG3oBsjpQWBHGKoaG9s9fUizJpPtw83TNrJREnk6SvmCHWtKYQGrNaFX6BAeGGBf129afRA36DLjboWiNUff,0,1,0.43375605888965835,False
1785763208284,Sheep,AFri3PEd3XXNBYtk3kHzpbBW9Li2MKNvfQpCwMnZpump,5,33735,1956862501162,98051224,1443767967,1.345717,86503517.300434,1274913267,1.18841,2BKXfv1WwsTxwWkbNEDptXCLq6DUVWH1qNhCBo4NfwsXZi42q8ZPDsnGhv7FR9Fvi5wR3DLUNsAFg2qcPCa9ynzi,0,1,0.8822278169667112,False
1785763211590,Monki,Du8wgBFe1gqRhuXevzVN3ies8T25uLVoZR3hnuDKpump,1,22656,34872383660163,1084414836,1138563808,0.054149,1041178295.720356,950645466,-0.090533,3hr3G458kkLZXqsh3PX5QNYG8YumpQBeziG59xVT6qNozvYaGxzFPEJSLkGdYPZxJ2y4zoFWY6z1Hyp1LEcbVQCp,0,1,0.9601291509076662,False
1785763296237,Sheep,2cwn5VQGWnzVmaLgYC6gqd61rHHrsWhY2XjrJtsEpump,1,1828,97545454545454,3048961680,5207720871,2.158759,3049431629.957005,2537556311,-0.511875,2mPt528v8dSRceqCCK423m1FhC2rWjdjmh7m5og83d9NXCwnAxPNciRqoSAkDhUmPN6WAetvReNZULUkNKwzGFsU,0,1,1.0001541344255285,False
1785763504991,Monki,995EbWMmPVtUgmCwpYkxnPUU4Soc7xyGqBcmsShjpump,1,11726,35185492237319,1579828203,249564421,-1.330264,1360738233.871696,151291605,-1.209447,3a4gQ8QzZgNd5ZYH1Gwcj2ssh8zqEzzKJHmBtSoDiRnCjWYA7z6mTNmodu7SqmJCtiBiBr7B4qQVR9bRSimVtiFU,0,1,0.8613203836263557,False
1785763527464,Insyder,FiYA1KXfzm6C9c5kneXyQomEvAixUrqUYy2NfvhEpump,1,46199,5888812391494,510455000,1830363287,1.319908,493270577.060982,1111227572,0.617957,4URnwG1FQ2DdNykLZQesGoo9AGECcmUxxDm3JXjN2EHNYeMfBrptTLBXhjinaY4DF8cDcTyHBhaGnwcPrGPosyR1,0,1,0.9663350874435199,False
1785763824145,Sheep,9opjDPgNfbeRMCtTke1FfbwcmDJ5uCRzgbtEk7e4pump,10,23637,706908720147,101250000,1665220775,1.563971,82723975.247192,1522856860,1.440133,67NCjc1Hvjj7gGVEU13xoqN2UuKMPbwS8Y8hTt7e27NcCSXYx5gcGvm8PE8LXVLRb1Jh47uhHaxZKzZnfeLQJua2,0,1,0.8170269160216493,False
1785764563590,Insyder,GsT57smkyiHj3rq6fWi5zHkWaaZACru2JeqC7C8fpump,2,99549,5020847855492,715356671,1534057637,0.818701,637689208.118744,1954736035,1.317047,8ZdTYzPfrB9bimrVvtQNW5t5CMnEYpkng9SpAZ26YXXBYfVLSGMwJhgk5MLiiM4NwgJGmDxfLm6M1eXdoRpnFxd,0,1,0.8914283377371958,False
1785764580387,Cope,J5w5iEG8PLjQHJZVHHCNaGwm1oNq7UDy74nW1md3pump,2,65998,19249083832373,932058965,1609738656,0.67768,913293961.444267,1889932121,0.976638,ti6GCvh55uFB6oVi99SbBkb3G5tQLGutBgDt8vVnWJ3QHssPVnFRpxc6gi59xT7tT9MQeaAjNGT4sTUBwKFHAxt,0,1,0.979867149761568,False
1785764646411,Monki,GsT57smkyiHj3rq6fWi5zHkWaaZACru2JeqC7C8fpump,1,104507,1877945490523,272005001,3769215993,3.497211,225142093.731827,3533306530,3.308164,5QrcsQLLWMxFRv3piyuBnouY3cMqDDQLq3ZmaXCxTWhZLW9xvVizpWiAJJj9BqCT55uXmiX3rnkQJPVNh1nom3uM,0,1,0.8277130674219736,False
1785765119556,Insyder,HJig5E8xGU1FcnowTSFQkh4E3h4nEuLGfDqtyghTpump,1,7184,806389312589,182835709,2119946132,1.93711,137952526.408844,1906606866,1.768654,4XQM3VQWom9K7Fth4CKKNbuxbre73TK2LWS6dhfHAfm3NEWNbQq33S1qhQXtDwRckPJ5myJuNTHuoQ8QufdwJGq1,0,1,0.7545163204899104,False
1785765123919,Sheep,DHvrQzPiBp6UvYt8kTohiBDk83AAVh6iJtzeYC4mpump,4,112968,791749679637,282900000,8482600843,8.199701,279175038.47377,8116473865,7.837299,4wgjCuAnme7QkggoZBDhfM4suWf36tnPEZFqYsJJj8GAH8PgsyC7c4Q3ucJYmZsRkTNznKh2wGH9hAmVJNfpLmo8,0,1,0.986832939108413,False
1785765424525,Boomer,66vxnrG1mDkNCkXjDTh9oy5FfYLS9ecx49TVbVLpump,1,4963605,20697592348986,1026555002,733332838,-0.293222,1249660890.713036,716752968,-0.532908,1BjCD4Rq2ELGZfExsTQikLrM7GiNUGKCvgz4XYVHKHLW1BpSFZPiJcDQFrUU3me6iSaEyjy9JaiYN6U5c59pEYL,0,1,1.2173345688037824,False
1785765831556,Insyder,DhqAF1UrdhZsnx696TGHVXYxmX2xZ8cvGP3PR7ropump,2,22586,21442622792127,1120719095,812087992,-0.308631,944110419.550308,947738339,0.003628,sqoSjFFkw2cNjSm2DQj5X3sZGLZXeSRCm8wfBynWDMia3J44BXemmhmFd7KKBFwbNpmyM36PhyMDuW7FejomYBo,0,1,0.8424148600326186,False
1785766089450,Sebastian,3ndMcze6Zx77RuM9d28uuFVN8ZcQCPD7tRfAHfoDpump,4,12171,1526762785,249905,2068955787,2.068706,159350.298218,2384477272,2.384318,2yXnoDz6E2XEkxJzm5XeWfyzHGHsdqRqhX9FJYrvC2GXzxvyXdZQqnXCPry83TcmYYqSZ8TH9pwURwS7xTLudXTj,0,1,0.6376434974010124,False
1785766143242,KOREAN,DKdNnw1FUUzjw1GwNnjkohHCdRxwyTQnx38oFnDMpump,1,1813,14004414606360,813497855,685594429,-0.127903,509190692.134079,511639641,0.002449,4swBfDnGFQT4eo2wDXjTHQ3PMPWt41qbPZQ2cKJG64w5ibfYeeqPfea1iMugWqZTegkkuW88uMn3aNCCRiLS7Nww,0,1,0.6259275165932416,False
1785766697314,KOREAN,FYCDJm5TiQsf4SitfDXpLVAJGYUHjn7D4tyCB4B3pump,3,5727,32788532850576,1231447342,791314228,-0.440133,945968735.308681,722422376,-0.223546,3QaEZU5zzEYiDKUAgYSfi7rGiVBwWWB75qaKyAPvU3vJqa3RWSpuDNsmH3Ue8QT46nphszzF1ERAk52yLtMzsygo,0,1,0.7681763588626764,False
1785767286116,KOREAN,7czu3GJ59sDJDnfkfdCpHWqbywdjXbMHbX8hiJzDeeh2,1,1812,33007687214051,2482935093,367599165,-2.115336,1025281006.74889,246179482,-0.779102,2J9BdDYoFUETPJBch8Vh6bCPprB277jy2QJ11esxYhjJbqVKbCAAMAeosrYw4CiAUeF4rnTRrt5uu86ayskJ9qac,0,1,0.41293105471802605,False
1785767293630,Sheep,4vapfCPwbNP6s7nsGhhiPHbcay5uvXJnvckUA7C7pump,2,19914,59503752206101,2252637343,2046668183,-0.205969,1760543483.94669,1586273049,-0.17427,5ozfF3LjSF6ebYFRx6LzkKo8wQdJHqZcDN2XmRrRnTVwAZ5PvyfPWCWD6qvn3Rkrcg5vpUJMpLHYPxcvT9gdnSbi,0,1,0.7815476776221987,False
1785767339738,KOREAN,3FBNFyQF6VK6PHKRFY7P3N9YjCRd3L38ZSG6eu5ypump,1,2060,4943153390777,221105001,366677126,0.145572,205142149.55117,363258847,0.158117,26L9Rz3Mzo4JsjpCQiycb1Xb65rNwfxDiqjbmuMh5RotwyPpKwU3cbmqvEH39fBpM9sscWJfPDMqboBF8h2HJBbg,0,1,0.9278042044429832,False
1785767516444,KOREAN,HQ6wmANsE2XxuXeDwBrE8oaBYLcfw7o5r7jcHjekpump,1,13534,25338886642223,1554522857,430132267,-1.124391,911106986.755432,190504826,-0.720602,tRez3n3vW2BVd5EzhogaohHTP3RgHyQxJFbwEuNvUctwZDmLy3Ks8GV77Q7qvepq1E1rBWaX7zhaCUaoCP7WYQ9,0,1,0.5861007335162213,False
1785767524518,Insyder,HQ6wmANsE2XxuXeDwBrE8oaBYLcfw7o5r7jcHjekpump,4,14421,25906196664142,1439579051,796312184,-0.643267,834630381.323612,857754048,0.023124,64eujUxLRJtCnoxBdLS6iw9DkRUEmpkedPBsur9C4eUeY9a72AZCPEMVpuU6ctiiSJRNEYcDCPmxgyCGcGiwech4,0,1,0.5797739142868452,False
1785767600137,KOREAN,6tSwvj4wistwBmxaXXJY3Dv6XKUrdLPQvgfZY5Ukpump,1,6478,29457598769564,1384861911,269353822,-1.115508,896197423.735825,216198428,-0.679999,42uMDgUjxUCSU5AAtDis5iQWvxywDoZBVyk6tjDYCheJTbxwJPxMHP8D2aMmNXH7x3PpNG5p5GveN6wXtXXJM3Si,0,1,0.6471384739643005,False
1785767786054,Boomer,EFnTVgehttEwcpCyWLyJ6AYWEvsHybjfiwepf3Cspump,1,4056909,13848279497693,1031629083,935849617,-0.095779,1119295888.48558,1012639667,-0.106656,23vAHsjtSuFJgXkPpafA6pVfPJNWfoAzZf6igFVrXRwmQzqSanUjwCWqa45cpbcXetgWR7uWoVoTr8rm1cn6cWFY,0,1,1.0849789977136386,False
1785767869099,KOREAN,EsJuaPmwD9zHpuufRnHZ4HnSpKFFqs6LgWnZteL6pump,1,1813,11534168607965,933244962,880513158,-0.052732,428677912.034363,489755454,0.061078,3Qu39xtMsbW9guA9W3fG3Uvkdw7KjBqAqqvgBv6Rmyze5xtncVQVu88kmAy5h9PYSR8myw6hfcbZSdoHcXcHDpCq,0,1,0.45934125496448486,False
1785767932558,KOREAN,9HvNPgVtC92iUmvLXtNan6zoMvVXR8ahrR9nHbC4pump,1,8779,17575182992878,1275064506,1088473106,-0.186591,1191228839.445885,1168365218,-0.022864,3cRTKvRiCQrfnopcdZ3xVFGtgqePWLY9CxM9NPVdoTYXFurdBLNHLLkBeBNWqhvLDh78VK7syN2ynK1u5CzAKfkm,0,1,0.9342498625288256,False
1785767939022,KOREAN,7hMpGne3XpKkaYEiRRStUcThLosVkSyDucxSw56Fpump,1,8275,6133518046237,773646695,706516465,-0.06713,668600838.570175,610373017,-0.058228,4tdKCJh2SN2G9gzJrA5veid8Dyt2C36z73dLDLBUWCS3RgzvLVkvcCmhEDaddA2X7gGBj7y8QQyQPUxuP6YUuhku,0,1,0.8642198601652077,False
1785768139408,KOREAN,5CqEMQVF9ThnEgzKZTHhPSomYLrY7XQKGdAT1ayJpump,1,6770,15646769733653,1673913758,316610398,-1.357303,1025730285.208015,238304118,-0.787426,8EZFULC9Um4BEcwfVm3vyTmhbMsQmdxCkvxee2goTcGFgMzwW7KcqGnAEMuZi6A8GzMwLkc2gYEzBUTe4KGtz3c,0,1,0.612773675050955,False
1785768148180,KOREAN,eqzzVVU7dBery8nMEbWs9Z15LsGARifPzCnF4Y8pump,1,6737,17175485899957,1651616750,1428652509,-0.222964,935027772.147598,706613425,-0.228414,619FWFSYvKV5AB3MutLam5tmSffafzuvUV7QNT28urGERZY9ghRNpg45wj1zGw3gW6sT1S6Gx7XY6PvpDsxWnBXN,0,1,0.56612877784607,False
1785768170124,Insyder,DExD8Qss4WrjGReLzCrZeTvJy4EbKcdgoA2gA2jFpump,3,185301,4477890494319,1156502368,1415729123,0.259227,947112917.84877,1950218955,1.003106,5JpDuFhEK7HN3EJBGCbQ1PySurngvHmkDo9SLrwgNvcuKcEvdM3r3nkUB1Zi8G4N2df1cp8GJ3Yb89LUL7WSCfQL,0,1,0.8189459391135203,False
1785768360886,Tom,6hsxHe8x2ZEQZxDCcPuzWwqioCATEyhBp5Vtwp28pump,1,16318,31399835546629,1604079081,922473986,-0.681605,989737578.889404,930703532,-0.059034,2EpLvgWtuRArkU5gwvC1SQ8CVN59dkwifvUGvtvN4sMiqAVYdGE5s5ZsJLK73Y8uViayMvaUndpoPnFgASBUCY6X,0,1,0.617012958159389,False
1785768486020,KOREAN,5FRByk5amxVuG8eDSJUZk7ERCaprgKGUJJbC8xdjpump,1,26158,15136120998164,1653412897,783502767,-0.86991,441107037.388832,421626040,-0.019481,Joo8R9LAucu6QvbSqV3sEuLdVyvjT5GDVYoANJBkQUzUKWgEXAvS8YuDoQrKTRo2FrsqAsDtJbQyD4otgak3Edm,0,1,0.26678577274266413,True
1785768488675,Insyder,GVh6RNjan7dGFA81s4Y926Z4TwPiWPDQYQN3ZQfYpump,2,15230,4066537523476,377331488,1087901650,0.71057,240778069.52446,852386560,0.611608,39fgXku784ssxx52urX3jpEif916AMwpYmGkrBpR6YRnGqTwyDBHYC78M28yoNgmHuvkDS8nZwaa74cenPHRN3zA,0,1,0.6381075451738074,False
1785768516073,KOREAN,FsoakgZcXnStDcbKhMXNMbmEt5xAitkG6FBQp9Sqpump,1,11310,34975568114397,2719045041,481501749,-2.237543,1119852674.870766,254825246,-0.865027,5vRVEAtjWzBcLoVxCCfLPS8C36tCVnE72MTdzKyMxsbGXDgeC7YBs8HRTZM1S42XvsGsTAFJgE2XRDYe2wtbizMU,0,1,0.411855139574632,False
1785768660850,Sheep,4Ra8qRgqjeDkKpJxasHDws9iS8oU1LGvMehv8eBtpump,4,21426,34723278901799,1509209623,980821767,-0.528388,1307452773.990322,940395843,-0.367057,3EkSxEkaDei8PLdPCcfDEVuzRA8xcWTWBTJyHqf7FVqEy37ZpCQ9XSyKJcyJXg4zzM5YEWGPQ4eRqrvidsHH9ap6,0,1,0.8663162188108591,False
1785768709532,KOREAN,3dYuMZfiyqKSir6ECxQvw5B2nw5pmwQbQK7wG7X2pump,1,1812,23920385684558,990866605,883412022,-0.107455,711650387.852165,680013208,-0.031637,39KN9QTHKHzwsrTFf58Lt5HGCU8FXn3JZ8Yav7fugB8bhxvXeGvQQvoM2gfC9UEzCqV2p1KbQ42CnEQ61EWWjd6P,0,1,0.7182100842445538,False
1785768717972,KOREAN,8H8zFa4WEheMP5w7BvZc3L5BS8Wwr9geHYaqo6RwmAJS,1,6622,34129000592913,1566295559,1570918359,0.004623,997419549.040104,982592902,-0.014827,4ZfiiwyFLGezGacdTfKwkSCJyRjyAfGrsvuvyQVNduzwBntiVA8ssAZtu1tpDwzDtgoN47198JeXdzwYjKQoyTXT,0,1,0.6368016197893747,False
1785768763835,Insyder,E93o4kNUZEnfqdaS8vKW1aPQwdBTbycjiyfvYNsYpump,1,13847,23665682058120,1127703159,854513362,-0.27319,758981845.902035,689643044,-0.069339,3mYnAqKKpi2cTGb8ND193dpVVkapahY926ptRBsVK8NFtSq2RxvpSzy7gSb17HRqGzr285txQkYku8pNEWgxh1FJ,0,1,0.6730333597496245,False
1785768949002,Kadenox,2ieAZPNosF2MdnFtyijxbLHMsGaavWn31TGvfNQypump,1,11466,11442072144654,923640304,625587434,-0.298053,391093387.587116,370173531,-0.02092,bU5sZ3WieBx37PC6Qc2DdBDsVjDb5KsksGP9bRHkX2V2q51R7u56r1EPybL7Nrx9C4EjvWzxE2uTZox9ktcNNE8,0,1,0.42342607386599707,False
1785768992558,Insyder,A28MtRdDhLoU4c1pKzc5dtBZcMa5aeDivMCVdAfsm7v2,3,15794,16915183243571,1260985986,619024776,-0.641961,670064245.58807,533724886,-0.136339,5ECb8UXk7eEy4kH1nZneDAbxQFTMxbxPLWirXGDx3VFPdtAWQ4VCAT6LDpHkJuzqtpCWiDbQH5qdUCgjMHpWhZEh,0,1,0.5313811993371907,False
1785769019244,Insyder,4W28jW8h2hX78A73N1kLSN2e4FrVgzfQZocBhmfGpump,1,1818,29589696928063,1170145500,864701190,-0.305444,930111693.038837,845554543,-0.084557,2GYn9dJ5RfAigNrkwAMY23BHvGyf9mk3HugkquyQdui3w1k94CLX7d2WF3GduN9PZaN7HKN7EmNjR2v18SWRayMJ,0,1,0.7948684099873365,False
1785769348444,Insyder,5ZKY4SEBQE5GACsK6L4zAdWoC67gBCGFM1X9T97Gpump,1,22602,19589186536233,1289521870,566915603,-0.722606,925239806.107254,585264867,-0.339975,3oUccTE4ycWZUHyahSbrekWRLAfgfkppy5fxqiHM5Wj7ZQ6WAdiFsyN8e68CuS8QAtEjgpX2n3xRVJEqJj8opSua,0,1,0.7175060986807879,False
1785769398395,Insyder,Df3Zxv9rJ2YKfPAq46i39sL1GGPrH5Ap3vjH37eMpump,4,16884,893541470830,195962096,432779485,0.236817,94462718.122192,352391773,0.257929,5pK5JdBH7CUfQPM8inWaxhMNnpowpdKDXuj8S6ujQZJ7cupRCGhoc5sMw6DNB8vs3op15csfdC2UcUgjeF9Q7LTT,0,1,0.482045865248308,False
1785769530341,KOREAN,E2wX4JFwtQ2XojuGdLie7fmhMEFWCE7xr9tBnA4bpump,1,12603,10463263536534,850677170,504389614,-0.346288,489202928.503151,620210788,0.131008,4pyEmWkqi6X6kUox3Z57ytiwcz4eysKBBR9zp9576siKoCwm4Hq6CzWCPzLFeDN8xwpN63iTEot1BaTxqW9hmgT8,0,1,0.5750747119534794,False
1785769558126,KOREAN,6hK38YtinUvhThVdnUtW1fAoLBxeavpWojqW79S5pump,1,1823,15384964563254,1473778638,179332367,-1.294446,474330998.057915,116375908,-0.357955,4ABAUY2sfTzNuN4zoBjQ327fPs73eLMZbK68u6xzQZc7cE6cc14Jh2enyLJETxYhEVHdvVbGyjLHWJEoNDuJLTry,0,1,0.32184684037869393,True
1785769700485,KOREAN,87cp1KSQyY2ZK43uoUQFgMie4VUZTB4J2L4K2GgXpump,1,1810,19376843372571,1519513045,1152065807,-0.367447,585312015.266422,561721433,-0.023591,3goW4tvYcNC1X5iRjBnW3gxcbCzwf7igT1oeXhUdjcn2k6MYmCyWBfsLC6Va6A1cp14MckdnEdi5sxnFGMywKjVX,0,1,0.385197097973201,False
1785769859423,KOREAN,FUWHpr67qm7EL5qFmThRsCaYXK85EhUTbwKVMHPxpump,1,6684,12322944710712,1255768891,737784110,-0.517985,623658652.030594,641192408,0.017534,3fu71Knps6SE8EVG5cyh3mLPun557WQXjK4z4NWLbQT6AHEv6Ho6ASWnfZmw4k2oGRCvuG3GTGPdZ9H9Mray4ups,0,1,0.49663489556104473,False
1785770254194,KOREAN,4N5zaKJ6EoWFp5Wh37PpSfQ58RTFgtfZ6kr9FUB6pump,1,1848,18265963777707,1405705963,244167011,-1.161539,600348707.6968,146671888,-0.453677,4PmxsZC1BH92itiQxmy5PHxmt762DDW5pV67JrU9z4wsDNm7M12DuJzkof9niERmZs8jhdGn7L793FwDmrj7mQTe,0,1,0.4270798612930121,False
1785770272462,Kadenox,3xqvBMrMuM3GoUReLXDNd3yQapWQ5hHVLeh6C9y96hce,1,57160,5062307532917,999480337,1009503471,0.010023,949517465.310257,948663673,-0.000854,38JATGeLFohUptYszWgc1feZ2xsdupqPNXupnCMFUEFPjEDVJqg7tiytK8CsFrrUs5378t2GZo2nKh4s7pNhgzRV,0,1,0.9500111509549957,False
1785770439517,Kadenox,5MUrfx2kwdW515MtP2ahT3s5C4Q7vbBqYPbEHZQfpump,1,11754,25290755639150,1057539359,866026548,-0.191513,884496439.139153,860335671,-0.024161,Xcus9zNCCrVTEYJWEupk9ctj1Yytex3BLbjRJK7vaZUEzqYGW9esFpJRxp2Ge4iPweC9doEJHaSvKEWz9SKEHLq,0,1,0.8363721232801445,False
1785770556010,KOREAN,F61f7FuSpUrG3CEQ2U7TxmNfnb4UKiqY3CJByJvopump,1,11603,19831341888821,2163369127,823290585,-1.340079,618174134.81469,585200820,-0.032973,5rPZF4bhNvn1MwEcdHxQy3ZSwPqcEtqmEf1c3gYZtwzeGud56kPRyqVrLPA49aUjDjBLJq6MfcTZd3y2QgYUQBpM,0,1,0.28574602785051667,True
1785770660895,Monki,2dTu34kzDy6geqAfa8HeLuJD2WnzJkDE3QFP9fz9pump,1,6561,97545454545454,3048926880,3090984374,0.042057,3072663335.270714,2547218097,-0.525445,32LhwfP4sb3QN5VDNoqRoBixVFUDYRQHqSy4qxwC7EQZZnWh8HQjoBw1yihHn8BK9cLYHz1QWBsXYbGS7nbss5gq,0,1,1.00778518351044,False
1785770683606,Monki,5hFWdJkd6ByvoExXvnSzW2kwjB3XmXugfhPzwsB3pump,1,1824,97545454545454,3078982560,3510466598,0.431484,3200758457.53447,2652032608,-0.548726,3rvhTKxMdaMj7kxsvexNtfchjZT9Vcr1cCxYu9nnJDAtLb4pKN2GkeTAL5W1HTVqawGiYCkHLUcJEAZrBDL7nxJj,0,1,1.0395506941534836,False
1785770709013,Monki,HpzpdrNJv2abf2BQNbQNBjWWBQ1amYx1X8mwEkzgpump,1,1809,97545454545454,3049010400,3300908007,0.251898,3168216454.902931,2619197824,-0.549019,2Bp2Q8Akawjjd1i8ndY4bcDSrszCPTPxHYGNkMniS1uEbyVEc9TyawV83bxR2vv2DfqnxHpbWKJSsenK7YqGw52b,0,1,1.0390966376837978,False
1785770721728,Kadenox,6wdTbFQJSVqmedzEuViK6bSnoqVpRrekqKSJhSQtpump,2,10122,9762494217,3050599,1761927190,1.758877,409370.663483,720220186,0.719811,2dEr4w6QEMb5z81T6LimDh517yA3ZBax8bqDnvGeqRUpQzs67AVPA8gJ1dM8YoP5qanadhfZaHfMHjStGa639EJT,0,1,0.1341935349362535,True
1785770729811,Monki,4PEV25UQhNubYbcZy6x3pn9XJKm9KEqXQpBz61FCpump,1,1827,97545454545454,3048912960,3662961483,0.614049,3199907775.763412,2651391142,-0.548517,2q2jZz7V6P7PnvgivwUykX7ep5yPyNJuuFpBjR9m23dXzyuLibjbmRztcK7wfN51wLFjoctmFGFCFqqxvP2i1g72,0,1,1.0495241477026003,False
1785770748659,Monki,6JhnPfuQ3uAYc6chL59K7sw4A4szBR9PJvo1c8DSpump,1,1820,97545454545454,3079045200,3161995023,0.08295,3157774110.854671,2619590843,-0.538183,2MJjZEVhy9PXdc8m3gVQow6EL2jd3X1qbB451z579dhgTR9M3ZZDi1zhTvsxsQyTWzEss5PFVKYpGZuNy9dT6oWH,0,1,1.025569261164036,False
1785770810392,Kadenox,AETNhwnSK58CnYAwTHQg3Gbzm32m5uuxaHvC2619pump,1,6558,39242974386867,1398945382,1142827238,-0.256118,1212626076.995522,1124477887,-0.088148,4V4vwYw66gkFkRM9APEzV8oyZjmVZPYYvao8Pb83A9AZAGkbzrh7oAzKmuwtSYHNEGBD9dnsC82kRmUFdc9VKmxK,0,1,0.8668144536578641,False
1785771380315,Insyder,FbabiervzB6reZPQoDGTwEcfyLuRWEZ9sJydtZAdpump,4,12284,11881440546614,2177393540,1253194361,-0.924199,590287437.441246,521704772,-0.068583,49Vj6h4Wqbdf6z9XbydA43KHhF4Ygt84t8uLazvX2B5g9pzFbtXjBnKxpvEeqnYFhi9gSqCkp2tXLKmMQYCzCR6Q,0,1,0.27109818532907287,True
1785771807110,Doji,9TcgbDHB4tqu2N61HPEBSLWSUUcvyY9egRaoLiyCpump,1,93735,18688771524014,1975854313,943840752,-1.032014,1655579830.873863,1225409989,-0.43017,2X2nwoEMLS2b4fiE29x8PibCHnixa2pm6RNqTdqecEFpQkwXKa7FM45x2p2TRqfQrgRf3v8TnVrpWWX2xJfEaFGr,0,1,0.8379058212850448,False
1785770951951,Cope,J5w5iEG8PLjQHJZVHHCNaGwm1oNq7UDy74nW1md3pump,5,12931,66467288532252,4140627626,1124214159,-3.016413,1955829806.99519,800834834,-1.154995,hTh1xjbg8XL8UkYd9bUu9y1Rg8LS7qmunpFsG6K2fnQdyANttnVm4zWLQtz9CEz4stVcz5SivLp2AP8s8uACrag,0,1,0.47235105004711425,False
1785772462828,KOREAN,9f6Ce7ZKoQ9RP9FMcw9k4VrpsCS3U1Q9NYJxHWUKpump,1,16188,10620398785771,816244249,657101000,-0.159143,671479880.787552,756750901,0.085271,vYgPLQ5JppSrVoPk6BqR4y6rNVbSrFWG841FCrz1VYFja2ZwL6Nkur4Qvm5CPL4AjDx6neSocr7VV9bQj9SaEBy,0,1,0.8226457725248267,False
1785773338707,KOREAN,4J4Zx6EiK3ATqhC9U83f33PUWKbNuxmEvivY97dfpump,1,7541,19158039347429,860654487,861368016,0.000714,574539575.014954,553566958,-0.020973,45ULoaVhj1h967XVp7ibX5EioBKv1ZGGYhYZcVUg5NatdiQmL762dbtxzKY3cq36eVViXa4uRhqYLn9Q9QwDJ2E8,0,1,0.6675612382126046,False
1785773637402,KOREAN,Dx4YxhaGCkYyodM16Ygfd57Z7YLSQtutiRkqgLw7pump,1,6469,7499830325855,1201992169,908432040,-0.29356,1138337432.712814,947671922,-0.190666,5sqmdUSqPhgACw1R7f6o5R2n86gPKPh9tZsDWxP4xyaX3VZePpj6qae1Raz85STDZ6QRWmrmtzzL9A93F2nph4Jy,0,1,0.9470423036614759,False
1785773733199,KOREAN,BDgmnZA1bQs4arsHyzkEXW24jgzJeEtuFygku9pCpump,1,6555,22784411817012,1672907028,759745396,-0.913162,752127973.054138,718945602,-0.033182,4Tx2xU6xLhHE6rLLYhvtvTUAaQxX9joNChyj3GLyGqGXvvBFLrdU7ov5VaackqsJ8KyAx3LChHghzaxbC3vzRyWh,0,1,0.4495934086386885,False
1785774156886,KOREAN,CtWP9TXmy1hdSaBQVmkEQKSzZLDiK7tKRZgiAWxfpump,4,12384,38708050920015,2348535271,337584279,-2.010951,1202691571.525112,289877922,-0.912814,2Nr3rqpvZtuymtmyuLrJSgDfTaFhdYNEYKNgcDaRp2dTVY4ffuNaFc1F69S74KrTKcRkJE1cLcWr36oaB1CkPFTe,0,1,0.5121028354890361,False
1785774662852,Monki,BX41pUJob1xNWQYmZTsr8DsJnvM7BjpGEVQWe3N2pump,1,1818,3564784053156,122788240,82205719,-0.040583,100000000.00333,99337748,-0.000662,4CYdkdq44hKivr7z2fWymsd1NLfsXXo3zS8vum2MAmLeTx5wjGRTKJSNCfivkvcNcfk4t6vB2rx91grikjo5298e,0,1,0.8144102399654072,False
1785774701072,Monki,DGimB5RyfzqGGSTAy6hGQAr8RNXKqiVgBaU8QeeFpump,1,1815,97545454545454,3079086960,2947994999,-0.131092,3000557097.472263,2500423713,-0.500133,3TcG2jyaT4E7UFvtxbohZPE6dVrDUzNfgin73NgZTsDuqqWK36vZiGURJzdMPhJFSQpLnRJ9hreWmACdDk8scJXZ,0,1,0.9744957308618081,False
1785774899202,Monki,7Q3Fs8A4cHPpKBWYqQzwPvfH1X3HSmj6eMdoPD9Bpump,3,298621,18996753094300,2363443317,4201990487,1.838547,1801625133.206818,3538040925,1.736416,WRMes3idXucUwyXe2UV5z5KVQZmKCE9zbdzbZiWtTc9SEqYxEh7QDELpMXYFy3bi3Uafoa4U9HJZnCfFtv5QLf1,0,1,0.7622882767053973,False
1785775072399,KOREAN,5Yq2WNVueCFW4B7v9EeKiduox4jnDy8D2dGpFoRopump,1,1820,24138982240939,1216839108,236343423,-0.980496,730033732.980663,177263025,-0.552771,46AN78WSS4JXxPS4z7jPMsh9hH8RbwbjkoiUtXfDpk3aTr7bA9sAv3EtEox7jn7gBcUxbfmWudxQGh94V91Zbjyd,0,1,0.5999426942979736,False
1785775355880,KOREAN,AMERCW7PfTZXRMi9KDdxXPezP3yVBUwf8fHYcqXypump,1,6802,21684492880055,1518470549,1611259683,0.092789,722893632.675037,691784516,-0.031109,5NUudGML9peFjoeiLrB584SjUZzXCpVs97vEDrLXMggir3dct2R8J3q7sHhVaXTRyrdrTj6wM6dorEmqbT1dCm2k,0,1,0.4760669432483257,False
1785775650187,KOREAN,5jjnG8fY29DTaFoGDxuPAMYuqxuBFS6xmYnQbwPdpump,1,1819,5944645976923,1424236463,2019689247,0.595453,435108541.517593,436819306,0.001711,5yj4pcnNT7dqG2jxX38aaRTnCfwvLQrwtfjuktbwDGuojUBySTqK1CSftX1ChdPNM6ygLjFbiXdQuothpZEG2Pvv,0,1,0.3055030206157508,True
1785775842810,Tom,AMzdnsWmHwucE6Lzr6pgNRNwpAfoDCn6PR7QwB2Tpump,1,6571,26590549768444,4804079080,2059097271,-2.744982,4058156373.8526,2011963263,-2.046193,2Dy7QxdKdepS51VjTaiWCaeyoUboq6PbAMioaijosGnsQsCF5Et5tM5PP5i3PAKku6pF5qMDbawFt8hzonU8bbVD,0,1,0.8447313847824087,False
1785776674873,KOREAN,6G9DHCz1QgT7Bj3yy7hwWLNQx7p9nh57q9ogv5sWpump,1,16273,11843017211594,1189591208,935401935,-0.254189,1102253316.769478,1228569328,0.126316,4jq3F8BMfGbLkzfW74YzRsJZzdp8rBEVz12rkVXuU6UndafaHdGxja93xAqvL2vjKjRkPEkMu9QVZdpVtRrs5Qko,0,1,0.926581593203468,False
1785777514433,KOREAN,92zT2TWwvAhMPUEHCQvv9ypK23yJrbiAGE2y8r2vNYLn,1,1825,51611961740165,2461524428,2461125533,-0.000399,1616949274.123009,1464018544,-0.152931,2i9V4UqYhSPM5SrzSqcg9nNWgJjRtp2aPLVJCbabd6PmCvMQsxscLb5RK3p2igKF48uReufv54ZpugsBM5zKe6N9,0,1,0.6568893876209824,False
1785777532187,KOREAN,3UDnNoMEbvVkHNJmB3h2737ZfnatZLuUwjohwCdapump,1,15944,19807886136076,2422582072,1983447527,-0.439135,1720056342.688614,1439426709,-0.28063,2n4HjwmN8fzNuyzsUdfWsD1RgNnGwsid2EuKydhix9VzLCRciVsTp47cn3R6iqJ6kGhtwusetQiLPSCjBKbdzd1Q,0,1,0.7100095235446843,False
1785777825964,KOREAN,7rv3FDE2UjVKG4YXGAN66JFVqT3aDCLzQb7DHgtJMUCo,1,1814,21131567090517,1357006537,1522310361,0.165304,699104636.98175,668501687,-0.030603,4qQrFadgkcc3BfFw9Jk6yx3C1QT7CcVKWXAgN31ACMwzxiWGajpyef11KM2CpjsvCtxFGqSSrCQnMhvU5L1NFyq6,0,1,0.5151814806487922,False
1785777834549,KOREAN,7rv3FDE2UjVKG4YXGAN66JFVqT3aDCLzQb7DHgtJMUCo,1,1812,14372849115902,935856108,917030325,-0.018826,442757762.315411,430564623,-0.012193,3kJj2crnPEJAMeh26Wq72hzUtiU74S7myKnM8YmrMv1qyQAQBr7BVhRUBF8NVr1QZZGQ51ud7orLMoV6wsa1WzsB,0,1,0.4731045280685511,False
1785778058815,Tom,Eia2tqy6ypWbts3Hf86PmJtK9Ddy4D9aYxHxzt1opump,1,1855,70355084082751,5042079080,387883320,-4.654196,2223804772.839687,315088913,-1.908716,4yrkAAjUa4s3Fd12z3ZhjHfFu1CJLPs4CEvcnWQbxykd6pv8z49vvriTtXpm8RnmE9AUXihNtQk8vmrbvbeFqjow,0,1,0.44104916594042926,False
1785778113213,KOREAN,4fPqBx6YCmMfVRLeCw8RvmKhqmiDWaYJUPp4d7FEpump,1,108020,14929909601370,1671314356,1255396617,-0.415918,1548309390.996719,1352560204,-0.195749,5yMKvUDVRdb2XfSpzEsYdNwnMTp6ASEEDkTG6hY5BfUdhuLmV4Qh11ZgzA8vFgX9ndostczciUVrQzWhPS3Qm2h4,0,1,0.9264022566660217,False
1785778169078,Cope,BVEWLTDDHp5adyM3fqjswMjc57LAyZ7PzQJKv2vzpump,1,25805,22273056519621,1266791588,773668686,-0.493123,961537171.33094,938236243,-0.023301,33CtMmjH4yeynsW2pZ67m2guGMTjTAfkgJ2rKnBWyvUNMujfZ9KsTH3Y38vwDZmYPeGGg1cTKJKDR4fTG7qTMVQV,0,1,0.7590334356806133,False
1785778446394,KOREAN,BGNrX2VdCeJrpEimfonRBfJ2FRnuVGVKBZzmEEpppump,1,10509,24462045536809,1347958783,1035112654,-0.312846,757333332.748314,712132153,-0.045201,2WKaPFyJ8GYgcPzhcJbchisqtQ4qKKohrZL3Wauo15ToivpK9z7ynACNThhaUvdynBAVUMDY744niKTYowgWyBg,0,1,0.5618371587466514,False
1785778652178,KOREAN,EQnMqdXAvXGBPeuonSq8WV9PGK63xp2wH4GydvgJpump,1,1872,24437046839797,1305327713,986945008,-0.318383,818200253.93322,727649683,-0.090551,2LbezGpLt1mbUNzR51CJJzaJnvizuV8ECUyESvxeLLyC8QRrd3mbxdLUTwcvNYs67eJjvCRiwU4ue4yxdFhz5r7N,0,1,0.6268159679631501,False
1785780165210,Dani,7Q3Fs8A4cHPpKBWYqQzwPvfH1X3HSmj6eMdoPD9Bpump,2,5394588,4751586450658,1114607291,2967583780,1.852976,1090627985.428787,2464580592,1.373953,2TPC55jiyL7fsqC35M8q4J7zisYYk4TgF1UqJCsNSCnY45Doe3mD9RpcHbCmmWgQY7Hi2j6SeERMFhP5zJnHvprk,0,1,0.9784863191145113,False
1785782106430,Doji,7JRn5sDXecw5d6tkNUP1spiKtKmtGwwJ65dgqHdWpump,1,163452,15015832842459,1932503803,1336602006,-0.595902,1550688131.292053,1316954056,-0.233734,4wswDtuqietFTTiz3PvdWwKaXgzNvqdgXB9uTr2yYfXt15cRkg93dA9RqVaup2eFL5DuoHmx6gZQfGJCTzHPRsRu,0,1,0.8024243620554743,False
1785782120889,Doji,6oMhKC6raS4cT8oLeXjZnPYZWf3jxYo2Zz2ve7mGpump,1,7279,16084393847976,699391862,639266691,-0.060125,586796241.614388,492763296,-0.094033,KZ2yt8acfZmtcN3R6ZYVDWUfCNoGxNd9kBnGXUErKbn7s3rhCweY44HiFxyok4pVmsXRoiRVKagNNYP79fxuTJr,0,1,0.8390092500309762,False
1785782188504,Doji,7JRn5sDXecw5d6tkNUP1spiKtKmtGwwJ65dgqHdWpump,1,16222,4733409256344,521454630,1060991419,0.539537,447908588.172531,982926764,0.535018,2Vhm3xV98s6sCiyNex2iWRdmLq2LmPWLT2SouyArbLVtF44wDWisvSkb1sPUq8jpFUFV1JdbuuXDwQXytWLkahbw,0,1,0.8589598450253112,False
1785783842473,Cope,HcCXNmjuzgTr9wjMmXP1iHivztDtMoWvZTYBUYzYpump,1,6671,17936911764025,1268178315,504026664,-0.764152,513390660.044228,496454328,-0.016936,5GeStL6D5gx5rSNZBo7t7kHmDp5FeBTrEGTbSQYtEg9GJY7DCbyYqy4upL28Cpc3Voit59YKZE9s19dB99SJ1GAt,0,1,0.4048252946544256,False
1785784055331,Monki,9wzB3LmV9BGKHTDmdvnAEDdGs6tFHwx8t8thYs3Ppump,1,6749,5433882338117,381278066,1369734136,0.988456,337284345.328613,1859322704,1.522038,37Jc5GBcWFWHQxfTzEYWiE7R15SwmdacpmVHvoZoGUmwbKWRRYdVooSiRrLwEQZ8risWx9r6DmvT31Y4Nm7hTfgA,0,1,0.884615128446998,False
1785784315583,Cope,6zxCWnR1dbXvuPJnfUgfRaUSvg1BwZTh5uamRDFbpump,1,7048,16591614354607,2538518219,2460506554,-0.078012,1917791572.711426,1955912068,0.03812,282uEVTa5e9YowLLJa7zsdcPTC7R1NbjUL1w6gsGbn7jUNu9BxgdB5mV6AGf62zU7th5vfsH8yLjcPDggyHEanra,0,1,0.7554767810439047,False
1785784463289,Cope,4JLEeGEnq6V1BpddQp5xKjxno1u3C68sySZSA2r3pump,1,1841,44768247177654,2529490113,2411413585,-0.118077,2351933857.8871,2104258071,-0.247676,V97z8qpRh28RnWxN3QULhMZ7yCz9knEebxTHBVtMBKGa8t7ZffGC7QPWxAzU2k8EJyJ3FnfCxwP8DxiT3TuNami,0,1,0.9298055152695116,False
1785784646986,Monki,9wSjUQLbjsWicbsFhXtksQ6pxJcySyYRZN5wpbivUz7s,1,26128,11109939271353,2260896305,1062910992,-1.197985,350705413.229843,326992068,-0.023713,25tgXhXQLgTr3sUiAJ3wzn9gfC7aVCtwMEaNiQm8KsTeRcXe6rSdyEhuouqYd8jMJW9v1GpyT14qfGhfUsBkphve,0,1,0.15511786739367642,True
1785784842163,Insyder,FcNDMh3dpvrCSBebgb8PgJ7qoZCPRENx2YvRy7Cspump,1,16297,769650597785,53163210,890233589,0.83707,32415523.1763,737039753,0.704624,4CsoAqDJZb6sRgSk6YzdTvr4e126jSB1EXPqXEu1msyxUrxcYPWA6KByDRB4yEP7mRgfC2QkJkQ2ohcgPt3PGyZx,0,1,0.6097360030799495,False
1785786296088,Cope,4ajBzpQkSCkXtFUBpMqUNUfvLkeHPSn7hgNSttrdpump,2,98902,12549224399032,2530308530,1212362228,-1.317946,1468068008.174103,1345288458,-0.12278,3GyD3xSaJqZ4AcHWTZoUUrqMgSNAVxPV5bbzRAK8wtCQWkrKH5xgNLNn2aMBFApH6EPxfkZvmDErCK1nmHM9mwGd,0,1,0.5801932810834349,False
1785786760919,Monki,A8ygNR4CieoRiBoXfns3PTgnXBneAwsCZRshJeiYpump,2,27043,21889984651277,2130105354,1594959474,-0.535146,1865023083.569656,1654313213,-0.21071,2WhfuHKpJYNt1a49SBt6th7EoxxGTVWmq9hK2FR1wgn8axBeoxqV72g1gAHpKeKCroCCVQinELbPwk9CJGEMP9Hs,0,1,0.8755543851704041,False
1785786822776,Monki,58Wa2A1peG1UNW8WdCW4Cr5iAxPB23QEb74T17p2pump,1,6589,97545454545454,3048912960,3252789934,0.203877,3170561155.489109,2619590843,-0.55097,4BAprB4b92g4qT5pGVjewucYsVjTAbM53BezPDG4kjTkftACw5vivkH3k8Xauz9CiQyXPSCniwB62kjY1Sev3bFQ,0,1,1.0398988744792206,False
1785786871058,Insyder,pu1AJ8fUgUhRYh6Y2dHq3pTGmkQTRmyVJnpJNPYpump,2,8666,13036808830222,1605979501,1138355204,-0.467624,569500152.869049,456972154,-0.112528,3GLx95pPQNxs6DqYt9LwSD35Sf148MisGno9pQv1YutvSJ9M9w5p4G4NmzRxeTtbuPD4Cor1Urs1upak7MZ62YAd,0,1,0.3546123425077572,False
1785786877019,Monki,pu1AJ8fUgUhRYh6Y2dHq3pTGmkQTRmyVJnpJNPYpump,2,21046,5165102472977,663457010,2895543052,2.232086,433727067.62825,1097544252,0.663817,4mAf3RCXxvJsFN8GQujwroZFzZzVqpRCnXBoJ3aHKx89Tn5PDgKoXTb1Z9Gr7JT9VCJdaU3NwhYvnddnFQ6aLrFA,0,1,0.6537380133013442,False
1785787185787,Monki,3mFyxXxsMQMiP2QyFkxxRixfQkhYKPwWFzG4QFVRpump,1,1832,3564784053156,168423440,84244999,-0.084178,100000000.006664,99337748,-0.000662,23eLb3yGQd4VUs79GtHWvKB92VnHRXRubbtUQjXcY93KCarmYbpcQVNtNcMzND36yeVoMvjxVQyL7v1VV1Nngm4Z,0,1,0.5937415837526178,False
1785787349725,Insyder,HBsgzYumCT2p4KBF2D9PF1cy7V9bBjRZymJE7xsLpump,1,17348,15099932800454,1773261088,1665653416,-0.107608,1336825170.018852,1119678939,-0.217146,3Si5sLYapZQoe92WoZsWz9DYMeNHRj8bo1fns7RohFUgAD7io1wTT5gSk1qzVQxbjWfstFw9diqHdWrydb83vicG,0,1,0.7538794930229992,False
1785787821212,Monki,5TZdiPEZB8YKSRdSciMQVwj2c9MnoCRf7MwbLGfapump,1,44936,2495712339446,345716079,1679624110,1.333908,310270510.983757,2732083573,2.421813,68zRo34JEN9RAHhwQoZZjfCcvANPPfmCFRe5fwfoucKhtysYQEHNNuBxgDJSS4JPHmUnPaxUA7WX4Ug1gWo4GpK,0,1,0.8974720293057501,False
1785787841079,KOREAN,7dMswoY5pEgwuzaCrFES2FvdizusQmpgHDEVanW5pump,3,10719,5786165913972,316170220,1819285949,1.503116,199097382.097202,1223594362,1.024497,TbqvpP4Ro18SaBaQrCjE8pf7rxbt91QpEZjmujRGcTTCbFdwa9cjF3WrQf78p5QPAiV11PNEJWuaBgX4JCvZUnS,0,1,0.6297157970703313,False
1785788064041,Insyder,25iS3NWGoWhj8H3FvpYErbbmMa6qzFt26o8wvPYCpump,1,6751,23158599070471,1089495650,1110643932,0.021148,808648707.685757,768743418,-0.039905,fPcxrBKC1T4rV244stB5CSTYnivM6LKZHwpQYjyecZZVmntBEDysqGrgCjFM4zWyarKvQLPUTFeh2VkfrSxAn5D,0,1,0.7422229796748221,False
1785788189412,Insyder,4FfYXc9ok4bmf77wpPtZnGyxUdDBBqAshz5dDxxKpump,1,35605,408450993627,37980873,1035625432,0.997645,25433708.745438,1323447436,1.298014,5cvhJLUGHEj45dxJxTPMuAz4GgEHJHhPEyCeHXzjqmwA2oKyzc6kwBQ3JVj2kqNn6qNBjAufRpLobcPa2Azp8MyZ,0,1,0.6696451854973949,False
1785788434741,Monki,BDQQnmMtpug49a4XshKynfBXgkC5HsMcT2W3sJZJpump,1,1810,97545454545454,3048885120,3388371929,0.339487,3056772137.65456,2543126477,-0.513646,AWWZjS2cosLEzHRZF57bCQvpZ9cijkr8MJ5BGpC25pQ3gqb9BUDuvnqKWgBUR9d27Sy3gXsqTEhsh4Vos3a4332,0,1,1.002586853011556,False
1785789081800,Insyder,DZpq2n65iGDyUKSyd6psqWuJiZDTXHP3WRwx7obTpump,1,307280,22975898911753,5012529080,835697281,-4.176832,2955034716.989098,821008003,-2.134027,53iKUtUbLeEdZPPrsHoGsGfmsLv3mE384NmP8kgSndxVtWE4CES1hKdSr8duXEvxmPWUsP2KnNCTEFZTVt1RTHLf,0,1,0.5895296904669725,False
1785789318515,KOREAN,8NCUfq4zbcrgtTb5UHSrrXrKyUTY18Hyy9YZFM2hZ7tQ,1,1818,35429554628033,1626796727,1001313074,-0.625484,1166715114.53294,1087374609,-0.079341,3cN4ycfQBPZEa746H4Sw6sD6xmJ3UNWrXv2SeBWFoTnMF5vZVxNuqvTVEzASp8SDTfcQFUFDHDY7rEdCveH3dTq3,0,1,0.7171855556191686,False
1785789357066,Monki,EYwKUAuzmAsFdTH79mEWB5yAGTW7pHoZ6RyBXjXnpump,1,1809,2539779554302,357729596,1314043185,0.956314,116191394.713539,597672811,0.481481,vy9QF5JqEtneqHZyAHmxpm74gEpAVBVcvL1jKDE2oMo3NKrSizu3y4YsuUJZjAXqzE7UMS6KERUXEw21Zp9Vq9w,0,1,0.3248022976369532,True
1785789789153,Insyder,6teXTXs71U2b2Con1549JjRjJKfdytTKZGLhyJ7ipump,1,13675,660851347784,53052313,883202542,0.83015,21656615.76371,829307125,0.807651,CrLbmKtDYxWmy8txzzn9jfKXbFhAHuZiZgn1fWcXT89zKpoYsX5xRduzuz8yPjYL4qWFTgvrKwzueQySdJFGgYn,0,1,0.4082124706553322,False
1785788802697,Insyder,DZpq2n65iGDyUKSyd6psqWuJiZDTXHP3WRwx7obTpump,1,26223,22975898911753,5012529080,2160838788,-2.85169,3206698912.939857,1660783006,-1.545916,4yvXfSYDsXcbWVaqxY6VCMTiQsNddfchB2xF69Sq5j8ZZfkMkMFkHd5yZnVUE9ntX7Ry4fKjcqR7xok9KFVZrXYf,0,1,0.63973672007901,False
1785789461030,Monki,8oqjpmFLXDvstPgx6Fgw8VkWLBiMWwDKeBZcuzA6pump,1,48531,6633110601110,340869732,1581632945,1.240763,276546058.699768,1951567673,1.675022,3ory3pM2G7sPtqXL8keXoW59wbmjTF9R7vYcjcodGdR91YWa5i6ebi1Q4NvmDXHSqFJaympRmqF6rsAt78e2SWR,0,1,0.8112954385159901,False
1785789801768,Sheep,Ey3McynMMfWBRGhjNBhkb2xMjNFUjShPVrVCKtQPpump,1,15370,7001389613720,1253869499,1192565930,-0.061304,1181093832.208923,1036769401,-0.144324,rESuByfoSbWQb2pwnwevoaZhRMtC7HWmfXcUNbPKhTQhkachv2YcdNCqS1C6zUogq1nwYX9Zu45EWz6ft6GpgZZ,0,1,0.9419591378136898,False
1785790127444,KOREAN,GKRMZ8wWRryJmhQgXxzzQxZnY8SDfbYZzChrkdkjpump,3,5344,32950247004986,2069273957,388888523,-1.680385,1218157731.639084,306049484,-0.912108,2iRD1XP5Fh1o8pKzwmz4ej5RuBakmgihYpmVUvRy8hKjVc8ugvJRixtyA9VdnpzQznU2FoS2nSq1Ma7DZPbQXkAB,0,1,0.5886884757420663,False
1785790332242,Sheep,7Ss7DWKBFCzU26BeVgkaos86hijVuAXSX6fqopv6pump,6,346045,9960211016999,1212585288,640308267,-0.572277,939389848.9851,688429190,-0.250961,2uJ3ekEZh48FQ1qh27mUdwxwnPGzBZH5c7NQYdPqHRf3WLDNh2qfndcqmkCQETZ8D1wc9k2PNUSsKJAiJbSMezwR,0,1,0.774700021748161,False
1785790416305,Monki,2LaoHgCpRpfUZ2vWAWYMB3QHqD7bUUPise6kvFadpump,1,18674,22265488845846,1434595515,1007780714,-0.426815,1163684765.156052,1140956939,-0.022728,4Qm8chapmviG7Rq1vkeMXL7h9M5VRHhgZUT9P1ShNDmVjg7cJiTvggy8U2PB86PKm9dCgtaTa3MZJhBJRx12xFS1,0,1,0.811158792139436,False
1785790439325,Insyder,2LaoHgCpRpfUZ2vWAWYMB3QHqD7bUUPise6kvFadpump,1,36809,10765392654808,688124623,350987251,-0.337137,465793279.33979,326855573,-0.138938,5zc3PFo8Sri4oXc4QSRAFsMVq4AjNBqbyQGQJfVCXVu2w5295mwiPYUigsx94Ki8gtXNUZtExNcCxaBohKTQrzUK,0,1,0.6769025024988679,False
1785790910505,Sheep,CgKQLZ6oThRoAxGoc8uggwZxDSDZiHJYLQTcej2kpump,11,69667,9165826136736,1448068571,986997661,-0.461071,1181323096.61322,1030515233,-0.150808,29MJtWbJr2JiisGBH2vvgkV8fC4GECjoCKD49aoTcB3d46U646DYvhFbbQ4Biked5q2apRhnwBRsjTdPtMNTDyPG,0,1,0.8157922354446432,False
1785790917657,Insyder,3hktwLHqDJfCxupVpQTRtEZyBncR8tWmhstZakuNpump,1,1755,8965884638014,972228486,762227452,-0.210001,800882899.599579,642876883,-0.158006,2qqy6PgpCCweRJ3VUBCmGtmuuYRTS2qW2reyDgQCMawSTkqsfdwSTinpvL4Z39qVD9rdeP7fPgLg9cMj3PmpRzFa,0,1,0.8237599608859629,False
1785790967618,Boomer,3T5V4ZU4hfYV1S4xRwwqhVt1qPq2G3LF9qpefn3SD7vs,1,2733871,14510435280102,901609183,547494737,-0.354114,691786573.950073,549348398,-0.142438,2oaBrjFLwqSF6q8t9dV3Wgb22bigDp9JRAgSFKQrrN7wDSXu74W1RiK9DAzWRm1yLdMY4QD9RTGKZDXctbQUrvNS,0,1,0.7672798669244177,False
1785790982093,Insyder,EiNB1pGx8f5h139fo6fnPa2Vww6Zc3nudS3rcy5Upump,1,18884,524289693550,197327839,1224744507,1.027417,149826352.01709,955497828,0.805671,3tsYcE5UnhuPvsJcYcHCiB1y8YNHchV9M3sWxgu4u2Yri2qvMBMabS54ttKN8yAg1ihGdqhoK5qcCdff5HiXZY1g,0,1,0.7592763027070397,False
1785791028737,Monki,EiNB1pGx8f5h139fo6fnPa2Vww6Zc3nudS3rcy5Upump,3,57447,4199406193111,1052725720,2918680895,1.865955,575083445.127243,1869357208,1.294274,5DAe2CCj4pZ8jVygjESLqLQ9koUEBMGqfXSUq7Syp1JjAFfUHqqdHBMbhNPwNRtRfTgrfc3KCaLHDrkr2TTqhWBq,0,1,0.5462804168280823,False
1785791075331,Sheep,EiNB1pGx8f5h139fo6fnPa2Vww6Zc3nudS3rcy5Upump,2,18825,27588853969902,1893049052,1248899077,-0.64415,1693360003.481285,1207538689,-0.485821,3oNxdepf6hChLTNrjtCq9LUqNXpqGmJysHdEtU6sYs7yZKvyMKsantXs8kyGPQfchS7Lej7HPdJ4j5Vnbuu4EeU2,0,1,0.8945145936352024,False
1785791085242,KOREAN,8LhGcLpCaoYF6tikwWMmgEpdjZiv776UeuqmySfQvvJu,1,1759,7180740905162,786938879,785513177,-0.001426,602546662.380623,546298924,-0.056248,BTGPs1GFttDDe9ZKDhQA6NVaG2Ahmo5kAumMaoVjCa236R6FJ9FYabY5cNLNm9rNj8PM4xFqrpPCffMQCUXdQKW,0,1,0.7656841953803416,False
1785791090058,Insyder,7cJfkQbN7jmThmR4mithstQDzLTq4KrV4dRi49pspump,1,1756,22748191428815,926628407,642308075,-0.28432,678563789.13879,649791948,-0.028772,2ooZYTAffGQN3DD2jUk3RskbrGhXR1KydPQKfEvzpoPWuwEjf3ucrTZeC4kWHA8UPTzrCXdXJH4xEdL6BqNacqH6,0,1,0.7322933162988926,False
1785791247339,KOREAN,5Ba1yE2QFbkwiDNRqtZpdAbJ4d7izhw3gzGwCTKpump,1,8815,13640619288035,1427857351,1058050668,-0.369807,802633337.248108,428394998,-0.374238,ibntLYPRjGHGmkCSpAcT6eQPoPu3NgJo2KkMQpsb7L6NYN4asxTpCYtWkMiSejhi9FCocGC4bbvYPY23BXst2xJ,0,1,0.5621243163303279,False
1785791438069,Insyder,4UEqKJegYmJaLGFN7VrKN8psRB18bYS1jKenQwPELpoN,3,21608,14861613915933,1847613077,1414384496,-0.433229,1114098387.167595,1104754721,-0.009344,3c7zq9MjRv7y7hvSPqEKCJ7YhaZLEWDdiHDQQ7Uu9EK82f7anvtvLUATmEYjTz9tSEC33gL7icDuw4bPMHehn8Qg,0,1,0.6029933437019048,False
1785791508488,Insyder,EnEseZtXBNTAJJPak2Fr2eevA6HWECF9jgsjQ3ZHpump,1,8648,11216813861516,1210274727,739665440,-0.470609,748199336.651459,388244114,-0.359955,i3g36Fc5PksH5TmH5SSNMtj239XBMcDxyWAESo36Wy5WY565UGtec6EQu6crfvuAvtM2A8ekWoJ391JWmgMCDaA,0,1,0.6182061972871875,False
1785791635723,Insyder,62jPTTFpEmYX5R5AWRfjK1RwqK4nXqTKADzrv6sYpump,1,1757,4865591085216,790603534,540751509,-0.249852,662211069.977089,907083540,0.244872,2ngdwBDVRajqcz5kAriPGeXWw5sgDRGHotcrwJ4iu1AQohdfpDpx2Aza8K7L8dVXwPhhB1BVbVuNupuQgcwGRURc,0,1,0.8376019603993942,False
1785791783746,KOREAN,EGFuijjJXzheBFuLxxxJaCnuaf2HTRVekpABbdvipump,5,19296,26738253203731,2245675758,234571817,-2.011104,1743007217.425995,246560719,-1.496446,5uGs8qn256kXpyNwYVzwxmgr6LgZsuG4BNq9bBdz2TYnW5XpqrxHfT5iBLJSGe2TboVZyWQMTcGZjxH8RTW2KiN2,0,1,0.7761615679452845,False
1785791797048,KOREAN,7FiLwC6dmGVBQf5SbwniagdaqpDvzdebgLy4nR1tpump,1,7870,2528277801601,113025493,1952053164,1.839028,110661233.394264,1336653420,1.225992,5u7H23nWwYdnnHRGc8bEkfJioabJpuPz7SQkY7nYiycwTZfQ8oc7SzYfYyhJoXLNU4Lh8JSzeV1NkuGj6bgjBaDN,0,1,0.979082067744345,False
1785792013521,KOREAN,Fh11GaQbF65q2AMLdYM6yLeaA2c9tN1fgBL6SLMSpump,1,13673,1288416926740,221105001,972235402,0.75113,91318537.582169,684045302,0.592727,2co2SrbDw5zY74AFtRPpGTQoRRiNB1QC4Gbgr1gr2gAKWNLUhbFTwKzRYtNh72DXEA2nmznDZohL5BMeBoVzMq3Z,0,1,0.41300982415214116,False
1785792140919,KOREAN,FDMmyzkR2vdJviEQFViRTiiPiFACCfCPEzuypLhwpump,1,22465,13627245965707,1026840790,236424500,-0.790416,900740086.612396,129061913,-0.771678,5SiZcCsCmte73HaNcpiUdkr7zkfm7scHFQQsQnVUxewjj4ENo3STi6v3QBAXZ2Jga9VXaHuRcjvrQSuN1GKH8cEF,0,1,0.87719546728602,False
1785792360479,Insyder,56dy89uoSTZxxDxfMyshCyn5uttQGRahQ8fmceSYpump,2,54183,2769159566543,1020910000,3417273810,2.396364,864567246.568726,2687706079,1.823139,aB7tvhmiyzFs8bucSE7sF155345R3vY1ougUCeAC7fL4mdw9YrM898qWYGz4nvY7jYaecpzcETXwtNPZRQ4F7Zi,0,1,0.8468594161764759,False
1785792366783,KOREAN,3maLHB4zVXeSMarC3QYDJjBJrdxpModiMF8QwmxiWggG,1,1818,30503779751754,1250341538,1180176441,-0.070165,970055285.84885,913798068,-0.056257,3oLSdapjd2YH4VSGK7Kg3E5YMWmhPaSUCXHP7YSKLnWHajrSKB5h68MCKViqcgHjqN4HCuH2y61nqgbwKNqpMbqP,0,1,0.7758322477237015,False
1785792556261,KOREAN,A8KhdFh2VdacNE7sR9McqaNTjmqwpoL1wLRZDXbQpump,2,11270,2587359843896,442210002,207572601,-0.234637,336745434.864731,208454454,-0.128291,4Tg2bVSdgrQeN7H1dW1HG3VFVFDKnNXY7G7Pem2ZsZEqGq1Nfd1QM8tEdsq4ithqUQcDMtNpBKGU1yVBeJCZHvsT,0,1,0.7615056948999788,False
1785792615218,KOREAN,6r4kC6muBJexfqYHvpQD3ZsWGuepPnb6M5PB9tkqpump,1,1759,12856108293646,1341867467,74861967,-1.267006,914349749.235031,64271034,-0.850079,2oGyMBkHGgSBfw7xyAaFzBnbW2uNkXuTGKVaywQzETQGnyxB6CHQ7GHHXAwe3DbzYRTnpJRpduFkaChv6uMxxi22,0,1,0.6814009369190788,False
1785792635344,Monki,31G75jwCUxT6j8RAa5c4X7NvTJgtSPSD83Wn4zuWpump,1,23838,46758847567302,1649983520,1954468629,0.304485,1538307067.571899,1380065101,-0.158242,4NtYFaLEpi1FzbkpVF3vC163jt6EaSexufdXEmUu9mmkBgvLtaBmGCfH4Rm8uu8zBE6gDEu228nbxJQ5LZEzfqva,0,1,0.9323166255453866,False
1785792663818,KOREAN,87RiCUJ3K8Vnipzfbkgm4CW94T2tyc6TSJUr9DLfpump,1,1757,16679453835277,950890258,160756715,-0.790134,519723784.698971,127298179,-0.392426,5Q6YPZs5Spt3JyysaA7SNyLrDgTkwZ4wuxjwHK7TiEEg6xxcXnSoefw6tgHG9TDdr8W4p4KP1BUcP7CucNfGhdi1,0,1,0.546565474119066,False
1785792792986,Insyder,3RZivMxNTwnp3xsqW8oXhkABqSw8p3wKHnngB4Umpump,2,15569,23664665344672,1144577152,890062457,-0.254515,703722674.19363,674906689,-0.028816,2YZhvZX9BS8ba1j6QP3GKKdC7foTMXqK6mNhA2fi29tGD1ckks4r6UxHL9KoKUyqEis547p7tkCWE3EELGrRPZHJ,0,1,0.6148320128214738,False
1785793038190,KOREAN,BHvwwuTc4PQg3CEbmKtZHX8zqrcmxpQRJVtS52iLpump,1,1756,23412781211722,1073903831,195476194,-0.878428,700850972.759254,170350519,-0.5305,YkMK6P5ca99JFLc1jsBzyD9gDWUfhr7uZPNponb3qsdm5NoWhMeA46k8WWrTtaDbZa6G9hrhdQWkTyhygdCKxsz,0,1,0.6526198645800845,False
1785793116583,KOREAN,DLoUPbebFXPtTS57rsbkQGpUCeGcv4GqYUsTqGH3pump,3,12930,4727841754836,663315003,2460823602,1.797509,581117582.355972,1450907461,0.86979,2YT4j3fZiZripFCVHByUKT12HmuhCcjYx87nnTS1yNijQRZ2Q8BpqkRGFMZAKnPGjyrKgePjNgR1Fu1FsVXjebPa,0,1,0.8760808661461439,False
1785793242229,KOREAN,4J1Ki9sdizoUKBU6RzhS6P6EXp61sRBDVMxkUaqWpump,1,1914,1927179608585,221105001,1674975672,1.453871,204126099.944244,1825314453,1.621188,2s3QXRrTSbTNepuCXZocPmocZfpXJbPaTU5o5Cp1GZxXfU9EphEGFGFdXxLrWypQBTjWxyTPUJxEoxdMYBFpirgp,0,1,0.9232088782299591,False
1785793343129,KOREAN,6qiurfi6gbWVe1ixhRmaSUiabgopEcJj6Q6of57Gfomo,1,1757,33529848039093,1659381346,359854257,-1.299527,974332309.740715,234110730,-0.740222,4HNK3FeqsbxuD7rXLoJi41JpJhvrmniK3iPijKGRqoKp1B3dAubbP5PjHbUvLsxbaQyfkP8qNsANGb75QtbbcHCt,0,1,0.5871660014073191,False
1785793345392,Insyder,9EeJ9kvqq7CD9BiFewbFrNdf4RAAEtBRgDuEFRYopump,2,16264,34226585145798,4181630738,2458863577,-1.722767,3011432599.339043,2020930204,-0.990502,3Bw9R5MjjRhkfmJQTJzs6M9a4mz45agZbcpbwdLso2DJajiKep69kwBauZ5FeqcMXTzk14XRUikNCwPVtbPAeWDk,0,1,0.7201574667923352,False
1785793594112,KOREAN,58NRfuuWNZepJ3ydpjP8eseFEwsiApABfF5FC3cMpump,1,29874,3023275835517,221105001,398536364,0.177431,197608186.329758,851615467,0.654007,2opKXkDVGwi7EKQb7WUPdtZq7bGKtrFd1mKjvAHVMr9v6E1YKjbHsywfuLvi1VMjq4rdbk4QjTgGVqyXChU9qfQW,0,1,0.8937300623505933,False
1785793637217,KOREAN,58NRfuuWNZepJ3ydpjP8eseFEwsiApABfF5FC3cMpump,2,13158,4246169814982,442210002,382988532,-0.059221,393979333.109535,192989531,-0.20099,4RfrBVRjqb3gWE3zKsQtJrnUq38xEc6tDHvNkxz2JnUzVAh2ucsJifSE7CqmxCDwx9hy4jpf8EErcU6PPSq5kZUz,0,1,0.890932659432554,False
1785794012856,Insyder,BvE2URrumdUSWACeyeZ8b8dCFdNetStXy45uJ1aopump,1,10769,16514977802460,1757308897,1201595721,-0.555713,904012907.392342,694629110,-0.209384,2Xcf37Y6JUDN5AQQz6pTVUEPBEPetRJPMRVEA4yhrXEfd69YDt5RduK3PeJ44EzxW6RxWq7ZTTigmfxFSGZjWoUA,0,1,0.5144302796939302,False
1785794042248,KOREAN,72p9D21wwmAZXZG2FKdVAHBvmpQHvmeQ4BEHn47opump,1,1756,17892403825713,1254061177,229663617,-1.024398,550428281.44529,134637467,-0.415791,LovfuoZWZNXWfGUMwsBteirfWoJ1igdPXZGF19gXPeExjeePe86AMmXdaSey7DvNBRZ1KpdwkB8TiJtBJCgZfmc,0,1,0.4389166107207304,False
1785794277159,Cope,4NV7x1fS8Eu3od9V8eN5F6HMWPj8mgg9NmQdXoCDpump,1,3297223,6704607210964,1263936551,468468307,-0.795468,1230885932.215561,526120325,-0.704766,6vsKsphVpJ15xTHyji2H2uU5J8jNin8SHet65EcwmQtsDYQs5pNgmEAvMDNUUksx4rS5B4Ndgb2pEagScZtrZG4,0,1,0.9738510459577341,False
1785794393455,Monki,GXFRYdpgZTNTs2P1MW9XX53WcYo8Tb2ADj1i7nG4pump,1,1759,97545454545454,3049024320,3511997558,0.462973,3062576664.979576,2547529849,-0.515047,2x8x89qW3LCTUoUVgiEw55ZZpuk1mZFtYPR7WyVYBq2qmJPSiBZeBZwtqSeTnfT3B8iF8KKTSGarHuyQuSU7Ksxy,0,1,1.0044448136706159,False
1785794510709,KOREAN,A4jwshfZjqdkcfGXyUNMM9b3mpwR1XZZKtcJNm79pump,1,8682,22186630103381,958495573,1435298161,0.476803,892353801.937103,1256845555,0.364492,4X1aErGqYXdB93zBCgDUhR6Br65bKr9XPXpFVLbZVKULQN5BCcjQbH7bfCwNSfN91z8xWQSXwmRp1NgPbBm6XM6U,0,1,0.930994182001405,False
1785794646180,KOREAN,G1G3tif6KZB1Ao79PqGMAVeS1qk2A6NwbQmyQBstpump,2,33069,4234173564172,442210002,95608753,-0.346601,406949634.530739,67933537,-0.339016,qzJCUDd2w6w2jQmbUQzmvusuZ3TaiHgqfeBi58b5HDTz9vkvNk5aARFrRWLJjvqzf8j9joDMxMQMBDy1xQtspdY,0,1,0.9202632972800534,False
1785794673835,KOREAN,HwYKPu8ijgZLZrwkvMUCn9UvPvt7SxbP48jJPHz1pump,1,1757,32231968337301,1539798697,528357595,-1.011441,1244808267.500534,253456354,-0.991352,3Q23HqGKsqmpfDUwG3dQeKjnoyZc36kxTMAJgi49BbEUwdUPr8sRuCiPTjZSiQ6yYNtWhsRxSeZHZFQTUfL6bZv8,0,1,0.8084227307931889,False
1785794693153,Insyder,HwYKPu8ijgZLZrwkvMUCn9UvPvt7SxbP48jJPHz1pump,1,1755,14516701211399,687317685,567982776,-0.119335,416263233.85046,405086612,-0.011177,3vhtR5nmdMYr1DZ8MUSDjdgTiTnNhG9UZARzZ7YNEJSGyDaYChE1ZNEYqp4BSo3sDfJtsVG62wxr7Ta1y83NLChY,0,1,0.6056344001252637,False
1785794754800,KOREAN,GCRazZiGmXuh9nAaSw1z1JQPWqxyK2gS6kcnf3zYpump,3,5287,35186690305168,1126830564,79463161,-1.047367,1055727706.570328,71685333,-0.984042,bEi3TnuqaeDpSdUh7PX5HQZVQJcNBdnQWaykLfxjMoauPVZGRVtQotWD7WN9TniFBUnsa6mgb9EQZu8tJVvWc18,0,1,0.9369001341450373,False
1785794848229,KOREAN,C5fBjHsLpujZo3w7BNei9vtwquY4Heoq6kMHt7RLpump,2,16906,26900395342507,1518884826,1371102706,-0.147782,1377221789.435425,765558998,-0.611663,5hSe58aA3aKBheHo8PCFsFuy8Rf7AvSeawDoHF9szKZadKMr6HUHpX38veWENQzwNnvtdBNazuqYxrg1ar2fBcNJ,0,1,0.906732206326897,False
1785794885162,Cope,GZDLeVjR4YQ9Q5VwJZyy3tTyUuhyTXDbSF6QeFDopump,1,32314,22414968503927,1265917472,646006973,-0.61991,826070643.512833,673479130,-0.152592,5Jk3PpYF5rArWHLKr1pX4DojBQV5TFyky5iiTumSYunTc5pjfYHy2inNhtYb4NmTvtfE9MNKZsPGGtXLGpbQsLRk,0,1,0.6525469959805034,False
1785795026290,KOREAN,AXxurG2Dv8BvT53b1nvy9GXJ7KsizZUFb3jmA5TNDaYB,1,1754,19407081268573,895207379,165095202,-0.730112,598188533.753201,146047154,-0.452141,3zEk7rn11JrLvYDUZ4TWqmk5kucMmthPr68rk2BK2sqqx9crBChhWudxhEGKSGpXMrRkmrbNFkVP8fUmUWnFcDAG,0,1,0.6682122464421744,False
1785795102922,Cope,BkeAWPx7ynfkRH6gaXVyD33HxPuwUB2yaiYUgq1cpump,1,41661,23907464114400,1268136595,678692644,-0.589444,730721880.712917,683373176,-0.047349,5QgW67HyL3bJ24ZqC25Kg731c2upacvX2ak9TRfvoCf24xiPqkk4Eyh2WQovqGcGVKoSNeyFdrKTHU92Nm9XWhLy,0,1,0.5762170128943538,False
1785795227969,Cope,6R5KouvFNyJpAUYaWR4TFmAQzB8heegGqZMQmLFepump,1,49828,5124876976199,1265161381,1844017374,0.578856,1150715771.541779,1886300430,0.735585,2SPFzHX6LCPcuW5T9fnpG3gwzrsUN8hD8FNTCaFazwjVzBynN43LsoNVPkSr1kpbMFB7j8QnqRbFwieCVzaXvHG,0,1,0.9095407027301436,False
1785795383535,Monki,7Ash6mS1D6AbimSbxZyoZTpkzu2xAv8VgquvxoHMpump,2,10472,18644119995062,1463888157,1043872178,-0.420016,561996337.883835,543898705,-0.018098,3an79cgnjCWPwZN46Uar23utgfjfMkhtRc6km7Chm1qTmbe8QiqseDhj8sAS5X5HuCNUKkiYuXzrx3XqW32qNMFb,0,1,0.383906608709476,False
1785795680726,Monki,8J6vT5PQqUJ4KxTLH3YwxqNN7CvsbDp8kz5dsSXHpump,1,1760,97545454545454,3048912960,3082214560,0.033302,3157749111.286575,2619571958,-0.538177,3wY1oa3q9cxJAKSrgSAGk3WNRFXPdEFc5SsmAbpGJW7yAJhhN4bEd6xxu4kK1tYakNyU2Gs4x5VyS8D7f1qo2nWN,0,1,1.035696706568683,False
1785796864651,Cope,8PecVcCGs2HphgU5vxoWfqe4XTojaN2LWdy4FvZzpump,1,15141,186681264950,52033043,2663291541,2.611258,43644372.095764,2592751347,2.549107,5dBevmX5i2i8kPHNnxBcbnoVAzXQwTS8TwHmmiy4rQv1WLqoEYCKWDjxuChRiKPqpkHFu7GSJyYEkmanc5YbY1FC,0,1,0.8387818505207163,False
1785797033865,dov7,Bh2DMs84HmkEqye9iU8DcQ1syUnTqKpF48TLRV6ypump,1,1758,67062499999999,2056482560,1245539662,-0.810943,2011219734.410324,913950533,-1.097269,61mJCCJLeSXb7APWJUtVExeqkSmvLqPinHGNTYeCEt7tuiK4VXmHTDW3WfvLVCsom4A7bq7HUQFCfFU74VH3ujV5,0,1,0.9779901728951809,False
1785797922347,Insyder,B4w7qVJ3RvZkiV7B1PTSp5uDUvzCvScz22Mpupnnpump,2,16481,13093767235570,2098268102,1268907851,-0.82936,596933608.220695,623941435,0.027008,5K8FLBj2x2bZdoyPhMVLhe6oawT6MmT8MHFhpqQCxRH4LgP9xfs7Hf63CdZidSFSGEe4Cd6YsovDFXmt3qprxuCt,0,1,0.2844887207939336,True
1785798587751,Insyder,GkxQi46MMFLhJtn5feD63RVr9YzomkqHCMBhVzPopump,1,4975,25100886957846,1070185661,1055356371,-0.014829,761571714.8479,725765586,-0.035806,4MgVeBBUnNBCskytwwJuxmdXQAUsnT8gxJmiFM99ENzJADqC8orMrVtaiUrXGET2nAHSAS6uzdAuMNRt3B2LFYF1,0,1,0.7116257884975531,False
1785798712265,Insyder,EgtmuBeiegFv2Dr8vUQSWSkVK8A7fitrE6eJxr6fpump,2,3519,969023269103,91268678,1065317514,0.974049,32310514.898087,684707587,0.652397,3QQSopcxFZZWjTQYbErE41UNMGgGwbZpcNms8y5SriuCzanKiXU8gddjdT99yhVzahwFGTDiFTqiFrj5PEqE8Bij,0,1,0.3540153709478185,False
1785799002172,Insyder,6cA1uCKJw9awQGeJeh1hDaX9fpHgki7rPb5j7unppump,1,22255,10621131177004,388740478,349894688,-0.038846,310551010.042641,295902594,-0.014648,61UszbPc9G4REcGTE1w6cLQbd4Q5wc7neoSksgauEDP4apqan1vyr3ND3TYQQCPJTxmxNt6nkgWpdioTV8QzQyDZ,0,1,0.7988646092127328,False
1785799249836,Cented,Afq3MDQpY9sUVMSb9NViptHf5S18cc2LB7v51fgJpump,2,13250,9428747544520,514010002,3441628068,2.927618,367851400.606857,3019525570,2.651674,2mygLcmtqA1otdnt9Judtxoittf9Pt9xndevxqMGw7A4HzC46muz2V55BsWcPkrBv6vFf9XQ7rJSyow5BMuGj7hc,0,1,0.7156502775735033,False
1785799724768,Insyder,HuChNErraD1TFZ6yewTWmS2SqpjmNVSL5bumUDPCpump,1,17058,32012475229871,1128857881,892820289,-0.236038,929105510.730801,875090436,-0.054015,5HpKonAUPqzKsi2TPDfAdPJdc1KFPtUzVUbbCwEy5Mn5du1mbtzqNtkKncLC4aCmtVs8eRbXfHP3uyCGBfCv3rrD,0,1,0.8230491422957085,False
1785799872780,Insyder,Gqv3U4rKSp5PnWHv7sC6dg7VuXQmJajAiAGP3hY4pump,1,39133,14349234130969,778556872,889906833,0.11135,662223117.126991,1082712858,0.42049,36b37kv9uVoepFrdk67F2MiszAAQnVSSzGFu6F76cb1TLjTSM6pk37TZzY6YNmJeLjRx6SQhHMkTrZFGkdUuTppW,0,1,0.8505777046522441,False
1785799883588,Tom,2NAsM5dhn4Y3vaFgLZ4jdgCjgzS9RYjxeENDbGJopump,1,12598,90337097266877,5042079080,5784105506,0.742026,3120633382.394989,3364921156,0.244288,LPKqDh7AepA48YLL3EsUyjuc732ZqsFRhx1xnGJUuc3rSkXVd1CroUTUCaU3skx3UNjZAv7Tw78H8q5WmQtmHpk,0,1,0.6189179766682654,False
1785800692325,Insyder,5ardikRhtXCQyPxae3iuk9e2tBcYuA3jSfzpQax7pump,1,12340,19495032591889,1261351526,1078888734,-0.182463,1157627181.880203,1434597202,0.27697,3ChAFt1mQfj4g51kVg6w7KcaBeUUgqezkBjTn4WVjkNhicaWywsAewrrVKQHANHm5NaEh89oF1hAiS5tJcE6Xikb,0,1,0.917767298027753,False
1785801941135,Insyder,D546wCwNAnXXmJ1g4vEuk3A2Lx5GLTRheWubs1Hjpump,1,10748,16802656102758,1682449012,1339832848,-0.342616,1445905321.569702,1367555543,-0.07835,4R2hGx4teqTnbFisLzfSFG9GvwGPhEE3Gp2d71eWufRSstgNGBcJgG2gZcYPqfvr25CHBLDUV51ook4kci1QiaND,0,1,0.859405135761524,False
1785802001179,Cope,CABnDgyLSKARXsEV8VLjX9hckGQsxYbkze3fukcNpump,1,131086,11736636499237,1267032895,1189073742,-0.077959,991677460.59713,1049815679,0.058138,WAx39qM6aqNBUBHgyHKRmRgU5QxYB2NmpNbZzqjvHN2E4tgbmmtRrWH4n8bvNunzS2Fbcyj6d4SYG2XGZ4i1X9J,0,1,0.7826769648290228,False
1785802726384,Insyder,BVEaDToN2Ufn8m1Jnqy8rtwwCiiMC7JcFtvmKPxTpump,1,36234,12438704690298,1224358712,459590651,-0.764768,692362998.994583,630300982,-0.062062,cdz8fyEXSAN9JJmWwBu8xaVTTiemuapvxkXSHcx7EAW4xpbXLQNhFMDSZ7e2rkuweRZ4LFw95JuGARq4Bh1na74,0,1,0.5654903193065065,False
1785802857061,Insyder,2CrAxyCDWS9iASmmrRC4tv3RfXYHDdzSUX5VyQ1jPGcc,2,36071,5983678311451,1046589340,1545828648,0.499239,873088646.343842,2312573073,1.439484,4ddSLr1AvCYV8VYzN9tEUJiL5Td2WNU8MVT9xGTGFVjDaYoHN5CxRWwNRnrpYCGeNjSC7ypMcGSAHQLEdt94EZer,0,1,0.8342227586073464,False
1785803084388,Insyder,Djj7d5TWXrma9GMZzJv8cZHBybAXbkAPubxmwU6zpump,1,14994,2843525753222,306083038,1261902624,0.95582,285857341.345894,1543277674,1.25742,49eqmrmwHEEZEPFBe1prMyxDqJ2z8sU2JVMHs98YNiSuuaxEPqsWDznUn1y8HEpMnNDnPLqRgVy5S2sU3WmKn8Pf,0,1,0.9339208837370923,False
1785803190287,Cope,2XEjXduKE5mAHNZNPey9wVRnHVQLixAaLGGPEAvgpump,2,113761,13301718636093,2528422456,2111549775,-0.416873,2291553980.485794,1985521325,-0.306033,4GasbiGQFVBQymY5ZvUUvN3jmwULL7tM3tKMLJ7DrG5YaFnGcJFmuPH1ngxrbh6cRWN7mXYYjZhQgEX5jf3L3yXU,0,1,0.9063176824141425,False
1785804266918,Insyder,HVEJgDidBG1UEKejaYhdebyNhLpfv8YnQaNU7bxu7XJ1,1,6482,22047995056105,1311138419,1142953502,-0.168185,673737382.395164,679831194,0.006094,2dqPDayqZMErSeqYDUbfKjee96zWjMf4HYPK8Z5pjJjrg3cQsvRaDHpSQYVS3NGhFktqDnkpMcYTCKDN5RJpc7UB,0,1,0.5138567924117583,False
1785804542077,Insyder,SBbnkNCMVDqjT4v3pewcTtmPEraZvqSmicYC7VPpump,1,1761,20054164167896,1340902608,1116854595,-0.224048,757389334.488792,725525301,-0.031864,5gEyAhQWkkgjMM8NWAg2MFy9eqniZrQVSF8uaTUjrT9HzFJrRvNWPUVnrmaKUK7vDS4WjicS3LV3kc6u2fXf7Lrr,0,1,0.5648354548422148,False
1785805219846,Insyder,2XSDVxFmWVfebpRqNxCnvUjCK3k2CnozccrBxqA8pump,3,25853,24365078368397,1557650243,1213718962,-0.343931,743965613.453327,668491976,-0.075474,4NiHRihRbUQGrS6fzmgLLYJGvbm8uT38Gy6WGr5GGQ4Q8dzCzaeSryUgCNcK27rkSoq6vEUa5MVfzNcounc5uLJ4,0,1,0.47762045221426963,False
1785805230405,Insyder,H9kEn6gknT4FrKqRPWtHdw7mi26fEnz9rM3NUgNupump,5,8802,18831004952463,1560503641,1495068029,-0.065436,710854883.589951,737207713,0.026353,22qazfYEEZxJmGTjhrH3szJhS66Nsq2S3Kacj2CWPk6TYX8xZewqQuNSDgyfjt2k7j4DoD7t9VvfVtsZZuVp7p5h,0,1,0.45552914130621436,False
1785805400676,Cope,ByYp1VSjV5vBjNVgqSm6RnBsFcfDQoFxztEuEpoKpump,1,25290,19290775119785,1266176193,564493820,-0.701682,574706840.089764,553954298,-0.020753,48EcAZk3UGi7HKC4BNAyar6Ck2nKwmk988JRnDAwNJPzkCpi8ZLGtXCvUyv84yGHpEuxDCbRHjZRrW1uYVEUxUi6,0,1,0.4538916805315135,False
1785805461481,Cope,DAquAo7V8i7sTx63K6wUy2KcxDappTLirJa5PFQtpump,1,1757,28537177311152,1266245468,1155562862,-0.110683,1137595079.117157,1068635573,-0.06896,avPkRunPocJYqyuLC3DDDs47usfcpSyd2AkyhqN6kwATM5A8jjUN9RPkJEGU28qQV6uhtmM4r6EnNSVjftiCDHE,0,1,0.8984001189863742,False
1785805502128,dov7,69Q5X8fA9kPxpkiPSkfDteps49GJQMq5ixWx6c7epump,1,1761,67062499999999,2036440800,1189092767,-0.847348,2000000000.599968,909090909,-1.090909,5shfd6B4JNJJUg2a8Sbqot4M8vBZQc7v92zb6feQFRk3tJtxZ1Zz7Qzaid8vr4ktTfj4V2aungGFWmxa3wQCHyzr,0,1,0.9821056426486682,False
1785806037412,Cope,CABnDgyLSKARXsEV8VLjX9hckGQsxYbkze3fukcNpump,1,3636653,21864472942261,1264119671,664602095,-0.599518,1027032260.120384,653159276,-0.373873,5SKdUw4KWWFFikv9Zt7sGR5x6h6JonoieuDkfrkEF9mLuthKFuEyyrQy2Qx1TV9u7rbcgpKsSNn2NDK1qrLRyFHD,0,1,0.8124486025187279,False
1785815539433,Zuki,BBhTbMvpQMgsoMdhHC4RQaw66aDGFr4QuHZxKdmxpump,8,16453,11382001387500,1446440000,803451052,-0.642989,1181216011.586632,792415939,-0.3888,2njJvMKL7yvY1wdj3zgU6w7BC5WouYdDQ4maYWahKTwBhX7oiFaiuq9k5vEwLN5qRRj4snT1iMgQueiydSHfqFzC,1,2,0.8166367160660878,False
1785815602818,Boomer,EJpPPLrUMdfbh9uC64tk2hgqoYq3USpyE9Rm9hxKJhEm,1,4553,24623092381114,1028594282,802592674,-0.226002,826150068.257988,786126015,-0.040024,3a4qhRsEGfcCRRmuAqiYsWuz2MNwGq1qr6JUnzki6JR3grWGuWs9KdFaCF8ycShkSk3dobgUio3EFbJ3a7aLXVCW,0,2,0.8031836096265486,False
1785816120330,Zuki,7i2YpbZNiXRgLsi1V8srtwZP3HfKUVjDppKk6PE5F3eZ,3,102948,14454902624310,2008164655,1771610695,-0.236554,2160292929.767693,1634847516,-0.525445,5SmZ4NdmgY54mtkmpREDoJp5jw3GRdnkA41x9XUj3twnBJSo18VSCxehXFbVghWWYFLW9xThstWT51oBtJGwtM4S,1,2,1.0757548811492716,False
1785816217346,Zuki,4FnB37uJfahh6sG4B5scG5i8i2BirGkuY8viHxCgpump,4,32559,17281904115829,2734036925,585522238,-2.148515,3081572261.420479,469324718,-2.612248,2VcnQHwyW8XbM2WyTF4LLyShCmCL3v6NfDBjsTUQ4gLBsJ3HcgKDsjGHdMMo1aQAZLGn7AaXZL5aFAMbRQ1JUg3E,1,2,1.127114353592894,False
1785816405756,Zuki,4FnB37uJfahh6sG4B5scG5i8i2BirGkuY8viHxCgpump,4,60179,10397070106979,1864647782,1607889628,-0.256758,2283768603.526016,1364163623,-0.919605,iaeeh3GUHmV9LXfA2gHmJZwrUSH7zvcL9jTBVGXTp5RkvwLRFVGDS3HbtMcpSouAThNMNDkJRuE71YKWLQRHbMW,1,2,1.2247721127667726,False
1785816604958,Zuki,7ceKCfDf5aRQvjLSDxF3pNkd7MpsVQg31YJwGe2Dpump,3,160101,40860771907043,1628435878,725786555,-0.902649,1954798865.740051,827365969,-1.127433,sEtNhv23ZVijupdV4gHZM272quqcp2xbmekrXeGKps2ttCA9VR6GRA6CRJpiEwBC2digtasVj4uaZTqzNQ3au6s,1,2,1.200415006908888,False
1785816631443,Zuki,7ceKCfDf5aRQvjLSDxF3pNkd7MpsVQg31YJwGe2Dpump,1,24555,13072453022,5005000,2058043935,2.053039,981168.419823,1539710534,1.538729,3B2rWjoETLpJWpspJLk2uQ7vn541BgS7VZeLE5MAQFdn3z7RTDkK7CHeehenQob11EE8RmCzvjRo78QAttsHc9XY,0,2,0.19603764631828172,True
1785816865399,theo,4sGdyvRBRYoSfYwR6SDNuWNb6KAH3bhsRiLfap5Dpump,4,556164,12097512300415,1054420000,1873876782,0.819457,1109819554.878395,1582620468,0.472801,3Vaqt5JXjrDuepjx3kNpxnZGhTzconQrt2F3TWHVmxQEvRQvGoedPWeEVm9UubS1KqiE9xMAdnp9n93mDawaGScq,1,2,1.0525403111458385,False
1785816945112,Insyder,H1GHgzrFm63NzeDP4QFfEuCe9BsztMBHW5r7CY5KH6Pj,1,155869,18344569022360,1192575376,1898016636,0.705441,1933500412.896751,2174853651,0.241353,4ExJrWJfZoR9CHnfuKZZcFmAPgz8pPpMZHghhXmCVw4DrfhuiSLSRJt17t2iA2ndwn7u5MPT1gbFSudUg6SL4VYH,1,2,1.621281515455968,False
1785816983509,Insyder,H1GHgzrFm63NzeDP4QFfEuCe9BsztMBHW5r7CY5KH6Pj,1,22104,10301860797448,1239232157,959967603,-0.279265,981929192.504478,959433467,-0.022496,2yqzf4hhoZysKEzZiiqZCQeJnU7CW3VnS38hNT5kESvKzy3NcM1UHAVjCKT15V6gCdarWDH7MmEzfTfKWzocbEQ1,0,2,0.7923690383257848,False
1785817129534,Insyder,Aif4hVDkVTfvtf5X8gGdrAXEU6UEFkxgK22zFkKbpump,1,31961,29449901995022,1063369451,831644756,-0.231725,1483152646.323151,930682778,-0.55247,2wwGnrFBsqYYHgECJgmxTtuZ2MyayXmJ1hLrxf8Mfx4gAEawzfJsaf6tAhmCj8piXf8T2CF7vtPMyt7V4rSou5YH,1,2,1.394767025635713,False
1785817242390,Zuki,ANvuCn2eLBSNTdWbzuBdxWR1XGYiWk5BdYRG69Lhpump,1,21506,4210626353140,239405000,125686527,-0.113718,129939934.482941,126012655,-0.003927,23F2sscocL4jnvJFy6SyZTBf4MGDnopXbwRJP8BTvrcgYdpHDeXSrR9Y6ZhxARWgezEErEdRRT1jmxVGD2P1KGTs,0,2,0.5427619911152274,False
1785817283381,Zuki,2C4jMdu6vPx2ARTPQF1RHNS6WeWH2JY9C1wzVPNVpump,1,1910,29556909143361,1498588144,1483215826,-0.015372,1268831400.701797,1127181979,-0.141649,67QejgbeEPJMj1LjN93BxfNXMBS1Hfb9s2ieEcjMSKZxbJjhxvx2Ym41RsnQMXP5FWM6vZW6nNytY1Fb1xQS8znJ,0,2,0.8466845315585234,False
1785817318352,Zuki,iEcKzbLAsxXFUP2W5qixWeFyFuuRJmLeh7SLikCpump,2,10898,45158061552526,2587627087,2738064340,0.150437,3532117403.686661,3415320928,-0.116796,66tYfHxRsCwfXrakZp7Z9PPeYezXCiTAwUAXzEgt6ZSKrurnBPhtTDGGXJWdRaanp2dRujVx4oyUNNDLjfc9P5vb,1,2,1.3650024848756968,False
1785817428463,Zuki,tisnurazMChRiH9JnZ1gNVFdbzAjoCmRcisiaMTpump,2,4153,24209682296607,1565015610,1758148748,0.193133,993227295.524429,788376478,-0.204851,4FFpdBSKsGzGGmx2aPwTyNX75JDpyCdPpsddktXdBKFtwSYvyDe6xV1J34XRCAzdgTtxLcLoFpobSgzkLyMreHgU,0,2,0.6346436988730285,False
1785817503705,Zuki,3XsXdSZ6NvhQL6N1KyRZpqCku1ZHUsmLJX58baKUpump,6,48501,44193840275006,2788418255,1176299944,-1.612118,5221881035.013512,557521597,-4.664359,37narUbup7h87mgH5MeJVfhxGCDAQboLZVhfSVUX6XnoSPFSGmTvGBU4vrzRkFro1xWhVaAA4W38mQthF9KBwpr1,1,2,1.8727036468255769,False
1785817560155,Zuki,9ARADhNzbBk7MaRDew4ZFHR9W6YnUEfUZEa6fLCKpump,2,47378,33566213380765,1006011369,1038042161,0.032031,1299449949.91906,932868780,-0.366581,3Nzp7RbFcDEwH9paF6hLK86v5uzSTLyweaEwjTZDTUdtFzScVdc4fG254orAu5hyGcNpYPmhZQAyuJehr238Hscd,1,2,1.2916851538275806,False
1785817932595,Zuki,9gnGrt6jYmfU2XvfNeL7XGhJTY67nxHtqDrftJDk7v8,6,77199,23635049838702,1231787771,1005467581,-0.22632,1894170554.965874,771818529,-1.122352,5KSRgcwdHWTW4cYqxxmVvFcyKWKsPcZ9Abw1nq4bH4FHR5MMcpruesPXqNKRTPARqanA8KxCHtCp5nqzbyUEGV9z,1,2,1.53774099691551,False
1785818266559,Insyder,FfBLyg16E2jynRLRirYApa663ZA85yQXSnL5Y1bCpump,1,11098,27971531135860,962706885,876846584,-0.08586,1574797939.834419,627523525,-0.947274,3sbFUCgBUHSis9NHmXSwWRfYAZk8rAjvSJuyk98wrNogsttqGP3hBw7RuCKsxJhe8pZPfc1uyEuQKFsYTPExwXZB,1,2,1.6358020954991082,False
1785818280045,Kadenox,FfBLyg16E2jynRLRirYApa663ZA85yQXSnL5Y1bCpump,1,11402,10748993336973,693010156,542478089,-0.150532,408799085.372154,345351084,-0.063448,28e9TtcvSqbM95f7g96FAMfVvmeamfxrWZKSYoKWLWrUoEqq7fWtESjUgfkBCrM8A5EvaxmY6afJqL5DRTMxFBXy,0,2,0.5898890251936711,False
1785818339808,Insyder,3oLqypukwam65RZWPY8wi3mD4UhppFEAQWmAJiaZpump,1,9519,11056233890431,851165067,704151376,-0.147014,725617393.980446,609021247,-0.116596,5axmKq8pZqRVhs17fH6txSjY19HaWJbENfJKfvMsT6nnfiiu9rpGNs2DzQVmRGij66B39EKWjYqXN5tMtboF1nmU,0,2,0.8524990299918476,False
1785818354554,Zuki,DfeQPDo3tK3bDv72c3awX2LznE7dXj8s9Qa5aWYXpump,5,93721,39961388073856,1531312068,2488642021,0.95733,2075133765.432877,1606537497,-0.468596,24SRCyZbzcV711hKWMMECu3t9GSbw2YXxgRokgxBkCjK5LVpoo1bkbZFGi2ph75kjozpdurwHd4hh447KnmG995Q,1,2,1.35513446853661,False
1785818631338,Insyder,2oRB1yFjTcs66yxYJMfY78YauzCma3F5h27e6EQapump,1,33178,31368264955834,1342212603,1555482816,0.21327,2328603894.373772,1051604697,-1.276999,GhAd7Mz7Y7XFyjWyu8R4cN7AXLapwWqGe9SqF2LcFVq5LsBk6tcUnvBK66afU7EfcLEXt9BdMraanqtGRmEbqPm,1,2,1.7348994407957978,False
1785818841490,Kadenox,HbXuiWsdkKsvhp82rN1YPGiZEmTtXD4ZK1ZTmHccpump,1,9439,12144428160198,1317728753,1239084621,-0.078644,1141433423.948578,1158305085,0.016872,4S3wjnBEgdyVwNrhNQvTVKa5WGyw8MFH4U1ojQVMKrPS7ncYRWFRxquBE8Vv7H8ixnnSECofBYwD77nn74S9NzJ3,0,2,0.8662127325900264,False
1785818865370,Zuki,HbXuiWsdkKsvhp82rN1YPGiZEmTtXD4ZK1ZTmHccpump,2,11542,13626680380039,1431342312,1127370579,-0.303972,1374294823.290222,1125838813,-0.248456,2T6pp7Kr27hYyECLnUHi5gSUuMkmQhKuagqTRiLw3RPH7qHp26qCfNzf4XxwcwbzbTGavQPTCjD1RLHRE4vwEvyM,0,2,0.9601440632114996,False
1785818935898,Zuki,Btx7LpxT6F6MRDMQ5bStGv6ZXdhdZ2Q8V537rwJbpump,5,31809,42101645130981,1447968661,1800243162,0.352275,2187180971.726265,1166305384,-1.020876,2cg9k2AHfwT81Y5EeKuFesqJVFZQZT9VcukyYEeR32ehYdQmgLhw3n68rh91PVMokKK2cZpJ6DhSjhowJkhMEKE1,1,2,1.5105167885441306,False
1785819039472,Kadenox,226GkQCsNU7LZAtpDvhYcX6US2LQXRmf4XsxSnhNpump,1,53084,15183825447587,952215797,921226720,-0.030989,1270910449.828979,1066389521,-0.204521,64uu571e1zaPsU2bwU57Q6r2p6YVBJFj7DKTahj8oThQsyMvvyWFZMN4vnbzytBuhaSSiTsXJPWMXW2KYrtHftwL,1,2,1.3346874246710057,False
1785819101094,Zuki,8zakmW5TuhCv1VobGk4cusbohsX8uEiDRE1btXk6pump,4,56258,53033296019026,2560257676,920205175,-1.640053,2576505913.77108,940079276,-1.636427,5ori2PPya844qxXCZF15RDTQo75EhRdMrN5qnXu4UVpiRynWqLN8UYETPhApSenuWyK95YnL7y7ZwT9MRt534MiP,1,2,1.0063463290915566,False
1785819159686,Kadenox,7y7MmLSbjCoWKphuLoGKyLjFGErAr5U7LYJEa1V7pump,1,22725,15883467987116,977968701,989184117,0.011215,925278894.265808,594080487,-0.331198,vYrgcwcm9RSikoJ3TDDehXpu9kvBAweRX2aCXwbtk1Vu38jBpRrvMNKA8YCHTsVdDDqYBLw6P8Z6ECy4vkKQaqk,0,2,0.946123217767281,False
1785819239704,Zuki,8w6vZWqzHgVehjPbr5Xhg6bUcXmoLkHCCaDBMMqTpump,6,97550,34897026148695,2751723522,972194755,-1.779529,2107059747.761269,756703378,-1.350356,3pFTvW2BYfbndj42PA3D9bipdMqtY8jnQ53EETnJSHKwWhPic3JqRNcH6PJYg2DGqw9iLYpKyf37sLcQFyPZK1Lr,1,2,0.7657236386269729,False
1785819261117,Kadenox,C3VPWRoUGW9YUBk91DeRYMdaTxzYwwGE7RKPFj21pump,1,58452,10088023203727,1240314612,821326416,-0.418988,1192600946.505135,482727781,-0.709873,5eqJwjQwgtJCdR469Y2Yoh6QvUnrMaWfCsWT3KozJ4ewgi6oSAegC3qVsvmKbFeQeAWAMNp6v2qX32JK2JWRcFQ5,0,2,0.9615309978345519,False
1785819449521,Zuki,87EMz3FodJMjss5vEUk2QUQKiiZoZFp7u8tbW3zkpump,4,22755,33245275674306,2508023955,1671205032,-0.836819,1557487325.347672,1461392379,-0.096095,54e6EeXGHRg1GX1F8SL8Fj4gykmYXNP2EyHVF6owZ9RG4XTp1etApgjPKHRRmoRTRku5qvd4Tuf8U9pSp3a8F23m,0,2,0.6210017740231959,False
1785819651157,Zuki,v2fJc73DdZCdgd3sYeqVoBt2kzNGwG7vzePxp2Spump,3,42548,39452001034994,1752232008,1520872397,-0.23136,2080044344.082767,1109741845,-0.970302,zZJB41nXXYfPwXJYtdnsGJPyV97v7eQh3wNduUFiu3vgsF6zF6gbSX2g29gj3Mmp3c7hwqN9mpRMmH7pTshJ6T2,1,2,1.1870827233985597,False
1785819799720,Zuki,ERRx8NL3UadXfeZvvYJH46GHvYq7NEsXRqwfrxz8pump,8,95842,24459330295065,2735445883,1855663762,-0.879782,4617669554.959114,1837313561,-2.780356,5ZjkZCEWk2fSNL8wW717Dv1ZwNeCecNqhMyckc5Wef6kjXAigKmXmuvr96dgvNFYUr7P7j12uG68kpPWZCwXPdhN,1,2,1.6880866054256771,False
1785819975036,Insyder,qZ8VLecsKTb11bC4Aa1mizjpEJ1XpMFCgXVGBv1pump,1,9052,23428732687374,1209295498,1122888572,-0.086407,1088150331.057091,903160233,-0.18499,2eQagdpgXcV53jhgSq6TuqPsZmgDMWRHtrePTiqrxqPdwDPWGYkRZNvXbgJW31cCW3pmkSpT4GP9aW7K9bLX5Q52,0,2,0.8998217002020883,False
1785820037165,Insyder,F2Emnoz8iDD2JVpn1nEfwjEjmAJQLPKt6FDZPGYopump,4,30175,26225107125371,1174984830,1117570591,-0.057414,1518240600.85405,810120746,-0.70812,3MeZmYyVj2PFDmKPWCZ4MnXjTT3jryMyySP9XcaSsR8DZSjGzy34ZL3wcS1s881yEp8y8SZazUbgeDV9Bo6qxDAP,1,2,1.29213634260627,False
1785820227679,Kadenox,Gr3LWJnkNJNZvV5Vpfsp7rbCxWzRd2LtrfWTnndWpump,1,9108,31060526838560,1069908242,1205345945,0.135438,1028901494.11792,883602592,-0.145299,2DSg4kTzEEqu4EjVdoYyzYxfGsM3JNq2AHBdNDy5wgr4Npbjz86RxTr4XrTQ4YMokBrdG4W1LsQvwMVZXnMKdAAz,0,2,0.9616726497915137,False
1785820290221,Kadenox,2VxDtsPqdcJQ3GQqVUPZgv6k9vzSyr43YALxUGW7pump,1,23682,14352525476766,1028511482,977956794,-0.050555,1092940929.482185,709091729,-0.383849,3t8NPepiGVgbdKbR2TauiUUsvwiCeNpXqPB4W2T3NXfaaVRx75Bi7ZNzN9zAnSaCF84duDkh6zAkX8oH2sJEibns,1,2,1.062643391551544,False
1785821599055,Kadenox,2AQbgd67VitSX6gaFa7UST1WuBGWoajLUfg5cLBepump,2,233953,13056842705393,2046852887,1303422903,-0.74343,3059718820.545273,883173570,-2.176545,LtXnFY8tfowMUqqpsLGuqg9vTsXnw1uNsFvcCC72UUDSqtmqfEtCiLap7pfYGPuLCctqfzo6AG3XnMPQxhgwxvc,1,2,1.4948406111539334,False
1785821687414,Kadenox,F2Xg8HkC8tqsvA58Sw8PGz8oi8MjQFFVMEG3A6g8pump,3,79255,16878143479690,1941567943,1461879722,-0.479688,2316201239.725662,1677185641,-0.639016,5of9vEuVq4pVD1Zd1XpzMVjvD99jMehbmTZCAPchAFoXGJ1sjMhABUnr9McWUnEj8iEbiYa9KtUrtHxyXYsm5xkq,1,2,1.192953997863603,False
1785821903643,Kadenox,BbD98EVBosHWHLdEjQymEb6zs2snc88E2cAcwCWbpump,3,35882,14860550284301,631369103,795930091,0.164561,929554021.723305,673623261,-0.255931,4BgUfNPM5eMMaLDo6wdDub19TLxLuW1FQL5nniBdbc3mkvQZGtZDnJq9zbnmQCwM56grKP71b3RxNY7kAJaQunpY,1,2,1.4722830390439694,False
1785822035767,Kadenox,HWq9AHfgTHbPnZaGft9TMpEnBZv8nzUURUdajGespump,1,31149,14745803289660,1028616946,752980279,-0.275637,1055633994.519852,650228921,-0.405405,2oa1B8tf4vKPusDMsi65hsZJVr3ZTtGhikUmF9j7ibs8auRrdL9CaJ8cpnCQSxyQDk84BFKiHx6SbEseFAq8Pgnt,1,2,1.026265412625092,False
1785822599272,Boomer,4wD4CTawmqPi9wnTrscL577iNDSj5CJr8FmYsue9pump,1,7002916,13702185648382,1028594282,452327495,-0.576267,482037533.834423,455560533,-0.026477,3JsvU1zK27hHdLuJcmun4bRGxEFK1Hr7BNGt6ejwLjK6cGB8s6dE2SUC6iWCQxrVyvYi6NgGvAM4GMRB4SPvYPAz,0,2,0.4686371898715484,False
1785824952479,Doji,EZ6WVnPomXxSqSPz9vkhLiAN2gYdWrJRAzAB5k5wpump,4,314942,26346627378445,6001997170,1589563675,-4.412433,6565411530.06517,1605883195,-4.959528,3jkTomXs5Hcmvt7bx6TU74q4AYErwa7hy9XDMiNX1HKmQ3YAyBJgwxjcAYxC7u4qJcZjFGrQW4cHDWFn6Nv3mB4C,1,2,1.0938711472376736,False
1785826488181,Boomer,8kwzh8fMdFcZzLpbV9NR8zfq9MtNkkqhEhU2PV4DQZB1,1,3067438,12481863126546,1029555003,983720237,-0.045835,1159251025.247269,974014297,-0.185237,4gpe9MZt53KNGaUhR9oy96bfqN9aNHV4iJKrbQcY5BVLvaVgvcDrjbYUWg3RixewMLp5yuf4YBHbTekcVy4mhZp7,0,2,1.125972893016255,False
1785827219317,Boomer,cx5yRg1wVf94ktnWmSo9swJBNrD8pPCWQDye19jpump,1,1083010,13848175278528,1031629083,719291645,-0.312337,1156730757.208878,628146658,-0.528584,p31qacXf4gdjYu5FJm7HGcQcqUKvTbPbPdQvnjGgkioYVmefJa3VBFtaxUkz4DWcv3XpJXUY7Axa5R9icrQAthD,0,2,1.1212661374813897,False
1785829515886,Cope,JBLdRLuF3qoA4ieGWQLeWjppR6Rr9L6xqEChZ9aApump,1,30707,17759653422623,1266505976,526892503,-0.739613,1169035436.255341,517435116,-0.6516,4TppHLiBPJhtam9gYLdET4JGaS2148FURWmAQGs9xQsjJmbhWdMJC5oZ6whgsM9exySJ2eM9ovXKktG13PoXJX5R,0,2,0.923039810635162,False
1785829542445,Cope,CdSYBCcF7ZQypWjvZ5SYb5RnF9GMkaY5GDXxgJ9Fpump,1,16910,11486747421089,1266607528,967462656,-0.299145,1144409717.81282,1140578609,-0.003831,2nY8vAHFV6ZwrCcX9Yy63nszCENAdJnFxptoqHjFVn29sJbs8eALfqx9eHAE5zCsJacB1RYbrPnjMjw7CvoMNidK,0,2,0.9035235402554942,False
1785829583664,Cope,XThudC9YR5ZrwxhumZWQ6KiaR5pRzERMKnKhUcwDtYP,1,17686,15543995958210,1266238409,1397326833,0.131088,1418346154.8759,977329246,-0.441017,4gjzznBq4J4XTuJ3mrCPGvWPEBiuDEL3uazPzk2BHX55SUjhNSiukqAKWJFJoRMRVBCMT5xxU8M2JCtkxC5N2tCh,1,2,1.1201256768036485,False
1785829927429,Cope,DUf4zPk4maQ14LxgbBs5dETDgSjtstxv8CYtw7supump,1,9097,27809426035153,1265965143,997346760,-0.268618,1464227500.801964,1337858471,-0.126369,3e4A3MYbvFL2MBjGNYyga11SacW1XpoqkR4NxGqu9pSSND2tA7VGyjsYT2XmfuPP5ejot2yQf6n9B25ynVLL45Zm,1,2,1.1566096498771958,False
1785830011797,Cope,7siGTxAppQCZWibXKpCwfUccZUGkGSknB5akatxhpump,2,67887,23571719051254,1520007589,751471685,-0.768536,1225203415.075119,650151247,-0.575052,4VfkhkHRkMtHZq6VDhBhdf2RaAZAAEXZhUW5sv9Q3T18BZ3HvioRr2uayDYgTyKCczCnBcQVb8qngfdNANAUvwPZ,0,2,0.8060508539178872,False
1785833132027,Monki,8pcNDhW2nFYqM3Drx49eDL9N4xEMVWtUNcsLC6nFpump,1,9107,97545454545454,3079080000,1175687312,-1.903393,3956292375.626053,736275574,-3.220017,26XZTfPAiYgMbXYKAQ2ziSVu11HqFnvJdGEi6uQ7DcYaTMP3decq2yKiJLkZ6bnwwHyF1YccwvEpExRDdxBGNtCX,1,2,1.2848943111663396,False
1785833406978,Doji,AetF7Ca6PymfgfGRvTd84WheraX7dmg182DV4baspump,1,69132,22940303197028,3692279080,405876683,-3.286402,4666235001.538712,362816840,-4.303418,27fz5W71KeFGU75HEcMXUMwPQGKJRXMA8AsW83XmEXT7mbC3i7j3PeLYrStHAJUk4cntKQ1Q2wejk9iYQ4r4xw8k,1,2,1.263781772838989,False
1785833482487,Boomer,6iwVkQZRP7YVuCqb7fbfUjWZbJfkycRktc1qw5DfXDqa,1,9349,7184005439719,825055003,1009505145,0.18445,743112330.23008,984122863,0.241011,3QcdCu6n4euJ7URuF69wVAyskK6WBMkmLmgoBfDvE9dYgq2uF3fH1Q5dNGZm5T2w9LgUbsNuNK9zxxB8JF3t5oea,0,2,0.9006821697075147,False
1785833948272,Boomer,7NjpvAYP7AmQQh3ktARxH4iZEXDxZhq9sG6SjTR4FXpE,1,7450813,21343830349248,926644282,893646003,-0.032998,1108510532.430573,874893351,-0.233617,ydp16T1UY7axB9s8pyuPFxkDdP1FqypagJAhLb1WSTjKffGoZLqZE1KvT4uCHntFHPuVhSCUM4AeAP5pzqwYPcA,0,2,1.1962632845886088,False
1785835534681,KOREAN,B3FgLhoPo9bWPuFJ7ymCJzSC3SnSV8xGbMonTQuv7yfK,1,2232,10237087973103,1063805286,1021634013,-0.042171,445426077.345215,435009413,-0.010417,3SoxeiEEq6RKfa15SzKauHtHSKkJjW57uXLMCQ2RSqs2poRdJijRkBjZcLif3JUHATGKuNoGRuDsYXEkTELFpmBu,0,2,0.41871015608510054,False
1785835675724,KOREAN,6HxpWWQLr9hu8JQ3FZhdxQ9KW55PWCxrmzBHBRfXpump,1,1802,12583590764566,2632353139,2470551735,-0.161801,778217815.26252,741908790,-0.036309,2oH3SJ6FDho24nXqN2kDAyBSXEAUanMUAVhNwPu2kmCycMs2EKNm3NxRPKy69tH9B312fapGwGfJp3VL4o6Chh6o,0,2,0.29563579587127725,True
1785836076140,Cope,Au6tb5iRCboEdUrrPtd2KtEancpKgwTC4K8kXxuqpump,2,24578,42971615573327,1519670484,136149160,-1.383521,1453943684.597637,159435245,-1.294508,Yac4LrwQpq9LHXdu1Zi3oFgYobxXSLnjQ3xgVjcoJKc8XCcyeqA3T6Whcv5Fajfmr71YbkXp5HsjNTpuZRJTZiP,0,2,0.9567493084228627,False
1785836355107,Cope,5sFLj2yKf1SAQgZXocTK672jT7vS9EXLurc3Epi2pump,2,11602,47081507915585,1519993505,1041271595,-0.478722,1411904155.569954,955809157,-0.456095,39F2BJGDfh9PCbRdRT7W9shYX9rgcnxtZC33wHfkRy45CDWBCyFW7AKqCLq4EENh731qMYcUGvGcNfCW7ctLa8zp,0,2,0.9288882820390433,False
1785836478482,KOREAN,CNzXxW7Z7mB1aJrPG1zuHgea2VLiahLRzmYUp36Spump,2,7570,25616651690081,1206715831,1094919802,-0.111796,1620790058.609642,1692002171,0.071212,4ZmuffStA3ZCQUzX5Lu1syFSvTinKzjXV9A5tS2sz6R7rWG5V4Y7HUbBjyeq7T1kqW1NqyinKiKb5XNQzQ3iXobS,1,2,1.3431414563166049,False
1785836519961,KOREAN,GhUc9gHLouW5ECrAYLgLA3KonBEhCt28MhGb14ZrNfyw,6,27494,18684454503616,1496532833,1579275041,0.082742,1642374414.183453,591664791,-1.05071,27VAEABvYe8LYvdoWeQjUpNG6nnXFBH3d5bsB2awAtr5FArMAdo6k4Tficmx4Kkg1U8MjxPKo2aCANPYAVZRERjW,1,2,1.0974529779551139,False
1785836932219,Cope,8RYBbHk374V4AUZnQgj3E3gohexTQ7jTdaTF8Ah5pump,7,306444,35172429991485,1713515886,1380512791,-0.333003,1242033364.45647,1632425566,0.390392,4QVjTeUNZaMJC6ik9GtWTa61m4b66zQU5FrPo29GXApY6vEMfLh6xaiKgD3KcmomV4rSmCLCTtDe6CdZM5Pz9yjS,1,2,0.7248449661916178,False
1785836967184,Cope,8RYBbHk374V4AUZnQgj3E3gohexTQ7jTdaTF8Ah5pump,2,33153,24003700132784,1013358961,1083610262,0.070251,1131231939.612709,1223331789,0.0921,2jq9PE81tUSwX4BVJBqjQXAVDZeuoUvqoAHAm5Lp6EfKxGRiQRe8hWr7fauLngBMCoqcStNLcj1XzNyxuEwET7nS,1,2,1.1163190766047897,False
1785837386638,KOREAN,26B1GWey6YiD37Gh5bwc692NXxQsfzBwfBjgFAF5pump,6,24574,45177222646996,2564680882,3332053217,0.767372,2989815786.443474,2150307347,-0.839508,4fWgDLAMcCF1ydv1xJvuvfGCwrtpmh4XFYzzSgjEpAapANv2DiUohLaeqdjLPUL9mqP61dfwfCHaeqU28MDvjNKV,1,2,1.165765225384276,False
1785837417414,Cope,26B1GWey6YiD37Gh5bwc692NXxQsfzBwfBjgFAF5pump,2,57578,56201396876952,2580120110,1388357902,-1.191762,5155907267.241653,1030023967,-4.125883,3CxqbZtfqc4TPesSXxQtTwD2M6idRc4vx62nAo4fYSdo2aKWTZNVF9RfNocDtmDkab7dsU7p7dbF8DooRKsiSQjE,1,2,1.998320639127786,False
1785837419984,KOREAN,2uQCLBGxzHhhFEyW67RSCDJamxQFUUDYmJmGdGfwpump,5,15416,40468172244603,2283416169,322248657,-1.961168,1961663214.80265,391664792,-1.569998,64PGc5M88UfNMZbvtRxwZ7st253zsWbnyx3aFx94So5fkF1yC6LBft9xWNzPNWRHVjxJmk3zLGaDoTRPZr7bBsda,0,2,0.859091409369209,False
1785837567810,Cope,8RYBbHk374V4AUZnQgj3E3gohexTQ7jTdaTF8Ah5pump,1,21899,1847548158062,254036187,19807399,-0.234229,229262707.950531,20950755,-0.208312,JUcAgSkkBQo2LQ7auSAur5nF3xVBUY9BA3CRBHBBgXvAGrnmewGWVCjgMEYU1fTaAF6y9Th1TEtTggZs4z1GvXE,0,2,0.9024805113711261,False
1785837588717,Cope,8RYBbHk374V4AUZnQgj3E3gohexTQ7jTdaTF8Ah5pump,1,13773,5624114117499,678243211,560493410,-0.11775,675644350.121544,534755840,-0.140889,4ZdCN8E8eooXyXFg86uC2nT3xpBVh4muFUAyfvLwSCZV1jLPYuBqWknWdfZgsZpoGcdNKBkaRDUTJ155nBMV85hJ,1,2,0.9961682463807868,False
1785837592763,Cope,8RYBbHk374V4AUZnQgj3E3gohexTQ7jTdaTF8Ah5pump,1,1787,10605648959300,1264060069,1409760674,0.145701,1237143875.471169,1388900209,0.151756,5AMUAg9NtUf1kjrUyaJNuPx66BVz68SZsSrecXRe6dkkeGkrwRE5tLmszmtsQagvXPjuRFzrBrF9okQXWjoxmkbs,0,2,0.9787065550214521,False
1785837600810,Cope,8RYBbHk374V4AUZnQgj3E3gohexTQ7jTdaTF8Ah5pump,1,6239,5646590372809,678244228,64392617,-0.613852,673976867.353989,66058500,-0.607918,2fR5sxnaR9Gow1PScVDcuQpc1ihK5Ag711NCKTcS5j3MeWt5WVoV8kPGSwBgqgfwz49a2eMq4wTyhVnZNuLSVfnv,1,2,0.993708224161974,False
1785837613197,Cope,8RYBbHk374V4AUZnQgj3E3gohexTQ7jTdaTF8Ah5pump,1,1802,5603763965129,678136501,160728883,-0.517408,623293292.164635,153448720,-0.469845,4zKRibG5szHcnr64VCbYiUJAQVxUfipAGEn6rKv7iGxQ98V5eqs9Bu4FmduVRA2GVahQN5dQy1HMiBwn9xTN4JXN,0,2,0.9191265936069042,False
1785837791272,KOREAN,J8qvXGaDXPVryhZjtRjTniaEXS9TRoB4GcXKmv8Bpump,3,13564,31496349436125,1681976337,328782316,-1.353194,997537605.157097,239010761,-0.758527,3U2m8JAMCwP6FGSLiKW8gRmWrE1YJkCJiH9ubbvuPuUoz2VATUucGwhQymvBJnxo3hfRZT9PLZ15da5u5PD6rvex,0,2,0.593074696244729,False
1785837844730,Cope,8RYBbHk374V4AUZnQgj3E3gohexTQ7jTdaTF8Ah5pump,4,47662,38628980169210,3459732375,2676872652,-0.78286,3578280944.660248,2689215616,-0.889065,3oAVBkRS11bzwJxqYVshq3VGYa8kco1T4ePNgjwvo1mg9jG1gMJuT9skXAhpj4cuKCorCHfMr4YCH3tLfejGhioc,1,2,1.0342652427444616,False
1785837946180,KOREAN,7W8itSJz1ef2RrvmkvAtApk2zcL4THaHugsP9H9Zpump,1,10135,21077498308911,1393872994,1826222603,0.43235,1549846219.3657,1686074664,0.136228,2BSaajm9uQuTtJ7HrXuLFNwKJdPTSFPFH1oy5YZHWShw21TuGdNYJPzaNstxLWexYstDiHNWXYGcqi1Ye4EwLgDQ,1,2,1.1118991658760125,False
1785838011473,KOREAN,H8cPPMnjoHsb9w9pgiM5jSgC8pqGQb241yUKvJnKpump,1,6247,14925297132625,876100098,200489431,-0.675611,1047594438.518234,270901859,-0.776693,5zcVYZENK7pCEoY3krrZK3Vqimppem5yFMprJdkRt2xKArc2MMqRvezXHSPkHj11NLwwU5rD98ecw1bM44aSfiXT,1,2,1.1957474276166946,False
1785838155096,Cope,2vTfmNX8856z23scQ8vV8W8vj5LezD9fj5eUBotipump,1,34797,15539939139542,1265942519,1399290856,0.133348,1743486021.318871,1348841302,-0.394645,4gpPK4CbqBMFN35jQLXDyg6p33eVwcR7SqU11Yn25UvBHZpz52NFhgWH8SWCM9vCEyZ83Xhx7wbhQjzUSoz2kqHy,1,2,1.377223685239749,False
1785838203549,KOREAN,D6JmGnSYWzTFkhzxnFHSC15UNMJmJQ4iufL2iJAWpump,1,6016,27034993575392,1548841658,651586772,-0.897255,2525859247.031479,530662046,-1.995197,2PPvw5J2Wt9pfXbdt17pzvuQBXvYonHv5RYgYGCwPVBgFhAWpLw5VmeLCrte71mXZ4vCuEY1mmb5ktc4GqSWfaGT,1,2,1.630805340226379,False
1785838298609,Tom,FP7Tu5tAwDYdNNeR4pkZj1QaCtHrMD6LVAMjDpJEpump,1,21222,42601092581445,2704079080,2590675925,-0.113403,3060530098.497185,2491308142,-0.569222,2XZSXFSqaD7qqgVayxSJgrPRs8tn1hBYCVrHgkcRuDNr9deS5XH2fCGaZNwN5q7uxscuoRLD1bq9B2oRF5tyuytP,1,2,1.1318197463726487,False
1785838437930,KOREAN,ESU8rCoei1He9CQ1kQLhivSRjjCDURZfZeLrTpu1pump,1,41984,29074934175269,1601519351,792143848,-0.809376,2776020940.560295,653888059,-2.122133,3a54j3shLjdqerp857hxwUsLVo3gYHpGNVmhEmu17TjEQ82uUrmKpwW4DmyxNhTsQTKPGDbXa9e7t9NifueejQpm,1,2,1.733367092209612,False
1785838506972,KOREAN,2pVD7ZqZ7SrCWqYcYTcqLeqG6GyAoPY4cXuJGusCpump,4,15173,27433719667114,1926860939,2396448954,0.469588,2801259416.875046,2769328266,-0.031931,abiRqkpfKfmngWFg6uqKZrpPcUJLVJM2ndi8ZFz4zc9mWJ2LRUsK2zUvr5mYqwxDW847ZgF9coCiPrqwhueuKVr,1,2,1.4537942828032209,False
1785838518101,Cope,BvJwgwiM4F3rEGD84sVLUn6JKLTNkaH51BQjgo6752Du,3,54610,45294633273690,2197846184,204171995,-1.993674,2300034234.195541,173655846,-2.126378,4yy8ADGvkGjshYw3VmDuZZrKntY6yFwvdvVMXy319qPPAFAaM663WYSUyGLmLdmMEbUfFkSQcPH7igcqy72dPfg9,1,2,1.0464946323084185,False
1785838686915,Tom,84pyV4YvS8SWUNP2jC2HiHWwWcccn84ctGA1vG74pump,1,1857,14561795389732,1602005001,686179443,-0.915826,1620792697.424644,665776129,-0.955017,ati1SMrc25pYZJLBmJvqQjGW76D7vA7SRgzX4zvt6XXpabxgpB4sQku4NAPjGnHeeEiG739m6TJ2gDyLjSFKu2n,1,2,1.0117276140916642,False
1785838785912,KOREAN,6W3BV1s99AvQi8UX3PQkBZAuCwh1YP7b7bkfztmqArwb,3,15393,16971760263933,1494476609,339337398,-1.155139,1288430461.668259,343500622,-0.94493,2TcTzr3JJSLc37iRNbhvbtxymKQkpcLUyqeJS1rU8UekbPWtKQeju7MQmwDC43j8HxNXxiRiUzfdB7vATaAjg3hT,1,2,0.8621282219534953,False
1785838929005,Cope,7LkEcuwcjvZxDnfnwtcb4Jock2oe4G9CSUSM7qixpump,2,145376,17984373419055,3041419472,2900405586,-0.141014,3018885244.605453,2743940262,-0.274945,2Rkq7vCiYmAwdiKgRfdLabWqBE8izYnQPnYX6sUtZLjnWLd8x7HECusQXrSaRSMDf58CDqfpoKQzXrDqxSdmxafm,1,2,0.9925908847490449,False
1785838937474,KOREAN,GY3StDrgxYyqjukCtc3gihWSzRwxPaFJvEyn1NnWpump,2,18055,14987131013698,1644984126,1498506143,-0.146478,1540586580.132629,2384757474,0.844171,39PsuH1qNxpqjoMX6ES4mrHTyVwnn6dg3Tbsvn9kvBKwaLFc48eQbqvNzZ8RCwv1t8eyAb1Mqj8noEwPmn5AhB5k,1,2,0.9365358338616752,False
1785839008162,Cope,5VnLRzSCHodNom8ZGjNdTZC9upfcJyVPgP1ExFRTpump,5,35206,26390854273381,1253848524,1343254215,0.089406,1197602926.574524,1103706684,-0.093896,bxZYm8qUYUDKNYoE3x7qVAexrCDmQBV2FYVT9uZP8M45kLKoYTSX76i8C7juixZ6DZV9Y6NMTyoPcnrrRW1Jzb5,1,2,0.9551416328616453,False
1785839058889,Cope,ERXCEfpztWsknaQdJXMEMcfRVgDSVuyq32hRZS7vpump,1,6135,18109718576533,1265905218,1268284372,0.002379,1402398738.256538,1326808035,-0.075591,2bzvw7wyXJXMy3vpen2FziiG8mrBb1UJzNo2Tmdyohw4rbRVTAH4MFnyHJsSaw3hyBDe9bzQphsZ2nqqBmC2XVVS,1,2,1.107822859338698,False
1785839278365,KOREAN,39ZfUunHA8FPn4wkpPEq68zUwEH3A1mxEjtZsb6rpump,3,9464,32924503492380,1763325040,348437209,-1.414888,1128347154.5658,268165996,-0.860181,3W3A4fcb4SxcEo7W5ucYcp82WYwkgT5fbTe3PPrwYNzESNJ4yqnRNs6QwUuGR3SkkjJFmFn9DF2iubpLgPFB2Ymp,0,2,0.6398974261522424,False
1785839745452,KOREAN,8PHMWdhEebimpHhKttncRFFojWiCpBUF4dWScybXpump,4,11405,11090802109437,886494084,136170742,-0.750323,518955007.883064,120742359,-0.398213,8hgYvMeNzoJb6Uits2ZPueyGNT1o3m6SqC4qKKLMUUaUU3uSUmZF52hTqzvkjj2Tupm4hCoTjkb2usQauC8muzW,0,2,0.5854015466651032,False
1785839779106,KOREAN,GayJEt4KY9H7eHdgbCz39TdUG2Jwo41iz48QWQDppump,1,23095,13853504055856,1113068678,1211982600,0.098914,1435597208.081474,629581862,-0.806015,6CkMadwRvbPWG8eMT6dPz9C6LCdinup5YseLS8xLXNhRQYhYmrWb1Gf9G15YtrLHKuJqdbT89asz9yHei8UPfo4,1,2,1.28976516584853,False
1785839866213,KOREAN,7H2sesy3benMi9CuDaNhspF7zBPZU443jieppaSVpump,1,1789,50041346048388,2498514613,756305323,-1.742209,1538804563.418133,362020344,-1.176784,4JN2H8m5nzizVbwMPTBkWDqZdvbPUp4zq7ESXVNndyc9pgDJqJhUUS4cCUxssqaQBi3ivPi6wuRRTzhJB5yGRZg6,0,2,0.6158877580349509,False
1785840121020,KOREAN,9feSU9u94GPmimUecEfrq6M4mit35E4KiCPYEu1bpump,1,9937,12098297459731,978367876,965156668,-0.013211,1073557845.689354,712528259,-0.36103,4Qv2k8BJv3FLySNMRNsHZ2A4Dg2rZJTFyrAbBPwHuCxq7AiufTkx4zednL4HDjM9Vw1B7tfXrtTKQctNKYBwZw1A,1,2,1.0972946598354523,False
1785840145671,KOREAN,8pi5PEniKasw5VcNx2qF4934mCgtGsZyhx6fQNV6pump,1,14839,31498588396879,1391767134,292613397,-1.099154,1244881032.972733,321075253,-0.923806,4H2RuhszH4ZGunfS4L9kdGniDGd5xAJviHD937nv6h1P4fqK9W8oHNyqVVk7b4BDxKJ6w89PXwRTFGYoSbei1p4C,0,2,0.8944607201600531,False
1785840247750,Monki,495YmGKvUWR3xEWykFLBoKEJH1xprsuTJXxKUgtUpump,2,16061,42381079949520,1954361363,602492964,-1.351868,2477569995.597153,594446364,-1.883124,4pw8nTBxgVVfAntSfGcCN39pJ2EqZ93BBVRF7ZVDsNStQcC2HRfm2yLhpo6iExSLJ2ebLrwBpAs27RxnnPg7SXd4,1,2,1.2677133525572841,False
1785840305044,Boomer,7q1WEHgsHeo861ZXprLT31aoTyCwgDZHKX5MWBeotxrT,1,4797058,27575094548749,1029555003,1439688153,0.410133,1110353055.480888,1634112377,0.523759,2oSz2EKhyA4LBZPuRwxzQE48vkcsrrzGyT3dsX5aV5q3E18Q974tNFFvMKHqWAeq7qADNWhuextxdUyNqvgCHeJr,0,2,1.0784786167280545,False
1785840482064,Monki,78xyZk7tn5uASyySqwKbErysDj5uPhyDEKv6RPxTpump,1,1799,97545454545454,3079017360,1069821790,-2.009196,3200573751.859512,708522062,-2.492052,JU7CCLB3ahfwoRazKBpfMSMe42Ha1xpv3f9o2s1yqsRWLGRt9TZzUP3Yfyk1DmyehhNei1k9D7mTj1XvyeAfSwc,0,2,1.0394789563185547,False
1785840485714,KOREAN,GayDFYgC5Xrh3EcpzpmoRNJ5a29bMTmJDDa8myUepump,1,1800,37875243322848,1205819033,1109613901,-0.096205,1097700825.731804,1022848701,-0.074852,4q7SRC45hyCJL46NV3Lrtrvnenm9aJo3FYpxFS71PUm3UgiBviGT2JRgrdDkegrMcUgk5gQBwGYPpSX4Z3MxJGkJ,0,2,0.9103362906793692,False
1785840875301,KOREAN,HL3vvWgvcT3BXit6CJTwvfbz5UcwhtCNvz5gHFWHpump,1,1786,29242975432408,1503315981,287550978,-1.215765,1340877920.436684,318651927,-1.022226,3nQyaiMyrLwSERFxNye6GuLiQzzyxVSEeyg5etUG6U1eaK2XTKD4xzMUjktcBkg1ze756UwN6PDoduzP1oc4UsUX,0,2,0.8919468278017886,False
1785840957321,KOREAN,7UgqaHuBa183L7T6ZQAK9SosuL3oQ9Lvq4Ey5kdzpump,1,6210,16004666162330,1304836878,1158544322,-0.146293,698290594.820747,626921165,-0.071369,3EaYTMcM1XHL9MiEJ3M9Pwuj6HVQ4HPgBLaArP5REKbz5QCsoVBKA5YTsgJo2TppykoJvNjsrswvQDvqhk66RBCo,0,2,0.5351554716104115,False
1785841277339,Monki,HJrayULdA1XvaMgsKnaQhcTFX5GA4wbLLJ8TNqaRpump,1,6462,97545454545454,3048947760,1079586134,-1.969362,4008826324.211052,699611045,-3.309215,3y1KtkXGiYcUW3jeJMkJEtoQzaeJ3pemCftMVq5yVHtdW14AGFoxHG3RQZPZNW1PE2TPLM6Ec2jevjPSREMfnbEn,1,2,1.3148228962148738,False
1785841317399,Monki,BmDdX4ZsbCY6eaJtDRvphpj63t3vFGXMwmD7scvhpump,1,1789,97545454545454,3048954720,1061036143,-1.987919,3200573751.060463,708522062,-2.492052,3CCVEE7ZbKwLpzhediPCHD6DKg2mCkXWb7y1S74nerVv3cv9rvmmb4wGdDEz1d9mTwZGZdm2k2YeimkBh92R4ncq,0,2,1.0497282003126838,False
1785841655926,Sebastian,C1Kuzvd7rmN53ZMXuvF87pPATTeoMaAP5RZNve3apump,1,17803,8541921360201,1379608660,2087171078,0.707562,1754861306.507492,930969645,-0.823892,4iQBABAV7Za1vrQXNPx4EG4Nt5hscvb1QFLjQtRc4ELZmeBPx1L6PnYiU4y3ASf9nYPduw3GaYEUm89r8DZ6x7DK,1,2,1.2719993411084358,False
1785841784827,Monki,3kAiFZy3C7E3jhnBqQGJ13QBERVXan8eTL8hx9FEpump,1,6034,40560263723520,1558981520,1545963016,-0.013019,1530645371.707626,1406481373,-0.124164,3iNfum7NSLNQrXdfqvyKPUWb6u57A88W1t95qjGacm82EUBsfcEjfoBbnnyyf2zFjg4dmMK7o6sc7Z5TFaFzViUp,1,2,0.9818239357369843,False
1785841946550,KOREAN,4WiFuZKaZvctGpvzRVo71Xx8sAoCMDmN3uSpGQrKpump,3,17550,25708351334898,1673023807,917117426,-0.755906,1001823505.688133,1178114238,0.176291,3Kimp5R4Qo56DReD7mvxJaqBR1tdF2uXWRrkf1uziHXexqycJiVvRSaXu4BJjNxv14q4GFBgvxFCdFttdKTEbfHx,0,2,0.5988100716179068,False
1785842251102,KOREAN,2jZuNFrLfKBsUfCTmSGw437KiSHDjZ5XFUxikWn4pump,1,14139,13941935079829,1197729909,763401457,-0.434328,565483092.417435,544653183,-0.02083,21eJGPEUMZk9eWCNV6K6hYMm8ZdVzCxDRrcXiRUwR4NVes7DEMdNS5PAMtDDzcXPeEaSZncyG9m7soE4pzox8Cwu,0,2,0.4721290569503805,False
1785842295003,KOREAN,6utcwkJw3AWQRtECLFetki6nH6kjuLf1WjtomsAmpump,1,9951,18442627338687,1294346499,256695884,-1.037651,641722969.151306,166209824,-0.475513,3XJvVgsVJ47VDDD791tAG7S6s2bNE4xeQeSxckSvDUfL1bAxLyT5oVLC6nDReiruCw9sVihUfmzvDCTf97juFEgo,0,2,0.49578916437530074,False
1785842596378,KOREAN,9WyrgJ26x9DuGyZ5dMvJU39PqoDz49iBx6TW4yGL5NqD,1,6084,21224613855128,918692462,837613598,-0.081079,3126775338.532883,2501852820,-0.624923,5ACvEEoMGc3nJTaHDZ1BW5cY7j64LjSNJwnENjiQTE8HGHZWXJeZp6M9jeEoBq1qgcZfJgLayVz3qRYovDCAvejH,1,2,3.4035060347897828,True
1785842654323,Monki,CidTYmg2MKjcRu7tkDFp1icGgJoC1rBXjiSyyGVkpump,2,23534,45715294253239,1841487809,2274492070,0.433004,2695133395.249802,1562312036,-1.132821,36mzcX9JLLANZqZ2kbUNkiunEEE6Xf5cKVFjZzvHQQ1aM9Cnftvk6ho8b8CmjgvwHkByVaLCxNARUJNZeb2MQYAd,1,2,1.4635629853631043,False
1785842674217,Monki,8Sk7u6mEqiLKo5ykBPXF9D7QrZ541NwKQrJhiYhLpump,1,1801,97545454545454,3078961680,1064181131,-2.014781,3342071570.129639,737905460,-2.604166,292s7JwNbMP96z1ucdNpZJJpV195YVPs2Dx49qoN8xvjaABSFKaQQkv7CbjBUoZuA9PS68KFjCHsQz6csSSdWYJm,1,2,1.0854540970219673,False
1785842730041,KOREAN,11PcxTuHBvk25wEVnyif8ctZt1e2EtuWXDhfWV1pump,1,7610,20925801461104,1491804718,1347514258,-0.14429,3638643225.091705,1713728587,-1.924915,3c5fr7Ysh2jgKV8BrwRYGtPS9btrw3cyUpBwT5Jrptcjr2TDTGM1RmSZ8khDnaQBGwdHBSThCWwZf74Wg3uXrnfJ,1,2,2.4390881602585903,False
1785842821912,Monki,11PcxTuHBvk25wEVnyif8ctZt1e2EtuWXDhfWV1pump,8,101367,33789804087448,4110143025,2869214398,-1.240929,4772064451.733429,2198502720,-2.573562,2oqCNBkyEWLY7D8STnRtx6TGgTpih8yLyqznE35EvYDwmKEnvbkBS2vZZ2tUPQw2HWDz7dF1y4bLcZ5w113Zk2kk,1,2,1.1610458377499964,False
1785842871278,Monki,BMcj8do2USeRuAv6UqVgdpgPrtuHfEcSXTM5rWGWpump,1,5883,97545454545454,3049017360,1061036143,-1.987981,3316394116.185158,737191280,-2.579203,53KVDERT4yS81e6PX9yJ6fNLoy6kVGq37iehpiHuRL67YyvEjmBYQxCDHK9fsE82mpsPGNJqo1LTPLBjoQeanZS,1,2,1.0876927628202018,False
1785842970178,KOREAN,5tmPRMi4sJpmanFFBpRm35d3uZn7mg1wwt8KxtiRpump,1,10182,11210221204349,847917389,1214656809,0.366739,1878871468.204269,1507955870,-0.370916,R1YMXqj7kdeNA7LpQiHNAWB7LQeVyii1b8x4VuF6EpCNrZqGhaZE7hQhcKTkaHFSZ1eiD7HVEhGR2AZCb3rFPZu,1,2,2.2158661829310224,False
1785843096652,Monki,FkxGueAzmA7qR8ihQWBTLts5jetN9NamP7TwMq2Ypump,2,11838,21653242329239,1914716086,1202540474,-0.712176,1031708225.235573,965722261,-0.065986,3C8BaLZxPxuR2wxSVjVnoSYRH2CDMVdMa4pxSt8oCkahDdYCb4YknXYJzCDfERkkNT1QMzFyUKPUU6WmkjAFpt9p,0,2,0.5388309174290674,False
1785843098514,KOREAN,FkxGueAzmA7qR8ihQWBTLts5jetN9NamP7TwMq2Ypump,3,20007,25328454365292,1757036928,1474731809,-0.282305,1182273275.01368,1202902879,0.02063,Gbufvt6qAiupK6C4wNmx2RNR9Ru7LXU6uKVGTdhopY1paffNCbcKbyNcu2DANbyhHJ8Q6pwhhz5HXqtfH1Rv2U1,0,2,0.6728790136240551,False
1785843156249,KOREAN,Gm55YVi2T3gSMzaan7DCJ1AVHLjMcK7E5AAhDsuBpump,1,5847,19774463484768,1213477077,916559196,-0.296918,801550440.083229,752282262,-0.049268,4VN1K912MPuZbwosgzjRF4SgWgcEtx9VydYL4uL96LChaBhLpb8xPPP3aqBwPNrUVdU512nLqe47mbqoyMpQJSzb,0,2,0.6605402403355238,False
1785843337053,KOREAN,GH93f4U4mfCZsc3iXLvFNjUukAGjwo7LqYyZwozkpump,1,9990,33842663108762,1358261260,1486272801,0.128012,1688157735.305809,1765040211,0.076882,2ZNY5knodyV3ENZqEWcQ4u3m6ztUADwm6SjqnHgnbiJDdGXFt99D71NvuDWUD2Ykks38Bu8xrqSjq8SPpe2dutYG,1,2,1.2428814580972507,False
1785843876124,KOREAN,DaUCoHPNBeDcxvnp1NhcFZerFLPSUGfMau39Lakcpump,1,1789,18076674530419,1366218612,1005401624,-0.360817,630855465.683624,581780544,-0.049075,2En3nHUXsLa4cj5yQSJYkiTbVbicQVZPq8nqsL7yq8iToTkKjpiRaaGnroyX9nCn2eJ7HrhttigcQc4RoQvhmFfz,0,2,0.46175294359379143,False
1785844066117,KOREAN,3qKNtzr1da1BVKufPwcN3j41wCvyzmZmAmmEoZ8kpump,2,20479,17337594310708,1712223032,182146686,-1.530076,939097592.962318,245420863,-0.693677,wxgH8XCmBEze4UdbGibhnwB9SocQt6n1EpfLPP7ZhrDg4opekXx31FC8ubgpoLsLpRLCQGXFyqhqGohNKLHk1wm,0,2,0.5484668617413611,False
1785844267752,Monki,Grz6Ltkh8ZBXMbYH27ibKX6wX8acjuvW89rzeWztpump,1,1789,23222328006237,1530234322,1575041462,0.044807,2039923949.493507,1879156381,-0.160768,31NxLxuHgaG6cXiTgkQ6YJYsweAwdCeAFneCwpCk5Kspr24dSVQtHgJa2ALTJLXj1UB1wUfNavYgWXeer3Z4jpf9,1,2,1.3330794638218204,False
1785844369995,KOREAN,2GLP2fjccYkHG2DKyXNbFzbk5e137NgJTFFD6s4upump,3,21932,25262565417398,2084249021,1798800725,-0.285448,1514894905.884171,1404552019,-0.110343,yR4eJGPZzko5yQF2KFxaoN6cFkpHUuoyddk43N776jPCjVkG3Jr1SRAQssZByU21PG49QoZPp1x4Ws8CQ4KzQS2,0,2,0.7268300911362986,False
1785844587188,KOREAN,J7E29h4zZ8ivBNZp7ywSbJMgXcx8EkY2E1oAaJ3wpump,1,5883,24106043115850,2173812744,497983621,-1.675829,1046119401.515884,362706822,-0.683413,32kih67bDxkxKypee72qykq8dcpHfQ6dch12z3sVkkf4ZXdr3SxSPGby7EWepBJAftkskcRJgaUZ7GAu5uXR8gUV,0,2,0.48123712790041684,False
1785844668754,KOREAN,8jDKc83tTJpuxu5fjC2MUUyoLM8LrqGACyj6eCzUpump,1,5900,26745309028436,1645594822,323652696,-1.321942,3602509513.262505,949238542,-2.653271,5P1tGLrqc6Xbdznv5fLWTn5AP3bKXdGphqd6yddG7knrQCmbyUPbfgFBYHQCBwHNGr527R7YqoQ4T5STpkRzHAVc,1,2,2.189183792450281,False
1785844741360,KOREAN,FLLDpdmNM3rDxLVyUyof5Co55Axw9kRmbYpgvrXqpump,1,5824,20475908650152,1500926467,275223028,-1.225703,938742525.937141,260062590,-0.67868,2MbqDfLojbCcLzvSh1jvzzz6v9sH7eupURhR2zD6iahMsrLLgnVd6AeaY8pk7Y2sdcijqVatSdXbQcFXoD4Gg2Xt,0,2,0.6254420496784676,False
1785845034840,KOREAN,8pvyy5ktbxkquFyY9nu2AQT6MBrgpNABq4dZNzxopump,1,5868,10831175494351,886778099,179867938,-0.70691,391111876.707485,139624486,-0.251487,5w4aQuQkLVpW7jfgcQM9cyfPvcz2B3EwDYiAggsv7GBAUasBKXcAhzeL6pbXHaQsVbZ64Re5GzU6tEWrwNQLsGna,0,2,0.4410481913666262,False
1785845205750,KOREAN,3gqwCQ28hXc9D4BMjSM8J8TXDNUt58N5R5qx78XWpump,1,5972,29287135687542,1233585813,230758727,-1.002827,878249854.716446,211922581,-0.666327,2JpY1g3YCwhGaRnmTe7TEcXvrfwcs5PXVZRDuQ6HgtAKLVJ1SkwM5TP431T6UJZQptzwCp37RE4hxUyyDXzkVc52,0,2,0.7119487314632776,False
1785845247449,KOREAN,3CavXcbXWoqxEntqvkCTikn77zPFGVT9ZZw2neV1pump,1,6267,5867511337347,1199320256,1085130952,-0.114189,1030830304.30838,905289971,-0.12554,4ZdwbPRe9SDhAzzbKmfDiuCu3EwSEEwdoeHF1URPzBWXndPQbLVQByAHn7bnz4RtUN1JxuJByUSGgBLrBXxZX5gR,0,2,0.8595121270997528,False
1785845277012,KOREAN,9GCGKP9CMnaTbupdgaCHrRVLQZXXCHZ4rFSQew2pump,1,1792,22243768930743,1590150747,330380657,-1.25977,985351843.737549,238461683,-0.74689,RBAZXgnF1pBgnQGEH5TyGC6991n6FVGv7nZa7xWFWNrgJ1ERcMxEhQMkBJ9vHjzB2tnHt5gujRW9u3KnDJCY9Yz,0,2,0.6196593911593143,False
1785845419119,Monki,8pvyy5ktbxkquFyY9nu2AQT6MBrgpNABq4dZNzxopump,1,1794,9262747303203,1774625989,1404843126,-0.369783,1651185369.25647,1504986858,-0.146199,4XBQTtbZ7teEwkozpgFKsVCGGrAVyYy2mjaQKf3qtQcr8dMMoN5rtCsMtTzTJTgQqRGZcjvJ36Z9rJYwkzfySegF,0,2,0.9304413321405889,False
1785845545310,KOREAN,FkJaYqsMScpeGWZpN3zkcvKTxwixjCC2EDBofWNxpump,2,10641,38768415716485,2479234394,419776508,-2.059458,1237413201.73579,280558070,-0.956855,4Zc8XC8Uu2iGeWjD1wE9UT7SA4bV7G76am6QTmsFghzv1PfpYmEwA6b8T4CrN6z3bLp5iuY5Yytqid3G7GaWUgPb,0,2,0.49911101779261213,False
1785845607876,KOREAN,8Wx88599rCgcSfc9Pzbt7Ryqr9S5hz3RZjm3XUYXpump,1,9290,17790496199753,1406187540,1396941241,-0.009246,1004552305.546814,1363865392,0.359313,rFSqDnvrwYScPxJbjGT23wM5UeTS8tRk2V1nHKnvSdPYRvUMWktErj9nxwbtkjAWmZWuBKLRxizc4m24ZdrGZYS,0,2,0.7143800360703053,False
1785845773152,Tom,7CUmzViD1zAjYyJYJSPYe8ahnfqPkxYy7gwwy9XXpump,2,11033,43094394675040,3206084082,3015699758,-0.190384,1896088696.980675,2028819289,0.132731,2oWF1AYw6K3vPxFcsWHgXoX2MSHsbeMynShMwriqFz7Vp3FLk5R5exgxZiYa7uWz9iFCStE4Xz9835Gjj4PDdhee,0,2,0.5914032971330772,False
1785845864813,Tom,EeY996u1FBb9ZXtDhbThaCdoXquuWUGuDNwdHtRz9jbt,1,11721,67133427656465,2704079080,2588774876,-0.115304,2757303547.117302,2041844083,-0.715459,263gmsxnmBZXY5Cv6tiP66T5m12FB5HiJBTTNcReF7Vneznd6T2mxeUnzzX3v4pKURL9YguoNkB3XJtZ2MdAkw1b,1,2,1.0196830290618948,False
1785845916251,KOREAN,7kQHtQJAwGm4By1Cm95NqKUwXkxEKKmgFTBdMZJ3pump,1,6073,20073584069237,1248666480,1166697915,-0.081969,817713958.318771,1135678228,0.317964,xtbRVXHqyscs2VDKsFLdQ2SimGH7V3e2WZZCnxjZtr8pUbHgXFasin7sBeqwbtMFb4SRcX7BKWUwRnW5Laz6obj,0,2,0.6548697922272816,False
1785846507088,KOREAN,4ENv61CL1QBo65dVJKSwuBFDJ83pQR3knp7iGDyufB1r,2,9530,16113741021698,1586386794,1110041738,-0.476345,1299037434.626968,1308771889,0.009734,Q1ieF4ESanHiyvgRLXDLRJH3R2R8BkW4oAN75VN7UABkWyrKXcZ3LnRi2U7MaAgFXUdWirQkgrhHF2AXA7wSH7d,0,2,0.8188655122068345,False
1785846573518,KOREAN,Eg3AqgAYE6vGdGBoSSbiMJ2dJF8sriZ7PPMk52BVpump,1,58692,18054225908985,2461244937,1994686871,-0.466558,3153026406.337051,1377722807,-1.775304,43rzoYFejwBkozPoo9PvnqBFcDjSAhdKe3XqnLK9zQtb7z1zbSkove2EBWDY8DkYqC2ZwhaL4Hq79oapYJJ2D6Tb,1,2,1.28106973789462,False
1785846651238,KOREAN,HM1EXJSyKRzbaTuDKLBmzTiRGLkKADutuQqiDWh3pump,9,69960,20841928722095,3995959790,5123041748,1.127082,4617318445.081665,3916552500,-0.700766,4KYXhdYBpjh8M2UakuoEGUgsxfK2bNc1r5NETaZt7vnorTja3r1GisdT2xv7Ev8poSwMNo1PMZvKUwAmLkaDtm6P,1,2,1.1554967236248554,False
1785846894067,KOREAN,8BEoo9eZaNMd6fB81v8L1vH6wceqe95Vj6KhBp6Bpump,5,24762,26456104094125,1415532172,2810230116,1.394698,3445790431.591805,4521071029,1.075281,49KLP7UUmn8nGVXN8aXxonvh22ZtoMxigKn5SRctTb18ZqNhhKvAwtoocFVeTPLGaT8KR3n5ozFxCzZP9j4JzrWs,1,2,2.4342720707811685,False
1785847863382,Monki,DQ2H3VXdfiiXMYhqhvVLA8kAXMFMdnMvU9Z5hriGpump,1,1804,51318318768513,1670686537,1885513281,0.214827,1506981874.727421,1369408274,-0.137574,24FWQ1PCK89CtEkSQnkDPxJqSFw8g1We7sHaSeYXJM2Ew6qjBL1N6aVThEb67R9mtzu3XJdgA9Nk5rJcSpPxk4Bo,0,2,0.902013538358585,False
1785847880002,Monki,8Z64gqLnUx1f2Vun1KtYJ4SbkgWeuGg7kqkGXMegpump,1,1802,34254566731191,1553295255,965165195,-0.58813,1036305235.725113,970752361,-0.065553,2tLxSzwBMTmHtWe6NMv5MdVqedCKMc5DXT1JiHY7jk7KFR6Pz7BL4M1CQ8ybYYBNyeRXk8zmaUqp2hAMKBmja9K9,0,2,0.6671656482496067,False
1785848061084,Monki,2WxvqoJczNpMf5HaamfCZYetho5jwq685QJvrhpkpump,1,14834,18451294285708,1683615565,1221023388,-0.462592,1996547842.885582,1296876087,-0.699672,25thMe6cSKmMyVKHkzKsnSV3WpKwSNTC22b7fXwgxQFM5uFYRYHzrGCTgKBRBm5rnS2He9hRrAxnikJ5CfccFYwt,1,2,1.185869199828633,False
1785848742166,KOREAN,4Q8Hu4rTShfZbjb7MdJAxUiMACphBcczhdf5NMEzpump,1,36027,13476423191605,1548180901,2445370335,0.897189,2669166382.358795,2121184647,-0.547982,3m4iFWbpY3YwxJXSwLFTgdL1A1Tpk6iiXbWmYVVEisxcWdtvKoaRy76ZacmL672pV3aigQsz7S24VmfiTgu78w4J,1,2,1.724066212569041,False
1785849648120,KOREAN,BtYMXpmEHyWatku8KaTFw7SeNvDnY5twxA2zHadp5rG5,1,18622,35046430084577,1605119734,1238808421,-0.366311,1299683359.638405,1366244198,0.066561,45LZnbGfVCfVNnyyEUipMG1Hg9AV9gHmanskd1eRK8nyaMnNYU5A8rExG2u7wPpCaFvyLVrEwEkUQC3fGVMUcUcd,0,2,0.8097111586807051,False
1785849729234,Doji,2wbUoxZ8Die8XYuV8aDqzAaPzCfpQD3C2QbGBUEJpump,2,41853,18563648132784,5061484080,2011820206,-3.049664,3819766332.106186,1889230285,-1.930536,3hEK3uPTdnnB9VUTPWaDV7aKZhZ2ue8VYovpWTdtMhNsmKg76gJS1u1dNGb1oB8dskjDcVK5Lvm2gmgCnwrWayaS,0,2,0.7546731890750481,False
1785850348849,Tom,3g4rLV1ZBgohVHBqxCb61esgDMjkhNqz19gVzS3ZSdsh,1,6021,51613398135429,2704079080,1924292584,-0.779786,1631796024.95166,1476802949,-0.154993,2wzG8gwRowwyfmesaioR3uw5rD2BR1FeYWtju7KaGe4JTGY7AU1XUmBEHLhZWFhBE4MAz8SnqVGqe5CD1zMSAfm3,0,2,0.6034572128532794,False
1785850582140,Tom,E6aMXSLCv3wFzUHywnv2VsVaSYMh2LUJjndBodvpb7Ea,1,27669,55211003005583,3804079080,1766724142,-2.037355,7110352128.732437,1992031417,-5.118321,65TPZBrTCVmv39QKnweFWNUDkG4U6uFK5s42gPoXWcQfU4fMny8TMVMBcmDmC53ejLLpbVJJD2rsHZFyzN6rUaZ4,1,2,1.8691388846554782,False
1785851758805,Monki,44cMKwGjmVENfYKbJzpjohFJp5nHjgn68WmszM4vpump,1,1793,97545454545454,3079045200,1051225138,-2.02782,3021674203.269215,671201385,-2.350473,3tHrTRny3y6AkVjmfQQNDFF34Ayv7Pw6rrhPWsaQDiLzeAbXoCw2eTqfJ92eJsu1JNXSMmJuf5oA4T25J42MkcnK,0,2,0.9813672768653137,False
1785851764950,Boomer,GHxCwaFEdEsXpLcxUCgUPQqAsCEpgYRk8L2MF8Zdpump,1,1885329,9017743225158,827129083,303129067,-0.524,1111338305.908356,311423627,-0.799915,25ED4NHPbikZd5uCfg2rsRGanvb7qpBPKhDVMGxYWTeuSWvAj5YfNx8o9CWWfYTx3tG7YNgsriBq8Haqhsk3PWEM,0,2,1.3436092730260774,False
1785851821024,KOREAN,hzrus87m94N5eKjrKjmzC4rXRCEzPnhAhUZPosNuT1a,1,6139,21984260353651,1653537727,537066042,-1.116472,2568605925.7995,872499354,-1.696107,4uxJ6ouN6MY4jjSzfZMd5Bv6N4rAsxyQskrd4s9H3VaJA1EejJGztu52wP6THTVNQqR4qKvC4MYHBrXYKUfrqAb1,1,2,1.5534002544107057,False
1785851925201,KOREAN,memeUeeqyPRzjPuER6wYJJYwnQF2k7MhQzkhwB8FtZx,1,49356,22609110475672,2379371478,616906404,-1.762465,3326349858.084534,639764111,-2.686586,N5ukGBVw8LDvs59V3D4JhdTKATPMdBKE5KHxhpeXp7kpRrZujPEgvCUkVDwsCgwgpohBKGGKDz5za76PjmUPbr4,1,2,1.397995180172759,False
1785852050916,KOREAN,ExgKBrkCbZuQhQhQyguBN8zeXjrrrvXbVDgnUwDVaquj,1,14889,15441889936327,1426723276,371145015,-1.055578,4208502817.930786,361852056,-3.846651,4Q9s5uPETBgB8rJVm7tJaUU4AZ3NjzW6PZGBQWwTq2SP8XGTVXEtpoPGsLcXGJmhYNmr9Q9i6hNLmXhoYNLX93Ta,1,2,2.9497681076107893,False
1785852269218,Insyder,Bkbg1cUiGQLqheHakZYJ74gaUeWDRLuXS4nrP8QNpump,3,34807,12597169857181,1160163280,1112953785,-0.047209,1589048431.522057,1234112095,-0.354936,qAKiQMgeqz7gVRbE6aZYiRs3H5b9p1k9UNvpAjgbaJs5ViA3UC6CgnWMNewv99KEKRiFJyPVT7tgbaKRAdjZnFk,1,2,1.3696765437379272,False
1785852276097,KOREAN,Aw7zW2RypdQxh8ky6oijf3JtZLZTyDkDKtqGsWgYpump,1,9165,11281250267172,1322427130,1206581432,-0.115846,638275046.323799,443950130,-0.194325,232ciDrvoZRRvfDA4ecMEd12kamWZhMZhV5LXvzP63wv4C1NWAoxh5tNmWyPCezRDiPVV3njt27YXxGG2U2SsY2q,0,2,0.482654228610539,False
1785852304876,Insyder,Bkbg1cUiGQLqheHakZYJ74gaUeWDRLuXS4nrP8QNpump,2,25751,20808811779895,1893688549,1449517523,-0.444171,1489326623.435249,1341311915,-0.148015,5VzdbvGryDKfrz7mFz2Hvubhr1UEAmfAoBHT5dXM8iEGMnxSXzeZAwCJcDfu5qFUnthhm3F8avSCdWhZyYsx8wXT,0,2,0.7864686218975754,False
1785852331622,Insyder,G2hYZ29RHGpi4ECMWUN4yhv6TKw6Mu1kVP99NUQEpump,2,7944,16070888326076,1378712290,1151460541,-0.227252,1312164524.422005,841466157,-0.470698,5D9Vuv5SSUtxZS6ofrNqe5dZVrJ1mWLd32q8RN9nTv8oKchztMBsVDrsQxCDSzZTSC4vmu6C1AKWpYqRWMHT17PH,1,2,0.9517319414205011,False
1785852383252,Insyder,5GQUpGbi9bCo2F8mc7VJXW58dz8CJGaz7uG3L4pvpump,1,19639,20196820596353,1069425955,554133410,-0.515293,867697237.154907,555203231,-0.312494,8fBoSzu6KkKRFqz8Nor4kVSNxa9nMAWgTDfDu3FMWvJzNUmG9jJMbo3GVcTfmEGxGACp8PbvUzAtK17onb2R23e,0,2,0.8113672883083402,False
1785852394742,Monki,EzyRfoMDw6U7KkJUWWxV6pVPnxLSrmYF15DiaihBpump,1,6043,97545454545454,3048982560,1170281969,-1.878701,6634969744.713799,1374789166,-5.260181,5uufezMNCzt92nRKyEg53spEjrVWVGiBAPEcP16EUYpnE3N29bXJMCsMs7YxdLYSNHt4czXhpSpUN8DUtFK59oHw,1,2,2.1761258433415898,False
1785852452346,Insyder,G2hYZ29RHGpi4ECMWUN4yhv6TKw6Mu1kVP99NUQEpump,4,20675,41386116883909,3780830218,995088976,-2.785741,2559755845.582367,1187728648,-1.372027,2nhEcKQQe5go84yWxqFAhCQBgsd6HH9bHNxtueDtmeFXUGE7DNDn4h2U4HoFeYwEfXMM122ERizh62RkRYTp3CnG,0,2,0.6770353858778768,False
1785852540924,KOREAN,4bQXVRR6Xzo2RLgsUkBM5T5Girhdvs1qXwARKr6dpump,1,8302,23799419300239,1679772114,343732605,-1.33604,2207681592.424179,1132262519,-1.075419,634qGNWUadYAM2apnw8LH4wNsAdmjVh947aEUDmZQGfjNLfGKkkRPsdJ2vTnN6W3neS9ARWPr5gbuQnqCj8Cvdam,1,2,1.314274462603788,False
1785852874282,Insyder,5r5Asf34S2z9VeYiVBnZ1EZj2RmMjPjbcCBnz8KJpump,1,6140,14335182526658,753789166,691933529,-0.061856,570295973.753014,437987042,-0.132309,65nQTz8cL2f4Y6Ko6pteBFXVnaXGH9BUyy3nC6iAm4NDgXEHemz4GBJpabArHAT7w93VeQW1tje8u3YbBNGa2c2G,0,2,0.7565722611526815,False
1785853049592,Insyder,6qR9xyKcdPdk1L3Gz77oqz3SQLrF37ST987d3M6apump,1,6126,18798293387735,1044402735,1241669027,0.197266,902300471.426231,1120781646,0.218481,3ue2aZBKVvZgHuFbM14a4ksFc8opkuJ4FZhLmq25zEGbXBeTtfLV7Sk2w3U7AineDXjFakKUDBpSocwZmxAmkht1,0,2,0.8639392077293162,False
1785853077484,KOREAN,9yB4QaEHfbZ543J8GgJGbJFmwSAp58ypLPbytq9pump,3,120223,26604990887014,1555240615,2433160982,0.87792,2144024550.088501,3047736247,0.903712,2H42GoRbwtidfai4DmmdbQQxGSW2h6YBm43Gd3vf97PauCiHFMYTPmeCFknSKnNfqWGX2WdCf6iyakKDeA9YAPNP,1,2,1.3785806063767831,False
1785853142715,KOREAN,8mFKXCrZSeF9NKW4nwQbsKb496RowLaPKxNYAjoApump,1,24006,14595010872363,1524526460,788225205,-0.736301,1611659945.557617,1761662205,0.150002,4LXFkB91js5t6qcFCH8eQWBit38fjJjzx8BPY5vD9bKkJS42L2RL5pezHmhQPkF5byrzG1PbbZC68ENnCgiS982T,1,2,1.057154459331337,False
1785853169419,KOREAN,FC9P15RPxUQVapmkqv3sff2fk7rwjnAtfNGLFFkWpump,1,6102,36623817451463,1681255950,1635219026,-0.046037,1401460805.884735,1092708049,-0.308753,GpNsWBoBpx9g514wCaiURQoXccSbzZgtnF8NzUKTmd1dFoWMesrCq9bqP2p4wS3b4YxtcacmLoQQQ3ADnB6fE7Y,0,2,0.8335796854040785,False
1785853335911,Insyder,HNLfbqmfuWQBqzrs1c7uy9ys2gGmZ9QPhLuzZUyepump,1,1818,16754143199721,748567735,528403963,-0.220164,512415771.282326,496079995,-0.016336,5E2hLBsktyvn2VcTsKFhMHYsW1XQ9U6Qd5AShDrwswav37swQ5BR9AKowLpexd9NhkWk8uzgx6fTkN74J7M8DLRP,0,2,0.6845282628729997,False
1785853360690,KOREAN,4UBeoJgENgYNJXAwFBG6tFno8NE1UYvAYQzMPT2594kA,1,1793,28330688256355,1519068965,336301282,-1.182768,911686814.397327,278138331,-0.633548,2p1nFa6Q5uBdipVe6u1Y6QADK7YBGJkKQYm2xLsgEraaqn4iG8cvUtCnYPwStfdmffmzX8Zknqq8Vbh1LntfxD4K,0,2,0.6001615696212496,False
1785853431160,KOREAN,3q2G5qJsZ4VDS9nudoHxPP3i6aGfK88yuEUkdMqPpump,1,1807,10881584693177,1412626682,1154878855,-0.257748,1671449894.215164,1716501047,0.045051,5RY2pvSQ74RHfpWDrJCzKKzcHfvvdygfZykyGnbiZbnyqkPKRhu28E3q8sZts7jfcgq5Lyz3a3mbYdSrDszHqsV4,1,2,1.1832212399164947,False
1785853466518,KOREAN,EMAkHM9MmAgGqXhJRQEy5Hb4cE67H1yNxfh9ahTUpump,1,10824,11443086247784,1426481673,2104322531,0.677841,2147052229.544098,1685960498,-0.461092,3sg6A8jtSsQqDFNTg9AfmrToUK7sA5fo26N6Sik3tJa4NoTC9j1WBHqg3zTKBvdJsW7BPcHseqp34ptHJWZHUBS5,1,2,1.5051383205146147,False
1785853619674,Insyder,HZzJp1KRkY5UoheyduWhiNgPiTyVL8jdThWXu68qpump,1,1801,29617385135435,1220587417,1027937122,-0.19265,947773771.473969,889102801,-0.058671,3CHY3H6mMYcERYVucnNRfX4Fwgn2iD6DafBjq5DkPQZCpPbu5dqCAVGCm2ysoxqMLJvySb8L7ptcLdbzJjnEyZXF,0,2,0.7764898755088255,False
1785853679476,KOREAN,5wpaDBq42kyRBHwgL97h191kGTcXwhTvFERfJpCMpump,1,1793,49247137898667,2666546452,2434674328,-0.231872,1500824324.910809,1342679196,-0.158145,iaxdZnYQM8Ta9xYQkm2FjS2L8q1ZSu5mWB9XoHHNTe75buoBnLNrQgJmoNvo2zn8xEGmJh269DDfTq3BwU1Py6o,0,2,0.5628344947019918,False
1785853930741,KOREAN,12MtQQoNjxShjgCriubqkDVU5eAn2SxwRcFYU7od4rH3,1,1805,39619972667231,1679780060,1547182960,-0.132597,3183571862.202461,3046234592,-0.137337,FsFFB3YTUfJ5k5JqZjE9zHjoYUk8XtyeEiQwqrETfhTs3uiMYm9kA89tTaEcrcHvRSYHnRMziBN6UDyFCaeC1jc,1,2,1.8952313686843387,False
1785853973902,KOREAN,FsjxQCeAJYiC7RfZP4ongiYvwLF8KjmPrsxUi5NCpump,1,27524,21755265692719,1700970781,3727620393,2.02665,2750585976.860794,3444152630,0.693567,5V2XaVda9mj2e5dzynY1vHfubDet9WCde7VApzDzVAjNQQgQgGdTk6j6ERjg3wVjczLMyEKGqbJSm9Mz68DMqMMo,1,2,1.6170683280307294,False
1785854075999,KOREAN,8kagnyqnFE5ntaEZuS5fk5zUybZiTLAgDoDryLhepump,2,7875,28124429797784,1619342293,2053810770,0.434468,3070175584.052086,2007289571,-1.062886,4pLiXZg3ph7jWcbGH1ut9XNbQ2C2rymSGRstAn6rDosM1anC896p2NtV8Bhmvhramfq1P1YRi3R3j9Jdz8ojcZVJ,1,2,1.8959398499771574,False
1785854149722,KOREAN,4Ao6kVv89wMPz1fu4SEoPWRZcaM32YAiekSYm7rDpump,1,6136,23091991559649,1447951455,1450263024,0.002312,5991176337.904037,8364757509,2.373581,2jHxb5Je6pfNWNx1kyxBs7uQVvVrLpGy1K6SrLqaVSAQWLjnij6TyVdZjiwnsdFxaXxQLetWEMCsRHeBLQMjYSZE,1,2,4.137691437938462,True
1785854185954,KOREAN,J4GnVZ1fNMMr3UL9EVEh2oTkxEZcx4bEAwGTLwgspump,1,6217,21172514115069,1623952913,1090828271,-0.533125,6421548703.738663,1449164430,-4.972384,3ZMYmNuF13k6cpjWn9x6W7Jm7sQcgyJTnCTBCJnKYgwxApAyrtstjTHwQDpXzn5BSiWQZ1dFDWyXnZZudP88SxAB,1,2,3.954270257673821,True
1785854213644,Insyder,9AgRrw9T7yg8ergPw2CA7DngUjsRKkLBYRC9o42kpump,3,5425,27633425088028,1496224922,1143610005,-0.352615,819367054.960392,786573222,-0.032794,2HCHctYFNvAmfC3jLZHQdJ9m83AVD6nZJRekF71P4t6jDG1938ijrC1eJzMeoSKor427r3twBYWdxziDAttnceLS,0,2,0.5476229161222272,False
1785854269246,dov7,A2hpzHaNcGMZX1Hx7ajP6S7VR73pd7cnTyoQhhUxpump,1,1806,67062499999999,2056496480,1139569232,-0.916927,2103447223.332249,953824853,-1.149622,2q8ahahRfZ9GDzmFsJtng1HdcKkTz2pXHrRM1FTKah4bV7NXkKAj1EgqFksoUKBA4yPuNEbjzekXJH68bj3wU79E,0,2,1.0228304515902935,False
1785854274090,KOREAN,GLvUUpvJC5HS6ScPcN7ip8tFXQm6rwZgMLGQ56bmpump,1,1807,19286241231485,1477519879,1616436700,0.138917,1583996050.452133,1187997289,-0.395999,RZM5sL19JAUCxMDoBTLcoNtMqWV1wwwKU4GiuH9FRmWSHXqWnoMkqMS6qdxuEKEfaERundzuZBNBWndEbPaf4NM,1,2,1.0720641210757835,False
1785854361204,dov7,AiStxWNof3fpSNppctqZkKxYxN5oWSvHAPkARFvXpump,1,15005,67062499999999,2056503440,1094867856,-0.961636,5805604453.922165,3788694947,-2.01691,2hyftcmiFWGjV7hz3CwBGpiYKJpiUP2fVLKrZ5pAazB63XUdD2ja42jL8KV8JiHC3BYFiRGuTMThPQUqUSNaGTJz,1,2,2.8230463129797463,False
1785854401840,KOREAN,7C34onHDQgmnEdtajwSGCW443zfwV2QY7HpchjAopump,1,6005,8814152621293,1375997121,1299135284,-0.076862,1499995101.609177,1111830897,-0.388164,3CkyS9qH1tviQH1MdfUYbEYWGVpW4oCDTWojvhi2c1PsPEgZb7sBPPyU3niVucTXx8cgBuVj1noyWAMcGKNgRZF8,1,2,1.0901150000365278,False
1785854522668,Insyder,DouS5yM4HMNRKAbMjM8SYJSzLhxDbJQxPTKPtBrNpump,3,22281,23143705905926,1010185920,798412187,-0.211774,1889507314.524368,790634882,-1.098872,5p6nZ1ENAcpTWpxWRytiyo3r12oRnSrVi5cjL1xuxP9n3oHGTFPhrc4H61rt7xRbAsc9n3sWyW5iAH8eJ8AKvLh6,1,2,1.8704550094346672,False
1784567393989,theo,EvvorYMn5uzjUTVsh5BCFdiRjHrkpjf3dxc8DHjupump,1,68636,31819394910665,3033079079,3923738869,0.89066,3885552679.568558,2343094127,-1.542459,,0,1,1.2810588113151395,False
1784574464290,theo,EbeSQJCJz8eLgq4CeVP9MEHBNhMo65WZMZsWFSTXpump,1,4449,5830723180285,263605000,3851805288,3.5882,300762177.235413,3935973475,3.635211,,0,1,1.140957786215789,False
1784585892495,theo,FSzraUkWwqPXPfpwLbRnao1frYfDcnfzDNDzU2kppump,2,14125,10910913579634,527210000,3924507807,3.397298,403292294.174595,2859771229,2.456479,,0,1,0.7649556991987917,False
1784590308690,theo,DBpPHJLYsQvTumBJW5GHAFEZnS1DaZKAxVjdMm6Xpump,2,49191,7196759035333,527210000,2412506366,1.885296,576079536.70546,2410924222,1.834845,,0,1,1.0926946315613513,False
1784592536286,theo,HsDeGca4ZH1g9VLQzENhgrTQzHweTLW5CMN1m4dRpump,1,5991,7020353237194,263605000,3477868955,3.214264,289780059.144028,4260854512,3.971074,,0,1,1.0992965199598945,False
1784594969024,theo,7LNFxV9r1MAkDN741UfWPiSKJ1iXoWq3HG3Ap2gZpump,4,922213,80793316095422,3823894079,2106816146,-1.717078,4553074517.887505,1883890636,-2.669184,,0,1,1.1906905431539032,False
1784608464749,Zuki,C5V33LoH9eP3LhWxuRVZQfdBFPvjfYWxwH6uYgDVpump,2,64451,4181843294957,244410000,3572661793,3.328252,300025602.413002,4212368332,3.912343,,0,1,1.2275504374330102,False
1784609520889,theo,2NApmvbGkLge9DZAuc5H4WtzPYVxYLxV49cgKatYpump,2,46230,9561370148255,527210000,1906760025,1.37955,487611181.331863,1548270119,1.060659,,0,1,0.9248898566640674,False
1784609956484,Zuki,7MgAkQYgxxHBmvT5vex3sEYVjwcTaKU4EmFP9cV1pump,3,33682,24371249928720,1331101840,1024435904,-0.306666,1338108844.428356,677664095,-0.660445,,0,1,1.0052640633629926,False
1784610112868,Zuki,GEB7vFdtYQSqVzA86xrdrbrt28DU9wAuXd2CXJYbpump,5,27897,18533494203062,1862120230,1089426690,-0.772694,2004542564.373421,834177406,-1.170365,,0,1,1.076483962785486,False
1784611272289,theo,H3875Tg3g8cFr1GT3b1kvfoP59TKdvwYHgnCprnmpump,2,40557,13786507564411,527210000,3962111242,3.434901,579415041.691498,3145412390,2.565997,,0,1,1.0990213419538666,False
1784612570401,theo,53zDNXw8myfvSTT5QkkRTmK4kc1KmchdyH8UkZBpump,3,15108,14543969578370,790815000,4491324921,3.70051,614336087.382721,4082051635,3.467716,,0,1,0.7768391942271213,False
1784613103081,Zuki,s5xTySLnCXNcs4CC8965b3vwgAZjKhs3pz12e8Wpump,3,107005,30544772209056,3616277472,1426944842,-2.189333,4244638900.457893,1435722065,-2.808917,,0,1,1.173759185605405,False
1784613109074,Zuki,s5xTySLnCXNcs4CC8965b3vwgAZjKhs3pz12e8Wpump,1,1758,9256341765609,1004005000,9578918,-0.994426,840415641.631203,8348174,-0.832067,,0,1,0.8370632035011808,False
1784613137710,Doji,s5xTySLnCXNcs4CC8965b3vwgAZjKhs3pz12e8Wpump,1,143485,12587437444745,1371279080,1668951639,0.297673,2003424758.580521,1370835983,-0.632589,,0,1,1.4609898071080623,False
1784613462085,Zuki,6dJTX6tbeLS21tDzwwaVDxhyhHtgxQEGymANfp2Qpump,2,88174,1623201834749,243901541,1446386134,1.202485,248694541.931793,1208925545,0.960231,,0,1,1.0196513761747532,False
1784613792283,Doji,6dJTX6tbeLS21tDzwwaVDxhyhHtgxQEGymANfp2Qpump,4,564100,29393113311455,3461513892,472786698,-2.988727,3503152316.702858,450188608,-3.052964,,0,1,1.0120289636274722,False
1784614080943,Doji,waSphrRR19kdRoMbTKHxsJVFasaHZcrfSpjEHzVpump,2,304992,19516745844439,1877503442,1129030636,-0.748473,2780538928.411308,1215727952,-1.564811,,0,1,1.480976740819902,False
1784614275890,Doji,A4QiRrj8fnzWMkq5jHhan83YybtuECz5DEdTUR4spump,1,11068,6602106487077,506821578,711817937,0.204996,709542618.732422,721958422,0.012416,,0,1,1.3999850233930293,False
1784614291712,Doji,4wiecK51AKVBKtEaSqLT2L7oRS3BspBfZx3pri8Spump,2,272235,21226124402999,1588601238,1373761308,-0.21484,1625179249.394798,1283483273,-0.341696,,0,1,1.0230252945294496,False
1784614438928,Zuki,B6KHASKVwoepvmGd6PGGx8PWtcUQB7E7Wtbc47DTpump,1,25226,14984963652475,1767873529,1789284016,0.02141,2032529201.071831,2315023480,0.282494,,0,1,1.1497028309607271,False
1784614505268,Zuki,4xMrz4DKxevNm3Dh24vEiSbPxHTsSrVxf6dY1ED5pump,4,55128,26657391094167,2297662126,1424457423,-0.873205,4232660319.14122,1063202896,-3.169457,,0,1,1.8421595896302903,False
1784614586041,Zuki,4xMrz4DKxevNm3Dh24vEiSbPxHTsSrVxf6dY1ED5pump,5,60770,2631405933658,493825000,2949125698,2.455301,412245690.282135,2969131803,2.556886,,0,1,0.8348011750764643,False
1784614817613,Doji,4xMrz4DKxevNm3Dh24vEiSbPxHTsSrVxf6dY1ED5pump,4,325005,21098018971061,3886338332,1411117551,-2.475221,4200966061.12709,1636885757,-2.56408,,0,1,1.080957369701051,False
1784614821833,Doji,B6KHASKVwoepvmGd6PGGx8PWtcUQB7E7Wtbc47DTpump,1,450192,5117880298493,465669844,336021921,-0.129648,677105511.259506,336300242,-0.340805,,0,1,1.4540462947811281,False
1784615121368,Zuki,5qzP3Wb9w6HEVz8czoCPCxLvFnx7mpNWPH5uQyXRpump,1,13569,24608508200283,1969202566,424006964,-1.545196,1512897604.727127,348841152,-1.164056,,0,1,0.7682793181608758,False
1784615340319,Zuki,B1DAunpyxTidi35fw93xk4TVB4aUWSZ3FjX9QkgHpump,3,68689,34023530202405,1454320060,1322230921,-0.132089,1965937003.43367,1397638815,-0.568298,,0,1,1.3517911617293308,False
1784616192286,Zuki,7BSEoCQAkq88rqvj9Hnt7nyFMvu6uEp2jNn7XVmSpump,4,47099,14638152091034,1399179390,1181216778,-0.217963,1582160851.454781,624368401,-0.957792,,0,1,1.1307776992446845,False
1784616450433,Zuki,81gvdMWVhCXsmnYLmcApjsfnR6WHu2X7wkCCjEuapump,6,74637,35481531558264,2786776842,2082342186,-0.704435,3149544690.89473,2312184732,-0.83736,,0,1,1.1301747034162881,False
1784616519392,Zuki,81gvdMWVhCXsmnYLmcApjsfnR6WHu2X7wkCCjEuapump,2,38726,49464096844657,3474010000,3168768978,-0.305241,4360514055.367058,2026328711,-2.334185,,0,1,1.2551817799508516,False
1784616868991,Zuki,C54842eATsYVVoNQtAoHYWhbJbdbjVpRiz2zXEuGpump,3,21872,25888278333165,1440713112,5926548377,4.485835,1774722246.789619,3618961917,1.84424,,0,1,1.231835979007609,False
1784617103060,Zuki,CCzy3pNH65pjnwCkNXzS4kPfWM5AeMcjk5A1apGJpump,4,121742,42999297005291,2327406276,2149943038,-0.177463,2829787832.488136,1162685608,-1.667102,,0,1,1.2158546884008385,False
1784617164172,Zuki,E8EM712UuuyZB1eYDAG5fjrfkuGz8AParUR3aMBEpump,1,11437,37360529166615,2006079080,1661920102,-0.344159,1582936734.165863,1438276293,-0.14466,,0,1,0.7890699573846626,False
1784618372108,Zuki,Ab37EMYTdbDXFnwtvtJxXe1qquwz2eRx3UqsFC7npump,10,442543,15268043397655,2549280718,2230574707,-0.318706,2504627477.027634,2168947596,-0.33568,,0,1,0.982483984342298,False
1784618597839,Zuki,CUFftYXVsPkPCtmJKJmYBokFo3NyRUb4mjz3MVtXpump,3,52225,37532344107829,1410899169,1296832528,-0.114067,1850926311.13913,1141301528,-0.709625,,0,1,1.3118771006513579,False
1784618992401,Zuki,4d17aLjiwEFPA6RxtsgQDDwPMUQ7f5Fo3JJwYutKpump,8,86276,9590035828819,741262955,1894758243,1.153495,617195620.973793,1204942388,0.587747,,0,1,0.8326270951632717,False
1784619305267,Zuki,4NvY4TjQ1LbuPVrBXjGoZEAHAak5R6ZSyYHCBvHHpump,1,1756,5411393576805,241479080,245991597,0.004513,193031293.774319,191953723,-0.001078,,0,1,0.7993706691872398,False
1784619521224,Zuki,69DNxGC9KeVEihCFnTWxveYnyfBazc55jtzQwKp5pump,3,55411,29035767050203,2105041222,1891013995,-0.214027,4717016944.450485,2995102114,-1.721915,,0,1,2.2408192747735582,False
1784620387411,Zuki,DJoMkhj1n1Uc6iKfPs5g9ZB2JzW3j652HJBwrRK2pump,5,238464,36733878163078,3936705768,687004957,-3.249701,3988475618.69857,668988976,-3.319487,,0,1,1.013150551184035,False
1784620488761,Zuki,ArzFoiT6n2xLwvZrGUL6rkDDGhA8xU5LTYLx8Nrbpump,1,43934,2047431488757,239405000,3077332622,2.837928,288337785.114861,2012247726,1.72391,,0,1,1.2043933297753222,False
1784620549271,Felix,8gQ3eVqkidFuLxRcbAJfy71VrNQoiZuiUekNbvXopump,1,16112,17687116830204,1004079080,748421949,-0.255657,623810505.303402,504258844,-0.119552,,0,1,0.6212762696972055,False
1784620953810,Zuki,EWWoZJ4ANGubSk7GwfCs3W5cPA5KtwMLoBUUYPtSpump,3,14603,9340200334395,1626293700,1522857016,-0.103437,1479055463.7043,1463275736,-0.01578,,0,1,0.90946393243994,False
1784621799975,Zuki,GrA9nV3kwwh55VMfZZhwBZHSYjksHJb6vhi2ADAFpump,15,365737,19271440605560,2506775557,2431567095,-0.075208,2876828919.027916,2664996679,-0.211832,,0,1,1.147621258311127,False
1784622202623,Zuki,6okta4bqrJ2B5ZBSPNVhiTG7xgVGmFYHH3pMJxuWpump,2,8213,45911075206524,1382111207,1395962102,0.013851,1412674780.862869,1271001443,-0.141673,,0,1,1.0221136864443854,False
1784622325753,Doji,EWWoZJ4ANGubSk7GwfCs3W5cPA5KtwMLoBUUYPtSpump,1,1348985,9028001736070,1371279080,283657132,-1.087622,1510095817.183044,285188509,-1.224907,,0,1,1.1012315721924701,False
1784622523377,Zuki,GrA9nV3kwwh55VMfZZhwBZHSYjksHJb6vhi2ADAFpump,8,307260,27673903022665,4351096166,3604020030,-0.747076,4343072196.000633,3974235357,-0.368837,,0,1,0.998155873900911,False
1784622745202,Zuki,CTd9iqdyz2mF6zaFsAqgwWovnvquFnvs6bEENjNUpump,2,15142,37833611631135,1566542561,1459085286,-0.107457,1272125229.347378,1063805250,-0.20832,,0,1,0.8120591556320812,False
1784623251817,Zuki,8rEguX5EGf2mhWpdLuwioZGPnj3oNkSniKUnNPDNpump,1,8910,30188909163402,895195257,1245609004,0.350414,891095118.886719,841720867,-0.049374,,0,1,0.9954198393241922,False
1784624464026,Zuki,YixPLN3a7i1XLsFh1XDtfzY8oPGzEounvUpzPGWpump,5,95333,30680528030713,2142259549,2857223018,0.714963,2363582350.867111,2744132790,0.38055,,0,1,1.1033127857781864,False
1784624547800,Felix,6r3PifyJWqbNjRHtH5P5dz2jjsRHnLq7TF9eTp7aPzmk,1,117930,22020148767409,1095029875,1521382193,0.426352,1169648455.897636,1221415515,0.051767,,0,1,1.068142963585935,False
1784624849361,Zuki,YixPLN3a7i1XLsFh1XDtfzY8oPGzEounvUpzPGWpump,6,235751,16448196992756,2135157906,1734958815,-0.400199,2074072903.2687,1736424105,-0.337649,,0,1,0.9713908734526635,False
1784625817166,Pavel,DUVsG2QGamijpu9DKs6nXJuPTsgqcgsPYXPF3mzypump,2,691920,13771285972359,1764084080,2033083124,0.268999,1899867767.84285,1810599190,-0.089269,,0,1,1.0769712109429896,False
1784625800962,Pavel,DUVsG2QGamijpu9DKs6nXJuPTsgqcgsPYXPF3mzypump,1,248891,9442871908398,881005000,2033083124,1.152078,1095878581.455551,1991798783,0.89592,,0,1,1.243895984081306,False
1784625971430,Pavel,DUVsG2QGamijpu9DKs6nXJuPTsgqcgsPYXPF3mzypump,1,78024,9224667731407,881005000,948194440,0.067189,973454235.664261,1010528000,0.037074,,0,1,1.1049361078135322,False
1784626442429,Pavel,DUVsG2QGamijpu9DKs6nXJuPTsgqcgsPYXPF3mzypump,1,38815,11281692551164,1756005001,2426198211,0.670193,1817856054.760315,2523711946,0.705856,,0,1,1.0352225954510905,False
1784626600486,Letterbomb,DUVsG2QGamijpu9DKs6nXJuPTsgqcgsPYXPF3mzypump,1,160813,19496940208680,3707774659,2861352604,-0.846422,4794746973.78006,2920717807,-1.874029,,0,1,1.2931602955270265,False
1784626676739,Letterbomb,Ff5UWMLpDz9UWpPrEYvtQXBquoHsap7rUYzaBZ7Spump,3,84515,32491975830196,3044257295,1810124179,-1.234133,2988880143.894859,1749059767,-1.23982,,0,1,0.9818093065930745,False
1784627836927,Felix,35EtqCu8eLd75NhYeQw1YhUH93xZG6RK3mxPn1Tapump,1,42572,29865027881227,2004079080,1730920100,-0.273159,2171320380.608482,1902422107,-0.268898,,0,1,1.083450449773909,False
1784627927866,Felix,35EtqCu8eLd75NhYeQw1YhUH93xZG6RK3mxPn1Tapump,1,1936,942162923147,102005000,7568562,-0.094436,104063870.011742,10386430,-0.093677,,0,1,1.0201840107028282,False
1784632705916,Felix,HBMrYqHhiXhfqLD8w2ETjgWH5tuQMGzgsEgcKfmUpump,3,116204,38711341674073,2208089080,1668885549,-0.539204,2281357871.127426,1084510939,-1.196847,,0,1,1.0331819906139956,False
1784636601776,Zuki,AFaZdfMB1HNxztwAsF2qPDk3pXCQSdA8abdyLgmYpump,4,93943,10765282446578,2213857758,3068789807,0.854932,2494046820.174515,3005756763,0.51171,,0,1,1.1265614564269195,False
1784636938466,Zuki,a3hUzTpNzBbA3LXzMCxXC6T1CxWULycQdzkvyeWpump,4,79569,11426987682330,2448928369,2134251820,-0.314677,2630204655.435852,2000880737,-0.629324,,0,1,1.0740226985527856,False
1784637175877,Zuki,5NPNe4HW1TU2mNieLsdfEcNdA6DQWVMAiJw9MgURpump,2,35201,37466251609256,1325749756,1574777784,0.249028,1831059899.200653,1715561902,-0.115498,,0,1,1.3811504704517201,False
1784637298254,Zuki,HPUcy3ppbCgvyjQAy6vxjrGcrStNUkPwowNWhohbpump,1,6371,17042925686106,947918654,877730641,-0.070188,502406497.716434,484434106,-0.017972,,0,1,0.5300101391573986,False
1784637597619,Letterbomb,4npNvH7M6PrqqASMd4ww1ykJtCLspnbNbE2SbJp3pump,2,23006,32919548238496,2700188877,1315631862,-1.384557,2354799284.69886,1026709615,-1.32809,,0,1,0.8720868768688214,False
1784637624425,Letterbomb,5NAEujNNGotuUk5NddqNHX15eRr2ZuuTpAN1UDjfpump,1,20425,27168606296312,1687900382,1908037447,0.220137,2398863974.921066,2134599321,-0.264265,,0,1,1.4212118206162394,False
1784641676695,Felix,Db8XfDkW8bdBJA4JJJ58dHgiHEN8VSh6Wwq27LmBpump,1,43210,17661976311015,1004079080,959187605,-0.044891,1072846431.863098,485845710,-0.587001,,0,1,1.0684879838977404,False
1784645100829,Felix,EfXKmkK3H6rq6R5VX48ueMhuqvMtCv8nCT6QDuEXA6kh,1,15312,17417818177875,1084278820,626985954,-0.457293,643386732.179138,510522633,-0.132864,,0,1,0.5933775707056032,False
1784645242955,Felix,438oYCTEZCbTTyFWT2uJh6vtrAXrFHE62BYWSkmSpump,1,10948,22537456639616,2004079080,1076840798,-0.927238,982437831.567802,1144643170,0.162205,,0,1,0.4902190943322466,False
1784646022017,Letterbomb,13eobgHKsDBkYeTtCpPV8e4gc1CJdgdqfH4dufmLpump,9,307832,36120613179041,5716504547,2822657172,-2.893847,6620028387.375671,2385033762,-4.234995,,0,1,1.1580552998684899,False
1784646135047,Letterbomb,D7uPX78mAXKeAYbXDAzjVhg4JAyNH8pJBGg9zdarpump,1,6471,39500443159327,1689459699,1231059578,-0.4584,1226348031.737335,1136449873,-0.089898,,0,1,0.7258817907661347,False
1784647561005,Letterbomb,2YptmERsZ9UxPfi8LN4qoYurma53YFBpE6zyPAVYpump,1,6448,45527990682275,1687856191,1573717698,-0.114138,1591200604.100887,1448671443,-0.142529,,0,1,0.9427347025093129,False
1784651584836,Sheep,8dZqXD5QBACzBRXWvpkWSaigGho34NQQuyVnS1jbpump,1,20390,41656490889123,2278366844,2066441788,-0.211925,2780114108.008461,1740446647,-1.039667,,0,1,1.2202223339625027,False
1784655533854,theo,2ALSJaMegkspeJk6azSPj1894vKFFiARbo9ar35rpump,2,8400,10651964806540,527210000,1745834674,1.218625,367030754.690945,1600915761,1.233885,,0,1,0.6961756315148518,False
1784692829960,Felix,5hdhrkK4u8YREpSyP7u7woCGTGARrwPgpzD5hRaur7DR,1,1985,17841600355733,697388835,3069332006,2.371943,537122368.416599,519055476,-0.018067,,0,1,0.7701906618803254,False
1784692849024,Pikalosi,Ayw4XF7qGwBSDFrURTgwoQWierK4AcQhpdVtK5pHpump,1,1944,283187711600,23961144,20614199,-0.003347,8051700.84314,8047416,-4e-06,,0,1,0.3360315702430568,False
1784694147025,theo,BhCbtPXHqB2RmemgK89F1sYuVQz86b1Mf7FmpNXJpump,1,7742,4186695298233,263605000,4704131019,4.440526,249382832.883453,4531029038,4.281646,,0,1,0.9460474303729178,False
1784694596290,theo,8F5Ft4avtPuwE7Gx5VVsMhCRkJyuEhJvviuTyF7upump,3,14865,12457952605842,790815000,3630817784,2.840003,796608369.533951,3999500967,3.202893,,0,1,1.0073258215056,False
1784695535437,Doji,CGwsCV5B498pp75HKpbWx5s6sauYD68YQkLV56hmpump,1,43036,9664363258512,751714973,765109334,0.013394,953799661.685043,674887149,-0.278913,,0,1,1.2688315331521844,False
1784695598527,Doji,8cHVHVzMY73wZbGsAChFu6nCmF1Xpjnc9Car3e5mpump,1,61149,9431705333402,677090159,706800711,0.029711,757715978.95079,685784977,-0.071931,,0,1,1.1190769336684305,False
1784695743544,Doji,CGwsCV5B498pp75HKpbWx5s6sauYD68YQkLV56hmpump,1,129489,10701272349870,706258485,576426156,-0.129832,758852006.795029,470102915,-0.288749,,0,1,1.0744678087584731,False
1784696359846,Doji,EDMoJET5DHfys8oMgn9ViyD2w7fAdoJHXFtVowt3pump,1,10765,5112904715883,515174582,526032107,0.010858,501323312.310471,484878658,-0.016445,,0,1,0.9731134450854391,False
1784696414613,Doji,EDMoJET5DHfys8oMgn9ViyD2w7fAdoJHXFtVowt3pump,1,48413,4359143600877,444739067,437475503,-0.007264,409745463.173027,438119348,0.028374,,0,1,0.9213165507068597,False
1784696864792,theo,G1QNcgLwsLoo2mkSjdeHwctZE46oSnCU7nukVxSGpump,3,296833,15732396342357,790815000,2154367908,1.363553,884058365.104134,2303697801,1.419639,,0,1,1.1179079368804765,False
1784696872131,theo,7W5zk1QWSQuKJr6c1kjBwuvMf3uJxowQNu5iKiMMpump,2,122827,6761722019547,527210000,2143691914,1.616482,527225833.390022,2029764974,1.502539,,0,1,1.000030032415967,False
1784698138178,Doji,2JjfFcZgw1ao5njxnhrQK9waSuysSQWrNqjn5D8ppump,1,6315,7703554895492,637943599,778251029,0.140307,664129033.609184,654173490,-0.009956,,0,1,1.0410466295926954,False
1784698783032,Doji,866uW7RN8poeGa3nxJHChGuTrD5R6XEqvhnBRHNtpump,1,45678,5791802057106,462399008,91754970,-0.370644,522569297.326752,96305858,-0.426263,,0,1,1.130126337396364,False
1784698798017,theo,866uW7RN8poeGa3nxJHChGuTrD5R6XEqvhnBRHNtpump,1,147083,3904388703952,263605000,1067146741,0.803542,351198379.420486,706609755,0.355411,,0,1,1.3322902806110886,False
1784698876731,Doji,CPYdtkP4BBFXgFMPDuWRPjPVThiMYX5uJSSdTBkppump,1,11002,4442784833091,503217232,410137282,-0.09308,425565495.605812,354543020,-0.071022,,0,1,0.8456894329998064,False
1784698911170,Doji,5rm11axUtoCmRUvTYGa4st9gfBYA48jukPaR1B9pvLgU,2,65153,7617101120984,1154493705,635092963,-0.519401,1446615160.01236,714541428,-0.732074,,0,1,1.25302992450042,False
1784699060369,Doji,5rm11axUtoCmRUvTYGa4st9gfBYA48jukPaR1B9pvLgU,1,138211,3682182910470,647805649,1014049557,0.366244,681123505.37883,646959506,-0.034164,,0,1,1.0514318707011305,False
1784699211598,Doji,5rm11axUtoCmRUvTYGa4st9gfBYA48jukPaR1B9pvLgU,1,134286,6133616778267,650544494,423997270,-0.226547,1015470131.760529,390649894,-0.62482,,0,1,1.5609541562894682,False
1784699217834,Doji,ABqagmAMYXEmGL4HGnbP8RBYwV4Vr6wPAj13KibHpump,1,146855,23379827484428,743563192,657062144,-0.086501,754228802.256187,643552189,-0.110677,,0,1,1.0143439190790215,False
1784699224169,Doji,2JjfFcZgw1ao5njxnhrQK9waSuysSQWrNqjn5D8ppump,1,1070160,5459529947198,493187994,228165388,-0.265023,517587760.486107,224963447,-0.292624,,0,1,1.0494735613659463,False
1784699293789,Doji,5rm11axUtoCmRUvTYGa4st9gfBYA48jukPaR1B9pvLgU,1,19545,5564768224168,441195774,582307409,0.141112,407843029.020264,512331110,0.104488,,0,1,0.9244037523810553,False
1784699310829,Doji,5WQqDfdUEgWcbmNcv9QKioVoBtNNrhSSdZSMvf4Rpump,1,6348,4846969966031,450878865,492620904,0.041742,598342945.48085,650229309,0.051886,,0,1,1.3270591991062832,False
1784699539281,Doji,GMUV6KXAywaznyjyv6dDwFbUcqxXTjyy6EtzAjQgpump,1,45925,5443703549213,473566570,353627934,-0.119939,531839842.360344,305308804,-0.226531,,0,1,1.1230519129767627,False
1784699686252,Doji,37KxT6Dq13oVyATKFfu6HdmogeJ4rhDoKqoCWWDqpump,1,6330,3533554471947,497226910,491265002,-0.005962,464379372.399429,393245910,-0.071133,,0,1,0.9339385360286092,False
1784699703648,Doji,CrTpJU3drepc4DfZN5LQhxH6Hamt9bpipceLUAQppump,1,10647,4606502085605,488353033,391354160,-0.096999,473484792.729156,367191865,-0.106293,,0,1,0.9695543197929847,False
1784699804863,Doji,3atwWsd6VQST1PsFXmbcRRu45LQBqAo3ZSTubHRXpump,1,28101,5811606261086,455540921,310302948,-0.145238,436736368.750748,204518944,-0.232217,,0,1,0.9587203884823949,False
1784699864886,Doji,6Ay1cp8aP6vV5FamesJESrtsyNS6X1a6sz7XQBvqpump,1,53717,4959305101924,477949125,220675239,-0.257274,555841917.849754,220846204,-0.334996,,0,1,1.1629729792888603,False
1784699914619,Felix,D4obTQfFNMJAM29uusZsdeheJKEAGTvmJTx8GqdEpump,4,59503,48191076511495,2310094080,997994997,-1.312099,2802247055.129089,973527131,-1.82872,,0,1,1.2130445592627503,False
1784699967697,Felix,D4obTQfFNMJAM29uusZsdeheJKEAGTvmJTx8GqdEpump,1,46797,9560555523629,502005000,1189670977,0.687666,453927245.870872,1055173350,0.601246,,0,1,0.9042285353151304,False
1784700118935,Doji,6Ay1cp8aP6vV5FamesJESrtsyNS6X1a6sz7XQBvqpump,1,10680,8949034042106,669862646,567922645,-0.10194,631065760.638908,479155098,-0.151911,,0,1,0.9420823274849514,False
1784700668731,Doji,eHFE2DFAx11Uc2WboXq8FBuqoqGEkBMv6MYdFVjmHCc,2,13859,8148204925827,918081746,426235471,-0.491846,1147443167.697571,516443446,-0.631,,0,1,1.2498267966843675,False
1784700704092,Felix,2c9pcThbW4PZVHpFzrCjcEY3LoS4fEWobWYpaG8Rpump,2,218460,18139430848446,2106084080,927968934,-1.178115,2223770981.159828,907189816,-1.316581,,0,1,1.0558794885149259,False
1784701017102,Doji,FK9BuSuSYiTonDbDC4fb29i7dUgKhA8Gs4scA2TApump,2,119114,7879791846873,1276960269,1265582158,-0.011378,1383746252.051559,1414766856,0.031021,,0,1,1.0836251413954987,False
1784701176831,Doji,FK9BuSuSYiTonDbDC4fb29i7dUgKhA8Gs4scA2TApump,1,12644,11094784667637,963205000,1014872048,0.051667,926226104.509155,917091544,-0.009135,,0,1,0.961608488856635,False
1784701307274,Zuki,H4sWWKVMEVAXDPnGpRJU5xWVGtHDEKZKmF3NNmzhpump,5,136114,46898993874194,2946977424,2039334338,-0.907643,4154630230.563751,3217502156,-0.937128,,0,1,1.4097937082003758,False
1784701366608,Doji,eHFE2DFAx11Uc2WboXq8FBuqoqGEkBMv6MYdFVjmHCc,1,360324,13196007815675,3690205000,2952610303,-0.737595,3809972940.569046,3646356847,-0.163616,,0,1,1.032455633377833,False
1784702588259,Zuki,H4sWWKVMEVAXDPnGpRJU5xWVGtHDEKZKmF3NNmzhpump,11,748327,41054624699665,4674475989,2370052008,-2.304424,6113944815.154381,1849667525,-4.264277,,0,1,1.3079422869091093,False
1784702809864,Zuki,29rLbnhjp7EJyrbtkSVe4s3vzD18dPYCzfhrKA8Ypump,4,71181,23603128528905,1539429554,1395614270,-0.143815,1970181416.594475,1782980391,-0.187201,,0,1,1.279812649741084,False
1784703045819,Zuki,ArepQM8oQKeJwbE9djVzK3H8SneXaAfZxcSswJKDpump,2,17558,27369724798181,1486667512,1681850989,0.195183,1854550162.455223,1811122143,-0.043428,,0,1,1.2474545569105187,False
1784703098583,Zuki,3eJkLjHXHubwoZUBEUmpmGbVHRd6tutiqqoVCkoFpump,3,10320,29365902348072,1277345657,889987510,-0.387358,1010472518.261528,880296661,-0.130176,,0,1,0.7910721054430516,False
1784703172471,Zuki,3s2XxFiyJGxgMDhn52F5vWTyTBVgXgfM9TkDcr22pump,2,35025,40218383394508,1448117368,534612646,-0.913505,2452579489.800041,377653652,-2.074926,,0,1,1.6936330880329868,False
1784703433641,Zuki,6RhX4TEAmvjjgEX8vCC1F1zTqvbPgYrxuiUB5WZipump,1,11300,38774183659837,1894860562,826605595,-1.068255,2776376837.610229,728108327,-2.048269,,0,1,1.4652143240977058,False
1784704671864,Zuki,CxJFstnXt4291ppaGB9co61LxNMKpiB3GFDc1hj4pump,13,253999,28378656925021,3466297861,4817346768,1.351049,7314609628.785835,3149102426,-4.165507,,0,1,2.1102080438856534,False
1784705016462,Zuki,2CCPVMnjBtP3XkKifz4E5jkuwyhCWr5nNuxDpxaUpump,3,15205,18843238940433,933191389,738050781,-0.195141,1027201561.57235,788025556,-0.239176,,0,1,1.1007405058388833,False
1784705230786,Zuki,ggMUEtVB9zMhoDPcW78Vguurgd9eaetuNvA7zK3pump,11,198973,17958471014794,3117933041,2269745463,-0.848188,2885286095.082603,1791281290,-1.094005,,0,1,0.9253842392193319,False
1784705522718,Zuki,t2z3DMyBHwivzDYVbyLwcRKQ97e2qCKTJ7YoNuUpump,2,17602,41781333384565,1423378513,1408192975,-0.015186,1565801809.360828,1176987621,-0.388814,,0,1,1.1000600297531875,False
1784705781255,Zuki,67FNunUy9YgY4GYYj2giqAfdJy3ZzcDKm5FgECUvpump,3,33006,12841260192899,2017680324,1237579009,-0.780101,1797572762.672333,1035078021,-0.762495,,0,1,0.8909105874158948,False
1784706188129,Doji,G1UCfhd6TUeV1N4D5io9kE1Q41xtrkEtyDRPqZrCpump,2,109001,11545531604236,2483111070,2415139565,-0.067972,2622006831.741364,2430515682,-0.191491,,0,1,1.055936185625947,False
1784706539651,Doji,DzaCFBhui4eNM6VDUGSnBUmoEXde12n5ydXF3yr8pump,3,420748,14387296433020,1545222543,1419990221,-0.125232,1909815879.210869,1280376362,-0.62944,,0,1,1.2359487556420339,False
1784706591752,Doji,G1UCfhd6TUeV1N4D5io9kE1Q41xtrkEtyDRPqZrCpump,4,345454,10082315382332,2421474775,2165703695,-0.255771,2441391395.100586,2288369346,-0.153022,,0,1,1.0082249959017582,False
1784706954928,Zuki,BDoMSXAjtG8N7NGghA2a6eGzGzSXqTZMs5q3FwdYpump,5,77128,42161511207266,2419515055,665955044,-1.75356,3223865652.119942,699640942,-2.524225,,0,1,1.3324428981988468,False
1784707007064,Doji,CVk7Y2SqZ2yV11vLf2AMRsfgGf2JZuxx1zMwgF5wpump,2,184464,12746434639979,1000170940,893573626,-0.106597,960808452.193596,640610079,-0.320198,,0,1,0.9606442396672673,False
1784707025081,Zuki,BDoMSXAjtG8N7NGghA2a6eGzGzSXqTZMs5q3FwdYpump,4,45440,8666864615373,488820000,1436595074,0.947775,403134269.929184,1173158155,0.770024,,0,1,0.8247090338553742,False
1784707069875,Doji,4E2s637xGgE2oaN1ezFkyBuPHG3aU7opQgqnSu3xpump,1,6409,7443988921984,526723278,493610065,-0.033113,453541299.386482,424220592,-0.029321,,0,1,0.8610618104986847,False
1784707635978,Doji,7a3v2DmHEbhfvCff4RAtxabm35X5LbwcSQrGf57Lpump,1,99946,2682324014693,690678908,585992050,-0.104687,710171145.819046,744687105,0.034516,,0,1,1.0282218518522446,False
1784707682341,Doji,7a3v2DmHEbhfvCff4RAtxabm35X5LbwcSQrGf57Lpump,1,24492,1495732307749,446195576,943033977,0.496838,451889277.746857,954226540,0.502337,,0,1,1.012760551769471,False
1784707729830,Doji,EViyZjjDxmEqir6R3GgXs5cc5gGEiEFwNUVj4dS3pump,1,78458,6383938251449,696588939,265705691,-0.430883,659174940.131851,257415030,-0.40176,,0,1,0.9462897029030358,False
1784707753515,Doji,7a3v2DmHEbhfvCff4RAtxabm35X5LbwcSQrGf57Lpump,1,12437,1657506306801,481731180,1017650145,0.535919,523589593.819901,1056638364,0.533049,,0,1,1.0868916432187365,False
1784707850806,Doji,7a3v2DmHEbhfvCff4RAtxabm35X5LbwcSQrGf57Lpump,1,39869,3030791977567,675844912,720498375,0.044653,731998443.346085,602830939,-0.129168,,0,1,1.0830864157575917,False
1784707922621,Doji,ChvtzNXXiBePRgNNbaDFW4hu6TFcAUDWUTamirWKpump,1,131574,9842176975185,1925372894,1229976872,-0.695396,1881581703.907715,637195873,-1.244386,,0,1,0.9772557356402229,False
1784707980154,Doji,ChvtzNXXiBePRgNNbaDFW4hu6TFcAUDWUTamirWKpump,1,51159,23121661493857,1793968974,1244317645,-0.549651,1744848066.076309,1862679279,0.117831,,0,1,0.9726188642972088,False
1784707999921,Doji,7a3v2DmHEbhfvCff4RAtxabm35X5LbwcSQrGf57Lpump,1,124049,3374497981408,734211434,972157036,0.237946,702025988.603531,922284343,0.220258,,0,1,0.9561632468441387,False
1784708068430,Zuki,tbwrKzZ7k5p7URXFhtqBvd2WKbB2w2zRjPK5rXZpump,1,20722,44692330887957,2077316156,1510337204,-0.566979,1699002780.202438,1319318543,-0.379684,,0,1,0.817883582763816,False
1784708182610,Doji,7a3v2DmHEbhfvCff4RAtxabm35X5LbwcSQrGf57Lpump,1,6830,2241882795474,486938570,308749766,-0.178189,454358762.150497,328701862,-0.125657,,0,1,0.9330925708975919,False
1784708195483,Doji,7a3v2DmHEbhfvCff4RAtxabm35X5LbwcSQrGf57Lpump,1,6423,2727313026554,525942476,527435073,0.001493,489567398.782852,522803287,0.033236,,0,1,0.9308382971959314,False
1784708289242,Doji,13rzTbUwa5pL8KdzJ27xrHHzovcHYqkoehJF3RsFpump,1,6435,3697938690861,451473677,479517804,0.028044,498085721.432487,486639512,-0.011446,,0,1,1.1032442129123001,False
1784708412062,Doji,7a3v2DmHEbhfvCff4RAtxabm35X5LbwcSQrGf57Lpump,1,20011,4205782354341,650091227,1412174776,0.762084,682393199.917694,1309107322,0.626714,,0,1,1.0496883692258994,False
1784708491952,Zuki,13rzTbUwa5pL8KdzJ27xrHHzovcHYqkoehJF3RsFpump,7,373772,27480351482615,2182587659,2280240049,0.097652,2789414272.78936,2224415488,-0.564999,,0,1,1.2780308095700454,False
1784708818660,Doji,9Yj79gRCkZ37izjkkpESezPKx7895nWhMWHVLpFJpump,2,38270,11064570469307,1015695030,1019963556,0.004269,1160386547.491615,847995931,-0.312391,,0,1,1.1424556714544671,False
1784708896319,Zuki,9Yj79gRCkZ37izjkkpESezPKx7895nWhMWHVLpFJpump,6,161134,53086896920609,2921638220,1897334645,-1.024304,3378055762.721947,1449859151,-1.928197,,0,1,1.156219733024285,False
1784708941253,Zuki,FX9hhVJCcK5jUGpXUYNJZw3xm8h44sebnYoGcyVVpump,1,6507,27750453534434,1313348395,1264708113,-0.04864,871771756.561558,761852563,-0.109919,,0,1,0.6637779890548828,False
1784709437063,Doji,GkQvuthcYcJwrRCtBt29mh6g7ah6BLD5DoCcR3uqpump,3,569152,12607909657425,1419577220,759960008,-0.659617,1599187839.600357,901067209,-0.698121,,0,1,1.1265240221312913,False
1784709523938,Zuki,9Yj79gRCkZ37izjkkpESezPKx7895nWhMWHVLpFJpump,3,20227,10964396377076,946003938,881160428,-0.064844,978380879.678764,677497363,-0.300884,,0,1,1.0342249544406907,False
1784709668767,Zuki,56jHkADdsznCNs5dvNqsTyDa4gnBPrNKwqQm9Lw9pump,4,52349,30127511629935,1867480769,1349379498,-0.518101,2067251146.861862,1247798999,-0.819452,,0,1,1.1069731914662957,False
1784709887925,Zuki,HuDiRde6FPj8Ns6YM8CP4TMGd3tAm1x981zn16Ypump,2,35117,27952947824064,1289313796,1090428698,-0.198885,1631917796.230309,1118058691,-0.513859,,0,1,1.2657258467978953,False
1784709986456,Zuki,BD5bSLkXRLmV3gAHEBcQo6h3esZZBR9CXS1rcoUNpump,3,64184,14472760178575,788153810,633614677,-0.154539,678659293.993462,447195601,-0.231464,,0,1,0.8610746854011426,False
1784710157918,Zuki,5kkfoGceVJeZUBuoKTsq6UMsjF4LuR9tUEfLZLBtpump,4,109826,53024017348735,2025253013,1668051157,-0.357202,2392305285.904243,1353946429,-1.038359,,0,1,1.1812377369879972,False
1784711564759,Zuki,CUG5BxwmYYBW4o6Pu8YzqYS84RbKGTqPzw9KACKbpump,3,5911,33446695824471,1391160846,1813668788,0.422508,1034814788.360317,970180662,-0.064634,,0,1,0.7438498512488447,False
1784711901034,Zuki,DDbRtiNGPh7KNzVysFKThWFVawUygmhsQeSSv6zppump,5,77724,17601881630182,1965139267,2134702144,0.169563,2557579560.272522,2721208319,0.163629,,0,1,1.3014749657803881,False
1784712053760,Felix,QQ9KwKuBuqMfkEzqC4G38qnMcfnUzEhyLJJEgHcpump,1,269274,17507055489344,2004079080,1184355589,-0.819723,2201173573.291267,1471448212,-0.729725,,0,1,1.0983466646891333,False
1784712924769,Zuki,64KeXkKdwN9A6SKkJsfRSvbfqm1LN2fPwmGWrGxKpump,4,92964,25780568156073,1901945113,2139933115,0.237988,2098540457.680634,2400091072,0.301551,,0,1,1.10336541435233,False
1784713612358,Zuki,AXrQMcHwT8k8wdSJHV2PFxBN7L4iZVh2i6MU8Aixpump,3,63792,24999836935461,1292669972,487760717,-0.804909,1972115773.970306,514051374,-1.458064,,0,1,1.5256142841463838,False
1784714035257,Zuki,AXrQMcHwT8k8wdSJHV2PFxBN7L4iZVh2i6MU8Aixpump,10,149663,26523310283756,3390846957,3240706962,-0.15014,3202317581.560104,3286817780,0.0845,,0,1,0.9444005058822547,False
1784714227842,Zuki,4VCKKQRTYqeMt6t5VubufRNKf4Gku567yJQGFUwapump,3,33332,25389266566141,1058294120,875073472,-0.183221,1415340675.717564,723302103,-0.692039,,0,1,1.3373793248681796,False
1784719818175,Felix,x91qtTZMRZ57SQxjr9FF6NQvpfwLnzGdSRJ426FTxms,1,12917,83095872940687,3504079081,1955725868,-1.548353,4462965675.167641,1719040114,-2.743926,,0,1,1.273648674017366,False
1784721076056,Felix,FbygFGuNFhJJfPTuP4QNNjmgmxG4P6QZdqvi9nBapump,2,152895,35745849430344,1663246134,1276841583,-0.386405,1376316761.322952,1223136988,-0.15318,,0,1,0.8274883273066739,False
1784722393346,Felix,CazgEnWmnPRjR7guoHA4jYEa3xspjrxygadkFGUgpump,1,24162,36227174420290,2004079080,1495323097,-0.508756,2152867339.571075,979794995,-1.173072,,0,1,1.0742427088112088,False
1784723309391,Felix,6Mx7iGuEGJKPwcMfvVaAsEsqbHfsRteF8xUaHQJ7pump,1,199620,24154556866181,2004079080,1980926911,-0.023152,4067279000.904495,1893207732,-2.174071,,0,1,2.0295002535052133,False
1784723502050,Felix,4tEJ61pWXgm3XZUK8rfuE2ARcEzEGEqc1n8CoQiwpump,1,28850,103640505703104,3504079081,3133721733,-0.370357,4033646453.58017,2642451246,-1.391195,,0,1,1.151128830240053,False
1784723775270,Letterbomb,5tAgPE9v4iSL79z1ny1smivxyCJfasVEYVq4yNdkpump,1,6408,37921161535894,1687172310,1239712821,-0.447459,1361685102.494408,1064352845,-0.297332,,0,1,0.8070812295955757,False
1784728515772,Zuki,2sqcokJT1xA9ftaWdaRrLLECeqR19TMd3S4DVzDXpump,3,10245,21623232949687,1668787508,1263355588,-0.405432,770861750.177929,1203873238,0.433011,,0,1,0.46192924292787135,False
1784728760458,Felix,C8PvKxAzbqK9iyNRkQEo9WnLvetq291E4kVGLkcrpump,5,287647,18459292296874,1666164114,1204318013,-0.461846,1789072411.275688,791646777,-0.997426,,0,1,1.0737672215137433,False
1784728812572,Zuki,2sqcokJT1xA9ftaWdaRrLLECeqR19TMd3S4DVzDXpump,5,246008,10116958124861,976862336,2525286000,1.548424,1038533312.803253,2434807737,1.396274,,0,1,1.0631316967913615,False
1784729310498,Zuki,C37iGsHjPU9jyy88ct6JmbajXi9mdimH9HAmMqHBpump,2,26205,26788552554156,1120187160,1194576576,0.074389,1565164671.083488,738357589,-0.826807,,0,1,1.3972349683810765,False
1784732888377,Felix,ErkXaxLVVy47pdWj7X8moZ1KNZweF1dYVWU7tgGgpump,2,100886,25664679414739,1237354182,1038796849,-0.198557,1142017967.648819,718925180,-0.423093,,0,1,0.9229515560394486,False
1784733103417,Felix,DJBvdqsC5a1vHdXPPRpn3a6H3D1WTSPkTofJn3XXpump,1,70091,12053001705364,1004079080,1147536802,0.143458,1033967629.88269,1155690459,0.121723,,0,1,1.0297671273887012,False
1784735984183,Zuki,1HWEuqFHJJfvHypRom5KoyVm3A7DZxFMuVr2qDQpump,3,50830,36467153183814,1451909323,1806328765,0.354419,2318859519.712044,1690908966,-0.627951,,0,1,1.5971104276131463,False
1784735992491,Zuki,1HWEuqFHJJfvHypRom5KoyVm3A7DZxFMuVr2qDQpump,1,1931,10153056117,5005000,1832688822,1.827684,1655517.961487,2797981445,2.796326,,0,1,0.3307728194779221,False
1784736473722,Zuki,5CuhKPPQTZxefLe5GDunJNB6hiaBShNMZ8n4rgNkpump,3,29017,13486498740644,1737238407,1091933407,-0.645305,1148758081.149963,743041380,-0.405717,,0,1,0.6612552868513475,False
1784736544293,Zuki,pc9B9NeR7mRw1MMJTEXca3nsgh71YmH2zXRMS3qpump,2,50888,23670670820682,1188993337,1570476533,0.381483,1544575730.307854,698994889,-0.845581,,0,1,1.2990617207368371,False
1784736631368,Felix,pLpxox2CNsq4mhN5qpRJihLWb5YLAVLFu4V3J1zpump,9,487753,37152814731165,1820119080,1701775317,-0.118344,2110140963.12603,1506178687,-0.603962,,0,1,1.1593422575000039,False
1784736837090,Zuki,6rhXTseuqFKADoYGZNu5iecx2R1STbEwhvfeVfVBpump,4,34527,30720282246358,1730830093,1954197067,0.223367,2344115373.692009,1390843699,-0.953272,,0,1,1.3543301466575604,False
1784737047090,Zuki,BYELEuuh9ncA1TVwTdGVgyTCeLZg9iHxtUpJLzwgpump,1,24297,35971023337586,1101396724,939860594,-0.161536,2069528564.428688,496172949,-1.573356,,0,1,1.8790037407344677,False
1784737255609,Zuki,4R3EveKpgLMYr299BRkenTCv3e9o9jB23EUgTGA42bMj,3,61296,25250885222707,1572219587,1439755856,-0.132464,1876892853.591919,1620418951,-0.256474,,0,1,1.193785441366543,False
1784739180670,Felix,3mtWt75Ut1jrb6T8SKJmJ6bJbUrf68WccMoBbAyyKhwD,1,10860,49723895109265,2004079081,1849947138,-0.154132,1539563868.996517,1399679853,-0.139884,,0,1,0.7682151286307034,False
1784739271179,Felix,66exPo4DYjF68fr7SGH3VBUzSwsy45qE5UW3L5zRpump,1,10814,37017336507048,2004079080,1951979194,-0.0521,1116442268.665936,1040527870,-0.075914,,0,1,0.5570849373199066,False
1784743792639,Letterbomb,EZGDFG6JDqTr87C1C9iabNEmw7ByuGnPdeaVH8Chpump,5,1034443,34457111886392,6082099076,2862465717,-3.219633,7253962006.542191,2352964715,-4.900997,,0,1,1.1926740942393341,False
1784743895893,Felix,89VobyQc6coSqsgFoKmRDmEJFNznutxmnJJRjWtmpump,1,131271,47768726478533,2004079080,1397544050,-0.606535,2184677955.905777,1297847622,-0.88683,,0,1,1.090115643493358,False
1784748872577,Zuki,Dj7nzF9uY58rFAkrHHd5Wfz5CGSdBEiu91GpYuK2Wak7,2,12649,22933367272667,1087723546,920635764,-0.167088,781906754.545559,693565484,-0.088341,,0,1,0.7188469509747646,False
1784748931218,Zuki,HSn9srYMyACSD55et9PcbbbY7BHXNQq9jR5dxJtepump,2,30296,19830489840143,1066816633,1019121420,-0.047695,1324228957.686829,564924725,-0.759304,,0,1,1.2412901305850086,False
1784750103713,Zuki,GiATNVZRTxDipiceGPPLu34TSm7XPZLvk94ZUBbSpump,2,4224,2654796566166,244410000,88991362,-0.155419,81496396.082073,81077610,-0.000419,,0,1,0.3334413325235179,False
1784750110009,Zuki,6xQZLY516Koafpu9E347QWeD1k84gWKtM1E4vfZqpump,2,3681,20623218543518,981821477,965045980,-0.016775,2456575029.764687,2323726433,-0.132849,,0,1,2.502058762526629,False
1784750511335,Zuki,4DaefYP1cmgmHoPjtSAr97U8rZ49EGRcC2ACCjmfpump,1,8173,23856534951036,1196362395,997145243,-0.199217,907198345.339333,682319721,-0.224879,,0,1,0.758297276085256,False
1784750915462,Zuki,2QgS9NweP7gAHpyuqtwS4oB47N61MWbKbFiycakQpump,2,32006,28649548849626,1418895717,1901057142,0.482161,1927055217.700447,1628496106,-0.298559,,0,1,1.3581373138364665,False
1784750956990,Zuki,AWt8yuv1pQfHz1VZRbXLedR8qMcKJkKUmkBbhJdopump,1,14518,22894838726575,1187987109,956668945,-0.231318,909665761.68042,639053077,-0.270613,,0,1,0.7657202294443585,False
1784751136424,Zuki,4cnnVwCxS5A8TGnvJvFg4oLE8A2PQKPVPmX3HLhDpump,4,64587,13723106211284,1685486023,1706866681,0.021381,2461343530.376724,1844727360,-0.616616,,0,1,1.4603167850634402,False
1784753749231,Zuki,BwHnaw8TFSd5sFNietkEpcRmiNJLzgT3H1nuTsgmMsXb,2,71687,15331990246832,1670280359,1600445661,-0.069835,2020627368.330788,1475926018,-0.544701,,0,1,1.2097534150138372,False
1784753887829,Zuki,5bYGAe9JuUFxW256DJciGuWeYtkrTX3K1K7FTtqpump,2,38237,41969556725889,1444078695,1366418955,-0.07766,2718673067.308037,1335929083,-1.382744,,0,1,1.88263498154305,False
1784753974286,Zuki,CNKNEjtZJ7vfaH23LGMwHKhPHvKsfyAvVz6uqqTYpump,2,6967,40180526852261,1439560836,1518981109,0.07942,1494039336.223778,1658275142,0.164236,,0,1,1.037843833245112,False
1784754078300,Zuki,38DQ5pAQKXPHyvnv3Tctcrsv2bN4WYGwmiR2wB9wpump,2,10010,9643975021972,1638078049,922396163,-0.715682,897187138.994637,637018025,-0.260169,,0,1,0.5477071984099562,False
1784754241146,Zuki,4xTnaz6GqywRTbCeYXgyqFq9e3WmkFwG9nqRpNgTTk8N,2,13055,18201208965768,1556860326,1481097845,-0.075762,939213336.479317,1422714110,0.483501,,0,1,0.6032739872641066,False
1784754631203,Zuki,81bjXkuHyF7tKAbZTwyaJFW8VzPNA7wpYT4xRZRKpump,2,19501,10892510129444,1005375192,523563747,-0.481811,756725328.557961,344330542,-0.412395,,0,1,0.7526795315613487,False
1784754720964,Zuki,EywhXMKJXVsGadzJ3c6NACLwBSSFtgpP1vRKuSPYpump,3,28231,13093075035574,2127468388,1158236459,-0.969232,1824656886.308533,644775948,-1.179881,,0,1,0.8576658043901016,False
1784754750636,theo,CZ7MKM5VNwHriZsnTHKZC3rXtZ7tFgDNiEuwvBzHpump,1,17948,21067759964329,3031004999,2436610584,-0.594394,2943651131.037605,2621586106,-0.322065,,0,1,0.9711798997391243,False
1784754949029,Zuki,AfiGGDZ45ZQx6eCNjjj6Aw1DcYgtpmUnFP4ggWLopump,5,47859,6847157529917,2027705911,367968842,-1.659737,2149469097.604065,328070667,-1.821398,,0,1,1.0600497271046645,False
1784755625076,Zuki,6zn73nKNh6tfYNBAhmAALxd9QUVbGTzmuMGAqiizpump,5,91926,9595696103814,1586706025,1294832911,-0.291873,1725633104.561157,1358063344,-0.36757,,0,1,1.0875569118489714,False
1784755891647,Zuki,3ceKwLJvFxsZoZbhdSm1wmVJFnigEWHmjpE6zzVu3FHa,1,1841,22416430621069,997213684,885054760,-0.112159,675851203.227818,645351673,-0.0305,,0,1,0.6777395999189056,False
1784756447302,Zuki,GEs1YT8QKxtcnPAC2j5rUQRYBGosqBG99CYDpeeVpump,4,84291,11052723937706,1192610777,1002733267,-0.189878,1105076697.564987,1013178971,-0.091898,,0,1,0.9266029780015873,False
1784757377998,theo,6dp5gGqi5t7mQV8vsQhM9pRkMsEomyHb3yrmy6Wbpump,4,67170,8032695207299,1054420000,5301622702,4.247203,1131598070.111061,4625661871,3.494064,,0,1,1.073194808625653,False
1784761294213,Doji,6LRHW9osqzXadQCZQ9EDMtux45ymBWLuMed3gyXUpump,1,24345,5614929212961,489452566,365191785,-0.124261,613159731.195,362646802,-0.250513,,0,1,1.2527459733350341,False
1784762363763,Sheep,81GgrRmgdoVZ18xMZUSHSHUk9QKMpMQmH4nqbHEFpump,1,23770,9968750702013,1012099080,942208551,-0.069891,1029154448.471901,959194936,-0.06996,,0,1,1.0168514810545042,False
1784762948353,Sheep,FYKJEbU59rLfqdvePHTRxmtJKniPysVbon6xHfm7pump,1,11299,261311191596893,3032099079,2437883620,-0.594215,4432864009.503725,239240646,-4.193623,,0,1,1.4619786141571942,False
1784763659686,Sheep,AfGJ9HCTbD6yGbHuqDCKKcCCrYSriHxab3CxDDrwpump,7,76455,1069804839588807,4042754079,1226272280,-2.816482,10255652527.078426,432144674,-9.823508,,0,1,2.536798510785307,False
1784764187921,Sheep,HjNkUpkjhUqKvE2oPcvhPVc5XdfjisX1mu26cis3pump,1,23872,284132990278953,3032099079,1466298820,-1.5658,8808681404.28273,176855453,-8.631826,,0,1,2.905142996576442,False
1784764693890,Sheep,Hy3nn6fcpPsuvgQzepFWKPL3RGeFt8x8M7z6W3Sdpump,1,14376,257370837152641,3032099079,1420623046,-1.611476,1463370972.399776,677093945,-0.786277,,0,1,0.4826263701390663,False
1784765086542,Sheep,7ygqjepQtJd8LWMzG3C6Z3KPF7jCqH9JuvBpxDHZzYg4,1,8465,390984692166353,3032099079,2844223377,-0.187876,7677707715.243637,1000532264,-6.677175,,0,1,2.53214275497085,False
1784765310355,Sheep,23Ht5zkEo7wXHs9RuXvP9Zr6M1ZpjtesUveEKG4ipump,1,11205,406793671350510,3032099079,4481276663,1.449178,4594074072.680058,1882152063,-2.711922,,0,1,1.5151464226542373,False
1784765570226,Sheep,EgPAyaXcFyxW8bvvc3q7HRNYeUbYCP4SUnpQcb2Zpump,1,11751,303505928407966,3032099079,1152287594,-1.879811,1160953169.78294,258909594,-0.902044,,0,1,0.38288761004664384,False
1784766563719,theo,7Py7uM3rMpYEG1aXhjf8WXiCnrWkL1PYFzwcgfU5TBAR,1,117288,2660013240079,263605000,1773187063,1.509582,299523316.29007,1665321418,1.365798,,0,1,1.1362580993914,False
1784766631256,theo,BPnUc8FvTzty9Y63KeW1gSectfW6wqYx9cCAAzP8pump,4,24308,67334308646014,3823894079,3195239398,-0.628655,4192117127.912964,2519939078,-1.672178,,0,1,1.0962953055983338,False
1784766877436,Sheep,3NBSNSbH1YXPjqgLG6Pq6bxPzcFrjsVqG2rQ8xwVpump,1,24104,321511018735496,3032099079,624393482,-2.407706,3313824447.854575,185566118,-3.128258,,0,1,1.0929143017804976,False
1784505889719,theo,2bP8EUDBWkJbpMEN5LRCu5csQWv7otJtAEh4Tj3Qpump,6,547282,9481431280482,1581630000,3956879403,2.375249,1464162310.016991,4110098855,2.645937,,0,1,0.9257299811061949,False
1784509087973,theo,jKzHf3R19xcZpXx3Vr8Dpocnch79YKX5vkSJsSnpump,6,331070,76768567385250,4390104079,2649591972,-1.740512,8082196452.936279,2457709991,-5.624486,,0,1,1.8410033811265092,False
1784510267168,theo,38cf5njPdtiRjnbufhujtyGiLzSmBG1KjbkGtV72pump,2,35106,6080611730661,527210000,4452598748,3.925389,555953005.053078,3377978206,2.822025,,0,1,1.0545190816810721,False
1784510583262,theo,jKzHf3R19xcZpXx3Vr8Dpocnch79YKX5vkSJsSnpump,1,119469,19321153110726,3031004999,4080208855,1.049204,3515206488.049149,4087518648,0.572312,,0,1,1.1597494854706272,False
1784521708471,theo,FAvnSsTZ2VaZMrfuVcMKokFbN4qxiV8tddEJxuHtpump,1,4398,9794366575403,3033079079,2893010345,-0.140069,2676936157.390503,2472219324,-0.204717,,0,1,0.8825804034997609,False
1784521992112,theo,3VpsJpmz2DoAAL7VwmxfuH2nHp6F2nobX5HaoEbmpump,2,72657,6044689951638,527210000,3396122510,2.868913,791936348.646538,1692712597,0.900776,,0,1,1.5021269487425086,False
1784523192173,theo,FL325FXeUQck8xVao44eiHdTgnjZSFGqDicFJbUapump,2,19057,10029633835400,527210000,1507722355,0.980512,436022636.665825,1331600319,0.895578,,0,1,0.8270378723199958,False
1784523789324,theo,64a9M4JhDQ1pjwoDDD5GJvffVERXs5hvHD69DbXPpump,2,13958,9276875565843,527210000,2253184588,1.725975,357021051.707253,1426683238,1.069662,,0,1,0.6771894533625178,False
1784525206709,theo,AHjMTG6kNsHNSet8s4HtvD6XFWo36bZ5MyfNB2urpump,1,30284,3428961887999,263605000,1386494106,1.122889,149478249.221817,1222722041,1.073244,,0,1,0.5670539224286982,False
1784525554173,theo,PotDkuYJuxBVQyQJHCzijMMtKinr6UrkYNYRbKKpump,3,914291,4336562720285,790815000,2803519507,2.012705,642592286.760933,2674766443,2.032174,,0,1,0.8125696740210201,False
1784527164390,theo,FY1ST1HRZQcgRGpgLuQkiyVPk2uAWTL3EHadWcbXpump,4,199909,12884675898585,1054420000,2437530457,1.38311,1107123804.684418,2170271322,1.063148,,0,1,1.0499836921572219,False
1784606613455,theo,346A44PU5RNs7o5EJjrnQ17hRWmbr83MmfJTGR5spump,3,18477,9692225272048,790815000,3933894561,3.14308,483281315.349316,1769032153,1.285751,,0,1,0.6111180432203689,False
1784606873517,theo,FnDcvWnrSgKDfGKjm657mrPrNb6cDdgwN9EM96Fcpump,4,83996,8308266863639,1054420000,4404557312,3.350137,1258730548.056435,3368366052,2.109636,,0,1,1.1937658125381112,False
1784670801362,Sheep,F6SGddf31RansipUTi5Mfp18ni4fTPTfoyPrYN8epump,1,6335,97545454545454,3059746620,2230146322,-0.8296,3322999627.319153,1022823177,-2.300176,,0,1,1.0860375187927007,False
1784670977477,Sheep,6ryRHKuf3ia3m3FJknJNLJh9CHUTnk2Rw8n9PTAsM2et,7,59761,34214641298878,1917511115,1544374869,-0.373136,2002170290.059853,972630448,-1.02954,,0,1,1.044150552451871,False
1784671091042,Sheep,BBxRsTDuRP9bkNoGD5vFx9yGqUkvzV8Ry1RchPYfpump,8,24122,43516171926112,1491706854,1556736680,0.06503,1264140760.969921,1169248768,-0.094892,,0,1,0.8474458353396566,False
1784672978928,Doji,BDEmoKJUHpUrcg6TzP2ALjMxsVNWF8yjD2vRUS2zpump,1,6004,3632221907395,483505693,420178424,-0.063327,511215168.306366,477511935,-0.033703,,0,1,1.0573095119820357,False
1784779042087,Doji,YDmP2zxfgvUYqpYu14ZUKD1jaiXNiB89eP9TSUEpump,1,1953,12138533799548,1371279080,1355520428,-0.015759,1507205188.45108,1040511408,-0.466694,,0,1,1.0991235922968212,False
1784779940651,theo,E9XVW6DjcxefiN9EVSb3vnSvL3rNcPfzmgnwkguFpump,4,111890,17017608217172,1054420000,1717966006,0.663546,1373075723.993294,1522212615,0.149137,,0,1,1.3022094838805163,False
1784781961762,theo,FZWnJCLacWawuqEp9XsiyH3QhjYGbaMvegQ9hCaspump,2,37674,8639918264747,527210000,3433050526,2.905841,527847443.447479,2772265101,2.244418,,0,1,1.0012090883091729,False
1784784232755,theo,J9A28nb5ofB4Us5SUSFkJKuRgGT4A6rocJg1jkNWpump,3,46935,82966708589072,3599289079,4365849659,0.766561,6993373618.141808,3053175299,-3.940198,,0,1,1.9429874802067288,False
1784785635299,theo,Do3WZFkVpJ5PHnVBF3oP7ckAZCbtQJXBe6U3gUQapump,4,265678,15290319306984,1054420000,1904137367,0.849717,1789728491.695763,2159961487,0.370233,,0,1,1.6973582554349909,False
1784786112881,theo,85UqQMJjcFzohGuNEsR5em28Xeh1eZ5PzG42BdtApump,2,80275,4879865029335,527210000,2624561861,2.097352,555850372.748459,2207168428,1.651318,,0,1,1.054324411047702,False
1784786527636,theo,7CsFSsX19xhcGdXNMKrBbBSkLtAeXaESBeWy6t9tpump,3,59691,75433891044114,3599289079,3333948830,-0.26534,6667201249.056908,2838982234,-3.828219,,0,1,1.8523661486254597,False
1784802226708,Felix,32rqDgentHqSMBHJs9cysXgE2JJTehwQUa6wkPb9pump,1,1817,59363843577537,3022079080,2736029061,-0.28605,2751662096.7686,2397677608,-0.353984,,0,1,0.9105195542297324,False
1784804534399,Zuki,7a1nshPvpNhyeCbDMwR1aRniB2fc6886ntXPGEqNpump,1,30417,9574229166996,1985919974,1664175673,-0.321744,1767961922.850418,1432170711,-0.335791,,0,1,0.8902483211795412,False
1784804740067,Zuki,72yL2BvSh4w3UnDWLSSMZSD4uKn8XLoAJLicoDA1pump,2,8830,18353402277236,1311338922,1130619402,-0.18072,975677100.15699,785380585,-0.190297,,0,1,0.7440312216684056,False
1784804999111,Zuki,5zqH3gpxnH5S7z5ox7GV8hgne9UoP48sGEagaVTDpump,1,67673,1875013483490,239405000,1669089575,1.429685,208226527.574295,1782133578,1.573907,,0,1,0.8697668284885237,False
1784807234861,Felix,F5d1jdoNK161F5b38h9foUD8mAHS8tXMHjYrDYw8pump,1,53864,550830389611,102005000,3975838965,3.873834,76408917.780815,3752040474,3.675632,,0,1,0.7490703179335817,False
1784809148416,Pavel,H14ViKcRRA4txxrP4XhLUsthVhGz2kGbZJLVZrcSpump,1,50970,14404802673111,883079080,544854189,-0.338225,718100548.503113,612648351,-0.105452,,0,1,0.8131780774413918,False
1784804373827,Zuki,6Wa3RwnxhNFw3mRfrf7KF7BPFExL68knZE3DNnWgzboh,1,16463,2439301560958,239405000,1125151535,0.885747,222815238.485046,1362068136,1.139253,,0,1,0.9307041978448487,False
1784807232880,Felix,F5d1jdoNK161F5b38h9foUD8mAHS8tXMHjYrDYw8pump,2,52942,1105949662924,204010000,3975838965,3.771829,156443578.857849,3672094153,3.515651,,0,1,0.766842698190525,False
1784813256941,Felix,9GeK2XkLWq4y73DRCRMN6zMDJ4imwkK7sKx4BqTGpump,1,19710,7703131151022,711776732,999311308,0.287535,678465151.770348,555272318,-0.123193,,0,1,0.953199397041189,False
1784817838419,Felix,C5RBggpJ4Qh1xZ85vke72ESnXPUdEGGrMNs4Uqiwpump,1,1986,41010216998603,2004079080,1735561794,-0.268517,1192169274.151203,1104394279,-0.087775,,0,1,0.5948713731152779,False
1784825489214,Letterbomb,637wYZEW7bqc4CuhfSyWihhwuX8Vooremi9Xcgd3pump,2,729370,11233786237795,2528381678,1732508905,-0.795873,2379530071.853882,1479740619,-0.899789,,0,1,0.9411277152333019,False
1784825827597,Zuki,7ZQWLRRMiX4iw2exmzzGjJ79J9CFYcGNDNQMdH2Rpump,2,14220,1406083912253,243787883,1149654142,0.905866,114985548.821053,484562018,0.369576,,0,1,0.4716622803646603,False
1784826938331,Letterbomb,3FKLftJi3fB26tBz7PvDdurULbAc2ivQAQ6xejz4pump,1,20145,25961536743975,1687059144,815302469,-0.871757,1600255367.812126,740730867,-0.859525,,0,1,0.9485472833026688,False
1784827942333,theo,3nVtpoRzTrotrhgtso1kRBLBZfS7jYE9mH6CGaBcpump,3,33052,5152330192504,790815000,3752670070,2.961855,681093535.364845,3412387968,2.731294,,0,1,0.8612552055346004,False
1784828821314,Felix,w2fEaeLF617qujiZoZfywdfH4UKoB4btihi6uyhwxZz,1,6490,41757945586884,4004079081,3578277577,-0.425802,3354806847.415939,2641139283,-0.713668,,0,1,0.8378473001032966,False
1784829277093,Zuki,FmFHYnPWfWbpxuu1atVhWRW4K93diXZ5pVG7PpgNpump,2,43235,1017917247262,105066607,1560488034,1.455421,71808727.104187,1645392482,1.573584,,0,1,0.6834590851895217,False
1784829428059,Zuki,4txmHEZ6gaiodagKRZTbWBC1CArXsWa4wENMeuSgpump,3,15018,15603298869386,1140746408,999754397,-0.140992,1050833893.912369,950729963,-0.100104,,0,1,0.9211809798767905,False
1784829573368,Zuki,4AJaitQubandLtqQmghpPxixYksVV5zdc9UCVJmRpump,1,10990,1551033657644,97072256,1605552490,1.50848,45591987.992302,813181791,0.76759,,0,1,0.4696706337215651,False
1784829656951,Zuki,GH19zYTwsgfc2MUQVJHJMmxh76JzZdjyP4amxzz8pump,2,22912,5297303510158,478810000,2345660409,1.86685,322657051.949013,1397946563,1.07529,,0,1,0.6738728346296297,False
1784829736739,Zuki,A8gD8Hxd6UXpv9SN4RpSdCCjMfgYa2eAASqjzqAgpump,4,21607,14545939015077,1394913771,1131462931,-0.263451,1238625869.571114,809250279,-0.429376,,0,1,0.8879587364623659,False
1784830942318,Zuki,5sTWUogpbJDZUrdar5mALFLG5C3aqKFKNZbyBTTVpump,1,2017,20250563710331,1042114530,829442627,-0.212672,589295790.447067,567240983,-0.022055,,0,1,0.5654808310244623,False
1784830955459,Zuki,4kPHA27Sp7YFySGXDZ7y768e589xMVJ5NeF9SVcJpump,1,6518,24213811960728,1245469774,886766673,-0.358703,1075478791.493034,1150488659,0.07501,,0,1,0.8635125588307002,False
1784831030440,Zuki,GhBR1QXkMucChZLcVkCSioJkraauQ7QR5xumSwDapump,2,22317,23932284556096,1590290932,1137469287,-0.452822,1235364514.740883,870296878,-0.365068,,0,1,0.776816675416271,False
1784831401043,Zuki,Bim9mqtUGuLk2s6mraWhdM6a1yQMRmp2i1fjXcyepump,2,65823,1220746377660,243822172,620640483,0.376818,222205178.922142,684476479,0.462271,,0,1,0.911341151214673,False
1784831799393,Zuki,EYuFV3mTDeJTgjD9qb8MfG5io1XrQfNX9dnW5Cvapump,5,14493,18583271309276,1876744556,556610967,-1.320134,1136749710.771721,640939852,-0.49581,,0,1,0.6057029482981598,False
1784831955085,Zuki,9vhsxQeNGvCUSfW4DB1UtBA63M87ct7xtY8D9Qmipump,2,18063,22188450611676,1739840922,1109413431,-0.630427,1263695113.75396,634254324,-0.629441,,0,1,0.7263279635366341,False
1784832573433,theo,4RVFRYzwJMGc57MXZUF8LWJhgxdF2Un7utPKCBAgpump,1,6572,6281683482497,263605000,1893027048,1.629422,190956572.56789,1539083781,1.348127,,0,1,0.7244042130000948,False
1784832617705,Zuki,GcrDaVVJfb27taK8dTj9aSTVTM8zEaNvvhxVZT4Epump,2,13165,19222705113319,1004241740,703837601,-0.300404,590116331.377827,566818619,-0.023298,,0,1,0.5876237840679944,False
1784840685203,Pavel,7bqhXptzL1K3EitH7kxXsGzJJzkA7LfbJ39BwhaQpump,1,1762,13681682836639,883079080,972286765,0.089208,838571624.895508,807782096,-0.03079,,0,1,0.9495996948489688,False
1784841877769,Zuki,2urHrtmJHeao83uUrugZKmyAASeMriM3YNpnYXSvpump,2,55174,3582119598435,243684160,1039182308,0.795498,131293491.778,954873858,0.82358,,0,1,0.5387854991395419,False
1784842535579,Zuki,2vBS6D5mTPbQHChbZevmJ3Ck4uyrmdhbt1LkbyLopump,6,496121,14641567811145,3962830000,2153050709,-1.809779,3710689949.22361,1612391877,-2.098298,,0,1,0.9363737402875243,False
1784842656357,Zuki,C2y2ZD6bNdD1JawdwkZnYGpX59vcbq1FspFdSHQvpump,2,35362,3043345486315,244410000,1522652003,1.278242,115544333.058807,1009848739,0.894304,,0,1,0.4727479770009697,False
1784846211685,Zuki,FDmDiRbppt67zu2ohxx3akGcHZ9T68RiNDTgKAMhpump,2,3517,2968312242279,244410000,2070767579,1.826358,166819071.705742,1771187339,1.604368,,0,1,0.6825378327635613,False
1784846653918,Zuki,J64LegTDWmLxLRa612FCiYx5qgbDAjT7YqPWuk6Spump,2,3569,4842178334908,288531996,1092607224,0.804075,184052761.599106,820778557,0.636726,,0,1,0.6378937662050694,False
1784848125586,Zuki,D7PmerrVfndAnka7sGZx9hKnPAzwDRs7KHid5wRbpump,2,33852,3491088465802,244410000,1866130723,1.621721,130135950.067184,1060293215,0.930157,,0,1,0.5324493681403544,False
1784849863160,Zuki,B9atKNa6BKuYBgEaW9sZ4iuoojqGAAqv1uQb12xApump,1,18480,19445339809796,1211633816,1107726918,-0.103907,602378750.70557,670211047,0.067832,,0,1,0.49716237921967177,False
1784849971045,Zuki,6pAzdvhAHjHUvYvEHCcqzoWnbi4rfMupKsxRuQ3epump,1,19071,3492484522374,239405000,1284228460,1.044823,182287597.492111,1022684190,0.840397,,0,1,0.7614193416683486,False
1784850027002,Doji,52JdpHXiEMooDymrK87HRVtcFqgaeRB14xo665wGpump,1,409080,9401522964973,963205000,1026758316,0.063553,809759941.805267,1480594833,0.670835,,0,1,0.8406932499366874,False
1784851059421,Zuki,8KKF7RPBUW3zVbDrTWxmuruKQ35UPvxbYPdY4NGTpump,3,434242,11514367467836,2086134331,2100205698,0.014071,1908110463.669968,2263274091,0.355164,,0,1,0.9146632771032077,False
1784851343436,Zuki,GbatuTyxeeRsRai3wuhtqXuXLg33Hkudtnkekh6opump,1,54971,777123772957,63726010,1288894167,1.225168,44167107.441895,2086913050,2.042746,,0,1,0.6930781864719759,False
1784852599756,Zuki,Ghws4WgSkwBGTyi1iwjTS1aFo8JGheKiVyya8rVNpump,2,102155,12726357957020,1541179537,1143467364,-0.397712,1336868045.578796,590740966,-0.746127,,0,1,0.8674317387973443,False
1784875364115,Felix,EUsznc8v7ScuvCrcUiCzGkciCsYiDM22KHEA9qK6qpt7,1,15678,37147131010411,2004079080,1448286694,-0.555792,1479421883.839035,1074592563,-0.404829,,0,1,0.7382053425950812,False
1784876939975,Felix,GkUabpjFsqDaucVooCNRuRDbZ5E42U1jexSoRmbCQ4bB,3,216196,3750242384463,306015000,909078693,0.603064,294877477.354271,730727344,0.43585,,0,1,0.9636046512565429,False
1784877896955,Felix,9K1vt3T7o7qBQzMJxNLL1foxh9TMQXKLPzXy1o1ipump,1,8214,22484360113448,1004079080,728483515,-0.275596,689533912.742001,660234995,-0.029299,,0,1,0.6867326752211599,False
1784880195097,Sheep,426Yy1jo6amwdwmeUCR5nEX19FgVEPEJdjJXv4Lnpump,3,40942,506480969402,30375000,2686541458,2.656166,29791056.132957,1647512743,1.617722,,0,1,0.9807755105500247,False
1784885064910,Felix,Efj3BTZ82eYjBPBgvEdLihLn6JRGSGooYFrjR7p5pump,1,6539,17376980525006,1004079080,861974504,-0.142105,558502995.984207,532743450,-0.02576,,0,1,0.556234072702926,False
1784885092412,Felix,HYnjrrbfx2xF1L3vJEkPASEQRuMUuMULqRz4PPj2pump,1,16175,24299053628423,2004079080,1720631532,-0.283448,1503125233.500847,1509386100,0.006261,,0,1,0.7500328946604478,False
1784906962884,Felix,29AR9RiUwtp8HgNvzj8Xni9x8x6xg6L8Qau8Dpy3pump,1,1763,42669814865483,2004079080,1644754033,-0.359325,1242411867.83987,1147377506,-0.095034,,0,1,0.6199415383547988,False
1784910347032,Felix,42dKdwMY4mXthkxmvTmcXZz62A2n27eM7bTSaNUrpump,7,14825,19784050353366,716359640,594191375,-0.122168,584245385.984951,571841191,-0.012404,,0,1,0.8155755201185693,False
1784923880598,Doji,2YXvG2itGUgYvr2AoLiUnAAuXPbXgTwkd7HQCDEeTr5E,2,22066,12457968342119,2469589284,795834166,-1.673755,1306241094.41394,625865783,-0.680375,,0,1,0.5289304998514643,False
1784608182491,Zuki,DJymo8dSGzK5wgmdinPAThpFm1HCbbuUutfCXFhQpump,2,3520,12441903153493,2318696247,1134710531,-1.183986,353414296.409821,345999772,-0.007415,,0,1,0.15241940244095326,True
1784613947326,Zuki,waSphrRR19kdRoMbTKHxsJVFasaHZcrfSpjEHzVpump,2,153201,12506849517,10010000,4436383366,4.426373,1916124.073547,4008617825,4.006702,,0,1,0.19142098636833169,True
1784624256794,Zuki,9rvsgoE3MjiRJRV117rZfKtgVDaMi4gYEhpoCDWKpump,3,34164,23654355892,76721551,1018857538,0.942136,1393214.858414,989652827,0.98826,,0,1,0.01815936774289143,True
1784636665192,Zuki,AFaZdfMB1HNxztwAsF2qPDk3pXCQSdA8abdyLgmYpump,4,57036,11132941523,20020000,2817846910,2.797827,3793805.480713,3014154993,3.010361,,0,1,0.18950077326238762,True
1784703194134,Zuki,3s2XxFiyJGxgMDhn52F5vWTyTBVgXgfM9TkDcr22pump,1,15304,18203593904,5005000,1029450471,1.024445,615646.51041,901729077,0.901113,,0,1,0.12300629578621379,True
1784703612671,Zuki,J1V4nQBT4WxSBwU7YT866ujJvbhobPoYHuP2bCpdoyRp,2,32208,22222274172510,1291160046,2270912623,0.979753,3937336372.586746,1630105868,-2.307231,,0,1,3.0494564827842776,True
1784707548008,Zuki,EViyZjjDxmEqir6R3GgXs5cc5gGEiEFwNUVj4dS3pump,1,41088,10785450618,5005000,470360,-0.004535,1009390.945587,857785,-0.000152,,0,1,0.20167651260479522,True
1784713620674,Zuki,AXrQMcHwT8k8wdSJHV2PFxBN7L4iZVh2i6MU8Aixpump,1,1931,5648960503,4441125,819907790,0.815467,495399.081207,773096199,0.772601,,0,1,0.1115481057630668,True
1784753894588,Zuki,5bYGAe9JuUFxW256DJciGuWeYtkrTX3K1K7FTtqpump,1,1819,7074186044,4453071,1188699742,1.184247,415942.704384,1209214555,1.208799,,0,1,0.09340581014405563,True
1784762405453,Sheep,6Y2p5VHjvKY664TtqGCieNqDp6N31gai4UVUFHYipump,1,17634,276272664685324,3032099079,2070167910,-0.961931,11540633943.978046,2133949627,-9.406684,,0,1,3.8061533094044537,True
1784762526176,Sheep,5NWB9ovVhv5odvbFJSx7qKEn6fsU9ZZfABQCQyKspump,1,20885,270178604251024,3032099079,2234253961,-0.797845,11433462105.873486,450202584,-10.98326,,0,1,3.7708075521213815,True
1784764041338,Sheep,23HfYqhxUmSRrNp8EtXxxkPx1grTiUHKgaeG6DJmpump,4,60395,422019897876616,3032477079,3829135125,0.796658,20238823868.097107,661169471,-19.577654,,0,1,6.674023691143984,True
1784764723166,Sheep,7XZo8g25amQaRRk6rWBHRVrbSkgR8BhGgZyoRzPnpump,1,8169,413487834942257,3032099079,1767683335,-1.264416,14651546789.128536,620686600,-14.03086,,0,1,4.832146446204088,True
1784765807133,Sheep,5AyGsMsJzteKpjr2YALsnZQms1UuKYgS5JYhM56Dpump,1,21008,324063399280728,3032099079,7395004313,4.362905,17407079678.70207,578532530,-16.828547,,0,1,5.740933665150218,True
1784766078010,Sheep,7Jo9rmyG6dCUKTmBghtNZzFY2s44j2MAuvxKhcZ7pump,1,8055,413198662626302,3032099079,1105587843,-1.926511,523321114.270062,147983800,-0.375337,,0,1,0.1725936721179493,True
1784766797164,theo,6sGzthpxkhNyp6FZMFsWwoU8tkjW5U3ZczHw8Kcupump,7,78133,116040159485098,4653709079,5245566229,0.591857,17191466473.79525,4406339308,-12.785127,,0,1,3.6941429259882725,True
1784779037546,Doji,KX16Vch7SUAeq7TFbZP7WRCtiomvykLhy5oZXNEpump,1,1973,11691167934370,1913990011,3496227088,1.582237,509442732.043999,489272431,-0.02017,,0,1,0.2661679157760239,True
1784817844398,Felix,9GeK2XkLWq4y73DRCRMN6zMDJ4imwkK7sKx4BqTGpump,2,3977,14642149334782,1318163951,999311308,-0.318853,424480450.120392,415776201,-0.008704,,0,1,0.32202401666224295,True
1784825497030,Felix,8VTyufkgx3xkzYsmxEU2tW8vyWR9xCdM7AzYYcHFmRj7,2,29533,9733236549027,204260560,148179982,-0.056081,42668182.81741,131330584,0.088662,,0,1,0.20889095191656187,True
1784830878003,Zuki,G3gywGWeygokZVev6WCMy4i7KyRnXwfMTfQqrMV2pump,1,6534,5941478648,4522023,2424371418,2.419849,427850.262459,1697793197,1.697365,,0,1,0.09461479131331264,True
1784831207215,Zuki,F7Vh3zKZh4S5juch8YDjBQpwfWLSQGcvYWMEcFhcpump,1,110898,5735685948,5005000,2513956972,2.508952,951966.204269,2095775000,2.094823,,0,1,0.19020303781598402,True
1784831852020,Zuki,EpQjyTi8eaFqLR2ujex36BP7F3HBP93U1gY8VfD5pump,2,17699,5597137608,8652036,884241784,0.87559,461022.892136,899480123,0.899019,,0,1,0.05328490220521505,True
1784841698958,Zuki,coweNThXSzcySKZRwAYrTbGygdcunRyphu6FzBW2vSA,1,16879,8932088222228,1265376300,901890159,-0.363486,337023803.189957,297494206,-0.03953,,0,1,0.2663427497337804,True
1784849332290,Zuki,ESV9RnStm335zKtM4vSGaPLTUAjwQFGFVuwhLWUxpump,1,36106,10389945018,5005000,2626034918,2.62103,675417.164062,924701866,0.924026,,0,1,0.13494848432807194,True
1784849493756,Zuki,GVDE7AzphrExFrNQzGLrYKigQ5KoV6mZ2VmU1X4Hpump,1,1757,17648392391,5005000,700084679,0.69508,548766.729908,410716656,0.410168,,0,1,0.10964370227932067,True
