offset_slots,status,ret,entry_vsol,exit_vsol,wallet_label,mint,entry_signature,hold_s
0.0,priced,-0.2551818332927381,84452602534.0,74960324732.0,Sheep,5FQZRyHR2jcn7Z1HZd9F8iyBWFPFKi6pxicXoHRNpump,4mtkNm8ezBXpXkubGh7rRWrqokAirVrjrZFQV9L6vTtZ1MkKSZ2GS4xrtY66mzCDjmFwE2mdVsbBuFcnEbuxV3Zp,82.566
0.5,priced,-0.32916854230804693,85539022286.0,72090139842.0,Sheep,5FQZRyHR2jcn7Z1HZd9F8iyBWFPFKi6pxicXoHRNpump,4mtkNm8ezBXpXkubGh7rRWrqokAirVrjrZFQV9L6vTtZ1MkKSZ2GS4xrtY66mzCDjmFwE2mdVsbBuFcnEbuxV3Zp,82.566
1.0,priced,-0.34980696359702396,85589716418.0,71026458966.0,Sheep,5FQZRyHR2jcn7Z1HZd9F8iyBWFPFKi6pxicXoHRNpump,4mtkNm8ezBXpXkubGh7rRWrqokAirVrjrZFQV9L6vTtZ1MkKSZ2GS4xrtY66mzCDjmFwE2mdVsbBuFcnEbuxV3Zp,82.566
2.0,priced,-0.36113680822785643,85589716418.0,70411776030.0,Sheep,5FQZRyHR2jcn7Z1HZd9F8iyBWFPFKi6pxicXoHRNpump,4mtkNm8ezBXpXkubGh7rRWrqokAirVrjrZFQV9L6vTtZ1MkKSZ2GS4xrtY66mzCDjmFwE2mdVsbBuFcnEbuxV3Zp,82.566
3.0,priced,-0.36182719997673213,85635600473.0,70411776030.0,Sheep,5FQZRyHR2jcn7Z1HZd9F8iyBWFPFKi6pxicXoHRNpump,4mtkNm8ezBXpXkubGh7rRWrqokAirVrjrZFQV9L6vTtZ1MkKSZ2GS4xrtY66mzCDjmFwE2mdVsbBuFcnEbuxV3Zp,82.566
5.0,priced,-0.354569372778479,86152058640.0,71232484030.0,Sheep,5FQZRyHR2jcn7Z1HZd9F8iyBWFPFKi6pxicXoHRNpump,4mtkNm8ezBXpXkubGh7rRWrqokAirVrjrZFQV9L6vTtZ1MkKSZ2GS4xrtY66mzCDjmFwE2mdVsbBuFcnEbuxV3Zp,82.566
10.0,priced,-0.3477374758012353,86968552465.0,72281195462.0,Sheep,5FQZRyHR2jcn7Z1HZd9F8iyBWFPFKi6pxicXoHRNpump,4mtkNm8ezBXpXkubGh7rRWrqokAirVrjrZFQV9L6vTtZ1MkKSZ2GS4xrtY66mzCDjmFwE2mdVsbBuFcnEbuxV3Zp,82.566
0.0,priced,-0.09859111938242554,44586083698.0,43612859852.0,Sheep,Hmj1cXDhDyrFh82tp1R7kCshKqNQiNzGckVLgvWAymHy,5P5rBcZvX9yihWF3YgFPhqtxZmrp5DdCfZzSNDB1ioXbjLMBuHQAfHfbg1NC9XB6KftkmjKdVCdnxJ5pQWMLc8Aa,35.031
0.5,priced,-0.37491519965787723,49899663939.0,40685837848.0,Sheep,Hmj1cXDhDyrFh82tp1R7kCshKqNQiNzGckVLgvWAymHy,5P5rBcZvX9yihWF3YgFPhqtxZmrp5DdCfZzSNDB1ioXbjLMBuHQAfHfbg1NC9XB6KftkmjKdVCdnxJ5pQWMLc8Aa,35.031
1.0,priced,-0.38650167506592403,50365626449.0,40685837848.0,Sheep,Hmj1cXDhDyrFh82tp1R7kCshKqNQiNzGckVLgvWAymHy,5P5rBcZvX9yihWF3YgFPhqtxZmrp5DdCfZzSNDB1ioXbjLMBuHQAfHfbg1NC9XB6KftkmjKdVCdnxJ5pQWMLc8Aa,35.031
2.0,priced,-0.4144523296954901,51545254412.0,40685837848.0,Sheep,Hmj1cXDhDyrFh82tp1R7kCshKqNQiNzGckVLgvWAymHy,5P5rBcZvX9yihWF3YgFPhqtxZmrp5DdCfZzSNDB1ioXbjLMBuHQAfHfbg1NC9XB6KftkmjKdVCdnxJ5pQWMLc8Aa,35.031
3.0,priced,-0.3343347965533105,51545254412.0,43350132858.0,Sheep,Hmj1cXDhDyrFh82tp1R7kCshKqNQiNzGckVLgvWAymHy,5P5rBcZvX9yihWF3YgFPhqtxZmrp5DdCfZzSNDB1ioXbjLMBuHQAfHfbg1NC9XB6KftkmjKdVCdnxJ5pQWMLc8Aa,35.031
5.0,priced,-0.3640897032357557,51594637127.0,42420509669.0,Sheep,Hmj1cXDhDyrFh82tp1R7kCshKqNQiNzGckVLgvWAymHy,5P5rBcZvX9yihWF3YgFPhqtxZmrp5DdCfZzSNDB1ioXbjLMBuHQAfHfbg1NC9XB6KftkmjKdVCdnxJ5pQWMLc8Aa,35.031
10.0,priced,-0.45469872546616946,50709226009.0,38645280044.0,Sheep,Hmj1cXDhDyrFh82tp1R7kCshKqNQiNzGckVLgvWAymHy,5P5rBcZvX9yihWF3YgFPhqtxZmrp5DdCfZzSNDB1ioXbjLMBuHQAfHfbg1NC9XB6KftkmjKdVCdnxJ5pQWMLc8Aa,35.031
0.0,priced,0.2368759159439001,33000000000.0,37861681268.0,Sheep,5jahpqxUitNqB3nn3xLfr31kLmoupxcmBVfqd1rxGnsK,2uQHEP21FKf3rv3Kz1omfeox4pmDvnC1MaVxXgK48qj2sFuGUAXGEaZkNjHsSxF9XDGi9oTY8LBLXqoCRncRmX6k,3.886
0.5,priced,-0.09370335857817078,38570204415.0,37861681268.0,Sheep,5jahpqxUitNqB3nn3xLfr31kLmoupxcmBVfqd1rxGnsK,2uQHEP21FKf3rv3Kz1omfeox4pmDvnC1MaVxXgK48qj2sFuGUAXGEaZkNjHsSxF9XDGi9oTY8LBLXqoCRncRmX6k,3.886
1.0,priced,-0.09370335857817078,38570204415.0,37861681268.0,Sheep,5jahpqxUitNqB3nn3xLfr31kLmoupxcmBVfqd1rxGnsK,2uQHEP21FKf3rv3Kz1omfeox4pmDvnC1MaVxXgK48qj2sFuGUAXGEaZkNjHsSxF9XDGi9oTY8LBLXqoCRncRmX6k,3.886
2.0,priced,-0.29445431962431884,43706006880.0,37861681268.0,Sheep,5jahpqxUitNqB3nn3xLfr31kLmoupxcmBVfqd1rxGnsK,2uQHEP21FKf3rv3Kz1omfeox4pmDvnC1MaVxXgK48qj2sFuGUAXGEaZkNjHsSxF9XDGi9oTY8LBLXqoCRncRmX6k,3.886
3.0,priced,-0.29444719100867556,43705786894.0,37861681268.0,Sheep,5jahpqxUitNqB3nn3xLfr31kLmoupxcmBVfqd1rxGnsK,2uQHEP21FKf3rv3Kz1omfeox4pmDvnC1MaVxXgK48qj2sFuGUAXGEaZkNjHsSxF9XDGi9oTY8LBLXqoCRncRmX6k,3.886
5.0,priced,-0.29444719100867556,43705786894.0,37861681268.0,Sheep,5jahpqxUitNqB3nn3xLfr31kLmoupxcmBVfqd1rxGnsK,2uQHEP21FKf3rv3Kz1omfeox4pmDvnC1MaVxXgK48qj2sFuGUAXGEaZkNjHsSxF9XDGi9oTY8LBLXqoCRncRmX6k,3.886
10.0,missed: wallet sold before our entry landed,,,,Sheep,5jahpqxUitNqB3nn3xLfr31kLmoupxcmBVfqd1rxGnsK,2uQHEP21FKf3rv3Kz1omfeox4pmDvnC1MaVxXgK48qj2sFuGUAXGEaZkNjHsSxF9XDGi9oTY8LBLXqoCRncRmX6k,3.886
0.0,priced,0.10468390112840031,33000000000.0,35786805179.0,Sheep,5r4UnaVq1x5xtdpiffrJLUxL18cE4PZuNtFyGRKgxM7B,2kvbnaZXdhVE8sCjrSp72UNHCWQpEzvnw1cyRVvKET1C1h7HjXfkqaHXtHXQeyGM43phdP7MeBH363ekHVoAmaKR,3.887
0.5,priced,-0.19104074896503603,38573763922.0,35786805179.0,Sheep,5r4UnaVq1x5xtdpiffrJLUxL18cE4PZuNtFyGRKgxM7B,2kvbnaZXdhVE8sCjrSp72UNHCWQpEzvnw1cyRVvKET1C1h7HjXfkqaHXtHXQeyGM43phdP7MeBH363ekHVoAmaKR,3.887
1.0,priced,-0.19104074896503603,38573763922.0,35786805179.0,Sheep,5r4UnaVq1x5xtdpiffrJLUxL18cE4PZuNtFyGRKgxM7B,2kvbnaZXdhVE8sCjrSp72UNHCWQpEzvnw1cyRVvKET1C1h7HjXfkqaHXtHXQeyGM43phdP7MeBH363ekHVoAmaKR,3.887
2.0,priced,-0.19104074896503603,38573763922.0,35786805179.0,Sheep,5r4UnaVq1x5xtdpiffrJLUxL18cE4PZuNtFyGRKgxM7B,2kvbnaZXdhVE8sCjrSp72UNHCWQpEzvnw1cyRVvKET1C1h7HjXfkqaHXtHXQeyGM43phdP7MeBH363ekHVoAmaKR,3.887
3.0,priced,-0.19104074896503603,38573763922.0,35786805179.0,Sheep,5r4UnaVq1x5xtdpiffrJLUxL18cE4PZuNtFyGRKgxM7B,2kvbnaZXdhVE8sCjrSp72UNHCWQpEzvnw1cyRVvKET1C1h7HjXfkqaHXtHXQeyGM43phdP7MeBH363ekHVoAmaKR,3.887
5.0,priced,-0.19104074896503603,38573763922.0,35786805179.0,Sheep,5r4UnaVq1x5xtdpiffrJLUxL18cE4PZuNtFyGRKgxM7B,2kvbnaZXdhVE8sCjrSp72UNHCWQpEzvnw1cyRVvKET1C1h7HjXfkqaHXtHXQeyGM43phdP7MeBH363ekHVoAmaKR,3.887
10.0,priced,-0.24410255942901862,37838500714.0,33946161730.0,Sheep,5r4UnaVq1x5xtdpiffrJLUxL18cE4PZuNtFyGRKgxM7B,2kvbnaZXdhVE8sCjrSp72UNHCWQpEzvnw1cyRVvKET1C1h7HjXfkqaHXtHXQeyGM43phdP7MeBH363ekHVoAmaKR,3.887
0.0,priced,0.36505576728407213,33000000000.0,39771576659.0,Sheep,5dtmUkTL5YDgJ8pE6ZwjJnPuJm3okpTqMduQs1uvNctY,3E1ymuJCHkrgRJweS7uGHTYfauq3Myfx4yJMG8h63mzfGq2c5SpeNfjo5kjDXnErphHZFLPofm2qBm8t6sSrd5UC,4.306
0.5,priced,0.003975548907703876,38504260713.0,39771576659.0,Sheep,5dtmUkTL5YDgJ8pE6ZwjJnPuJm3okpTqMduQs1uvNctY,3E1ymuJCHkrgRJweS7uGHTYfauq3Myfx4yJMG8h63mzfGq2c5SpeNfjo5kjDXnErphHZFLPofm2qBm8t6sSrd5UC,4.306
1.0,priced,0.003975548907703876,38504260713.0,39771576659.0,Sheep,5dtmUkTL5YDgJ8pE6ZwjJnPuJm3okpTqMduQs1uvNctY,3E1ymuJCHkrgRJweS7uGHTYfauq3Myfx4yJMG8h63mzfGq2c5SpeNfjo5kjDXnErphHZFLPofm2qBm8t6sSrd5UC,4.306
2.0,priced,0.003975548907703876,38504260713.0,39771576659.0,Sheep,5dtmUkTL5YDgJ8pE6ZwjJnPuJm3okpTqMduQs1uvNctY,3E1ymuJCHkrgRJweS7uGHTYfauq3Myfx4yJMG8h63mzfGq2c5SpeNfjo5kjDXnErphHZFLPofm2qBm8t6sSrd5UC,4.306
3.0,priced,0.003975548907703876,38504260713.0,39771576659.0,Sheep,5dtmUkTL5YDgJ8pE6ZwjJnPuJm3okpTqMduQs1uvNctY,3E1ymuJCHkrgRJweS7uGHTYfauq3Myfx4yJMG8h63mzfGq2c5SpeNfjo5kjDXnErphHZFLPofm2qBm8t6sSrd5UC,4.306
5.0,priced,0.003975548907703876,38504260713.0,39771576659.0,Sheep,5dtmUkTL5YDgJ8pE6ZwjJnPuJm3okpTqMduQs1uvNctY,3E1ymuJCHkrgRJweS7uGHTYfauq3Myfx4yJMG8h63mzfGq2c5SpeNfjo5kjDXnErphHZFLPofm2qBm8t6sSrd5UC,4.306
10.0,priced,-0.34212617689995967,44854948060.0,37528551096.0,Sheep,5dtmUkTL5YDgJ8pE6ZwjJnPuJm3okpTqMduQs1uvNctY,3E1ymuJCHkrgRJweS7uGHTYfauq3Myfx4yJMG8h63mzfGq2c5SpeNfjo5kjDXnErphHZFLPofm2qBm8t6sSrd5UC,4.306
0.0,priced,-0.3674153718684156,42922892539.0,35229809805.0,Sheep,EMXiWX5q3XJeJwRbdz8YycX2tepdFmn88M8rfygedgcL,5UXNv4vtScjbLgGRk1Rekw5agfr7rM2QAi6piD5Rey5FBzkx7ksiviGzf4hULiq4ZHwKSm8Sh6jPCLYN5jGcfoxU,15.861
0.5,priced,-0.5490338540881506,49849641507.0,34597169415.0,Sheep,EMXiWX5q3XJeJwRbdz8YycX2tepdFmn88M8rfygedgcL,5UXNv4vtScjbLgGRk1Rekw5agfr7rM2QAi6piD5Rey5FBzkx7ksiviGzf4hULiq4ZHwKSm8Sh6jPCLYN5jGcfoxU,15.861
1.0,priced,-0.5380533384963806,49791530971.0,34968646883.0,Sheep,EMXiWX5q3XJeJwRbdz8YycX2tepdFmn88M8rfygedgcL,5UXNv4vtScjbLgGRk1Rekw5agfr7rM2QAi6piD5Rey5FBzkx7ksiviGzf4hULiq4ZHwKSm8Sh6jPCLYN5jGcfoxU,15.861
2.0,priced,-0.53120735528185,49791530971.0,35222869105.0,Sheep,EMXiWX5q3XJeJwRbdz8YycX2tepdFmn88M8rfygedgcL,5UXNv4vtScjbLgGRk1Rekw5agfr7rM2QAi6piD5Rey5FBzkx7ksiviGzf4hULiq4ZHwKSm8Sh6jPCLYN5jGcfoxU,15.861
3.0,priced,-0.5731136083213272,50827975414.0,34334058518.0,Sheep,EMXiWX5q3XJeJwRbdz8YycX2tepdFmn88M8rfygedgcL,5UXNv4vtScjbLgGRk1Rekw5agfr7rM2QAi6piD5Rey5FBzkx7ksiviGzf4hULiq4ZHwKSm8Sh6jPCLYN5jGcfoxU,15.861
5.0,priced,-0.5677606707726953,50530852515.0,34343935060.0,Sheep,EMXiWX5q3XJeJwRbdz8YycX2tepdFmn88M8rfygedgcL,5UXNv4vtScjbLgGRk1Rekw5agfr7rM2QAi6piD5Rey5FBzkx7ksiviGzf4hULiq4ZHwKSm8Sh6jPCLYN5jGcfoxU,15.861
10.0,priced,-0.5432613076056635,48383051693.0,33794427144.0,Sheep,EMXiWX5q3XJeJwRbdz8YycX2tepdFmn88M8rfygedgcL,5UXNv4vtScjbLgGRk1Rekw5agfr7rM2QAi6piD5Rey5FBzkx7ksiviGzf4hULiq4ZHwKSm8Sh6jPCLYN5jGcfoxU,15.861
0.0,priced,-0.1750081059467374,33000000000.0,30947415173.0,Sheep,8LdYXLcpruwbeQeV4w5hAhEB7BVQq43CoSzD5xwhmRbJ,4WKGCyV5236P7dsCEFPHJ1Q465DqPTUxYgNokKWgdxtS55sExshtrEN4jEvt6uDS72PLgmKWZtiBTcfv1noFNbzm,1.885
0.5,priced,-0.4192759762879318,39316568768.0,30947415173.0,Sheep,8LdYXLcpruwbeQeV4w5hAhEB7BVQq43CoSzD5xwhmRbJ,4WKGCyV5236P7dsCEFPHJ1Q465DqPTUxYgNokKWgdxtS55sExshtrEN4jEvt6uDS72PLgmKWZtiBTcfv1noFNbzm,1.885
1.0,missed: wallet sold before our entry landed,,,,Sheep,8LdYXLcpruwbeQeV4w5hAhEB7BVQq43CoSzD5xwhmRbJ,4WKGCyV5236P7dsCEFPHJ1Q465DqPTUxYgNokKWgdxtS55sExshtrEN4jEvt6uDS72PLgmKWZtiBTcfv1noFNbzm,1.885
2.0,missed: wallet sold before our entry landed,,,,Sheep,8LdYXLcpruwbeQeV4w5hAhEB7BVQq43CoSzD5xwhmRbJ,4WKGCyV5236P7dsCEFPHJ1Q465DqPTUxYgNokKWgdxtS55sExshtrEN4jEvt6uDS72PLgmKWZtiBTcfv1noFNbzm,1.885
3.0,missed: wallet sold before our entry landed,,,,Sheep,8LdYXLcpruwbeQeV4w5hAhEB7BVQq43CoSzD5xwhmRbJ,4WKGCyV5236P7dsCEFPHJ1Q465DqPTUxYgNokKWgdxtS55sExshtrEN4jEvt6uDS72PLgmKWZtiBTcfv1noFNbzm,1.885
5.0,missed: wallet sold before our entry landed,,,,Sheep,8LdYXLcpruwbeQeV4w5hAhEB7BVQq43CoSzD5xwhmRbJ,4WKGCyV5236P7dsCEFPHJ1Q465DqPTUxYgNokKWgdxtS55sExshtrEN4jEvt6uDS72PLgmKWZtiBTcfv1noFNbzm,1.885
10.0,missed: wallet sold before our entry landed,,,,Sheep,8LdYXLcpruwbeQeV4w5hAhEB7BVQq43CoSzD5xwhmRbJ,4WKGCyV5236P7dsCEFPHJ1Q465DqPTUxYgNokKWgdxtS55sExshtrEN4jEvt6uDS72PLgmKWZtiBTcfv1noFNbzm,1.885
0.0,priced,-0.07470667739589298,41632558514.0,41272438621.0,Sheep,84ZXiWBk8KW9c3r9Ch27hhK2sWhnm5RYFJArXjjqMbvo,W8438m6vrL4QZA9ospJrtEWfmeDm4b7FJWgUfRmvHMna7yMJ1grZUGH5TfpjxFreBjy4VkpzLMBQYiYLfm1LSPP,8.029
0.5,priced,-0.20350239705426454,41876621551.0,38534335965.0,Sheep,84ZXiWBk8KW9c3r9Ch27hhK2sWhnm5RYFJArXjjqMbvo,W8438m6vrL4QZA9ospJrtEWfmeDm4b7FJWgUfRmvHMna7yMJ1grZUGH5TfpjxFreBjy4VkpzLMBQYiYLfm1LSPP,8.029
1.0,priced,-0.22199590617201412,42370448710.0,38534335965.0,Sheep,84ZXiWBk8KW9c3r9Ch27hhK2sWhnm5RYFJArXjjqMbvo,W8438m6vrL4QZA9ospJrtEWfmeDm4b7FJWgUfRmvHMna7yMJ1grZUGH5TfpjxFreBjy4VkpzLMBQYiYLfm1LSPP,8.029
2.0,priced,-0.22199590617201412,42370448710.0,38534335965.0,Sheep,84ZXiWBk8KW9c3r9Ch27hhK2sWhnm5RYFJArXjjqMbvo,W8438m6vrL4QZA9ospJrtEWfmeDm4b7FJWgUfRmvHMna7yMJ1grZUGH5TfpjxFreBjy4VkpzLMBQYiYLfm1LSPP,8.029
3.0,priced,-0.36642019253641295,42875979572.0,35218892504.0,Sheep,84ZXiWBk8KW9c3r9Ch27hhK2sWhnm5RYFJArXjjqMbvo,W8438m6vrL4QZA9ospJrtEWfmeDm4b7FJWgUfRmvHMna7yMJ1grZUGH5TfpjxFreBjy4VkpzLMBQYiYLfm1LSPP,8.029
5.0,priced,-0.3250836429634943,42953843144.0,36404077688.0,Sheep,84ZXiWBk8KW9c3r9Ch27hhK2sWhnm5RYFJArXjjqMbvo,W8438m6vrL4QZA9ospJrtEWfmeDm4b7FJWgUfRmvHMna7yMJ1grZUGH5TfpjxFreBjy4VkpzLMBQYiYLfm1LSPP,8.029
10.0,priced,-0.3400744845427643,42953843144.0,36001350778.0,Sheep,84ZXiWBk8KW9c3r9Ch27hhK2sWhnm5RYFJArXjjqMbvo,W8438m6vrL4QZA9ospJrtEWfmeDm4b7FJWgUfRmvHMna7yMJ1grZUGH5TfpjxFreBjy4VkpzLMBQYiYLfm1LSPP,8.029
0.0,priced,0.22343859554047368,33000000000.0,37655927145.0,Sheep,DYp5UvHfSbxhP2GeHkrSCrCFkdBWL542n15kBLXzqfKL,24V9wq8kZwxvQWDP4UYmm7NS364im32rbJi8QJqbwyHHZND29FyVHefzNMWqTuhccfsTGakGNtZby4h2xFLZ3dN7,4.362
0.5,priced,-0.11056254152291631,38721288994.0,37655927145.0,Sheep,DYp5UvHfSbxhP2GeHkrSCrCFkdBWL542n15kBLXzqfKL,24V9wq8kZwxvQWDP4UYmm7NS364im32rbJi8QJqbwyHHZND29FyVHefzNMWqTuhccfsTGakGNtZby4h2xFLZ3dN7,4.362
1.0,priced,-0.18420252629792058,38761690316.0,36110719615.0,Sheep,DYp5UvHfSbxhP2GeHkrSCrCFkdBWL542n15kBLXzqfKL,24V9wq8kZwxvQWDP4UYmm7NS364im32rbJi8QJqbwyHHZND29FyVHefzNMWqTuhccfsTGakGNtZby4h2xFLZ3dN7,4.362
2.0,priced,-0.17974830954474366,38761690316.0,36208497392.0,Sheep,DYp5UvHfSbxhP2GeHkrSCrCFkdBWL542n15kBLXzqfKL,24V9wq8kZwxvQWDP4UYmm7NS364im32rbJi8QJqbwyHHZND29FyVHefzNMWqTuhccfsTGakGNtZby4h2xFLZ3dN7,4.362
3.0,priced,-0.17974830954474366,38761690316.0,36208497392.0,Sheep,DYp5UvHfSbxhP2GeHkrSCrCFkdBWL542n15kBLXzqfKL,24V9wq8kZwxvQWDP4UYmm7NS364im32rbJi8QJqbwyHHZND29FyVHefzNMWqTuhccfsTGakGNtZby4h2xFLZ3dN7,4.362
5.0,priced,-0.17974830954474366,38761690316.0,36208497392.0,Sheep,DYp5UvHfSbxhP2GeHkrSCrCFkdBWL542n15kBLXzqfKL,24V9wq8kZwxvQWDP4UYmm7NS364im32rbJi8QJqbwyHHZND29FyVHefzNMWqTuhccfsTGakGNtZby4h2xFLZ3dN7,4.362
10.0,missed: wallet sold before our entry landed,,,,Sheep,DYp5UvHfSbxhP2GeHkrSCrCFkdBWL542n15kBLXzqfKL,24V9wq8kZwxvQWDP4UYmm7NS364im32rbJi8QJqbwyHHZND29FyVHefzNMWqTuhccfsTGakGNtZby4h2xFLZ3dN7,4.362
0.0,priced,0.16010608507479857,33000000000.0,36670827624.0,Sheep,HHwSsfzKJNfChGz11Xor1KKWTPW8y8RDvC7qbHtNBX34,5UZ8EjEJ1fAh26tBYwLJQ16bUw9KZXa98XV529LdBBvf67i2XHPb9GSuybBeNnpvyCe6Yf5tXKAz3d6XU3V9Ejcn,4.176
0.5,priced,-0.20161777502212155,38828194322.0,35786805180.0,Sheep,HHwSsfzKJNfChGz11Xor1KKWTPW8y8RDvC7qbHtNBX34,5UZ8EjEJ1fAh26tBYwLJQ16bUw9KZXa98XV529LdBBvf67i2XHPb9GSuybBeNnpvyCe6Yf5tXKAz3d6XU3V9Ejcn,4.176
1.0,priced,-0.20161777502212155,38828194322.0,35786805180.0,Sheep,HHwSsfzKJNfChGz11Xor1KKWTPW8y8RDvC7qbHtNBX34,5UZ8EjEJ1fAh26tBYwLJQ16bUw9KZXa98XV529LdBBvf67i2XHPb9GSuybBeNnpvyCe6Yf5tXKAz3d6XU3V9Ejcn,4.176
2.0,priced,-0.20161777502212155,38828194322.0,35786805180.0,Sheep,HHwSsfzKJNfChGz11Xor1KKWTPW8y8RDvC7qbHtNBX34,5UZ8EjEJ1fAh26tBYwLJQ16bUw9KZXa98XV529LdBBvf67i2XHPb9GSuybBeNnpvyCe6Yf5tXKAz3d6XU3V9Ejcn,4.176
3.0,priced,-0.20161777502212155,38828194322.0,35786805180.0,Sheep,HHwSsfzKJNfChGz11Xor1KKWTPW8y8RDvC7qbHtNBX34,5UZ8EjEJ1fAh26tBYwLJQ16bUw9KZXa98XV529LdBBvf67i2XHPb9GSuybBeNnpvyCe6Yf5tXKAz3d6XU3V9Ejcn,4.176
5.0,priced,-0.20161777502212155,38828194322.0,35786805180.0,Sheep,HHwSsfzKJNfChGz11Xor1KKWTPW8y8RDvC7qbHtNBX34,5UZ8EjEJ1fAh26tBYwLJQ16bUw9KZXa98XV529LdBBvf67i2XHPb9GSuybBeNnpvyCe6Yf5tXKAz3d6XU3V9Ejcn,4.176
10.0,missed: wallet sold before our entry landed,,,,Sheep,HHwSsfzKJNfChGz11Xor1KKWTPW8y8RDvC7qbHtNBX34,5UZ8EjEJ1fAh26tBYwLJQ16bUw9KZXa98XV529LdBBvf67i2XHPb9GSuybBeNnpvyCe6Yf5tXKAz3d6XU3V9Ejcn,4.176
0.0,priced,0.30676493341299793,33000000000.0,38914509409.0,Sheep,Cy1ZrJJbYrnRSiqCG7r59Q2pr8izVbxPSe2X5LF8H9v5,2DwKB2TuyXPae4S8WZ9ejQmwxQPVRTe1x79T9gj2KD54piYGB2RYoTWPSyLnY8cEnh2dj2Mgyptbb99FbWFAyJiA,4.281
0.5,priced,-0.007305387152331591,37838500713.0,38869113267.0,Sheep,Cy1ZrJJbYrnRSiqCG7r59Q2pr8izVbxPSe2X5LF8H9v5,2DwKB2TuyXPae4S8WZ9ejQmwxQPVRTe1x79T9gj2KD54piYGB2RYoTWPSyLnY8cEnh2dj2Mgyptbb99FbWFAyJiA,4.281
1.0,priced,-0.0012805071381689313,37838500713.0,38986333358.0,Sheep,Cy1ZrJJbYrnRSiqCG7r59Q2pr8izVbxPSe2X5LF8H9v5,2DwKB2TuyXPae4S8WZ9ejQmwxQPVRTe1x79T9gj2KD54piYGB2RYoTWPSyLnY8cEnh2dj2Mgyptbb99FbWFAyJiA,4.281
2.0,priced,0.011495131094777823,37838500713.0,39233748937.0,Sheep,Cy1ZrJJbYrnRSiqCG7r59Q2pr8izVbxPSe2X5LF8H9v5,2DwKB2TuyXPae4S8WZ9ejQmwxQPVRTe1x79T9gj2KD54piYGB2RYoTWPSyLnY8cEnh2dj2Mgyptbb99FbWFAyJiA,4.281
3.0,priced,-0.043864585761035205,37838500713.0,38150171054.0,Sheep,Cy1ZrJJbYrnRSiqCG7r59Q2pr8izVbxPSe2X5LF8H9v5,2DwKB2TuyXPae4S8WZ9ejQmwxQPVRTe1x79T9gj2KD54piYGB2RYoTWPSyLnY8cEnh2dj2Mgyptbb99FbWFAyJiA,4.281
5.0,priced,-0.06612070982901311,37838500713.0,37705854791.0,Sheep,Cy1ZrJJbYrnRSiqCG7r59Q2pr8izVbxPSe2X5LF8H9v5,2DwKB2TuyXPae4S8WZ9ejQmwxQPVRTe1x79T9gj2KD54piYGB2RYoTWPSyLnY8cEnh2dj2Mgyptbb99FbWFAyJiA,4.281
10.0,priced,-0.16626593476226986,41352722932.0,38928077013.0,Sheep,Cy1ZrJJbYrnRSiqCG7r59Q2pr8izVbxPSe2X5LF8H9v5,2DwKB2TuyXPae4S8WZ9ejQmwxQPVRTe1x79T9gj2KD54piYGB2RYoTWPSyLnY8cEnh2dj2Mgyptbb99FbWFAyJiA,4.281
0.0,priced,0.3867250489341931,33000000000.0,40085575050.0,Sheep,3qS2un9uVW9E72hdaYX3C3MnbxaQUkQ8NzE6YjxxGh47,uf2E6UbBw9DhBaqSLQ5cQw8xKJwpxTHPpxqsLiRdzxAWYN2grVjWJTR6282pi1c43jWVEo7yU2juN4AkMA8nzLW,1.761
0.5,priced,-0.4062508434860065,47738271603.0,37953651498.0,Sheep,3qS2un9uVW9E72hdaYX3C3MnbxaQUkQ8NzE6YjxxGh47,uf2E6UbBw9DhBaqSLQ5cQw8xKJwpxTHPpxqsLiRdzxAWYN2grVjWJTR6282pi1c43jWVEo7yU2juN4AkMA8nzLW,1.761
1.0,missed: wallet sold before our entry landed,,,,Sheep,3qS2un9uVW9E72hdaYX3C3MnbxaQUkQ8NzE6YjxxGh47,uf2E6UbBw9DhBaqSLQ5cQw8xKJwpxTHPpxqsLiRdzxAWYN2grVjWJTR6282pi1c43jWVEo7yU2juN4AkMA8nzLW,1.761
2.0,missed: wallet sold before our entry landed,,,,Sheep,3qS2un9uVW9E72hdaYX3C3MnbxaQUkQ8NzE6YjxxGh47,uf2E6UbBw9DhBaqSLQ5cQw8xKJwpxTHPpxqsLiRdzxAWYN2grVjWJTR6282pi1c43jWVEo7yU2juN4AkMA8nzLW,1.761
3.0,missed: wallet sold before our entry landed,,,,Sheep,3qS2un9uVW9E72hdaYX3C3MnbxaQUkQ8NzE6YjxxGh47,uf2E6UbBw9DhBaqSLQ5cQw8xKJwpxTHPpxqsLiRdzxAWYN2grVjWJTR6282pi1c43jWVEo7yU2juN4AkMA8nzLW,1.761
5.0,missed: wallet sold before our entry landed,,,,Sheep,3qS2un9uVW9E72hdaYX3C3MnbxaQUkQ8NzE6YjxxGh47,uf2E6UbBw9DhBaqSLQ5cQw8xKJwpxTHPpxqsLiRdzxAWYN2grVjWJTR6282pi1c43jWVEo7yU2juN4AkMA8nzLW,1.761
10.0,missed: wallet sold before our entry landed,,,,Sheep,3qS2un9uVW9E72hdaYX3C3MnbxaQUkQ8NzE6YjxxGh47,uf2E6UbBw9DhBaqSLQ5cQw8xKJwpxTHPpxqsLiRdzxAWYN2grVjWJTR6282pi1c43jWVEo7yU2juN4AkMA8nzLW,1.761
0.0,priced,0.10726311877565431,33000000000.0,35828423585.0,Sheep,7c6uEA1TBQgaJKYWHc9kjuKFqKErgG3MJW52dMgBxpHy,aXjArnNoSnhMnsdFd65LjM3n1swW9xSwGQgw9eAwsnyEfj45R9sPpiUEbgu3aQhr1ySgXA3szSPLyAc1yyeYE5V,4.244
0.5,priced,-0.17301848241131842,38196049381.0,35828423585.0,Sheep,7c6uEA1TBQgaJKYWHc9kjuKFqKErgG3MJW52dMgBxpHy,aXjArnNoSnhMnsdFd65LjM3n1swW9xSwGQgw9eAwsnyEfj45R9sPpiUEbgu3aQhr1ySgXA3szSPLyAc1yyeYE5V,4.244
1.0,priced,-0.21517367678821112,39223015843.0,35842520458.0,Sheep,7c6uEA1TBQgaJKYWHc9kjuKFqKErgG3MJW52dMgBxpHy,aXjArnNoSnhMnsdFd65LjM3n1swW9xSwGQgw9eAwsnyEfj45R9sPpiUEbgu3aQhr1ySgXA3szSPLyAc1yyeYE5V,4.244
2.0,priced,-0.21513193942253292,39221974368.0,35842520458.0,Sheep,7c6uEA1TBQgaJKYWHc9kjuKFqKErgG3MJW52dMgBxpHy,aXjArnNoSnhMnsdFd65LjM3n1swW9xSwGQgw9eAwsnyEfj45R9sPpiUEbgu3aQhr1ySgXA3szSPLyAc1yyeYE5V,4.244
3.0,priced,-0.2171318891017176,39271971712.0,35842520458.0,Sheep,7c6uEA1TBQgaJKYWHc9kjuKFqKErgG3MJW52dMgBxpHy,aXjArnNoSnhMnsdFd65LjM3n1swW9xSwGQgw9eAwsnyEfj45R9sPpiUEbgu3aQhr1ySgXA3szSPLyAc1yyeYE5V,4.244
5.0,priced,-0.20305327156044806,39271971712.0,36161042402.0,Sheep,7c6uEA1TBQgaJKYWHc9kjuKFqKErgG3MJW52dMgBxpHy,aXjArnNoSnhMnsdFd65LjM3n1swW9xSwGQgw9eAwsnyEfj45R9sPpiUEbgu3aQhr1ySgXA3szSPLyAc1yyeYE5V,4.244
10.0,priced,-0.18133145566405331,38854440157.0,36259807833.0,Sheep,7c6uEA1TBQgaJKYWHc9kjuKFqKErgG3MJW52dMgBxpHy,aXjArnNoSnhMnsdFd65LjM3n1swW9xSwGQgw9eAwsnyEfj45R9sPpiUEbgu3aQhr1ySgXA3szSPLyAc1yyeYE5V,4.244
0.0,priced,0.27881889035302493,33000000000.0,38496933200.0,Sheep,DwQTU4D12UrepibASoG6VqByt4KtujRYnznCfrg9qpbd,59StDyZBpugnF6cZTNYijfuGaC5mH2MAETzGDiWNEUBc3FDnArtYYPtcw2t3bEgJzFDcL5LFwVypFjGfDNUNivc,4.257
0.5,priced,-0.02433429846137333,37800000000.0,38496933200.0,Sheep,DwQTU4D12UrepibASoG6VqByt4KtujRYnznCfrg9qpbd,59StDyZBpugnF6cZTNYijfuGaC5mH2MAETzGDiWNEUBc3FDnArtYYPtcw2t3bEgJzFDcL5LFwVypFjGfDNUNivc,4.257
1.0,priced,-0.1391992553565588,40244521326.0,38496933200.0,Sheep,DwQTU4D12UrepibASoG6VqByt4KtujRYnznCfrg9qpbd,59StDyZBpugnF6cZTNYijfuGaC5mH2MAETzGDiWNEUBc3FDnArtYYPtcw2t3bEgJzFDcL5LFwVypFjGfDNUNivc,4.257
2.0,priced,-0.1399103216435834,40261146142.0,38496933200.0,Sheep,DwQTU4D12UrepibASoG6VqByt4KtujRYnznCfrg9qpbd,59StDyZBpugnF6cZTNYijfuGaC5mH2MAETzGDiWNEUBc3FDnArtYYPtcw2t3bEgJzFDcL5LFwVypFjGfDNUNivc,4.257
3.0,priced,-0.13804821795325506,40261146142.0,38538319344.0,Sheep,DwQTU4D12UrepibASoG6VqByt4KtujRYnznCfrg9qpbd,59StDyZBpugnF6cZTNYijfuGaC5mH2MAETzGDiWNEUBc3FDnArtYYPtcw2t3bEgJzFDcL5LFwVypFjGfDNUNivc,4.257
5.0,priced,-0.13804821795325506,40261146142.0,38538319344.0,Sheep,DwQTU4D12UrepibASoG6VqByt4KtujRYnznCfrg9qpbd,59StDyZBpugnF6cZTNYijfuGaC5mH2MAETzGDiWNEUBc3FDnArtYYPtcw2t3bEgJzFDcL5LFwVypFjGfDNUNivc,4.257
10.0,priced,-0.29496620291731085,42039210468.0,36412162460.0,Sheep,DwQTU4D12UrepibASoG6VqByt4KtujRYnznCfrg9qpbd,59StDyZBpugnF6cZTNYijfuGaC5mH2MAETzGDiWNEUBc3FDnArtYYPtcw2t3bEgJzFDcL5LFwVypFjGfDNUNivc,4.257
0.0,priced,-0.12432079065751958,44023505588.0,42450303788.0,Sheep,9urVnEqQPCEHarBgdZCNKGc8Xan242zNB24ckEQVx2pk,5cNmAEwgiGCdjUtajLLoUZRYN6z6S7zHaobDwgAm3ExQPV7tyDRJumuwxLR56Rfa9JXNox9rdGmyo7pK2xUv212q,96.904
0.5,priced,-0.3590289873362458,48072888298.0,39692806549.0,Sheep,9urVnEqQPCEHarBgdZCNKGc8Xan242zNB24ckEQVx2pk,5cNmAEwgiGCdjUtajLLoUZRYN6z6S7zHaobDwgAm3ExQPV7tyDRJumuwxLR56Rfa9JXNox9rdGmyo7pK2xUv212q,96.904
1.0,priced,-0.42866886340023136,50484313598.0,39370893834.0,Sheep,9urVnEqQPCEHarBgdZCNKGc8Xan242zNB24ckEQVx2pk,5cNmAEwgiGCdjUtajLLoUZRYN6z6S7zHaobDwgAm3ExQPV7tyDRJumuwxLR56Rfa9JXNox9rdGmyo7pK2xUv212q,96.904
2.0,priced,-0.44823787527700437,50484313598.0,38698994663.0,Sheep,9urVnEqQPCEHarBgdZCNKGc8Xan242zNB24ckEQVx2pk,5cNmAEwgiGCdjUtajLLoUZRYN6z6S7zHaobDwgAm3ExQPV7tyDRJumuwxLR56Rfa9JXNox9rdGmyo7pK2xUv212q,96.904
3.0,priced,-0.40494095239798644,50484313598.0,40170599600.0,Sheep,9urVnEqQPCEHarBgdZCNKGc8Xan242zNB24ckEQVx2pk,5cNmAEwgiGCdjUtajLLoUZRYN6z6S7zHaobDwgAm3ExQPV7tyDRJumuwxLR56Rfa9JXNox9rdGmyo7pK2xUv212q,96.904
5.0,priced,-0.4117842093630841,50484313598.0,39941593886.0,Sheep,9urVnEqQPCEHarBgdZCNKGc8Xan242zNB24ckEQVx2pk,5cNmAEwgiGCdjUtajLLoUZRYN6z6S7zHaobDwgAm3ExQPV7tyDRJumuwxLR56Rfa9JXNox9rdGmyo7pK2xUv212q,96.904
10.0,priced,-0.32478046448725223,48533138488.0,41117039988.0,Sheep,9urVnEqQPCEHarBgdZCNKGc8Xan242zNB24ckEQVx2pk,5cNmAEwgiGCdjUtajLLoUZRYN6z6S7zHaobDwgAm3ExQPV7tyDRJumuwxLR56Rfa9JXNox9rdGmyo7pK2xUv212q,96.904
0.0,priced,0.5080522687713568,33000000000.0,41800680776.0,Sheep,7Lu2TH33GmSHJycxBhR16WhJaDnkWp1jxtEnaF78zs1b,5TZzTbApY6sVTx2BYcoAeea8SMfmrmdnXGGGaKKzoCLyoSoEANLKtCNBn1GmmdDo8edekwob928D11ECEe7HH4oj,6.182
0.5,priced,0.09111335482986807,38828194322.0,41800680776.0,Sheep,7Lu2TH33GmSHJycxBhR16WhJaDnkWp1jxtEnaF78zs1b,5TZzTbApY6sVTx2BYcoAeea8SMfmrmdnXGGGaKKzoCLyoSoEANLKtCNBn1GmmdDo8edekwob928D11ECEe7HH4oj,6.182
1.0,priced,0.02075163076496458,40241369631.0,41898458553.0,Sheep,7Lu2TH33GmSHJycxBhR16WhJaDnkWp1jxtEnaF78zs1b,5TZzTbApY6sVTx2BYcoAeea8SMfmrmdnXGGGaKKzoCLyoSoEANLKtCNBn1GmmdDo8edekwob928D11ECEe7HH4oj,6.182
2.0,priced,0.02075163076496458,40241369631.0,41898458553.0,Sheep,7Lu2TH33GmSHJycxBhR16WhJaDnkWp1jxtEnaF78zs1b,5TZzTbApY6sVTx2BYcoAeea8SMfmrmdnXGGGaKKzoCLyoSoEANLKtCNBn1GmmdDo8edekwob928D11ECEe7HH4oj,6.182
3.0,priced,-0.06131471873229802,40241369631.0,40187411846.0,Sheep,7Lu2TH33GmSHJycxBhR16WhJaDnkWp1jxtEnaF78zs1b,5TZzTbApY6sVTx2BYcoAeea8SMfmrmdnXGGGaKKzoCLyoSoEANLKtCNBn1GmmdDo8edekwob928D11ECEe7HH4oj,6.182
5.0,priced,-0.06131471873229802,40241369631.0,40187411846.0,Sheep,7Lu2TH33GmSHJycxBhR16WhJaDnkWp1jxtEnaF78zs1b,5TZzTbApY6sVTx2BYcoAeea8SMfmrmdnXGGGaKKzoCLyoSoEANLKtCNBn1GmmdDo8edekwob928D11ECEe7HH4oj,6.182
10.0,priced,-0.17491886407148194,42072772640.0,39397411847.0,Sheep,7Lu2TH33GmSHJycxBhR16WhJaDnkWp1jxtEnaF78zs1b,5TZzTbApY6sVTx2BYcoAeea8SMfmrmdnXGGGaKKzoCLyoSoEANLKtCNBn1GmmdDo8edekwob928D11ECEe7HH4oj,6.182
0.0,priced,-0.1226798675387305,54167873182.0,52227636515.0,Sheep,A12bnxyxbs23jGHzbtNhVwFx14rzJQnw8bBGu1GY2tus,2oFSDAqMtFBT8aG9yWKJxXe9G5s62fWkG79bpKC5XPT3bxSEzMhMf7SMZw8nzTA3PUvCx1rUZCC3ntHq8HMDpuf7,40.686
0.5,priced,-0.14893167463219428,56159642725.0,53329198072.0,Sheep,A12bnxyxbs23jGHzbtNhVwFx14rzJQnw8bBGu1GY2tus,2oFSDAqMtFBT8aG9yWKJxXe9G5s62fWkG79bpKC5XPT3bxSEzMhMf7SMZw8nzTA3PUvCx1rUZCC3ntHq8HMDpuf7,40.686
1.0,priced,-0.16518935595759404,56653469884.0,53283648416.0,Sheep,A12bnxyxbs23jGHzbtNhVwFx14rzJQnw8bBGu1GY2tus,2oFSDAqMtFBT8aG9yWKJxXe9G5s62fWkG79bpKC5XPT3bxSEzMhMf7SMZw8nzTA3PUvCx1rUZCC3ntHq8HMDpuf7,40.686
2.0,priced,-0.1992470301802063,57094008379.0,52597990282.0,Sheep,A12bnxyxbs23jGHzbtNhVwFx14rzJQnw8bBGu1GY2tus,2oFSDAqMtFBT8aG9yWKJxXe9G5s62fWkG79bpKC5XPT3bxSEzMhMf7SMZw8nzTA3PUvCx1rUZCC3ntHq8HMDpuf7,40.686
3.0,priced,-0.19084824288030827,56829591214.0,52627081319.0,Sheep,A12bnxyxbs23jGHzbtNhVwFx14rzJQnw8bBGu1GY2tus,2oFSDAqMtFBT8aG9yWKJxXe9G5s62fWkG79bpKC5XPT3bxSEzMhMf7SMZw8nzTA3PUvCx1rUZCC3ntHq8HMDpuf7,40.686
5.0,priced,-0.2273618487614038,58435814657.0,52883375569.0,Sheep,A12bnxyxbs23jGHzbtNhVwFx14rzJQnw8bBGu1GY2tus,2oFSDAqMtFBT8aG9yWKJxXe9G5s62fWkG79bpKC5XPT3bxSEzMhMf7SMZw8nzTA3PUvCx1rUZCC3ntHq8HMDpuf7,40.686
10.0,priced,-0.19432405810210027,59369658426.0,54852348688.0,Sheep,A12bnxyxbs23jGHzbtNhVwFx14rzJQnw8bBGu1GY2tus,2oFSDAqMtFBT8aG9yWKJxXe9G5s62fWkG79bpKC5XPT3bxSEzMhMf7SMZw8nzTA3PUvCx1rUZCC3ntHq8HMDpuf7,40.686
0.0,priced,-0.01600094801779604,33934048430.0,34731942486.0,Sheep,9MWpEePgSjwZJzc2ubHqd76zSVq6Zc3AabvsCKrMpump,3c6dZaQ1HTuvaNzfoNaDGcaTP1FQ2s9mBpQC6EwJfj6WkCkMqYA9i3TcSH5XWQpVeDMFd5wgjF9BPVGUdwmJKHqA,106.176
0.5,priced,-0.2685298921658648,36618530055.0,32327170407.0,Sheep,9MWpEePgSjwZJzc2ubHqd76zSVq6Zc3AabvsCKrMpump,3c6dZaQ1HTuvaNzfoNaDGcaTP1FQ2s9mBpQC6EwJfj6WkCkMqYA9i3TcSH5XWQpVeDMFd5wgjF9BPVGUdwmJKHqA,106.176
1.0,priced,-0.2593130347600659,36390342428.0,32327170407.0,Sheep,9MWpEePgSjwZJzc2ubHqd76zSVq6Zc3AabvsCKrMpump,3c6dZaQ1HTuvaNzfoNaDGcaTP1FQ2s9mBpQC6EwJfj6WkCkMqYA9i3TcSH5XWQpVeDMFd5wgjF9BPVGUdwmJKHqA,106.176
2.0,priced,-0.2593130347600659,36390342428.0,32327170407.0,Sheep,9MWpEePgSjwZJzc2ubHqd76zSVq6Zc3AabvsCKrMpump,3c6dZaQ1HTuvaNzfoNaDGcaTP1FQ2s9mBpQC6EwJfj6WkCkMqYA9i3TcSH5XWQpVeDMFd5wgjF9BPVGUdwmJKHqA,106.176
3.0,priced,-0.3267565376952949,36390342428.0,30832547350.0,Sheep,9MWpEePgSjwZJzc2ubHqd76zSVq6Zc3AabvsCKrMpump,3c6dZaQ1HTuvaNzfoNaDGcaTP1FQ2s9mBpQC6EwJfj6WkCkMqYA9i3TcSH5XWQpVeDMFd5wgjF9BPVGUdwmJKHqA,106.176
5.0,priced,-0.31140039243853274,35816272004.0,30690287000.0,Sheep,9MWpEePgSjwZJzc2ubHqd76zSVq6Zc3AabvsCKrMpump,3c6dZaQ1HTuvaNzfoNaDGcaTP1FQ2s9mBpQC6EwJfj6WkCkMqYA9i3TcSH5XWQpVeDMFd5wgjF9BPVGUdwmJKHqA,106.176
10.0,priced,-0.31140039243853274,35816272004.0,30690287000.0,Sheep,9MWpEePgSjwZJzc2ubHqd76zSVq6Zc3AabvsCKrMpump,3c6dZaQ1HTuvaNzfoNaDGcaTP1FQ2s9mBpQC6EwJfj6WkCkMqYA9i3TcSH5XWQpVeDMFd5wgjF9BPVGUdwmJKHqA,106.176
0.0,priced,-0.03588345321791446,47879841338.0,48408645490.0,Kadenox,BpuuWH2cTv3vHoUShdHk4xNnvUWexMgiok43wLw9moMt,cgcwY7phgTHyMHq5oMRbEqDaq7DzdZaVhgqv1RyF61bQA9FdDA2PKQuQntRd4kB86eXtddaxMPxEff6959zLi8a,26.699
0.5,priced,-0.31048728098122313,54404085787.0,46548145078.0,Kadenox,BpuuWH2cTv3vHoUShdHk4xNnvUWexMgiok43wLw9moMt,cgcwY7phgTHyMHq5oMRbEqDaq7DzdZaVhgqv1RyF61bQA9FdDA2PKQuQntRd4kB86eXtddaxMPxEff6959zLi8a,26.699
1.0,priced,-0.31653874550171207,53662651386.0,45716408328.0,Kadenox,BpuuWH2cTv3vHoUShdHk4xNnvUWexMgiok43wLw9moMt,cgcwY7phgTHyMHq5oMRbEqDaq7DzdZaVhgqv1RyF61bQA9FdDA2PKQuQntRd4kB86eXtddaxMPxEff6959zLi8a,26.699
2.0,priced,-0.30006057990476204,52484446864.0,45247631772.0,Kadenox,BpuuWH2cTv3vHoUShdHk4xNnvUWexMgiok43wLw9moMt,cgcwY7phgTHyMHq5oMRbEqDaq7DzdZaVhgqv1RyF61bQA9FdDA2PKQuQntRd4kB86eXtddaxMPxEff6959zLi8a,26.699
3.0,priced,-0.3017234843918195,52484446864.0,45194352428.0,Kadenox,BpuuWH2cTv3vHoUShdHk4xNnvUWexMgiok43wLw9moMt,cgcwY7phgTHyMHq5oMRbEqDaq7DzdZaVhgqv1RyF61bQA9FdDA2PKQuQntRd4kB86eXtddaxMPxEff6959zLi8a,26.699
5.0,priced,-0.26658617934073364,51196262205.0,45175583726.0,Kadenox,BpuuWH2cTv3vHoUShdHk4xNnvUWexMgiok43wLw9moMt,cgcwY7phgTHyMHq5oMRbEqDaq7DzdZaVhgqv1RyF61bQA9FdDA2PKQuQntRd4kB86eXtddaxMPxEff6959zLi8a,26.699
10.0,priced,-0.2844304950057215,52196743267.0,45495730338.0,Kadenox,BpuuWH2cTv3vHoUShdHk4xNnvUWexMgiok43wLw9moMt,cgcwY7phgTHyMHq5oMRbEqDaq7DzdZaVhgqv1RyF61bQA9FdDA2PKQuQntRd4kB86eXtddaxMPxEff6959zLi8a,26.699
0.0,priced,0.056859357386130925,33000000000.0,35006249444.0,Sheep,7rJUHj2581tVNL1nTqZyqPrckzhTXPJuhUBP3c7bcjEF,5o1y5er5GLFHDM4DS5ThwuZN6yN78FB6fbr4nmH6YKTuCvhWpQNStdo2KHWzW7wimaUHbTCP2rqopSj9YYMYVQ4D,4.257
0.5,priced,-0.17111336408373046,37800000000.0,35499763457.0,Sheep,7rJUHj2581tVNL1nTqZyqPrckzhTXPJuhUBP3c7bcjEF,5o1y5er5GLFHDM4DS5ThwuZN6yN78FB6fbr4nmH6YKTuCvhWpQNStdo2KHWzW7wimaUHbTCP2rqopSj9YYMYVQ4D,4.257
1.0,priced,-0.20782024668183113,38665199909.0,35499763457.0,Sheep,7rJUHj2581tVNL1nTqZyqPrckzhTXPJuhUBP3c7bcjEF,5o1y5er5GLFHDM4DS5ThwuZN6yN78FB6fbr4nmH6YKTuCvhWpQNStdo2KHWzW7wimaUHbTCP2rqopSj9YYMYVQ4D,4.257
2.0,priced,-0.21267231065435493,38784017416.0,35499763457.0,Sheep,7rJUHj2581tVNL1nTqZyqPrckzhTXPJuhUBP3c7bcjEF,5o1y5er5GLFHDM4DS5ThwuZN6yN78FB6fbr4nmH6YKTuCvhWpQNStdo2KHWzW7wimaUHbTCP2rqopSj9YYMYVQ4D,4.257
3.0,priced,-0.213760804400177,38810821618.0,35499763457.0,Sheep,7rJUHj2581tVNL1nTqZyqPrckzhTXPJuhUBP3c7bcjEF,5o1y5er5GLFHDM4DS5ThwuZN6yN78FB6fbr4nmH6YKTuCvhWpQNStdo2KHWzW7wimaUHbTCP2rqopSj9YYMYVQ4D,4.257
5.0,priced,-0.37743870604761603,42412303096.0,34538820962.0,Sheep,7rJUHj2581tVNL1nTqZyqPrckzhTXPJuhUBP3c7bcjEF,5o1y5er5GLFHDM4DS5ThwuZN6yN78FB6fbr4nmH6YKTuCvhWpQNStdo2KHWzW7wimaUHbTCP2rqopSj9YYMYVQ4D,4.257
10.0,priced,-0.04341961640149045,41519207915.0,41846973298.0,Sheep,7rJUHj2581tVNL1nTqZyqPrckzhTXPJuhUBP3c7bcjEF,5o1y5er5GLFHDM4DS5ThwuZN6yN78FB6fbr4nmH6YKTuCvhWpQNStdo2KHWzW7wimaUHbTCP2rqopSj9YYMYVQ4D,4.257
0.0,priced,0.46041730975801015,33000000000.0,41135715176.0,Sheep,4hU4XLXgaHR4usxM4qCYZefGofu3zE5a1df6Vd5yY3gm,Ka6hYBfJuovE95J71vykvMDYf5NFXnG3j9pPqRMnzoDTY8a4pDBaNEExSH967x4U7ejNckyTdrkp6d49VExSQnU,4.454
0.5,priced,0.056486172545678136,38829184042.0,41135797151.0,Sheep,4hU4XLXgaHR4usxM4qCYZefGofu3zE5a1df6Vd5yY3gm,Ka6hYBfJuovE95J71vykvMDYf5NFXnG3j9pPqRMnzoDTY8a4pDBaNEExSH967x4U7ejNckyTdrkp6d49VExSQnU,4.454
1.0,priced,0.05903503998462701,38829184042.0,41185179866.0,Sheep,4hU4XLXgaHR4usxM4qCYZefGofu3zE5a1df6Vd5yY3gm,Ka6hYBfJuovE95J71vykvMDYf5NFXnG3j9pPqRMnzoDTY8a4pDBaNEExSH967x4U7ejNckyTdrkp6d49VExSQnU,4.454
2.0,priced,0.05903077128027224,38829193918.0,41185107619.0,Sheep,4hU4XLXgaHR4usxM4qCYZefGofu3zE5a1df6Vd5yY3gm,Ka6hYBfJuovE95J71vykvMDYf5NFXnG3j9pPqRMnzoDTY8a4pDBaNEExSH967x4U7ejNckyTdrkp6d49VExSQnU,4.454
3.0,priced,-0.02448504262324035,38849723220.0,39556041569.0,Sheep,4hU4XLXgaHR4usxM4qCYZefGofu3zE5a1df6Vd5yY3gm,Ka6hYBfJuovE95J71vykvMDYf5NFXnG3j9pPqRMnzoDTY8a4pDBaNEExSH967x4U7ejNckyTdrkp6d49VExSQnU,4.454
5.0,priced,-0.054283823690532806,38849723220.0,38950301334.0,Sheep,4hU4XLXgaHR4usxM4qCYZefGofu3zE5a1df6Vd5yY3gm,Ka6hYBfJuovE95J71vykvMDYf5NFXnG3j9pPqRMnzoDTY8a4pDBaNEExSH967x4U7ejNckyTdrkp6d49VExSQnU,4.454
10.0,priced,-0.16054379623099066,38871915644.0,36730627768.0,Sheep,4hU4XLXgaHR4usxM4qCYZefGofu3zE5a1df6Vd5yY3gm,Ka6hYBfJuovE95J71vykvMDYf5NFXnG3j9pPqRMnzoDTY8a4pDBaNEExSH967x4U7ejNckyTdrkp6d49VExSQnU,4.454
0.0,priced,-0.19879341577947723,33000000000.0,30500866827.0,Sheep,4JRd3p91UxvRwsC3wkN8wbLyfRSEUcnrqpYpspuk8mag,5PfmEsBzF2NWyV2rLn1NABiTXucfM5YB66zGxesvNUFTvXKAsEF3NRqHxJk7EeBMxjxJASwEPHHAzry7aqT82agz,1.764
0.5,priced,-0.5295983345687763,44862951107.0,31804544279.0,Sheep,4JRd3p91UxvRwsC3wkN8wbLyfRSEUcnrqpYpspuk8mag,5PfmEsBzF2NWyV2rLn1NABiTXucfM5YB66zGxesvNUFTvXKAsEF3NRqHxJk7EeBMxjxJASwEPHHAzry7aqT82agz,1.764
1.0,priced,-0.5405248118856059,44862951107.0,31438551586.0,Sheep,4JRd3p91UxvRwsC3wkN8wbLyfRSEUcnrqpYpspuk8mag,5PfmEsBzF2NWyV2rLn1NABiTXucfM5YB66zGxesvNUFTvXKAsEF3NRqHxJk7EeBMxjxJASwEPHHAzry7aqT82agz,1.764
2.0,missed: wallet sold before our entry landed,,,,Sheep,4JRd3p91UxvRwsC3wkN8wbLyfRSEUcnrqpYpspuk8mag,5PfmEsBzF2NWyV2rLn1NABiTXucfM5YB66zGxesvNUFTvXKAsEF3NRqHxJk7EeBMxjxJASwEPHHAzry7aqT82agz,1.764
3.0,missed: wallet sold before our entry landed,,,,Sheep,4JRd3p91UxvRwsC3wkN8wbLyfRSEUcnrqpYpspuk8mag,5PfmEsBzF2NWyV2rLn1NABiTXucfM5YB66zGxesvNUFTvXKAsEF3NRqHxJk7EeBMxjxJASwEPHHAzry7aqT82agz,1.764
5.0,missed: wallet sold before our entry landed,,,,Sheep,4JRd3p91UxvRwsC3wkN8wbLyfRSEUcnrqpYpspuk8mag,5PfmEsBzF2NWyV2rLn1NABiTXucfM5YB66zGxesvNUFTvXKAsEF3NRqHxJk7EeBMxjxJASwEPHHAzry7aqT82agz,1.764
10.0,missed: wallet sold before our entry landed,,,,Sheep,4JRd3p91UxvRwsC3wkN8wbLyfRSEUcnrqpYpspuk8mag,5PfmEsBzF2NWyV2rLn1NABiTXucfM5YB66zGxesvNUFTvXKAsEF3NRqHxJk7EeBMxjxJASwEPHHAzry7aqT82agz,1.764
0.0,priced,0.08199123230479241,41497418166.0,44469315891.0,Sheep,6eqXxCd5hkzowyPggCznHPnyrxwMiGRhKSkgawpypump,2BNapTYvx6EcVPe31PyQPfxuPH1KPF4Ub8hfEK4L3PT9kA5t1ByyaY9eDvobVLyV7AmkmQAabYYwR7zVm8465z7N,16.183
0.5,priced,-0.29051754240617433,46534455197.0,40410460853.0,Sheep,6eqXxCd5hkzowyPggCznHPnyrxwMiGRhKSkgawpypump,2BNapTYvx6EcVPe31PyQPfxuPH1KPF4Ub8hfEK4L3PT9kA5t1ByyaY9eDvobVLyV7AmkmQAabYYwR7zVm8465z7N,16.183
1.0,priced,-0.2632544227020868,46734252526.0,41348732457.0,Sheep,6eqXxCd5hkzowyPggCznHPnyrxwMiGRhKSkgawpypump,2BNapTYvx6EcVPe31PyQPfxuPH1KPF4Ub8hfEK4L3PT9kA5t1ByyaY9eDvobVLyV7AmkmQAabYYwR7zVm8465z7N,16.183
2.0,priced,-0.23690776734685243,46687047628.0,42033176901.0,Sheep,6eqXxCd5hkzowyPggCznHPnyrxwMiGRhKSkgawpypump,2BNapTYvx6EcVPe31PyQPfxuPH1KPF4Ub8hfEK4L3PT9kA5t1ByyaY9eDvobVLyV7AmkmQAabYYwR7zVm8465z7N,16.183
3.0,priced,-0.24905821208311404,46687047628.0,41699920532.0,Sheep,6eqXxCd5hkzowyPggCznHPnyrxwMiGRhKSkgawpypump,2BNapTYvx6EcVPe31PyQPfxuPH1KPF4Ub8hfEK4L3PT9kA5t1ByyaY9eDvobVLyV7AmkmQAabYYwR7zVm8465z7N,16.183
5.0,priced,-0.24155923200373114,46456416563.0,41699920532.0,Sheep,6eqXxCd5hkzowyPggCznHPnyrxwMiGRhKSkgawpypump,2BNapTYvx6EcVPe31PyQPfxuPH1KPF4Ub8hfEK4L3PT9kA5t1ByyaY9eDvobVLyV7AmkmQAabYYwR7zVm8465z7N,16.183
10.0,priced,-0.2513993495304358,46295428604.0,41287880868.0,Sheep,6eqXxCd5hkzowyPggCznHPnyrxwMiGRhKSkgawpypump,2BNapTYvx6EcVPe31PyQPfxuPH1KPF4Ub8hfEK4L3PT9kA5t1ByyaY9eDvobVLyV7AmkmQAabYYwR7zVm8465z7N,16.183
0.0,priced,-0.4387032487731229,40719303356.0,31511057839.0,Sheep,B9rLsYmLEerhxACpkdFA6G47R1ZxXQs7uBDXdamCrNTw,Nwamx8qNFY3xz4KWNw9p2pafBCJUUHmwsYFSHhbF9nBXFJw2z6LEPFGb8PkCyVnQA5XbDTPbTq9ripHVs7Ho5mG,240.085
0.5,priced,-0.43866799949074553,40719303356.0,31512035616.0,Sheep,B9rLsYmLEerhxACpkdFA6G47R1ZxXQs7uBDXdamCrNTw,Nwamx8qNFY3xz4KWNw9p2pafBCJUUHmwsYFSHhbF9nBXFJw2z6LEPFGb8PkCyVnQA5XbDTPbTq9ripHVs7Ho5mG,240.085
1.0,priced,-0.3662749184213275,40904946895.0,33612035616.0,Sheep,B9rLsYmLEerhxACpkdFA6G47R1ZxXQs7uBDXdamCrNTw,Nwamx8qNFY3xz4KWNw9p2pafBCJUUHmwsYFSHhbF9nBXFJw2z6LEPFGb8PkCyVnQA5XbDTPbTq9ripHVs7Ho5mG,240.085
2.0,priced,-0.3662749184213275,40904946895.0,33612035616.0,Sheep,B9rLsYmLEerhxACpkdFA6G47R1ZxXQs7uBDXdamCrNTw,Nwamx8qNFY3xz4KWNw9p2pafBCJUUHmwsYFSHhbF9nBXFJw2z6LEPFGb8PkCyVnQA5XbDTPbTq9ripHVs7Ho5mG,240.085
3.0,priced,-0.3662749184213275,40904946895.0,33612035616.0,Sheep,B9rLsYmLEerhxACpkdFA6G47R1ZxXQs7uBDXdamCrNTw,Nwamx8qNFY3xz4KWNw9p2pafBCJUUHmwsYFSHhbF9nBXFJw2z6LEPFGb8PkCyVnQA5XbDTPbTq9ripHVs7Ho5mG,240.085
5.0,priced,-0.3662749184213275,40904946895.0,33612035616.0,Sheep,B9rLsYmLEerhxACpkdFA6G47R1ZxXQs7uBDXdamCrNTw,Nwamx8qNFY3xz4KWNw9p2pafBCJUUHmwsYFSHhbF9nBXFJw2z6LEPFGb8PkCyVnQA5XbDTPbTq9ripHVs7Ho5mG,240.085
10.0,priced,-0.3662749184213275,40904946895.0,33612035616.0,Sheep,B9rLsYmLEerhxACpkdFA6G47R1ZxXQs7uBDXdamCrNTw,Nwamx8qNFY3xz4KWNw9p2pafBCJUUHmwsYFSHhbF9nBXFJw2z6LEPFGb8PkCyVnQA5XbDTPbTq9ripHVs7Ho5mG,240.085
0.0,priced,0.37841817596792054,33000000000.0,39965492171.0,Sheep,B9rLsYmLEerhxACpkdFA6G47R1ZxXQs7uBDXdamCrNTw,2ntKk8mpavHQztd6NU6jHBRF9kMpzXGU2BMyVez87YDQxn8n2kZGXensPc9qQbiYDF3JFvFKNTYDaHbUS7qLLP8z,4.153
0.5,priced,-0.10891885237186216,41073049836.0,39965492171.0,Sheep,B9rLsYmLEerhxACpkdFA6G47R1ZxXQs7uBDXdamCrNTw,2ntKk8mpavHQztd6NU6jHBRF9kMpzXGU2BMyVez87YDQxn8n2kZGXensPc9qQbiYDF3JFvFKNTYDaHbUS7qLLP8z,4.153
1.0,priced,-0.10891885237186216,41073049836.0,39965492171.0,Sheep,B9rLsYmLEerhxACpkdFA6G47R1ZxXQs7uBDXdamCrNTw,2ntKk8mpavHQztd6NU6jHBRF9kMpzXGU2BMyVez87YDQxn8n2kZGXensPc9qQbiYDF3JFvFKNTYDaHbUS7qLLP8z,4.153
2.0,priced,-0.141964767028963,41856101953.0,39965492171.0,Sheep,B9rLsYmLEerhxACpkdFA6G47R1ZxXQs7uBDXdamCrNTw,2ntKk8mpavHQztd6NU6jHBRF9kMpzXGU2BMyVez87YDQxn8n2kZGXensPc9qQbiYDF3JFvFKNTYDaHbUS7qLLP8z,4.153
3.0,priced,-0.14196476706987607,41856101955.0,39965492171.0,Sheep,B9rLsYmLEerhxACpkdFA6G47R1ZxXQs7uBDXdamCrNTw,2ntKk8mpavHQztd6NU6jHBRF9kMpzXGU2BMyVez87YDQxn8n2kZGXensPc9qQbiYDF3JFvFKNTYDaHbUS7qLLP8z,4.153
5.0,priced,-0.14196521824634828,41856101955.0,39965481732.0,Sheep,B9rLsYmLEerhxACpkdFA6G47R1ZxXQs7uBDXdamCrNTw,2ntKk8mpavHQztd6NU6jHBRF9kMpzXGU2BMyVez87YDQxn8n2kZGXensPc9qQbiYDF3JFvFKNTYDaHbUS7qLLP8z,4.153
10.0,priced,0.11049207442262315,38870039755.0,42213964164.0,Sheep,B9rLsYmLEerhxACpkdFA6G47R1ZxXQs7uBDXdamCrNTw,2ntKk8mpavHQztd6NU6jHBRF9kMpzXGU2BMyVez87YDQxn8n2kZGXensPc9qQbiYDF3JFvFKNTYDaHbUS7qLLP8z,4.153
0.0,priced,-0.1216210922385968,48706150335.0,47012946483.0,Sheep,Hx1AoMykzJ9eqECAb6edMDoAGznrRHiSUN3F5HUCLqkQ,3bfSNLmKomj3CPu27zMZAu8X7m5vSsBAENPv3FgCAW9G6o1ri376ahCX7dAKC4sjUQk6pMZoDvhBTghGEitrBZhw,130.253
0.5,priced,-0.2977762424136975,50286397246.0,43430891512.0,Sheep,Hx1AoMykzJ9eqECAb6edMDoAGznrRHiSUN3F5HUCLqkQ,3bfSNLmKomj3CPu27zMZAu8X7m5vSsBAENPv3FgCAW9G6o1ri376ahCX7dAKC4sjUQk6pMZoDvhBTghGEitrBZhw,130.253
1.0,priced,-0.34225128683651007,51941548500.0,43424047175.0,Sheep,Hx1AoMykzJ9eqECAb6edMDoAGznrRHiSUN3F5HUCLqkQ,3bfSNLmKomj3CPu27zMZAu8X7m5vSsBAENPv3FgCAW9G6o1ri376ahCX7dAKC4sjUQk6pMZoDvhBTghGEitrBZhw,130.253
2.0,priced,-0.34084589409325255,51855879861.0,43398559324.0,Sheep,Hx1AoMykzJ9eqECAb6edMDoAGznrRHiSUN3F5HUCLqkQ,3bfSNLmKomj3CPu27zMZAu8X7m5vSsBAENPv3FgCAW9G6o1ri376ahCX7dAKC4sjUQk6pMZoDvhBTghGEitrBZhw,130.253
3.0,priced,-0.31967897315789007,51855879861.0,44083003769.0,Sheep,Hx1AoMykzJ9eqECAb6edMDoAGznrRHiSUN3F5HUCLqkQ,3bfSNLmKomj3CPu27zMZAu8X7m5vSsBAENPv3FgCAW9G6o1ri376ahCX7dAKC4sjUQk6pMZoDvhBTghGEitrBZhw,130.253
5.0,priced,-0.32339915068188657,51877831188.0,43982006609.0,Sheep,Hx1AoMykzJ9eqECAb6edMDoAGznrRHiSUN3F5HUCLqkQ,3bfSNLmKomj3CPu27zMZAu8X7m5vSsBAENPv3FgCAW9G6o1ri376ahCX7dAKC4sjUQk6pMZoDvhBTghGEitrBZhw,130.253
10.0,priced,-0.3281360970934333,51342249128.0,43378747624.0,Sheep,Hx1AoMykzJ9eqECAb6edMDoAGznrRHiSUN3F5HUCLqkQ,3bfSNLmKomj3CPu27zMZAu8X7m5vSsBAENPv3FgCAW9G6o1ri376ahCX7dAKC4sjUQk6pMZoDvhBTghGEitrBZhw,130.253
0.0,priced,0.6273886081911755,33000000000.0,43422486354.0,Sheep,6ZUUE2GEhbzFBjdsHMA8KkD2xRk8EjEqKVQaX2hEmUdG,3wWFtYWEwxCysP2m8aRsDdF8tshbHU6gHXTwtoMgwVKAQ8g63fcNXmVxZAzy7gmvbfhpJZp5tccWmeTkhUgAyjpG,4.118
0.5,priced,0.24243922126931688,37800000000.0,43422486354.0,Sheep,6ZUUE2GEhbzFBjdsHMA8KkD2xRk8EjEqKVQaX2hEmUdG,3wWFtYWEwxCysP2m8aRsDdF8tshbHU6gHXTwtoMgwVKAQ8g63fcNXmVxZAzy7gmvbfhpJZp5tccWmeTkhUgAyjpG,4.118
1.0,priced,0.041391001369097236,41298205429.0,43422486354.0,Sheep,6ZUUE2GEhbzFBjdsHMA8KkD2xRk8EjEqKVQaX2hEmUdG,3wWFtYWEwxCysP2m8aRsDdF8tshbHU6gHXTwtoMgwVKAQ8g63fcNXmVxZAzy7gmvbfhpJZp5tccWmeTkhUgAyjpG,4.118
2.0,priced,0.06771271257551933,40728075068.0,43362121287.0,Sheep,6ZUUE2GEhbzFBjdsHMA8KkD2xRk8EjEqKVQaX2hEmUdG,3wWFtYWEwxCysP2m8aRsDdF8tshbHU6gHXTwtoMgwVKAQ8g63fcNXmVxZAzy7gmvbfhpJZp5tccWmeTkhUgAyjpG,4.118
3.0,priced,0.06771271257551933,40728075068.0,43362121287.0,Sheep,6ZUUE2GEhbzFBjdsHMA8KkD2xRk8EjEqKVQaX2hEmUdG,3wWFtYWEwxCysP2m8aRsDdF8tshbHU6gHXTwtoMgwVKAQ8g63fcNXmVxZAzy7gmvbfhpJZp5tccWmeTkhUgAyjpG,4.118
5.0,priced,0.028455023803255555,40731916755.0,42565028057.0,Sheep,6ZUUE2GEhbzFBjdsHMA8KkD2xRk8EjEqKVQaX2hEmUdG,3wWFtYWEwxCysP2m8aRsDdF8tshbHU6gHXTwtoMgwVKAQ8g63fcNXmVxZAzy7gmvbfhpJZp5tccWmeTkhUgAyjpG,4.118
10.0,priced,0.07443943187266969,37902902176.0,40499214390.0,Sheep,6ZUUE2GEhbzFBjdsHMA8KkD2xRk8EjEqKVQaX2hEmUdG,3wWFtYWEwxCysP2m8aRsDdF8tshbHU6gHXTwtoMgwVKAQ8g63fcNXmVxZAzy7gmvbfhpJZp5tccWmeTkhUgAyjpG,4.118
0.0,priced,-0.12225003343951046,33000000000.0,31915835551.0,Sheep,HVqN36aEjxeH5aGB8hG7KCgAb9Yyf3y9ND6P387LYpFX,39hxND9Fok6PMwBPHGaSWjWh2CaqCFVP7MkKgo6hpy3c81MXjJwwyESR4M6LswJwwjqBvRcYURvGsHUdvG5wTQxk,4.042
0.5,priced,-0.32416995897171996,37800000000.0,32080446990.0,Sheep,HVqN36aEjxeH5aGB8hG7KCgAb9Yyf3y9ND6P387LYpFX,39hxND9Fok6PMwBPHGaSWjWh2CaqCFVP7MkKgo6hpy3c81MXjJwwyESR4M6LswJwwjqBvRcYURvGsHUdvG5wTQxk,4.042
1.0,priced,-0.360456072719653,38676643205.0,31935103600.0,Sheep,HVqN36aEjxeH5aGB8hG7KCgAb9Yyf3y9ND6P387LYpFX,39hxND9Fok6PMwBPHGaSWjWh2CaqCFVP7MkKgo6hpy3c81MXjJwwyESR4M6LswJwwjqBvRcYURvGsHUdvG5wTQxk,4.042
2.0,missed: wallet sold before our entry landed,,,,Sheep,HVqN36aEjxeH5aGB8hG7KCgAb9Yyf3y9ND6P387LYpFX,39hxND9Fok6PMwBPHGaSWjWh2CaqCFVP7MkKgo6hpy3c81MXjJwwyESR4M6LswJwwjqBvRcYURvGsHUdvG5wTQxk,4.042
3.0,missed: wallet sold before our entry landed,,,,Sheep,HVqN36aEjxeH5aGB8hG7KCgAb9Yyf3y9ND6P387LYpFX,39hxND9Fok6PMwBPHGaSWjWh2CaqCFVP7MkKgo6hpy3c81MXjJwwyESR4M6LswJwwjqBvRcYURvGsHUdvG5wTQxk,4.042
5.0,missed: wallet sold before our entry landed,,,,Sheep,HVqN36aEjxeH5aGB8hG7KCgAb9Yyf3y9ND6P387LYpFX,39hxND9Fok6PMwBPHGaSWjWh2CaqCFVP7MkKgo6hpy3c81MXjJwwyESR4M6LswJwwjqBvRcYURvGsHUdvG5wTQxk,4.042
10.0,missed: wallet sold before our entry landed,,,,Sheep,HVqN36aEjxeH5aGB8hG7KCgAb9Yyf3y9ND6P387LYpFX,39hxND9Fok6PMwBPHGaSWjWh2CaqCFVP7MkKgo6hpy3c81MXjJwwyESR4M6LswJwwjqBvRcYURvGsHUdvG5wTQxk,4.042
0.0,priced,-0.19417192604114783,33000000000.0,30588136301.0,Sheep,GPqHMS4rJStgSAuqTybkoPBGWdUVuBH4tFgJqVjaWJ54,24k8mVENaaBhSH5WtChtXCTKwAyLsJRAHRpuRCPpJDhxoo1fvZxHdFU6nYFc86w3jk7YXEKPELSHgNtzJj2bmHAc,1.829
0.5,priced,-0.5525660709057703,43787654320.0,30289911369.0,Sheep,GPqHMS4rJStgSAuqTybkoPBGWdUVuBH4tFgJqVjaWJ54,24k8mVENaaBhSH5WtChtXCTKwAyLsJRAHRpuRCPpJDhxoo1fvZxHdFU6nYFc86w3jk7YXEKPELSHgNtzJj2bmHAc,1.829
1.0,priced,-0.5397469077895379,44007177111.0,30867317788.0,Sheep,GPqHMS4rJStgSAuqTybkoPBGWdUVuBH4tFgJqVjaWJ54,24k8mVENaaBhSH5WtChtXCTKwAyLsJRAHRpuRCPpJDhxoo1fvZxHdFU6nYFc86w3jk7YXEKPELSHgNtzJj2bmHAc,1.829
2.0,missed: wallet sold before our entry landed,,,,Sheep,GPqHMS4rJStgSAuqTybkoPBGWdUVuBH4tFgJqVjaWJ54,24k8mVENaaBhSH5WtChtXCTKwAyLsJRAHRpuRCPpJDhxoo1fvZxHdFU6nYFc86w3jk7YXEKPELSHgNtzJj2bmHAc,1.829
3.0,missed: wallet sold before our entry landed,,,,Sheep,GPqHMS4rJStgSAuqTybkoPBGWdUVuBH4tFgJqVjaWJ54,24k8mVENaaBhSH5WtChtXCTKwAyLsJRAHRpuRCPpJDhxoo1fvZxHdFU6nYFc86w3jk7YXEKPELSHgNtzJj2bmHAc,1.829
5.0,missed: wallet sold before our entry landed,,,,Sheep,GPqHMS4rJStgSAuqTybkoPBGWdUVuBH4tFgJqVjaWJ54,24k8mVENaaBhSH5WtChtXCTKwAyLsJRAHRpuRCPpJDhxoo1fvZxHdFU6nYFc86w3jk7YXEKPELSHgNtzJj2bmHAc,1.829
10.0,missed: wallet sold before our entry landed,,,,Sheep,GPqHMS4rJStgSAuqTybkoPBGWdUVuBH4tFgJqVjaWJ54,24k8mVENaaBhSH5WtChtXCTKwAyLsJRAHRpuRCPpJDhxoo1fvZxHdFU6nYFc86w3jk7YXEKPELSHgNtzJj2bmHAc,1.829
0.0,priced,0.59841596807583,62188135668.0,80775972054.0,Sheep,G9ea5qV7djbj3hLkN1V1a3wuByQjbELdvS6fbk9Cpump,26oVTnFBWhW4ahssb8Rm61Qg5hnU3U4JV2Vee7aHD5c6hbQAayZskvCdMZZGXroWksH9QxJUFTLnXP4dAFiSmV9s,39.058
0.5,priced,0.5958200806643751,62188135668.0,80710514805.0,Sheep,G9ea5qV7djbj3hLkN1V1a3wuByQjbELdvS6fbk9Cpump,26oVTnFBWhW4ahssb8Rm61Qg5hnU3U4JV2Vee7aHD5c6hbQAayZskvCdMZZGXroWksH9QxJUFTLnXP4dAFiSmV9s,39.058
1.0,priced,0.5958200806643751,62188135668.0,80710514805.0,Sheep,G9ea5qV7djbj3hLkN1V1a3wuByQjbELdvS6fbk9Cpump,26oVTnFBWhW4ahssb8Rm61Qg5hnU3U4JV2Vee7aHD5c6hbQAayZskvCdMZZGXroWksH9QxJUFTLnXP4dAFiSmV9s,39.058
2.0,priced,0.5958453773113036,62187641767.0,80710514805.0,Sheep,G9ea5qV7djbj3hLkN1V1a3wuByQjbELdvS6fbk9Cpump,26oVTnFBWhW4ahssb8Rm61Qg5hnU3U4JV2Vee7aHD5c6hbQAayZskvCdMZZGXroWksH9QxJUFTLnXP4dAFiSmV9s,39.058
3.0,priced,0.3510496745824499,63425807199.0,75753780139.0,Sheep,G9ea5qV7djbj3hLkN1V1a3wuByQjbELdvS6fbk9Cpump,26oVTnFBWhW4ahssb8Rm61Qg5hnU3U4JV2Vee7aHD5c6hbQAayZskvCdMZZGXroWksH9QxJUFTLnXP4dAFiSmV9s,39.058
5.0,priced,0.29047493639670036,63424855473.0,74041377207.0,Sheep,G9ea5qV7djbj3hLkN1V1a3wuByQjbELdvS6fbk9Cpump,26oVTnFBWhW4ahssb8Rm61Qg5hnU3U4JV2Vee7aHD5c6hbQAayZskvCdMZZGXroWksH9QxJUFTLnXP4dAFiSmV9s,39.058
10.0,priced,0.36893262945224736,63401303346.0,76222364002.0,Sheep,G9ea5qV7djbj3hLkN1V1a3wuByQjbELdvS6fbk9Cpump,26oVTnFBWhW4ahssb8Rm61Qg5hnU3U4JV2Vee7aHD5c6hbQAayZskvCdMZZGXroWksH9QxJUFTLnXP4dAFiSmV9s,39.058
0.0,priced,-0.061317805039826034,56979404157.0,56802089329.0,Sheep,G9ea5qV7djbj3hLkN1V1a3wuByQjbELdvS6fbk9Cpump,NWjm8nRuwhhs72TrPzGAvSrQ2H3RLrU3kWC5WtNbMFcSruN1B7J8nqpbk6qesCAYVoo9SCpYB8Ku9tLCKnVarYK,12.273
0.5,priced,-0.06597221516287839,57120896377.0,56802089329.0,Sheep,G9ea5qV7djbj3hLkN1V1a3wuByQjbELdvS6fbk9Cpump,NWjm8nRuwhhs72TrPzGAvSrQ2H3RLrU3kWC5WtNbMFcSruN1B7J8nqpbk6qesCAYVoo9SCpYB8Ku9tLCKnVarYK,12.273
1.0,priced,-0.06597221516287839,57120896377.0,56802089329.0,Sheep,G9ea5qV7djbj3hLkN1V1a3wuByQjbELdvS6fbk9Cpump,NWjm8nRuwhhs72TrPzGAvSrQ2H3RLrU3kWC5WtNbMFcSruN1B7J8nqpbk6qesCAYVoo9SCpYB8Ku9tLCKnVarYK,12.273
2.0,priced,-0.013769322393369794,55591274669.0,56802089329.0,Sheep,G9ea5qV7djbj3hLkN1V1a3wuByQjbELdvS6fbk9Cpump,NWjm8nRuwhhs72TrPzGAvSrQ2H3RLrU3kWC5WtNbMFcSruN1B7J8nqpbk6qesCAYVoo9SCpYB8Ku9tLCKnVarYK,12.273
3.0,priced,-0.013752617567760587,55590804533.0,56802089329.0,Sheep,G9ea5qV7djbj3hLkN1V1a3wuByQjbELdvS6fbk9Cpump,NWjm8nRuwhhs72TrPzGAvSrQ2H3RLrU3kWC5WtNbMFcSruN1B7J8nqpbk6qesCAYVoo9SCpYB8Ku9tLCKnVarYK,12.273
5.0,priced,-0.04791010308105528,56577573954.0,56802089329.0,Sheep,G9ea5qV7djbj3hLkN1V1a3wuByQjbELdvS6fbk9Cpump,NWjm8nRuwhhs72TrPzGAvSrQ2H3RLrU3kWC5WtNbMFcSruN1B7J8nqpbk6qesCAYVoo9SCpYB8Ku9tLCKnVarYK,12.273
10.0,priced,-0.07904717502694822,57524035713.0,56802089329.0,Sheep,G9ea5qV7djbj3hLkN1V1a3wuByQjbELdvS6fbk9Cpump,NWjm8nRuwhhs72TrPzGAvSrQ2H3RLrU3kWC5WtNbMFcSruN1B7J8nqpbk6qesCAYVoo9SCpYB8Ku9tLCKnVarYK,12.273
0.0,priced,-0.05047734490425933,32790698980.0,32979465986.0,Sheep,3no6AQTjqybSNPxoQa37NP2YjWvqjR62KAwzyjAcmEXg,3GG8nSDycqLtEr4mjgzaPaxB4cBFzmH4wK9fJK9CcunJMxBUYtYPVNkvcSZNTcrJxTr4bivH5odUjno3VDq5TGae,15.978
0.5,priced,-0.2949026197957691,36296871818.0,31466688520.0,Sheep,3no6AQTjqybSNPxoQa37NP2YjWvqjR62KAwzyjAcmEXg,3GG8nSDycqLtEr4mjgzaPaxB4cBFzmH4wK9fJK9CcunJMxBUYtYPVNkvcSZNTcrJxTr4bivH5odUjno3VDq5TGae,15.978
1.0,priced,-0.2853766409627994,36612607805.0,31950599556.0,Sheep,3no6AQTjqybSNPxoQa37NP2YjWvqjR62KAwzyjAcmEXg,3GG8nSDycqLtEr4mjgzaPaxB4cBFzmH4wK9fJK9CcunJMxBUYtYPVNkvcSZNTcrJxTr4bivH5odUjno3VDq5TGae,15.978
2.0,priced,-0.2843416719482013,36612607805.0,31973538030.0,Sheep,3no6AQTjqybSNPxoQa37NP2YjWvqjR62KAwzyjAcmEXg,3GG8nSDycqLtEr4mjgzaPaxB4cBFzmH4wK9fJK9CcunJMxBUYtYPVNkvcSZNTcrJxTr4bivH5odUjno3VDq5TGae,15.978
3.0,priced,-0.26188196379923223,36612607805.0,32467365189.0,Sheep,3no6AQTjqybSNPxoQa37NP2YjWvqjR62KAwzyjAcmEXg,3GG8nSDycqLtEr4mjgzaPaxB4cBFzmH4wK9fJK9CcunJMxBUYtYPVNkvcSZNTcrJxTr4bivH5odUjno3VDq5TGae,15.978
5.0,priced,-0.30390176339547575,36612607805.0,31537221786.0,Sheep,3no6AQTjqybSNPxoQa37NP2YjWvqjR62KAwzyjAcmEXg,3GG8nSDycqLtEr4mjgzaPaxB4cBFzmH4wK9fJK9CcunJMxBUYtYPVNkvcSZNTcrJxTr4bivH5odUjno3VDq5TGae,15.978
10.0,priced,-0.19978116233863952,36612607805.0,33795574383.0,Sheep,3no6AQTjqybSNPxoQa37NP2YjWvqjR62KAwzyjAcmEXg,3GG8nSDycqLtEr4mjgzaPaxB4cBFzmH4wK9fJK9CcunJMxBUYtYPVNkvcSZNTcrJxTr4bivH5odUjno3VDq5TGae,15.978
0.0,priced,0.5307195137168024,33000000000.0,42113470420.0,Sheep,Ez5C1SS4Arq1HXsE8ETtbMN1bvM9BNRRnhp87iaYf6a1,tzUk5eiNWneHVQBJgJGAe6eqCxcGYtf2sJXnHBFZFTxLhbBQRxWLsAv8QYPRE432k33Z3GDDt7HGsdmA9Y9YkD6,4.494
0.5,priced,0.25282911340856384,37800000000.0,43603178211.0,Sheep,Ez5C1SS4Arq1HXsE8ETtbMN1bvM9BNRRnhp87iaYf6a1,tzUk5eiNWneHVQBJgJGAe6eqCxcGYtf2sJXnHBFZFTxLhbBQRxWLsAv8QYPRE432k33Z3GDDt7HGsdmA9Y9YkD6,4.494
1.0,priced,0.1353757359715588,40246266639.0,44183872753.0,Sheep,Ez5C1SS4Arq1HXsE8ETtbMN1bvM9BNRRnhp87iaYf6a1,tzUk5eiNWneHVQBJgJGAe6eqCxcGYtf2sJXnHBFZFTxLhbBQRxWLsAv8QYPRE432k33Z3GDDt7HGsdmA9Y9YkD6,4.494
2.0,priced,0.1080237044133916,40246266639.0,43650447084.0,Sheep,Ez5C1SS4Arq1HXsE8ETtbMN1bvM9BNRRnhp87iaYf6a1,tzUk5eiNWneHVQBJgJGAe6eqCxcGYtf2sJXnHBFZFTxLhbBQRxWLsAv8QYPRE432k33Z3GDDt7HGsdmA9Y9YkD6,4.494
3.0,priced,-0.0931847496136664,43847748117.0,43022195344.0,Sheep,Ez5C1SS4Arq1HXsE8ETtbMN1bvM9BNRRnhp87iaYf6a1,tzUk5eiNWneHVQBJgJGAe6eqCxcGYtf2sJXnHBFZFTxLhbBQRxWLsAv8QYPRE432k33Z3GDDt7HGsdmA9Y9YkD6,4.494
5.0,priced,-0.0877815810512445,43847748117.0,43149405218.0,Sheep,Ez5C1SS4Arq1HXsE8ETtbMN1bvM9BNRRnhp87iaYf6a1,tzUk5eiNWneHVQBJgJGAe6eqCxcGYtf2sJXnHBFZFTxLhbBQRxWLsAv8QYPRE432k33Z3GDDt7HGsdmA9Y9YkD6,4.494
10.0,priced,-0.14147651176350523,47263303669.0,45111900089.0,Sheep,Ez5C1SS4Arq1HXsE8ETtbMN1bvM9BNRRnhp87iaYf6a1,tzUk5eiNWneHVQBJgJGAe6eqCxcGYtf2sJXnHBFZFTxLhbBQRxWLsAv8QYPRE432k33Z3GDDt7HGsdmA9Y9YkD6,4.494
0.0,priced,0.4563129899439368,33000000000.0,41077923708.0,Sheep,BmvgdGhoP8kCG5wX14yZJrdzgq42itXTEPiSbRagtjfb,qMhPzSwt1Qze3uCHGSJ4L97TiAsMtBe4KyCUXtDszm1wKU8hKMTvPymuPphiA3cfqbfYKFi8Ta3P38DGQodDWDb,6.521
0.5,priced,0.10504309196255182,37910533046.0,41077923708.0,Sheep,BmvgdGhoP8kCG5wX14yZJrdzgq42itXTEPiSbRagtjfb,qMhPzSwt1Qze3uCHGSJ4L97TiAsMtBe4KyCUXtDszm1wKU8hKMTvPymuPphiA3cfqbfYKFi8Ta3P38DGQodDWDb,6.521
1.0,priced,-0.05734285027842903,38632048106.0,38671064558.0,Sheep,BmvgdGhoP8kCG5wX14yZJrdzgq42itXTEPiSbRagtjfb,qMhPzSwt1Qze3uCHGSJ4L97TiAsMtBe4KyCUXtDszm1wKU8hKMTvPymuPphiA3cfqbfYKFi8Ta3P38DGQodDWDb,6.521
2.0,priced,-0.05734285027842903,38632048106.0,38671064558.0,Sheep,BmvgdGhoP8kCG5wX14yZJrdzgq42itXTEPiSbRagtjfb,qMhPzSwt1Qze3uCHGSJ4L97TiAsMtBe4KyCUXtDszm1wKU8hKMTvPymuPphiA3cfqbfYKFi8Ta3P38DGQodDWDb,6.521
3.0,priced,-0.05734285027842903,38632048106.0,38671064558.0,Sheep,BmvgdGhoP8kCG5wX14yZJrdzgq42itXTEPiSbRagtjfb,qMhPzSwt1Qze3uCHGSJ4L97TiAsMtBe4KyCUXtDszm1wKU8hKMTvPymuPphiA3cfqbfYKFi8Ta3P38DGQodDWDb,6.521
5.0,priced,-0.2067347164645026,42272026181.0,38817731224.0,Sheep,BmvgdGhoP8kCG5wX14yZJrdzgq42itXTEPiSbRagtjfb,qMhPzSwt1Qze3uCHGSJ4L97TiAsMtBe4KyCUXtDszm1wKU8hKMTvPymuPphiA3cfqbfYKFi8Ta3P38DGQodDWDb,6.521
10.0,priced,-0.1951817545703876,41409658466.0,38304127100.0,Sheep,BmvgdGhoP8kCG5wX14yZJrdzgq42itXTEPiSbRagtjfb,qMhPzSwt1Qze3uCHGSJ4L97TiAsMtBe4KyCUXtDszm1wKU8hKMTvPymuPphiA3cfqbfYKFi8Ta3P38DGQodDWDb,6.521
0.0,priced,0.4753513457729692,33000000000.0,41345323597.0,Sheep,AbX3YW48cspfpNzndAMFzwy11yWnvmwQDohgdCdowmU7,5khJdg7yNk9XhS1BRC2EejJvFMooKDPAi5pHbU3XCfwG5UNxAhZ17gJ8mB1BLuiRGvU5b71hi7JTzt9KoHJi5H9h,6.753
0.5,priced,0.03663782059375977,39400862154.0,41345323597.0,Sheep,AbX3YW48cspfpNzndAMFzwy11yWnvmwQDohgdCdowmU7,5khJdg7yNk9XhS1BRC2EejJvFMooKDPAi5pHbU3XCfwG5UNxAhZ17gJ8mB1BLuiRGvU5b71hi7JTzt9KoHJi5H9h,6.753
1.0,priced,3.220912147331237e-05,40116558943.0,41345226097.0,Sheep,AbX3YW48cspfpNzndAMFzwy11yWnvmwQDohgdCdowmU7,5khJdg7yNk9XhS1BRC2EejJvFMooKDPAi5pHbU3XCfwG5UNxAhZ17gJ8mB1BLuiRGvU5b71hi7JTzt9KoHJi5H9h,6.753
2.0,priced,2.8322014517783572e-05,40116558943.0,41345146132.0,Sheep,AbX3YW48cspfpNzndAMFzwy11yWnvmwQDohgdCdowmU7,5khJdg7yNk9XhS1BRC2EejJvFMooKDPAi5pHbU3XCfwG5UNxAhZ17gJ8mB1BLuiRGvU5b71hi7JTzt9KoHJi5H9h,6.753
3.0,priced,-0.030732029304037452,40116558943.0,40707475085.0,Sheep,AbX3YW48cspfpNzndAMFzwy11yWnvmwQDohgdCdowmU7,5khJdg7yNk9XhS1BRC2EejJvFMooKDPAi5pHbU3XCfwG5UNxAhZ17gJ8mB1BLuiRGvU5b71hi7JTzt9KoHJi5H9h,6.753
5.0,priced,-0.03073537139428711,40116558943.0,40707405265.0,Sheep,AbX3YW48cspfpNzndAMFzwy11yWnvmwQDohgdCdowmU7,5khJdg7yNk9XhS1BRC2EejJvFMooKDPAi5pHbU3XCfwG5UNxAhZ17gJ8mB1BLuiRGvU5b71hi7JTzt9KoHJi5H9h,6.753
10.0,priced,-0.009098746233054877,37910533051.0,38907601297.0,Sheep,AbX3YW48cspfpNzndAMFzwy11yWnvmwQDohgdCdowmU7,5khJdg7yNk9XhS1BRC2EejJvFMooKDPAi5pHbU3XCfwG5UNxAhZ17gJ8mB1BLuiRGvU5b71hi7JTzt9KoHJi5H9h,6.753
0.0,priced,-0.18453339233078184,50714697757.0,47169364655.0,Sheep,8wN3aU7DFNrjyTFJc82A4g1195g5T9FvXvSSibLfpump,54Z95PXNEttri6BqU8zTonDG9x9ww7AUy97YH4aA4hQmAMxJGLaVa7Uo8dwYGQUgkLLiP2dBBrsS9eR9RUg9rUus,34.778
0.5,priced,-0.34412689584280703,55503257482.0,46323373965.0,Sheep,8wN3aU7DFNrjyTFJc82A4g1195g5T9FvXvSSibLfpump,54Z95PXNEttri6BqU8zTonDG9x9ww7AUy97YH4aA4hQmAMxJGLaVa7Uo8dwYGQUgkLLiP2dBBrsS9eR9RUg9rUus,34.778
1.0,priced,-0.3535855750929645,57048595709.0,47266960039.0,Sheep,8wN3aU7DFNrjyTFJc82A4g1195g5T9FvXvSSibLfpump,54Z95PXNEttri6BqU8zTonDG9x9ww7AUy97YH4aA4hQmAMxJGLaVa7Uo8dwYGQUgkLLiP2dBBrsS9eR9RUg9rUus,34.778
2.0,priced,-0.30343395729719175,57898491328.0,49775767509.0,Sheep,8wN3aU7DFNrjyTFJc82A4g1195g5T9FvXvSSibLfpump,54Z95PXNEttri6BqU8zTonDG9x9ww7AUy97YH4aA4hQmAMxJGLaVa7Uo8dwYGQUgkLLiP2dBBrsS9eR9RUg9rUus,34.778
3.0,priced,-0.30203778794502867,57898491328.0,49825150224.0,Sheep,8wN3aU7DFNrjyTFJc82A4g1195g5T9FvXvSSibLfpump,54Z95PXNEttri6BqU8zTonDG9x9ww7AUy97YH4aA4hQmAMxJGLaVa7Uo8dwYGQUgkLLiP2dBBrsS9eR9RUg9rUus,34.778
5.0,priced,-0.2958907664773004,57703401721.0,49874039112.0,Sheep,8wN3aU7DFNrjyTFJc82A4g1195g5T9FvXvSSibLfpump,54Z95PXNEttri6BqU8zTonDG9x9ww7AUy97YH4aA4hQmAMxJGLaVa7Uo8dwYGQUgkLLiP2dBBrsS9eR9RUg9rUus,34.778
10.0,priced,-0.32103709459396185,57637444506.0,48928173152.0,Sheep,8wN3aU7DFNrjyTFJc82A4g1195g5T9FvXvSSibLfpump,54Z95PXNEttri6BqU8zTonDG9x9ww7AUy97YH4aA4hQmAMxJGLaVa7Uo8dwYGQUgkLLiP2dBBrsS9eR9RUg9rUus,34.778
0.0,priced,0.5508065486919306,33000000000.0,42388753076.0,Sheep,7pYeZ7oGBPACKGMBVwVHc9TjrRWHyffN2gf4kjQXGDRu,KjJyGnyiXEAtNYA1XYRBd9URSRMetC6cFRtsiFi6f6mG5MDQuXetVesKTGvn6u6E8n3XuNhRQCyG51sV1H2fHyN,4.266
0.5,priced,0.10998821667837166,39040919993.0,42388753076.0,Sheep,7pYeZ7oGBPACKGMBVwVHc9TjrRWHyffN2gf4kjQXGDRu,KjJyGnyiXEAtNYA1XYRBd9URSRMetC6cFRtsiFi6f6mG5MDQuXetVesKTGvn6u6E8n3XuNhRQCyG51sV1H2fHyN,4.266
1.0,priced,0.07047778975226687,39756616782.0,42388753076.0,Sheep,7pYeZ7oGBPACKGMBVwVHc9TjrRWHyffN2gf4kjQXGDRu,KjJyGnyiXEAtNYA1XYRBd9URSRMetC6cFRtsiFi6f6mG5MDQuXetVesKTGvn6u6E8n3XuNhRQCyG51sV1H2fHyN,4.266
2.0,priced,0.07047778975226687,39756616782.0,42388753076.0,Sheep,7pYeZ7oGBPACKGMBVwVHc9TjrRWHyffN2gf4kjQXGDRu,KjJyGnyiXEAtNYA1XYRBd9URSRMetC6cFRtsiFi6f6mG5MDQuXetVesKTGvn6u6E8n3XuNhRQCyG51sV1H2fHyN,4.266
3.0,priced,-0.11821242019503544,43358098260.0,41956809000.0,Sheep,7pYeZ7oGBPACKGMBVwVHc9TjrRWHyffN2gf4kjQXGDRu,KjJyGnyiXEAtNYA1XYRBd9URSRMetC6cFRtsiFi6f6mG5MDQuXetVesKTGvn6u6E8n3XuNhRQCyG51sV1H2fHyN,4.266
5.0,priced,-0.12302489657923402,43476721057.0,41956731523.0,Sheep,7pYeZ7oGBPACKGMBVwVHc9TjrRWHyffN2gf4kjQXGDRu,KjJyGnyiXEAtNYA1XYRBd9URSRMetC6cFRtsiFi6f6mG5MDQuXetVesKTGvn6u6E8n3XuNhRQCyG51sV1H2fHyN,4.266
10.0,priced,-0.1000970800282544,42622258866.0,41667621540.0,Sheep,7pYeZ7oGBPACKGMBVwVHc9TjrRWHyffN2gf4kjQXGDRu,KjJyGnyiXEAtNYA1XYRBd9URSRMetC6cFRtsiFi6f6mG5MDQuXetVesKTGvn6u6E8n3XuNhRQCyG51sV1H2fHyN,4.266
0.0,priced,-0.22506479183083988,33000000000.0,30000000002.0,Sheep,CG9egbFmve9myyV9yrPJd34zoRzyQ6hn63njzbxwswd8,2u52Nf6iWyKHnLFWeQwbbFVRTJnobwrKiUiqupPk5KMkWfVDydc87C4FhrDwdkpUGKG4sPC1vZrDxoQxW4wHVNCq,1.828
0.5,priced,-0.5344434397290049,42800000000.0,30194458161.0,Sheep,CG9egbFmve9myyV9yrPJd34zoRzyQ6hn63njzbxwswd8,2u52Nf6iWyKHnLFWeQwbbFVRTJnobwrKiUiqupPk5KMkWfVDydc87C4FhrDwdkpUGKG4sPC1vZrDxoQxW4wHVNCq,1.828
1.0,missed: wallet sold before our entry landed,,,,Sheep,CG9egbFmve9myyV9yrPJd34zoRzyQ6hn63njzbxwswd8,2u52Nf6iWyKHnLFWeQwbbFVRTJnobwrKiUiqupPk5KMkWfVDydc87C4FhrDwdkpUGKG4sPC1vZrDxoQxW4wHVNCq,1.828
2.0,missed: wallet sold before our entry landed,,,,Sheep,CG9egbFmve9myyV9yrPJd34zoRzyQ6hn63njzbxwswd8,2u52Nf6iWyKHnLFWeQwbbFVRTJnobwrKiUiqupPk5KMkWfVDydc87C4FhrDwdkpUGKG4sPC1vZrDxoQxW4wHVNCq,1.828
3.0,missed: wallet sold before our entry landed,,,,Sheep,CG9egbFmve9myyV9yrPJd34zoRzyQ6hn63njzbxwswd8,2u52Nf6iWyKHnLFWeQwbbFVRTJnobwrKiUiqupPk5KMkWfVDydc87C4FhrDwdkpUGKG4sPC1vZrDxoQxW4wHVNCq,1.828
5.0,missed: wallet sold before our entry landed,,,,Sheep,CG9egbFmve9myyV9yrPJd34zoRzyQ6hn63njzbxwswd8,2u52Nf6iWyKHnLFWeQwbbFVRTJnobwrKiUiqupPk5KMkWfVDydc87C4FhrDwdkpUGKG4sPC1vZrDxoQxW4wHVNCq,1.828
10.0,missed: wallet sold before our entry landed,,,,Sheep,CG9egbFmve9myyV9yrPJd34zoRzyQ6hn63njzbxwswd8,2u52Nf6iWyKHnLFWeQwbbFVRTJnobwrKiUiqupPk5KMkWfVDydc87C4FhrDwdkpUGKG4sPC1vZrDxoQxW4wHVNCq,1.828
0.0,priced,0.6891733987685363,33000000000.0,44239126601.0,Sheep,BfvU2zH9dbu4DJh9yrqRbTUYimueXYAkHPHpNS8N8Pon,2yRwCm6srTNRkMT1iw8pjtHh3z8LeQLRFzutoT2cwP8wTrRjAKmMXo8vH37bU4hnyjanr9VVwLy1cdxWUrRb2rzw,4.043
0.5,priced,-0.03777547216645086,43787654320.0,44249151343.0,Sheep,BfvU2zH9dbu4DJh9yrqRbTUYimueXYAkHPHpNS8N8Pon,2yRwCm6srTNRkMT1iw8pjtHh3z8LeQLRFzutoT2cwP8wTrRjAKmMXo8vH37bU4hnyjanr9VVwLy1cdxWUrRb2rzw,4.043
1.0,priced,-0.03777547216645086,43787654320.0,44249151343.0,Sheep,BfvU2zH9dbu4DJh9yrqRbTUYimueXYAkHPHpNS8N8Pon,2yRwCm6srTNRkMT1iw8pjtHh3z8LeQLRFzutoT2cwP8wTrRjAKmMXo8vH37bU4hnyjanr9VVwLy1cdxWUrRb2rzw,4.043
2.0,priced,-0.05498302803946352,44184506291.0,44249151343.0,Sheep,BfvU2zH9dbu4DJh9yrqRbTUYimueXYAkHPHpNS8N8Pon,2yRwCm6srTNRkMT1iw8pjtHh3z8LeQLRFzutoT2cwP8wTrRjAKmMXo8vH37bU4hnyjanr9VVwLy1cdxWUrRb2rzw,4.043
3.0,priced,-0.05498302803946352,44184506291.0,44249151343.0,Sheep,BfvU2zH9dbu4DJh9yrqRbTUYimueXYAkHPHpNS8N8Pon,2yRwCm6srTNRkMT1iw8pjtHh3z8LeQLRFzutoT2cwP8wTrRjAKmMXo8vH37bU4hnyjanr9VVwLy1cdxWUrRb2rzw,4.043
5.0,priced,-0.05498302803946352,44184506291.0,44249151343.0,Sheep,BfvU2zH9dbu4DJh9yrqRbTUYimueXYAkHPHpNS8N8Pon,2yRwCm6srTNRkMT1iw8pjtHh3z8LeQLRFzutoT2cwP8wTrRjAKmMXo8vH37bU4hnyjanr9VVwLy1cdxWUrRb2rzw,4.043
10.0,priced,-0.37685954588379333,47883195049.0,38988849300.0,Sheep,BfvU2zH9dbu4DJh9yrqRbTUYimueXYAkHPHpNS8N8Pon,2yRwCm6srTNRkMT1iw8pjtHh3z8LeQLRFzutoT2cwP8wTrRjAKmMXo8vH37bU4hnyjanr9VVwLy1cdxWUrRb2rzw,4.043
0.0,priced,-0.26129443252679013,47794282506.0,42337733960.0,Sheep,syTGJo5ujjMN1qSC6RsufTTukaWf9Hw51GcXuwkq123,5Vd18cbk6ZPKgSf53eeGvEKuaXWxvPCj1pphMMKG1tY7J3U2m5eUHs4DRCUgtMDUbq2TA5xd4WWEpuUWdRMXeQje,12.419
0.5,priced,-0.3204496200514313,48365069414.0,41105252859.0,Sheep,syTGJo5ujjMN1qSC6RsufTTukaWf9Hw51GcXuwkq123,5Vd18cbk6ZPKgSf53eeGvEKuaXWxvPCj1pphMMKG1tY7J3U2m5eUHs4DRCUgtMDUbq2TA5xd4WWEpuUWdRMXeQje,12.419
1.0,priced,-0.3510217791237457,49217261444.0,40883744189.0,Sheep,syTGJo5ujjMN1qSC6RsufTTukaWf9Hw51GcXuwkq123,5Vd18cbk6ZPKgSf53eeGvEKuaXWxvPCj1pphMMKG1tY7J3U2m5eUHs4DRCUgtMDUbq2TA5xd4WWEpuUWdRMXeQje,12.419
2.0,priced,-0.3510217791237457,49217261444.0,40883744189.0,Sheep,syTGJo5ujjMN1qSC6RsufTTukaWf9Hw51GcXuwkq123,5Vd18cbk6ZPKgSf53eeGvEKuaXWxvPCj1pphMMKG1tY7J3U2m5eUHs4DRCUgtMDUbq2TA5xd4WWEpuUWdRMXeQje,12.419
3.0,priced,-0.2610208372071887,46136470378.0,40883744189.0,Sheep,syTGJo5ujjMN1qSC6RsufTTukaWf9Hw51GcXuwkq123,5Vd18cbk6ZPKgSf53eeGvEKuaXWxvPCj1pphMMKG1tY7J3U2m5eUHs4DRCUgtMDUbq2TA5xd4WWEpuUWdRMXeQje,12.419
5.0,priced,-0.29434330565232125,47208218079.0,40883017298.0,Sheep,syTGJo5ujjMN1qSC6RsufTTukaWf9Hw51GcXuwkq123,5Vd18cbk6ZPKgSf53eeGvEKuaXWxvPCj1pphMMKG1tY7J3U2m5eUHs4DRCUgtMDUbq2TA5xd4WWEpuUWdRMXeQje,12.419
10.0,priced,-0.30540512693132077,47453650176.0,40774108253.0,Sheep,syTGJo5ujjMN1qSC6RsufTTukaWf9Hw51GcXuwkq123,5Vd18cbk6ZPKgSf53eeGvEKuaXWxvPCj1pphMMKG1tY7J3U2m5eUHs4DRCUgtMDUbq2TA5xd4WWEpuUWdRMXeQje,12.419
0.0,priced,-0.4116531324064188,39449101536.0,31252028917.0,Sheep,9j1SoGvM9PTN43z9oi7FZqdJW3oPjiRvGuuwx25bcgHN,2ALM7PevupzuAQYL1satcXpefRWdgQVagFsvktJT92bwxdDTYMouDkPDzaZ2AC1tBiVaszQNJdDYKpjPtjxwfg4u,102.676
0.5,priced,-0.42052286762314156,40308360792.0,31690085059.0,Sheep,9j1SoGvM9PTN43z9oi7FZqdJW3oPjiRvGuuwx25bcgHN,2ALM7PevupzuAQYL1satcXpefRWdgQVagFsvktJT92bwxdDTYMouDkPDzaZ2AC1tBiVaszQNJdDYKpjPtjxwfg4u,102.676
1.0,priced,-0.3949274044126681,40308360792.0,32374722763.0,Sheep,9j1SoGvM9PTN43z9oi7FZqdJW3oPjiRvGuuwx25bcgHN,2ALM7PevupzuAQYL1satcXpefRWdgQVagFsvktJT92bwxdDTYMouDkPDzaZ2AC1tBiVaszQNJdDYKpjPtjxwfg4u,102.676
2.0,priced,-0.3949274044126681,40308360792.0,32374722763.0,Sheep,9j1SoGvM9PTN43z9oi7FZqdJW3oPjiRvGuuwx25bcgHN,2ALM7PevupzuAQYL1satcXpefRWdgQVagFsvktJT92bwxdDTYMouDkPDzaZ2AC1tBiVaszQNJdDYKpjPtjxwfg4u,102.676
3.0,priced,-0.3949274044126681,40308360792.0,32374722763.0,Sheep,9j1SoGvM9PTN43z9oi7FZqdJW3oPjiRvGuuwx25bcgHN,2ALM7PevupzuAQYL1satcXpefRWdgQVagFsvktJT92bwxdDTYMouDkPDzaZ2AC1tBiVaszQNJdDYKpjPtjxwfg4u,102.676
5.0,priced,-0.37286145106920077,39596364439.0,32374722763.0,Sheep,9j1SoGvM9PTN43z9oi7FZqdJW3oPjiRvGuuwx25bcgHN,2ALM7PevupzuAQYL1satcXpefRWdgQVagFsvktJT92bwxdDTYMouDkPDzaZ2AC1tBiVaszQNJdDYKpjPtjxwfg4u,102.676
10.0,priced,-0.37389903265868984,39596364439.0,32348201479.0,Sheep,9j1SoGvM9PTN43z9oi7FZqdJW3oPjiRvGuuwx25bcgHN,2ALM7PevupzuAQYL1satcXpefRWdgQVagFsvktJT92bwxdDTYMouDkPDzaZ2AC1tBiVaszQNJdDYKpjPtjxwfg4u,102.676
0.0,priced,-0.17999001344166995,46517947461.0,43403609260.0,Sheep,86QjL8vGseotzKS7miizqujpziU8J5hfykeXmN4mJtDw,3PFSbST2smdSFvg3cBzZirH1v3u78ZCE7WpHWFZRJtQeWRvDjzgWG1sR2SpcyWtY74CbbZ6QfQP2Fx99BYhvQiai,67.281
0.5,priced,-0.3649185929947809,50577206712.0,41560757768.0,Sheep,86QjL8vGseotzKS7miizqujpziU8J5hfykeXmN4mJtDw,3PFSbST2smdSFvg3cBzZirH1v3u78ZCE7WpHWFZRJtQeWRvDjzgWG1sR2SpcyWtY74CbbZ6QfQP2Fx99BYhvQiai,67.281
1.0,priced,-0.25950291850912593,47713982965.0,42317731599.0,Sheep,86QjL8vGseotzKS7miizqujpziU8J5hfykeXmN4mJtDw,3PFSbST2smdSFvg3cBzZirH1v3u78ZCE7WpHWFZRJtQeWRvDjzgWG1sR2SpcyWtY74CbbZ6QfQP2Fx99BYhvQiai,67.281
2.0,priced,-0.2449891717860688,47463072376.0,42503375382.0,Sheep,86QjL8vGseotzKS7miizqujpziU8J5hfykeXmN4mJtDw,3PFSbST2smdSFvg3cBzZirH1v3u78ZCE7WpHWFZRJtQeWRvDjzgWG1sR2SpcyWtY74CbbZ6QfQP2Fx99BYhvQiai,67.281
3.0,priced,-0.24423712208096982,47463072376.0,42524364702.0,Sheep,86QjL8vGseotzKS7miizqujpziU8J5hfykeXmN4mJtDw,3PFSbST2smdSFvg3cBzZirH1v3u78ZCE7WpHWFZRJtQeWRvDjzgWG1sR2SpcyWtY74CbbZ6QfQP2Fx99BYhvQiai,67.281
5.0,priced,-0.26919901487251774,48312481749.0,42566951444.0,Sheep,86QjL8vGseotzKS7miizqujpziU8J5hfykeXmN4mJtDw,3PFSbST2smdSFvg3cBzZirH1v3u78ZCE7WpHWFZRJtQeWRvDjzgWG1sR2SpcyWtY74CbbZ6QfQP2Fx99BYhvQiai,67.281
10.0,priced,-0.2620892879873884,49221985180.0,43573108269.0,Sheep,86QjL8vGseotzKS7miizqujpziU8J5hfykeXmN4mJtDw,3PFSbST2smdSFvg3cBzZirH1v3u78ZCE7WpHWFZRJtQeWRvDjzgWG1sR2SpcyWtY74CbbZ6QfQP2Fx99BYhvQiai,67.281
0.0,priced,0.21699453767735766,33000000000.0,37556859950.0,Sheep,hDbadDjkgDU9k7pB8QWXB6yq5r913nMuFX9yzbxUAaZ,vPh45Veq2vR5sL2TeWRoGBh5gXtFcwpCaakavuncQjSMv1PW5zCx3eCndiTKjNtNSZqKGVLsEMedKYoo3ypRhre,1.774
0.5,priced,-0.3058065492465046,43787654320.0,37628369199.0,Sheep,hDbadDjkgDU9k7pB8QWXB6yq5r913nMuFX9yzbxUAaZ,vPh45Veq2vR5sL2TeWRoGBh5gXtFcwpCaakavuncQjSMv1PW5zCx3eCndiTKjNtNSZqKGVLsEMedKYoo3ypRhre,1.774
1.0,missed: wallet sold before our entry landed,,,,Sheep,hDbadDjkgDU9k7pB8QWXB6yq5r913nMuFX9yzbxUAaZ,vPh45Veq2vR5sL2TeWRoGBh5gXtFcwpCaakavuncQjSMv1PW5zCx3eCndiTKjNtNSZqKGVLsEMedKYoo3ypRhre,1.774
2.0,missed: wallet sold before our entry landed,,,,Sheep,hDbadDjkgDU9k7pB8QWXB6yq5r913nMuFX9yzbxUAaZ,vPh45Veq2vR5sL2TeWRoGBh5gXtFcwpCaakavuncQjSMv1PW5zCx3eCndiTKjNtNSZqKGVLsEMedKYoo3ypRhre,1.774
3.0,missed: wallet sold before our entry landed,,,,Sheep,hDbadDjkgDU9k7pB8QWXB6yq5r913nMuFX9yzbxUAaZ,vPh45Veq2vR5sL2TeWRoGBh5gXtFcwpCaakavuncQjSMv1PW5zCx3eCndiTKjNtNSZqKGVLsEMedKYoo3ypRhre,1.774
5.0,missed: wallet sold before our entry landed,,,,Sheep,hDbadDjkgDU9k7pB8QWXB6yq5r913nMuFX9yzbxUAaZ,vPh45Veq2vR5sL2TeWRoGBh5gXtFcwpCaakavuncQjSMv1PW5zCx3eCndiTKjNtNSZqKGVLsEMedKYoo3ypRhre,1.774
10.0,missed: wallet sold before our entry landed,,,,Sheep,hDbadDjkgDU9k7pB8QWXB6yq5r913nMuFX9yzbxUAaZ,vPh45Veq2vR5sL2TeWRoGBh5gXtFcwpCaakavuncQjSMv1PW5zCx3eCndiTKjNtNSZqKGVLsEMedKYoo3ypRhre,1.774
0.0,priced,0.10000009779473687,36029106895.0,38964007673.0,Sheep,9vhNNeQzjF1QbigcrbjKxNfD1sbL9VzRVyGo4dc4G1Yh,3QhPqWJToe67FZW72ZT61ZKxvJkcxiQdZcro7v8mGQAAWrhWhF7seE2ocrnD7c9Xxceaso6RSnWBMkpwPoAmk49z,107.086
0.5,priced,-0.15507464999439705,38020876438.0,36047461426.0,Sheep,9vhNNeQzjF1QbigcrbjKxNfD1sbL9VzRVyGo4dc4G1Yh,3QhPqWJToe67FZW72ZT61ZKxvJkcxiQdZcro7v8mGQAAWrhWhF7seE2ocrnD7c9Xxceaso6RSnWBMkpwPoAmk49z,107.086
1.0,priced,-0.15507464999439705,38020876438.0,36047461426.0,Sheep,9vhNNeQzjF1QbigcrbjKxNfD1sbL9VzRVyGo4dc4G1Yh,3QhPqWJToe67FZW72ZT61ZKxvJkcxiQdZcro7v8mGQAAWrhWhF7seE2ocrnD7c9Xxceaso6RSnWBMkpwPoAmk49z,107.086
2.0,priced,-0.15507464999439705,38020876438.0,36047461426.0,Sheep,9vhNNeQzjF1QbigcrbjKxNfD1sbL9VzRVyGo4dc4G1Yh,3QhPqWJToe67FZW72ZT61ZKxvJkcxiQdZcro7v8mGQAAWrhWhF7seE2ocrnD7c9Xxceaso6RSnWBMkpwPoAmk49z,107.086
3.0,priced,-0.15507464999439705,38020876438.0,36047461426.0,Sheep,9vhNNeQzjF1QbigcrbjKxNfD1sbL9VzRVyGo4dc4G1Yh,3QhPqWJToe67FZW72ZT61ZKxvJkcxiQdZcro7v8mGQAAWrhWhF7seE2ocrnD7c9Xxceaso6RSnWBMkpwPoAmk49z,107.086
5.0,priced,-0.23020230776101996,38020876438.0,34418605109.0,Sheep,9vhNNeQzjF1QbigcrbjKxNfD1sbL9VzRVyGo4dc4G1Yh,3QhPqWJToe67FZW72ZT61ZKxvJkcxiQdZcro7v8mGQAAWrhWhF7seE2ocrnD7c9Xxceaso6RSnWBMkpwPoAmk49z,107.086
10.0,priced,-0.23247195404690255,38118654215.0,34456052789.0,Sheep,9vhNNeQzjF1QbigcrbjKxNfD1sbL9VzRVyGo4dc4G1Yh,3QhPqWJToe67FZW72ZT61ZKxvJkcxiQdZcro7v8mGQAAWrhWhF7seE2ocrnD7c9Xxceaso6RSnWBMkpwPoAmk49z,107.086
0.0,priced,0.41262046186922285,33000000000.0,40457658137.0,Sheep,DCEkwQQGp3Livq4YgnAYe7Yn7QmhaGknagqXVpKyWrQP,2R3jCLot6AzEBDCryeyuTadG2TMQgC9FByUiRdo4dcATHB64YGtKCyuW2FbJ7wZPmZmoDCkBqoQ1BcXeCCWqKuek,4.469
0.5,priced,-0.1965308082095057,43787654320.0,40457658137.0,Sheep,DCEkwQQGp3Livq4YgnAYe7Yn7QmhaGknagqXVpKyWrQP,2R3jCLot6AzEBDCryeyuTadG2TMQgC9FByUiRdo4dcATHB64YGtKCyuW2FbJ7wZPmZmoDCkBqoQ1BcXeCCWqKuek,4.469
1.0,priced,-0.1965308082095057,43787654320.0,40457658137.0,Sheep,DCEkwQQGp3Livq4YgnAYe7Yn7QmhaGknagqXVpKyWrQP,2R3jCLot6AzEBDCryeyuTadG2TMQgC9FByUiRdo4dcATHB64YGtKCyuW2FbJ7wZPmZmoDCkBqoQ1BcXeCCWqKuek,4.469
2.0,priced,-0.1965308082095057,43787654320.0,40457658137.0,Sheep,DCEkwQQGp3Livq4YgnAYe7Yn7QmhaGknagqXVpKyWrQP,2R3jCLot6AzEBDCryeyuTadG2TMQgC9FByUiRdo4dcATHB64YGtKCyuW2FbJ7wZPmZmoDCkBqoQ1BcXeCCWqKuek,4.469
3.0,priced,-0.1965308082095057,43787654320.0,40457658137.0,Sheep,DCEkwQQGp3Livq4YgnAYe7Yn7QmhaGknagqXVpKyWrQP,2R3jCLot6AzEBDCryeyuTadG2TMQgC9FByUiRdo4dcATHB64YGtKCyuW2FbJ7wZPmZmoDCkBqoQ1BcXeCCWqKuek,4.469
5.0,priced,-0.1965308082095057,43787654320.0,40457658137.0,Sheep,DCEkwQQGp3Livq4YgnAYe7Yn7QmhaGknagqXVpKyWrQP,2R3jCLot6AzEBDCryeyuTadG2TMQgC9FByUiRdo4dcATHB64YGtKCyuW2FbJ7wZPmZmoDCkBqoQ1BcXeCCWqKuek,4.469
10.0,priced,-0.3177593907380267,47506042112.0,40457658137.0,Sheep,DCEkwQQGp3Livq4YgnAYe7Yn7QmhaGknagqXVpKyWrQP,2R3jCLot6AzEBDCryeyuTadG2TMQgC9FByUiRdo4dcATHB64YGtKCyuW2FbJ7wZPmZmoDCkBqoQ1BcXeCCWqKuek,4.469
0.0,priced,-0.24432435524924137,41510679371.0,37215121634.0,Sheep,352DQXeQM5zJ1tfdnMQQNqr9ptjSh6nUut8bnSTVjbyJ,3Hovsss1kRNt1D4uYcQdNRSaUSeq6QKkwuXNi4Rxd3tLmCYzuvav6u2a6RA5ynXwced71NjgA6XvzojoqwAbxtqe,115.194
0.5,priced,-0.2969868978529432,43032778132.0,37215121634.0,Sheep,352DQXeQM5zJ1tfdnMQQNqr9ptjSh6nUut8bnSTVjbyJ,3Hovsss1kRNt1D4uYcQdNRSaUSeq6QKkwuXNi4Rxd3tLmCYzuvav6u2a6RA5ynXwced71NjgA6XvzojoqwAbxtqe,115.194
1.0,priced,-0.32423388664885616,43033765786.0,36494197378.0,Sheep,352DQXeQM5zJ1tfdnMQQNqr9ptjSh6nUut8bnSTVjbyJ,3Hovsss1kRNt1D4uYcQdNRSaUSeq6QKkwuXNi4Rxd3tLmCYzuvav6u2a6RA5ynXwced71NjgA6XvzojoqwAbxtqe,115.194
2.0,priced,-0.34915119482992557,43846107353.0,36494197378.0,Sheep,352DQXeQM5zJ1tfdnMQQNqr9ptjSh6nUut8bnSTVjbyJ,3Hovsss1kRNt1D4uYcQdNRSaUSeq6QKkwuXNi4Rxd3tLmCYzuvav6u2a6RA5ynXwced71NjgA6XvzojoqwAbxtqe,115.194
3.0,priced,-0.34915119482992557,43846107353.0,36494197378.0,Sheep,352DQXeQM5zJ1tfdnMQQNqr9ptjSh6nUut8bnSTVjbyJ,3Hovsss1kRNt1D4uYcQdNRSaUSeq6QKkwuXNi4Rxd3tLmCYzuvav6u2a6RA5ynXwced71NjgA6XvzojoqwAbxtqe,115.194
5.0,priced,-0.34915119482992557,43846107353.0,36494197378.0,Sheep,352DQXeQM5zJ1tfdnMQQNqr9ptjSh6nUut8bnSTVjbyJ,3Hovsss1kRNt1D4uYcQdNRSaUSeq6QKkwuXNi4Rxd3tLmCYzuvav6u2a6RA5ynXwced71NjgA6XvzojoqwAbxtqe,115.194
10.0,priced,-0.3893681490850079,43846107353.0,35360304691.0,Sheep,352DQXeQM5zJ1tfdnMQQNqr9ptjSh6nUut8bnSTVjbyJ,3Hovsss1kRNt1D4uYcQdNRSaUSeq6QKkwuXNi4Rxd3tLmCYzuvav6u2a6RA5ynXwced71NjgA6XvzojoqwAbxtqe,115.194
0.0,priced,0.3942126750374334,33000000000.0,40193511669.0,Sheep,2AZdq5UYyyMezZa2XWKbcs37xVjctK813eUbiLjCkxMx,4RwMN9axebNPhSZyqoJCdxX9g2WfEMJXW3xSDRpqSRzv2MtUQuh2QZhRsy5Xi3giz2ciHYMrgNHeenDYPX1PRtQ9,4.239
0.5,priced,-0.16998024929384828,42800000000.0,40193511669.0,Sheep,2AZdq5UYyyMezZa2XWKbcs37xVjctK813eUbiLjCkxMx,4RwMN9axebNPhSZyqoJCdxX9g2WfEMJXW3xSDRpqSRzv2MtUQuh2QZhRsy5Xi3giz2ciHYMrgNHeenDYPX1PRtQ9,4.239
1.0,priced,-0.2961714180883478,43787654320.0,37886266096.0,Sheep,2AZdq5UYyyMezZa2XWKbcs37xVjctK813eUbiLjCkxMx,4RwMN9axebNPhSZyqoJCdxX9g2WfEMJXW3xSDRpqSRzv2MtUQuh2QZhRsy5Xi3giz2ciHYMrgNHeenDYPX1PRtQ9,4.239
2.0,priced,-0.2961714180883478,43787654320.0,37886266096.0,Sheep,2AZdq5UYyyMezZa2XWKbcs37xVjctK813eUbiLjCkxMx,4RwMN9axebNPhSZyqoJCdxX9g2WfEMJXW3xSDRpqSRzv2MtUQuh2QZhRsy5Xi3giz2ciHYMrgNHeenDYPX1PRtQ9,4.239
3.0,priced,-0.2961714180883478,43787654320.0,37886266096.0,Sheep,2AZdq5UYyyMezZa2XWKbcs37xVjctK813eUbiLjCkxMx,4RwMN9axebNPhSZyqoJCdxX9g2WfEMJXW3xSDRpqSRzv2MtUQuh2QZhRsy5Xi3giz2ciHYMrgNHeenDYPX1PRtQ9,4.239
5.0,priced,-0.2961714180883478,43787654320.0,37886266096.0,Sheep,2AZdq5UYyyMezZa2XWKbcs37xVjctK813eUbiLjCkxMx,4RwMN9axebNPhSZyqoJCdxX9g2WfEMJXW3xSDRpqSRzv2MtUQuh2QZhRsy5Xi3giz2ciHYMrgNHeenDYPX1PRtQ9,4.239
10.0,priced,-0.3725632820832105,43787654320.0,35790904778.0,Sheep,2AZdq5UYyyMezZa2XWKbcs37xVjctK813eUbiLjCkxMx,4RwMN9axebNPhSZyqoJCdxX9g2WfEMJXW3xSDRpqSRzv2MtUQuh2QZhRsy5Xi3giz2ciHYMrgNHeenDYPX1PRtQ9,4.239
0.0,priced,0.6944437021471813,33000000000.0,44308100194.0,Sheep,CXjgx7L2KuojoVnzxA7q5PvEvcBoC5jXMqHvyzgcrvxh,5zoMdGLFFas6RsRrnsyEisSZhXeHXVd4FPABUa3MigjVJs67MoLP2HjJaRsWJEa29ZV1BoguiX6tRuJU7GeEYwJD,4.414
0.5,priced,-0.03563095155839849,43797530862.0,44308100194.0,Sheep,CXjgx7L2KuojoVnzxA7q5PvEvcBoC5jXMqHvyzgcrvxh,5zoMdGLFFas6RsRrnsyEisSZhXeHXVd4FPABUa3MigjVJs67MoLP2HjJaRsWJEa29ZV1BoguiX6tRuJU7GeEYwJD,4.414
1.0,priced,-0.044270631675246,43995061726.0,44308100194.0,Sheep,CXjgx7L2KuojoVnzxA7q5PvEvcBoC5jXMqHvyzgcrvxh,5zoMdGLFFas6RsRrnsyEisSZhXeHXVd4FPABUa3MigjVJs67MoLP2HjJaRsWJEa29ZV1BoguiX6tRuJU7GeEYwJD,4.414
2.0,priced,-0.044270631675246,43995061726.0,44308100194.0,Sheep,CXjgx7L2KuojoVnzxA7q5PvEvcBoC5jXMqHvyzgcrvxh,5zoMdGLFFas6RsRrnsyEisSZhXeHXVd4FPABUa3MigjVJs67MoLP2HjJaRsWJEa29ZV1BoguiX6tRuJU7GeEYwJD,4.414
3.0,priced,-0.044270631675246,43995061726.0,44308100194.0,Sheep,CXjgx7L2KuojoVnzxA7q5PvEvcBoC5jXMqHvyzgcrvxh,5zoMdGLFFas6RsRrnsyEisSZhXeHXVd4FPABUa3MigjVJs67MoLP2HjJaRsWJEa29ZV1BoguiX6tRuJU7GeEYwJD,4.414
5.0,priced,-0.04545558961850035,44022360486.0,44308100194.0,Sheep,CXjgx7L2KuojoVnzxA7q5PvEvcBoC5jXMqHvyzgcrvxh,5zoMdGLFFas6RsRrnsyEisSZhXeHXVd4FPABUa3MigjVJs67MoLP2HjJaRsWJEa29ZV1BoguiX6tRuJU7GeEYwJD,4.414
10.0,priced,-0.32053338814501586,48960632087.0,41606523140.0,Sheep,CXjgx7L2KuojoVnzxA7q5PvEvcBoC5jXMqHvyzgcrvxh,5zoMdGLFFas6RsRrnsyEisSZhXeHXVd4FPABUa3MigjVJs67MoLP2HjJaRsWJEa29ZV1BoguiX6tRuJU7GeEYwJD,4.414
0.0,priced,-0.17721318847815157,33000000000.0,30906285263.0,Sheep,62AJFs4wKvwEC81HE6MYeBi8gwdAbY7UWJZvyYMfSEEq,TjGJ26PkYQm3cYh1JGXW6RX6iA1isjKkpANCwew3sQzts9p25RifKvvMWb6yUCmpDv9Bat5ecaLtdGEqkCe9TEz,1.775
0.5,priced,-0.5607984834298886,44503954174.0,30503070567.0,Sheep,62AJFs4wKvwEC81HE6MYeBi8gwdAbY7UWJZvyYMfSEEq,TjGJ26PkYQm3cYh1JGXW6RX6iA1isjKkpANCwew3sQzts9p25RifKvvMWb6yUCmpDv9Bat5ecaLtdGEqkCe9TEz,1.775
1.0,priced,-0.5640703392603423,44668719533.0,30503070567.0,Sheep,62AJFs4wKvwEC81HE6MYeBi8gwdAbY7UWJZvyYMfSEEq,TjGJ26PkYQm3cYh1JGXW6RX6iA1isjKkpANCwew3sQzts9p25RifKvvMWb6yUCmpDv9Bat5ecaLtdGEqkCe9TEz,1.775
2.0,missed: wallet sold before our entry landed,,,,Sheep,62AJFs4wKvwEC81HE6MYeBi8gwdAbY7UWJZvyYMfSEEq,TjGJ26PkYQm3cYh1JGXW6RX6iA1isjKkpANCwew3sQzts9p25RifKvvMWb6yUCmpDv9Bat5ecaLtdGEqkCe9TEz,1.775
3.0,missed: wallet sold before our entry landed,,,,Sheep,62AJFs4wKvwEC81HE6MYeBi8gwdAbY7UWJZvyYMfSEEq,TjGJ26PkYQm3cYh1JGXW6RX6iA1isjKkpANCwew3sQzts9p25RifKvvMWb6yUCmpDv9Bat5ecaLtdGEqkCe9TEz,1.775
5.0,missed: wallet sold before our entry landed,,,,Sheep,62AJFs4wKvwEC81HE6MYeBi8gwdAbY7UWJZvyYMfSEEq,TjGJ26PkYQm3cYh1JGXW6RX6iA1isjKkpANCwew3sQzts9p25RifKvvMWb6yUCmpDv9Bat5ecaLtdGEqkCe9TEz,1.775
10.0,missed: wallet sold before our entry landed,,,,Sheep,62AJFs4wKvwEC81HE6MYeBi8gwdAbY7UWJZvyYMfSEEq,TjGJ26PkYQm3cYh1JGXW6RX6iA1isjKkpANCwew3sQzts9p25RifKvvMWb6yUCmpDv9Bat5ecaLtdGEqkCe9TEz,1.775
0.0,priced,0.17281306111578726,83715321455.0,93093888025.0,Sheep,ArV7g2VBDHTUvfJTwCPYzzPJRozHbdS94QigVPuFpump,2sjqeeiVEcRGaDU6x8EMsESnrCyhh5d1FAFPpKZDpLrqaKP3weBShHubaNuZ5W7Bb5gTcTkUrS95BRh6ujRh2Y7k,103.276
0.5,priced,0.1551244604054346,84357296760.0,93099204705.0,Sheep,ArV7g2VBDHTUvfJTwCPYzzPJRozHbdS94QigVPuFpump,2sjqeeiVEcRGaDU6x8EMsESnrCyhh5d1FAFPpKZDpLrqaKP3weBShHubaNuZ5W7Bb5gTcTkUrS95BRh6ujRh2Y7k,103.276
1.0,priced,0.12476869849923825,85485321449.0,93099204705.0,Sheep,ArV7g2VBDHTUvfJTwCPYzzPJRozHbdS94QigVPuFpump,2sjqeeiVEcRGaDU6x8EMsESnrCyhh5d1FAFPpKZDpLrqaKP3weBShHubaNuZ5W7Bb5gTcTkUrS95BRh6ujRh2Y7k,103.276
2.0,priced,0.13478166723028207,85485321449.0,93510409852.0,Sheep,ArV7g2VBDHTUvfJTwCPYzzPJRozHbdS94QigVPuFpump,2sjqeeiVEcRGaDU6x8EMsESnrCyhh5d1FAFPpKZDpLrqaKP3weBShHubaNuZ5W7Bb5gTcTkUrS95BRh6ujRh2Y7k,103.276
3.0,priced,0.13478166723028207,85485321449.0,93510409852.0,Sheep,ArV7g2VBDHTUvfJTwCPYzzPJRozHbdS94QigVPuFpump,2sjqeeiVEcRGaDU6x8EMsESnrCyhh5d1FAFPpKZDpLrqaKP3weBShHubaNuZ5W7Bb5gTcTkUrS95BRh6ujRh2Y7k,103.276
5.0,priced,0.13490054315929817,85485321449.0,93515280950.0,Sheep,ArV7g2VBDHTUvfJTwCPYzzPJRozHbdS94QigVPuFpump,2sjqeeiVEcRGaDU6x8EMsESnrCyhh5d1FAFPpKZDpLrqaKP3weBShHubaNuZ5W7Bb5gTcTkUrS95BRh6ujRh2Y7k,103.276
10.0,priced,0.05786563906360471,88468340670.0,93445780052.0,Sheep,ArV7g2VBDHTUvfJTwCPYzzPJRozHbdS94QigVPuFpump,2sjqeeiVEcRGaDU6x8EMsESnrCyhh5d1FAFPpKZDpLrqaKP3weBShHubaNuZ5W7Bb5gTcTkUrS95BRh6ujRh2Y7k,103.276
0.0,priced,-0.5261611430481568,59787450564.0,42487921593.0,Sheep,6zQRgMv4of3TQXPUwJd3qtKwhduAQkkpXb2VWjrTpump,59rJXNav9n93o3G9ZaM9t7b1uLyEeYyeFUDf7sPXwt3FAQNzoz4aRzETt2BYeTp89N2pa8Z7DjCiBo3o4pQmQzEP,986.251
0.5,priced,-0.6328795226373389,62279220107.0,39039246824.0,Sheep,6zQRgMv4of3TQXPUwJd3qtKwhduAQkkpXb2VWjrTpump,59rJXNav9n93o3G9ZaM9t7b1uLyEeYyeFUDf7sPXwt3FAQNzoz4aRzETt2BYeTp89N2pa8Z7DjCiBo3o4pQmQzEP,986.251
1.0,priced,-0.6506908645038354,63730282921.0,38984931632.0,Sheep,6zQRgMv4of3TQXPUwJd3qtKwhduAQkkpXb2VWjrTpump,59rJXNav9n93o3G9ZaM9t7b1uLyEeYyeFUDf7sPXwt3FAQNzoz4aRzETt2BYeTp89N2pa8Z7DjCiBo3o4pQmQzEP,986.251
2.0,priced,-0.6850464790719153,63779665636.0,37089847559.0,Sheep,6zQRgMv4of3TQXPUwJd3qtKwhduAQkkpXb2VWjrTpump,59rJXNav9n93o3G9ZaM9t7b1uLyEeYyeFUDf7sPXwt3FAQNzoz4aRzETt2BYeTp89N2pa8Z7DjCiBo3o4pQmQzEP,986.251
3.0,priced,-0.6851161934917096,63786579215.0,37089847559.0,Sheep,6zQRgMv4of3TQXPUwJd3qtKwhduAQkkpXb2VWjrTpump,59rJXNav9n93o3G9ZaM9t7b1uLyEeYyeFUDf7sPXwt3FAQNzoz4aRzETt2BYeTp89N2pa8Z7DjCiBo3o4pQmQzEP,986.251
5.0,priced,-0.6844100269202374,63716651940.0,37089847559.0,Sheep,6zQRgMv4of3TQXPUwJd3qtKwhduAQkkpXb2VWjrTpump,59rJXNav9n93o3G9ZaM9t7b1uLyEeYyeFUDf7sPXwt3FAQNzoz4aRzETt2BYeTp89N2pa8Z7DjCiBo3o4pQmQzEP,986.251
10.0,priced,-0.6950168035024299,64791740723.0,37089847559.0,Sheep,6zQRgMv4of3TQXPUwJd3qtKwhduAQkkpXb2VWjrTpump,59rJXNav9n93o3G9ZaM9t7b1uLyEeYyeFUDf7sPXwt3FAQNzoz4aRzETt2BYeTp89N2pa8Z7DjCiBo3o4pQmQzEP,986.251
0.0,priced,0.42817617064039803,58115925260.0,71386690723.0,Kadenox,i9SqdjzW7o1tt6XqUU4ApJn1nMYAFHSE7XF19Qgpump,21xaMKKJTxxpkn5vnMzd5pwk9zu9srJsFEZyjmC4zPMjvvtkWjVMgidJecNyRTD4KoKbDyfHbuysUBbNGgGS7RGc,140.253
0.5,priced,0.479977770399873,58115925260.0,72666055271.0,Kadenox,i9SqdjzW7o1tt6XqUU4ApJn1nMYAFHSE7XF19Qgpump,21xaMKKJTxxpkn5vnMzd5pwk9zu9srJsFEZyjmC4zPMjvvtkWjVMgidJecNyRTD4KoKbDyfHbuysUBbNGgGS7RGc,140.253
1.0,priced,0.6346348512207728,58745747998.0,77182748863.0,Kadenox,i9SqdjzW7o1tt6XqUU4ApJn1nMYAFHSE7XF19Qgpump,21xaMKKJTxxpkn5vnMzd5pwk9zu9srJsFEZyjmC4zPMjvvtkWjVMgidJecNyRTD4KoKbDyfHbuysUBbNGgGS7RGc,140.253
2.0,priced,0.6683774918068042,58745845775.0,77973752513.0,Kadenox,i9SqdjzW7o1tt6XqUU4ApJn1nMYAFHSE7XF19Qgpump,21xaMKKJTxxpkn5vnMzd5pwk9zu9srJsFEZyjmC4zPMjvvtkWjVMgidJecNyRTD4KoKbDyfHbuysUBbNGgGS7RGc,140.253
3.0,priced,0.6554948571687732,58746041329.0,77673003185.0,Kadenox,i9SqdjzW7o1tt6XqUU4ApJn1nMYAFHSE7XF19Qgpump,21xaMKKJTxxpkn5vnMzd5pwk9zu9srJsFEZyjmC4zPMjvvtkWjVMgidJecNyRTD4KoKbDyfHbuysUBbNGgGS7RGc,140.253
5.0,priced,0.7116036433434448,58212223609.0,78261535478.0,Kadenox,i9SqdjzW7o1tt6XqUU4ApJn1nMYAFHSE7XF19Qgpump,21xaMKKJTxxpkn5vnMzd5pwk9zu9srJsFEZyjmC4zPMjvvtkWjVMgidJecNyRTD4KoKbDyfHbuysUBbNGgGS7RGc,140.253
10.0,priced,0.6971924920195618,59049051062.0,79046820864.0,Kadenox,i9SqdjzW7o1tt6XqUU4ApJn1nMYAFHSE7XF19Qgpump,21xaMKKJTxxpkn5vnMzd5pwk9zu9srJsFEZyjmC4zPMjvvtkWjVMgidJecNyRTD4KoKbDyfHbuysUBbNGgGS7RGc,140.253
0.0,priced,-0.0423090441860224,47236680559.0,47603181004.0,Kadenox,GEN2BWmJEoVwuE3YmLa1WMoZhSVEURahFKHeMpEDWC2c,43nXCgiwnu3WUFFqjnHM4sn4iM8NsinDNm7PN2Xte1Dg4TbPsV21Byaqgf4K9xrgWyNTdtgJTHWezMqBxu2w1FGd,12.926
0.5,priced,-0.15217507570977784,50199643521.0,47603181004.0,Kadenox,GEN2BWmJEoVwuE3YmLa1WMoZhSVEURahFKHeMpEDWC2c,43nXCgiwnu3WUFFqjnHM4sn4iM8NsinDNm7PN2Xte1Dg4TbPsV21Byaqgf4K9xrgWyNTdtgJTHWezMqBxu2w1FGd,12.926
1.0,priced,-0.15638995338405645,50356062943.0,47632810633.0,Kadenox,GEN2BWmJEoVwuE3YmLa1WMoZhSVEURahFKHeMpEDWC2c,43nXCgiwnu3WUFFqjnHM4sn4iM8NsinDNm7PN2Xte1Dg4TbPsV21Byaqgf4K9xrgWyNTdtgJTHWezMqBxu2w1FGd,12.926
2.0,priced,-0.15647614815230715,55551593242.0,52521595065.0,Kadenox,GEN2BWmJEoVwuE3YmLa1WMoZhSVEURahFKHeMpEDWC2c,43nXCgiwnu3WUFFqjnHM4sn4iM8NsinDNm7PN2Xte1Dg4TbPsV21Byaqgf4K9xrgWyNTdtgJTHWezMqBxu2w1FGd,12.926
3.0,priced,-0.2458050818157642,56571148797.0,50592947849.0,Kadenox,GEN2BWmJEoVwuE3YmLa1WMoZhSVEURahFKHeMpEDWC2c,43nXCgiwnu3WUFFqjnHM4sn4iM8NsinDNm7PN2Xte1Dg4TbPsV21Byaqgf4K9xrgWyNTdtgJTHWezMqBxu2w1FGd,12.926
5.0,priced,-0.2387880318746717,56649371019.0,50895743156.0,Kadenox,GEN2BWmJEoVwuE3YmLa1WMoZhSVEURahFKHeMpEDWC2c,43nXCgiwnu3WUFFqjnHM4sn4iM8NsinDNm7PN2Xte1Dg4TbPsV21Byaqgf4K9xrgWyNTdtgJTHWezMqBxu2w1FGd,12.926
10.0,priced,-0.21434680957799684,55768217969.0,50898728958.0,Kadenox,GEN2BWmJEoVwuE3YmLa1WMoZhSVEURahFKHeMpEDWC2c,43nXCgiwnu3WUFFqjnHM4sn4iM8NsinDNm7PN2Xte1Dg4TbPsV21Byaqgf4K9xrgWyNTdtgJTHWezMqBxu2w1FGd,12.926
0.0,priced,-0.5323333069118665,48995524807.0,34621095973.0,Sheep,3zroXgwJppdzCpWYk84QSE9o7MHpwUtTKaJmgMPCtyQv,5NLY1NqjZ72G5HM9h9xwWjkXVxY1zZEsmLV1Nsp1syaAx4CJmTY9ibzeiXWk9P7RQJmqm2kf7kH5KD1XSHkbTqyB,24.322
0.5,priced,-0.5523159545572373,48452686919.0,33510975174.0,Sheep,3zroXgwJppdzCpWYk84QSE9o7MHpwUtTKaJmgMPCtyQv,5NLY1NqjZ72G5HM9h9xwWjkXVxY1zZEsmLV1Nsp1syaAx4CJmTY9ibzeiXWk9P7RQJmqm2kf7kH5KD1XSHkbTqyB,24.322
1.0,priced,-0.519573469731081,48452686919.0,34696160358.0,Sheep,3zroXgwJppdzCpWYk84QSE9o7MHpwUtTKaJmgMPCtyQv,5NLY1NqjZ72G5HM9h9xwWjkXVxY1zZEsmLV1Nsp1syaAx4CJmTY9ibzeiXWk9P7RQJmqm2kf7kH5KD1XSHkbTqyB,24.322
2.0,priced,-0.5827436534928422,49370624692.0,32981609430.0,Sheep,3zroXgwJppdzCpWYk84QSE9o7MHpwUtTKaJmgMPCtyQv,5NLY1NqjZ72G5HM9h9xwWjkXVxY1zZEsmLV1Nsp1syaAx4CJmTY9ibzeiXWk9P7RQJmqm2kf7kH5KD1XSHkbTqyB,24.322
3.0,priced,-0.48542532773195896,45037829546.0,33372316993.0,Sheep,3zroXgwJppdzCpWYk84QSE9o7MHpwUtTKaJmgMPCtyQv,5NLY1NqjZ72G5HM9h9xwWjkXVxY1zZEsmLV1Nsp1syaAx4CJmTY9ibzeiXWk9P7RQJmqm2kf7kH5KD1XSHkbTqyB,24.322
5.0,priced,-0.5107192761144055,46863014728.0,33866144152.0,Sheep,3zroXgwJppdzCpWYk84QSE9o7MHpwUtTKaJmgMPCtyQv,5NLY1NqjZ72G5HM9h9xwWjkXVxY1zZEsmLV1Nsp1syaAx4CJmTY9ibzeiXWk9P7RQJmqm2kf7kH5KD1XSHkbTqyB,24.322
10.0,priced,-0.5017337470075811,46510634005.0,33915526867.0,Sheep,3zroXgwJppdzCpWYk84QSE9o7MHpwUtTKaJmgMPCtyQv,5NLY1NqjZ72G5HM9h9xwWjkXVxY1zZEsmLV1Nsp1syaAx4CJmTY9ibzeiXWk9P7RQJmqm2kf7kH5KD1XSHkbTqyB,24.322
0.0,priced,1.0526775138155877,33000000000.0,48771494893.0,Sheep,BF3SLSKrSwjbrmXbPgTd95jQt3wxeyzf9W9fuA9M9r5w,p8G57iZ3gkeqeS9FhAB1mYGHZsVMvpNDiYiSE44NyrixhFx93x4MQkjBGMEvZsotYVS7VrtoBgBxjqmvGwyYudw,5.911
0.5,priced,0.2244854159276452,42800000000.0,48771494893.0,Sheep,BF3SLSKrSwjbrmXbPgTd95jQt3wxeyzf9W9fuA9M9r5w,p8G57iZ3gkeqeS9FhAB1mYGHZsVMvpNDiYiSE44NyrixhFx93x4MQkjBGMEvZsotYVS7VrtoBgBxjqmvGwyYudw,5.911
1.0,priced,0.17000272131247496,43787654320.0,48771494893.0,Sheep,BF3SLSKrSwjbrmXbPgTd95jQt3wxeyzf9W9fuA9M9r5w,p8G57iZ3gkeqeS9FhAB1mYGHZsVMvpNDiYiSE44NyrixhFx93x4MQkjBGMEvZsotYVS7VrtoBgBxjqmvGwyYudw,5.911
2.0,priced,0.1481537012856848,44203165512.0,48771494893.0,Sheep,BF3SLSKrSwjbrmXbPgTd95jQt3wxeyzf9W9fuA9M9r5w,p8G57iZ3gkeqeS9FhAB1mYGHZsVMvpNDiYiSE44NyrixhFx93x4MQkjBGMEvZsotYVS7VrtoBgBxjqmvGwyYudw,5.911
3.0,priced,0.1481537012856848,44203165512.0,48771494893.0,Sheep,BF3SLSKrSwjbrmXbPgTd95jQt3wxeyzf9W9fuA9M9r5w,p8G57iZ3gkeqeS9FhAB1mYGHZsVMvpNDiYiSE44NyrixhFx93x4MQkjBGMEvZsotYVS7VrtoBgBxjqmvGwyYudw,5.911
5.0,priced,-0.029776173582250952,48088589142.0,48771494893.0,Sheep,BF3SLSKrSwjbrmXbPgTd95jQt3wxeyzf9W9fuA9M9r5w,p8G57iZ3gkeqeS9FhAB1mYGHZsVMvpNDiYiSE44NyrixhFx93x4MQkjBGMEvZsotYVS7VrtoBgBxjqmvGwyYudw,5.911
10.0,priced,-0.12218739631303346,48186366919.0,46498797785.0,Sheep,BF3SLSKrSwjbrmXbPgTd95jQt3wxeyzf9W9fuA9M9r5w,p8G57iZ3gkeqeS9FhAB1mYGHZsVMvpNDiYiSE44NyrixhFx93x4MQkjBGMEvZsotYVS7VrtoBgBxjqmvGwyYudw,5.911
0.0,priced,-0.19364785447659671,33000000000.0,30598017008.0,Sheep,Bp352u9X5MxfJHWs4qJhANbNLtWwKy9k3PKMyG8YdH1F,2Tf6qnJssXMMfTu9r6dZokoaNXgHfjBYBH1mBjuC7GMfwB1VUfob4bYLnERTwRpGFfKPmmV4ProuTihkxvK3okHG,3.885
0.5,priced,-0.5455991220413031,44966193320.0,31338757747.0,Sheep,Bp352u9X5MxfJHWs4qJhANbNLtWwKy9k3PKMyG8YdH1F,2Tf6qnJssXMMfTu9r6dZokoaNXgHfjBYBH1mBjuC7GMfwB1VUfob4bYLnERTwRpGFfKPmmV4ProuTihkxvK3okHG,3.885
1.0,priced,-0.28876459769732,37384679269.0,32543402798.0,Sheep,Bp352u9X5MxfJHWs4qJhANbNLtWwKy9k3PKMyG8YdH1F,2Tf6qnJssXMMfTu9r6dZokoaNXgHfjBYBH1mBjuC7GMfwB1VUfob4bYLnERTwRpGFfKPmmV4ProuTihkxvK3okHG,3.885
2.0,priced,-0.3339518922711575,38628391331.0,32543402798.0,Sheep,Bp352u9X5MxfJHWs4qJhANbNLtWwKy9k3PKMyG8YdH1F,2Tf6qnJssXMMfTu9r6dZokoaNXgHfjBYBH1mBjuC7GMfwB1VUfob4bYLnERTwRpGFfKPmmV4ProuTihkxvK3okHG,3.885
3.0,priced,-0.269538749685217,38628391331.0,34067093537.0,Sheep,Bp352u9X5MxfJHWs4qJhANbNLtWwKy9k3PKMyG8YdH1F,2Tf6qnJssXMMfTu9r6dZokoaNXgHfjBYBH1mBjuC7GMfwB1VUfob4bYLnERTwRpGFfKPmmV4ProuTihkxvK3okHG,3.885
5.0,priced,-0.26030580560787475,38676321503.0,34322276161.0,Sheep,Bp352u9X5MxfJHWs4qJhANbNLtWwKy9k3PKMyG8YdH1F,2Tf6qnJssXMMfTu9r6dZokoaNXgHfjBYBH1mBjuC7GMfwB1VUfob4bYLnERTwRpGFfKPmmV4ProuTihkxvK3okHG,3.885
10.0,priced,-0.1828813855591812,34350263642.0,32051618762.0,Sheep,Bp352u9X5MxfJHWs4qJhANbNLtWwKy9k3PKMyG8YdH1F,2Tf6qnJssXMMfTu9r6dZokoaNXgHfjBYBH1mBjuC7GMfwB1VUfob4bYLnERTwRpGFfKPmmV4ProuTihkxvK3okHG,3.885
0.0,priced,0.1374858286084728,34851249172.0,38333959070.0,Sheep,Em5hRZ9VV1JenG1B76YEk9KCUBuMzgiAqYMB16h1pump,52V9SHnrKFouwBWxQocVw2EkuKzqjxe1BEKRXSUZap6iy2wp1UVZow7EFRr5xvqoPehmYwdBZSNcWFr3WsY15NmR,375.122
0.5,priced,-0.25330419169173274,39932930170.0,35596765783.0,Sheep,Em5hRZ9VV1JenG1B76YEk9KCUBuMzgiAqYMB16h1pump,52V9SHnrKFouwBWxQocVw2EkuKzqjxe1BEKRXSUZap6iy2wp1UVZow7EFRr5xvqoPehmYwdBZSNcWFr3WsY15NmR,375.122
1.0,priced,-0.2569922802339307,40031695601.0,35596765783.0,Sheep,Em5hRZ9VV1JenG1B76YEk9KCUBuMzgiAqYMB16h1pump,52V9SHnrKFouwBWxQocVw2EkuKzqjxe1BEKRXSUZap6iy2wp1UVZow7EFRr5xvqoPehmYwdBZSNcWFr3WsY15NmR,375.122
2.0,priced,-0.3664529141390311,40031859551.0,32893918823.0,Sheep,Em5hRZ9VV1JenG1B76YEk9KCUBuMzgiAqYMB16h1pump,52V9SHnrKFouwBWxQocVw2EkuKzqjxe1BEKRXSUZap6iy2wp1UVZow7EFRr5xvqoPehmYwdBZSNcWFr3WsY15NmR,375.122
3.0,priced,-0.4059965571703765,40790267634.0,32461882127.0,Sheep,Em5hRZ9VV1JenG1B76YEk9KCUBuMzgiAqYMB16h1pump,52V9SHnrKFouwBWxQocVw2EkuKzqjxe1BEKRXSUZap6iy2wp1UVZow7EFRr5xvqoPehmYwdBZSNcWFr3WsY15NmR,375.122
5.0,priced,-0.4052562133604132,40765014243.0,32461882127.0,Sheep,Em5hRZ9VV1JenG1B76YEk9KCUBuMzgiAqYMB16h1pump,52V9SHnrKFouwBWxQocVw2EkuKzqjxe1BEKRXSUZap6iy2wp1UVZow7EFRr5xvqoPehmYwdBZSNcWFr3WsY15NmR,375.122
10.0,priced,-0.4052635526815745,40765096218.0,32461748949.0,Sheep,Em5hRZ9VV1JenG1B76YEk9KCUBuMzgiAqYMB16h1pump,52V9SHnrKFouwBWxQocVw2EkuKzqjxe1BEKRXSUZap6iy2wp1UVZow7EFRr5xvqoPehmYwdBZSNcWFr3WsY15NmR,375.122
0.0,priced,-0.4035125159535706,76321330492.0,60712079994.0,Kadenox,GbJtECX84o8fqdR2SgUX7yrgq6XusY4hb5Z3Rz8het7b,32qwbeJyob2AKs3eutt76VdDgRCMLT3DLtttvWPfuUdXLpdL3WPs8QTAcbt1J6QksAAitG6AgCqERvE4ayhVYych,17.855
0.5,priced,-0.4131827601476965,76321330492.0,60223888602.0,Kadenox,GbJtECX84o8fqdR2SgUX7yrgq6XusY4hb5Z3Rz8het7b,32qwbeJyob2AKs3eutt76VdDgRCMLT3DLtttvWPfuUdXLpdL3WPs8QTAcbt1J6QksAAitG6AgCqERvE4ayhVYych,17.855
1.0,priced,-0.4365227456437951,77836577057.0,60197640292.0,Kadenox,GbJtECX84o8fqdR2SgUX7yrgq6XusY4hb5Z3Rz8het7b,32qwbeJyob2AKs3eutt76VdDgRCMLT3DLtttvWPfuUdXLpdL3WPs8QTAcbt1J6QksAAitG6AgCqERvE4ayhVYych,17.855
2.0,priced,-0.45847642877414607,80882584508.0,61332285495.0,Kadenox,GbJtECX84o8fqdR2SgUX7yrgq6XusY4hb5Z3Rz8het7b,32qwbeJyob2AKs3eutt76VdDgRCMLT3DLtttvWPfuUdXLpdL3WPs8QTAcbt1J6QksAAitG6AgCqERvE4ayhVYych,17.855
3.0,priced,-0.467486304241626,79600758235.0,59865404142.0,Kadenox,GbJtECX84o8fqdR2SgUX7yrgq6XusY4hb5Z3Rz8het7b,32qwbeJyob2AKs3eutt76VdDgRCMLT3DLtttvWPfuUdXLpdL3WPs8QTAcbt1J6QksAAitG6AgCqERvE4ayhVYych,17.855
5.0,priced,-0.4300161986047735,78239989012.0,60852668326.0,Kadenox,GbJtECX84o8fqdR2SgUX7yrgq6XusY4hb5Z3Rz8het7b,32qwbeJyob2AKs3eutt76VdDgRCMLT3DLtttvWPfuUdXLpdL3WPs8QTAcbt1J6QksAAitG6AgCqERvE4ayhVYych,17.855
10.0,priced,-0.4215529191599414,70075048874.0,54918086386.0,Kadenox,GbJtECX84o8fqdR2SgUX7yrgq6XusY4hb5Z3Rz8het7b,32qwbeJyob2AKs3eutt76VdDgRCMLT3DLtttvWPfuUdXLpdL3WPs8QTAcbt1J6QksAAitG6AgCqERvE4ayhVYych,17.855
0.0,priced,0.6820254656044836,33000000000.0,44145410401.0,Sheep,BRasjPSTvjLuXSoCQ3Uvub8KDkpdH7gw4DsvGCNZJ2wT,5KeqBV5WAredJCSPr69FGFFdkzwX5vDfmQJQRhEb6D9j3gcacXkHveiTXbGjtc4BXNruZnjmV2eUNnvLcTjLCwe,8.288
0.5,priced,0.002383887704741239,42800000000.0,44145410401.0,Sheep,BRasjPSTvjLuXSoCQ3Uvub8KDkpdH7gw4DsvGCNZJ2wT,5KeqBV5WAredJCSPr69FGFFdkzwX5vDfmQJQRhEb6D9j3gcacXkHveiTXbGjtc4BXNruZnjmV2eUNnvLcTjLCwe,8.288
1.0,priced,-0.16043084068259217,46763782970.0,44145410401.0,Sheep,BRasjPSTvjLuXSoCQ3Uvub8KDkpdH7gw4DsvGCNZJ2wT,5KeqBV5WAredJCSPr69FGFFdkzwX5vDfmQJQRhEb6D9j3gcacXkHveiTXbGjtc4BXNruZnjmV2eUNnvLcTjLCwe,8.288
2.0,priced,-0.177238237241889,47238001837.0,44145410401.0,Sheep,BRasjPSTvjLuXSoCQ3Uvub8KDkpdH7gw4DsvGCNZJ2wT,5KeqBV5WAredJCSPr69FGFFdkzwX5vDfmQJQRhEb6D9j3gcacXkHveiTXbGjtc4BXNruZnjmV2eUNnvLcTjLCwe,8.288
3.0,priced,-0.17723515932845213,47238001837.0,44145492376.0,Sheep,BRasjPSTvjLuXSoCQ3Uvub8KDkpdH7gw4DsvGCNZJ2wT,5KeqBV5WAredJCSPr69FGFFdkzwX5vDfmQJQRhEb6D9j3gcacXkHveiTXbGjtc4BXNruZnjmV2eUNnvLcTjLCwe,8.288
5.0,priced,-0.13822381556889404,46158729017.0,44145738301.0,Sheep,BRasjPSTvjLuXSoCQ3Uvub8KDkpdH7gw4DsvGCNZJ2wT,5KeqBV5WAredJCSPr69FGFFdkzwX5vDfmQJQRhEb6D9j3gcacXkHveiTXbGjtc4BXNruZnjmV2eUNnvLcTjLCwe,8.288
10.0,priced,-0.2931282740292591,48017858713.0,41616265935.0,Sheep,BRasjPSTvjLuXSoCQ3Uvub8KDkpdH7gw4DsvGCNZJ2wT,5KeqBV5WAredJCSPr69FGFFdkzwX5vDfmQJQRhEb6D9j3gcacXkHveiTXbGjtc4BXNruZnjmV2eUNnvLcTjLCwe,8.288
0.0,priced,-0.4132727326839817,38302537127.0,30307377961.0,Sheep,AiqQHkWS3KuEuWyu63qtPg33Gq7GJkj6gSVFLDT5BKrP,5gkEmagy3rhQ7Za4NGFiNh5WT7izNn3Am9kEX1yvzKyQyMGrassYkzbdZDj5dSJEJa1161QAHMkscksP8ruJLiqW,138.262
0.5,priced,-0.4135768187384689,38312413669.0,30307377961.0,Sheep,AiqQHkWS3KuEuWyu63qtPg33Gq7GJkj6gSVFLDT5BKrP,5gkEmagy3rhQ7Za4NGFiNh5WT7izNn3Am9kEX1yvzKyQyMGrassYkzbdZDj5dSJEJa1161QAHMkscksP8ruJLiqW,138.262
1.0,priced,-0.4138806720219314,38322290211.0,30307377961.0,Sheep,AiqQHkWS3KuEuWyu63qtPg33Gq7GJkj6gSVFLDT5BKrP,5gkEmagy3rhQ7Za4NGFiNh5WT7izNn3Am9kEX1yvzKyQyMGrassYkzbdZDj5dSJEJa1161QAHMkscksP8ruJLiqW,138.262
2.0,priced,-0.4138806720219314,38322290211.0,30307377961.0,Sheep,AiqQHkWS3KuEuWyu63qtPg33Gq7GJkj6gSVFLDT5BKrP,5gkEmagy3rhQ7Za4NGFiNh5WT7izNn3Am9kEX1yvzKyQyMGrassYkzbdZDj5dSJEJa1161QAHMkscksP8ruJLiqW,138.262
3.0,priced,-0.4138806720219314,38322290211.0,30307377961.0,Sheep,AiqQHkWS3KuEuWyu63qtPg33Gq7GJkj6gSVFLDT5BKrP,5gkEmagy3rhQ7Za4NGFiNh5WT7izNn3Am9kEX1yvzKyQyMGrassYkzbdZDj5dSJEJa1161QAHMkscksP8ruJLiqW,138.262
5.0,priced,-0.4163031875465659,38401303872.0,30307377961.0,Sheep,AiqQHkWS3KuEuWyu63qtPg33Gq7GJkj6gSVFLDT5BKrP,5gkEmagy3rhQ7Za4NGFiNh5WT7izNn3Am9kEX1yvzKyQyMGrassYkzbdZDj5dSJEJa1161QAHMkscksP8ruJLiqW,138.262
10.0,priced,-0.4213888396073407,38401303872.0,30176526021.0,Sheep,AiqQHkWS3KuEuWyu63qtPg33Gq7GJkj6gSVFLDT5BKrP,5gkEmagy3rhQ7Za4NGFiNh5WT7izNn3Am9kEX1yvzKyQyMGrassYkzbdZDj5dSJEJa1161QAHMkscksP8ruJLiqW,138.262
0.0,priced,0.3679589921724994,33000000000.0,39813787557.0,Sheep,AiqQHkWS3KuEuWyu63qtPg33Gq7GJkj6gSVFLDT5BKrP,5mv6k2brRRRQqtyAgGf9pCf7TP8ELZ9tFXWMLnP5DeotpnKG4PJ9kwLeqENgykzXRVrwx7RsdyYQ3ZyBQAXK6SU2,4.019
0.5,priced,-0.2331206427503772,44318414336.0,40009343111.0,Sheep,AiqQHkWS3KuEuWyu63qtPg33Gq7GJkj6gSVFLDT5BKrP,5mv6k2brRRRQqtyAgGf9pCf7TP8ELZ9tFXWMLnP5DeotpnKG4PJ9kwLeqENgykzXRVrwx7RsdyYQ3ZyBQAXK6SU2,4.019
1.0,priced,-0.24614741438234986,44725298996.0,40033104291.0,Sheep,AiqQHkWS3KuEuWyu63qtPg33Gq7GJkj6gSVFLDT5BKrP,5mv6k2brRRRQqtyAgGf9pCf7TP8ELZ9tFXWMLnP5DeotpnKG4PJ9kwLeqENgykzXRVrwx7RsdyYQ3ZyBQAXK6SU2,4.019
2.0,priced,-0.24614741438234986,44725298996.0,40033104291.0,Sheep,AiqQHkWS3KuEuWyu63qtPg33Gq7GJkj6gSVFLDT5BKrP,5mv6k2brRRRQqtyAgGf9pCf7TP8ELZ9tFXWMLnP5DeotpnKG4PJ9kwLeqENgykzXRVrwx7RsdyYQ3ZyBQAXK6SU2,4.019
3.0,priced,-0.2428025195772815,44725298996.0,40121104291.0,Sheep,AiqQHkWS3KuEuWyu63qtPg33Gq7GJkj6gSVFLDT5BKrP,5mv6k2brRRRQqtyAgGf9pCf7TP8ELZ9tFXWMLnP5DeotpnKG4PJ9kwLeqENgykzXRVrwx7RsdyYQ3ZyBQAXK6SU2,4.019
5.0,priced,-0.22021398396156253,43695391070.0,39777848871.0,Sheep,AiqQHkWS3KuEuWyu63qtPg33Gq7GJkj6gSVFLDT5BKrP,5mv6k2brRRRQqtyAgGf9pCf7TP8ELZ9tFXWMLnP5DeotpnKG4PJ9kwLeqENgykzXRVrwx7RsdyYQ3ZyBQAXK6SU2,4.019
10.0,priced,-0.18075115979740727,43685794511.0,40755626649.0,Sheep,AiqQHkWS3KuEuWyu63qtPg33Gq7GJkj6gSVFLDT5BKrP,5mv6k2brRRRQqtyAgGf9pCf7TP8ELZ9tFXWMLnP5DeotpnKG4PJ9kwLeqENgykzXRVrwx7RsdyYQ3ZyBQAXK6SU2,4.019
0.0,priced,0.5224424479289556,33000000000.0,41999519856.0,Sheep,DtwCGXvryGb84vVpTH5wk1r4cm8oT8sAEt2mw2z3aQF,4Sd39mtaRj8vSbAjrYT9wCYExEtjbQfXNn1StbX9md3Mqc4Mvffnp3gswKWtQRqj1EyVHd1D29Tcvz8TBF37f15C,4.296
0.5,priced,-0.11448313271706784,43311060928.0,41999519856.0,Sheep,DtwCGXvryGb84vVpTH5wk1r4cm8oT8sAEt2mw2z3aQF,4Sd39mtaRj8vSbAjrYT9wCYExEtjbQfXNn1StbX9md3Mqc4Mvffnp3gswKWtQRqj1EyVHd1D29Tcvz8TBF37f15C,4.296
1.0,priced,-0.14312231311055112,44028179939.0,41999519856.0,Sheep,DtwCGXvryGb84vVpTH5wk1r4cm8oT8sAEt2mw2z3aQF,4Sd39mtaRj8vSbAjrYT9wCYExEtjbQfXNn1StbX9md3Mqc4Mvffnp3gswKWtQRqj1EyVHd1D29Tcvz8TBF37f15C,4.296
2.0,priced,-0.1430829301931684,44028179939.0,42000478605.0,Sheep,DtwCGXvryGb84vVpTH5wk1r4cm8oT8sAEt2mw2z3aQF,4Sd39mtaRj8vSbAjrYT9wCYExEtjbQfXNn1StbX9md3Mqc4Mvffnp3gswKWtQRqj1EyVHd1D29Tcvz8TBF37f15C,4.296
3.0,priced,-0.1430829301931684,44028179939.0,42000478605.0,Sheep,DtwCGXvryGb84vVpTH5wk1r4cm8oT8sAEt2mw2z3aQF,4Sd39mtaRj8vSbAjrYT9wCYExEtjbQfXNn1StbX9md3Mqc4Mvffnp3gswKWtQRqj1EyVHd1D29Tcvz8TBF37f15C,4.296
5.0,priced,-0.1390617884217615,44028179939.0,42098256382.0,Sheep,DtwCGXvryGb84vVpTH5wk1r4cm8oT8sAEt2mw2z3aQF,4Sd39mtaRj8vSbAjrYT9wCYExEtjbQfXNn1StbX9md3Mqc4Mvffnp3gswKWtQRqj1EyVHd1D29Tcvz8TBF37f15C,4.296
10.0,priced,-0.19074100776653816,45409869954.0,42098256382.0,Sheep,DtwCGXvryGb84vVpTH5wk1r4cm8oT8sAEt2mw2z3aQF,4Sd39mtaRj8vSbAjrYT9wCYExEtjbQfXNn1StbX9md3Mqc4Mvffnp3gswKWtQRqj1EyVHd1D29Tcvz8TBF37f15C,4.296
0.0,priced,0.6711566496602177,33000000000.0,44002533005.0,Sheep,3eVgL2Jgou32xNViVQ7WqvPcTEBnKPNhZbuXRnCNjMBw,3n1LRTKbSmvJoP46FYVgicpgtmaeNwFjrz5fC4VQ3FmCpKZk4natyEe197vxA5jDt8eBruZgxbF27A5CHrd6j1id,4.005
0.5,priced,-0.0272959665466882,43306992848.0,44002533005.0,Sheep,3eVgL2Jgou32xNViVQ7WqvPcTEBnKPNhZbuXRnCNjMBw,3n1LRTKbSmvJoP46FYVgicpgtmaeNwFjrz5fC4VQ3FmCpKZk4natyEe197vxA5jDt8eBruZgxbF27A5CHrd6j1id,4.005
1.0,priced,-0.09291872278678168,44433628344.0,43600243132.0,Sheep,3eVgL2Jgou32xNViVQ7WqvPcTEBnKPNhZbuXRnCNjMBw,3n1LRTKbSmvJoP46FYVgicpgtmaeNwFjrz5fC4VQ3FmCpKZk4natyEe197vxA5jDt8eBruZgxbF27A5CHrd6j1id,4.005
2.0,priced,-0.06815294834524727,44433628344.0,44187897452.0,Sheep,3eVgL2Jgou32xNViVQ7WqvPcTEBnKPNhZbuXRnCNjMBw,3n1LRTKbSmvJoP46FYVgicpgtmaeNwFjrz5fC4VQ3FmCpKZk4natyEe197vxA5jDt8eBruZgxbF27A5CHrd6j1id,4.005
3.0,priced,-0.05566782548076964,44433628344.0,44481230785.0,Sheep,3eVgL2Jgou32xNViVQ7WqvPcTEBnKPNhZbuXRnCNjMBw,3n1LRTKbSmvJoP46FYVgicpgtmaeNwFjrz5fC4VQ3FmCpKZk4natyEe197vxA5jDt8eBruZgxbF27A5CHrd6j1id,4.005
5.0,priced,-0.05566782548076964,44433628344.0,44481230785.0,Sheep,3eVgL2Jgou32xNViVQ7WqvPcTEBnKPNhZbuXRnCNjMBw,3n1LRTKbSmvJoP46FYVgicpgtmaeNwFjrz5fC4VQ3FmCpKZk4natyEe197vxA5jDt8eBruZgxbF27A5CHrd6j1id,4.005
10.0,priced,-0.22780470929903018,47760480856.0,43248448247.0,Sheep,3eVgL2Jgou32xNViVQ7WqvPcTEBnKPNhZbuXRnCNjMBw,3n1LRTKbSmvJoP46FYVgicpgtmaeNwFjrz5fC4VQ3FmCpKZk4natyEe197vxA5jDt8eBruZgxbF27A5CHrd6j1id,4.005
0.0,priced,0.8159071537467076,33000000000.0,45869404309.0,Sheep,33MZhZAHYub3JZWCstYRmJp3antFNyvXVEtXB3t8qVWJ,Y7NHE54cXavgPqS7Q7AVBVBtYNX44LgyZQHDQM4FukurUfXu4u1g7usS87XhvrFdZSsEpEwN51w2YKmc5bd2ep2,6.164
0.5,priced,0.05742788614290225,43306992848.0,45869404309.0,Sheep,33MZhZAHYub3JZWCstYRmJp3antFNyvXVEtXB3t8qVWJ,Y7NHE54cXavgPqS7Q7AVBVBtYNX44LgyZQHDQM4FukurUfXu4u1g7usS87XhvrFdZSsEpEwN51w2YKmc5bd2ep2,6.164
1.0,priced,0.057023973635097626,43315276452.0,45869404309.0,Sheep,33MZhZAHYub3JZWCstYRmJp3antFNyvXVEtXB3t8qVWJ,Y7NHE54cXavgPqS7Q7AVBVBtYNX44LgyZQHDQM4FukurUfXu4u1g7usS87XhvrFdZSsEpEwN51w2YKmc5bd2ep2,6.164
2.0,priced,0.057023973635097626,43315276452.0,45869404309.0,Sheep,33MZhZAHYub3JZWCstYRmJp3antFNyvXVEtXB3t8qVWJ,Y7NHE54cXavgPqS7Q7AVBVBtYNX44LgyZQHDQM4FukurUfXu4u1g7usS87XhvrFdZSsEpEwN51w2YKmc5bd2ep2,6.164
3.0,priced,-0.07095417976770879,46203212252.0,45869404309.0,Sheep,33MZhZAHYub3JZWCstYRmJp3antFNyvXVEtXB3t8qVWJ,Y7NHE54cXavgPqS7Q7AVBVBtYNX44LgyZQHDQM4FukurUfXu4u1g7usS87XhvrFdZSsEpEwN51w2YKmc5bd2ep2,6.164
5.0,priced,0.06706706158173514,44030372751.0,46842243814.0,Sheep,33MZhZAHYub3JZWCstYRmJp3antFNyvXVEtXB3t8qVWJ,Y7NHE54cXavgPqS7Q7AVBVBtYNX44LgyZQHDQM4FukurUfXu4u1g7usS87XhvrFdZSsEpEwN51w2YKmc5bd2ep2,6.164
10.0,priced,-0.005412354067297936,44323706084.0,45530768083.0,Sheep,33MZhZAHYub3JZWCstYRmJp3antFNyvXVEtXB3t8qVWJ,Y7NHE54cXavgPqS7Q7AVBVBtYNX44LgyZQHDQM4FukurUfXu4u1g7usS87XhvrFdZSsEpEwN51w2YKmc5bd2ep2,6.164
0.0,priced,-0.044761506713411926,33000000000.0,33287687971.0,Sheep,8fyuSrNBV7XGerpA8Tp65ceuTVd9oP1i4c9qrZMZzVyk,4FcSKpBph2dk2GxmAnQ43TNsDY6tQMRmhKZwv2msouqU9QW6J4YPBEzZskQToWbUUJGrgRTWw1EHJDqwdJB9Eczi,3.884
0.5,priced,-0.48520576561210144,46023409470.0,34106358781.0,Sheep,8fyuSrNBV7XGerpA8Tp65ceuTVd9oP1i4c9qrZMZzVyk,4FcSKpBph2dk2GxmAnQ43TNsDY6tQMRmhKZwv2msouqU9QW6J4YPBEzZskQToWbUUJGrgRTWw1EHJDqwdJB9Eczi,3.884
1.0,priced,-0.48520574304077363,46023409470.0,34106359519.0,Sheep,8fyuSrNBV7XGerpA8Tp65ceuTVd9oP1i4c9qrZMZzVyk,4FcSKpBph2dk2GxmAnQ43TNsDY6tQMRmhKZwv2msouqU9QW6J4YPBEzZskQToWbUUJGrgRTWw1EHJDqwdJB9Eczi,3.884
2.0,priced,-0.22096940745024204,37133556628.0,33819790318.0,Sheep,8fyuSrNBV7XGerpA8Tp65ceuTVd9oP1i4c9qrZMZzVyk,4FcSKpBph2dk2GxmAnQ43TNsDY6tQMRmhKZwv2msouqU9QW6J4YPBEzZskQToWbUUJGrgRTWw1EHJDqwdJB9Eczi,3.884
3.0,priced,0.12453535261895321,34696679526.0,37948003651.0,Sheep,8fyuSrNBV7XGerpA8Tp65ceuTVd9oP1i4c9qrZMZzVyk,4FcSKpBph2dk2GxmAnQ43TNsDY6tQMRmhKZwv2msouqU9QW6J4YPBEzZskQToWbUUJGrgRTWw1EHJDqwdJB9Eczi,3.884
5.0,priced,0.048155003535595056,35066625812.0,37029094188.0,Sheep,8fyuSrNBV7XGerpA8Tp65ceuTVd9oP1i4c9qrZMZzVyk,4FcSKpBph2dk2GxmAnQ43TNsDY6tQMRmhKZwv2msouqU9QW6J4YPBEzZskQToWbUUJGrgRTWw1EHJDqwdJB9Eczi,3.884
10.0,missed: wallet sold before our entry landed,,,,Sheep,8fyuSrNBV7XGerpA8Tp65ceuTVd9oP1i4c9qrZMZzVyk,4FcSKpBph2dk2GxmAnQ43TNsDY6tQMRmhKZwv2msouqU9QW6J4YPBEzZskQToWbUUJGrgRTWw1EHJDqwdJB9Eczi,3.884
0.0,priced,1.1774527649927586,57215724028.0,86756358256.0,Sheep,A9kLprZkibNwg6ndCNDKUjQTSBhLetjaF1fZ2mnmRyq4,2zSJzWAjp31sgwGRS9hBh6pLwWm6cgKZStfJyMwVpgUMCVcmUSVG7553nASzibTxv1KN5RDQsNMiBt1sdwXr47G4,417.713
0.5,priced,1.1514951411616579,57626737764.0,86854136033.0,Sheep,A9kLprZkibNwg6ndCNDKUjQTSBhLetjaF1fZ2mnmRyq4,2zSJzWAjp31sgwGRS9hBh6pLwWm6cgKZStfJyMwVpgUMCVcmUSVG7553nASzibTxv1KN5RDQsNMiBt1sdwXr47G4,417.713
1.0,priced,1.1514951411616579,57626737764.0,86854136033.0,Sheep,A9kLprZkibNwg6ndCNDKUjQTSBhLetjaF1fZ2mnmRyq4,2zSJzWAjp31sgwGRS9hBh6pLwWm6cgKZStfJyMwVpgUMCVcmUSVG7553nASzibTxv1KN5RDQsNMiBt1sdwXr47G4,417.713
2.0,priced,1.1621058127793311,57608094186.0,87039913810.0,Sheep,A9kLprZkibNwg6ndCNDKUjQTSBhLetjaF1fZ2mnmRyq4,2zSJzWAjp31sgwGRS9hBh6pLwWm6cgKZStfJyMwVpgUMCVcmUSVG7553nASzibTxv1KN5RDQsNMiBt1sdwXr47G4,417.713
3.0,priced,1.552937788716887,52864992018.0,86835844183.0,Sheep,A9kLprZkibNwg6ndCNDKUjQTSBhLetjaF1fZ2mnmRyq4,2zSJzWAjp31sgwGRS9hBh6pLwWm6cgKZStfJyMwVpgUMCVcmUSVG7553nASzibTxv1KN5RDQsNMiBt1sdwXr47G4,417.713
5.0,priced,1.0179279813506321,54179846198.0,79111598677.0,Sheep,A9kLprZkibNwg6ndCNDKUjQTSBhLetjaF1fZ2mnmRyq4,2zSJzWAjp31sgwGRS9hBh6pLwWm6cgKZStfJyMwVpgUMCVcmUSVG7553nASzibTxv1KN5RDQsNMiBt1sdwXr47G4,417.713
10.0,priced,0.9292017713907459,55245396306.0,78867260173.0,Sheep,A9kLprZkibNwg6ndCNDKUjQTSBhLetjaF1fZ2mnmRyq4,2zSJzWAjp31sgwGRS9hBh6pLwWm6cgKZStfJyMwVpgUMCVcmUSVG7553nASzibTxv1KN5RDQsNMiBt1sdwXr47G4,417.713
0.0,priced,0.7036895777179382,33000000000.0,44428848042.0,Sheep,ENRK47uRPHqs9swgQNSb4pBzNCyBkB5bUf8BYV1S2YKa,2NDn8rANrvNgcCRmAN8BJ9VFdXvLosrW8kyeXwQzEnSStS7ucymEVtG1J6Y822Y3ZP9AJAoCxTEz1NVGVEyhyjRo,4.057
0.5,priced,-0.0537993255283972,44337179767.0,44428848042.0,Sheep,ENRK47uRPHqs9swgQNSb4pBzNCyBkB5bUf8BYV1S2YKa,2NDn8rANrvNgcCRmAN8BJ9VFdXvLosrW8kyeXwQzEnSStS7ucymEVtG1J6Y822Y3ZP9AJAoCxTEz1NVGVEyhyjRo,4.057
1.0,priced,-0.05422080990918458,44347056309.0,44428848042.0,Sheep,ENRK47uRPHqs9swgQNSb4pBzNCyBkB5bUf8BYV1S2YKa,2NDn8rANrvNgcCRmAN8BJ9VFdXvLosrW8kyeXwQzEnSStS7ucymEVtG1J6Y822Y3ZP9AJAoCxTEz1NVGVEyhyjRo,4.057
2.0,priced,-0.1704485793333204,44347056309.0,41626687763.0,Sheep,ENRK47uRPHqs9swgQNSb4pBzNCyBkB5bUf8BYV1S2YKa,2NDn8rANrvNgcCRmAN8BJ9VFdXvLosrW8kyeXwQzEnSStS7ucymEVtG1J6Y822Y3ZP9AJAoCxTEz1NVGVEyhyjRo,4.057
3.0,priced,-0.15863366049062194,44347056309.0,41920021096.0,Sheep,ENRK47uRPHqs9swgQNSb4pBzNCyBkB5bUf8BYV1S2YKa,2NDn8rANrvNgcCRmAN8BJ9VFdXvLosrW8kyeXwQzEnSStS7ucymEVtG1J6Y822Y3ZP9AJAoCxTEz1NVGVEyhyjRo,4.057
5.0,priced,-0.1184159304135809,43324866760.0,41920021096.0,Sheep,ENRK47uRPHqs9swgQNSb4pBzNCyBkB5bUf8BYV1S2YKa,2NDn8rANrvNgcCRmAN8BJ9VFdXvLosrW8kyeXwQzEnSStS7ucymEVtG1J6Y822Y3ZP9AJAoCxTEz1NVGVEyhyjRo,4.057
10.0,priced,-0.296696205460639,48263138361.0,41723100365.0,Sheep,ENRK47uRPHqs9swgQNSb4pBzNCyBkB5bUf8BYV1S2YKa,2NDn8rANrvNgcCRmAN8BJ9VFdXvLosrW8kyeXwQzEnSStS7ucymEVtG1J6Y822Y3ZP9AJAoCxTEz1NVGVEyhyjRo,4.057
0.0,priced,-0.2836297827881675,35901065973.0,31371477360.0,Sheep,AK4ijPoRNhijbifd2A2SfeFNdsp8BCuh68exdzpDVzFY,m2SvaARzWbWKioSMvPnymj7cQctjHihE8Corz47zjMHwvLnyyPAmGJNwjgTZmdt12bajyPV6EDZZPrmF68xoLTu,168.392
0.5,priced,-0.4430601744349213,40695189038.0,31371477360.0,Sheep,AK4ijPoRNhijbifd2A2SfeFNdsp8BCuh68exdzpDVzFY,m2SvaARzWbWKioSMvPnymj7cQctjHihE8Corz47zjMHwvLnyyPAmGJNwjgTZmdt12bajyPV6EDZZPrmF68xoLTu,168.392
1.0,priced,-0.48327120370756105,40695189038.0,30231875082.0,Sheep,AK4ijPoRNhijbifd2A2SfeFNdsp8BCuh68exdzpDVzFY,m2SvaARzWbWKioSMvPnymj7cQctjHihE8Corz47zjMHwvLnyyPAmGJNwjgTZmdt12bajyPV6EDZZPrmF68xoLTu,168.392
2.0,priced,-0.48327120370756105,40695189038.0,30231875082.0,Sheep,AK4ijPoRNhijbifd2A2SfeFNdsp8BCuh68exdzpDVzFY,m2SvaARzWbWKioSMvPnymj7cQctjHihE8Corz47zjMHwvLnyyPAmGJNwjgTZmdt12bajyPV6EDZZPrmF68xoLTu,168.392
3.0,priced,-0.48327120370756105,40695189038.0,30231875082.0,Sheep,AK4ijPoRNhijbifd2A2SfeFNdsp8BCuh68exdzpDVzFY,m2SvaARzWbWKioSMvPnymj7cQctjHihE8Corz47zjMHwvLnyyPAmGJNwjgTZmdt12bajyPV6EDZZPrmF68xoLTu,168.392
5.0,priced,-0.4685899857685862,40133231050.0,30231759294.0,Sheep,AK4ijPoRNhijbifd2A2SfeFNdsp8BCuh68exdzpDVzFY,m2SvaARzWbWKioSMvPnymj7cQctjHihE8Corz47zjMHwvLnyyPAmGJNwjgTZmdt12bajyPV6EDZZPrmF68xoLTu,168.392
10.0,priced,-0.468587142179346,40133124459.0,30231759294.0,Sheep,AK4ijPoRNhijbifd2A2SfeFNdsp8BCuh68exdzpDVzFY,m2SvaARzWbWKioSMvPnymj7cQctjHihE8Corz47zjMHwvLnyyPAmGJNwjgTZmdt12bajyPV6EDZZPrmF68xoLTu,168.392
0.0,priced,-0.02164340751775265,47644606834.0,48524482812.0,Sheep,8AT9M77r2VmPeLyxX92NACuFoshghj323WG8AX77pump,o1Ab37dTCE9ytpbQfLLyh48nWM2nvYZBt198uFPKG8XWQr5oz7JT8hNA886weMTpKvnh4fi6W1shJc8xSkwiKqt,96.329
0.5,priced,-0.3264086391528534,49983422925.0,42289439788.0,Sheep,8AT9M77r2VmPeLyxX92NACuFoshghj323WG8AX77pump,o1Ab37dTCE9ytpbQfLLyh48nWM2nvYZBt198uFPKG8XWQr5oz7JT8hNA886weMTpKvnh4fi6W1shJc8xSkwiKqt,96.329
1.0,priced,-0.4376263952595502,51926239450.0,40175754648.0,Sheep,8AT9M77r2VmPeLyxX92NACuFoshghj323WG8AX77pump,o1Ab37dTCE9ytpbQfLLyh48nWM2nvYZBt198uFPKG8XWQr5oz7JT8hNA886weMTpKvnh4fi6W1shJc8xSkwiKqt,96.329
2.0,priced,-0.4376263952595502,51926239450.0,40175754648.0,Sheep,8AT9M77r2VmPeLyxX92NACuFoshghj323WG8AX77pump,o1Ab37dTCE9ytpbQfLLyh48nWM2nvYZBt198uFPKG8XWQr5oz7JT8hNA886weMTpKvnh4fi6W1shJc8xSkwiKqt,96.329
3.0,priced,-0.49694865859716003,51926239450.0,38025462400.0,Sheep,8AT9M77r2VmPeLyxX92NACuFoshghj323WG8AX77pump,o1Ab37dTCE9ytpbQfLLyh48nWM2nvYZBt198uFPKG8XWQr5oz7JT8hNA886weMTpKvnh4fi6W1shJc8xSkwiKqt,96.329
5.0,priced,-0.5148853276454334,51926239450.0,37351065550.0,Sheep,8AT9M77r2VmPeLyxX92NACuFoshghj323WG8AX77pump,o1Ab37dTCE9ytpbQfLLyh48nWM2nvYZBt198uFPKG8XWQr5oz7JT8hNA886weMTpKvnh4fi6W1shJc8xSkwiKqt,96.329
10.0,priced,-0.5282853094059143,51926239450.0,36839228004.0,Sheep,8AT9M77r2VmPeLyxX92NACuFoshghj323WG8AX77pump,o1Ab37dTCE9ytpbQfLLyh48nWM2nvYZBt198uFPKG8XWQr5oz7JT8hNA886weMTpKvnh4fi6W1shJc8xSkwiKqt,96.329
0.0,priced,-0.21525984154472447,34642733999.0,31680071352.0,Sheep,FacNh7eKM47a341oYg4QvnwMYxNSQRHF8wPWqY9X3f28,3b8pRjLDMhC23fMKFo3D7nAHfVKV4BkPHgJR6Z6mgLFhq8RwVh3fjHizriqLz7KC2SueMqKKF765ax7msjk7wyqK,304.454
0.5,priced,-0.44176193649528933,41050130078.0,31680071352.0,Sheep,FacNh7eKM47a341oYg4QvnwMYxNSQRHF8wPWqY9X3f28,3b8pRjLDMhC23fMKFo3D7nAHfVKV4BkPHgJR6Z6mgLFhq8RwVh3fjHizriqLz7KC2SueMqKKF765ax7msjk7wyqK,304.454
1.0,priced,-0.44176193649528933,41050130078.0,31680071352.0,Sheep,FacNh7eKM47a341oYg4QvnwMYxNSQRHF8wPWqY9X3f28,3b8pRjLDMhC23fMKFo3D7nAHfVKV4BkPHgJR6Z6mgLFhq8RwVh3fjHizriqLz7KC2SueMqKKF765ax7msjk7wyqK,304.454
2.0,priced,-0.4417619584964359,41050130882.0,31680071352.0,Sheep,FacNh7eKM47a341oYg4QvnwMYxNSQRHF8wPWqY9X3f28,3b8pRjLDMhC23fMKFo3D7nAHfVKV4BkPHgJR6Z6mgLFhq8RwVh3fjHizriqLz7KC2SueMqKKF765ax7msjk7wyqK,304.454
3.0,priced,-0.4417619584964359,41050130882.0,31680071352.0,Sheep,FacNh7eKM47a341oYg4QvnwMYxNSQRHF8wPWqY9X3f28,3b8pRjLDMhC23fMKFo3D7nAHfVKV4BkPHgJR6Z6mgLFhq8RwVh3fjHizriqLz7KC2SueMqKKF765ax7msjk7wyqK,304.454
5.0,priced,-0.4237924457777487,40409034130.0,31680071352.0,Sheep,FacNh7eKM47a341oYg4QvnwMYxNSQRHF8wPWqY9X3f28,3b8pRjLDMhC23fMKFo3D7nAHfVKV4BkPHgJR6Z6mgLFhq8RwVh3fjHizriqLz7KC2SueMqKKF765ax7msjk7wyqK,304.454
10.0,priced,-0.4260705155011344,40488664314.0,31680071352.0,Sheep,FacNh7eKM47a341oYg4QvnwMYxNSQRHF8wPWqY9X3f28,3b8pRjLDMhC23fMKFo3D7nAHfVKV4BkPHgJR6Z6mgLFhq8RwVh3fjHizriqLz7KC2SueMqKKF765ax7msjk7wyqK,304.454
0.0,priced,0.8314631999426673,33000000000.0,46065597616.0,Sheep,BVCXFYf1chCiQvi7WokBkgJBGVRceHYoefjN46zR7Vzg,5Qorh77B6sGj986ZsYZbhm7BhEjCJ9q4zF7GdFiFr6HBkwzKLy73EjDy8aTadhg8tdYUvsaGSddaRVYDPVz4Hwzw,6.056
0.5,priced,0.10937933213601447,42800000000.0,46431028355.0,Sheep,BVCXFYf1chCiQvi7WokBkgJBGVRceHYoefjN46zR7Vzg,5Qorh77B6sGj986ZsYZbhm7BhEjCJ9q4zF7GdFiFr6HBkwzKLy73EjDy8aTadhg8tdYUvsaGSddaRVYDPVz4Hwzw,6.056
1.0,priced,-0.08946332598270451,47244444443.0,46431028355.0,Sheep,BVCXFYf1chCiQvi7WokBkgJBGVRceHYoefjN46zR7Vzg,5Qorh77B6sGj986ZsYZbhm7BhEjCJ9q4zF7GdFiFr6HBkwzKLy73EjDy8aTadhg8tdYUvsaGSddaRVYDPVz4Hwzw,6.056
2.0,priced,-0.08946332598270451,47244444443.0,46431028355.0,Sheep,BVCXFYf1chCiQvi7WokBkgJBGVRceHYoefjN46zR7Vzg,5Qorh77B6sGj986ZsYZbhm7BhEjCJ9q4zF7GdFiFr6HBkwzKLy73EjDy8aTadhg8tdYUvsaGSddaRVYDPVz4Hwzw,6.056
3.0,priced,-0.08946332598270451,47244444443.0,46431028355.0,Sheep,BVCXFYf1chCiQvi7WokBkgJBGVRceHYoefjN46zR7Vzg,5Qorh77B6sGj986ZsYZbhm7BhEjCJ9q4zF7GdFiFr6HBkwzKLy73EjDy8aTadhg8tdYUvsaGSddaRVYDPVz4Hwzw,6.056
5.0,priced,0.10937556644764351,42800000001.0,46430949876.0,Sheep,BVCXFYf1chCiQvi7WokBkgJBGVRceHYoefjN46zR7Vzg,5Qorh77B6sGj986ZsYZbhm7BhEjCJ9q4zF7GdFiFr6HBkwzKLy73EjDy8aTadhg8tdYUvsaGSddaRVYDPVz4Hwzw,6.056
10.0,priced,-0.19789536876312197,47738271602.0,44051168491.0,Sheep,BVCXFYf1chCiQvi7WokBkgJBGVRceHYoefjN46zR7Vzg,5Qorh77B6sGj986ZsYZbhm7BhEjCJ9q4zF7GdFiFr6HBkwzKLy73EjDy8aTadhg8tdYUvsaGSddaRVYDPVz4Hwzw,6.056
0.0,priced,0.8739993497750378,33000000000.0,46597911431.0,Sheep,G9hvNde3NMRCK36qgNdArY5HUo3B6jVjwV7fDicN32XQ,55CGvLKy6ZJPfL77Vyetb8hDZUKvJfLcjCgwZYAduxGTp6QVrx3SWyGAvhShjEGJnVgPk7mn9NHS21qMjMAsRbb9,5.92
0.5,priced,0.05853252393200314,43985185184.0,46607787973.0,Sheep,G9hvNde3NMRCK36qgNdArY5HUo3B6jVjwV7fDicN32XQ,55CGvLKy6ZJPfL77Vyetb8hDZUKvJfLcjCgwZYAduxGTp6QVrx3SWyGAvhShjEGJnVgPk7mn9NHS21qMjMAsRbb9,5.92
1.0,priced,0.023438513113092065,44726747145.0,46600683478.0,Sheep,G9hvNde3NMRCK36qgNdArY5HUo3B6jVjwV7fDicN32XQ,55CGvLKy6ZJPfL77Vyetb8hDZUKvJfLcjCgwZYAduxGTp6QVrx3SWyGAvhShjEGJnVgPk7mn9NHS21qMjMAsRbb9,5.92
2.0,priced,0.09280798115898681,44726747145.0,48146760729.0,Sheep,G9hvNde3NMRCK36qgNdArY5HUo3B6jVjwV7fDicN32XQ,55CGvLKy6ZJPfL77Vyetb8hDZUKvJfLcjCgwZYAduxGTp6QVrx3SWyGAvhShjEGJnVgPk7mn9NHS21qMjMAsRbb9,5.92
3.0,priced,0.12325922346116758,44726747145.0,48810112012.0,Sheep,G9hvNde3NMRCK36qgNdArY5HUo3B6jVjwV7fDicN32XQ,55CGvLKy6ZJPfL77Vyetb8hDZUKvJfLcjCgwZYAduxGTp6QVrx3SWyGAvhShjEGJnVgPk7mn9NHS21qMjMAsRbb9,5.92
5.0,priced,-0.1291101699622315,50782449854.0,48799280150.0,Sheep,G9hvNde3NMRCK36qgNdArY5HUo3B6jVjwV7fDicN32XQ,55CGvLKy6ZJPfL77Vyetb8hDZUKvJfLcjCgwZYAduxGTp6QVrx3SWyGAvhShjEGJnVgPk7mn9NHS21qMjMAsRbb9,5.92
10.0,priced,-0.2154009337831769,50664776988.0,46229556448.0,Sheep,G9hvNde3NMRCK36qgNdArY5HUo3B6jVjwV7fDicN32XQ,55CGvLKy6ZJPfL77Vyetb8hDZUKvJfLcjCgwZYAduxGTp6QVrx3SWyGAvhShjEGJnVgPk7mn9NHS21qMjMAsRbb9,5.92
0.0,priced,-0.6923422976474405,58279147154.0,33515222198.0,Sheep,2zfMvNWYwBuQUJe7dRUZDx3JqLGGryZCxuz8U2AYQr8y,4proaNfZ5NZxf4BHx6sFBwnxhcYJr83ZKSQDsHnsfspDZyzNptWBLPmmpmNetaVX3cPY4s5KFpe8MUiiJ4k6oaWs,352.037
0.5,priced,-0.7021048979059002,59205974305.0,33515222198.0,Sheep,2zfMvNWYwBuQUJe7dRUZDx3JqLGGryZCxuz8U2AYQr8y,4proaNfZ5NZxf4BHx6sFBwnxhcYJr83ZKSQDsHnsfspDZyzNptWBLPmmpmNetaVX3cPY4s5KFpe8MUiiJ4k6oaWs,352.037
1.0,priced,-0.7243046378136945,61488753449.0,33515222198.0,Sheep,2zfMvNWYwBuQUJe7dRUZDx3JqLGGryZCxuz8U2AYQr8y,4proaNfZ5NZxf4BHx6sFBwnxhcYJr83ZKSQDsHnsfspDZyzNptWBLPmmpmNetaVX3cPY4s5KFpe8MUiiJ4k6oaWs,352.037
2.0,priced,-0.7243137134888846,61489741103.0,33515222198.0,Sheep,2zfMvNWYwBuQUJe7dRUZDx3JqLGGryZCxuz8U2AYQr8y,4proaNfZ5NZxf4BHx6sFBwnxhcYJr83ZKSQDsHnsfspDZyzNptWBLPmmpmNetaVX3cPY4s5KFpe8MUiiJ4k6oaWs,352.037
3.0,priced,-0.7256164983920103,61489741103.0,33438093854.0,Sheep,2zfMvNWYwBuQUJe7dRUZDx3JqLGGryZCxuz8U2AYQr8y,4proaNfZ5NZxf4BHx6sFBwnxhcYJr83ZKSQDsHnsfspDZyzNptWBLPmmpmNetaVX3cPY4s5KFpe8MUiiJ4k6oaWs,352.037
5.0,priced,-0.7280758184753363,61489741103.0,33292010088.0,Sheep,2zfMvNWYwBuQUJe7dRUZDx3JqLGGryZCxuz8U2AYQr8y,4proaNfZ5NZxf4BHx6sFBwnxhcYJr83ZKSQDsHnsfspDZyzNptWBLPmmpmNetaVX3cPY4s5KFpe8MUiiJ4k6oaWs,352.037
10.0,priced,-0.7002733582258396,58634331725.0,33292010088.0,Sheep,2zfMvNWYwBuQUJe7dRUZDx3JqLGGryZCxuz8U2AYQr8y,4proaNfZ5NZxf4BHx6sFBwnxhcYJr83ZKSQDsHnsfspDZyzNptWBLPmmpmNetaVX3cPY4s5KFpe8MUiiJ4k6oaWs,352.037
0.0,priced,-0.6399067782796347,48280626494.0,30006753764.0,Sheep,4TwDsAm3x3Bgj7H5pGg1KCVNmGwNhWWsVsAwPyJvSqhm,5WkFu8tztJcs6nP7Xeuntpo6C2g8KeVzRPgCHDKsYuWBd6WkaYNrowxQ2UvDZNb4TJym7oun8euHi5aRkkpp8iCY,627.866
0.5,priced,-0.6399067782796347,48280626494.0,30006753764.0,Sheep,4TwDsAm3x3Bgj7H5pGg1KCVNmGwNhWWsVsAwPyJvSqhm,5WkFu8tztJcs6nP7Xeuntpo6C2g8KeVzRPgCHDKsYuWBd6WkaYNrowxQ2UvDZNb4TJym7oun8euHi5aRkkpp8iCY,627.866
1.0,priced,-0.6453649661762961,48644667980.0,30006753764.0,Sheep,4TwDsAm3x3Bgj7H5pGg1KCVNmGwNhWWsVsAwPyJvSqhm,5WkFu8tztJcs6nP7Xeuntpo6C2g8KeVzRPgCHDKsYuWBd6WkaYNrowxQ2UvDZNb4TJym7oun8euHi5aRkkpp8iCY,627.866
2.0,priced,-0.6453649661762961,48644667980.0,30006753764.0,Sheep,4TwDsAm3x3Bgj7H5pGg1KCVNmGwNhWWsVsAwPyJvSqhm,5WkFu8tztJcs6nP7Xeuntpo6C2g8KeVzRPgCHDKsYuWBd6WkaYNrowxQ2UvDZNb4TJym7oun8euHi5aRkkpp8iCY,627.866
3.0,priced,-0.6453649661762961,48644667980.0,30006753764.0,Sheep,4TwDsAm3x3Bgj7H5pGg1KCVNmGwNhWWsVsAwPyJvSqhm,5WkFu8tztJcs6nP7Xeuntpo6C2g8KeVzRPgCHDKsYuWBd6WkaYNrowxQ2UvDZNb4TJym7oun8euHi5aRkkpp8iCY,627.866
5.0,priced,-0.6453649661762961,48644667980.0,30006753764.0,Sheep,4TwDsAm3x3Bgj7H5pGg1KCVNmGwNhWWsVsAwPyJvSqhm,5WkFu8tztJcs6nP7Xeuntpo6C2g8KeVzRPgCHDKsYuWBd6WkaYNrowxQ2UvDZNb4TJym7oun8euHi5aRkkpp8iCY,627.866
10.0,priced,-0.6454885822651978,48653007718.0,30006753764.0,Sheep,4TwDsAm3x3Bgj7H5pGg1KCVNmGwNhWWsVsAwPyJvSqhm,5WkFu8tztJcs6nP7Xeuntpo6C2g8KeVzRPgCHDKsYuWBd6WkaYNrowxQ2UvDZNb4TJym7oun8euHi5aRkkpp8iCY,627.866
0.0,priced,1.0652593300105175,33000000000.0,48920967627.0,Sheep,4TwDsAm3x3Bgj7H5pGg1KCVNmGwNhWWsVsAwPyJvSqhm,4m4jXsqLVGSKwnGQWdjL5Dc8HFbS8A9KjZe6pjA3nfB1hTK2qQCFMHqWAdiov2HLrSEQg9vxsc1mFZbE7zuLhsHk,3.921
0.5,priced,0.019687404564147352,47052474771.0,48920967627.0,Sheep,4TwDsAm3x3Bgj7H5pGg1KCVNmGwNhWWsVsAwPyJvSqhm,4m4jXsqLVGSKwnGQWdjL5Dc8HFbS8A9KjZe6pjA3nfB1hTK2qQCFMHqWAdiov2HLrSEQg9vxsc1mFZbE7zuLhsHk,3.921
1.0,priced,-0.018756538412508607,47319141435.0,48265375920.0,Sheep,4TwDsAm3x3Bgj7H5pGg1KCVNmGwNhWWsVsAwPyJvSqhm,4m4jXsqLVGSKwnGQWdjL5Dc8HFbS8A9KjZe6pjA3nfB1hTK2qQCFMHqWAdiov2HLrSEQg9vxsc1mFZbE7zuLhsHk,3.921
2.0,priced,-0.015793150378385065,47319141435.0,48337803623.0,Sheep,4TwDsAm3x3Bgj7H5pGg1KCVNmGwNhWWsVsAwPyJvSqhm,4m4jXsqLVGSKwnGQWdjL5Dc8HFbS8A9KjZe6pjA3nfB1hTK2qQCFMHqWAdiov2HLrSEQg9vxsc1mFZbE7zuLhsHk,3.921
3.0,priced,-0.21822070914776315,53124207951.0,48376914734.0,Sheep,4TwDsAm3x3Bgj7H5pGg1KCVNmGwNhWWsVsAwPyJvSqhm,4m4jXsqLVGSKwnGQWdjL5Dc8HFbS8A9KjZe6pjA3nfB1hTK2qQCFMHqWAdiov2HLrSEQg9vxsc1mFZbE7zuLhsHk,3.921
5.0,priced,-0.3097757677501074,56636119598.0,48474692511.0,Sheep,4TwDsAm3x3Bgj7H5pGg1KCVNmGwNhWWsVsAwPyJvSqhm,4m4jXsqLVGSKwnGQWdjL5Dc8HFbS8A9KjZe6pjA3nfB1hTK2qQCFMHqWAdiov2HLrSEQg9vxsc1mFZbE7zuLhsHk,3.921
10.0,missed: wallet sold before our entry landed,,,,Sheep,4TwDsAm3x3Bgj7H5pGg1KCVNmGwNhWWsVsAwPyJvSqhm,4m4jXsqLVGSKwnGQWdjL5Dc8HFbS8A9KjZe6pjA3nfB1hTK2qQCFMHqWAdiov2HLrSEQg9vxsc1mFZbE7zuLhsHk,3.921
0.0,priced,-0.3878734057031086,51755278364.0,41757261527.0,Sheep,4VUkAjAZrQ9WgPxJaKRToqkyM7cagtXcn7ZoSAP6VRiU,2PP4y8T4sPupoj2qaQKrnDYokpcXvzkMgV58N9vvaT9Hwis1uRGMVegVS2xFaevDfboZpg5nvxVmsNZAsz2AqgGx,31.494
0.5,priced,-0.38834359284551145,51775031449.0,41757261527.0,Sheep,4VUkAjAZrQ9WgPxJaKRToqkyM7cagtXcn7ZoSAP6VRiU,2PP4y8T4sPupoj2qaQKrnDYokpcXvzkMgV58N9vvaT9Hwis1uRGMVegVS2xFaevDfboZpg5nvxVmsNZAsz2AqgGx,31.494
1.0,priced,-0.4370481831289698,53501393043.0,41410406096.0,Sheep,4VUkAjAZrQ9WgPxJaKRToqkyM7cagtXcn7ZoSAP6VRiU,2PP4y8T4sPupoj2qaQKrnDYokpcXvzkMgV58N9vvaT9Hwis1uRGMVegVS2xFaevDfboZpg5nvxVmsNZAsz2AqgGx,31.494
2.0,priced,-0.43438074851409,53375360961.0,41409814405.0,Sheep,4VUkAjAZrQ9WgPxJaKRToqkyM7cagtXcn7ZoSAP6VRiU,2PP4y8T4sPupoj2qaQKrnDYokpcXvzkMgV58N9vvaT9Hwis1uRGMVegVS2xFaevDfboZpg5nvxVmsNZAsz2AqgGx,31.494
3.0,priced,-0.45668853080467287,53453385651.0,40654318910.0,Sheep,4VUkAjAZrQ9WgPxJaKRToqkyM7cagtXcn7ZoSAP6VRiU,2PP4y8T4sPupoj2qaQKrnDYokpcXvzkMgV58N9vvaT9Hwis1uRGMVegVS2xFaevDfboZpg5nvxVmsNZAsz2AqgGx,31.494
5.0,priced,-0.46042256440152585,53453386638.0,40516171708.0,Sheep,4VUkAjAZrQ9WgPxJaKRToqkyM7cagtXcn7ZoSAP6VRiU,2PP4y8T4sPupoj2qaQKrnDYokpcXvzkMgV58N9vvaT9Hwis1uRGMVegVS2xFaevDfboZpg5nvxVmsNZAsz2AqgGx,31.494
10.0,priced,-0.46284193104795895,53494726181.0,40457551436.0,Sheep,4VUkAjAZrQ9WgPxJaKRToqkyM7cagtXcn7ZoSAP6VRiU,2PP4y8T4sPupoj2qaQKrnDYokpcXvzkMgV58N9vvaT9Hwis1uRGMVegVS2xFaevDfboZpg5nvxVmsNZAsz2AqgGx,31.494
0.0,priced,-0.41525391135725775,38445266563.0,30368836513.0,Sheep,3JGcft4WXJHQ9h1uyvk5npboqYxphVhZc9vaniSEZgAd,hTpJoybsSK7nTepH7uWoe7hzpWPF9i9T5xxDKEHTN7h1CkYuTQ8BNkVcZ5zTVbvbfR1QKDeuJ5Cs1W2ED1PYd2C,23.854
0.5,priced,-0.42849839502559234,38885685759.0,30368836513.0,Sheep,3JGcft4WXJHQ9h1uyvk5npboqYxphVhZc9vaniSEZgAd,hTpJoybsSK7nTepH7uWoe7hzpWPF9i9T5xxDKEHTN7h1CkYuTQ8BNkVcZ5zTVbvbfR1QKDeuJ5Cs1W2ED1PYd2C,23.854
1.0,priced,-0.42849839502559234,38885685759.0,30368836513.0,Sheep,3JGcft4WXJHQ9h1uyvk5npboqYxphVhZc9vaniSEZgAd,hTpJoybsSK7nTepH7uWoe7hzpWPF9i9T5xxDKEHTN7h1CkYuTQ8BNkVcZ5zTVbvbfR1QKDeuJ5Cs1W2ED1PYd2C,23.854
2.0,priced,-0.42849839502559234,38885685759.0,30368836513.0,Sheep,3JGcft4WXJHQ9h1uyvk5npboqYxphVhZc9vaniSEZgAd,hTpJoybsSK7nTepH7uWoe7hzpWPF9i9T5xxDKEHTN7h1CkYuTQ8BNkVcZ5zTVbvbfR1QKDeuJ5Cs1W2ED1PYd2C,23.854
3.0,priced,-0.42849839502559234,38885685759.0,30368836513.0,Sheep,3JGcft4WXJHQ9h1uyvk5npboqYxphVhZc9vaniSEZgAd,hTpJoybsSK7nTepH7uWoe7hzpWPF9i9T5xxDKEHTN7h1CkYuTQ8BNkVcZ5zTVbvbfR1QKDeuJ5Cs1W2ED1PYd2C,23.854
5.0,priced,-0.42849839502559234,38885685759.0,30368836513.0,Sheep,3JGcft4WXJHQ9h1uyvk5npboqYxphVhZc9vaniSEZgAd,hTpJoybsSK7nTepH7uWoe7hzpWPF9i9T5xxDKEHTN7h1CkYuTQ8BNkVcZ5zTVbvbfR1QKDeuJ5Cs1W2ED1PYd2C,23.854
10.0,priced,-0.42849839502559234,38885685759.0,30368836513.0,Sheep,3JGcft4WXJHQ9h1uyvk5npboqYxphVhZc9vaniSEZgAd,hTpJoybsSK7nTepH7uWoe7hzpWPF9i9T5xxDKEHTN7h1CkYuTQ8BNkVcZ5zTVbvbfR1QKDeuJ5Cs1W2ED1PYd2C,23.854
0.0,priced,-0.44838920552552675,42402242761.0,32525625585.0,Sheep,5u6GQp69VXvyFGEjTGxMityQmwnSLEX3etH4VmHfpump,3izsrtGXcPgL7ZW7aUpSZvLGCufGEvTae9KgBUj9s5fLn22DeZDqUQKVPzb9eb7g7JroeaxBTdL8rhhES4hVgRxP,21.24
0.5,priced,-0.5718633163181086,48070458609.0,32525579725.0,Sheep,5u6GQp69VXvyFGEjTGxMityQmwnSLEX3etH4VmHfpump,3izsrtGXcPgL7ZW7aUpSZvLGCufGEvTae9KgBUj9s5fLn22DeZDqUQKVPzb9eb7g7JroeaxBTdL8rhhES4hVgRxP,21.24
1.0,priced,-0.570214031787565,48070458609.0,32587126154.0,Sheep,5u6GQp69VXvyFGEjTGxMityQmwnSLEX3etH4VmHfpump,3izsrtGXcPgL7ZW7aUpSZvLGCufGEvTae9KgBUj9s5fLn22DeZDqUQKVPzb9eb7g7JroeaxBTdL8rhhES4hVgRxP,21.24
2.0,priced,-0.5737711542826117,48267989473.0,32587035119.0,Sheep,5u6GQp69VXvyFGEjTGxMityQmwnSLEX3etH4VmHfpump,3izsrtGXcPgL7ZW7aUpSZvLGCufGEvTae9KgBUj9s5fLn22DeZDqUQKVPzb9eb7g7JroeaxBTdL8rhhES4hVgRxP,21.24
3.0,priced,-0.48468969237091986,43941909033.0,32587035119.0,Sheep,5u6GQp69VXvyFGEjTGxMityQmwnSLEX3etH4VmHfpump,3izsrtGXcPgL7ZW7aUpSZvLGCufGEvTae9KgBUj9s5fLn22DeZDqUQKVPzb9eb7g7JroeaxBTdL8rhhES4hVgRxP,21.24
5.0,priced,-0.4690305966983279,43981028388.0,33101302560.0,Sheep,5u6GQp69VXvyFGEjTGxMityQmwnSLEX3etH4VmHfpump,3izsrtGXcPgL7ZW7aUpSZvLGCufGEvTae9KgBUj9s5fLn22DeZDqUQKVPzb9eb7g7JroeaxBTdL8rhhES4hVgRxP,21.24
10.0,priced,-0.45679549065630737,43485543349.0,33100398972.0,Sheep,5u6GQp69VXvyFGEjTGxMityQmwnSLEX3etH4VmHfpump,3izsrtGXcPgL7ZW7aUpSZvLGCufGEvTae9KgBUj9s5fLn22DeZDqUQKVPzb9eb7g7JroeaxBTdL8rhhES4hVgRxP,21.24
0.0,priced,-0.030993238362935185,33000000000.0,33525630900.0,Sheep,8FBCoaGahFuKUUj3yJsKPvUSzeG5cGwh2XKAbzNCTnCg,47gK55M7w6q4N6mnE1baWxBZZyEZUborS5L1JnYfbS9y4UFwhmZENjkNR6JdXNvsJMSqunE6JMATCWTxfPoSCAn5,5.948
0.5,priced,-0.4952003423476908,44001443126.0,32300946576.0,Sheep,8FBCoaGahFuKUUj3yJsKPvUSzeG5cGwh2XKAbzNCTnCg,47gK55M7w6q4N6mnE1baWxBZZyEZUborS5L1JnYfbS9y4UFwhmZENjkNR6JdXNvsJMSqunE6JMATCWTxfPoSCAn5,5.948
1.0,priced,-0.49576315983327335,44025887569.0,32301028551.0,Sheep,8FBCoaGahFuKUUj3yJsKPvUSzeG5cGwh2XKAbzNCTnCg,47gK55M7w6q4N6mnE1baWxBZZyEZUborS5L1JnYfbS9y4UFwhmZENjkNR6JdXNvsJMSqunE6JMATCWTxfPoSCAn5,5.948
2.0,priced,-0.5004755127427173,44223638459.0,32295533024.0,Sheep,8FBCoaGahFuKUUj3yJsKPvUSzeG5cGwh2XKAbzNCTnCg,47gK55M7w6q4N6mnE1baWxBZZyEZUborS5L1JnYfbS9y4UFwhmZENjkNR6JdXNvsJMSqunE6JMATCWTxfPoSCAn5,5.948
3.0,priced,-0.4940144685603122,44223638459.0,32500866357.0,Sheep,8FBCoaGahFuKUUj3yJsKPvUSzeG5cGwh2XKAbzNCTnCg,47gK55M7w6q4N6mnE1baWxBZZyEZUborS5L1JnYfbS9y4UFwhmZENjkNR6JdXNvsJMSqunE6JMATCWTxfPoSCAn5,5.948
5.0,priced,-0.49370578458639863,44223638459.0,32510644134.0,Sheep,8FBCoaGahFuKUUj3yJsKPvUSzeG5cGwh2XKAbzNCTnCg,47gK55M7w6q4N6mnE1baWxBZZyEZUborS5L1JnYfbS9y4UFwhmZENjkNR6JdXNvsJMSqunE6JMATCWTxfPoSCAn5,5.948
10.0,priced,-0.46993714134195164,43563710021.0,32761094923.0,Sheep,8FBCoaGahFuKUUj3yJsKPvUSzeG5cGwh2XKAbzNCTnCg,47gK55M7w6q4N6mnE1baWxBZZyEZUborS5L1JnYfbS9y4UFwhmZENjkNR6JdXNvsJMSqunE6JMATCWTxfPoSCAn5,5.948
0.0,priced,1.2739566263813482,33000000000.0,51337872642.0,Sheep,EzHQcX7pWb7pmgL9ZYQ6LuqUCHtDZ9NtB59DEyBfN5mc,3rD9ZSaqsqjW2pHWJr85ux9RU9MnCeRLRVb6Q8HNVFUiPZpUedpUheGv8WxrAxYSZMcu6AMndJw5GdQvhFEoxirQ,6.229
0.5,priced,0.18562852102783012,45800000000.0,51337872642.0,Sheep,EzHQcX7pWb7pmgL9ZYQ6LuqUCHtDZ9NtB59DEyBfN5mc,3rD9ZSaqsqjW2pHWJr85ux9RU9MnCeRLRVb6Q8HNVFUiPZpUedpUheGv8WxrAxYSZMcu6AMndJw5GdQvhFEoxirQ,6.229
1.0,priced,0.15012672405680727,46502685005.0,51337872642.0,Sheep,EzHQcX7pWb7pmgL9ZYQ6LuqUCHtDZ9NtB59DEyBfN5mc,3rD9ZSaqsqjW2pHWJr85ux9RU9MnCeRLRVb6Q8HNVFUiPZpUedpUheGv8WxrAxYSZMcu6AMndJw5GdQvhFEoxirQ,6.229
2.0,priced,0.15012672405680727,46502685005.0,51337872642.0,Sheep,EzHQcX7pWb7pmgL9ZYQ6LuqUCHtDZ9NtB59DEyBfN5mc,3rD9ZSaqsqjW2pHWJr85ux9RU9MnCeRLRVb6Q8HNVFUiPZpUedpUheGv8WxrAxYSZMcu6AMndJw5GdQvhFEoxirQ,6.229
3.0,priced,0.15012672405680727,46502685005.0,51337872642.0,Sheep,EzHQcX7pWb7pmgL9ZYQ6LuqUCHtDZ9NtB59DEyBfN5mc,3rD9ZSaqsqjW2pHWJr85ux9RU9MnCeRLRVb6Q8HNVFUiPZpUedpUheGv8WxrAxYSZMcu6AMndJw5GdQvhFEoxirQ,6.229
5.0,priced,0.15012672405680727,46502685005.0,51337872642.0,Sheep,EzHQcX7pWb7pmgL9ZYQ6LuqUCHtDZ9NtB59DEyBfN5mc,3rD9ZSaqsqjW2pHWJr85ux9RU9MnCeRLRVb6Q8HNVFUiPZpUedpUheGv8WxrAxYSZMcu6AMndJw5GdQvhFEoxirQ,6.229
10.0,priced,-0.021578684708010318,47592093719.0,48472869827.0,Sheep,EzHQcX7pWb7pmgL9ZYQ6LuqUCHtDZ9NtB59DEyBfN5mc,3rD9ZSaqsqjW2pHWJr85ux9RU9MnCeRLRVb6Q8HNVFUiPZpUedpUheGv8WxrAxYSZMcu6AMndJw5GdQvhFEoxirQ,6.229
0.0,priced,-0.30827332639758204,35033755715.0,30091496760.0,Sheep,9BSg6KTxBZpgufXCUszszBwG9ufAdFn5P76Ap29Vpump,5nHTiLjv1722965G4DBsAiKksiNZGbjKx8XtWSiVMQLP6EUNtL44ZnGb3MM1jums7gggipzEnWh92FQnbmuon3Uv,79.111
0.5,priced,-0.5068678905900414,41454854603.0,30091451082.0,Sheep,9BSg6KTxBZpgufXCUszszBwG9ufAdFn5P76Ap29Vpump,5nHTiLjv1722965G4DBsAiKksiNZGbjKx8XtWSiVMQLP6EUNtL44ZnGb3MM1jums7gggipzEnWh92FQnbmuon3Uv,79.111
1.0,priced,-0.5230677464863974,42146469856.0,30091405167.0,Sheep,9BSg6KTxBZpgufXCUszszBwG9ufAdFn5P76Ap29Vpump,5nHTiLjv1722965G4DBsAiKksiNZGbjKx8XtWSiVMQLP6EUNtL44ZnGb3MM1jums7gggipzEnWh92FQnbmuon3Uv,79.111
2.0,priced,-0.5230677464863974,42146469856.0,30091405167.0,Sheep,9BSg6KTxBZpgufXCUszszBwG9ufAdFn5P76Ap29Vpump,5nHTiLjv1722965G4DBsAiKksiNZGbjKx8XtWSiVMQLP6EUNtL44ZnGb3MM1jums7gggipzEnWh92FQnbmuon3Uv,79.111
3.0,priced,-0.5230692232911737,42146469856.0,30091359253.0,Sheep,9BSg6KTxBZpgufXCUszszBwG9ufAdFn5P76Ap29Vpump,5nHTiLjv1722965G4DBsAiKksiNZGbjKx8XtWSiVMQLP6EUNtL44ZnGb3MM1jums7gggipzEnWh92FQnbmuon3Uv,79.111
5.0,priced,-0.5090603085031138,41546300178.0,30091313338.0,Sheep,9BSg6KTxBZpgufXCUszszBwG9ufAdFn5P76Ap29Vpump,5nHTiLjv1722965G4DBsAiKksiNZGbjKx8XtWSiVMQLP6EUNtL44ZnGb3MM1jums7gggipzEnWh92FQnbmuon3Uv,79.111
10.0,priced,-0.49217713334805396,40855765142.0,30091313338.0,Sheep,9BSg6KTxBZpgufXCUszszBwG9ufAdFn5P76Ap29Vpump,5nHTiLjv1722965G4DBsAiKksiNZGbjKx8XtWSiVMQLP6EUNtL44ZnGb3MM1jums7gggipzEnWh92FQnbmuon3Uv,79.111
0.0,priced,1.0605292085915754,33000000000.0,48864826265.0,Sheep,AxzfB9atpwQF7cbA2RrYj6ER9yGGEo8eBZ38EMYNJfBb,3UNW4jAKwyqiGrZ1xBz6T56FbbUYRxDkN6K36KZGjd2exPaK9EAm3DY1zmyoTawjg8QcjX78awAhpGzMW2BScC7W,4.71
0.5,priced,0.19713411445335816,43370800102.0,48864826265.0,Sheep,AxzfB9atpwQF7cbA2RrYj6ER9yGGEo8eBZ38EMYNJfBb,3UNW4jAKwyqiGrZ1xBz6T56FbbUYRxDkN6K36KZGjd2exPaK9EAm3DY1zmyoTawjg8QcjX78awAhpGzMW2BScC7W,4.71
1.0,priced,0.2102571552768793,43370800102.0,49130999103.0,Sheep,AxzfB9atpwQF7cbA2RrYj6ER9yGGEo8eBZ38EMYNJfBb,3UNW4jAKwyqiGrZ1xBz6T56FbbUYRxDkN6K36KZGjd2exPaK9EAm3DY1zmyoTawjg8QcjX78awAhpGzMW2BScC7W,4.71
2.0,priced,0.2103059807604065,43370800102.0,49131986757.0,Sheep,AxzfB9atpwQF7cbA2RrYj6ER9yGGEo8eBZ38EMYNJfBb,3UNW4jAKwyqiGrZ1xBz6T56FbbUYRxDkN6K36KZGjd2exPaK9EAm3DY1zmyoTawjg8QcjX78awAhpGzMW2BScC7W,4.71
3.0,priced,0.2103059807604065,43370800102.0,49131986757.0,Sheep,AxzfB9atpwQF7cbA2RrYj6ER9yGGEo8eBZ38EMYNJfBb,3UNW4jAKwyqiGrZ1xBz6T56FbbUYRxDkN6K36KZGjd2exPaK9EAm3DY1zmyoTawjg8QcjX78awAhpGzMW2BScC7W,4.71
5.0,priced,-0.02054985570664549,48506602566.0,49425320090.0,Sheep,AxzfB9atpwQF7cbA2RrYj6ER9yGGEo8eBZ38EMYNJfBb,3UNW4jAKwyqiGrZ1xBz6T56FbbUYRxDkN6K36KZGjd2exPaK9EAm3DY1zmyoTawjg8QcjX78awAhpGzMW2BScC7W,4.71
10.0,priced,-0.25601294011212156,53889318609.0,47879771668.0,Sheep,AxzfB9atpwQF7cbA2RrYj6ER9yGGEo8eBZ38EMYNJfBb,3UNW4jAKwyqiGrZ1xBz6T56FbbUYRxDkN6K36KZGjd2exPaK9EAm3DY1zmyoTawjg8QcjX78awAhpGzMW2BScC7W,4.71
0.0,priced,1.422930635762506,47601482185.0,76222453991.0,Kadenox,FdHgHhStoUMSSXgL9rTN7A8wPhfkkS9iy8LDNZmSpump,393ss7hsFdP5kt4gqqwcxuGD8b47zEWoXry2yzBVgXrFdGzNRcKZ9AniA9qzTkL3n2MaG9TtUv1JVXWBqrxH38r9,27.927
0.5,priced,0.7653160039485266,55816007607.0,76222453991.0,Kadenox,FdHgHhStoUMSSXgL9rTN7A8wPhfkkS9iy8LDNZmSpump,393ss7hsFdP5kt4gqqwcxuGD8b47zEWoXry2yzBVgXrFdGzNRcKZ9AniA9qzTkL3n2MaG9TtUv1JVXWBqrxH38r9,27.927
1.0,priced,0.6522708011203895,56334511336.0,74427423345.0,Kadenox,FdHgHhStoUMSSXgL9rTN7A8wPhfkkS9iy8LDNZmSpump,393ss7hsFdP5kt4gqqwcxuGD8b47zEWoXry2yzBVgXrFdGzNRcKZ9AniA9qzTkL3n2MaG9TtUv1JVXWBqrxH38r9,27.927
2.0,priced,0.6434419834100268,56485452279.0,74426594930.0,Kadenox,FdHgHhStoUMSSXgL9rTN7A8wPhfkkS9iy8LDNZmSpump,393ss7hsFdP5kt4gqqwcxuGD8b47zEWoXry2yzBVgXrFdGzNRcKZ9AniA9qzTkL3n2MaG9TtUv1JVXWBqrxH38r9,27.927
3.0,priced,0.6131039874282677,57015674478.0,74426594930.0,Kadenox,FdHgHhStoUMSSXgL9rTN7A8wPhfkkS9iy8LDNZmSpump,393ss7hsFdP5kt4gqqwcxuGD8b47zEWoXry2yzBVgXrFdGzNRcKZ9AniA9qzTkL3n2MaG9TtUv1JVXWBqrxH38r9,27.927
5.0,priced,0.3431625615198729,61513485145.0,73265358765.0,Kadenox,FdHgHhStoUMSSXgL9rTN7A8wPhfkkS9iy8LDNZmSpump,393ss7hsFdP5kt4gqqwcxuGD8b47zEWoXry2yzBVgXrFdGzNRcKZ9AniA9qzTkL3n2MaG9TtUv1JVXWBqrxH38r9,27.927
10.0,priced,0.25103898474010994,61844711475.0,71097000419.0,Kadenox,FdHgHhStoUMSSXgL9rTN7A8wPhfkkS9iy8LDNZmSpump,393ss7hsFdP5kt4gqqwcxuGD8b47zEWoXry2yzBVgXrFdGzNRcKZ9AniA9qzTkL3n2MaG9TtUv1JVXWBqrxH38r9,27.927
0.0,priced,0.8460128318554413,33000000000.0,46248356186.0,Sheep,983FQrs63qt8dJs2SM389ascJDu8aSRTu4jpXLqTZdgz,3RCcqXNw6KvPKHVXbhM6uBe86XMcyRQckyYF3YKESXbvFAyPhgm7ibnqFpaA9SBfCghZLKeheu6ecSHUVqoj7Eq3,5.952
0.5,priced,0.10063126200497485,42800000000.0,46248356186.0,Sheep,983FQrs63qt8dJs2SM389ascJDu8aSRTu4jpXLqTZdgz,3RCcqXNw6KvPKHVXbhM6uBe86XMcyRQckyYF3YKESXbvFAyPhgm7ibnqFpaA9SBfCghZLKeheu6ecSHUVqoj7Eq3,5.952
1.0,priced,0.10063126200497485,42800000000.0,46248356186.0,Sheep,983FQrs63qt8dJs2SM389ascJDu8aSRTu4jpXLqTZdgz,3RCcqXNw6KvPKHVXbhM6uBe86XMcyRQckyYF3YKESXbvFAyPhgm7ibnqFpaA9SBfCghZLKeheu6ecSHUVqoj7Eq3,5.952
2.0,priced,0.10063126200497485,42800000000.0,46248356186.0,Sheep,983FQrs63qt8dJs2SM389ascJDu8aSRTu4jpXLqTZdgz,3RCcqXNw6KvPKHVXbhM6uBe86XMcyRQckyYF3YKESXbvFAyPhgm7ibnqFpaA9SBfCghZLKeheu6ecSHUVqoj7Eq3,5.952
3.0,priced,0.10063126200497485,42800000000.0,46248356186.0,Sheep,983FQrs63qt8dJs2SM389ascJDu8aSRTu4jpXLqTZdgz,3RCcqXNw6KvPKHVXbhM6uBe86XMcyRQckyYF3YKESXbvFAyPhgm7ibnqFpaA9SBfCghZLKeheu6ecSHUVqoj7Eq3,5.952
5.0,priced,-0.12156386304622746,44755555555.0,43219803368.0,Sheep,983FQrs63qt8dJs2SM389ascJDu8aSRTu4jpXLqTZdgz,3RCcqXNw6KvPKHVXbhM6uBe86XMcyRQckyYF3YKESXbvFAyPhgm7ibnqFpaA9SBfCghZLKeheu6ecSHUVqoj7Eq3,5.952
10.0,priced,-0.28511677166892085,49733333328.0,43337334230.0,Sheep,983FQrs63qt8dJs2SM389ascJDu8aSRTu4jpXLqTZdgz,3RCcqXNw6KvPKHVXbhM6uBe86XMcyRQckyYF3YKESXbvFAyPhgm7ibnqFpaA9SBfCghZLKeheu6ecSHUVqoj7Eq3,5.952
0.0,priced,0.8332173248802239,33000000000.0,46087669088.0,Sheep,5bYaWhbXS73iztQJh6Wcd8pKgKeB9ueJW5RMJtcyKBev,2SrkrhDhSEoXqkDLSEQJswJzRsjp8K7HJyXCkpa9P6WBatpbGH7eYSkZvdTwmPrR4Gr9rRDEoTpFMNPWQx9czuni,6.09
0.5,priced,0.09296429311572696,42800000000.0,46087669088.0,Sheep,5bYaWhbXS73iztQJh6Wcd8pKgKeB9ueJW5RMJtcyKBev,2SrkrhDhSEoXqkDLSEQJswJzRsjp8K7HJyXCkpa9P6WBatpbGH7eYSkZvdTwmPrR4Gr9rRDEoTpFMNPWQx9czuni,6.09
1.0,priced,-0.07256543072786498,46464503244.0,46087669088.0,Sheep,5bYaWhbXS73iztQJh6Wcd8pKgKeB9ueJW5RMJtcyKBev,2SrkrhDhSEoXqkDLSEQJswJzRsjp8K7HJyXCkpa9P6WBatpbGH7eYSkZvdTwmPrR4Gr9rRDEoTpFMNPWQx9czuni,6.09
2.0,priced,-0.16260615911957216,46464503244.0,43807851198.0,Sheep,5bYaWhbXS73iztQJh6Wcd8pKgKeB9ueJW5RMJtcyKBev,2SrkrhDhSEoXqkDLSEQJswJzRsjp8K7HJyXCkpa9P6WBatpbGH7eYSkZvdTwmPrR4Gr9rRDEoTpFMNPWQx9czuni,6.09
3.0,priced,-0.1582244061838459,46464503244.0,43921515003.0,Sheep,5bYaWhbXS73iztQJh6Wcd8pKgKeB9ueJW5RMJtcyKBev,2SrkrhDhSEoXqkDLSEQJswJzRsjp8K7HJyXCkpa9P6WBatpbGH7eYSkZvdTwmPrR4Gr9rRDEoTpFMNPWQx9czuni,6.09
5.0,priced,-0.15894101772317137,46484256329.0,43921515003.0,Sheep,5bYaWhbXS73iztQJh6Wcd8pKgKeB9ueJW5RMJtcyKBev,2SrkrhDhSEoXqkDLSEQJswJzRsjp8K7HJyXCkpa9P6WBatpbGH7eYSkZvdTwmPrR4Gr9rRDEoTpFMNPWQx9czuni,6.09
10.0,priced,-0.10109728492682432,42816759667.0,41833567653.0,Sheep,5bYaWhbXS73iztQJh6Wcd8pKgKeB9ueJW5RMJtcyKBev,2SrkrhDhSEoXqkDLSEQJswJzRsjp8K7HJyXCkpa9P6WBatpbGH7eYSkZvdTwmPrR4Gr9rRDEoTpFMNPWQx9czuni,6.09
0.0,priced,-0.349765829357464,48389592214.0,40237815427.0,Sheep,4GKYEhiDAnZmJWm7cePpJ3GQDq5VLvYQ2g1Et66apump,3NLVNP9oLXMsjDtT5nVHe3TmGSGAzKGacspstNn13wiBZymRUvLmNj7ruCzvh9HpFCKMqCCu63U7ZH7zjDANnxFi,50.709
0.5,priced,-0.36141299714344727,49476011966.0,40770738307.0,Sheep,4GKYEhiDAnZmJWm7cePpJ3GQDq5VLvYQ2g1Et66apump,3NLVNP9oLXMsjDtT5nVHe3TmGSGAzKGacspstNn13wiBZymRUvLmNj7ruCzvh9HpFCKMqCCu63U7ZH7zjDANnxFi,50.709
1.0,priced,-0.3842537518362445,50770702564.0,41085877796.0,Sheep,4GKYEhiDAnZmJWm7cePpJ3GQDq5VLvYQ2g1Et66apump,3NLVNP9oLXMsjDtT5nVHe3TmGSGAzKGacspstNn13wiBZymRUvLmNj7ruCzvh9HpFCKMqCCu63U7ZH7zjDANnxFi,50.709
2.0,priced,-0.41232438604060245,50770702564.0,40148962694.0,Sheep,4GKYEhiDAnZmJWm7cePpJ3GQDq5VLvYQ2g1Et66apump,3NLVNP9oLXMsjDtT5nVHe3TmGSGAzKGacspstNn13wiBZymRUvLmNj7ruCzvh9HpFCKMqCCu63U7ZH7zjDANnxFi,50.709
3.0,priced,-0.3618031348065125,50051587408.0,41230444175.0,Sheep,4GKYEhiDAnZmJWm7cePpJ3GQDq5VLvYQ2g1Et66apump,3NLVNP9oLXMsjDtT5nVHe3TmGSGAzKGacspstNn13wiBZymRUvLmNj7ruCzvh9HpFCKMqCCu63U7ZH7zjDANnxFi,50.709
5.0,priced,-0.34629592948083987,49556151183.0,41312068498.0,Sheep,4GKYEhiDAnZmJWm7cePpJ3GQDq5VLvYQ2g1Et66apump,3NLVNP9oLXMsjDtT5nVHe3TmGSGAzKGacspstNn13wiBZymRUvLmNj7ruCzvh9HpFCKMqCCu63U7ZH7zjDANnxFi,50.709
10.0,priced,-0.41661717119370173,50545926395.0,39827410263.0,Sheep,4GKYEhiDAnZmJWm7cePpJ3GQDq5VLvYQ2g1Et66apump,3NLVNP9oLXMsjDtT5nVHe3TmGSGAzKGacspstNn13wiBZymRUvLmNj7ruCzvh9HpFCKMqCCu63U7ZH7zjDANnxFi,50.709
0.0,priced,1.2022682429948892,33000000000.0,50520479029.0,Sheep,G9X8AZUd9iciRWJ3G2CSXDMmWNczznmhvkUTCUuTWKCD,kMGKMdbDPxwPpKqeSrPetdmcAXsnoR9P7xcPKMwqgKwnf5kddG5FPwnNZedpigLKjtF2uYK7u4XJGFJ2QybrcA8,3.911
0.5,priced,0.3141605220055132,42800000000.0,50520479029.0,Sheep,G9X8AZUd9iciRWJ3G2CSXDMmWNczznmhvkUTCUuTWKCD,kMGKMdbDPxwPpKqeSrPetdmcAXsnoR9P7xcPKMwqgKwnf5kddG5FPwnNZedpigLKjtF2uYK7u4XJGFJ2QybrcA8,3.911
1.0,priced,0.3141605220055132,42800000000.0,50520479029.0,Sheep,G9X8AZUd9iciRWJ3G2CSXDMmWNczznmhvkUTCUuTWKCD,kMGKMdbDPxwPpKqeSrPetdmcAXsnoR9P7xcPKMwqgKwnf5kddG5FPwnNZedpigLKjtF2uYK7u4XJGFJ2QybrcA8,3.911
2.0,priced,0.04809681524556577,47935802465.0,50520479029.0,Sheep,G9X8AZUd9iciRWJ3G2CSXDMmWNczznmhvkUTCUuTWKCD,kMGKMdbDPxwPpKqeSrPetdmcAXsnoR9P7xcPKMwqgKwnf5kddG5FPwnNZedpigLKjtF2uYK7u4XJGFJ2QybrcA8,3.911
3.0,priced,0.023475012085021375,47955555550.0,49946991319.0,Sheep,G9X8AZUd9iciRWJ3G2CSXDMmWNczznmhvkUTCUuTWKCD,kMGKMdbDPxwPpKqeSrPetdmcAXsnoR9P7xcPKMwqgKwnf5kddG5FPwnNZedpigLKjtF2uYK7u4XJGFJ2QybrcA8,3.911
5.0,priced,0.023475012085021375,47955555550.0,49946991319.0,Sheep,G9X8AZUd9iciRWJ3G2CSXDMmWNczznmhvkUTCUuTWKCD,kMGKMdbDPxwPpKqeSrPetdmcAXsnoR9P7xcPKMwqgKwnf5kddG5FPwnNZedpigLKjtF2uYK7u4XJGFJ2QybrcA8,3.911
10.0,priced,-0.12866709753346015,47955555550.0,46107192094.0,Sheep,G9X8AZUd9iciRWJ3G2CSXDMmWNczznmhvkUTCUuTWKCD,kMGKMdbDPxwPpKqeSrPetdmcAXsnoR9P7xcPKMwqgKwnf5kddG5FPwnNZedpigLKjtF2uYK7u4XJGFJ2QybrcA8,3.911
0.0,priced,0.8320497446383605,33000000000.0,46072979037.0,Sheep,Do1qP3rMNRbUKC7t5PdkWWVHPkypPGFVJiVisd4BD8wv,5YzgdctNysKYbcdpF7e7RNNgUKpTCvmhxZ2imgk1hFTvPb1sxNThiUW8mBbXc5ivrGe1WCKWhUbt83skUsX48Ts1,3.908
0.5,priced,-0.0538235176104114,45987560550.0,46072979037.0,Sheep,Do1qP3rMNRbUKC7t5PdkWWVHPkypPGFVJiVisd4BD8wv,5YzgdctNysKYbcdpF7e7RNNgUKpTCvmhxZ2imgk1hFTvPb1sxNThiUW8mBbXc5ivrGe1WCKWhUbt83skUsX48Ts1,3.908
1.0,priced,-0.0538235176104114,45987560550.0,46072979037.0,Sheep,Do1qP3rMNRbUKC7t5PdkWWVHPkypPGFVJiVisd4BD8wv,5YzgdctNysKYbcdpF7e7RNNgUKpTCvmhxZ2imgk1hFTvPb1sxNThiUW8mBbXc5ivrGe1WCKWhUbt83skUsX48Ts1,3.908
2.0,priced,-0.0538235176104114,45987560550.0,46072979037.0,Sheep,Do1qP3rMNRbUKC7t5PdkWWVHPkypPGFVJiVisd4BD8wv,5YzgdctNysKYbcdpF7e7RNNgUKpTCvmhxZ2imgk1hFTvPb1sxNThiUW8mBbXc5ivrGe1WCKWhUbt83skUsX48Ts1,3.908
3.0,priced,-0.0538235176104114,45987560550.0,46072979037.0,Sheep,Do1qP3rMNRbUKC7t5PdkWWVHPkypPGFVJiVisd4BD8wv,5YzgdctNysKYbcdpF7e7RNNgUKpTCvmhxZ2imgk1hFTvPb1sxNThiUW8mBbXc5ivrGe1WCKWhUbt83skUsX48Ts1,3.908
5.0,priced,-0.044509655008121374,45762962963.0,46072979037.0,Sheep,Do1qP3rMNRbUKC7t5PdkWWVHPkypPGFVJiVisd4BD8wv,5YzgdctNysKYbcdpF7e7RNNgUKpTCvmhxZ2imgk1hFTvPb1sxNThiUW8mBbXc5ivrGe1WCKWhUbt83skUsX48Ts1,3.908
10.0,priced,-0.16277870197439398,47738271603.0,44998080493.0,Sheep,Do1qP3rMNRbUKC7t5PdkWWVHPkypPGFVJiVisd4BD8wv,5YzgdctNysKYbcdpF7e7RNNgUKpTCvmhxZ2imgk1hFTvPb1sxNThiUW8mBbXc5ivrGe1WCKWhUbt83skUsX48Ts1,3.908
0.0,priced,-0.10895510639532172,32615841308.0,31783711600.0,Sheep,3WG7qz51bFk72Hu4y5Kzuao31kDZKvRsZ2A14ezrpump,4kPB5LPYiCTe1CB2DkDHzW4h77qkj1wqfzLswiCejTEemVbFZffg6RLab4ev4DRhSxTowKYtPxdxeMBEggsDsLdX,112.93
0.5,priced,-0.3837899903758936,39884977107.0,32326921474.0,Sheep,3WG7qz51bFk72Hu4y5Kzuao31kDZKvRsZ2A14ezrpump,4kPB5LPYiCTe1CB2DkDHzW4h77qkj1wqfzLswiCejTEemVbFZffg6RLab4ev4DRhSxTowKYtPxdxeMBEggsDsLdX,112.93
1.0,priced,-0.3280438250370932,40033125253.0,33867833280.0,Sheep,3WG7qz51bFk72Hu4y5Kzuao31kDZKvRsZ2A14ezrpump,4kPB5LPYiCTe1CB2DkDHzW4h77qkj1wqfzLswiCejTEemVbFZffg6RLab4ev4DRhSxTowKYtPxdxeMBEggsDsLdX,112.93
2.0,priced,-0.32470390095899687,39934359823.0,33867833280.0,Sheep,3WG7qz51bFk72Hu4y5Kzuao31kDZKvRsZ2A14ezrpump,4kPB5LPYiCTe1CB2DkDHzW4h77qkj1wqfzLswiCejTEemVbFZffg6RLab4ev4DRhSxTowKYtPxdxeMBEggsDsLdX,112.93
3.0,priced,-0.3144970987454126,39924678730.0,34112277724.0,Sheep,3WG7qz51bFk72Hu4y5Kzuao31kDZKvRsZ2A14ezrpump,4kPB5LPYiCTe1CB2DkDHzW4h77qkj1wqfzLswiCejTEemVbFZffg6RLab4ev4DRhSxTowKYtPxdxeMBEggsDsLdX,112.93
5.0,priced,-0.2935770355950302,39330884597.0,34112277724.0,Sheep,3WG7qz51bFk72Hu4y5Kzuao31kDZKvRsZ2A14ezrpump,4kPB5LPYiCTe1CB2DkDHzW4h77qkj1wqfzLswiCejTEemVbFZffg6RLab4ev4DRhSxTowKYtPxdxeMBEggsDsLdX,112.93
10.0,priced,-0.2935770355950302,39330884597.0,34112277724.0,Sheep,3WG7qz51bFk72Hu4y5Kzuao31kDZKvRsZ2A14ezrpump,4kPB5LPYiCTe1CB2DkDHzW4h77qkj1wqfzLswiCejTEemVbFZffg6RLab4ev4DRhSxTowKYtPxdxeMBEggsDsLdX,112.93
0.0,priced,-0.5557577729918457,49082038670.0,33815744511.0,Sheep,3WG7qz51bFk72Hu4y5Kzuao31kDZKvRsZ2A14ezrpump,29yMWnopG4QD4wCXHZEUff92fN5gBzmZEVzLRadtY3kT9ehXPSaENLhDZ5xzPqVF5sT6H1CfNqpR8FCRtPQUsmqL,37.841
0.5,priced,-0.6188856387977133,52791921605.0,33723998938.0,Sheep,3WG7qz51bFk72Hu4y5Kzuao31kDZKvRsZ2A14ezrpump,29yMWnopG4QD4wCXHZEUff92fN5gBzmZEVzLRadtY3kT9ehXPSaENLhDZ5xzPqVF5sT6H1CfNqpR8FCRtPQUsmqL,37.841
1.0,priced,-0.6214702749205498,52594992578.0,33486736499.0,Sheep,3WG7qz51bFk72Hu4y5Kzuao31kDZKvRsZ2A14ezrpump,29yMWnopG4QD4wCXHZEUff92fN5gBzmZEVzLRadtY3kT9ehXPSaENLhDZ5xzPqVF5sT6H1CfNqpR8FCRtPQUsmqL,37.841
2.0,priced,-0.6214847150749615,52595980232.0,33486736499.0,Sheep,3WG7qz51bFk72Hu4y5Kzuao31kDZKvRsZ2A14ezrpump,29yMWnopG4QD4wCXHZEUff92fN5gBzmZEVzLRadtY3kT9ehXPSaENLhDZ5xzPqVF5sT6H1CfNqpR8FCRtPQUsmqL,37.841
3.0,priced,-0.6099562682322415,51824649934.0,33486736499.0,Sheep,3WG7qz51bFk72Hu4y5Kzuao31kDZKvRsZ2A14ezrpump,29yMWnopG4QD4wCXHZEUff92fN5gBzmZEVzLRadtY3kT9ehXPSaENLhDZ5xzPqVF5sT6H1CfNqpR8FCRtPQUsmqL,37.841
5.0,priced,-0.6405985544524658,52806469659.0,32777208837.0,Sheep,3WG7qz51bFk72Hu4y5Kzuao31kDZKvRsZ2A14ezrpump,29yMWnopG4QD4wCXHZEUff92fN5gBzmZEVzLRadtY3kT9ehXPSaENLhDZ5xzPqVF5sT6H1CfNqpR8FCRtPQUsmqL,37.841
10.0,priced,-0.635185090995517,51018441729.0,31904346270.0,Sheep,3WG7qz51bFk72Hu4y5Kzuao31kDZKvRsZ2A14ezrpump,29yMWnopG4QD4wCXHZEUff92fN5gBzmZEVzLRadtY3kT9ehXPSaENLhDZ5xzPqVF5sT6H1CfNqpR8FCRtPQUsmqL,37.841
0.0,priced,1.0537335021953822,33000000000.0,48784057417.0,Sheep,7HZVM29RHvoJRWnKzbb1iyYidgX3XsXZxMjH8oEUxV7y,4bHbw1TbB3i6YTk8E4vBtrY3gC5tvWUsS1w6m1JVWnrxENy3K96YKNGPH2Hh3fBvectZSoBpNbaYSWz1vXH1GXa2,5.132
0.5,priced,0.03977546198642266,46464503244.0,48784057417.0,Sheep,7HZVM29RHvoJRWnKzbb1iyYidgX3XsXZxMjH8oEUxV7y,4bHbw1TbB3i6YTk8E4vBtrY3gC5tvWUsS1w6m1JVWnrxENy3K96YKNGPH2Hh3fBvectZSoBpNbaYSWz1vXH1GXa2,5.132
1.0,priced,0.03977546198642266,46464503244.0,48784057417.0,Sheep,7HZVM29RHvoJRWnKzbb1iyYidgX3XsXZxMjH8oEUxV7y,4bHbw1TbB3i6YTk8E4vBtrY3gC5tvWUsS1w6m1JVWnrxENy3K96YKNGPH2Hh3fBvectZSoBpNbaYSWz1vXH1GXa2,5.132
2.0,priced,-0.026423767776353836,46464503244.0,47213643929.0,Sheep,7HZVM29RHvoJRWnKzbb1iyYidgX3XsXZxMjH8oEUxV7y,4bHbw1TbB3i6YTk8E4vBtrY3gC5tvWUsS1w6m1JVWnrxENy3K96YKNGPH2Hh3fBvectZSoBpNbaYSWz1vXH1GXa2,5.132
3.0,priced,-0.017392448194292663,46464503244.0,47430927879.0,Sheep,7HZVM29RHvoJRWnKzbb1iyYidgX3XsXZxMjH8oEUxV7y,4bHbw1TbB3i6YTk8E4vBtrY3gC5tvWUsS1w6m1JVWnrxENy3K96YKNGPH2Hh3fBvectZSoBpNbaYSWz1vXH1GXa2,5.132
5.0,priced,-0.017392448194292663,46464503244.0,47430927879.0,Sheep,7HZVM29RHvoJRWnKzbb1iyYidgX3XsXZxMjH8oEUxV7y,4bHbw1TbB3i6YTk8E4vBtrY3gC5tvWUsS1w6m1JVWnrxENy3K96YKNGPH2Hh3fBvectZSoBpNbaYSWz1vXH1GXa2,5.132
10.0,priced,0.23422820089984678,42800000002.0,48964509116.0,Sheep,7HZVM29RHvoJRWnKzbb1iyYidgX3XsXZxMjH8oEUxV7y,4bHbw1TbB3i6YTk8E4vBtrY3gC5tvWUsS1w6m1JVWnrxENy3K96YKNGPH2Hh3fBvectZSoBpNbaYSWz1vXH1GXa2,5.132
0.0,priced,-0.4269003213171185,45785329111.0,35776648345.0,Kadenox,EYQuhJkFBnUsfBM6BKjtUw9Ry259FFrSnVNZzvfLpump,2PFtuQ8PMYzC4GuoK5RBPRM6s4aVCrJGKXW4NJkG97GQAWAcMLsD9967wR2k2kZ8TYjS1avPfYeN2gvsFrzJ79Y7,16.989
0.5,priced,-0.3618790804864435,45785329111.0,37729438406.0,Kadenox,EYQuhJkFBnUsfBM6BKjtUw9Ry259FFrSnVNZzvfLpump,2PFtuQ8PMYzC4GuoK5RBPRM6s4aVCrJGKXW4NJkG97GQAWAcMLsD9967wR2k2kZ8TYjS1avPfYeN2gvsFrzJ79Y7,16.989
1.0,priced,-0.3618790804864435,45785329111.0,37729438406.0,Kadenox,EYQuhJkFBnUsfBM6BKjtUw9Ry259FFrSnVNZzvfLpump,2PFtuQ8PMYzC4GuoK5RBPRM6s4aVCrJGKXW4NJkG97GQAWAcMLsD9967wR2k2kZ8TYjS1avPfYeN2gvsFrzJ79Y7,16.989
2.0,priced,-0.3619064826124103,45786306888.0,37729438406.0,Kadenox,EYQuhJkFBnUsfBM6BKjtUw9Ry259FFrSnVNZzvfLpump,2PFtuQ8PMYzC4GuoK5RBPRM6s4aVCrJGKXW4NJkG97GQAWAcMLsD9967wR2k2kZ8TYjS1avPfYeN2gvsFrzJ79Y7,16.989
3.0,priced,-0.3619105356593133,45786306888.0,37729319806.0,Kadenox,EYQuhJkFBnUsfBM6BKjtUw9Ry259FFrSnVNZzvfLpump,2PFtuQ8PMYzC4GuoK5RBPRM6s4aVCrJGKXW4NJkG97GQAWAcMLsD9967wR2k2kZ8TYjS1avPfYeN2gvsFrzJ79Y7,16.989
5.0,priced,-0.3805309098520422,45786306888.0,37180481963.0,Kadenox,EYQuhJkFBnUsfBM6BKjtUw9Ry259FFrSnVNZzvfLpump,2PFtuQ8PMYzC4GuoK5RBPRM6s4aVCrJGKXW4NJkG97GQAWAcMLsD9967wR2k2kZ8TYjS1avPfYeN2gvsFrzJ79Y7,16.989
10.0,priced,-0.23735367236483645,42069575157.0,37885576829.0,Kadenox,EYQuhJkFBnUsfBM6BKjtUw9Ry259FFrSnVNZzvfLpump,2PFtuQ8PMYzC4GuoK5RBPRM6s4aVCrJGKXW4NJkG97GQAWAcMLsD9967wR2k2kZ8TYjS1avPfYeN2gvsFrzJ79Y7,16.989
0.0,priced,1.183409535652768,33000000000.0,50303282103.0,Sheep,Gp3M7E2D7krDBhqTdiKkXoaY7kwCYrLLawfbB35t22XR,5ogkY222saLAN2gop4iazu8uHofYhRqrRm5SUTB5iomCGmrKuyeoPcHCb2zKRF8kUKThm8VxfPuPdCGTd8RqcMEB,5.949
0.5,priced,0.3028541565055883,42800000000.0,50303282103.0,Sheep,Gp3M7E2D7krDBhqTdiKkXoaY7kwCYrLLawfbB35t22XR,5ogkY222saLAN2gop4iazu8uHofYhRqrRm5SUTB5iomCGmrKuyeoPcHCb2zKRF8kUKThm8VxfPuPdCGTd8RqcMEB,5.949
1.0,priced,0.10404755833025336,46502685005.0,50303282103.0,Sheep,Gp3M7E2D7krDBhqTdiKkXoaY7kwCYrLLawfbB35t22XR,5ogkY222saLAN2gop4iazu8uHofYhRqrRm5SUTB5iomCGmrKuyeoPcHCb2zKRF8kUKThm8VxfPuPdCGTd8RqcMEB,5.949
2.0,priced,0.10404755833025336,46502685005.0,50303282103.0,Sheep,Gp3M7E2D7krDBhqTdiKkXoaY7kwCYrLLawfbB35t22XR,5ogkY222saLAN2gop4iazu8uHofYhRqrRm5SUTB5iomCGmrKuyeoPcHCb2zKRF8kUKThm8VxfPuPdCGTd8RqcMEB,5.949
3.0,priced,0.039681164472539665,46502685005.0,48821727140.0,Sheep,Gp3M7E2D7krDBhqTdiKkXoaY7kwCYrLLawfbB35t22XR,5ogkY222saLAN2gop4iazu8uHofYhRqrRm5SUTB5iomCGmrKuyeoPcHCb2zKRF8kUKThm8VxfPuPdCGTd8RqcMEB,5.949
5.0,priced,0.039681164472539665,46502685005.0,48821727140.0,Sheep,Gp3M7E2D7krDBhqTdiKkXoaY7kwCYrLLawfbB35t22XR,5ogkY222saLAN2gop4iazu8uHofYhRqrRm5SUTB5iomCGmrKuyeoPcHCb2zKRF8kUKThm8VxfPuPdCGTd8RqcMEB,5.949
10.0,priced,-0.08552235363389646,47592093719.0,46871428323.0,Sheep,Gp3M7E2D7krDBhqTdiKkXoaY7kwCYrLLawfbB35t22XR,5ogkY222saLAN2gop4iazu8uHofYhRqrRm5SUTB5iomCGmrKuyeoPcHCb2zKRF8kUKThm8VxfPuPdCGTd8RqcMEB,5.949
0.0,priced,-0.11911904016329897,40045675757.0,38749304713.0,Kadenox,917Bk4UkDWERvYZUMAk6sEhxAHEtHt8jK73AZe1sASBh,451Foj6gYywyFum7Q1PDZ2aM4og4fis29k3Xz5eFXS2TXf34L3QpCB6LbJzTjVocyDxcterVR1tabUrQuXyk79X1,18.77
0.5,priced,-0.2595453959183887,42514811557.0,37727673768.0,Kadenox,917Bk4UkDWERvYZUMAk6sEhxAHEtHt8jK73AZe1sASBh,451Foj6gYywyFum7Q1PDZ2aM4og4fis29k3Xz5eFXS2TXf34L3QpCB6LbJzTjVocyDxcterVR1tabUrQuXyk79X1,18.77
1.0,priced,-0.2958168496164099,43592465877.0,37727673768.0,Kadenox,917Bk4UkDWERvYZUMAk6sEhxAHEtHt8jK73AZe1sASBh,451Foj6gYywyFum7Q1PDZ2aM4og4fis29k3Xz5eFXS2TXf34L3QpCB6LbJzTjVocyDxcterVR1tabUrQuXyk79X1,18.77
2.0,priced,-0.29584269352790166,43592892097.0,37727354525.0,Kadenox,917Bk4UkDWERvYZUMAk6sEhxAHEtHt8jK73AZe1sASBh,451Foj6gYywyFum7Q1PDZ2aM4og4fis29k3Xz5eFXS2TXf34L3QpCB6LbJzTjVocyDxcterVR1tabUrQuXyk79X1,18.77
3.0,priced,-0.29810348186073615,43630267161.0,37699405335.0,Kadenox,917Bk4UkDWERvYZUMAk6sEhxAHEtHt8jK73AZe1sASBh,451Foj6gYywyFum7Q1PDZ2aM4og4fis29k3Xz5eFXS2TXf34L3QpCB6LbJzTjVocyDxcterVR1tabUrQuXyk79X1,18.77
5.0,priced,-0.217760854894925,41147016498.0,37528731484.0,Kadenox,917Bk4UkDWERvYZUMAk6sEhxAHEtHt8jK73AZe1sASBh,451Foj6gYywyFum7Q1PDZ2aM4og4fis29k3Xz5eFXS2TXf34L3QpCB6LbJzTjVocyDxcterVR1tabUrQuXyk79X1,18.77
10.0,priced,-0.2312184862408588,41504887129.0,37528731484.0,Kadenox,917Bk4UkDWERvYZUMAk6sEhxAHEtHt8jK73AZe1sASBh,451Foj6gYywyFum7Q1PDZ2aM4og4fis29k3Xz5eFXS2TXf34L3QpCB6LbJzTjVocyDxcterVR1tabUrQuXyk79X1,18.77
0.0,priced,-0.6408620416412915,66154635011.0,41016764727.0,Sheep,CA2SZdmB3G3Qd5m6pgkZUVj7HQhqWr5tBhKgfUdVwDnq,5EQwh4XNHrezi8mR31PMLf3QVkpcsnwuZpShBDMLrBJpU9pYXRqg4zeY2RNBE9RuTJc4FNxZ26jJwFKboHUBpm5U,1420.462
0.5,priced,-0.7055177988116487,68877772606.0,38754325887.0,Sheep,CA2SZdmB3G3Qd5m6pgkZUVj7HQhqWr5tBhKgfUdVwDnq,5EQwh4XNHrezi8mR31PMLf3QVkpcsnwuZpShBDMLrBJpU9pYXRqg4zeY2RNBE9RuTJc4FNxZ26jJwFKboHUBpm5U,1420.462
1.0,priced,-0.7318868579178729,72103721795.0,38754325887.0,Sheep,CA2SZdmB3G3Qd5m6pgkZUVj7HQhqWr5tBhKgfUdVwDnq,5EQwh4XNHrezi8mR31PMLf3QVkpcsnwuZpShBDMLrBJpU9pYXRqg4zeY2RNBE9RuTJc4FNxZ26jJwFKboHUBpm5U,1420.462
2.0,priced,-0.7319836912750964,72116413096.0,38754325887.0,Sheep,CA2SZdmB3G3Qd5m6pgkZUVj7HQhqWr5tBhKgfUdVwDnq,5EQwh4XNHrezi8mR31PMLf3QVkpcsnwuZpShBDMLrBJpU9pYXRqg4zeY2RNBE9RuTJc4FNxZ26jJwFKboHUBpm5U,1420.462
3.0,priced,-0.7203588558203602,67366169893.0,36963621846.0,Sheep,CA2SZdmB3G3Qd5m6pgkZUVj7HQhqWr5tBhKgfUdVwDnq,5EQwh4XNHrezi8mR31PMLf3QVkpcsnwuZpShBDMLrBJpU9pYXRqg4zeY2RNBE9RuTJc4FNxZ26jJwFKboHUBpm5U,1420.462
5.0,priced,-0.7578973102642932,72228670382.0,36945944933.0,Sheep,CA2SZdmB3G3Qd5m6pgkZUVj7HQhqWr5tBhKgfUdVwDnq,5EQwh4XNHrezi8mR31PMLf3QVkpcsnwuZpShBDMLrBJpU9pYXRqg4zeY2RNBE9RuTJc4FNxZ26jJwFKboHUBpm5U,1420.462
10.0,priced,-0.7552960063747742,71903299163.0,36970882866.0,Sheep,CA2SZdmB3G3Qd5m6pgkZUVj7HQhqWr5tBhKgfUdVwDnq,5EQwh4XNHrezi8mR31PMLf3QVkpcsnwuZpShBDMLrBJpU9pYXRqg4zeY2RNBE9RuTJc4FNxZ26jJwFKboHUBpm5U,1420.462
0.0,priced,-0.4041757482815186,51146500818.0,40721082939.0,Sheep,3fkKkY2CJqABT9zgEnHrLvzWhAyJsPCfJp2kjZKReumq,3mTdgHhFCMzKZiCBK6HWdyEKdnoDiUwU6EHwjG6jGp2VtaKcViGuEo9WcGJfHB7oFopPcAHPmndxRFvtdfR6eBmG,116.059
0.5,priced,-0.4888934551794855,55186701046.0,40721082939.0,Sheep,3fkKkY2CJqABT9zgEnHrLvzWhAyJsPCfJp2kjZKReumq,3mTdgHhFCMzKZiCBK6HWdyEKdnoDiUwU6EHwjG6jGp2VtaKcViGuEo9WcGJfHB7oFopPcAHPmndxRFvtdfR6eBmG,116.059
1.0,priced,-0.5255462118831599,57114602274.0,40621021729.0,Sheep,3fkKkY2CJqABT9zgEnHrLvzWhAyJsPCfJp2kjZKReumq,3mTdgHhFCMzKZiCBK6HWdyEKdnoDiUwU6EHwjG6jGp2VtaKcViGuEo9WcGJfHB7oFopPcAHPmndxRFvtdfR6eBmG,116.059
2.0,priced,-0.5322165640782813,57215343013.0,40409700943.0,Sheep,3fkKkY2CJqABT9zgEnHrLvzWhAyJsPCfJp2kjZKReumq,3mTdgHhFCMzKZiCBK6HWdyEKdnoDiUwU6EHwjG6jGp2VtaKcViGuEo9WcGJfHB7oFopPcAHPmndxRFvtdfR6eBmG,116.059
3.0,priced,-0.5315866514543713,57177310363.0,40409700943.0,Sheep,3fkKkY2CJqABT9zgEnHrLvzWhAyJsPCfJp2kjZKReumq,3mTdgHhFCMzKZiCBK6HWdyEKdnoDiUwU6EHwjG6jGp2VtaKcViGuEo9WcGJfHB7oFopPcAHPmndxRFvtdfR6eBmG,116.059
5.0,priced,-0.5315866514543713,57177310363.0,40409700943.0,Sheep,3fkKkY2CJqABT9zgEnHrLvzWhAyJsPCfJp2kjZKReumq,3mTdgHhFCMzKZiCBK6HWdyEKdnoDiUwU6EHwjG6jGp2VtaKcViGuEo9WcGJfHB7oFopPcAHPmndxRFvtdfR6eBmG,116.059
10.0,priced,-0.6101437578804053,57127281302.0,36891097816.0,Sheep,3fkKkY2CJqABT9zgEnHrLvzWhAyJsPCfJp2kjZKReumq,3mTdgHhFCMzKZiCBK6HWdyEKdnoDiUwU6EHwjG6jGp2VtaKcViGuEo9WcGJfHB7oFopPcAHPmndxRFvtdfR6eBmG,116.059
0.0,priced,0.13714316082823372,33000000000.0,36307133269.0,Sheep,pG9sJ989ExEjpSMgEq3KEGi1MhjdNWUrZV7jd3mJKAa,2wtdpM9jdqnD5LAxD1QVuAaAPXz5J8TzctSZLmq1H3F8rxagKJx52KR8oS1fv5ddQkNmELx6XZiCtX7RtyyrJtao,1.74
0.5,priced,-0.5444198787988037,43413029024.0,30299902210.0,Sheep,pG9sJ989ExEjpSMgEq3KEGi1MhjdNWUrZV7jd3mJKAa,2wtdpM9jdqnD5LAxD1QVuAaAPXz5J8TzctSZLmq1H3F8rxagKJx52KR8oS1fv5ddQkNmELx6XZiCtX7RtyyrJtao,1.74
1.0,priced,-0.5444198787988037,43413029024.0,30299902210.0,Sheep,pG9sJ989ExEjpSMgEq3KEGi1MhjdNWUrZV7jd3mJKAa,2wtdpM9jdqnD5LAxD1QVuAaAPXz5J8TzctSZLmq1H3F8rxagKJx52KR8oS1fv5ddQkNmELx6XZiCtX7RtyyrJtao,1.74
2.0,missed: wallet sold before our entry landed,,,,Sheep,pG9sJ989ExEjpSMgEq3KEGi1MhjdNWUrZV7jd3mJKAa,2wtdpM9jdqnD5LAxD1QVuAaAPXz5J8TzctSZLmq1H3F8rxagKJx52KR8oS1fv5ddQkNmELx6XZiCtX7RtyyrJtao,1.74
3.0,missed: wallet sold before our entry landed,,,,Sheep,pG9sJ989ExEjpSMgEq3KEGi1MhjdNWUrZV7jd3mJKAa,2wtdpM9jdqnD5LAxD1QVuAaAPXz5J8TzctSZLmq1H3F8rxagKJx52KR8oS1fv5ddQkNmELx6XZiCtX7RtyyrJtao,1.74
5.0,missed: wallet sold before our entry landed,,,,Sheep,pG9sJ989ExEjpSMgEq3KEGi1MhjdNWUrZV7jd3mJKAa,2wtdpM9jdqnD5LAxD1QVuAaAPXz5J8TzctSZLmq1H3F8rxagKJx52KR8oS1fv5ddQkNmELx6XZiCtX7RtyyrJtao,1.74
10.0,missed: wallet sold before our entry landed,,,,Sheep,pG9sJ989ExEjpSMgEq3KEGi1MhjdNWUrZV7jd3mJKAa,2wtdpM9jdqnD5LAxD1QVuAaAPXz5J8TzctSZLmq1H3F8rxagKJx52KR8oS1fv5ddQkNmELx6XZiCtX7RtyyrJtao,1.74
0.0,priced,-0.12479871096108092,61588640605.0,59279816076.0,Sheep,Gm4kbBfd7kWCoo2moJmMPZzfbdmGkr255ot7GhEpRmsA,2ryKBXGN1PRUAYUrRYC7sGfJwp5Yn4WAAvivhTPXAK44Gvx1uuZstVXrMBsFYYbkELAKNjDCHchuGHxX6XvTmZJE,78.789
0.5,priced,-0.31464520566591003,64150326455.0,54688397542.0,Sheep,Gm4kbBfd7kWCoo2moJmMPZzfbdmGkr255ot7GhEpRmsA,2ryKBXGN1PRUAYUrRYC7sGfJwp5Yn4WAAvivhTPXAK44Gvx1uuZstVXrMBsFYYbkELAKNjDCHchuGHxX6XvTmZJE,78.789
1.0,priced,-0.31995642506373356,64398721515.0,54688397542.0,Sheep,Gm4kbBfd7kWCoo2moJmMPZzfbdmGkr255ot7GhEpRmsA,2ryKBXGN1PRUAYUrRYC7sGfJwp5Yn4WAAvivhTPXAK44Gvx1uuZstVXrMBsFYYbkELAKNjDCHchuGHxX6XvTmZJE,78.789
2.0,priced,-0.32001644660316836,64398721515.0,54686008283.0,Sheep,Gm4kbBfd7kWCoo2moJmMPZzfbdmGkr255ot7GhEpRmsA,2ryKBXGN1PRUAYUrRYC7sGfJwp5Yn4WAAvivhTPXAK44Gvx1uuZstVXrMBsFYYbkELAKNjDCHchuGHxX6XvTmZJE,78.789
3.0,priced,-0.4183151044099317,64398721515.0,50622712281.0,Sheep,Gm4kbBfd7kWCoo2moJmMPZzfbdmGkr255ot7GhEpRmsA,2ryKBXGN1PRUAYUrRYC7sGfJwp5Yn4WAAvivhTPXAK44Gvx1uuZstVXrMBsFYYbkELAKNjDCHchuGHxX6XvTmZJE,78.789
5.0,priced,-0.41459370309735716,64195484548.0,50622712281.0,Sheep,Gm4kbBfd7kWCoo2moJmMPZzfbdmGkr255ot7GhEpRmsA,2ryKBXGN1PRUAYUrRYC7sGfJwp5Yn4WAAvivhTPXAK44Gvx1uuZstVXrMBsFYYbkELAKNjDCHchuGHxX6XvTmZJE,78.789
10.0,priced,-0.42558456009121587,64195484548.0,50151014668.0,Sheep,Gm4kbBfd7kWCoo2moJmMPZzfbdmGkr255ot7GhEpRmsA,2ryKBXGN1PRUAYUrRYC7sGfJwp5Yn4WAAvivhTPXAK44Gvx1uuZstVXrMBsFYYbkELAKNjDCHchuGHxX6XvTmZJE,78.789
0.0,priced,0.3267710378049884,33000000000.0,39210748962.0,Sheep,Hj68dmWQ9ActtRbYfByW3PZJqsMjSnAe3Srh6z7nALAb,42XMYDN7gdgDz29g6Mc7wNkvRVFv2ynSd9Z7NjL3VcmTtDT94ena7GBdUSwxyozjiMJF6GLCBk68rF8FUZdqp8jv,1.897
0.5,priced,-0.5911951341903351,45800000000.0,30299902208.0,Sheep,Hj68dmWQ9ActtRbYfByW3PZJqsMjSnAe3Srh6z7nALAb,42XMYDN7gdgDz29g6Mc7wNkvRVFv2ynSd9Z7NjL3VcmTtDT94ena7GBdUSwxyozjiMJF6GLCBk68rF8FUZdqp8jv,1.897
1.0,priced,-0.6036213626197541,46502685005.0,30299902208.0,Sheep,Hj68dmWQ9ActtRbYfByW3PZJqsMjSnAe3Srh6z7nALAb,42XMYDN7gdgDz29g6Mc7wNkvRVFv2ynSd9Z7NjL3VcmTtDT94ena7GBdUSwxyozjiMJF6GLCBk68rF8FUZdqp8jv,1.897
2.0,missed: wallet sold before our entry landed,,,,Sheep,Hj68dmWQ9ActtRbYfByW3PZJqsMjSnAe3Srh6z7nALAb,42XMYDN7gdgDz29g6Mc7wNkvRVFv2ynSd9Z7NjL3VcmTtDT94ena7GBdUSwxyozjiMJF6GLCBk68rF8FUZdqp8jv,1.897
3.0,missed: wallet sold before our entry landed,,,,Sheep,Hj68dmWQ9ActtRbYfByW3PZJqsMjSnAe3Srh6z7nALAb,42XMYDN7gdgDz29g6Mc7wNkvRVFv2ynSd9Z7NjL3VcmTtDT94ena7GBdUSwxyozjiMJF6GLCBk68rF8FUZdqp8jv,1.897
5.0,missed: wallet sold before our entry landed,,,,Sheep,Hj68dmWQ9ActtRbYfByW3PZJqsMjSnAe3Srh6z7nALAb,42XMYDN7gdgDz29g6Mc7wNkvRVFv2ynSd9Z7NjL3VcmTtDT94ena7GBdUSwxyozjiMJF6GLCBk68rF8FUZdqp8jv,1.897
10.0,missed: wallet sold before our entry landed,,,,Sheep,Hj68dmWQ9ActtRbYfByW3PZJqsMjSnAe3Srh6z7nALAb,42XMYDN7gdgDz29g6Mc7wNkvRVFv2ynSd9Z7NjL3VcmTtDT94ena7GBdUSwxyozjiMJF6GLCBk68rF8FUZdqp8jv,1.897
0.0,priced,-0.08653067056656552,47709728809.0,46960943580.0,Kadenox,CQirPWxwaLZwwK6wXDAKiVTZYkQbZioQH4QjhbvZpump,4LRJSzqcNJMqgTf3Bo5ZKponAvJmniLjE2JSqVFJoHtuQYymCWgSvLWL6zi1ZJn22hks5XXX5L9iKP7G3KQqFawM,10.935
0.5,priced,-0.3275178186895679,52073111152.0,44013586687.0,Kadenox,CQirPWxwaLZwwK6wXDAKiVTZYkQbZioQH4QjhbvZpump,4LRJSzqcNJMqgTf3Bo5ZKponAvJmniLjE2JSqVFJoHtuQYymCWgSvLWL6zi1ZJn22hks5XXX5L9iKP7G3KQqFawM,10.935
1.0,priced,-0.364046651849842,53409626921.0,43907827915.0,Kadenox,CQirPWxwaLZwwK6wXDAKiVTZYkQbZioQH4QjhbvZpump,4LRJSzqcNJMqgTf3Bo5ZKponAvJmniLjE2JSqVFJoHtuQYymCWgSvLWL6zi1ZJn22hks5XXX5L9iKP7G3KQqFawM,10.935
2.0,priced,-0.36531528989253237,53797040317.0,44181330007.0,Kadenox,CQirPWxwaLZwwK6wXDAKiVTZYkQbZioQH4QjhbvZpump,4LRJSzqcNJMqgTf3Bo5ZKponAvJmniLjE2JSqVFJoHtuQYymCWgSvLWL6zi1ZJn22hks5XXX5L9iKP7G3KQqFawM,10.935
3.0,priced,-0.37057458643500246,54041484761.0,44198953312.0,Kadenox,CQirPWxwaLZwwK6wXDAKiVTZYkQbZioQH4QjhbvZpump,4LRJSzqcNJMqgTf3Bo5ZKponAvJmniLjE2JSqVFJoHtuQYymCWgSvLWL6zi1ZJn22hks5XXX5L9iKP7G3KQqFawM,10.935
5.0,priced,-0.3535521964613123,53332181464.0,44200918743.0,Kadenox,CQirPWxwaLZwwK6wXDAKiVTZYkQbZioQH4QjhbvZpump,4LRJSzqcNJMqgTf3Bo5ZKponAvJmniLjE2JSqVFJoHtuQYymCWgSvLWL6zi1ZJn22hks5XXX5L9iKP7G3KQqFawM,10.935
10.0,priced,-0.34970411222925474,53173821682.0,44199840954.0,Kadenox,CQirPWxwaLZwwK6wXDAKiVTZYkQbZioQH4QjhbvZpump,4LRJSzqcNJMqgTf3Bo5ZKponAvJmniLjE2JSqVFJoHtuQYymCWgSvLWL6zi1ZJn22hks5XXX5L9iKP7G3KQqFawM,10.935
