offset_slots,status,ret,entry_vsol,exit_vsol,wallet_label,mint,entry_signature,hold_s
0.0,priced,0.6891733987685363,33000000000.0,44239126601.0,Sheep,BfvU2zH9dbu4DJh9yrqRbTUYimueXYAkHPHpNS8N8Pon,2yRwCm6srTNRkMT1iw8pjtHh3z8LeQLRFzutoT2cwP8wTrRjAKmMXo8vH37bU4hnyjanr9VVwLy1cdxWUrRb2rzw,4.043
0.5,priced,-0.03777547216645086,43787654320.0,44249151343.0,Sheep,BfvU2zH9dbu4DJh9yrqRbTUYimueXYAkHPHpNS8N8Pon,2yRwCm6srTNRkMT1iw8pjtHh3z8LeQLRFzutoT2cwP8wTrRjAKmMXo8vH37bU4hnyjanr9VVwLy1cdxWUrRb2rzw,4.043
1.0,priced,-0.03777547216645086,43787654320.0,44249151343.0,Sheep,BfvU2zH9dbu4DJh9yrqRbTUYimueXYAkHPHpNS8N8Pon,2yRwCm6srTNRkMT1iw8pjtHh3z8LeQLRFzutoT2cwP8wTrRjAKmMXo8vH37bU4hnyjanr9VVwLy1cdxWUrRb2rzw,4.043
2.0,priced,-0.05498302803946352,44184506291.0,44249151343.0,Sheep,BfvU2zH9dbu4DJh9yrqRbTUYimueXYAkHPHpNS8N8Pon,2yRwCm6srTNRkMT1iw8pjtHh3z8LeQLRFzutoT2cwP8wTrRjAKmMXo8vH37bU4hnyjanr9VVwLy1cdxWUrRb2rzw,4.043
3.0,priced,-0.05498302803946352,44184506291.0,44249151343.0,Sheep,BfvU2zH9dbu4DJh9yrqRbTUYimueXYAkHPHpNS8N8Pon,2yRwCm6srTNRkMT1iw8pjtHh3z8LeQLRFzutoT2cwP8wTrRjAKmMXo8vH37bU4hnyjanr9VVwLy1cdxWUrRb2rzw,4.043
5.0,priced,-0.05498302803946352,44184506291.0,44249151343.0,Sheep,BfvU2zH9dbu4DJh9yrqRbTUYimueXYAkHPHpNS8N8Pon,2yRwCm6srTNRkMT1iw8pjtHh3z8LeQLRFzutoT2cwP8wTrRjAKmMXo8vH37bU4hnyjanr9VVwLy1cdxWUrRb2rzw,4.043
10.0,priced,-0.37685954588379333,47883195049.0,38988849300.0,Sheep,BfvU2zH9dbu4DJh9yrqRbTUYimueXYAkHPHpNS8N8Pon,2yRwCm6srTNRkMT1iw8pjtHh3z8LeQLRFzutoT2cwP8wTrRjAKmMXo8vH37bU4hnyjanr9VVwLy1cdxWUrRb2rzw,4.043
0.0,priced,-0.26129443252679013,47794282506.0,42337733960.0,Sheep,syTGJo5ujjMN1qSC6RsufTTukaWf9Hw51GcXuwkq123,5Vd18cbk6ZPKgSf53eeGvEKuaXWxvPCj1pphMMKG1tY7J3U2m5eUHs4DRCUgtMDUbq2TA5xd4WWEpuUWdRMXeQje,12.419
0.5,priced,-0.3204496200514313,48365069414.0,41105252859.0,Sheep,syTGJo5ujjMN1qSC6RsufTTukaWf9Hw51GcXuwkq123,5Vd18cbk6ZPKgSf53eeGvEKuaXWxvPCj1pphMMKG1tY7J3U2m5eUHs4DRCUgtMDUbq2TA5xd4WWEpuUWdRMXeQje,12.419
1.0,priced,-0.3510217791237457,49217261444.0,40883744189.0,Sheep,syTGJo5ujjMN1qSC6RsufTTukaWf9Hw51GcXuwkq123,5Vd18cbk6ZPKgSf53eeGvEKuaXWxvPCj1pphMMKG1tY7J3U2m5eUHs4DRCUgtMDUbq2TA5xd4WWEpuUWdRMXeQje,12.419
2.0,priced,-0.3510217791237457,49217261444.0,40883744189.0,Sheep,syTGJo5ujjMN1qSC6RsufTTukaWf9Hw51GcXuwkq123,5Vd18cbk6ZPKgSf53eeGvEKuaXWxvPCj1pphMMKG1tY7J3U2m5eUHs4DRCUgtMDUbq2TA5xd4WWEpuUWdRMXeQje,12.419
3.0,priced,-0.2610208372071887,46136470378.0,40883744189.0,Sheep,syTGJo5ujjMN1qSC6RsufTTukaWf9Hw51GcXuwkq123,5Vd18cbk6ZPKgSf53eeGvEKuaXWxvPCj1pphMMKG1tY7J3U2m5eUHs4DRCUgtMDUbq2TA5xd4WWEpuUWdRMXeQje,12.419
5.0,priced,-0.29434330565232125,47208218079.0,40883017298.0,Sheep,syTGJo5ujjMN1qSC6RsufTTukaWf9Hw51GcXuwkq123,5Vd18cbk6ZPKgSf53eeGvEKuaXWxvPCj1pphMMKG1tY7J3U2m5eUHs4DRCUgtMDUbq2TA5xd4WWEpuUWdRMXeQje,12.419
10.0,priced,-0.30540512693132077,47453650176.0,40774108253.0,Sheep,syTGJo5ujjMN1qSC6RsufTTukaWf9Hw51GcXuwkq123,5Vd18cbk6ZPKgSf53eeGvEKuaXWxvPCj1pphMMKG1tY7J3U2m5eUHs4DRCUgtMDUbq2TA5xd4WWEpuUWdRMXeQje,12.419
0.0,priced,-0.4116531324064188,39449101536.0,31252028917.0,Sheep,9j1SoGvM9PTN43z9oi7FZqdJW3oPjiRvGuuwx25bcgHN,2ALM7PevupzuAQYL1satcXpefRWdgQVagFsvktJT92bwxdDTYMouDkPDzaZ2AC1tBiVaszQNJdDYKpjPtjxwfg4u,102.676
0.5,priced,-0.42052286762314156,40308360792.0,31690085059.0,Sheep,9j1SoGvM9PTN43z9oi7FZqdJW3oPjiRvGuuwx25bcgHN,2ALM7PevupzuAQYL1satcXpefRWdgQVagFsvktJT92bwxdDTYMouDkPDzaZ2AC1tBiVaszQNJdDYKpjPtjxwfg4u,102.676
1.0,priced,-0.3949274044126681,40308360792.0,32374722763.0,Sheep,9j1SoGvM9PTN43z9oi7FZqdJW3oPjiRvGuuwx25bcgHN,2ALM7PevupzuAQYL1satcXpefRWdgQVagFsvktJT92bwxdDTYMouDkPDzaZ2AC1tBiVaszQNJdDYKpjPtjxwfg4u,102.676
2.0,priced,-0.3949274044126681,40308360792.0,32374722763.0,Sheep,9j1SoGvM9PTN43z9oi7FZqdJW3oPjiRvGuuwx25bcgHN,2ALM7PevupzuAQYL1satcXpefRWdgQVagFsvktJT92bwxdDTYMouDkPDzaZ2AC1tBiVaszQNJdDYKpjPtjxwfg4u,102.676
3.0,priced,-0.3949274044126681,40308360792.0,32374722763.0,Sheep,9j1SoGvM9PTN43z9oi7FZqdJW3oPjiRvGuuwx25bcgHN,2ALM7PevupzuAQYL1satcXpefRWdgQVagFsvktJT92bwxdDTYMouDkPDzaZ2AC1tBiVaszQNJdDYKpjPtjxwfg4u,102.676
5.0,priced,-0.37286145106920077,39596364439.0,32374722763.0,Sheep,9j1SoGvM9PTN43z9oi7FZqdJW3oPjiRvGuuwx25bcgHN,2ALM7PevupzuAQYL1satcXpefRWdgQVagFsvktJT92bwxdDTYMouDkPDzaZ2AC1tBiVaszQNJdDYKpjPtjxwfg4u,102.676
10.0,priced,-0.37389903265868984,39596364439.0,32348201479.0,Sheep,9j1SoGvM9PTN43z9oi7FZqdJW3oPjiRvGuuwx25bcgHN,2ALM7PevupzuAQYL1satcXpefRWdgQVagFsvktJT92bwxdDTYMouDkPDzaZ2AC1tBiVaszQNJdDYKpjPtjxwfg4u,102.676
0.0,priced,-0.17999001344166995,46517947461.0,43403609260.0,Sheep,86QjL8vGseotzKS7miizqujpziU8J5hfykeXmN4mJtDw,3PFSbST2smdSFvg3cBzZirH1v3u78ZCE7WpHWFZRJtQeWRvDjzgWG1sR2SpcyWtY74CbbZ6QfQP2Fx99BYhvQiai,67.281
0.5,priced,-0.3649185929947809,50577206712.0,41560757768.0,Sheep,86QjL8vGseotzKS7miizqujpziU8J5hfykeXmN4mJtDw,3PFSbST2smdSFvg3cBzZirH1v3u78ZCE7WpHWFZRJtQeWRvDjzgWG1sR2SpcyWtY74CbbZ6QfQP2Fx99BYhvQiai,67.281
1.0,priced,-0.25950291850912593,47713982965.0,42317731599.0,Sheep,86QjL8vGseotzKS7miizqujpziU8J5hfykeXmN4mJtDw,3PFSbST2smdSFvg3cBzZirH1v3u78ZCE7WpHWFZRJtQeWRvDjzgWG1sR2SpcyWtY74CbbZ6QfQP2Fx99BYhvQiai,67.281
2.0,priced,-0.2449891717860688,47463072376.0,42503375382.0,Sheep,86QjL8vGseotzKS7miizqujpziU8J5hfykeXmN4mJtDw,3PFSbST2smdSFvg3cBzZirH1v3u78ZCE7WpHWFZRJtQeWRvDjzgWG1sR2SpcyWtY74CbbZ6QfQP2Fx99BYhvQiai,67.281
3.0,priced,-0.24423712208096982,47463072376.0,42524364702.0,Sheep,86QjL8vGseotzKS7miizqujpziU8J5hfykeXmN4mJtDw,3PFSbST2smdSFvg3cBzZirH1v3u78ZCE7WpHWFZRJtQeWRvDjzgWG1sR2SpcyWtY74CbbZ6QfQP2Fx99BYhvQiai,67.281
5.0,priced,-0.26919901487251774,48312481749.0,42566951444.0,Sheep,86QjL8vGseotzKS7miizqujpziU8J5hfykeXmN4mJtDw,3PFSbST2smdSFvg3cBzZirH1v3u78ZCE7WpHWFZRJtQeWRvDjzgWG1sR2SpcyWtY74CbbZ6QfQP2Fx99BYhvQiai,67.281
10.0,priced,-0.2620892879873884,49221985180.0,43573108269.0,Sheep,86QjL8vGseotzKS7miizqujpziU8J5hfykeXmN4mJtDw,3PFSbST2smdSFvg3cBzZirH1v3u78ZCE7WpHWFZRJtQeWRvDjzgWG1sR2SpcyWtY74CbbZ6QfQP2Fx99BYhvQiai,67.281
0.0,priced,0.21699453767735766,33000000000.0,37556859950.0,Sheep,hDbadDjkgDU9k7pB8QWXB6yq5r913nMuFX9yzbxUAaZ,vPh45Veq2vR5sL2TeWRoGBh5gXtFcwpCaakavuncQjSMv1PW5zCx3eCndiTKjNtNSZqKGVLsEMedKYoo3ypRhre,1.774
0.5,priced,-0.3058065492465046,43787654320.0,37628369199.0,Sheep,hDbadDjkgDU9k7pB8QWXB6yq5r913nMuFX9yzbxUAaZ,vPh45Veq2vR5sL2TeWRoGBh5gXtFcwpCaakavuncQjSMv1PW5zCx3eCndiTKjNtNSZqKGVLsEMedKYoo3ypRhre,1.774
1.0,missed: wallet sold before our entry landed,,,,Sheep,hDbadDjkgDU9k7pB8QWXB6yq5r913nMuFX9yzbxUAaZ,vPh45Veq2vR5sL2TeWRoGBh5gXtFcwpCaakavuncQjSMv1PW5zCx3eCndiTKjNtNSZqKGVLsEMedKYoo3ypRhre,1.774
2.0,missed: wallet sold before our entry landed,,,,Sheep,hDbadDjkgDU9k7pB8QWXB6yq5r913nMuFX9yzbxUAaZ,vPh45Veq2vR5sL2TeWRoGBh5gXtFcwpCaakavuncQjSMv1PW5zCx3eCndiTKjNtNSZqKGVLsEMedKYoo3ypRhre,1.774
3.0,missed: wallet sold before our entry landed,,,,Sheep,hDbadDjkgDU9k7pB8QWXB6yq5r913nMuFX9yzbxUAaZ,vPh45Veq2vR5sL2TeWRoGBh5gXtFcwpCaakavuncQjSMv1PW5zCx3eCndiTKjNtNSZqKGVLsEMedKYoo3ypRhre,1.774
5.0,missed: wallet sold before our entry landed,,,,Sheep,hDbadDjkgDU9k7pB8QWXB6yq5r913nMuFX9yzbxUAaZ,vPh45Veq2vR5sL2TeWRoGBh5gXtFcwpCaakavuncQjSMv1PW5zCx3eCndiTKjNtNSZqKGVLsEMedKYoo3ypRhre,1.774
10.0,missed: wallet sold before our entry landed,,,,Sheep,hDbadDjkgDU9k7pB8QWXB6yq5r913nMuFX9yzbxUAaZ,vPh45Veq2vR5sL2TeWRoGBh5gXtFcwpCaakavuncQjSMv1PW5zCx3eCndiTKjNtNSZqKGVLsEMedKYoo3ypRhre,1.774
0.0,priced,0.10000009779473687,36029106895.0,38964007673.0,Sheep,9vhNNeQzjF1QbigcrbjKxNfD1sbL9VzRVyGo4dc4G1Yh,3QhPqWJToe67FZW72ZT61ZKxvJkcxiQdZcro7v8mGQAAWrhWhF7seE2ocrnD7c9Xxceaso6RSnWBMkpwPoAmk49z,107.086
0.5,priced,-0.15507464999439705,38020876438.0,36047461426.0,Sheep,9vhNNeQzjF1QbigcrbjKxNfD1sbL9VzRVyGo4dc4G1Yh,3QhPqWJToe67FZW72ZT61ZKxvJkcxiQdZcro7v8mGQAAWrhWhF7seE2ocrnD7c9Xxceaso6RSnWBMkpwPoAmk49z,107.086
1.0,priced,-0.15507464999439705,38020876438.0,36047461426.0,Sheep,9vhNNeQzjF1QbigcrbjKxNfD1sbL9VzRVyGo4dc4G1Yh,3QhPqWJToe67FZW72ZT61ZKxvJkcxiQdZcro7v8mGQAAWrhWhF7seE2ocrnD7c9Xxceaso6RSnWBMkpwPoAmk49z,107.086
2.0,priced,-0.15507464999439705,38020876438.0,36047461426.0,Sheep,9vhNNeQzjF1QbigcrbjKxNfD1sbL9VzRVyGo4dc4G1Yh,3QhPqWJToe67FZW72ZT61ZKxvJkcxiQdZcro7v8mGQAAWrhWhF7seE2ocrnD7c9Xxceaso6RSnWBMkpwPoAmk49z,107.086
3.0,priced,-0.15507464999439705,38020876438.0,36047461426.0,Sheep,9vhNNeQzjF1QbigcrbjKxNfD1sbL9VzRVyGo4dc4G1Yh,3QhPqWJToe67FZW72ZT61ZKxvJkcxiQdZcro7v8mGQAAWrhWhF7seE2ocrnD7c9Xxceaso6RSnWBMkpwPoAmk49z,107.086
5.0,priced,-0.23020230776101996,38020876438.0,34418605109.0,Sheep,9vhNNeQzjF1QbigcrbjKxNfD1sbL9VzRVyGo4dc4G1Yh,3QhPqWJToe67FZW72ZT61ZKxvJkcxiQdZcro7v8mGQAAWrhWhF7seE2ocrnD7c9Xxceaso6RSnWBMkpwPoAmk49z,107.086
10.0,priced,-0.23247195404690255,38118654215.0,34456052789.0,Sheep,9vhNNeQzjF1QbigcrbjKxNfD1sbL9VzRVyGo4dc4G1Yh,3QhPqWJToe67FZW72ZT61ZKxvJkcxiQdZcro7v8mGQAAWrhWhF7seE2ocrnD7c9Xxceaso6RSnWBMkpwPoAmk49z,107.086
0.0,priced,0.41262046186922285,33000000000.0,40457658137.0,Sheep,DCEkwQQGp3Livq4YgnAYe7Yn7QmhaGknagqXVpKyWrQP,2R3jCLot6AzEBDCryeyuTadG2TMQgC9FByUiRdo4dcATHB64YGtKCyuW2FbJ7wZPmZmoDCkBqoQ1BcXeCCWqKuek,4.469
0.5,priced,-0.1965308082095057,43787654320.0,40457658137.0,Sheep,DCEkwQQGp3Livq4YgnAYe7Yn7QmhaGknagqXVpKyWrQP,2R3jCLot6AzEBDCryeyuTadG2TMQgC9FByUiRdo4dcATHB64YGtKCyuW2FbJ7wZPmZmoDCkBqoQ1BcXeCCWqKuek,4.469
1.0,priced,-0.1965308082095057,43787654320.0,40457658137.0,Sheep,DCEkwQQGp3Livq4YgnAYe7Yn7QmhaGknagqXVpKyWrQP,2R3jCLot6AzEBDCryeyuTadG2TMQgC9FByUiRdo4dcATHB64YGtKCyuW2FbJ7wZPmZmoDCkBqoQ1BcXeCCWqKuek,4.469
2.0,priced,-0.1965308082095057,43787654320.0,40457658137.0,Sheep,DCEkwQQGp3Livq4YgnAYe7Yn7QmhaGknagqXVpKyWrQP,2R3jCLot6AzEBDCryeyuTadG2TMQgC9FByUiRdo4dcATHB64YGtKCyuW2FbJ7wZPmZmoDCkBqoQ1BcXeCCWqKuek,4.469
3.0,priced,-0.1965308082095057,43787654320.0,40457658137.0,Sheep,DCEkwQQGp3Livq4YgnAYe7Yn7QmhaGknagqXVpKyWrQP,2R3jCLot6AzEBDCryeyuTadG2TMQgC9FByUiRdo4dcATHB64YGtKCyuW2FbJ7wZPmZmoDCkBqoQ1BcXeCCWqKuek,4.469
5.0,priced,-0.1965308082095057,43787654320.0,40457658137.0,Sheep,DCEkwQQGp3Livq4YgnAYe7Yn7QmhaGknagqXVpKyWrQP,2R3jCLot6AzEBDCryeyuTadG2TMQgC9FByUiRdo4dcATHB64YGtKCyuW2FbJ7wZPmZmoDCkBqoQ1BcXeCCWqKuek,4.469
10.0,priced,-0.3177593907380267,47506042112.0,40457658137.0,Sheep,DCEkwQQGp3Livq4YgnAYe7Yn7QmhaGknagqXVpKyWrQP,2R3jCLot6AzEBDCryeyuTadG2TMQgC9FByUiRdo4dcATHB64YGtKCyuW2FbJ7wZPmZmoDCkBqoQ1BcXeCCWqKuek,4.469
0.0,priced,-0.24432435524924137,41510679371.0,37215121634.0,Sheep,352DQXeQM5zJ1tfdnMQQNqr9ptjSh6nUut8bnSTVjbyJ,3Hovsss1kRNt1D4uYcQdNRSaUSeq6QKkwuXNi4Rxd3tLmCYzuvav6u2a6RA5ynXwced71NjgA6XvzojoqwAbxtqe,115.194
0.5,priced,-0.2969868978529432,43032778132.0,37215121634.0,Sheep,352DQXeQM5zJ1tfdnMQQNqr9ptjSh6nUut8bnSTVjbyJ,3Hovsss1kRNt1D4uYcQdNRSaUSeq6QKkwuXNi4Rxd3tLmCYzuvav6u2a6RA5ynXwced71NjgA6XvzojoqwAbxtqe,115.194
1.0,priced,-0.32423388664885616,43033765786.0,36494197378.0,Sheep,352DQXeQM5zJ1tfdnMQQNqr9ptjSh6nUut8bnSTVjbyJ,3Hovsss1kRNt1D4uYcQdNRSaUSeq6QKkwuXNi4Rxd3tLmCYzuvav6u2a6RA5ynXwced71NjgA6XvzojoqwAbxtqe,115.194
2.0,priced,-0.34915119482992557,43846107353.0,36494197378.0,Sheep,352DQXeQM5zJ1tfdnMQQNqr9ptjSh6nUut8bnSTVjbyJ,3Hovsss1kRNt1D4uYcQdNRSaUSeq6QKkwuXNi4Rxd3tLmCYzuvav6u2a6RA5ynXwced71NjgA6XvzojoqwAbxtqe,115.194
3.0,priced,-0.34915119482992557,43846107353.0,36494197378.0,Sheep,352DQXeQM5zJ1tfdnMQQNqr9ptjSh6nUut8bnSTVjbyJ,3Hovsss1kRNt1D4uYcQdNRSaUSeq6QKkwuXNi4Rxd3tLmCYzuvav6u2a6RA5ynXwced71NjgA6XvzojoqwAbxtqe,115.194
5.0,priced,-0.34915119482992557,43846107353.0,36494197378.0,Sheep,352DQXeQM5zJ1tfdnMQQNqr9ptjSh6nUut8bnSTVjbyJ,3Hovsss1kRNt1D4uYcQdNRSaUSeq6QKkwuXNi4Rxd3tLmCYzuvav6u2a6RA5ynXwced71NjgA6XvzojoqwAbxtqe,115.194
10.0,priced,-0.3893681490850079,43846107353.0,35360304691.0,Sheep,352DQXeQM5zJ1tfdnMQQNqr9ptjSh6nUut8bnSTVjbyJ,3Hovsss1kRNt1D4uYcQdNRSaUSeq6QKkwuXNi4Rxd3tLmCYzuvav6u2a6RA5ynXwced71NjgA6XvzojoqwAbxtqe,115.194
0.0,priced,0.3942126750374334,33000000000.0,40193511669.0,Sheep,2AZdq5UYyyMezZa2XWKbcs37xVjctK813eUbiLjCkxMx,4RwMN9axebNPhSZyqoJCdxX9g2WfEMJXW3xSDRpqSRzv2MtUQuh2QZhRsy5Xi3giz2ciHYMrgNHeenDYPX1PRtQ9,4.239
0.5,priced,-0.16998024929384828,42800000000.0,40193511669.0,Sheep,2AZdq5UYyyMezZa2XWKbcs37xVjctK813eUbiLjCkxMx,4RwMN9axebNPhSZyqoJCdxX9g2WfEMJXW3xSDRpqSRzv2MtUQuh2QZhRsy5Xi3giz2ciHYMrgNHeenDYPX1PRtQ9,4.239
1.0,priced,-0.2961714180883478,43787654320.0,37886266096.0,Sheep,2AZdq5UYyyMezZa2XWKbcs37xVjctK813eUbiLjCkxMx,4RwMN9axebNPhSZyqoJCdxX9g2WfEMJXW3xSDRpqSRzv2MtUQuh2QZhRsy5Xi3giz2ciHYMrgNHeenDYPX1PRtQ9,4.239
2.0,priced,-0.2961714180883478,43787654320.0,37886266096.0,Sheep,2AZdq5UYyyMezZa2XWKbcs37xVjctK813eUbiLjCkxMx,4RwMN9axebNPhSZyqoJCdxX9g2WfEMJXW3xSDRpqSRzv2MtUQuh2QZhRsy5Xi3giz2ciHYMrgNHeenDYPX1PRtQ9,4.239
3.0,priced,-0.2961714180883478,43787654320.0,37886266096.0,Sheep,2AZdq5UYyyMezZa2XWKbcs37xVjctK813eUbiLjCkxMx,4RwMN9axebNPhSZyqoJCdxX9g2WfEMJXW3xSDRpqSRzv2MtUQuh2QZhRsy5Xi3giz2ciHYMrgNHeenDYPX1PRtQ9,4.239
5.0,priced,-0.2961714180883478,43787654320.0,37886266096.0,Sheep,2AZdq5UYyyMezZa2XWKbcs37xVjctK813eUbiLjCkxMx,4RwMN9axebNPhSZyqoJCdxX9g2WfEMJXW3xSDRpqSRzv2MtUQuh2QZhRsy5Xi3giz2ciHYMrgNHeenDYPX1PRtQ9,4.239
10.0,priced,-0.3725632820832105,43787654320.0,35790904778.0,Sheep,2AZdq5UYyyMezZa2XWKbcs37xVjctK813eUbiLjCkxMx,4RwMN9axebNPhSZyqoJCdxX9g2WfEMJXW3xSDRpqSRzv2MtUQuh2QZhRsy5Xi3giz2ciHYMrgNHeenDYPX1PRtQ9,4.239
0.0,priced,0.6944437021471813,33000000000.0,44308100194.0,Sheep,CXjgx7L2KuojoVnzxA7q5PvEvcBoC5jXMqHvyzgcrvxh,5zoMdGLFFas6RsRrnsyEisSZhXeHXVd4FPABUa3MigjVJs67MoLP2HjJaRsWJEa29ZV1BoguiX6tRuJU7GeEYwJD,4.414
0.5,priced,-0.03563095155839849,43797530862.0,44308100194.0,Sheep,CXjgx7L2KuojoVnzxA7q5PvEvcBoC5jXMqHvyzgcrvxh,5zoMdGLFFas6RsRrnsyEisSZhXeHXVd4FPABUa3MigjVJs67MoLP2HjJaRsWJEa29ZV1BoguiX6tRuJU7GeEYwJD,4.414
1.0,priced,-0.044270631675246,43995061726.0,44308100194.0,Sheep,CXjgx7L2KuojoVnzxA7q5PvEvcBoC5jXMqHvyzgcrvxh,5zoMdGLFFas6RsRrnsyEisSZhXeHXVd4FPABUa3MigjVJs67MoLP2HjJaRsWJEa29ZV1BoguiX6tRuJU7GeEYwJD,4.414
2.0,priced,-0.044270631675246,43995061726.0,44308100194.0,Sheep,CXjgx7L2KuojoVnzxA7q5PvEvcBoC5jXMqHvyzgcrvxh,5zoMdGLFFas6RsRrnsyEisSZhXeHXVd4FPABUa3MigjVJs67MoLP2HjJaRsWJEa29ZV1BoguiX6tRuJU7GeEYwJD,4.414
3.0,priced,-0.044270631675246,43995061726.0,44308100194.0,Sheep,CXjgx7L2KuojoVnzxA7q5PvEvcBoC5jXMqHvyzgcrvxh,5zoMdGLFFas6RsRrnsyEisSZhXeHXVd4FPABUa3MigjVJs67MoLP2HjJaRsWJEa29ZV1BoguiX6tRuJU7GeEYwJD,4.414
5.0,priced,-0.04545558961850035,44022360486.0,44308100194.0,Sheep,CXjgx7L2KuojoVnzxA7q5PvEvcBoC5jXMqHvyzgcrvxh,5zoMdGLFFas6RsRrnsyEisSZhXeHXVd4FPABUa3MigjVJs67MoLP2HjJaRsWJEa29ZV1BoguiX6tRuJU7GeEYwJD,4.414
10.0,priced,-0.32053338814501586,48960632087.0,41606523140.0,Sheep,CXjgx7L2KuojoVnzxA7q5PvEvcBoC5jXMqHvyzgcrvxh,5zoMdGLFFas6RsRrnsyEisSZhXeHXVd4FPABUa3MigjVJs67MoLP2HjJaRsWJEa29ZV1BoguiX6tRuJU7GeEYwJD,4.414
0.0,priced,-0.17721318847815157,33000000000.0,30906285263.0,Sheep,62AJFs4wKvwEC81HE6MYeBi8gwdAbY7UWJZvyYMfSEEq,TjGJ26PkYQm3cYh1JGXW6RX6iA1isjKkpANCwew3sQzts9p25RifKvvMWb6yUCmpDv9Bat5ecaLtdGEqkCe9TEz,1.775
0.5,priced,-0.5607984834298886,44503954174.0,30503070567.0,Sheep,62AJFs4wKvwEC81HE6MYeBi8gwdAbY7UWJZvyYMfSEEq,TjGJ26PkYQm3cYh1JGXW6RX6iA1isjKkpANCwew3sQzts9p25RifKvvMWb6yUCmpDv9Bat5ecaLtdGEqkCe9TEz,1.775
1.0,priced,-0.5640703392603423,44668719533.0,30503070567.0,Sheep,62AJFs4wKvwEC81HE6MYeBi8gwdAbY7UWJZvyYMfSEEq,TjGJ26PkYQm3cYh1JGXW6RX6iA1isjKkpANCwew3sQzts9p25RifKvvMWb6yUCmpDv9Bat5ecaLtdGEqkCe9TEz,1.775
2.0,missed: wallet sold before our entry landed,,,,Sheep,62AJFs4wKvwEC81HE6MYeBi8gwdAbY7UWJZvyYMfSEEq,TjGJ26PkYQm3cYh1JGXW6RX6iA1isjKkpANCwew3sQzts9p25RifKvvMWb6yUCmpDv9Bat5ecaLtdGEqkCe9TEz,1.775
3.0,missed: wallet sold before our entry landed,,,,Sheep,62AJFs4wKvwEC81HE6MYeBi8gwdAbY7UWJZvyYMfSEEq,TjGJ26PkYQm3cYh1JGXW6RX6iA1isjKkpANCwew3sQzts9p25RifKvvMWb6yUCmpDv9Bat5ecaLtdGEqkCe9TEz,1.775
5.0,missed: wallet sold before our entry landed,,,,Sheep,62AJFs4wKvwEC81HE6MYeBi8gwdAbY7UWJZvyYMfSEEq,TjGJ26PkYQm3cYh1JGXW6RX6iA1isjKkpANCwew3sQzts9p25RifKvvMWb6yUCmpDv9Bat5ecaLtdGEqkCe9TEz,1.775
10.0,missed: wallet sold before our entry landed,,,,Sheep,62AJFs4wKvwEC81HE6MYeBi8gwdAbY7UWJZvyYMfSEEq,TjGJ26PkYQm3cYh1JGXW6RX6iA1isjKkpANCwew3sQzts9p25RifKvvMWb6yUCmpDv9Bat5ecaLtdGEqkCe9TEz,1.775
0.0,priced,0.17281306111578726,83715321455.0,93093888025.0,Sheep,ArV7g2VBDHTUvfJTwCPYzzPJRozHbdS94QigVPuFpump,2sjqeeiVEcRGaDU6x8EMsESnrCyhh5d1FAFPpKZDpLrqaKP3weBShHubaNuZ5W7Bb5gTcTkUrS95BRh6ujRh2Y7k,103.276
0.5,priced,0.1551244604054346,84357296760.0,93099204705.0,Sheep,ArV7g2VBDHTUvfJTwCPYzzPJRozHbdS94QigVPuFpump,2sjqeeiVEcRGaDU6x8EMsESnrCyhh5d1FAFPpKZDpLrqaKP3weBShHubaNuZ5W7Bb5gTcTkUrS95BRh6ujRh2Y7k,103.276
1.0,priced,0.12476869849923825,85485321449.0,93099204705.0,Sheep,ArV7g2VBDHTUvfJTwCPYzzPJRozHbdS94QigVPuFpump,2sjqeeiVEcRGaDU6x8EMsESnrCyhh5d1FAFPpKZDpLrqaKP3weBShHubaNuZ5W7Bb5gTcTkUrS95BRh6ujRh2Y7k,103.276
2.0,priced,0.13478166723028207,85485321449.0,93510409852.0,Sheep,ArV7g2VBDHTUvfJTwCPYzzPJRozHbdS94QigVPuFpump,2sjqeeiVEcRGaDU6x8EMsESnrCyhh5d1FAFPpKZDpLrqaKP3weBShHubaNuZ5W7Bb5gTcTkUrS95BRh6ujRh2Y7k,103.276
3.0,priced,0.13478166723028207,85485321449.0,93510409852.0,Sheep,ArV7g2VBDHTUvfJTwCPYzzPJRozHbdS94QigVPuFpump,2sjqeeiVEcRGaDU6x8EMsESnrCyhh5d1FAFPpKZDpLrqaKP3weBShHubaNuZ5W7Bb5gTcTkUrS95BRh6ujRh2Y7k,103.276
5.0,priced,0.13490054315929817,85485321449.0,93515280950.0,Sheep,ArV7g2VBDHTUvfJTwCPYzzPJRozHbdS94QigVPuFpump,2sjqeeiVEcRGaDU6x8EMsESnrCyhh5d1FAFPpKZDpLrqaKP3weBShHubaNuZ5W7Bb5gTcTkUrS95BRh6ujRh2Y7k,103.276
10.0,priced,0.05786563906360471,88468340670.0,93445780052.0,Sheep,ArV7g2VBDHTUvfJTwCPYzzPJRozHbdS94QigVPuFpump,2sjqeeiVEcRGaDU6x8EMsESnrCyhh5d1FAFPpKZDpLrqaKP3weBShHubaNuZ5W7Bb5gTcTkUrS95BRh6ujRh2Y7k,103.276
0.0,priced,-0.5261611430481568,59787450564.0,42487921593.0,Sheep,6zQRgMv4of3TQXPUwJd3qtKwhduAQkkpXb2VWjrTpump,59rJXNav9n93o3G9ZaM9t7b1uLyEeYyeFUDf7sPXwt3FAQNzoz4aRzETt2BYeTp89N2pa8Z7DjCiBo3o4pQmQzEP,986.251
0.5,priced,-0.6328795226373389,62279220107.0,39039246824.0,Sheep,6zQRgMv4of3TQXPUwJd3qtKwhduAQkkpXb2VWjrTpump,59rJXNav9n93o3G9ZaM9t7b1uLyEeYyeFUDf7sPXwt3FAQNzoz4aRzETt2BYeTp89N2pa8Z7DjCiBo3o4pQmQzEP,986.251
1.0,priced,-0.6506908645038354,63730282921.0,38984931632.0,Sheep,6zQRgMv4of3TQXPUwJd3qtKwhduAQkkpXb2VWjrTpump,59rJXNav9n93o3G9ZaM9t7b1uLyEeYyeFUDf7sPXwt3FAQNzoz4aRzETt2BYeTp89N2pa8Z7DjCiBo3o4pQmQzEP,986.251
2.0,priced,-0.6850464790719153,63779665636.0,37089847559.0,Sheep,6zQRgMv4of3TQXPUwJd3qtKwhduAQkkpXb2VWjrTpump,59rJXNav9n93o3G9ZaM9t7b1uLyEeYyeFUDf7sPXwt3FAQNzoz4aRzETt2BYeTp89N2pa8Z7DjCiBo3o4pQmQzEP,986.251
3.0,priced,-0.6851161934917096,63786579215.0,37089847559.0,Sheep,6zQRgMv4of3TQXPUwJd3qtKwhduAQkkpXb2VWjrTpump,59rJXNav9n93o3G9ZaM9t7b1uLyEeYyeFUDf7sPXwt3FAQNzoz4aRzETt2BYeTp89N2pa8Z7DjCiBo3o4pQmQzEP,986.251
5.0,priced,-0.6844100269202374,63716651940.0,37089847559.0,Sheep,6zQRgMv4of3TQXPUwJd3qtKwhduAQkkpXb2VWjrTpump,59rJXNav9n93o3G9ZaM9t7b1uLyEeYyeFUDf7sPXwt3FAQNzoz4aRzETt2BYeTp89N2pa8Z7DjCiBo3o4pQmQzEP,986.251
10.0,priced,-0.6950168035024299,64791740723.0,37089847559.0,Sheep,6zQRgMv4of3TQXPUwJd3qtKwhduAQkkpXb2VWjrTpump,59rJXNav9n93o3G9ZaM9t7b1uLyEeYyeFUDf7sPXwt3FAQNzoz4aRzETt2BYeTp89N2pa8Z7DjCiBo3o4pQmQzEP,986.251
0.0,priced,0.42817617064039803,58115925260.0,71386690723.0,Kadenox,i9SqdjzW7o1tt6XqUU4ApJn1nMYAFHSE7XF19Qgpump,21xaMKKJTxxpkn5vnMzd5pwk9zu9srJsFEZyjmC4zPMjvvtkWjVMgidJecNyRTD4KoKbDyfHbuysUBbNGgGS7RGc,140.253
0.5,priced,0.479977770399873,58115925260.0,72666055271.0,Kadenox,i9SqdjzW7o1tt6XqUU4ApJn1nMYAFHSE7XF19Qgpump,21xaMKKJTxxpkn5vnMzd5pwk9zu9srJsFEZyjmC4zPMjvvtkWjVMgidJecNyRTD4KoKbDyfHbuysUBbNGgGS7RGc,140.253
1.0,priced,0.6346348512207728,58745747998.0,77182748863.0,Kadenox,i9SqdjzW7o1tt6XqUU4ApJn1nMYAFHSE7XF19Qgpump,21xaMKKJTxxpkn5vnMzd5pwk9zu9srJsFEZyjmC4zPMjvvtkWjVMgidJecNyRTD4KoKbDyfHbuysUBbNGgGS7RGc,140.253
2.0,priced,0.6683774918068042,58745845775.0,77973752513.0,Kadenox,i9SqdjzW7o1tt6XqUU4ApJn1nMYAFHSE7XF19Qgpump,21xaMKKJTxxpkn5vnMzd5pwk9zu9srJsFEZyjmC4zPMjvvtkWjVMgidJecNyRTD4KoKbDyfHbuysUBbNGgGS7RGc,140.253
3.0,priced,0.6554948571687732,58746041329.0,77673003185.0,Kadenox,i9SqdjzW7o1tt6XqUU4ApJn1nMYAFHSE7XF19Qgpump,21xaMKKJTxxpkn5vnMzd5pwk9zu9srJsFEZyjmC4zPMjvvtkWjVMgidJecNyRTD4KoKbDyfHbuysUBbNGgGS7RGc,140.253
5.0,priced,0.7116036433434448,58212223609.0,78261535478.0,Kadenox,i9SqdjzW7o1tt6XqUU4ApJn1nMYAFHSE7XF19Qgpump,21xaMKKJTxxpkn5vnMzd5pwk9zu9srJsFEZyjmC4zPMjvvtkWjVMgidJecNyRTD4KoKbDyfHbuysUBbNGgGS7RGc,140.253
10.0,priced,0.6971924920195618,59049051062.0,79046820864.0,Kadenox,i9SqdjzW7o1tt6XqUU4ApJn1nMYAFHSE7XF19Qgpump,21xaMKKJTxxpkn5vnMzd5pwk9zu9srJsFEZyjmC4zPMjvvtkWjVMgidJecNyRTD4KoKbDyfHbuysUBbNGgGS7RGc,140.253
0.0,priced,-0.0423090441860224,47236680559.0,47603181004.0,Kadenox,GEN2BWmJEoVwuE3YmLa1WMoZhSVEURahFKHeMpEDWC2c,43nXCgiwnu3WUFFqjnHM4sn4iM8NsinDNm7PN2Xte1Dg4TbPsV21Byaqgf4K9xrgWyNTdtgJTHWezMqBxu2w1FGd,12.926
0.5,priced,-0.15217507570977784,50199643521.0,47603181004.0,Kadenox,GEN2BWmJEoVwuE3YmLa1WMoZhSVEURahFKHeMpEDWC2c,43nXCgiwnu3WUFFqjnHM4sn4iM8NsinDNm7PN2Xte1Dg4TbPsV21Byaqgf4K9xrgWyNTdtgJTHWezMqBxu2w1FGd,12.926
1.0,priced,-0.15638995338405645,50356062943.0,47632810633.0,Kadenox,GEN2BWmJEoVwuE3YmLa1WMoZhSVEURahFKHeMpEDWC2c,43nXCgiwnu3WUFFqjnHM4sn4iM8NsinDNm7PN2Xte1Dg4TbPsV21Byaqgf4K9xrgWyNTdtgJTHWezMqBxu2w1FGd,12.926
2.0,priced,-0.15647614815230715,55551593242.0,52521595065.0,Kadenox,GEN2BWmJEoVwuE3YmLa1WMoZhSVEURahFKHeMpEDWC2c,43nXCgiwnu3WUFFqjnHM4sn4iM8NsinDNm7PN2Xte1Dg4TbPsV21Byaqgf4K9xrgWyNTdtgJTHWezMqBxu2w1FGd,12.926
3.0,priced,-0.2458050818157642,56571148797.0,50592947849.0,Kadenox,GEN2BWmJEoVwuE3YmLa1WMoZhSVEURahFKHeMpEDWC2c,43nXCgiwnu3WUFFqjnHM4sn4iM8NsinDNm7PN2Xte1Dg4TbPsV21Byaqgf4K9xrgWyNTdtgJTHWezMqBxu2w1FGd,12.926
5.0,priced,-0.2387880318746717,56649371019.0,50895743156.0,Kadenox,GEN2BWmJEoVwuE3YmLa1WMoZhSVEURahFKHeMpEDWC2c,43nXCgiwnu3WUFFqjnHM4sn4iM8NsinDNm7PN2Xte1Dg4TbPsV21Byaqgf4K9xrgWyNTdtgJTHWezMqBxu2w1FGd,12.926
10.0,priced,-0.21434680957799684,55768217969.0,50898728958.0,Kadenox,GEN2BWmJEoVwuE3YmLa1WMoZhSVEURahFKHeMpEDWC2c,43nXCgiwnu3WUFFqjnHM4sn4iM8NsinDNm7PN2Xte1Dg4TbPsV21Byaqgf4K9xrgWyNTdtgJTHWezMqBxu2w1FGd,12.926
0.0,priced,-0.5323333069118665,48995524807.0,34621095973.0,Sheep,3zroXgwJppdzCpWYk84QSE9o7MHpwUtTKaJmgMPCtyQv,5NLY1NqjZ72G5HM9h9xwWjkXVxY1zZEsmLV1Nsp1syaAx4CJmTY9ibzeiXWk9P7RQJmqm2kf7kH5KD1XSHkbTqyB,24.322
0.5,priced,-0.5523159545572373,48452686919.0,33510975174.0,Sheep,3zroXgwJppdzCpWYk84QSE9o7MHpwUtTKaJmgMPCtyQv,5NLY1NqjZ72G5HM9h9xwWjkXVxY1zZEsmLV1Nsp1syaAx4CJmTY9ibzeiXWk9P7RQJmqm2kf7kH5KD1XSHkbTqyB,24.322
1.0,priced,-0.519573469731081,48452686919.0,34696160358.0,Sheep,3zroXgwJppdzCpWYk84QSE9o7MHpwUtTKaJmgMPCtyQv,5NLY1NqjZ72G5HM9h9xwWjkXVxY1zZEsmLV1Nsp1syaAx4CJmTY9ibzeiXWk9P7RQJmqm2kf7kH5KD1XSHkbTqyB,24.322
2.0,priced,-0.5827436534928422,49370624692.0,32981609430.0,Sheep,3zroXgwJppdzCpWYk84QSE9o7MHpwUtTKaJmgMPCtyQv,5NLY1NqjZ72G5HM9h9xwWjkXVxY1zZEsmLV1Nsp1syaAx4CJmTY9ibzeiXWk9P7RQJmqm2kf7kH5KD1XSHkbTqyB,24.322
3.0,priced,-0.48542532773195896,45037829546.0,33372316993.0,Sheep,3zroXgwJppdzCpWYk84QSE9o7MHpwUtTKaJmgMPCtyQv,5NLY1NqjZ72G5HM9h9xwWjkXVxY1zZEsmLV1Nsp1syaAx4CJmTY9ibzeiXWk9P7RQJmqm2kf7kH5KD1XSHkbTqyB,24.322
5.0,priced,-0.5107192761144055,46863014728.0,33866144152.0,Sheep,3zroXgwJppdzCpWYk84QSE9o7MHpwUtTKaJmgMPCtyQv,5NLY1NqjZ72G5HM9h9xwWjkXVxY1zZEsmLV1Nsp1syaAx4CJmTY9ibzeiXWk9P7RQJmqm2kf7kH5KD1XSHkbTqyB,24.322
10.0,priced,-0.5017337470075811,46510634005.0,33915526867.0,Sheep,3zroXgwJppdzCpWYk84QSE9o7MHpwUtTKaJmgMPCtyQv,5NLY1NqjZ72G5HM9h9xwWjkXVxY1zZEsmLV1Nsp1syaAx4CJmTY9ibzeiXWk9P7RQJmqm2kf7kH5KD1XSHkbTqyB,24.322
0.0,priced,1.0526775138155877,33000000000.0,48771494893.0,Sheep,BF3SLSKrSwjbrmXbPgTd95jQt3wxeyzf9W9fuA9M9r5w,p8G57iZ3gkeqeS9FhAB1mYGHZsVMvpNDiYiSE44NyrixhFx93x4MQkjBGMEvZsotYVS7VrtoBgBxjqmvGwyYudw,5.911
0.5,priced,0.2244854159276452,42800000000.0,48771494893.0,Sheep,BF3SLSKrSwjbrmXbPgTd95jQt3wxeyzf9W9fuA9M9r5w,p8G57iZ3gkeqeS9FhAB1mYGHZsVMvpNDiYiSE44NyrixhFx93x4MQkjBGMEvZsotYVS7VrtoBgBxjqmvGwyYudw,5.911
1.0,priced,0.17000272131247496,43787654320.0,48771494893.0,Sheep,BF3SLSKrSwjbrmXbPgTd95jQt3wxeyzf9W9fuA9M9r5w,p8G57iZ3gkeqeS9FhAB1mYGHZsVMvpNDiYiSE44NyrixhFx93x4MQkjBGMEvZsotYVS7VrtoBgBxjqmvGwyYudw,5.911
2.0,priced,0.1481537012856848,44203165512.0,48771494893.0,Sheep,BF3SLSKrSwjbrmXbPgTd95jQt3wxeyzf9W9fuA9M9r5w,p8G57iZ3gkeqeS9FhAB1mYGHZsVMvpNDiYiSE44NyrixhFx93x4MQkjBGMEvZsotYVS7VrtoBgBxjqmvGwyYudw,5.911
3.0,priced,0.1481537012856848,44203165512.0,48771494893.0,Sheep,BF3SLSKrSwjbrmXbPgTd95jQt3wxeyzf9W9fuA9M9r5w,p8G57iZ3gkeqeS9FhAB1mYGHZsVMvpNDiYiSE44NyrixhFx93x4MQkjBGMEvZsotYVS7VrtoBgBxjqmvGwyYudw,5.911
5.0,priced,-0.029776173582250952,48088589142.0,48771494893.0,Sheep,BF3SLSKrSwjbrmXbPgTd95jQt3wxeyzf9W9fuA9M9r5w,p8G57iZ3gkeqeS9FhAB1mYGHZsVMvpNDiYiSE44NyrixhFx93x4MQkjBGMEvZsotYVS7VrtoBgBxjqmvGwyYudw,5.911
10.0,priced,-0.12218739631303346,48186366919.0,46498797785.0,Sheep,BF3SLSKrSwjbrmXbPgTd95jQt3wxeyzf9W9fuA9M9r5w,p8G57iZ3gkeqeS9FhAB1mYGHZsVMvpNDiYiSE44NyrixhFx93x4MQkjBGMEvZsotYVS7VrtoBgBxjqmvGwyYudw,5.911
0.0,priced,-0.19364785447659671,33000000000.0,30598017008.0,Sheep,Bp352u9X5MxfJHWs4qJhANbNLtWwKy9k3PKMyG8YdH1F,2Tf6qnJssXMMfTu9r6dZokoaNXgHfjBYBH1mBjuC7GMfwB1VUfob4bYLnERTwRpGFfKPmmV4ProuTihkxvK3okHG,3.885
0.5,priced,-0.5455991220413031,44966193320.0,31338757747.0,Sheep,Bp352u9X5MxfJHWs4qJhANbNLtWwKy9k3PKMyG8YdH1F,2Tf6qnJssXMMfTu9r6dZokoaNXgHfjBYBH1mBjuC7GMfwB1VUfob4bYLnERTwRpGFfKPmmV4ProuTihkxvK3okHG,3.885
1.0,priced,-0.28876459769732,37384679269.0,32543402798.0,Sheep,Bp352u9X5MxfJHWs4qJhANbNLtWwKy9k3PKMyG8YdH1F,2Tf6qnJssXMMfTu9r6dZokoaNXgHfjBYBH1mBjuC7GMfwB1VUfob4bYLnERTwRpGFfKPmmV4ProuTihkxvK3okHG,3.885
2.0,priced,-0.3339518922711575,38628391331.0,32543402798.0,Sheep,Bp352u9X5MxfJHWs4qJhANbNLtWwKy9k3PKMyG8YdH1F,2Tf6qnJssXMMfTu9r6dZokoaNXgHfjBYBH1mBjuC7GMfwB1VUfob4bYLnERTwRpGFfKPmmV4ProuTihkxvK3okHG,3.885
3.0,priced,-0.269538749685217,38628391331.0,34067093537.0,Sheep,Bp352u9X5MxfJHWs4qJhANbNLtWwKy9k3PKMyG8YdH1F,2Tf6qnJssXMMfTu9r6dZokoaNXgHfjBYBH1mBjuC7GMfwB1VUfob4bYLnERTwRpGFfKPmmV4ProuTihkxvK3okHG,3.885
5.0,priced,-0.26030580560787475,38676321503.0,34322276161.0,Sheep,Bp352u9X5MxfJHWs4qJhANbNLtWwKy9k3PKMyG8YdH1F,2Tf6qnJssXMMfTu9r6dZokoaNXgHfjBYBH1mBjuC7GMfwB1VUfob4bYLnERTwRpGFfKPmmV4ProuTihkxvK3okHG,3.885
10.0,priced,-0.1828813855591812,34350263642.0,32051618762.0,Sheep,Bp352u9X5MxfJHWs4qJhANbNLtWwKy9k3PKMyG8YdH1F,2Tf6qnJssXMMfTu9r6dZokoaNXgHfjBYBH1mBjuC7GMfwB1VUfob4bYLnERTwRpGFfKPmmV4ProuTihkxvK3okHG,3.885
0.0,priced,0.1374858286084728,34851249172.0,38333959070.0,Sheep,Em5hRZ9VV1JenG1B76YEk9KCUBuMzgiAqYMB16h1pump,52V9SHnrKFouwBWxQocVw2EkuKzqjxe1BEKRXSUZap6iy2wp1UVZow7EFRr5xvqoPehmYwdBZSNcWFr3WsY15NmR,375.122
0.5,priced,-0.25330419169173274,39932930170.0,35596765783.0,Sheep,Em5hRZ9VV1JenG1B76YEk9KCUBuMzgiAqYMB16h1pump,52V9SHnrKFouwBWxQocVw2EkuKzqjxe1BEKRXSUZap6iy2wp1UVZow7EFRr5xvqoPehmYwdBZSNcWFr3WsY15NmR,375.122
1.0,priced,-0.2569922802339307,40031695601.0,35596765783.0,Sheep,Em5hRZ9VV1JenG1B76YEk9KCUBuMzgiAqYMB16h1pump,52V9SHnrKFouwBWxQocVw2EkuKzqjxe1BEKRXSUZap6iy2wp1UVZow7EFRr5xvqoPehmYwdBZSNcWFr3WsY15NmR,375.122
2.0,priced,-0.3664529141390311,40031859551.0,32893918823.0,Sheep,Em5hRZ9VV1JenG1B76YEk9KCUBuMzgiAqYMB16h1pump,52V9SHnrKFouwBWxQocVw2EkuKzqjxe1BEKRXSUZap6iy2wp1UVZow7EFRr5xvqoPehmYwdBZSNcWFr3WsY15NmR,375.122
3.0,priced,-0.4059965571703765,40790267634.0,32461882127.0,Sheep,Em5hRZ9VV1JenG1B76YEk9KCUBuMzgiAqYMB16h1pump,52V9SHnrKFouwBWxQocVw2EkuKzqjxe1BEKRXSUZap6iy2wp1UVZow7EFRr5xvqoPehmYwdBZSNcWFr3WsY15NmR,375.122
5.0,priced,-0.4052562133604132,40765014243.0,32461882127.0,Sheep,Em5hRZ9VV1JenG1B76YEk9KCUBuMzgiAqYMB16h1pump,52V9SHnrKFouwBWxQocVw2EkuKzqjxe1BEKRXSUZap6iy2wp1UVZow7EFRr5xvqoPehmYwdBZSNcWFr3WsY15NmR,375.122
10.0,priced,-0.4052635526815745,40765096218.0,32461748949.0,Sheep,Em5hRZ9VV1JenG1B76YEk9KCUBuMzgiAqYMB16h1pump,52V9SHnrKFouwBWxQocVw2EkuKzqjxe1BEKRXSUZap6iy2wp1UVZow7EFRr5xvqoPehmYwdBZSNcWFr3WsY15NmR,375.122
0.0,priced,-0.4035125159535706,76321330492.0,60712079994.0,Kadenox,GbJtECX84o8fqdR2SgUX7yrgq6XusY4hb5Z3Rz8het7b,32qwbeJyob2AKs3eutt76VdDgRCMLT3DLtttvWPfuUdXLpdL3WPs8QTAcbt1J6QksAAitG6AgCqERvE4ayhVYych,17.855
0.5,priced,-0.4131827601476965,76321330492.0,60223888602.0,Kadenox,GbJtECX84o8fqdR2SgUX7yrgq6XusY4hb5Z3Rz8het7b,32qwbeJyob2AKs3eutt76VdDgRCMLT3DLtttvWPfuUdXLpdL3WPs8QTAcbt1J6QksAAitG6AgCqERvE4ayhVYych,17.855
1.0,priced,-0.4365227456437951,77836577057.0,60197640292.0,Kadenox,GbJtECX84o8fqdR2SgUX7yrgq6XusY4hb5Z3Rz8het7b,32qwbeJyob2AKs3eutt76VdDgRCMLT3DLtttvWPfuUdXLpdL3WPs8QTAcbt1J6QksAAitG6AgCqERvE4ayhVYych,17.855
2.0,priced,-0.45847642877414607,80882584508.0,61332285495.0,Kadenox,GbJtECX84o8fqdR2SgUX7yrgq6XusY4hb5Z3Rz8het7b,32qwbeJyob2AKs3eutt76VdDgRCMLT3DLtttvWPfuUdXLpdL3WPs8QTAcbt1J6QksAAitG6AgCqERvE4ayhVYych,17.855
3.0,priced,-0.467486304241626,79600758235.0,59865404142.0,Kadenox,GbJtECX84o8fqdR2SgUX7yrgq6XusY4hb5Z3Rz8het7b,32qwbeJyob2AKs3eutt76VdDgRCMLT3DLtttvWPfuUdXLpdL3WPs8QTAcbt1J6QksAAitG6AgCqERvE4ayhVYych,17.855
5.0,priced,-0.4300161986047735,78239989012.0,60852668326.0,Kadenox,GbJtECX84o8fqdR2SgUX7yrgq6XusY4hb5Z3Rz8het7b,32qwbeJyob2AKs3eutt76VdDgRCMLT3DLtttvWPfuUdXLpdL3WPs8QTAcbt1J6QksAAitG6AgCqERvE4ayhVYych,17.855
10.0,priced,-0.4215529191599414,70075048874.0,54918086386.0,Kadenox,GbJtECX84o8fqdR2SgUX7yrgq6XusY4hb5Z3Rz8het7b,32qwbeJyob2AKs3eutt76VdDgRCMLT3DLtttvWPfuUdXLpdL3WPs8QTAcbt1J6QksAAitG6AgCqERvE4ayhVYych,17.855
0.0,priced,0.6820254656044836,33000000000.0,44145410401.0,Sheep,BRasjPSTvjLuXSoCQ3Uvub8KDkpdH7gw4DsvGCNZJ2wT,5KeqBV5WAredJCSPr69FGFFdkzwX5vDfmQJQRhEb6D9j3gcacXkHveiTXbGjtc4BXNruZnjmV2eUNnvLcTjLCwe,8.288
0.5,priced,0.002383887704741239,42800000000.0,44145410401.0,Sheep,BRasjPSTvjLuXSoCQ3Uvub8KDkpdH7gw4DsvGCNZJ2wT,5KeqBV5WAredJCSPr69FGFFdkzwX5vDfmQJQRhEb6D9j3gcacXkHveiTXbGjtc4BXNruZnjmV2eUNnvLcTjLCwe,8.288
1.0,priced,-0.16043084068259217,46763782970.0,44145410401.0,Sheep,BRasjPSTvjLuXSoCQ3Uvub8KDkpdH7gw4DsvGCNZJ2wT,5KeqBV5WAredJCSPr69FGFFdkzwX5vDfmQJQRhEb6D9j3gcacXkHveiTXbGjtc4BXNruZnjmV2eUNnvLcTjLCwe,8.288
2.0,priced,-0.177238237241889,47238001837.0,44145410401.0,Sheep,BRasjPSTvjLuXSoCQ3Uvub8KDkpdH7gw4DsvGCNZJ2wT,5KeqBV5WAredJCSPr69FGFFdkzwX5vDfmQJQRhEb6D9j3gcacXkHveiTXbGjtc4BXNruZnjmV2eUNnvLcTjLCwe,8.288
3.0,priced,-0.17723515932845213,47238001837.0,44145492376.0,Sheep,BRasjPSTvjLuXSoCQ3Uvub8KDkpdH7gw4DsvGCNZJ2wT,5KeqBV5WAredJCSPr69FGFFdkzwX5vDfmQJQRhEb6D9j3gcacXkHveiTXbGjtc4BXNruZnjmV2eUNnvLcTjLCwe,8.288
5.0,priced,-0.13822381556889404,46158729017.0,44145738301.0,Sheep,BRasjPSTvjLuXSoCQ3Uvub8KDkpdH7gw4DsvGCNZJ2wT,5KeqBV5WAredJCSPr69FGFFdkzwX5vDfmQJQRhEb6D9j3gcacXkHveiTXbGjtc4BXNruZnjmV2eUNnvLcTjLCwe,8.288
10.0,priced,-0.2931282740292591,48017858713.0,41616265935.0,Sheep,BRasjPSTvjLuXSoCQ3Uvub8KDkpdH7gw4DsvGCNZJ2wT,5KeqBV5WAredJCSPr69FGFFdkzwX5vDfmQJQRhEb6D9j3gcacXkHveiTXbGjtc4BXNruZnjmV2eUNnvLcTjLCwe,8.288
0.0,priced,-0.4132727326839817,38302537127.0,30307377961.0,Sheep,AiqQHkWS3KuEuWyu63qtPg33Gq7GJkj6gSVFLDT5BKrP,5gkEmagy3rhQ7Za4NGFiNh5WT7izNn3Am9kEX1yvzKyQyMGrassYkzbdZDj5dSJEJa1161QAHMkscksP8ruJLiqW,138.262
0.5,priced,-0.4135768187384689,38312413669.0,30307377961.0,Sheep,AiqQHkWS3KuEuWyu63qtPg33Gq7GJkj6gSVFLDT5BKrP,5gkEmagy3rhQ7Za4NGFiNh5WT7izNn3Am9kEX1yvzKyQyMGrassYkzbdZDj5dSJEJa1161QAHMkscksP8ruJLiqW,138.262
1.0,priced,-0.4138806720219314,38322290211.0,30307377961.0,Sheep,AiqQHkWS3KuEuWyu63qtPg33Gq7GJkj6gSVFLDT5BKrP,5gkEmagy3rhQ7Za4NGFiNh5WT7izNn3Am9kEX1yvzKyQyMGrassYkzbdZDj5dSJEJa1161QAHMkscksP8ruJLiqW,138.262
2.0,priced,-0.4138806720219314,38322290211.0,30307377961.0,Sheep,AiqQHkWS3KuEuWyu63qtPg33Gq7GJkj6gSVFLDT5BKrP,5gkEmagy3rhQ7Za4NGFiNh5WT7izNn3Am9kEX1yvzKyQyMGrassYkzbdZDj5dSJEJa1161QAHMkscksP8ruJLiqW,138.262
3.0,priced,-0.4138806720219314,38322290211.0,30307377961.0,Sheep,AiqQHkWS3KuEuWyu63qtPg33Gq7GJkj6gSVFLDT5BKrP,5gkEmagy3rhQ7Za4NGFiNh5WT7izNn3Am9kEX1yvzKyQyMGrassYkzbdZDj5dSJEJa1161QAHMkscksP8ruJLiqW,138.262
5.0,priced,-0.4163031875465659,38401303872.0,30307377961.0,Sheep,AiqQHkWS3KuEuWyu63qtPg33Gq7GJkj6gSVFLDT5BKrP,5gkEmagy3rhQ7Za4NGFiNh5WT7izNn3Am9kEX1yvzKyQyMGrassYkzbdZDj5dSJEJa1161QAHMkscksP8ruJLiqW,138.262
10.0,priced,-0.4213888396073407,38401303872.0,30176526021.0,Sheep,AiqQHkWS3KuEuWyu63qtPg33Gq7GJkj6gSVFLDT5BKrP,5gkEmagy3rhQ7Za4NGFiNh5WT7izNn3Am9kEX1yvzKyQyMGrassYkzbdZDj5dSJEJa1161QAHMkscksP8ruJLiqW,138.262
0.0,priced,0.3679589921724994,33000000000.0,39813787557.0,Sheep,AiqQHkWS3KuEuWyu63qtPg33Gq7GJkj6gSVFLDT5BKrP,5mv6k2brRRRQqtyAgGf9pCf7TP8ELZ9tFXWMLnP5DeotpnKG4PJ9kwLeqENgykzXRVrwx7RsdyYQ3ZyBQAXK6SU2,4.019
0.5,priced,-0.2331206427503772,44318414336.0,40009343111.0,Sheep,AiqQHkWS3KuEuWyu63qtPg33Gq7GJkj6gSVFLDT5BKrP,5mv6k2brRRRQqtyAgGf9pCf7TP8ELZ9tFXWMLnP5DeotpnKG4PJ9kwLeqENgykzXRVrwx7RsdyYQ3ZyBQAXK6SU2,4.019
1.0,priced,-0.24614741438234986,44725298996.0,40033104291.0,Sheep,AiqQHkWS3KuEuWyu63qtPg33Gq7GJkj6gSVFLDT5BKrP,5mv6k2brRRRQqtyAgGf9pCf7TP8ELZ9tFXWMLnP5DeotpnKG4PJ9kwLeqENgykzXRVrwx7RsdyYQ3ZyBQAXK6SU2,4.019
2.0,priced,-0.24614741438234986,44725298996.0,40033104291.0,Sheep,AiqQHkWS3KuEuWyu63qtPg33Gq7GJkj6gSVFLDT5BKrP,5mv6k2brRRRQqtyAgGf9pCf7TP8ELZ9tFXWMLnP5DeotpnKG4PJ9kwLeqENgykzXRVrwx7RsdyYQ3ZyBQAXK6SU2,4.019
3.0,priced,-0.2428025195772815,44725298996.0,40121104291.0,Sheep,AiqQHkWS3KuEuWyu63qtPg33Gq7GJkj6gSVFLDT5BKrP,5mv6k2brRRRQqtyAgGf9pCf7TP8ELZ9tFXWMLnP5DeotpnKG4PJ9kwLeqENgykzXRVrwx7RsdyYQ3ZyBQAXK6SU2,4.019
5.0,priced,-0.22021398396156253,43695391070.0,39777848871.0,Sheep,AiqQHkWS3KuEuWyu63qtPg33Gq7GJkj6gSVFLDT5BKrP,5mv6k2brRRRQqtyAgGf9pCf7TP8ELZ9tFXWMLnP5DeotpnKG4PJ9kwLeqENgykzXRVrwx7RsdyYQ3ZyBQAXK6SU2,4.019
10.0,priced,-0.18075115979740727,43685794511.0,40755626649.0,Sheep,AiqQHkWS3KuEuWyu63qtPg33Gq7GJkj6gSVFLDT5BKrP,5mv6k2brRRRQqtyAgGf9pCf7TP8ELZ9tFXWMLnP5DeotpnKG4PJ9kwLeqENgykzXRVrwx7RsdyYQ3ZyBQAXK6SU2,4.019
0.0,priced,-0.022338637196273207,43174235586.0,43979458914.0,Pikalosi,3kFEyXL67H6MDx4FUJezhATxuHzfCF7i5bu6C6dwpump,5wTXV5z77eBZLvPGtq85dbX6uA5cvCxiFZDf3mBtNFBLMGVYsYhG594f9AsRFVZ1LZwEQBiWAe3QcoyQKGaoxxVS,355.319
0.5,priced,-0.2977551580768311,48817496170.0,42168593913.0,Pikalosi,3kFEyXL67H6MDx4FUJezhATxuHzfCF7i5bu6C6dwpump,5wTXV5z77eBZLvPGtq85dbX6uA5cvCxiFZDf3mBtNFBLMGVYsYhG594f9AsRFVZ1LZwEQBiWAe3QcoyQKGaoxxVS,355.319
1.0,priced,-0.3026686605310669,48988396171.0,42168593913.0,Pikalosi,3kFEyXL67H6MDx4FUJezhATxuHzfCF7i5bu6C6dwpump,5wTXV5z77eBZLvPGtq85dbX6uA5cvCxiFZDf3mBtNFBLMGVYsYhG594f9AsRFVZ1LZwEQBiWAe3QcoyQKGaoxxVS,355.319
2.0,priced,-0.3026686605310669,48988396171.0,42168593913.0,Pikalosi,3kFEyXL67H6MDx4FUJezhATxuHzfCF7i5bu6C6dwpump,5wTXV5z77eBZLvPGtq85dbX6uA5cvCxiFZDf3mBtNFBLMGVYsYhG594f9AsRFVZ1LZwEQBiWAe3QcoyQKGaoxxVS,355.319
3.0,priced,-0.32954921994488956,48988324019.0,41355492808.0,Pikalosi,3kFEyXL67H6MDx4FUJezhATxuHzfCF7i5bu6C6dwpump,5wTXV5z77eBZLvPGtq85dbX6uA5cvCxiFZDf3mBtNFBLMGVYsYhG594f9AsRFVZ1LZwEQBiWAe3QcoyQKGaoxxVS,355.319
5.0,priced,-0.31671929307827035,47569883478.0,40542347625.0,Pikalosi,3kFEyXL67H6MDx4FUJezhATxuHzfCF7i5bu6C6dwpump,5wTXV5z77eBZLvPGtq85dbX6uA5cvCxiFZDf3mBtNFBLMGVYsYhG594f9AsRFVZ1LZwEQBiWAe3QcoyQKGaoxxVS,355.319
10.0,priced,-0.3669881278474671,47569883478.0,39037288565.0,Pikalosi,3kFEyXL67H6MDx4FUJezhATxuHzfCF7i5bu6C6dwpump,5wTXV5z77eBZLvPGtq85dbX6uA5cvCxiFZDf3mBtNFBLMGVYsYhG594f9AsRFVZ1LZwEQBiWAe3QcoyQKGaoxxVS,355.319
0.0,priced,0.5224424479289556,33000000000.0,41999519856.0,Sheep,DtwCGXvryGb84vVpTH5wk1r4cm8oT8sAEt2mw2z3aQF,4Sd39mtaRj8vSbAjrYT9wCYExEtjbQfXNn1StbX9md3Mqc4Mvffnp3gswKWtQRqj1EyVHd1D29Tcvz8TBF37f15C,4.296
0.5,priced,-0.11448313271706784,43311060928.0,41999519856.0,Sheep,DtwCGXvryGb84vVpTH5wk1r4cm8oT8sAEt2mw2z3aQF,4Sd39mtaRj8vSbAjrYT9wCYExEtjbQfXNn1StbX9md3Mqc4Mvffnp3gswKWtQRqj1EyVHd1D29Tcvz8TBF37f15C,4.296
1.0,priced,-0.14312231311055112,44028179939.0,41999519856.0,Sheep,DtwCGXvryGb84vVpTH5wk1r4cm8oT8sAEt2mw2z3aQF,4Sd39mtaRj8vSbAjrYT9wCYExEtjbQfXNn1StbX9md3Mqc4Mvffnp3gswKWtQRqj1EyVHd1D29Tcvz8TBF37f15C,4.296
2.0,priced,-0.1430829301931684,44028179939.0,42000478605.0,Sheep,DtwCGXvryGb84vVpTH5wk1r4cm8oT8sAEt2mw2z3aQF,4Sd39mtaRj8vSbAjrYT9wCYExEtjbQfXNn1StbX9md3Mqc4Mvffnp3gswKWtQRqj1EyVHd1D29Tcvz8TBF37f15C,4.296
3.0,priced,-0.1430829301931684,44028179939.0,42000478605.0,Sheep,DtwCGXvryGb84vVpTH5wk1r4cm8oT8sAEt2mw2z3aQF,4Sd39mtaRj8vSbAjrYT9wCYExEtjbQfXNn1StbX9md3Mqc4Mvffnp3gswKWtQRqj1EyVHd1D29Tcvz8TBF37f15C,4.296
5.0,priced,-0.1390617884217615,44028179939.0,42098256382.0,Sheep,DtwCGXvryGb84vVpTH5wk1r4cm8oT8sAEt2mw2z3aQF,4Sd39mtaRj8vSbAjrYT9wCYExEtjbQfXNn1StbX9md3Mqc4Mvffnp3gswKWtQRqj1EyVHd1D29Tcvz8TBF37f15C,4.296
10.0,priced,-0.19074100776653816,45409869954.0,42098256382.0,Sheep,DtwCGXvryGb84vVpTH5wk1r4cm8oT8sAEt2mw2z3aQF,4Sd39mtaRj8vSbAjrYT9wCYExEtjbQfXNn1StbX9md3Mqc4Mvffnp3gswKWtQRqj1EyVHd1D29Tcvz8TBF37f15C,4.296
0.0,priced,-0.23743909901747312,50488130877.0,45422726368.0,Pikalosi,21rFG12swaJjBwsZBLgH6WFbJzijm3g7g7cjREBXpump,8cikVUDwDyPtGCHhqw5LrvNLLLzMtcD5u2CD2hfcxKuyYzoPz5YtetcJBoQwrLTLTvkwehg56cPEJp8zicekbjD,16.048
0.5,priced,-0.3593512620710144,52748871613.0,43524998537.0,Pikalosi,21rFG12swaJjBwsZBLgH6WFbJzijm3g7g7cjREBXpump,8cikVUDwDyPtGCHhqw5LrvNLLLzMtcD5u2CD2hfcxKuyYzoPz5YtetcJBoQwrLTLTvkwehg56cPEJp8zicekbjD,16.048
1.0,priced,-0.3289358817819452,52895538279.0,44659029290.0,Pikalosi,21rFG12swaJjBwsZBLgH6WFbJzijm3g7g7cjREBXpump,8cikVUDwDyPtGCHhqw5LrvNLLLzMtcD5u2CD2hfcxKuyYzoPz5YtetcJBoQwrLTLTvkwehg56cPEJp8zicekbjD,16.048
2.0,priced,-0.30137376023400153,52125810710.0,44897998178.0,Pikalosi,21rFG12swaJjBwsZBLgH6WFbJzijm3g7g7cjREBXpump,8cikVUDwDyPtGCHhqw5LrvNLLLzMtcD5u2CD2hfcxKuyYzoPz5YtetcJBoQwrLTLTvkwehg56cPEJp8zicekbjD,16.048
3.0,priced,-0.3689229915713415,53850988258.0,44100918263.0,Pikalosi,21rFG12swaJjBwsZBLgH6WFbJzijm3g7g7cjREBXpump,8cikVUDwDyPtGCHhqw5LrvNLLLzMtcD5u2CD2hfcxKuyYzoPz5YtetcJBoQwrLTLTvkwehg56cPEJp8zicekbjD,16.048
5.0,priced,-0.31858403629852905,51947649424.0,44195858838.0,Pikalosi,21rFG12swaJjBwsZBLgH6WFbJzijm3g7g7cjREBXpump,8cikVUDwDyPtGCHhqw5LrvNLLLzMtcD5u2CD2hfcxKuyYzoPz5YtetcJBoQwrLTLTvkwehg56cPEJp8zicekbjD,16.048
10.0,priced,-0.4324907698678626,54231997429.0,42141093258.0,Pikalosi,21rFG12swaJjBwsZBLgH6WFbJzijm3g7g7cjREBXpump,8cikVUDwDyPtGCHhqw5LrvNLLLzMtcD5u2CD2hfcxKuyYzoPz5YtetcJBoQwrLTLTvkwehg56cPEJp8zicekbjD,16.048
0.0,priced,0.33305572570824454,46266677671.0,54977063981.0,Pikalosi,6MCWxypQ1dBEr1yczR8Uk1HQkn5BknBJTnjWCk8ipump,5sYPQcuzy4LTYEVYeLBrzjnhVxYtXGTZnNgeuzMEmMAkWGKBQHyUkft5yyXZGysEAw2H1PwLuembLvuo37AcPKfX,22.265
0.5,priced,0.28749816583993837,47417125141.0,55368175092.0,Pikalosi,6MCWxypQ1dBEr1yczR8Uk1HQkn5BknBJTnjWCk8ipump,5sYPQcuzy4LTYEVYeLBrzjnhVxYtXGTZnNgeuzMEmMAkWGKBQHyUkft5yyXZGysEAw2H1PwLuembLvuo37AcPKfX,22.265
1.0,priced,0.28701155129719186,47910952300.0,55931065956.0,Pikalosi,6MCWxypQ1dBEr1yczR8Uk1HQkn5BknBJTnjWCk8ipump,5sYPQcuzy4LTYEVYeLBrzjnhVxYtXGTZnNgeuzMEmMAkWGKBQHyUkft5yyXZGysEAw2H1PwLuembLvuo37AcPKfX,22.265
2.0,priced,0.08147143997069883,52365619820.0,56031851587.0,Pikalosi,6MCWxypQ1dBEr1yczR8Uk1HQkn5BknBJTnjWCk8ipump,5sYPQcuzy4LTYEVYeLBrzjnhVxYtXGTZnNgeuzMEmMAkWGKBQHyUkft5yyXZGysEAw2H1PwLuembLvuo37AcPKfX,22.265
3.0,priced,0.1698547012320063,50347735362.0,56031851587.0,Pikalosi,6MCWxypQ1dBEr1yczR8Uk1HQkn5BknBJTnjWCk8ipump,5sYPQcuzy4LTYEVYeLBrzjnhVxYtXGTZnNgeuzMEmMAkWGKBQHyUkft5yyXZGysEAw2H1PwLuembLvuo37AcPKfX,22.265
5.0,priced,0.05772616495539117,52950018422.0,56031851587.0,Pikalosi,6MCWxypQ1dBEr1yczR8Uk1HQkn5BknBJTnjWCk8ipump,5sYPQcuzy4LTYEVYeLBrzjnhVxYtXGTZnNgeuzMEmMAkWGKBQHyUkft5yyXZGysEAw2H1PwLuembLvuo37AcPKfX,22.265
10.0,priced,0.02724197977915037,53938214020.0,56248503139.0,Pikalosi,6MCWxypQ1dBEr1yczR8Uk1HQkn5BknBJTnjWCk8ipump,5sYPQcuzy4LTYEVYeLBrzjnhVxYtXGTZnNgeuzMEmMAkWGKBQHyUkft5yyXZGysEAw2H1PwLuembLvuo37AcPKfX,22.265
0.0,priced,0.6711566496602177,33000000000.0,44002533005.0,Sheep,3eVgL2Jgou32xNViVQ7WqvPcTEBnKPNhZbuXRnCNjMBw,3n1LRTKbSmvJoP46FYVgicpgtmaeNwFjrz5fC4VQ3FmCpKZk4natyEe197vxA5jDt8eBruZgxbF27A5CHrd6j1id,4.005
0.5,priced,-0.0272959665466882,43306992848.0,44002533005.0,Sheep,3eVgL2Jgou32xNViVQ7WqvPcTEBnKPNhZbuXRnCNjMBw,3n1LRTKbSmvJoP46FYVgicpgtmaeNwFjrz5fC4VQ3FmCpKZk4natyEe197vxA5jDt8eBruZgxbF27A5CHrd6j1id,4.005
1.0,priced,-0.09291872278678168,44433628344.0,43600243132.0,Sheep,3eVgL2Jgou32xNViVQ7WqvPcTEBnKPNhZbuXRnCNjMBw,3n1LRTKbSmvJoP46FYVgicpgtmaeNwFjrz5fC4VQ3FmCpKZk4natyEe197vxA5jDt8eBruZgxbF27A5CHrd6j1id,4.005
2.0,priced,-0.06815294834524727,44433628344.0,44187897452.0,Sheep,3eVgL2Jgou32xNViVQ7WqvPcTEBnKPNhZbuXRnCNjMBw,3n1LRTKbSmvJoP46FYVgicpgtmaeNwFjrz5fC4VQ3FmCpKZk4natyEe197vxA5jDt8eBruZgxbF27A5CHrd6j1id,4.005
3.0,priced,-0.05566782548076964,44433628344.0,44481230785.0,Sheep,3eVgL2Jgou32xNViVQ7WqvPcTEBnKPNhZbuXRnCNjMBw,3n1LRTKbSmvJoP46FYVgicpgtmaeNwFjrz5fC4VQ3FmCpKZk4natyEe197vxA5jDt8eBruZgxbF27A5CHrd6j1id,4.005
5.0,priced,-0.05566782548076964,44433628344.0,44481230785.0,Sheep,3eVgL2Jgou32xNViVQ7WqvPcTEBnKPNhZbuXRnCNjMBw,3n1LRTKbSmvJoP46FYVgicpgtmaeNwFjrz5fC4VQ3FmCpKZk4natyEe197vxA5jDt8eBruZgxbF27A5CHrd6j1id,4.005
10.0,priced,-0.22780470929903018,47760480856.0,43248448247.0,Sheep,3eVgL2Jgou32xNViVQ7WqvPcTEBnKPNhZbuXRnCNjMBw,3n1LRTKbSmvJoP46FYVgicpgtmaeNwFjrz5fC4VQ3FmCpKZk4natyEe197vxA5jDt8eBruZgxbF27A5CHrd6j1id,4.005
0.0,priced,0.8159071537467076,33000000000.0,45869404309.0,Sheep,33MZhZAHYub3JZWCstYRmJp3antFNyvXVEtXB3t8qVWJ,Y7NHE54cXavgPqS7Q7AVBVBtYNX44LgyZQHDQM4FukurUfXu4u1g7usS87XhvrFdZSsEpEwN51w2YKmc5bd2ep2,6.164
0.5,priced,0.05742788614290225,43306992848.0,45869404309.0,Sheep,33MZhZAHYub3JZWCstYRmJp3antFNyvXVEtXB3t8qVWJ,Y7NHE54cXavgPqS7Q7AVBVBtYNX44LgyZQHDQM4FukurUfXu4u1g7usS87XhvrFdZSsEpEwN51w2YKmc5bd2ep2,6.164
1.0,priced,0.057023973635097626,43315276452.0,45869404309.0,Sheep,33MZhZAHYub3JZWCstYRmJp3antFNyvXVEtXB3t8qVWJ,Y7NHE54cXavgPqS7Q7AVBVBtYNX44LgyZQHDQM4FukurUfXu4u1g7usS87XhvrFdZSsEpEwN51w2YKmc5bd2ep2,6.164
2.0,priced,0.057023973635097626,43315276452.0,45869404309.0,Sheep,33MZhZAHYub3JZWCstYRmJp3antFNyvXVEtXB3t8qVWJ,Y7NHE54cXavgPqS7Q7AVBVBtYNX44LgyZQHDQM4FukurUfXu4u1g7usS87XhvrFdZSsEpEwN51w2YKmc5bd2ep2,6.164
3.0,priced,-0.07095417976770879,46203212252.0,45869404309.0,Sheep,33MZhZAHYub3JZWCstYRmJp3antFNyvXVEtXB3t8qVWJ,Y7NHE54cXavgPqS7Q7AVBVBtYNX44LgyZQHDQM4FukurUfXu4u1g7usS87XhvrFdZSsEpEwN51w2YKmc5bd2ep2,6.164
5.0,priced,0.06706706158173514,44030372751.0,46842243814.0,Sheep,33MZhZAHYub3JZWCstYRmJp3antFNyvXVEtXB3t8qVWJ,Y7NHE54cXavgPqS7Q7AVBVBtYNX44LgyZQHDQM4FukurUfXu4u1g7usS87XhvrFdZSsEpEwN51w2YKmc5bd2ep2,6.164
10.0,priced,-0.005412354067297936,44323706084.0,45530768083.0,Sheep,33MZhZAHYub3JZWCstYRmJp3antFNyvXVEtXB3t8qVWJ,Y7NHE54cXavgPqS7Q7AVBVBtYNX44LgyZQHDQM4FukurUfXu4u1g7usS87XhvrFdZSsEpEwN51w2YKmc5bd2ep2,6.164
0.0,priced,-0.044761506713411926,33000000000.0,33287687971.0,Sheep,8fyuSrNBV7XGerpA8Tp65ceuTVd9oP1i4c9qrZMZzVyk,4FcSKpBph2dk2GxmAnQ43TNsDY6tQMRmhKZwv2msouqU9QW6J4YPBEzZskQToWbUUJGrgRTWw1EHJDqwdJB9Eczi,3.884
0.5,priced,-0.48520576561210144,46023409470.0,34106358781.0,Sheep,8fyuSrNBV7XGerpA8Tp65ceuTVd9oP1i4c9qrZMZzVyk,4FcSKpBph2dk2GxmAnQ43TNsDY6tQMRmhKZwv2msouqU9QW6J4YPBEzZskQToWbUUJGrgRTWw1EHJDqwdJB9Eczi,3.884
1.0,priced,-0.48520574304077363,46023409470.0,34106359519.0,Sheep,8fyuSrNBV7XGerpA8Tp65ceuTVd9oP1i4c9qrZMZzVyk,4FcSKpBph2dk2GxmAnQ43TNsDY6tQMRmhKZwv2msouqU9QW6J4YPBEzZskQToWbUUJGrgRTWw1EHJDqwdJB9Eczi,3.884
2.0,priced,-0.22096940745024204,37133556628.0,33819790318.0,Sheep,8fyuSrNBV7XGerpA8Tp65ceuTVd9oP1i4c9qrZMZzVyk,4FcSKpBph2dk2GxmAnQ43TNsDY6tQMRmhKZwv2msouqU9QW6J4YPBEzZskQToWbUUJGrgRTWw1EHJDqwdJB9Eczi,3.884
3.0,priced,0.12453535261895321,34696679526.0,37948003651.0,Sheep,8fyuSrNBV7XGerpA8Tp65ceuTVd9oP1i4c9qrZMZzVyk,4FcSKpBph2dk2GxmAnQ43TNsDY6tQMRmhKZwv2msouqU9QW6J4YPBEzZskQToWbUUJGrgRTWw1EHJDqwdJB9Eczi,3.884
5.0,priced,0.048155003535595056,35066625812.0,37029094188.0,Sheep,8fyuSrNBV7XGerpA8Tp65ceuTVd9oP1i4c9qrZMZzVyk,4FcSKpBph2dk2GxmAnQ43TNsDY6tQMRmhKZwv2msouqU9QW6J4YPBEzZskQToWbUUJGrgRTWw1EHJDqwdJB9Eczi,3.884
10.0,missed: wallet sold before our entry landed,,,,Sheep,8fyuSrNBV7XGerpA8Tp65ceuTVd9oP1i4c9qrZMZzVyk,4FcSKpBph2dk2GxmAnQ43TNsDY6tQMRmhKZwv2msouqU9QW6J4YPBEzZskQToWbUUJGrgRTWw1EHJDqwdJB9Eczi,3.884
0.0,priced,1.1774527649927586,57215724028.0,86756358256.0,Sheep,A9kLprZkibNwg6ndCNDKUjQTSBhLetjaF1fZ2mnmRyq4,2zSJzWAjp31sgwGRS9hBh6pLwWm6cgKZStfJyMwVpgUMCVcmUSVG7553nASzibTxv1KN5RDQsNMiBt1sdwXr47G4,417.713
0.5,priced,1.1514951411616579,57626737764.0,86854136033.0,Sheep,A9kLprZkibNwg6ndCNDKUjQTSBhLetjaF1fZ2mnmRyq4,2zSJzWAjp31sgwGRS9hBh6pLwWm6cgKZStfJyMwVpgUMCVcmUSVG7553nASzibTxv1KN5RDQsNMiBt1sdwXr47G4,417.713
1.0,priced,1.1514951411616579,57626737764.0,86854136033.0,Sheep,A9kLprZkibNwg6ndCNDKUjQTSBhLetjaF1fZ2mnmRyq4,2zSJzWAjp31sgwGRS9hBh6pLwWm6cgKZStfJyMwVpgUMCVcmUSVG7553nASzibTxv1KN5RDQsNMiBt1sdwXr47G4,417.713
2.0,priced,1.1621058127793311,57608094186.0,87039913810.0,Sheep,A9kLprZkibNwg6ndCNDKUjQTSBhLetjaF1fZ2mnmRyq4,2zSJzWAjp31sgwGRS9hBh6pLwWm6cgKZStfJyMwVpgUMCVcmUSVG7553nASzibTxv1KN5RDQsNMiBt1sdwXr47G4,417.713
3.0,priced,1.552937788716887,52864992018.0,86835844183.0,Sheep,A9kLprZkibNwg6ndCNDKUjQTSBhLetjaF1fZ2mnmRyq4,2zSJzWAjp31sgwGRS9hBh6pLwWm6cgKZStfJyMwVpgUMCVcmUSVG7553nASzibTxv1KN5RDQsNMiBt1sdwXr47G4,417.713
5.0,priced,1.0179279813506321,54179846198.0,79111598677.0,Sheep,A9kLprZkibNwg6ndCNDKUjQTSBhLetjaF1fZ2mnmRyq4,2zSJzWAjp31sgwGRS9hBh6pLwWm6cgKZStfJyMwVpgUMCVcmUSVG7553nASzibTxv1KN5RDQsNMiBt1sdwXr47G4,417.713
10.0,priced,0.9292017713907459,55245396306.0,78867260173.0,Sheep,A9kLprZkibNwg6ndCNDKUjQTSBhLetjaF1fZ2mnmRyq4,2zSJzWAjp31sgwGRS9hBh6pLwWm6cgKZStfJyMwVpgUMCVcmUSVG7553nASzibTxv1KN5RDQsNMiBt1sdwXr47G4,417.713
0.0,priced,0.7036895777179382,33000000000.0,44428848042.0,Sheep,ENRK47uRPHqs9swgQNSb4pBzNCyBkB5bUf8BYV1S2YKa,2NDn8rANrvNgcCRmAN8BJ9VFdXvLosrW8kyeXwQzEnSStS7ucymEVtG1J6Y822Y3ZP9AJAoCxTEz1NVGVEyhyjRo,4.057
0.5,priced,-0.0537993255283972,44337179767.0,44428848042.0,Sheep,ENRK47uRPHqs9swgQNSb4pBzNCyBkB5bUf8BYV1S2YKa,2NDn8rANrvNgcCRmAN8BJ9VFdXvLosrW8kyeXwQzEnSStS7ucymEVtG1J6Y822Y3ZP9AJAoCxTEz1NVGVEyhyjRo,4.057
1.0,priced,-0.05422080990918458,44347056309.0,44428848042.0,Sheep,ENRK47uRPHqs9swgQNSb4pBzNCyBkB5bUf8BYV1S2YKa,2NDn8rANrvNgcCRmAN8BJ9VFdXvLosrW8kyeXwQzEnSStS7ucymEVtG1J6Y822Y3ZP9AJAoCxTEz1NVGVEyhyjRo,4.057
2.0,priced,-0.1704485793333204,44347056309.0,41626687763.0,Sheep,ENRK47uRPHqs9swgQNSb4pBzNCyBkB5bUf8BYV1S2YKa,2NDn8rANrvNgcCRmAN8BJ9VFdXvLosrW8kyeXwQzEnSStS7ucymEVtG1J6Y822Y3ZP9AJAoCxTEz1NVGVEyhyjRo,4.057
3.0,priced,-0.15863366049062194,44347056309.0,41920021096.0,Sheep,ENRK47uRPHqs9swgQNSb4pBzNCyBkB5bUf8BYV1S2YKa,2NDn8rANrvNgcCRmAN8BJ9VFdXvLosrW8kyeXwQzEnSStS7ucymEVtG1J6Y822Y3ZP9AJAoCxTEz1NVGVEyhyjRo,4.057
5.0,priced,-0.1184159304135809,43324866760.0,41920021096.0,Sheep,ENRK47uRPHqs9swgQNSb4pBzNCyBkB5bUf8BYV1S2YKa,2NDn8rANrvNgcCRmAN8BJ9VFdXvLosrW8kyeXwQzEnSStS7ucymEVtG1J6Y822Y3ZP9AJAoCxTEz1NVGVEyhyjRo,4.057
10.0,priced,-0.296696205460639,48263138361.0,41723100365.0,Sheep,ENRK47uRPHqs9swgQNSb4pBzNCyBkB5bUf8BYV1S2YKa,2NDn8rANrvNgcCRmAN8BJ9VFdXvLosrW8kyeXwQzEnSStS7ucymEVtG1J6Y822Y3ZP9AJAoCxTEz1NVGVEyhyjRo,4.057
0.0,priced,-0.2836297827881675,35901065973.0,31371477360.0,Sheep,AK4ijPoRNhijbifd2A2SfeFNdsp8BCuh68exdzpDVzFY,m2SvaARzWbWKioSMvPnymj7cQctjHihE8Corz47zjMHwvLnyyPAmGJNwjgTZmdt12bajyPV6EDZZPrmF68xoLTu,168.392
0.5,priced,-0.4430601744349213,40695189038.0,31371477360.0,Sheep,AK4ijPoRNhijbifd2A2SfeFNdsp8BCuh68exdzpDVzFY,m2SvaARzWbWKioSMvPnymj7cQctjHihE8Corz47zjMHwvLnyyPAmGJNwjgTZmdt12bajyPV6EDZZPrmF68xoLTu,168.392
1.0,priced,-0.48327120370756105,40695189038.0,30231875082.0,Sheep,AK4ijPoRNhijbifd2A2SfeFNdsp8BCuh68exdzpDVzFY,m2SvaARzWbWKioSMvPnymj7cQctjHihE8Corz47zjMHwvLnyyPAmGJNwjgTZmdt12bajyPV6EDZZPrmF68xoLTu,168.392
2.0,priced,-0.48327120370756105,40695189038.0,30231875082.0,Sheep,AK4ijPoRNhijbifd2A2SfeFNdsp8BCuh68exdzpDVzFY,m2SvaARzWbWKioSMvPnymj7cQctjHihE8Corz47zjMHwvLnyyPAmGJNwjgTZmdt12bajyPV6EDZZPrmF68xoLTu,168.392
3.0,priced,-0.48327120370756105,40695189038.0,30231875082.0,Sheep,AK4ijPoRNhijbifd2A2SfeFNdsp8BCuh68exdzpDVzFY,m2SvaARzWbWKioSMvPnymj7cQctjHihE8Corz47zjMHwvLnyyPAmGJNwjgTZmdt12bajyPV6EDZZPrmF68xoLTu,168.392
5.0,priced,-0.4685899857685862,40133231050.0,30231759294.0,Sheep,AK4ijPoRNhijbifd2A2SfeFNdsp8BCuh68exdzpDVzFY,m2SvaARzWbWKioSMvPnymj7cQctjHihE8Corz47zjMHwvLnyyPAmGJNwjgTZmdt12bajyPV6EDZZPrmF68xoLTu,168.392
10.0,priced,-0.468587142179346,40133124459.0,30231759294.0,Sheep,AK4ijPoRNhijbifd2A2SfeFNdsp8BCuh68exdzpDVzFY,m2SvaARzWbWKioSMvPnymj7cQctjHihE8Corz47zjMHwvLnyyPAmGJNwjgTZmdt12bajyPV6EDZZPrmF68xoLTu,168.392
0.0,priced,-0.02164340751775265,47644606834.0,48524482812.0,Sheep,8AT9M77r2VmPeLyxX92NACuFoshghj323WG8AX77pump,o1Ab37dTCE9ytpbQfLLyh48nWM2nvYZBt198uFPKG8XWQr5oz7JT8hNA886weMTpKvnh4fi6W1shJc8xSkwiKqt,96.329
0.5,priced,-0.3264086391528534,49983422925.0,42289439788.0,Sheep,8AT9M77r2VmPeLyxX92NACuFoshghj323WG8AX77pump,o1Ab37dTCE9ytpbQfLLyh48nWM2nvYZBt198uFPKG8XWQr5oz7JT8hNA886weMTpKvnh4fi6W1shJc8xSkwiKqt,96.329
1.0,priced,-0.4376263952595502,51926239450.0,40175754648.0,Sheep,8AT9M77r2VmPeLyxX92NACuFoshghj323WG8AX77pump,o1Ab37dTCE9ytpbQfLLyh48nWM2nvYZBt198uFPKG8XWQr5oz7JT8hNA886weMTpKvnh4fi6W1shJc8xSkwiKqt,96.329
2.0,priced,-0.4376263952595502,51926239450.0,40175754648.0,Sheep,8AT9M77r2VmPeLyxX92NACuFoshghj323WG8AX77pump,o1Ab37dTCE9ytpbQfLLyh48nWM2nvYZBt198uFPKG8XWQr5oz7JT8hNA886weMTpKvnh4fi6W1shJc8xSkwiKqt,96.329
3.0,priced,-0.49694865859716003,51926239450.0,38025462400.0,Sheep,8AT9M77r2VmPeLyxX92NACuFoshghj323WG8AX77pump,o1Ab37dTCE9ytpbQfLLyh48nWM2nvYZBt198uFPKG8XWQr5oz7JT8hNA886weMTpKvnh4fi6W1shJc8xSkwiKqt,96.329
5.0,priced,-0.5148853276454334,51926239450.0,37351065550.0,Sheep,8AT9M77r2VmPeLyxX92NACuFoshghj323WG8AX77pump,o1Ab37dTCE9ytpbQfLLyh48nWM2nvYZBt198uFPKG8XWQr5oz7JT8hNA886weMTpKvnh4fi6W1shJc8xSkwiKqt,96.329
10.0,priced,-0.5282853094059143,51926239450.0,36839228004.0,Sheep,8AT9M77r2VmPeLyxX92NACuFoshghj323WG8AX77pump,o1Ab37dTCE9ytpbQfLLyh48nWM2nvYZBt198uFPKG8XWQr5oz7JT8hNA886weMTpKvnh4fi6W1shJc8xSkwiKqt,96.329
0.0,priced,-0.21525984154472447,34642733999.0,31680071352.0,Sheep,FacNh7eKM47a341oYg4QvnwMYxNSQRHF8wPWqY9X3f28,3b8pRjLDMhC23fMKFo3D7nAHfVKV4BkPHgJR6Z6mgLFhq8RwVh3fjHizriqLz7KC2SueMqKKF765ax7msjk7wyqK,304.454
0.5,priced,-0.44176193649528933,41050130078.0,31680071352.0,Sheep,FacNh7eKM47a341oYg4QvnwMYxNSQRHF8wPWqY9X3f28,3b8pRjLDMhC23fMKFo3D7nAHfVKV4BkPHgJR6Z6mgLFhq8RwVh3fjHizriqLz7KC2SueMqKKF765ax7msjk7wyqK,304.454
1.0,priced,-0.44176193649528933,41050130078.0,31680071352.0,Sheep,FacNh7eKM47a341oYg4QvnwMYxNSQRHF8wPWqY9X3f28,3b8pRjLDMhC23fMKFo3D7nAHfVKV4BkPHgJR6Z6mgLFhq8RwVh3fjHizriqLz7KC2SueMqKKF765ax7msjk7wyqK,304.454
2.0,priced,-0.4417619584964359,41050130882.0,31680071352.0,Sheep,FacNh7eKM47a341oYg4QvnwMYxNSQRHF8wPWqY9X3f28,3b8pRjLDMhC23fMKFo3D7nAHfVKV4BkPHgJR6Z6mgLFhq8RwVh3fjHizriqLz7KC2SueMqKKF765ax7msjk7wyqK,304.454
3.0,priced,-0.4417619584964359,41050130882.0,31680071352.0,Sheep,FacNh7eKM47a341oYg4QvnwMYxNSQRHF8wPWqY9X3f28,3b8pRjLDMhC23fMKFo3D7nAHfVKV4BkPHgJR6Z6mgLFhq8RwVh3fjHizriqLz7KC2SueMqKKF765ax7msjk7wyqK,304.454
5.0,priced,-0.4237924457777487,40409034130.0,31680071352.0,Sheep,FacNh7eKM47a341oYg4QvnwMYxNSQRHF8wPWqY9X3f28,3b8pRjLDMhC23fMKFo3D7nAHfVKV4BkPHgJR6Z6mgLFhq8RwVh3fjHizriqLz7KC2SueMqKKF765ax7msjk7wyqK,304.454
10.0,priced,-0.4260705155011344,40488664314.0,31680071352.0,Sheep,FacNh7eKM47a341oYg4QvnwMYxNSQRHF8wPWqY9X3f28,3b8pRjLDMhC23fMKFo3D7nAHfVKV4BkPHgJR6Z6mgLFhq8RwVh3fjHizriqLz7KC2SueMqKKF765ax7msjk7wyqK,304.454
0.0,priced,0.8314631999426673,33000000000.0,46065597616.0,Sheep,BVCXFYf1chCiQvi7WokBkgJBGVRceHYoefjN46zR7Vzg,5Qorh77B6sGj986ZsYZbhm7BhEjCJ9q4zF7GdFiFr6HBkwzKLy73EjDy8aTadhg8tdYUvsaGSddaRVYDPVz4Hwzw,6.056
0.5,priced,0.10937933213601447,42800000000.0,46431028355.0,Sheep,BVCXFYf1chCiQvi7WokBkgJBGVRceHYoefjN46zR7Vzg,5Qorh77B6sGj986ZsYZbhm7BhEjCJ9q4zF7GdFiFr6HBkwzKLy73EjDy8aTadhg8tdYUvsaGSddaRVYDPVz4Hwzw,6.056
1.0,priced,-0.08946332598270451,47244444443.0,46431028355.0,Sheep,BVCXFYf1chCiQvi7WokBkgJBGVRceHYoefjN46zR7Vzg,5Qorh77B6sGj986ZsYZbhm7BhEjCJ9q4zF7GdFiFr6HBkwzKLy73EjDy8aTadhg8tdYUvsaGSddaRVYDPVz4Hwzw,6.056
2.0,priced,-0.08946332598270451,47244444443.0,46431028355.0,Sheep,BVCXFYf1chCiQvi7WokBkgJBGVRceHYoefjN46zR7Vzg,5Qorh77B6sGj986ZsYZbhm7BhEjCJ9q4zF7GdFiFr6HBkwzKLy73EjDy8aTadhg8tdYUvsaGSddaRVYDPVz4Hwzw,6.056
3.0,priced,-0.08946332598270451,47244444443.0,46431028355.0,Sheep,BVCXFYf1chCiQvi7WokBkgJBGVRceHYoefjN46zR7Vzg,5Qorh77B6sGj986ZsYZbhm7BhEjCJ9q4zF7GdFiFr6HBkwzKLy73EjDy8aTadhg8tdYUvsaGSddaRVYDPVz4Hwzw,6.056
5.0,priced,0.10937556644764351,42800000001.0,46430949876.0,Sheep,BVCXFYf1chCiQvi7WokBkgJBGVRceHYoefjN46zR7Vzg,5Qorh77B6sGj986ZsYZbhm7BhEjCJ9q4zF7GdFiFr6HBkwzKLy73EjDy8aTadhg8tdYUvsaGSddaRVYDPVz4Hwzw,6.056
10.0,priced,-0.19789536876312197,47738271602.0,44051168491.0,Sheep,BVCXFYf1chCiQvi7WokBkgJBGVRceHYoefjN46zR7Vzg,5Qorh77B6sGj986ZsYZbhm7BhEjCJ9q4zF7GdFiFr6HBkwzKLy73EjDy8aTadhg8tdYUvsaGSddaRVYDPVz4Hwzw,6.056
0.0,priced,0.8739993497750378,33000000000.0,46597911431.0,Sheep,G9hvNde3NMRCK36qgNdArY5HUo3B6jVjwV7fDicN32XQ,55CGvLKy6ZJPfL77Vyetb8hDZUKvJfLcjCgwZYAduxGTp6QVrx3SWyGAvhShjEGJnVgPk7mn9NHS21qMjMAsRbb9,5.92
0.5,priced,0.05853252393200314,43985185184.0,46607787973.0,Sheep,G9hvNde3NMRCK36qgNdArY5HUo3B6jVjwV7fDicN32XQ,55CGvLKy6ZJPfL77Vyetb8hDZUKvJfLcjCgwZYAduxGTp6QVrx3SWyGAvhShjEGJnVgPk7mn9NHS21qMjMAsRbb9,5.92
1.0,priced,0.023438513113092065,44726747145.0,46600683478.0,Sheep,G9hvNde3NMRCK36qgNdArY5HUo3B6jVjwV7fDicN32XQ,55CGvLKy6ZJPfL77Vyetb8hDZUKvJfLcjCgwZYAduxGTp6QVrx3SWyGAvhShjEGJnVgPk7mn9NHS21qMjMAsRbb9,5.92
2.0,priced,0.09280798115898681,44726747145.0,48146760729.0,Sheep,G9hvNde3NMRCK36qgNdArY5HUo3B6jVjwV7fDicN32XQ,55CGvLKy6ZJPfL77Vyetb8hDZUKvJfLcjCgwZYAduxGTp6QVrx3SWyGAvhShjEGJnVgPk7mn9NHS21qMjMAsRbb9,5.92
3.0,priced,0.12325922346116758,44726747145.0,48810112012.0,Sheep,G9hvNde3NMRCK36qgNdArY5HUo3B6jVjwV7fDicN32XQ,55CGvLKy6ZJPfL77Vyetb8hDZUKvJfLcjCgwZYAduxGTp6QVrx3SWyGAvhShjEGJnVgPk7mn9NHS21qMjMAsRbb9,5.92
5.0,priced,-0.1291101699622315,50782449854.0,48799280150.0,Sheep,G9hvNde3NMRCK36qgNdArY5HUo3B6jVjwV7fDicN32XQ,55CGvLKy6ZJPfL77Vyetb8hDZUKvJfLcjCgwZYAduxGTp6QVrx3SWyGAvhShjEGJnVgPk7mn9NHS21qMjMAsRbb9,5.92
10.0,priced,-0.2154009337831769,50664776988.0,46229556448.0,Sheep,G9hvNde3NMRCK36qgNdArY5HUo3B6jVjwV7fDicN32XQ,55CGvLKy6ZJPfL77Vyetb8hDZUKvJfLcjCgwZYAduxGTp6QVrx3SWyGAvhShjEGJnVgPk7mn9NHS21qMjMAsRbb9,5.92
0.0,priced,-0.6923422976474405,58279147154.0,33515222198.0,Sheep,2zfMvNWYwBuQUJe7dRUZDx3JqLGGryZCxuz8U2AYQr8y,4proaNfZ5NZxf4BHx6sFBwnxhcYJr83ZKSQDsHnsfspDZyzNptWBLPmmpmNetaVX3cPY4s5KFpe8MUiiJ4k6oaWs,352.037
0.5,priced,-0.7021048979059002,59205974305.0,33515222198.0,Sheep,2zfMvNWYwBuQUJe7dRUZDx3JqLGGryZCxuz8U2AYQr8y,4proaNfZ5NZxf4BHx6sFBwnxhcYJr83ZKSQDsHnsfspDZyzNptWBLPmmpmNetaVX3cPY4s5KFpe8MUiiJ4k6oaWs,352.037
1.0,priced,-0.7243046378136945,61488753449.0,33515222198.0,Sheep,2zfMvNWYwBuQUJe7dRUZDx3JqLGGryZCxuz8U2AYQr8y,4proaNfZ5NZxf4BHx6sFBwnxhcYJr83ZKSQDsHnsfspDZyzNptWBLPmmpmNetaVX3cPY4s5KFpe8MUiiJ4k6oaWs,352.037
2.0,priced,-0.7243137134888846,61489741103.0,33515222198.0,Sheep,2zfMvNWYwBuQUJe7dRUZDx3JqLGGryZCxuz8U2AYQr8y,4proaNfZ5NZxf4BHx6sFBwnxhcYJr83ZKSQDsHnsfspDZyzNptWBLPmmpmNetaVX3cPY4s5KFpe8MUiiJ4k6oaWs,352.037
3.0,priced,-0.7256164983920103,61489741103.0,33438093854.0,Sheep,2zfMvNWYwBuQUJe7dRUZDx3JqLGGryZCxuz8U2AYQr8y,4proaNfZ5NZxf4BHx6sFBwnxhcYJr83ZKSQDsHnsfspDZyzNptWBLPmmpmNetaVX3cPY4s5KFpe8MUiiJ4k6oaWs,352.037
5.0,priced,-0.7280758184753363,61489741103.0,33292010088.0,Sheep,2zfMvNWYwBuQUJe7dRUZDx3JqLGGryZCxuz8U2AYQr8y,4proaNfZ5NZxf4BHx6sFBwnxhcYJr83ZKSQDsHnsfspDZyzNptWBLPmmpmNetaVX3cPY4s5KFpe8MUiiJ4k6oaWs,352.037
10.0,priced,-0.7002733582258396,58634331725.0,33292010088.0,Sheep,2zfMvNWYwBuQUJe7dRUZDx3JqLGGryZCxuz8U2AYQr8y,4proaNfZ5NZxf4BHx6sFBwnxhcYJr83ZKSQDsHnsfspDZyzNptWBLPmmpmNetaVX3cPY4s5KFpe8MUiiJ4k6oaWs,352.037
0.0,priced,-0.6399067782796347,48280626494.0,30006753764.0,Sheep,4TwDsAm3x3Bgj7H5pGg1KCVNmGwNhWWsVsAwPyJvSqhm,5WkFu8tztJcs6nP7Xeuntpo6C2g8KeVzRPgCHDKsYuWBd6WkaYNrowxQ2UvDZNb4TJym7oun8euHi5aRkkpp8iCY,627.866
0.5,priced,-0.6399067782796347,48280626494.0,30006753764.0,Sheep,4TwDsAm3x3Bgj7H5pGg1KCVNmGwNhWWsVsAwPyJvSqhm,5WkFu8tztJcs6nP7Xeuntpo6C2g8KeVzRPgCHDKsYuWBd6WkaYNrowxQ2UvDZNb4TJym7oun8euHi5aRkkpp8iCY,627.866
1.0,priced,-0.6453649661762961,48644667980.0,30006753764.0,Sheep,4TwDsAm3x3Bgj7H5pGg1KCVNmGwNhWWsVsAwPyJvSqhm,5WkFu8tztJcs6nP7Xeuntpo6C2g8KeVzRPgCHDKsYuWBd6WkaYNrowxQ2UvDZNb4TJym7oun8euHi5aRkkpp8iCY,627.866
2.0,priced,-0.6453649661762961,48644667980.0,30006753764.0,Sheep,4TwDsAm3x3Bgj7H5pGg1KCVNmGwNhWWsVsAwPyJvSqhm,5WkFu8tztJcs6nP7Xeuntpo6C2g8KeVzRPgCHDKsYuWBd6WkaYNrowxQ2UvDZNb4TJym7oun8euHi5aRkkpp8iCY,627.866
3.0,priced,-0.6453649661762961,48644667980.0,30006753764.0,Sheep,4TwDsAm3x3Bgj7H5pGg1KCVNmGwNhWWsVsAwPyJvSqhm,5WkFu8tztJcs6nP7Xeuntpo6C2g8KeVzRPgCHDKsYuWBd6WkaYNrowxQ2UvDZNb4TJym7oun8euHi5aRkkpp8iCY,627.866
5.0,priced,-0.6453649661762961,48644667980.0,30006753764.0,Sheep,4TwDsAm3x3Bgj7H5pGg1KCVNmGwNhWWsVsAwPyJvSqhm,5WkFu8tztJcs6nP7Xeuntpo6C2g8KeVzRPgCHDKsYuWBd6WkaYNrowxQ2UvDZNb4TJym7oun8euHi5aRkkpp8iCY,627.866
10.0,priced,-0.6454885822651978,48653007718.0,30006753764.0,Sheep,4TwDsAm3x3Bgj7H5pGg1KCVNmGwNhWWsVsAwPyJvSqhm,5WkFu8tztJcs6nP7Xeuntpo6C2g8KeVzRPgCHDKsYuWBd6WkaYNrowxQ2UvDZNb4TJym7oun8euHi5aRkkpp8iCY,627.866
0.0,priced,1.0652593300105175,33000000000.0,48920967627.0,Sheep,4TwDsAm3x3Bgj7H5pGg1KCVNmGwNhWWsVsAwPyJvSqhm,4m4jXsqLVGSKwnGQWdjL5Dc8HFbS8A9KjZe6pjA3nfB1hTK2qQCFMHqWAdiov2HLrSEQg9vxsc1mFZbE7zuLhsHk,3.921
0.5,priced,0.019687404564147352,47052474771.0,48920967627.0,Sheep,4TwDsAm3x3Bgj7H5pGg1KCVNmGwNhWWsVsAwPyJvSqhm,4m4jXsqLVGSKwnGQWdjL5Dc8HFbS8A9KjZe6pjA3nfB1hTK2qQCFMHqWAdiov2HLrSEQg9vxsc1mFZbE7zuLhsHk,3.921
1.0,priced,-0.018756538412508607,47319141435.0,48265375920.0,Sheep,4TwDsAm3x3Bgj7H5pGg1KCVNmGwNhWWsVsAwPyJvSqhm,4m4jXsqLVGSKwnGQWdjL5Dc8HFbS8A9KjZe6pjA3nfB1hTK2qQCFMHqWAdiov2HLrSEQg9vxsc1mFZbE7zuLhsHk,3.921
2.0,priced,-0.015793150378385065,47319141435.0,48337803623.0,Sheep,4TwDsAm3x3Bgj7H5pGg1KCVNmGwNhWWsVsAwPyJvSqhm,4m4jXsqLVGSKwnGQWdjL5Dc8HFbS8A9KjZe6pjA3nfB1hTK2qQCFMHqWAdiov2HLrSEQg9vxsc1mFZbE7zuLhsHk,3.921
3.0,priced,-0.21822070914776315,53124207951.0,48376914734.0,Sheep,4TwDsAm3x3Bgj7H5pGg1KCVNmGwNhWWsVsAwPyJvSqhm,4m4jXsqLVGSKwnGQWdjL5Dc8HFbS8A9KjZe6pjA3nfB1hTK2qQCFMHqWAdiov2HLrSEQg9vxsc1mFZbE7zuLhsHk,3.921
5.0,priced,-0.3097757677501074,56636119598.0,48474692511.0,Sheep,4TwDsAm3x3Bgj7H5pGg1KCVNmGwNhWWsVsAwPyJvSqhm,4m4jXsqLVGSKwnGQWdjL5Dc8HFbS8A9KjZe6pjA3nfB1hTK2qQCFMHqWAdiov2HLrSEQg9vxsc1mFZbE7zuLhsHk,3.921
10.0,missed: wallet sold before our entry landed,,,,Sheep,4TwDsAm3x3Bgj7H5pGg1KCVNmGwNhWWsVsAwPyJvSqhm,4m4jXsqLVGSKwnGQWdjL5Dc8HFbS8A9KjZe6pjA3nfB1hTK2qQCFMHqWAdiov2HLrSEQg9vxsc1mFZbE7zuLhsHk,3.921
0.0,priced,-0.3878734057031086,51755278364.0,41757261527.0,Sheep,4VUkAjAZrQ9WgPxJaKRToqkyM7cagtXcn7ZoSAP6VRiU,2PP4y8T4sPupoj2qaQKrnDYokpcXvzkMgV58N9vvaT9Hwis1uRGMVegVS2xFaevDfboZpg5nvxVmsNZAsz2AqgGx,31.494
0.5,priced,-0.38834359284551145,51775031449.0,41757261527.0,Sheep,4VUkAjAZrQ9WgPxJaKRToqkyM7cagtXcn7ZoSAP6VRiU,2PP4y8T4sPupoj2qaQKrnDYokpcXvzkMgV58N9vvaT9Hwis1uRGMVegVS2xFaevDfboZpg5nvxVmsNZAsz2AqgGx,31.494
1.0,priced,-0.4370481831289698,53501393043.0,41410406096.0,Sheep,4VUkAjAZrQ9WgPxJaKRToqkyM7cagtXcn7ZoSAP6VRiU,2PP4y8T4sPupoj2qaQKrnDYokpcXvzkMgV58N9vvaT9Hwis1uRGMVegVS2xFaevDfboZpg5nvxVmsNZAsz2AqgGx,31.494
2.0,priced,-0.43438074851409,53375360961.0,41409814405.0,Sheep,4VUkAjAZrQ9WgPxJaKRToqkyM7cagtXcn7ZoSAP6VRiU,2PP4y8T4sPupoj2qaQKrnDYokpcXvzkMgV58N9vvaT9Hwis1uRGMVegVS2xFaevDfboZpg5nvxVmsNZAsz2AqgGx,31.494
3.0,priced,-0.45668853080467287,53453385651.0,40654318910.0,Sheep,4VUkAjAZrQ9WgPxJaKRToqkyM7cagtXcn7ZoSAP6VRiU,2PP4y8T4sPupoj2qaQKrnDYokpcXvzkMgV58N9vvaT9Hwis1uRGMVegVS2xFaevDfboZpg5nvxVmsNZAsz2AqgGx,31.494
5.0,priced,-0.46042256440152585,53453386638.0,40516171708.0,Sheep,4VUkAjAZrQ9WgPxJaKRToqkyM7cagtXcn7ZoSAP6VRiU,2PP4y8T4sPupoj2qaQKrnDYokpcXvzkMgV58N9vvaT9Hwis1uRGMVegVS2xFaevDfboZpg5nvxVmsNZAsz2AqgGx,31.494
10.0,priced,-0.46284193104795895,53494726181.0,40457551436.0,Sheep,4VUkAjAZrQ9WgPxJaKRToqkyM7cagtXcn7ZoSAP6VRiU,2PP4y8T4sPupoj2qaQKrnDYokpcXvzkMgV58N9vvaT9Hwis1uRGMVegVS2xFaevDfboZpg5nvxVmsNZAsz2AqgGx,31.494
0.0,priced,-0.41525391135725775,38445266563.0,30368836513.0,Sheep,3JGcft4WXJHQ9h1uyvk5npboqYxphVhZc9vaniSEZgAd,hTpJoybsSK7nTepH7uWoe7hzpWPF9i9T5xxDKEHTN7h1CkYuTQ8BNkVcZ5zTVbvbfR1QKDeuJ5Cs1W2ED1PYd2C,23.854
0.5,priced,-0.42849839502559234,38885685759.0,30368836513.0,Sheep,3JGcft4WXJHQ9h1uyvk5npboqYxphVhZc9vaniSEZgAd,hTpJoybsSK7nTepH7uWoe7hzpWPF9i9T5xxDKEHTN7h1CkYuTQ8BNkVcZ5zTVbvbfR1QKDeuJ5Cs1W2ED1PYd2C,23.854
1.0,priced,-0.42849839502559234,38885685759.0,30368836513.0,Sheep,3JGcft4WXJHQ9h1uyvk5npboqYxphVhZc9vaniSEZgAd,hTpJoybsSK7nTepH7uWoe7hzpWPF9i9T5xxDKEHTN7h1CkYuTQ8BNkVcZ5zTVbvbfR1QKDeuJ5Cs1W2ED1PYd2C,23.854
2.0,priced,-0.42849839502559234,38885685759.0,30368836513.0,Sheep,3JGcft4WXJHQ9h1uyvk5npboqYxphVhZc9vaniSEZgAd,hTpJoybsSK7nTepH7uWoe7hzpWPF9i9T5xxDKEHTN7h1CkYuTQ8BNkVcZ5zTVbvbfR1QKDeuJ5Cs1W2ED1PYd2C,23.854
3.0,priced,-0.42849839502559234,38885685759.0,30368836513.0,Sheep,3JGcft4WXJHQ9h1uyvk5npboqYxphVhZc9vaniSEZgAd,hTpJoybsSK7nTepH7uWoe7hzpWPF9i9T5xxDKEHTN7h1CkYuTQ8BNkVcZ5zTVbvbfR1QKDeuJ5Cs1W2ED1PYd2C,23.854
5.0,priced,-0.42849839502559234,38885685759.0,30368836513.0,Sheep,3JGcft4WXJHQ9h1uyvk5npboqYxphVhZc9vaniSEZgAd,hTpJoybsSK7nTepH7uWoe7hzpWPF9i9T5xxDKEHTN7h1CkYuTQ8BNkVcZ5zTVbvbfR1QKDeuJ5Cs1W2ED1PYd2C,23.854
10.0,priced,-0.42849839502559234,38885685759.0,30368836513.0,Sheep,3JGcft4WXJHQ9h1uyvk5npboqYxphVhZc9vaniSEZgAd,hTpJoybsSK7nTepH7uWoe7hzpWPF9i9T5xxDKEHTN7h1CkYuTQ8BNkVcZ5zTVbvbfR1QKDeuJ5Cs1W2ED1PYd2C,23.854
0.0,priced,-0.36146371167342534,38506156391.0,31770328483.0,Pavel,3oPUPniKakqtTqLF2X1AttYKxhPN5UvqgWkXyYhacGNt,1ZXx3vXZpYEdQ31Wy8nkqCpeVJsJLTntEowo27gpWmCd43oYPqMSmdNQEYvWDx7M2YGV7k9dtndHDuwDqovEmWp,8.867
0.5,priced,-0.36146371167342534,38506156391.0,31770328483.0,Pavel,3oPUPniKakqtTqLF2X1AttYKxhPN5UvqgWkXyYhacGNt,1ZXx3vXZpYEdQ31Wy8nkqCpeVJsJLTntEowo27gpWmCd43oYPqMSmdNQEYvWDx7M2YGV7k9dtndHDuwDqovEmWp,8.867
1.0,priced,-0.36146371167342534,38506156391.0,31770328483.0,Pavel,3oPUPniKakqtTqLF2X1AttYKxhPN5UvqgWkXyYhacGNt,1ZXx3vXZpYEdQ31Wy8nkqCpeVJsJLTntEowo27gpWmCd43oYPqMSmdNQEYvWDx7M2YGV7k9dtndHDuwDqovEmWp,8.867
2.0,priced,-0.36146371167342534,38506156391.0,31770328483.0,Pavel,3oPUPniKakqtTqLF2X1AttYKxhPN5UvqgWkXyYhacGNt,1ZXx3vXZpYEdQ31Wy8nkqCpeVJsJLTntEowo27gpWmCd43oYPqMSmdNQEYvWDx7M2YGV7k9dtndHDuwDqovEmWp,8.867
3.0,priced,-0.04931236311410773,31560087075.0,31770328483.0,Pavel,3oPUPniKakqtTqLF2X1AttYKxhPN5UvqgWkXyYhacGNt,1ZXx3vXZpYEdQ31Wy8nkqCpeVJsJLTntEowo27gpWmCd43oYPqMSmdNQEYvWDx7M2YGV7k9dtndHDuwDqovEmWp,8.867
5.0,priced,-0.09249567193251895,32304347780.0,31770328483.0,Pavel,3oPUPniKakqtTqLF2X1AttYKxhPN5UvqgWkXyYhacGNt,1ZXx3vXZpYEdQ31Wy8nkqCpeVJsJLTntEowo27gpWmCd43oYPqMSmdNQEYvWDx7M2YGV7k9dtndHDuwDqovEmWp,8.867
10.0,priced,-0.09469501745587133,32343656420.0,31770328483.0,Pavel,3oPUPniKakqtTqLF2X1AttYKxhPN5UvqgWkXyYhacGNt,1ZXx3vXZpYEdQ31Wy8nkqCpeVJsJLTntEowo27gpWmCd43oYPqMSmdNQEYvWDx7M2YGV7k9dtndHDuwDqovEmWp,8.867
0.0,priced,-0.1453369298105353,46907804240.0,44674195317.0,Pavel,GGocqiVgZ9NYCR2LZUecF1pmgYWRvN7sqwyzdc76hwt,544eUVPcZS8YEhneMP2tgdaPNQS15eazRJFAd4i4B3JacxPQodvjSEVZ1s31GZCCSz2nR1PWgVWZ3kLfabYP85CW,76.81
0.5,priced,-0.1453369298105353,46907804240.0,44674195317.0,Pavel,GGocqiVgZ9NYCR2LZUecF1pmgYWRvN7sqwyzdc76hwt,544eUVPcZS8YEhneMP2tgdaPNQS15eazRJFAd4i4B3JacxPQodvjSEVZ1s31GZCCSz2nR1PWgVWZ3kLfabYP85CW,76.81
1.0,priced,-0.1453369298105353,46907804240.0,44674195317.0,Pavel,GGocqiVgZ9NYCR2LZUecF1pmgYWRvN7sqwyzdc76hwt,544eUVPcZS8YEhneMP2tgdaPNQS15eazRJFAd4i4B3JacxPQodvjSEVZ1s31GZCCSz2nR1PWgVWZ3kLfabYP85CW,76.81
2.0,priced,-0.1453369298105353,46907804240.0,44674195317.0,Pavel,GGocqiVgZ9NYCR2LZUecF1pmgYWRvN7sqwyzdc76hwt,544eUVPcZS8YEhneMP2tgdaPNQS15eazRJFAd4i4B3JacxPQodvjSEVZ1s31GZCCSz2nR1PWgVWZ3kLfabYP85CW,76.81
3.0,priced,-0.1453369298105353,46907804240.0,44674195317.0,Pavel,GGocqiVgZ9NYCR2LZUecF1pmgYWRvN7sqwyzdc76hwt,544eUVPcZS8YEhneMP2tgdaPNQS15eazRJFAd4i4B3JacxPQodvjSEVZ1s31GZCCSz2nR1PWgVWZ3kLfabYP85CW,76.81
5.0,priced,-0.1453369298105353,46907804240.0,44674195317.0,Pavel,GGocqiVgZ9NYCR2LZUecF1pmgYWRvN7sqwyzdc76hwt,544eUVPcZS8YEhneMP2tgdaPNQS15eazRJFAd4i4B3JacxPQodvjSEVZ1s31GZCCSz2nR1PWgVWZ3kLfabYP85CW,76.81
10.0,priced,-0.2233309581978681,48986285592.0,44480329556.0,Pavel,GGocqiVgZ9NYCR2LZUecF1pmgYWRvN7sqwyzdc76hwt,544eUVPcZS8YEhneMP2tgdaPNQS15eazRJFAd4i4B3JacxPQodvjSEVZ1s31GZCCSz2nR1PWgVWZ3kLfabYP85CW,76.81
0.0,priced,-0.06694518711204898,35138449687.0,35017110412.0,Pavel,9q9nt5WCn6dxUyUM9acD5rixukCoe1G31WWj8voGg64E,3rjXTaWC7Rqabno7ncijmX3xRcPyx4vnwzGbDzCGnBnYyrw9Kg8txZoo3zVT6dVaGzLDXUiCL5rMFdEcasfqBfd,8.857
0.5,priced,-0.06694518711204898,35138449687.0,35017110412.0,Pavel,9q9nt5WCn6dxUyUM9acD5rixukCoe1G31WWj8voGg64E,3rjXTaWC7Rqabno7ncijmX3xRcPyx4vnwzGbDzCGnBnYyrw9Kg8txZoo3zVT6dVaGzLDXUiCL5rMFdEcasfqBfd,8.857
1.0,priced,-0.06694518711204898,35138449687.0,35017110412.0,Pavel,9q9nt5WCn6dxUyUM9acD5rixukCoe1G31WWj8voGg64E,3rjXTaWC7Rqabno7ncijmX3xRcPyx4vnwzGbDzCGnBnYyrw9Kg8txZoo3zVT6dVaGzLDXUiCL5rMFdEcasfqBfd,8.857
2.0,priced,-0.06694518711204898,35138449687.0,35017110412.0,Pavel,9q9nt5WCn6dxUyUM9acD5rixukCoe1G31WWj8voGg64E,3rjXTaWC7Rqabno7ncijmX3xRcPyx4vnwzGbDzCGnBnYyrw9Kg8txZoo3zVT6dVaGzLDXUiCL5rMFdEcasfqBfd,8.857
3.0,priced,-0.06694518711204898,35138449687.0,35017110412.0,Pavel,9q9nt5WCn6dxUyUM9acD5rixukCoe1G31WWj8voGg64E,3rjXTaWC7Rqabno7ncijmX3xRcPyx4vnwzGbDzCGnBnYyrw9Kg8txZoo3zVT6dVaGzLDXUiCL5rMFdEcasfqBfd,8.857
5.0,priced,-0.06694518711204898,35138449687.0,35017110412.0,Pavel,9q9nt5WCn6dxUyUM9acD5rixukCoe1G31WWj8voGg64E,3rjXTaWC7Rqabno7ncijmX3xRcPyx4vnwzGbDzCGnBnYyrw9Kg8txZoo3zVT6dVaGzLDXUiCL5rMFdEcasfqBfd,8.857
10.0,priced,-0.06694518711204898,35138449687.0,35017110412.0,Pavel,9q9nt5WCn6dxUyUM9acD5rixukCoe1G31WWj8voGg64E,3rjXTaWC7Rqabno7ncijmX3xRcPyx4vnwzGbDzCGnBnYyrw9Kg8txZoo3zVT6dVaGzLDXUiCL5rMFdEcasfqBfd,8.857
0.0,priced,-0.20109848539317107,32889639431.0,30356109359.0,Pavel,5Ba9Pogj7MJx6mKqcXno9bqRBZ3yhzNq2ZfUgCMApump,DHvKzuXNqPZYQCAfaZAqhLmkaZ5QKhMK7Q51SZUHHwgxc1XxTLYvwCghQ5nqmgpeoh44Vx6kyKnsDzJQLTi8hdY,27.536
0.5,priced,-0.20109848539317107,32889639431.0,30356109359.0,Pavel,5Ba9Pogj7MJx6mKqcXno9bqRBZ3yhzNq2ZfUgCMApump,DHvKzuXNqPZYQCAfaZAqhLmkaZ5QKhMK7Q51SZUHHwgxc1XxTLYvwCghQ5nqmgpeoh44Vx6kyKnsDzJQLTi8hdY,27.536
1.0,priced,-0.20109848539317107,32889639431.0,30356109359.0,Pavel,5Ba9Pogj7MJx6mKqcXno9bqRBZ3yhzNq2ZfUgCMApump,DHvKzuXNqPZYQCAfaZAqhLmkaZ5QKhMK7Q51SZUHHwgxc1XxTLYvwCghQ5nqmgpeoh44Vx6kyKnsDzJQLTi8hdY,27.536
2.0,priced,-0.20109848539317107,32889639431.0,30356109359.0,Pavel,5Ba9Pogj7MJx6mKqcXno9bqRBZ3yhzNq2ZfUgCMApump,DHvKzuXNqPZYQCAfaZAqhLmkaZ5QKhMK7Q51SZUHHwgxc1XxTLYvwCghQ5nqmgpeoh44Vx6kyKnsDzJQLTi8hdY,27.536
3.0,priced,-0.20109848539317107,32889639431.0,30356109359.0,Pavel,5Ba9Pogj7MJx6mKqcXno9bqRBZ3yhzNq2ZfUgCMApump,DHvKzuXNqPZYQCAfaZAqhLmkaZ5QKhMK7Q51SZUHHwgxc1XxTLYvwCghQ5nqmgpeoh44Vx6kyKnsDzJQLTi8hdY,27.536
5.0,priced,-0.20109848539317107,32889639431.0,30356109359.0,Pavel,5Ba9Pogj7MJx6mKqcXno9bqRBZ3yhzNq2ZfUgCMApump,DHvKzuXNqPZYQCAfaZAqhLmkaZ5QKhMK7Q51SZUHHwgxc1XxTLYvwCghQ5nqmgpeoh44Vx6kyKnsDzJQLTi8hdY,27.536
10.0,priced,-0.20329639383809936,32889639431.0,30314597310.0,Pavel,5Ba9Pogj7MJx6mKqcXno9bqRBZ3yhzNq2ZfUgCMApump,DHvKzuXNqPZYQCAfaZAqhLmkaZ5QKhMK7Q51SZUHHwgxc1XxTLYvwCghQ5nqmgpeoh44Vx6kyKnsDzJQLTi8hdY,27.536
0.0,priced,-0.25466741847542784,42507559304.0,37844307910.0,Pavel,GrLnQCk5rPkPdGWxwDj43UxUGTX5Uw1FRmXc1HPPpump,2bNACDSbzUgCpWi5K3izybfDuNcL3Q4BCA6Gxu1g3T5KZuzmbp4Pj3J2vYag1ZQicHDXjRaBuznHkHtW7CCpjtpG,76.794
0.5,priced,-0.25466741847542784,42507559304.0,37844307910.0,Pavel,GrLnQCk5rPkPdGWxwDj43UxUGTX5Uw1FRmXc1HPPpump,2bNACDSbzUgCpWi5K3izybfDuNcL3Q4BCA6Gxu1g3T5KZuzmbp4Pj3J2vYag1ZQicHDXjRaBuznHkHtW7CCpjtpG,76.794
1.0,priced,-0.2594821362211316,42507559304.0,37722870974.0,Pavel,GrLnQCk5rPkPdGWxwDj43UxUGTX5Uw1FRmXc1HPPpump,2bNACDSbzUgCpWi5K3izybfDuNcL3Q4BCA6Gxu1g3T5KZuzmbp4Pj3J2vYag1ZQicHDXjRaBuznHkHtW7CCpjtpG,76.794
2.0,priced,-0.2594821362211316,42507559304.0,37722870974.0,Pavel,GrLnQCk5rPkPdGWxwDj43UxUGTX5Uw1FRmXc1HPPpump,2bNACDSbzUgCpWi5K3izybfDuNcL3Q4BCA6Gxu1g3T5KZuzmbp4Pj3J2vYag1ZQicHDXjRaBuznHkHtW7CCpjtpG,76.794
3.0,priced,-0.2594821362211316,42507559304.0,37722870974.0,Pavel,GrLnQCk5rPkPdGWxwDj43UxUGTX5Uw1FRmXc1HPPpump,2bNACDSbzUgCpWi5K3izybfDuNcL3Q4BCA6Gxu1g3T5KZuzmbp4Pj3J2vYag1ZQicHDXjRaBuznHkHtW7CCpjtpG,76.794
5.0,priced,-0.2609345238828937,42549188562.0,37722870974.0,Pavel,GrLnQCk5rPkPdGWxwDj43UxUGTX5Uw1FRmXc1HPPpump,2bNACDSbzUgCpWi5K3izybfDuNcL3Q4BCA6Gxu1g3T5KZuzmbp4Pj3J2vYag1ZQicHDXjRaBuznHkHtW7CCpjtpG,76.794
10.0,priced,-0.38729336387397767,46711594044.0,37722870974.0,Pavel,GrLnQCk5rPkPdGWxwDj43UxUGTX5Uw1FRmXc1HPPpump,2bNACDSbzUgCpWi5K3izybfDuNcL3Q4BCA6Gxu1g3T5KZuzmbp4Pj3J2vYag1ZQicHDXjRaBuznHkHtW7CCpjtpG,76.794
0.0,priced,-0.1381443248378662,34389939866.0,32949704906.0,Pavel,2hsP6LhtVLMKEc68YfmKprySaZyg8ViewyRqnqegjidW,2uXbJJ7GxFSeQXjoQiK4Erk8ePJaUeFxE3CUjy37nfFg8vcFtadfTwFeGCSNXQj4qp39Ft3ffPMAxcDHWnym1mdu,20.613
0.5,priced,-0.1752925070619049,34389939866.0,32236099766.0,Pavel,2hsP6LhtVLMKEc68YfmKprySaZyg8ViewyRqnqegjidW,2uXbJJ7GxFSeQXjoQiK4Erk8ePJaUeFxE3CUjy37nfFg8vcFtadfTwFeGCSNXQj4qp39Ft3ffPMAxcDHWnym1mdu,20.613
1.0,priced,-0.1752925070619049,34389939866.0,32236099766.0,Pavel,2hsP6LhtVLMKEc68YfmKprySaZyg8ViewyRqnqegjidW,2uXbJJ7GxFSeQXjoQiK4Erk8ePJaUeFxE3CUjy37nfFg8vcFtadfTwFeGCSNXQj4qp39Ft3ffPMAxcDHWnym1mdu,20.613
2.0,priced,-0.24791720911991239,35614582751.0,31883006348.0,Pavel,2hsP6LhtVLMKEc68YfmKprySaZyg8ViewyRqnqegjidW,2uXbJJ7GxFSeQXjoQiK4Erk8ePJaUeFxE3CUjy37nfFg8vcFtadfTwFeGCSNXQj4qp39Ft3ffPMAxcDHWnym1mdu,20.613
3.0,priced,-0.27552113220893953,36059027194.0,31685018723.0,Pavel,2hsP6LhtVLMKEc68YfmKprySaZyg8ViewyRqnqegjidW,2uXbJJ7GxFSeQXjoQiK4Erk8ePJaUeFxE3CUjy37nfFg8vcFtadfTwFeGCSNXQj4qp39Ft3ffPMAxcDHWnym1mdu,20.613
5.0,priced,-0.2194755906057358,36059027194.0,32878517014.0,Pavel,2hsP6LhtVLMKEc68YfmKprySaZyg8ViewyRqnqegjidW,2uXbJJ7GxFSeQXjoQiK4Erk8ePJaUeFxE3CUjy37nfFg8vcFtadfTwFeGCSNXQj4qp39Ft3ffPMAxcDHWnym1mdu,20.613
10.0,priced,-0.22742057312196054,36059027194.0,32711952688.0,Pavel,2hsP6LhtVLMKEc68YfmKprySaZyg8ViewyRqnqegjidW,2uXbJJ7GxFSeQXjoQiK4Erk8ePJaUeFxE3CUjy37nfFg8vcFtadfTwFeGCSNXQj4qp39Ft3ffPMAxcDHWnym1mdu,20.613
0.0,priced,-0.18602634916358948,38150791020.0,35505558971.0,Pavel,8fo2GFoc8Mqv4z1bYMF9zoqxXrWUnqZ3cYBtrwPfpump,5pYUee4VRShbTJ2A74RjAgTGC71xZxprStJ5niwRHGJL5QjC4Ci4Dz1AnD94X4tjxGmdvxko7ZLBoV5iaGAXm6tj,51.309
0.5,priced,-0.18602634916358948,38150791020.0,35505558971.0,Pavel,8fo2GFoc8Mqv4z1bYMF9zoqxXrWUnqZ3cYBtrwPfpump,5pYUee4VRShbTJ2A74RjAgTGC71xZxprStJ5niwRHGJL5QjC4Ci4Dz1AnD94X4tjxGmdvxko7ZLBoV5iaGAXm6tj,51.309
1.0,priced,-0.29733314817258394,38868345548.0,33624442322.0,Pavel,8fo2GFoc8Mqv4z1bYMF9zoqxXrWUnqZ3cYBtrwPfpump,5pYUee4VRShbTJ2A74RjAgTGC71xZxprStJ5niwRHGJL5QjC4Ci4Dz1AnD94X4tjxGmdvxko7ZLBoV5iaGAXm6tj,51.309
2.0,priced,-0.29733314817258394,38868345548.0,33624442322.0,Pavel,8fo2GFoc8Mqv4z1bYMF9zoqxXrWUnqZ3cYBtrwPfpump,5pYUee4VRShbTJ2A74RjAgTGC71xZxprStJ5niwRHGJL5QjC4Ci4Dz1AnD94X4tjxGmdvxko7ZLBoV5iaGAXm6tj,51.309
3.0,priced,-0.3087450592714529,39186933252.0,33624442322.0,Pavel,8fo2GFoc8Mqv4z1bYMF9zoqxXrWUnqZ3cYBtrwPfpump,5pYUee4VRShbTJ2A74RjAgTGC71xZxprStJ5niwRHGJL5QjC4Ci4Dz1AnD94X4tjxGmdvxko7ZLBoV5iaGAXm6tj,51.309
5.0,priced,-0.3456651193454871,40273353003.0,33624442322.0,Pavel,8fo2GFoc8Mqv4z1bYMF9zoqxXrWUnqZ3cYBtrwPfpump,5pYUee4VRShbTJ2A74RjAgTGC71xZxprStJ5niwRHGJL5QjC4Ci4Dz1AnD94X4tjxGmdvxko7ZLBoV5iaGAXm6tj,51.309
10.0,priced,-0.37564138769671535,40372118434.0,32932968885.0,Pavel,8fo2GFoc8Mqv4z1bYMF9zoqxXrWUnqZ3cYBtrwPfpump,5pYUee4VRShbTJ2A74RjAgTGC71xZxprStJ5niwRHGJL5QjC4Ci4Dz1AnD94X4tjxGmdvxko7ZLBoV5iaGAXm6tj,51.309
0.0,priced,-0.44838920552552675,42402242761.0,32525625585.0,Sheep,5u6GQp69VXvyFGEjTGxMityQmwnSLEX3etH4VmHfpump,3izsrtGXcPgL7ZW7aUpSZvLGCufGEvTae9KgBUj9s5fLn22DeZDqUQKVPzb9eb7g7JroeaxBTdL8rhhES4hVgRxP,21.24
0.5,priced,-0.5718633163181086,48070458609.0,32525579725.0,Sheep,5u6GQp69VXvyFGEjTGxMityQmwnSLEX3etH4VmHfpump,3izsrtGXcPgL7ZW7aUpSZvLGCufGEvTae9KgBUj9s5fLn22DeZDqUQKVPzb9eb7g7JroeaxBTdL8rhhES4hVgRxP,21.24
1.0,priced,-0.570214031787565,48070458609.0,32587126154.0,Sheep,5u6GQp69VXvyFGEjTGxMityQmwnSLEX3etH4VmHfpump,3izsrtGXcPgL7ZW7aUpSZvLGCufGEvTae9KgBUj9s5fLn22DeZDqUQKVPzb9eb7g7JroeaxBTdL8rhhES4hVgRxP,21.24
2.0,priced,-0.5737711542826117,48267989473.0,32587035119.0,Sheep,5u6GQp69VXvyFGEjTGxMityQmwnSLEX3etH4VmHfpump,3izsrtGXcPgL7ZW7aUpSZvLGCufGEvTae9KgBUj9s5fLn22DeZDqUQKVPzb9eb7g7JroeaxBTdL8rhhES4hVgRxP,21.24
3.0,priced,-0.48468969237091986,43941909033.0,32587035119.0,Sheep,5u6GQp69VXvyFGEjTGxMityQmwnSLEX3etH4VmHfpump,3izsrtGXcPgL7ZW7aUpSZvLGCufGEvTae9KgBUj9s5fLn22DeZDqUQKVPzb9eb7g7JroeaxBTdL8rhhES4hVgRxP,21.24
5.0,priced,-0.4690305966983279,43981028388.0,33101302560.0,Sheep,5u6GQp69VXvyFGEjTGxMityQmwnSLEX3etH4VmHfpump,3izsrtGXcPgL7ZW7aUpSZvLGCufGEvTae9KgBUj9s5fLn22DeZDqUQKVPzb9eb7g7JroeaxBTdL8rhhES4hVgRxP,21.24
10.0,priced,-0.45679549065630737,43485543349.0,33100398972.0,Sheep,5u6GQp69VXvyFGEjTGxMityQmwnSLEX3etH4VmHfpump,3izsrtGXcPgL7ZW7aUpSZvLGCufGEvTae9KgBUj9s5fLn22DeZDqUQKVPzb9eb7g7JroeaxBTdL8rhhES4hVgRxP,21.24
0.0,priced,-0.030993238362935185,33000000000.0,33525630900.0,Sheep,8FBCoaGahFuKUUj3yJsKPvUSzeG5cGwh2XKAbzNCTnCg,47gK55M7w6q4N6mnE1baWxBZZyEZUborS5L1JnYfbS9y4UFwhmZENjkNR6JdXNvsJMSqunE6JMATCWTxfPoSCAn5,5.948
0.5,priced,-0.4952003423476908,44001443126.0,32300946576.0,Sheep,8FBCoaGahFuKUUj3yJsKPvUSzeG5cGwh2XKAbzNCTnCg,47gK55M7w6q4N6mnE1baWxBZZyEZUborS5L1JnYfbS9y4UFwhmZENjkNR6JdXNvsJMSqunE6JMATCWTxfPoSCAn5,5.948
1.0,priced,-0.49576315983327335,44025887569.0,32301028551.0,Sheep,8FBCoaGahFuKUUj3yJsKPvUSzeG5cGwh2XKAbzNCTnCg,47gK55M7w6q4N6mnE1baWxBZZyEZUborS5L1JnYfbS9y4UFwhmZENjkNR6JdXNvsJMSqunE6JMATCWTxfPoSCAn5,5.948
2.0,priced,-0.5004755127427173,44223638459.0,32295533024.0,Sheep,8FBCoaGahFuKUUj3yJsKPvUSzeG5cGwh2XKAbzNCTnCg,47gK55M7w6q4N6mnE1baWxBZZyEZUborS5L1JnYfbS9y4UFwhmZENjkNR6JdXNvsJMSqunE6JMATCWTxfPoSCAn5,5.948
3.0,priced,-0.4940144685603122,44223638459.0,32500866357.0,Sheep,8FBCoaGahFuKUUj3yJsKPvUSzeG5cGwh2XKAbzNCTnCg,47gK55M7w6q4N6mnE1baWxBZZyEZUborS5L1JnYfbS9y4UFwhmZENjkNR6JdXNvsJMSqunE6JMATCWTxfPoSCAn5,5.948
5.0,priced,-0.49370578458639863,44223638459.0,32510644134.0,Sheep,8FBCoaGahFuKUUj3yJsKPvUSzeG5cGwh2XKAbzNCTnCg,47gK55M7w6q4N6mnE1baWxBZZyEZUborS5L1JnYfbS9y4UFwhmZENjkNR6JdXNvsJMSqunE6JMATCWTxfPoSCAn5,5.948
10.0,priced,-0.46993714134195164,43563710021.0,32761094923.0,Sheep,8FBCoaGahFuKUUj3yJsKPvUSzeG5cGwh2XKAbzNCTnCg,47gK55M7w6q4N6mnE1baWxBZZyEZUborS5L1JnYfbS9y4UFwhmZENjkNR6JdXNvsJMSqunE6JMATCWTxfPoSCAn5,5.948
0.0,priced,1.2739566263813482,33000000000.0,51337872642.0,Sheep,EzHQcX7pWb7pmgL9ZYQ6LuqUCHtDZ9NtB59DEyBfN5mc,3rD9ZSaqsqjW2pHWJr85ux9RU9MnCeRLRVb6Q8HNVFUiPZpUedpUheGv8WxrAxYSZMcu6AMndJw5GdQvhFEoxirQ,6.229
0.5,priced,0.18562852102783012,45800000000.0,51337872642.0,Sheep,EzHQcX7pWb7pmgL9ZYQ6LuqUCHtDZ9NtB59DEyBfN5mc,3rD9ZSaqsqjW2pHWJr85ux9RU9MnCeRLRVb6Q8HNVFUiPZpUedpUheGv8WxrAxYSZMcu6AMndJw5GdQvhFEoxirQ,6.229
1.0,priced,0.15012672405680727,46502685005.0,51337872642.0,Sheep,EzHQcX7pWb7pmgL9ZYQ6LuqUCHtDZ9NtB59DEyBfN5mc,3rD9ZSaqsqjW2pHWJr85ux9RU9MnCeRLRVb6Q8HNVFUiPZpUedpUheGv8WxrAxYSZMcu6AMndJw5GdQvhFEoxirQ,6.229
2.0,priced,0.15012672405680727,46502685005.0,51337872642.0,Sheep,EzHQcX7pWb7pmgL9ZYQ6LuqUCHtDZ9NtB59DEyBfN5mc,3rD9ZSaqsqjW2pHWJr85ux9RU9MnCeRLRVb6Q8HNVFUiPZpUedpUheGv8WxrAxYSZMcu6AMndJw5GdQvhFEoxirQ,6.229
3.0,priced,0.15012672405680727,46502685005.0,51337872642.0,Sheep,EzHQcX7pWb7pmgL9ZYQ6LuqUCHtDZ9NtB59DEyBfN5mc,3rD9ZSaqsqjW2pHWJr85ux9RU9MnCeRLRVb6Q8HNVFUiPZpUedpUheGv8WxrAxYSZMcu6AMndJw5GdQvhFEoxirQ,6.229
5.0,priced,0.15012672405680727,46502685005.0,51337872642.0,Sheep,EzHQcX7pWb7pmgL9ZYQ6LuqUCHtDZ9NtB59DEyBfN5mc,3rD9ZSaqsqjW2pHWJr85ux9RU9MnCeRLRVb6Q8HNVFUiPZpUedpUheGv8WxrAxYSZMcu6AMndJw5GdQvhFEoxirQ,6.229
10.0,priced,-0.021578684708010318,47592093719.0,48472869827.0,Sheep,EzHQcX7pWb7pmgL9ZYQ6LuqUCHtDZ9NtB59DEyBfN5mc,3rD9ZSaqsqjW2pHWJr85ux9RU9MnCeRLRVb6Q8HNVFUiPZpUedpUheGv8WxrAxYSZMcu6AMndJw5GdQvhFEoxirQ,6.229
0.0,priced,-0.30827332639758204,35033755715.0,30091496760.0,Sheep,9BSg6KTxBZpgufXCUszszBwG9ufAdFn5P76Ap29Vpump,5nHTiLjv1722965G4DBsAiKksiNZGbjKx8XtWSiVMQLP6EUNtL44ZnGb3MM1jums7gggipzEnWh92FQnbmuon3Uv,79.111
0.5,priced,-0.5068678905900414,41454854603.0,30091451082.0,Sheep,9BSg6KTxBZpgufXCUszszBwG9ufAdFn5P76Ap29Vpump,5nHTiLjv1722965G4DBsAiKksiNZGbjKx8XtWSiVMQLP6EUNtL44ZnGb3MM1jums7gggipzEnWh92FQnbmuon3Uv,79.111
1.0,priced,-0.5230677464863974,42146469856.0,30091405167.0,Sheep,9BSg6KTxBZpgufXCUszszBwG9ufAdFn5P76Ap29Vpump,5nHTiLjv1722965G4DBsAiKksiNZGbjKx8XtWSiVMQLP6EUNtL44ZnGb3MM1jums7gggipzEnWh92FQnbmuon3Uv,79.111
2.0,priced,-0.5230677464863974,42146469856.0,30091405167.0,Sheep,9BSg6KTxBZpgufXCUszszBwG9ufAdFn5P76Ap29Vpump,5nHTiLjv1722965G4DBsAiKksiNZGbjKx8XtWSiVMQLP6EUNtL44ZnGb3MM1jums7gggipzEnWh92FQnbmuon3Uv,79.111
3.0,priced,-0.5230692232911737,42146469856.0,30091359253.0,Sheep,9BSg6KTxBZpgufXCUszszBwG9ufAdFn5P76Ap29Vpump,5nHTiLjv1722965G4DBsAiKksiNZGbjKx8XtWSiVMQLP6EUNtL44ZnGb3MM1jums7gggipzEnWh92FQnbmuon3Uv,79.111
5.0,priced,-0.5090603085031138,41546300178.0,30091313338.0,Sheep,9BSg6KTxBZpgufXCUszszBwG9ufAdFn5P76Ap29Vpump,5nHTiLjv1722965G4DBsAiKksiNZGbjKx8XtWSiVMQLP6EUNtL44ZnGb3MM1jums7gggipzEnWh92FQnbmuon3Uv,79.111
10.0,priced,-0.49217713334805396,40855765142.0,30091313338.0,Sheep,9BSg6KTxBZpgufXCUszszBwG9ufAdFn5P76Ap29Vpump,5nHTiLjv1722965G4DBsAiKksiNZGbjKx8XtWSiVMQLP6EUNtL44ZnGb3MM1jums7gggipzEnWh92FQnbmuon3Uv,79.111
0.0,priced,1.0605292085915754,33000000000.0,48864826265.0,Sheep,AxzfB9atpwQF7cbA2RrYj6ER9yGGEo8eBZ38EMYNJfBb,3UNW4jAKwyqiGrZ1xBz6T56FbbUYRxDkN6K36KZGjd2exPaK9EAm3DY1zmyoTawjg8QcjX78awAhpGzMW2BScC7W,4.71
0.5,priced,0.19713411445335816,43370800102.0,48864826265.0,Sheep,AxzfB9atpwQF7cbA2RrYj6ER9yGGEo8eBZ38EMYNJfBb,3UNW4jAKwyqiGrZ1xBz6T56FbbUYRxDkN6K36KZGjd2exPaK9EAm3DY1zmyoTawjg8QcjX78awAhpGzMW2BScC7W,4.71
1.0,priced,0.2102571552768793,43370800102.0,49130999103.0,Sheep,AxzfB9atpwQF7cbA2RrYj6ER9yGGEo8eBZ38EMYNJfBb,3UNW4jAKwyqiGrZ1xBz6T56FbbUYRxDkN6K36KZGjd2exPaK9EAm3DY1zmyoTawjg8QcjX78awAhpGzMW2BScC7W,4.71
2.0,priced,0.2103059807604065,43370800102.0,49131986757.0,Sheep,AxzfB9atpwQF7cbA2RrYj6ER9yGGEo8eBZ38EMYNJfBb,3UNW4jAKwyqiGrZ1xBz6T56FbbUYRxDkN6K36KZGjd2exPaK9EAm3DY1zmyoTawjg8QcjX78awAhpGzMW2BScC7W,4.71
3.0,priced,0.2103059807604065,43370800102.0,49131986757.0,Sheep,AxzfB9atpwQF7cbA2RrYj6ER9yGGEo8eBZ38EMYNJfBb,3UNW4jAKwyqiGrZ1xBz6T56FbbUYRxDkN6K36KZGjd2exPaK9EAm3DY1zmyoTawjg8QcjX78awAhpGzMW2BScC7W,4.71
5.0,priced,-0.02054985570664549,48506602566.0,49425320090.0,Sheep,AxzfB9atpwQF7cbA2RrYj6ER9yGGEo8eBZ38EMYNJfBb,3UNW4jAKwyqiGrZ1xBz6T56FbbUYRxDkN6K36KZGjd2exPaK9EAm3DY1zmyoTawjg8QcjX78awAhpGzMW2BScC7W,4.71
10.0,priced,-0.25601294011212156,53889318609.0,47879771668.0,Sheep,AxzfB9atpwQF7cbA2RrYj6ER9yGGEo8eBZ38EMYNJfBb,3UNW4jAKwyqiGrZ1xBz6T56FbbUYRxDkN6K36KZGjd2exPaK9EAm3DY1zmyoTawjg8QcjX78awAhpGzMW2BScC7W,4.71
0.0,priced,1.422930635762506,47601482185.0,76222453991.0,Kadenox,FdHgHhStoUMSSXgL9rTN7A8wPhfkkS9iy8LDNZmSpump,393ss7hsFdP5kt4gqqwcxuGD8b47zEWoXry2yzBVgXrFdGzNRcKZ9AniA9qzTkL3n2MaG9TtUv1JVXWBqrxH38r9,27.927
0.5,priced,0.7653160039485266,55816007607.0,76222453991.0,Kadenox,FdHgHhStoUMSSXgL9rTN7A8wPhfkkS9iy8LDNZmSpump,393ss7hsFdP5kt4gqqwcxuGD8b47zEWoXry2yzBVgXrFdGzNRcKZ9AniA9qzTkL3n2MaG9TtUv1JVXWBqrxH38r9,27.927
1.0,priced,0.6522708011203895,56334511336.0,74427423345.0,Kadenox,FdHgHhStoUMSSXgL9rTN7A8wPhfkkS9iy8LDNZmSpump,393ss7hsFdP5kt4gqqwcxuGD8b47zEWoXry2yzBVgXrFdGzNRcKZ9AniA9qzTkL3n2MaG9TtUv1JVXWBqrxH38r9,27.927
2.0,priced,0.6434419834100268,56485452279.0,74426594930.0,Kadenox,FdHgHhStoUMSSXgL9rTN7A8wPhfkkS9iy8LDNZmSpump,393ss7hsFdP5kt4gqqwcxuGD8b47zEWoXry2yzBVgXrFdGzNRcKZ9AniA9qzTkL3n2MaG9TtUv1JVXWBqrxH38r9,27.927
3.0,priced,0.6131039874282677,57015674478.0,74426594930.0,Kadenox,FdHgHhStoUMSSXgL9rTN7A8wPhfkkS9iy8LDNZmSpump,393ss7hsFdP5kt4gqqwcxuGD8b47zEWoXry2yzBVgXrFdGzNRcKZ9AniA9qzTkL3n2MaG9TtUv1JVXWBqrxH38r9,27.927
5.0,priced,0.3431625615198729,61513485145.0,73265358765.0,Kadenox,FdHgHhStoUMSSXgL9rTN7A8wPhfkkS9iy8LDNZmSpump,393ss7hsFdP5kt4gqqwcxuGD8b47zEWoXry2yzBVgXrFdGzNRcKZ9AniA9qzTkL3n2MaG9TtUv1JVXWBqrxH38r9,27.927
10.0,priced,0.25103898474010994,61844711475.0,71097000419.0,Kadenox,FdHgHhStoUMSSXgL9rTN7A8wPhfkkS9iy8LDNZmSpump,393ss7hsFdP5kt4gqqwcxuGD8b47zEWoXry2yzBVgXrFdGzNRcKZ9AniA9qzTkL3n2MaG9TtUv1JVXWBqrxH38r9,27.927
0.0,priced,0.8460128318554413,33000000000.0,46248356186.0,Sheep,983FQrs63qt8dJs2SM389ascJDu8aSRTu4jpXLqTZdgz,3RCcqXNw6KvPKHVXbhM6uBe86XMcyRQckyYF3YKESXbvFAyPhgm7ibnqFpaA9SBfCghZLKeheu6ecSHUVqoj7Eq3,5.952
0.5,priced,0.10063126200497485,42800000000.0,46248356186.0,Sheep,983FQrs63qt8dJs2SM389ascJDu8aSRTu4jpXLqTZdgz,3RCcqXNw6KvPKHVXbhM6uBe86XMcyRQckyYF3YKESXbvFAyPhgm7ibnqFpaA9SBfCghZLKeheu6ecSHUVqoj7Eq3,5.952
1.0,priced,0.10063126200497485,42800000000.0,46248356186.0,Sheep,983FQrs63qt8dJs2SM389ascJDu8aSRTu4jpXLqTZdgz,3RCcqXNw6KvPKHVXbhM6uBe86XMcyRQckyYF3YKESXbvFAyPhgm7ibnqFpaA9SBfCghZLKeheu6ecSHUVqoj7Eq3,5.952
2.0,priced,0.10063126200497485,42800000000.0,46248356186.0,Sheep,983FQrs63qt8dJs2SM389ascJDu8aSRTu4jpXLqTZdgz,3RCcqXNw6KvPKHVXbhM6uBe86XMcyRQckyYF3YKESXbvFAyPhgm7ibnqFpaA9SBfCghZLKeheu6ecSHUVqoj7Eq3,5.952
3.0,priced,0.10063126200497485,42800000000.0,46248356186.0,Sheep,983FQrs63qt8dJs2SM389ascJDu8aSRTu4jpXLqTZdgz,3RCcqXNw6KvPKHVXbhM6uBe86XMcyRQckyYF3YKESXbvFAyPhgm7ibnqFpaA9SBfCghZLKeheu6ecSHUVqoj7Eq3,5.952
5.0,priced,-0.12156386304622746,44755555555.0,43219803368.0,Sheep,983FQrs63qt8dJs2SM389ascJDu8aSRTu4jpXLqTZdgz,3RCcqXNw6KvPKHVXbhM6uBe86XMcyRQckyYF3YKESXbvFAyPhgm7ibnqFpaA9SBfCghZLKeheu6ecSHUVqoj7Eq3,5.952
10.0,priced,-0.28511677166892085,49733333328.0,43337334230.0,Sheep,983FQrs63qt8dJs2SM389ascJDu8aSRTu4jpXLqTZdgz,3RCcqXNw6KvPKHVXbhM6uBe86XMcyRQckyYF3YKESXbvFAyPhgm7ibnqFpaA9SBfCghZLKeheu6ecSHUVqoj7Eq3,5.952
0.0,priced,0.8332173248802239,33000000000.0,46087669088.0,Sheep,5bYaWhbXS73iztQJh6Wcd8pKgKeB9ueJW5RMJtcyKBev,2SrkrhDhSEoXqkDLSEQJswJzRsjp8K7HJyXCkpa9P6WBatpbGH7eYSkZvdTwmPrR4Gr9rRDEoTpFMNPWQx9czuni,6.09
0.5,priced,0.09296429311572696,42800000000.0,46087669088.0,Sheep,5bYaWhbXS73iztQJh6Wcd8pKgKeB9ueJW5RMJtcyKBev,2SrkrhDhSEoXqkDLSEQJswJzRsjp8K7HJyXCkpa9P6WBatpbGH7eYSkZvdTwmPrR4Gr9rRDEoTpFMNPWQx9czuni,6.09
1.0,priced,-0.07256543072786498,46464503244.0,46087669088.0,Sheep,5bYaWhbXS73iztQJh6Wcd8pKgKeB9ueJW5RMJtcyKBev,2SrkrhDhSEoXqkDLSEQJswJzRsjp8K7HJyXCkpa9P6WBatpbGH7eYSkZvdTwmPrR4Gr9rRDEoTpFMNPWQx9czuni,6.09
2.0,priced,-0.16260615911957216,46464503244.0,43807851198.0,Sheep,5bYaWhbXS73iztQJh6Wcd8pKgKeB9ueJW5RMJtcyKBev,2SrkrhDhSEoXqkDLSEQJswJzRsjp8K7HJyXCkpa9P6WBatpbGH7eYSkZvdTwmPrR4Gr9rRDEoTpFMNPWQx9czuni,6.09
3.0,priced,-0.1582244061838459,46464503244.0,43921515003.0,Sheep,5bYaWhbXS73iztQJh6Wcd8pKgKeB9ueJW5RMJtcyKBev,2SrkrhDhSEoXqkDLSEQJswJzRsjp8K7HJyXCkpa9P6WBatpbGH7eYSkZvdTwmPrR4Gr9rRDEoTpFMNPWQx9czuni,6.09
5.0,priced,-0.15894101772317137,46484256329.0,43921515003.0,Sheep,5bYaWhbXS73iztQJh6Wcd8pKgKeB9ueJW5RMJtcyKBev,2SrkrhDhSEoXqkDLSEQJswJzRsjp8K7HJyXCkpa9P6WBatpbGH7eYSkZvdTwmPrR4Gr9rRDEoTpFMNPWQx9czuni,6.09
10.0,priced,-0.10109728492682432,42816759667.0,41833567653.0,Sheep,5bYaWhbXS73iztQJh6Wcd8pKgKeB9ueJW5RMJtcyKBev,2SrkrhDhSEoXqkDLSEQJswJzRsjp8K7HJyXCkpa9P6WBatpbGH7eYSkZvdTwmPrR4Gr9rRDEoTpFMNPWQx9czuni,6.09
0.0,priced,-0.349765829357464,48389592214.0,40237815427.0,Sheep,4GKYEhiDAnZmJWm7cePpJ3GQDq5VLvYQ2g1Et66apump,3NLVNP9oLXMsjDtT5nVHe3TmGSGAzKGacspstNn13wiBZymRUvLmNj7ruCzvh9HpFCKMqCCu63U7ZH7zjDANnxFi,50.709
0.5,priced,-0.36141299714344727,49476011966.0,40770738307.0,Sheep,4GKYEhiDAnZmJWm7cePpJ3GQDq5VLvYQ2g1Et66apump,3NLVNP9oLXMsjDtT5nVHe3TmGSGAzKGacspstNn13wiBZymRUvLmNj7ruCzvh9HpFCKMqCCu63U7ZH7zjDANnxFi,50.709
1.0,priced,-0.3842537518362445,50770702564.0,41085877796.0,Sheep,4GKYEhiDAnZmJWm7cePpJ3GQDq5VLvYQ2g1Et66apump,3NLVNP9oLXMsjDtT5nVHe3TmGSGAzKGacspstNn13wiBZymRUvLmNj7ruCzvh9HpFCKMqCCu63U7ZH7zjDANnxFi,50.709
2.0,priced,-0.41232438604060245,50770702564.0,40148962694.0,Sheep,4GKYEhiDAnZmJWm7cePpJ3GQDq5VLvYQ2g1Et66apump,3NLVNP9oLXMsjDtT5nVHe3TmGSGAzKGacspstNn13wiBZymRUvLmNj7ruCzvh9HpFCKMqCCu63U7ZH7zjDANnxFi,50.709
3.0,priced,-0.3618031348065125,50051587408.0,41230444175.0,Sheep,4GKYEhiDAnZmJWm7cePpJ3GQDq5VLvYQ2g1Et66apump,3NLVNP9oLXMsjDtT5nVHe3TmGSGAzKGacspstNn13wiBZymRUvLmNj7ruCzvh9HpFCKMqCCu63U7ZH7zjDANnxFi,50.709
5.0,priced,-0.34629592948083987,49556151183.0,41312068498.0,Sheep,4GKYEhiDAnZmJWm7cePpJ3GQDq5VLvYQ2g1Et66apump,3NLVNP9oLXMsjDtT5nVHe3TmGSGAzKGacspstNn13wiBZymRUvLmNj7ruCzvh9HpFCKMqCCu63U7ZH7zjDANnxFi,50.709
10.0,priced,-0.41661717119370173,50545926395.0,39827410263.0,Sheep,4GKYEhiDAnZmJWm7cePpJ3GQDq5VLvYQ2g1Et66apump,3NLVNP9oLXMsjDtT5nVHe3TmGSGAzKGacspstNn13wiBZymRUvLmNj7ruCzvh9HpFCKMqCCu63U7ZH7zjDANnxFi,50.709
0.0,priced,1.2022682429948892,33000000000.0,50520479029.0,Sheep,G9X8AZUd9iciRWJ3G2CSXDMmWNczznmhvkUTCUuTWKCD,kMGKMdbDPxwPpKqeSrPetdmcAXsnoR9P7xcPKMwqgKwnf5kddG5FPwnNZedpigLKjtF2uYK7u4XJGFJ2QybrcA8,3.911
0.5,priced,0.3141605220055132,42800000000.0,50520479029.0,Sheep,G9X8AZUd9iciRWJ3G2CSXDMmWNczznmhvkUTCUuTWKCD,kMGKMdbDPxwPpKqeSrPetdmcAXsnoR9P7xcPKMwqgKwnf5kddG5FPwnNZedpigLKjtF2uYK7u4XJGFJ2QybrcA8,3.911
1.0,priced,0.3141605220055132,42800000000.0,50520479029.0,Sheep,G9X8AZUd9iciRWJ3G2CSXDMmWNczznmhvkUTCUuTWKCD,kMGKMdbDPxwPpKqeSrPetdmcAXsnoR9P7xcPKMwqgKwnf5kddG5FPwnNZedpigLKjtF2uYK7u4XJGFJ2QybrcA8,3.911
2.0,priced,0.04809681524556577,47935802465.0,50520479029.0,Sheep,G9X8AZUd9iciRWJ3G2CSXDMmWNczznmhvkUTCUuTWKCD,kMGKMdbDPxwPpKqeSrPetdmcAXsnoR9P7xcPKMwqgKwnf5kddG5FPwnNZedpigLKjtF2uYK7u4XJGFJ2QybrcA8,3.911
3.0,priced,0.023475012085021375,47955555550.0,49946991319.0,Sheep,G9X8AZUd9iciRWJ3G2CSXDMmWNczznmhvkUTCUuTWKCD,kMGKMdbDPxwPpKqeSrPetdmcAXsnoR9P7xcPKMwqgKwnf5kddG5FPwnNZedpigLKjtF2uYK7u4XJGFJ2QybrcA8,3.911
5.0,priced,0.023475012085021375,47955555550.0,49946991319.0,Sheep,G9X8AZUd9iciRWJ3G2CSXDMmWNczznmhvkUTCUuTWKCD,kMGKMdbDPxwPpKqeSrPetdmcAXsnoR9P7xcPKMwqgKwnf5kddG5FPwnNZedpigLKjtF2uYK7u4XJGFJ2QybrcA8,3.911
10.0,priced,-0.12866709753346015,47955555550.0,46107192094.0,Sheep,G9X8AZUd9iciRWJ3G2CSXDMmWNczznmhvkUTCUuTWKCD,kMGKMdbDPxwPpKqeSrPetdmcAXsnoR9P7xcPKMwqgKwnf5kddG5FPwnNZedpigLKjtF2uYK7u4XJGFJ2QybrcA8,3.911
0.0,priced,0.8320497446383605,33000000000.0,46072979037.0,Sheep,Do1qP3rMNRbUKC7t5PdkWWVHPkypPGFVJiVisd4BD8wv,5YzgdctNysKYbcdpF7e7RNNgUKpTCvmhxZ2imgk1hFTvPb1sxNThiUW8mBbXc5ivrGe1WCKWhUbt83skUsX48Ts1,3.908
0.5,priced,-0.0538235176104114,45987560550.0,46072979037.0,Sheep,Do1qP3rMNRbUKC7t5PdkWWVHPkypPGFVJiVisd4BD8wv,5YzgdctNysKYbcdpF7e7RNNgUKpTCvmhxZ2imgk1hFTvPb1sxNThiUW8mBbXc5ivrGe1WCKWhUbt83skUsX48Ts1,3.908
1.0,priced,-0.0538235176104114,45987560550.0,46072979037.0,Sheep,Do1qP3rMNRbUKC7t5PdkWWVHPkypPGFVJiVisd4BD8wv,5YzgdctNysKYbcdpF7e7RNNgUKpTCvmhxZ2imgk1hFTvPb1sxNThiUW8mBbXc5ivrGe1WCKWhUbt83skUsX48Ts1,3.908
2.0,priced,-0.0538235176104114,45987560550.0,46072979037.0,Sheep,Do1qP3rMNRbUKC7t5PdkWWVHPkypPGFVJiVisd4BD8wv,5YzgdctNysKYbcdpF7e7RNNgUKpTCvmhxZ2imgk1hFTvPb1sxNThiUW8mBbXc5ivrGe1WCKWhUbt83skUsX48Ts1,3.908
3.0,priced,-0.0538235176104114,45987560550.0,46072979037.0,Sheep,Do1qP3rMNRbUKC7t5PdkWWVHPkypPGFVJiVisd4BD8wv,5YzgdctNysKYbcdpF7e7RNNgUKpTCvmhxZ2imgk1hFTvPb1sxNThiUW8mBbXc5ivrGe1WCKWhUbt83skUsX48Ts1,3.908
5.0,priced,-0.044509655008121374,45762962963.0,46072979037.0,Sheep,Do1qP3rMNRbUKC7t5PdkWWVHPkypPGFVJiVisd4BD8wv,5YzgdctNysKYbcdpF7e7RNNgUKpTCvmhxZ2imgk1hFTvPb1sxNThiUW8mBbXc5ivrGe1WCKWhUbt83skUsX48Ts1,3.908
10.0,priced,-0.16277870197439398,47738271603.0,44998080493.0,Sheep,Do1qP3rMNRbUKC7t5PdkWWVHPkypPGFVJiVisd4BD8wv,5YzgdctNysKYbcdpF7e7RNNgUKpTCvmhxZ2imgk1hFTvPb1sxNThiUW8mBbXc5ivrGe1WCKWhUbt83skUsX48Ts1,3.908
0.0,priced,-0.10895510639532172,32615841308.0,31783711600.0,Sheep,3WG7qz51bFk72Hu4y5Kzuao31kDZKvRsZ2A14ezrpump,4kPB5LPYiCTe1CB2DkDHzW4h77qkj1wqfzLswiCejTEemVbFZffg6RLab4ev4DRhSxTowKYtPxdxeMBEggsDsLdX,112.93
0.5,priced,-0.3837899903758936,39884977107.0,32326921474.0,Sheep,3WG7qz51bFk72Hu4y5Kzuao31kDZKvRsZ2A14ezrpump,4kPB5LPYiCTe1CB2DkDHzW4h77qkj1wqfzLswiCejTEemVbFZffg6RLab4ev4DRhSxTowKYtPxdxeMBEggsDsLdX,112.93
1.0,priced,-0.3280438250370932,40033125253.0,33867833280.0,Sheep,3WG7qz51bFk72Hu4y5Kzuao31kDZKvRsZ2A14ezrpump,4kPB5LPYiCTe1CB2DkDHzW4h77qkj1wqfzLswiCejTEemVbFZffg6RLab4ev4DRhSxTowKYtPxdxeMBEggsDsLdX,112.93
2.0,priced,-0.32470390095899687,39934359823.0,33867833280.0,Sheep,3WG7qz51bFk72Hu4y5Kzuao31kDZKvRsZ2A14ezrpump,4kPB5LPYiCTe1CB2DkDHzW4h77qkj1wqfzLswiCejTEemVbFZffg6RLab4ev4DRhSxTowKYtPxdxeMBEggsDsLdX,112.93
3.0,priced,-0.3144970987454126,39924678730.0,34112277724.0,Sheep,3WG7qz51bFk72Hu4y5Kzuao31kDZKvRsZ2A14ezrpump,4kPB5LPYiCTe1CB2DkDHzW4h77qkj1wqfzLswiCejTEemVbFZffg6RLab4ev4DRhSxTowKYtPxdxeMBEggsDsLdX,112.93
5.0,priced,-0.2935770355950302,39330884597.0,34112277724.0,Sheep,3WG7qz51bFk72Hu4y5Kzuao31kDZKvRsZ2A14ezrpump,4kPB5LPYiCTe1CB2DkDHzW4h77qkj1wqfzLswiCejTEemVbFZffg6RLab4ev4DRhSxTowKYtPxdxeMBEggsDsLdX,112.93
10.0,priced,-0.2935770355950302,39330884597.0,34112277724.0,Sheep,3WG7qz51bFk72Hu4y5Kzuao31kDZKvRsZ2A14ezrpump,4kPB5LPYiCTe1CB2DkDHzW4h77qkj1wqfzLswiCejTEemVbFZffg6RLab4ev4DRhSxTowKYtPxdxeMBEggsDsLdX,112.93
0.0,priced,-0.5557577729918457,49082038670.0,33815744511.0,Sheep,3WG7qz51bFk72Hu4y5Kzuao31kDZKvRsZ2A14ezrpump,29yMWnopG4QD4wCXHZEUff92fN5gBzmZEVzLRadtY3kT9ehXPSaENLhDZ5xzPqVF5sT6H1CfNqpR8FCRtPQUsmqL,37.841
0.5,priced,-0.6188856387977133,52791921605.0,33723998938.0,Sheep,3WG7qz51bFk72Hu4y5Kzuao31kDZKvRsZ2A14ezrpump,29yMWnopG4QD4wCXHZEUff92fN5gBzmZEVzLRadtY3kT9ehXPSaENLhDZ5xzPqVF5sT6H1CfNqpR8FCRtPQUsmqL,37.841
1.0,priced,-0.6214702749205498,52594992578.0,33486736499.0,Sheep,3WG7qz51bFk72Hu4y5Kzuao31kDZKvRsZ2A14ezrpump,29yMWnopG4QD4wCXHZEUff92fN5gBzmZEVzLRadtY3kT9ehXPSaENLhDZ5xzPqVF5sT6H1CfNqpR8FCRtPQUsmqL,37.841
2.0,priced,-0.6214847150749615,52595980232.0,33486736499.0,Sheep,3WG7qz51bFk72Hu4y5Kzuao31kDZKvRsZ2A14ezrpump,29yMWnopG4QD4wCXHZEUff92fN5gBzmZEVzLRadtY3kT9ehXPSaENLhDZ5xzPqVF5sT6H1CfNqpR8FCRtPQUsmqL,37.841
3.0,priced,-0.6099562682322415,51824649934.0,33486736499.0,Sheep,3WG7qz51bFk72Hu4y5Kzuao31kDZKvRsZ2A14ezrpump,29yMWnopG4QD4wCXHZEUff92fN5gBzmZEVzLRadtY3kT9ehXPSaENLhDZ5xzPqVF5sT6H1CfNqpR8FCRtPQUsmqL,37.841
5.0,priced,-0.6405985544524658,52806469659.0,32777208837.0,Sheep,3WG7qz51bFk72Hu4y5Kzuao31kDZKvRsZ2A14ezrpump,29yMWnopG4QD4wCXHZEUff92fN5gBzmZEVzLRadtY3kT9ehXPSaENLhDZ5xzPqVF5sT6H1CfNqpR8FCRtPQUsmqL,37.841
10.0,priced,-0.635185090995517,51018441729.0,31904346270.0,Sheep,3WG7qz51bFk72Hu4y5Kzuao31kDZKvRsZ2A14ezrpump,29yMWnopG4QD4wCXHZEUff92fN5gBzmZEVzLRadtY3kT9ehXPSaENLhDZ5xzPqVF5sT6H1CfNqpR8FCRtPQUsmqL,37.841
0.0,priced,1.0537335021953822,33000000000.0,48784057417.0,Sheep,7HZVM29RHvoJRWnKzbb1iyYidgX3XsXZxMjH8oEUxV7y,4bHbw1TbB3i6YTk8E4vBtrY3gC5tvWUsS1w6m1JVWnrxENy3K96YKNGPH2Hh3fBvectZSoBpNbaYSWz1vXH1GXa2,5.132
0.5,priced,0.03977546198642266,46464503244.0,48784057417.0,Sheep,7HZVM29RHvoJRWnKzbb1iyYidgX3XsXZxMjH8oEUxV7y,4bHbw1TbB3i6YTk8E4vBtrY3gC5tvWUsS1w6m1JVWnrxENy3K96YKNGPH2Hh3fBvectZSoBpNbaYSWz1vXH1GXa2,5.132
1.0,priced,0.03977546198642266,46464503244.0,48784057417.0,Sheep,7HZVM29RHvoJRWnKzbb1iyYidgX3XsXZxMjH8oEUxV7y,4bHbw1TbB3i6YTk8E4vBtrY3gC5tvWUsS1w6m1JVWnrxENy3K96YKNGPH2Hh3fBvectZSoBpNbaYSWz1vXH1GXa2,5.132
2.0,priced,-0.026423767776353836,46464503244.0,47213643929.0,Sheep,7HZVM29RHvoJRWnKzbb1iyYidgX3XsXZxMjH8oEUxV7y,4bHbw1TbB3i6YTk8E4vBtrY3gC5tvWUsS1w6m1JVWnrxENy3K96YKNGPH2Hh3fBvectZSoBpNbaYSWz1vXH1GXa2,5.132
3.0,priced,-0.017392448194292663,46464503244.0,47430927879.0,Sheep,7HZVM29RHvoJRWnKzbb1iyYidgX3XsXZxMjH8oEUxV7y,4bHbw1TbB3i6YTk8E4vBtrY3gC5tvWUsS1w6m1JVWnrxENy3K96YKNGPH2Hh3fBvectZSoBpNbaYSWz1vXH1GXa2,5.132
5.0,priced,-0.017392448194292663,46464503244.0,47430927879.0,Sheep,7HZVM29RHvoJRWnKzbb1iyYidgX3XsXZxMjH8oEUxV7y,4bHbw1TbB3i6YTk8E4vBtrY3gC5tvWUsS1w6m1JVWnrxENy3K96YKNGPH2Hh3fBvectZSoBpNbaYSWz1vXH1GXa2,5.132
10.0,priced,0.23422820089984678,42800000002.0,48964509116.0,Sheep,7HZVM29RHvoJRWnKzbb1iyYidgX3XsXZxMjH8oEUxV7y,4bHbw1TbB3i6YTk8E4vBtrY3gC5tvWUsS1w6m1JVWnrxENy3K96YKNGPH2Hh3fBvectZSoBpNbaYSWz1vXH1GXa2,5.132
0.0,priced,-0.4269003213171185,45785329111.0,35776648345.0,Kadenox,EYQuhJkFBnUsfBM6BKjtUw9Ry259FFrSnVNZzvfLpump,2PFtuQ8PMYzC4GuoK5RBPRM6s4aVCrJGKXW4NJkG97GQAWAcMLsD9967wR2k2kZ8TYjS1avPfYeN2gvsFrzJ79Y7,16.989
0.5,priced,-0.3618790804864435,45785329111.0,37729438406.0,Kadenox,EYQuhJkFBnUsfBM6BKjtUw9Ry259FFrSnVNZzvfLpump,2PFtuQ8PMYzC4GuoK5RBPRM6s4aVCrJGKXW4NJkG97GQAWAcMLsD9967wR2k2kZ8TYjS1avPfYeN2gvsFrzJ79Y7,16.989
1.0,priced,-0.3618790804864435,45785329111.0,37729438406.0,Kadenox,EYQuhJkFBnUsfBM6BKjtUw9Ry259FFrSnVNZzvfLpump,2PFtuQ8PMYzC4GuoK5RBPRM6s4aVCrJGKXW4NJkG97GQAWAcMLsD9967wR2k2kZ8TYjS1avPfYeN2gvsFrzJ79Y7,16.989
2.0,priced,-0.3619064826124103,45786306888.0,37729438406.0,Kadenox,EYQuhJkFBnUsfBM6BKjtUw9Ry259FFrSnVNZzvfLpump,2PFtuQ8PMYzC4GuoK5RBPRM6s4aVCrJGKXW4NJkG97GQAWAcMLsD9967wR2k2kZ8TYjS1avPfYeN2gvsFrzJ79Y7,16.989
3.0,priced,-0.3619105356593133,45786306888.0,37729319806.0,Kadenox,EYQuhJkFBnUsfBM6BKjtUw9Ry259FFrSnVNZzvfLpump,2PFtuQ8PMYzC4GuoK5RBPRM6s4aVCrJGKXW4NJkG97GQAWAcMLsD9967wR2k2kZ8TYjS1avPfYeN2gvsFrzJ79Y7,16.989
5.0,priced,-0.3805309098520422,45786306888.0,37180481963.0,Kadenox,EYQuhJkFBnUsfBM6BKjtUw9Ry259FFrSnVNZzvfLpump,2PFtuQ8PMYzC4GuoK5RBPRM6s4aVCrJGKXW4NJkG97GQAWAcMLsD9967wR2k2kZ8TYjS1avPfYeN2gvsFrzJ79Y7,16.989
10.0,priced,-0.23735367236483645,42069575157.0,37885576829.0,Kadenox,EYQuhJkFBnUsfBM6BKjtUw9Ry259FFrSnVNZzvfLpump,2PFtuQ8PMYzC4GuoK5RBPRM6s4aVCrJGKXW4NJkG97GQAWAcMLsD9967wR2k2kZ8TYjS1avPfYeN2gvsFrzJ79Y7,16.989
0.0,priced,1.183409535652768,33000000000.0,50303282103.0,Sheep,Gp3M7E2D7krDBhqTdiKkXoaY7kwCYrLLawfbB35t22XR,5ogkY222saLAN2gop4iazu8uHofYhRqrRm5SUTB5iomCGmrKuyeoPcHCb2zKRF8kUKThm8VxfPuPdCGTd8RqcMEB,5.949
0.5,priced,0.3028541565055883,42800000000.0,50303282103.0,Sheep,Gp3M7E2D7krDBhqTdiKkXoaY7kwCYrLLawfbB35t22XR,5ogkY222saLAN2gop4iazu8uHofYhRqrRm5SUTB5iomCGmrKuyeoPcHCb2zKRF8kUKThm8VxfPuPdCGTd8RqcMEB,5.949
1.0,priced,0.10404755833025336,46502685005.0,50303282103.0,Sheep,Gp3M7E2D7krDBhqTdiKkXoaY7kwCYrLLawfbB35t22XR,5ogkY222saLAN2gop4iazu8uHofYhRqrRm5SUTB5iomCGmrKuyeoPcHCb2zKRF8kUKThm8VxfPuPdCGTd8RqcMEB,5.949
2.0,priced,0.10404755833025336,46502685005.0,50303282103.0,Sheep,Gp3M7E2D7krDBhqTdiKkXoaY7kwCYrLLawfbB35t22XR,5ogkY222saLAN2gop4iazu8uHofYhRqrRm5SUTB5iomCGmrKuyeoPcHCb2zKRF8kUKThm8VxfPuPdCGTd8RqcMEB,5.949
3.0,priced,0.039681164472539665,46502685005.0,48821727140.0,Sheep,Gp3M7E2D7krDBhqTdiKkXoaY7kwCYrLLawfbB35t22XR,5ogkY222saLAN2gop4iazu8uHofYhRqrRm5SUTB5iomCGmrKuyeoPcHCb2zKRF8kUKThm8VxfPuPdCGTd8RqcMEB,5.949
5.0,priced,0.039681164472539665,46502685005.0,48821727140.0,Sheep,Gp3M7E2D7krDBhqTdiKkXoaY7kwCYrLLawfbB35t22XR,5ogkY222saLAN2gop4iazu8uHofYhRqrRm5SUTB5iomCGmrKuyeoPcHCb2zKRF8kUKThm8VxfPuPdCGTd8RqcMEB,5.949
10.0,priced,-0.08552235363389646,47592093719.0,46871428323.0,Sheep,Gp3M7E2D7krDBhqTdiKkXoaY7kwCYrLLawfbB35t22XR,5ogkY222saLAN2gop4iazu8uHofYhRqrRm5SUTB5iomCGmrKuyeoPcHCb2zKRF8kUKThm8VxfPuPdCGTd8RqcMEB,5.949
0.0,priced,-0.11911904016329897,40045675757.0,38749304713.0,Kadenox,917Bk4UkDWERvYZUMAk6sEhxAHEtHt8jK73AZe1sASBh,451Foj6gYywyFum7Q1PDZ2aM4og4fis29k3Xz5eFXS2TXf34L3QpCB6LbJzTjVocyDxcterVR1tabUrQuXyk79X1,18.77
0.5,priced,-0.2595453959183887,42514811557.0,37727673768.0,Kadenox,917Bk4UkDWERvYZUMAk6sEhxAHEtHt8jK73AZe1sASBh,451Foj6gYywyFum7Q1PDZ2aM4og4fis29k3Xz5eFXS2TXf34L3QpCB6LbJzTjVocyDxcterVR1tabUrQuXyk79X1,18.77
1.0,priced,-0.2958168496164099,43592465877.0,37727673768.0,Kadenox,917Bk4UkDWERvYZUMAk6sEhxAHEtHt8jK73AZe1sASBh,451Foj6gYywyFum7Q1PDZ2aM4og4fis29k3Xz5eFXS2TXf34L3QpCB6LbJzTjVocyDxcterVR1tabUrQuXyk79X1,18.77
2.0,priced,-0.29584269352790166,43592892097.0,37727354525.0,Kadenox,917Bk4UkDWERvYZUMAk6sEhxAHEtHt8jK73AZe1sASBh,451Foj6gYywyFum7Q1PDZ2aM4og4fis29k3Xz5eFXS2TXf34L3QpCB6LbJzTjVocyDxcterVR1tabUrQuXyk79X1,18.77
3.0,priced,-0.29810348186073615,43630267161.0,37699405335.0,Kadenox,917Bk4UkDWERvYZUMAk6sEhxAHEtHt8jK73AZe1sASBh,451Foj6gYywyFum7Q1PDZ2aM4og4fis29k3Xz5eFXS2TXf34L3QpCB6LbJzTjVocyDxcterVR1tabUrQuXyk79X1,18.77
5.0,priced,-0.217760854894925,41147016498.0,37528731484.0,Kadenox,917Bk4UkDWERvYZUMAk6sEhxAHEtHt8jK73AZe1sASBh,451Foj6gYywyFum7Q1PDZ2aM4og4fis29k3Xz5eFXS2TXf34L3QpCB6LbJzTjVocyDxcterVR1tabUrQuXyk79X1,18.77
10.0,priced,-0.2312184862408588,41504887129.0,37528731484.0,Kadenox,917Bk4UkDWERvYZUMAk6sEhxAHEtHt8jK73AZe1sASBh,451Foj6gYywyFum7Q1PDZ2aM4og4fis29k3Xz5eFXS2TXf34L3QpCB6LbJzTjVocyDxcterVR1tabUrQuXyk79X1,18.77
0.0,priced,-0.6408620416412915,66154635011.0,41016764727.0,Sheep,CA2SZdmB3G3Qd5m6pgkZUVj7HQhqWr5tBhKgfUdVwDnq,5EQwh4XNHrezi8mR31PMLf3QVkpcsnwuZpShBDMLrBJpU9pYXRqg4zeY2RNBE9RuTJc4FNxZ26jJwFKboHUBpm5U,1420.462
0.5,priced,-0.7055177988116487,68877772606.0,38754325887.0,Sheep,CA2SZdmB3G3Qd5m6pgkZUVj7HQhqWr5tBhKgfUdVwDnq,5EQwh4XNHrezi8mR31PMLf3QVkpcsnwuZpShBDMLrBJpU9pYXRqg4zeY2RNBE9RuTJc4FNxZ26jJwFKboHUBpm5U,1420.462
1.0,priced,-0.7318868579178729,72103721795.0,38754325887.0,Sheep,CA2SZdmB3G3Qd5m6pgkZUVj7HQhqWr5tBhKgfUdVwDnq,5EQwh4XNHrezi8mR31PMLf3QVkpcsnwuZpShBDMLrBJpU9pYXRqg4zeY2RNBE9RuTJc4FNxZ26jJwFKboHUBpm5U,1420.462
2.0,priced,-0.7319836912750964,72116413096.0,38754325887.0,Sheep,CA2SZdmB3G3Qd5m6pgkZUVj7HQhqWr5tBhKgfUdVwDnq,5EQwh4XNHrezi8mR31PMLf3QVkpcsnwuZpShBDMLrBJpU9pYXRqg4zeY2RNBE9RuTJc4FNxZ26jJwFKboHUBpm5U,1420.462
3.0,priced,-0.7203588558203602,67366169893.0,36963621846.0,Sheep,CA2SZdmB3G3Qd5m6pgkZUVj7HQhqWr5tBhKgfUdVwDnq,5EQwh4XNHrezi8mR31PMLf3QVkpcsnwuZpShBDMLrBJpU9pYXRqg4zeY2RNBE9RuTJc4FNxZ26jJwFKboHUBpm5U,1420.462
5.0,priced,-0.7578973102642932,72228670382.0,36945944933.0,Sheep,CA2SZdmB3G3Qd5m6pgkZUVj7HQhqWr5tBhKgfUdVwDnq,5EQwh4XNHrezi8mR31PMLf3QVkpcsnwuZpShBDMLrBJpU9pYXRqg4zeY2RNBE9RuTJc4FNxZ26jJwFKboHUBpm5U,1420.462
10.0,priced,-0.7552960063747742,71903299163.0,36970882866.0,Sheep,CA2SZdmB3G3Qd5m6pgkZUVj7HQhqWr5tBhKgfUdVwDnq,5EQwh4XNHrezi8mR31PMLf3QVkpcsnwuZpShBDMLrBJpU9pYXRqg4zeY2RNBE9RuTJc4FNxZ26jJwFKboHUBpm5U,1420.462
0.0,priced,-0.4041757482815186,51146500818.0,40721082939.0,Sheep,3fkKkY2CJqABT9zgEnHrLvzWhAyJsPCfJp2kjZKReumq,3mTdgHhFCMzKZiCBK6HWdyEKdnoDiUwU6EHwjG6jGp2VtaKcViGuEo9WcGJfHB7oFopPcAHPmndxRFvtdfR6eBmG,116.059
0.5,priced,-0.4888934551794855,55186701046.0,40721082939.0,Sheep,3fkKkY2CJqABT9zgEnHrLvzWhAyJsPCfJp2kjZKReumq,3mTdgHhFCMzKZiCBK6HWdyEKdnoDiUwU6EHwjG6jGp2VtaKcViGuEo9WcGJfHB7oFopPcAHPmndxRFvtdfR6eBmG,116.059
1.0,priced,-0.5255462118831599,57114602274.0,40621021729.0,Sheep,3fkKkY2CJqABT9zgEnHrLvzWhAyJsPCfJp2kjZKReumq,3mTdgHhFCMzKZiCBK6HWdyEKdnoDiUwU6EHwjG6jGp2VtaKcViGuEo9WcGJfHB7oFopPcAHPmndxRFvtdfR6eBmG,116.059
2.0,priced,-0.5322165640782813,57215343013.0,40409700943.0,Sheep,3fkKkY2CJqABT9zgEnHrLvzWhAyJsPCfJp2kjZKReumq,3mTdgHhFCMzKZiCBK6HWdyEKdnoDiUwU6EHwjG6jGp2VtaKcViGuEo9WcGJfHB7oFopPcAHPmndxRFvtdfR6eBmG,116.059
3.0,priced,-0.5315866514543713,57177310363.0,40409700943.0,Sheep,3fkKkY2CJqABT9zgEnHrLvzWhAyJsPCfJp2kjZKReumq,3mTdgHhFCMzKZiCBK6HWdyEKdnoDiUwU6EHwjG6jGp2VtaKcViGuEo9WcGJfHB7oFopPcAHPmndxRFvtdfR6eBmG,116.059
5.0,priced,-0.5315866514543713,57177310363.0,40409700943.0,Sheep,3fkKkY2CJqABT9zgEnHrLvzWhAyJsPCfJp2kjZKReumq,3mTdgHhFCMzKZiCBK6HWdyEKdnoDiUwU6EHwjG6jGp2VtaKcViGuEo9WcGJfHB7oFopPcAHPmndxRFvtdfR6eBmG,116.059
10.0,priced,-0.6101437578804053,57127281302.0,36891097816.0,Sheep,3fkKkY2CJqABT9zgEnHrLvzWhAyJsPCfJp2kjZKReumq,3mTdgHhFCMzKZiCBK6HWdyEKdnoDiUwU6EHwjG6jGp2VtaKcViGuEo9WcGJfHB7oFopPcAHPmndxRFvtdfR6eBmG,116.059
0.0,priced,0.13714316082823372,33000000000.0,36307133269.0,Sheep,pG9sJ989ExEjpSMgEq3KEGi1MhjdNWUrZV7jd3mJKAa,2wtdpM9jdqnD5LAxD1QVuAaAPXz5J8TzctSZLmq1H3F8rxagKJx52KR8oS1fv5ddQkNmELx6XZiCtX7RtyyrJtao,1.74
0.5,priced,-0.5444198787988037,43413029024.0,30299902210.0,Sheep,pG9sJ989ExEjpSMgEq3KEGi1MhjdNWUrZV7jd3mJKAa,2wtdpM9jdqnD5LAxD1QVuAaAPXz5J8TzctSZLmq1H3F8rxagKJx52KR8oS1fv5ddQkNmELx6XZiCtX7RtyyrJtao,1.74
1.0,priced,-0.5444198787988037,43413029024.0,30299902210.0,Sheep,pG9sJ989ExEjpSMgEq3KEGi1MhjdNWUrZV7jd3mJKAa,2wtdpM9jdqnD5LAxD1QVuAaAPXz5J8TzctSZLmq1H3F8rxagKJx52KR8oS1fv5ddQkNmELx6XZiCtX7RtyyrJtao,1.74
2.0,missed: wallet sold before our entry landed,,,,Sheep,pG9sJ989ExEjpSMgEq3KEGi1MhjdNWUrZV7jd3mJKAa,2wtdpM9jdqnD5LAxD1QVuAaAPXz5J8TzctSZLmq1H3F8rxagKJx52KR8oS1fv5ddQkNmELx6XZiCtX7RtyyrJtao,1.74
3.0,missed: wallet sold before our entry landed,,,,Sheep,pG9sJ989ExEjpSMgEq3KEGi1MhjdNWUrZV7jd3mJKAa,2wtdpM9jdqnD5LAxD1QVuAaAPXz5J8TzctSZLmq1H3F8rxagKJx52KR8oS1fv5ddQkNmELx6XZiCtX7RtyyrJtao,1.74
5.0,missed: wallet sold before our entry landed,,,,Sheep,pG9sJ989ExEjpSMgEq3KEGi1MhjdNWUrZV7jd3mJKAa,2wtdpM9jdqnD5LAxD1QVuAaAPXz5J8TzctSZLmq1H3F8rxagKJx52KR8oS1fv5ddQkNmELx6XZiCtX7RtyyrJtao,1.74
10.0,missed: wallet sold before our entry landed,,,,Sheep,pG9sJ989ExEjpSMgEq3KEGi1MhjdNWUrZV7jd3mJKAa,2wtdpM9jdqnD5LAxD1QVuAaAPXz5J8TzctSZLmq1H3F8rxagKJx52KR8oS1fv5ddQkNmELx6XZiCtX7RtyyrJtao,1.74
0.0,priced,-0.12479871096108092,61588640605.0,59279816076.0,Sheep,Gm4kbBfd7kWCoo2moJmMPZzfbdmGkr255ot7GhEpRmsA,2ryKBXGN1PRUAYUrRYC7sGfJwp5Yn4WAAvivhTPXAK44Gvx1uuZstVXrMBsFYYbkELAKNjDCHchuGHxX6XvTmZJE,78.789
0.5,priced,-0.31464520566591003,64150326455.0,54688397542.0,Sheep,Gm4kbBfd7kWCoo2moJmMPZzfbdmGkr255ot7GhEpRmsA,2ryKBXGN1PRUAYUrRYC7sGfJwp5Yn4WAAvivhTPXAK44Gvx1uuZstVXrMBsFYYbkELAKNjDCHchuGHxX6XvTmZJE,78.789
1.0,priced,-0.31995642506373356,64398721515.0,54688397542.0,Sheep,Gm4kbBfd7kWCoo2moJmMPZzfbdmGkr255ot7GhEpRmsA,2ryKBXGN1PRUAYUrRYC7sGfJwp5Yn4WAAvivhTPXAK44Gvx1uuZstVXrMBsFYYbkELAKNjDCHchuGHxX6XvTmZJE,78.789
2.0,priced,-0.32001644660316836,64398721515.0,54686008283.0,Sheep,Gm4kbBfd7kWCoo2moJmMPZzfbdmGkr255ot7GhEpRmsA,2ryKBXGN1PRUAYUrRYC7sGfJwp5Yn4WAAvivhTPXAK44Gvx1uuZstVXrMBsFYYbkELAKNjDCHchuGHxX6XvTmZJE,78.789
3.0,priced,-0.4183151044099317,64398721515.0,50622712281.0,Sheep,Gm4kbBfd7kWCoo2moJmMPZzfbdmGkr255ot7GhEpRmsA,2ryKBXGN1PRUAYUrRYC7sGfJwp5Yn4WAAvivhTPXAK44Gvx1uuZstVXrMBsFYYbkELAKNjDCHchuGHxX6XvTmZJE,78.789
5.0,priced,-0.41459370309735716,64195484548.0,50622712281.0,Sheep,Gm4kbBfd7kWCoo2moJmMPZzfbdmGkr255ot7GhEpRmsA,2ryKBXGN1PRUAYUrRYC7sGfJwp5Yn4WAAvivhTPXAK44Gvx1uuZstVXrMBsFYYbkELAKNjDCHchuGHxX6XvTmZJE,78.789
10.0,priced,-0.42558456009121587,64195484548.0,50151014668.0,Sheep,Gm4kbBfd7kWCoo2moJmMPZzfbdmGkr255ot7GhEpRmsA,2ryKBXGN1PRUAYUrRYC7sGfJwp5Yn4WAAvivhTPXAK44Gvx1uuZstVXrMBsFYYbkELAKNjDCHchuGHxX6XvTmZJE,78.789
0.0,priced,0.3267710378049884,33000000000.0,39210748962.0,Sheep,Hj68dmWQ9ActtRbYfByW3PZJqsMjSnAe3Srh6z7nALAb,42XMYDN7gdgDz29g6Mc7wNkvRVFv2ynSd9Z7NjL3VcmTtDT94ena7GBdUSwxyozjiMJF6GLCBk68rF8FUZdqp8jv,1.897
0.5,priced,-0.5911951341903351,45800000000.0,30299902208.0,Sheep,Hj68dmWQ9ActtRbYfByW3PZJqsMjSnAe3Srh6z7nALAb,42XMYDN7gdgDz29g6Mc7wNkvRVFv2ynSd9Z7NjL3VcmTtDT94ena7GBdUSwxyozjiMJF6GLCBk68rF8FUZdqp8jv,1.897
1.0,priced,-0.6036213626197541,46502685005.0,30299902208.0,Sheep,Hj68dmWQ9ActtRbYfByW3PZJqsMjSnAe3Srh6z7nALAb,42XMYDN7gdgDz29g6Mc7wNkvRVFv2ynSd9Z7NjL3VcmTtDT94ena7GBdUSwxyozjiMJF6GLCBk68rF8FUZdqp8jv,1.897
2.0,missed: wallet sold before our entry landed,,,,Sheep,Hj68dmWQ9ActtRbYfByW3PZJqsMjSnAe3Srh6z7nALAb,42XMYDN7gdgDz29g6Mc7wNkvRVFv2ynSd9Z7NjL3VcmTtDT94ena7GBdUSwxyozjiMJF6GLCBk68rF8FUZdqp8jv,1.897
3.0,missed: wallet sold before our entry landed,,,,Sheep,Hj68dmWQ9ActtRbYfByW3PZJqsMjSnAe3Srh6z7nALAb,42XMYDN7gdgDz29g6Mc7wNkvRVFv2ynSd9Z7NjL3VcmTtDT94ena7GBdUSwxyozjiMJF6GLCBk68rF8FUZdqp8jv,1.897
5.0,missed: wallet sold before our entry landed,,,,Sheep,Hj68dmWQ9ActtRbYfByW3PZJqsMjSnAe3Srh6z7nALAb,42XMYDN7gdgDz29g6Mc7wNkvRVFv2ynSd9Z7NjL3VcmTtDT94ena7GBdUSwxyozjiMJF6GLCBk68rF8FUZdqp8jv,1.897
10.0,missed: wallet sold before our entry landed,,,,Sheep,Hj68dmWQ9ActtRbYfByW3PZJqsMjSnAe3Srh6z7nALAb,42XMYDN7gdgDz29g6Mc7wNkvRVFv2ynSd9Z7NjL3VcmTtDT94ena7GBdUSwxyozjiMJF6GLCBk68rF8FUZdqp8jv,1.897
0.0,priced,-0.08653067056656552,47709728809.0,46960943580.0,Kadenox,CQirPWxwaLZwwK6wXDAKiVTZYkQbZioQH4QjhbvZpump,4LRJSzqcNJMqgTf3Bo5ZKponAvJmniLjE2JSqVFJoHtuQYymCWgSvLWL6zi1ZJn22hks5XXX5L9iKP7G3KQqFawM,10.935
0.5,priced,-0.3275178186895679,52073111152.0,44013586687.0,Kadenox,CQirPWxwaLZwwK6wXDAKiVTZYkQbZioQH4QjhbvZpump,4LRJSzqcNJMqgTf3Bo5ZKponAvJmniLjE2JSqVFJoHtuQYymCWgSvLWL6zi1ZJn22hks5XXX5L9iKP7G3KQqFawM,10.935
1.0,priced,-0.364046651849842,53409626921.0,43907827915.0,Kadenox,CQirPWxwaLZwwK6wXDAKiVTZYkQbZioQH4QjhbvZpump,4LRJSzqcNJMqgTf3Bo5ZKponAvJmniLjE2JSqVFJoHtuQYymCWgSvLWL6zi1ZJn22hks5XXX5L9iKP7G3KQqFawM,10.935
2.0,priced,-0.36531528989253237,53797040317.0,44181330007.0,Kadenox,CQirPWxwaLZwwK6wXDAKiVTZYkQbZioQH4QjhbvZpump,4LRJSzqcNJMqgTf3Bo5ZKponAvJmniLjE2JSqVFJoHtuQYymCWgSvLWL6zi1ZJn22hks5XXX5L9iKP7G3KQqFawM,10.935
3.0,priced,-0.37057458643500246,54041484761.0,44198953312.0,Kadenox,CQirPWxwaLZwwK6wXDAKiVTZYkQbZioQH4QjhbvZpump,4LRJSzqcNJMqgTf3Bo5ZKponAvJmniLjE2JSqVFJoHtuQYymCWgSvLWL6zi1ZJn22hks5XXX5L9iKP7G3KQqFawM,10.935
5.0,priced,-0.3535521964613123,53332181464.0,44200918743.0,Kadenox,CQirPWxwaLZwwK6wXDAKiVTZYkQbZioQH4QjhbvZpump,4LRJSzqcNJMqgTf3Bo5ZKponAvJmniLjE2JSqVFJoHtuQYymCWgSvLWL6zi1ZJn22hks5XXX5L9iKP7G3KQqFawM,10.935
10.0,priced,-0.34970411222925474,53173821682.0,44199840954.0,Kadenox,CQirPWxwaLZwwK6wXDAKiVTZYkQbZioQH4QjhbvZpump,4LRJSzqcNJMqgTf3Bo5ZKponAvJmniLjE2JSqVFJoHtuQYymCWgSvLWL6zi1ZJn22hks5XXX5L9iKP7G3KQqFawM,10.935
0.0,priced,0.9755370669364464,33000000000.0,47845020609.0,Sheep,5uGSy15crXqbgxo8ZKkbaKGyFUcmE8Gdmoj2WQeSn8v6,3F7LCsmaLNRqqxMjmSmC7tU3bvvpyEAkXAKfsL7FV5FTs8ZxfjM93tmpAiLAwYaNpwbbPBM5mtNUFVqKbpRzxsAH,6.93
0.5,priced,0.1782502956158502,42800000000.0,47845020609.0,Sheep,5uGSy15crXqbgxo8ZKkbaKGyFUcmE8Gdmoj2WQeSn8v6,3F7LCsmaLNRqqxMjmSmC7tU3bvvpyEAkXAKfsL7FV5FTs8ZxfjM93tmpAiLAwYaNpwbbPBM5mtNUFVqKbpRzxsAH,6.93
1.0,priced,-0.11666499546233641,42800000000.0,41455826244.0,Sheep,5uGSy15crXqbgxo8ZKkbaKGyFUcmE8Gdmoj2WQeSn8v6,3F7LCsmaLNRqqxMjmSmC7tU3bvvpyEAkXAKfsL7FV5FTs8ZxfjM93tmpAiLAwYaNpwbbPBM5mtNUFVqKbpRzxsAH,6.93
2.0,priced,-0.11666499546233641,42800000000.0,41455826244.0,Sheep,5uGSy15crXqbgxo8ZKkbaKGyFUcmE8Gdmoj2WQeSn8v6,3F7LCsmaLNRqqxMjmSmC7tU3bvvpyEAkXAKfsL7FV5FTs8ZxfjM93tmpAiLAwYaNpwbbPBM5mtNUFVqKbpRzxsAH,6.93
3.0,priced,-0.11666499546233641,42800000000.0,41455826244.0,Sheep,5uGSy15crXqbgxo8ZKkbaKGyFUcmE8Gdmoj2WQeSn8v6,3F7LCsmaLNRqqxMjmSmC7tU3bvvpyEAkXAKfsL7FV5FTs8ZxfjM93tmpAiLAwYaNpwbbPBM5mtNUFVqKbpRzxsAH,6.93
5.0,priced,-0.3178362268457544,48686419751.0,41455826244.0,Sheep,5uGSy15crXqbgxo8ZKkbaKGyFUcmE8Gdmoj2WQeSn8v6,3F7LCsmaLNRqqxMjmSmC7tU3bvvpyEAkXAKfsL7FV5FTs8ZxfjM93tmpAiLAwYaNpwbbPBM5mtNUFVqKbpRzxsAH,6.93
10.0,priced,-0.1768453409167762,49644444448.0,46394097845.0,Sheep,5uGSy15crXqbgxo8ZKkbaKGyFUcmE8Gdmoj2WQeSn8v6,3F7LCsmaLNRqqxMjmSmC7tU3bvvpyEAkXAKfsL7FV5FTs8ZxfjM93tmpAiLAwYaNpwbbPBM5mtNUFVqKbpRzxsAH,6.93
0.0,priced,-0.1222603773608942,33000000000.0,31915648530.0,Sheep,GjpcVhk335PkxBibwtF1yjAJmqWvJLLRq1f6aVCCHehs,43rq4N4q6eedaUbyRmqdbUZgvq9dNJ9SsNWP8vzykg7GULGUPNMxMNcvKSw2YuPVykFCmEnAKeZQXUsUpkUbeDUm,1.828
0.5,priced,-0.5570947927294425,46808272953.0,32207962859.0,Sheep,GjpcVhk335PkxBibwtF1yjAJmqWvJLLRq1f6aVCCHehs,43rq4N4q6eedaUbyRmqdbUZgvq9dNJ9SsNWP8vzykg7GULGUPNMxMNcvKSw2YuPVykFCmEnAKeZQXUsUpkUbeDUm,1.828
1.0,missed: wallet sold before our entry landed,,,,Sheep,GjpcVhk335PkxBibwtF1yjAJmqWvJLLRq1f6aVCCHehs,43rq4N4q6eedaUbyRmqdbUZgvq9dNJ9SsNWP8vzykg7GULGUPNMxMNcvKSw2YuPVykFCmEnAKeZQXUsUpkUbeDUm,1.828
2.0,missed: wallet sold before our entry landed,,,,Sheep,GjpcVhk335PkxBibwtF1yjAJmqWvJLLRq1f6aVCCHehs,43rq4N4q6eedaUbyRmqdbUZgvq9dNJ9SsNWP8vzykg7GULGUPNMxMNcvKSw2YuPVykFCmEnAKeZQXUsUpkUbeDUm,1.828
3.0,missed: wallet sold before our entry landed,,,,Sheep,GjpcVhk335PkxBibwtF1yjAJmqWvJLLRq1f6aVCCHehs,43rq4N4q6eedaUbyRmqdbUZgvq9dNJ9SsNWP8vzykg7GULGUPNMxMNcvKSw2YuPVykFCmEnAKeZQXUsUpkUbeDUm,1.828
5.0,missed: wallet sold before our entry landed,,,,Sheep,GjpcVhk335PkxBibwtF1yjAJmqWvJLLRq1f6aVCCHehs,43rq4N4q6eedaUbyRmqdbUZgvq9dNJ9SsNWP8vzykg7GULGUPNMxMNcvKSw2YuPVykFCmEnAKeZQXUsUpkUbeDUm,1.828
10.0,missed: wallet sold before our entry landed,,,,Sheep,GjpcVhk335PkxBibwtF1yjAJmqWvJLLRq1f6aVCCHehs,43rq4N4q6eedaUbyRmqdbUZgvq9dNJ9SsNWP8vzykg7GULGUPNMxMNcvKSw2YuPVykFCmEnAKeZQXUsUpkUbeDUm,1.828
0.0,priced,-0.3993750795792039,38711803156.0,30986077886.0,Pikalosi,BtoGUv7cMF33uDSKVxXoGP1Shm2EPgcYpS6UdtuhnH3F,2Co65vgshTfK9yZTrPTzp4P38BfaNkLzxDs1D1r13oLomuVXMxWFPz7tkp4Baq5jqsy7BbWLUVKYFc316EwtEjVE,1646.675
0.5,priced,-0.5693105459792743,44324450246.0,30089541641.0,Pikalosi,BtoGUv7cMF33uDSKVxXoGP1Shm2EPgcYpS6UdtuhnH3F,2Co65vgshTfK9yZTrPTzp4P38BfaNkLzxDs1D1r13oLomuVXMxWFPz7tkp4Baq5jqsy7BbWLUVKYFc316EwtEjVE,1646.675
1.0,priced,-0.5993035909157953,45932360663.0,30089541641.0,Pikalosi,BtoGUv7cMF33uDSKVxXoGP1Shm2EPgcYpS6UdtuhnH3F,2Co65vgshTfK9yZTrPTzp4P38BfaNkLzxDs1D1r13oLomuVXMxWFPz7tkp4Baq5jqsy7BbWLUVKYFc316EwtEjVE,1646.675
2.0,priced,-0.5901415134846192,45422884518.0,30089541641.0,Pikalosi,BtoGUv7cMF33uDSKVxXoGP1Shm2EPgcYpS6UdtuhnH3F,2Co65vgshTfK9yZTrPTzp4P38BfaNkLzxDs1D1r13oLomuVXMxWFPz7tkp4Baq5jqsy7BbWLUVKYFc316EwtEjVE,1646.675
3.0,priced,-0.5482798090053149,43292017368.0,30089541641.0,Pikalosi,BtoGUv7cMF33uDSKVxXoGP1Shm2EPgcYpS6UdtuhnH3F,2Co65vgshTfK9yZTrPTzp4P38BfaNkLzxDs1D1r13oLomuVXMxWFPz7tkp4Baq5jqsy7BbWLUVKYFc316EwtEjVE,1646.675
5.0,priced,-0.5399224575548855,42901169103.0,30089541641.0,Pikalosi,BtoGUv7cMF33uDSKVxXoGP1Shm2EPgcYpS6UdtuhnH3F,2Co65vgshTfK9yZTrPTzp4P38BfaNkLzxDs1D1r13oLomuVXMxWFPz7tkp4Baq5jqsy7BbWLUVKYFc316EwtEjVE,1646.675
10.0,priced,-0.553778580396789,43555033580.0,30089541641.0,Pikalosi,BtoGUv7cMF33uDSKVxXoGP1Shm2EPgcYpS6UdtuhnH3F,2Co65vgshTfK9yZTrPTzp4P38BfaNkLzxDs1D1r13oLomuVXMxWFPz7tkp4Baq5jqsy7BbWLUVKYFc316EwtEjVE,1646.675
0.0,priced,-0.3075179598086573,41018778959.0,35218148896.0,Pikalosi,EzCmudnz9Kqysa7zCQat7A7veYCieTiZM64mN9d1NGqc,625ftGJJbjjgK4BtRWwgmaqqb9NbNfD6ejXhKMbENw4U5UfZVR1iXK6YwHNG9MmDJcPvGV7YuVeLvLvBm5RucWrU,1888.995
0.5,priced,-0.6089198474866672,48251536853.0,31227526011.0,Pikalosi,EzCmudnz9Kqysa7zCQat7A7veYCieTiZM64mN9d1NGqc,625ftGJJbjjgK4BtRWwgmaqqb9NbNfD6ejXhKMbENw4U5UfZVR1iXK6YwHNG9MmDJcPvGV7YuVeLvLvBm5RucWrU,1888.995
1.0,priced,-0.6089523315302181,48253512161.0,31227526011.0,Pikalosi,EzCmudnz9Kqysa7zCQat7A7veYCieTiZM64mN9d1NGqc,625ftGJJbjjgK4BtRWwgmaqqb9NbNfD6ejXhKMbENw4U5UfZVR1iXK6YwHNG9MmDJcPvGV7YuVeLvLvBm5RucWrU,1888.995
2.0,priced,-0.6089523315302181,48253512161.0,31227526011.0,Pikalosi,EzCmudnz9Kqysa7zCQat7A7veYCieTiZM64mN9d1NGqc,625ftGJJbjjgK4BtRWwgmaqqb9NbNfD6ejXhKMbENw4U5UfZVR1iXK6YwHNG9MmDJcPvGV7YuVeLvLvBm5RucWrU,1888.995
3.0,priced,-0.6089523315302181,48253512161.0,31227526011.0,Pikalosi,EzCmudnz9Kqysa7zCQat7A7veYCieTiZM64mN9d1NGqc,625ftGJJbjjgK4BtRWwgmaqqb9NbNfD6ejXhKMbENw4U5UfZVR1iXK6YwHNG9MmDJcPvGV7YuVeLvLvBm5RucWrU,1888.995
5.0,priced,-0.5947800265768948,47413936106.0,31227526011.0,Pikalosi,EzCmudnz9Kqysa7zCQat7A7veYCieTiZM64mN9d1NGqc,625ftGJJbjjgK4BtRWwgmaqqb9NbNfD6ejXhKMbENw4U5UfZVR1iXK6YwHNG9MmDJcPvGV7YuVeLvLvBm5RucWrU,1888.995
10.0,priced,-0.605617017551939,47413936106.0,30814635618.0,Pikalosi,EzCmudnz9Kqysa7zCQat7A7veYCieTiZM64mN9d1NGqc,625ftGJJbjjgK4BtRWwgmaqqb9NbNfD6ejXhKMbENw4U5UfZVR1iXK6YwHNG9MmDJcPvGV7YuVeLvLvBm5RucWrU,1888.995
0.0,priced,-0.3728834284268054,50335293191.0,41105388332.0,Sheep,AgqKKYXsXFz1wTkbYWCnULHSFLzfBVeM41ETZwPavJRs,4Ph2wWKkjtg1625YxksGatyBRWJjHzjfn1UuraMqLktF6fpo56iPejJwreAdRPqwm3nH6b2iPk2KS8EiHLwgEdmC,210.586
0.5,priced,-0.4612271686845191,51283932075.0,38849746059.0,Sheep,AgqKKYXsXFz1wTkbYWCnULHSFLzfBVeM41ETZwPavJRs,4Ph2wWKkjtg1625YxksGatyBRWJjHzjfn1UuraMqLktF6fpo56iPejJwreAdRPqwm3nH6b2iPk2KS8EiHLwgEdmC,210.586
1.0,priced,-0.5075146534240917,53616723037.0,38849746059.0,Sheep,AgqKKYXsXFz1wTkbYWCnULHSFLzfBVeM41ETZwPavJRs,4Ph2wWKkjtg1625YxksGatyBRWJjHzjfn1UuraMqLktF6fpo56iPejJwreAdRPqwm3nH6b2iPk2KS8EiHLwgEdmC,210.586
2.0,priced,-0.549212049359386,53620653899.0,37196304564.0,Sheep,AgqKKYXsXFz1wTkbYWCnULHSFLzfBVeM41ETZwPavJRs,4Ph2wWKkjtg1625YxksGatyBRWJjHzjfn1UuraMqLktF6fpo56iPejJwreAdRPqwm3nH6b2iPk2KS8EiHLwgEdmC,210.586
3.0,priced,-0.5492986001572882,53620739733.0,37192849618.0,Sheep,AgqKKYXsXFz1wTkbYWCnULHSFLzfBVeM41ETZwPavJRs,4Ph2wWKkjtg1625YxksGatyBRWJjHzjfn1UuraMqLktF6fpo56iPejJwreAdRPqwm3nH6b2iPk2KS8EiHLwgEdmC,210.586
5.0,priced,-0.5493671802723921,53592680575.0,37170678500.0,Sheep,AgqKKYXsXFz1wTkbYWCnULHSFLzfBVeM41ETZwPavJRs,4Ph2wWKkjtg1625YxksGatyBRWJjHzjfn1UuraMqLktF6fpo56iPejJwreAdRPqwm3nH6b2iPk2KS8EiHLwgEdmC,210.586
10.0,priced,-0.561049496754585,51690664433.0,35396203175.0,Sheep,AgqKKYXsXFz1wTkbYWCnULHSFLzfBVeM41ETZwPavJRs,4Ph2wWKkjtg1625YxksGatyBRWJjHzjfn1UuraMqLktF6fpo56iPejJwreAdRPqwm3nH6b2iPk2KS8EiHLwgEdmC,210.586
0.0,priced,0.8724174240597351,33000000000.0,46578221847.0,Sheep,HTwigtUK8W3FWke5mD66np7Hnh5XF9i6WDC5GcdMcYkV,124zdXh9VvH61uufsdEro5yTnesaum9gapgsgrYbvahHaHqb5cr82UP85YJ28ai6xXiywoJfdvFFry5YoaGLmzrs,4.674
0.5,priced,-0.0826366051704657,47218495590.0,46578221847.0,Sheep,HTwigtUK8W3FWke5mD66np7Hnh5XF9i6WDC5GcdMcYkV,124zdXh9VvH61uufsdEro5yTnesaum9gapgsgrYbvahHaHqb5cr82UP85YJ28ai6xXiywoJfdvFFry5YoaGLmzrs,4.674
1.0,priced,-0.0826366051704657,47218495590.0,46578221847.0,Sheep,HTwigtUK8W3FWke5mD66np7Hnh5XF9i6WDC5GcdMcYkV,124zdXh9VvH61uufsdEro5yTnesaum9gapgsgrYbvahHaHqb5cr82UP85YJ28ai6xXiywoJfdvFFry5YoaGLmzrs,4.674
2.0,priced,-0.0007517497655408385,45243186950.0,46578221847.0,Sheep,HTwigtUK8W3FWke5mD66np7Hnh5XF9i6WDC5GcdMcYkV,124zdXh9VvH61uufsdEro5yTnesaum9gapgsgrYbvahHaHqb5cr82UP85YJ28ai6xXiywoJfdvFFry5YoaGLmzrs,4.674
3.0,priced,-0.0007517497655408385,45243186950.0,46578221847.0,Sheep,HTwigtUK8W3FWke5mD66np7Hnh5XF9i6WDC5GcdMcYkV,124zdXh9VvH61uufsdEro5yTnesaum9gapgsgrYbvahHaHqb5cr82UP85YJ28ai6xXiywoJfdvFFry5YoaGLmzrs,4.674
5.0,priced,0.02802183433817744,45243186950.0,47240679403.0,Sheep,HTwigtUK8W3FWke5mD66np7Hnh5XF9i6WDC5GcdMcYkV,124zdXh9VvH61uufsdEro5yTnesaum9gapgsgrYbvahHaHqb5cr82UP85YJ28ai6xXiywoJfdvFFry5YoaGLmzrs,4.674
10.0,priced,-0.1655980476623645,48281923469.0,45431847849.0,Sheep,HTwigtUK8W3FWke5mD66np7Hnh5XF9i6WDC5GcdMcYkV,124zdXh9VvH61uufsdEro5yTnesaum9gapgsgrYbvahHaHqb5cr82UP85YJ28ai6xXiywoJfdvFFry5YoaGLmzrs,4.674
0.0,priced,-0.23032190760327756,60626052317.0,54753337472.0,Sheep,BxpWDdkV7wbfU5ipCPURJgmYR5Nn4N2vGK9A8Qdrpump,4ix4yRZYoA2SBjXkeJ2CtkTCrAUnK2c6PyFbeBLZZbxJEeu6HB8QZEZK1SDMBpK7h87qBPaUM1oaHttcXpLtES8M,14.36
0.5,priced,-0.30159377806446114,62986546141.0,54203654940.0,Sheep,BxpWDdkV7wbfU5ipCPURJgmYR5Nn4N2vGK9A8Qdrpump,4ix4yRZYoA2SBjXkeJ2CtkTCrAUnK2c6PyFbeBLZZbxJEeu6HB8QZEZK1SDMBpK7h87qBPaUM1oaHttcXpLtES8M,14.36
1.0,priced,-0.29274531969863343,62123172818.0,53797712184.0,Sheep,BxpWDdkV7wbfU5ipCPURJgmYR5Nn4N2vGK9A8Qdrpump,4ix4yRZYoA2SBjXkeJ2CtkTCrAUnK2c6PyFbeBLZZbxJEeu6HB8QZEZK1SDMBpK7h87qBPaUM1oaHttcXpLtES8M,14.36
2.0,priced,-0.28797885494873715,61969183703.0,53843667739.0,Sheep,BxpWDdkV7wbfU5ipCPURJgmYR5Nn4N2vGK9A8Qdrpump,4ix4yRZYoA2SBjXkeJ2CtkTCrAUnK2c6PyFbeBLZZbxJEeu6HB8QZEZK1SDMBpK7h87qBPaUM1oaHttcXpLtES8M,14.36
3.0,priced,-0.22028081529322385,62983503398.0,57240920384.0,Sheep,BxpWDdkV7wbfU5ipCPURJgmYR5Nn4N2vGK9A8Qdrpump,4ix4yRZYoA2SBjXkeJ2CtkTCrAUnK2c6PyFbeBLZZbxJEeu6HB8QZEZK1SDMBpK7h87qBPaUM1oaHttcXpLtES8M,14.36
5.0,priced,-0.15507460092124392,62368730118.0,58987990407.0,Sheep,BxpWDdkV7wbfU5ipCPURJgmYR5Nn4N2vGK9A8Qdrpump,4ix4yRZYoA2SBjXkeJ2CtkTCrAUnK2c6PyFbeBLZZbxJEeu6HB8QZEZK1SDMBpK7h87qBPaUM1oaHttcXpLtES8M,14.36
10.0,priced,-0.12455978548462093,61297163938.0,59008350532.0,Sheep,BxpWDdkV7wbfU5ipCPURJgmYR5Nn4N2vGK9A8Qdrpump,4ix4yRZYoA2SBjXkeJ2CtkTCrAUnK2c6PyFbeBLZZbxJEeu6HB8QZEZK1SDMBpK7h87qBPaUM1oaHttcXpLtES8M,14.36
0.0,priced,-0.13267479299464513,33000000000.0,31726799063.0,Sheep,Co3xnNuYZpRR5o8HhdFUjGQcG2exEyVrth3wi76RQePT,4oKuUFDFBB2wNKm51hCq5ZE1BJJqXp6kNdKjy9rEk9icTftY3v5WSrB33K6QJiRrvsRiEudV38yLb75N1oztgpPE,1.999
0.5,priced,-0.5885805081571743,46594796507.0,30920088520.0,Sheep,Co3xnNuYZpRR5o8HhdFUjGQcG2exEyVrth3wi76RQePT,4oKuUFDFBB2wNKm51hCq5ZE1BJJqXp6kNdKjy9rEk9icTftY3v5WSrB33K6QJiRrvsRiEudV38yLb75N1oztgpPE,1.999
1.0,priced,-0.5969942557720547,46594796507.0,30607846975.0,Sheep,Co3xnNuYZpRR5o8HhdFUjGQcG2exEyVrth3wi76RQePT,4oKuUFDFBB2wNKm51hCq5ZE1BJJqXp6kNdKjy9rEk9icTftY3v5WSrB33K6QJiRrvsRiEudV38yLb75N1oztgpPE,1.999
2.0,priced,-0.3708193509512278,37362709456.0,30607846975.0,Sheep,Co3xnNuYZpRR5o8HhdFUjGQcG2exEyVrth3wi76RQePT,4oKuUFDFBB2wNKm51hCq5ZE1BJJqXp6kNdKjy9rEk9icTftY3v5WSrB33K6QJiRrvsRiEudV38yLb75N1oztgpPE,1.999
3.0,priced,-0.3708193509512278,37362709456.0,30607846975.0,Sheep,Co3xnNuYZpRR5o8HhdFUjGQcG2exEyVrth3wi76RQePT,4oKuUFDFBB2wNKm51hCq5ZE1BJJqXp6kNdKjy9rEk9icTftY3v5WSrB33K6QJiRrvsRiEudV38yLb75N1oztgpPE,1.999
5.0,priced,-0.38288884118769195,37362709456.0,30315805703.0,Sheep,Co3xnNuYZpRR5o8HhdFUjGQcG2exEyVrth3wi76RQePT,4oKuUFDFBB2wNKm51hCq5ZE1BJJqXp6kNdKjy9rEk9icTftY3v5WSrB33K6QJiRrvsRiEudV38yLb75N1oztgpPE,1.999
10.0,missed: wallet sold before our entry landed,,,,Sheep,Co3xnNuYZpRR5o8HhdFUjGQcG2exEyVrth3wi76RQePT,4oKuUFDFBB2wNKm51hCq5ZE1BJJqXp6kNdKjy9rEk9icTftY3v5WSrB33K6QJiRrvsRiEudV38yLb75N1oztgpPE,1.999
0.0,priced,2.3695429888875132,42112385815.0,79619637634.0,Sheep,AQP3DdJJS1AUqBNNcq7bMAwABP9s728j5zGhnTUPb9jx,37L47QytCuhQpEdVFpxxQLTidsWo7FBu5ZX4ixdE1t6xgJqNG7oQaTXQKbRdjiDU9vGZwPKMf58UXXjXiADYSUcz,43.149
0.5,priced,1.6006569504480161,47986638354.0,79605860672.0,Sheep,AQP3DdJJS1AUqBNNcq7bMAwABP9s728j5zGhnTUPb9jx,37L47QytCuhQpEdVFpxxQLTidsWo7FBu5ZX4ixdE1t6xgJqNG7oQaTXQKbRdjiDU9vGZwPKMf58UXXjXiADYSUcz,43.149
1.0,priced,1.5062253433953052,48906493983.0,79633761622.0,Sheep,AQP3DdJJS1AUqBNNcq7bMAwABP9s728j5zGhnTUPb9jx,37L47QytCuhQpEdVFpxxQLTidsWo7FBu5ZX4ixdE1t6xgJqNG7oQaTXQKbRdjiDU9vGZwPKMf58UXXjXiADYSUcz,43.149
2.0,priced,1.3058926044448558,50981740203.0,79603278295.0,Sheep,AQP3DdJJS1AUqBNNcq7bMAwABP9s728j5zGhnTUPb9jx,37L47QytCuhQpEdVFpxxQLTidsWo7FBu5ZX4ixdE1t6xgJqNG7oQaTXQKbRdjiDU9vGZwPKMf58UXXjXiADYSUcz,43.149
3.0,priced,1.1280949343156446,51194437448.0,76789822166.0,Sheep,AQP3DdJJS1AUqBNNcq7bMAwABP9s728j5zGhnTUPb9jx,37L47QytCuhQpEdVFpxxQLTidsWo7FBu5ZX4ixdE1t6xgJqNG7oQaTXQKbRdjiDU9vGZwPKMf58UXXjXiADYSUcz,43.149
5.0,priced,1.1551205171663366,51448536792.0,77657064875.0,Sheep,AQP3DdJJS1AUqBNNcq7bMAwABP9s728j5zGhnTUPb9jx,37L47QytCuhQpEdVFpxxQLTidsWo7FBu5ZX4ixdE1t6xgJqNG7oQaTXQKbRdjiDU9vGZwPKMf58UXXjXiADYSUcz,43.149
10.0,priced,1.0126107562977757,52204562687.0,76142821495.0,Sheep,AQP3DdJJS1AUqBNNcq7bMAwABP9s728j5zGhnTUPb9jx,37L47QytCuhQpEdVFpxxQLTidsWo7FBu5ZX4ixdE1t6xgJqNG7oQaTXQKbRdjiDU9vGZwPKMf58UXXjXiADYSUcz,43.149
0.0,priced,-0.31139111704475286,64517265017.0,55129234916.0,Sheep,3iMZfvgFQnChhHKiftBeop6gN5qrqVXxYLJLu2Kd3HVC,5JUqQmTmLGACkxHb4U46zeARsyaSinoJzLvzApo3bPWiZqd7PBzYeA4wyhtjzvcECjpSFyTENDtzGdLa1cBTsRUZ,685.864
0.5,priced,-0.4216474963094733,70351009868.0,55129234916.0,Sheep,3iMZfvgFQnChhHKiftBeop6gN5qrqVXxYLJLu2Kd3HVC,5JUqQmTmLGACkxHb4U46zeARsyaSinoJzLvzApo3bPWiZqd7PBzYeA4wyhtjzvcECjpSFyTENDtzGdLa1cBTsRUZ,685.864
1.0,priced,-0.4668776091082245,72085040306.0,54258799095.0,Sheep,3iMZfvgFQnChhHKiftBeop6gN5qrqVXxYLJLu2Kd3HVC,5JUqQmTmLGACkxHb4U46zeARsyaSinoJzLvzApo3bPWiZqd7PBzYeA4wyhtjzvcECjpSFyTENDtzGdLa1cBTsRUZ,685.864
2.0,priced,-0.46709238609607184,72096773639.0,54256820180.0,Sheep,3iMZfvgFQnChhHKiftBeop6gN5qrqVXxYLJLu2Kd3HVC,5JUqQmTmLGACkxHb4U46zeARsyaSinoJzLvzApo3bPWiZqd7PBzYeA4wyhtjzvcECjpSFyTENDtzGdLa1cBTsRUZ,685.864
3.0,priced,-0.44996362990138067,70954550240.0,54239792526.0,Sheep,3iMZfvgFQnChhHKiftBeop6gN5qrqVXxYLJLu2Kd3HVC,5JUqQmTmLGACkxHb4U46zeARsyaSinoJzLvzApo3bPWiZqd7PBzYeA4wyhtjzvcECjpSFyTENDtzGdLa1cBTsRUZ,685.864
5.0,priced,-0.47523770251223696,72625283066.0,54239792526.0,Sheep,3iMZfvgFQnChhHKiftBeop6gN5qrqVXxYLJLu2Kd3HVC,5JUqQmTmLGACkxHb4U46zeARsyaSinoJzLvzApo3bPWiZqd7PBzYeA4wyhtjzvcECjpSFyTENDtzGdLa1cBTsRUZ,685.864
10.0,priced,-0.4827193872676508,72453505216.0,53730106338.0,Sheep,3iMZfvgFQnChhHKiftBeop6gN5qrqVXxYLJLu2Kd3HVC,5JUqQmTmLGACkxHb4U46zeARsyaSinoJzLvzApo3bPWiZqd7PBzYeA4wyhtjzvcECjpSFyTENDtzGdLa1cBTsRUZ,685.864
0.0,priced,1.1505013340854817,33000000000.0,49922050996.0,Sheep,G4uEbXFcTX2JTujLwBT2mab9Y41rdFvdeQXAazYZTJDt,2xhgFMYYCe6Asjza731aARzRCCB2BfpuQ1z2W8tWHgLv4rcq9udZEdFMNY3xwmxg3Bm5oFvrr6gKjCSeLbjCRH1K,4.009
0.5,priced,-0.08136487548629331,50701234565.0,50030584329.0,Sheep,G4uEbXFcTX2JTujLwBT2mab9Y41rdFvdeQXAazYZTJDt,2xhgFMYYCe6Asjza731aARzRCCB2BfpuQ1z2W8tWHgLv4rcq9udZEdFMNY3xwmxg3Bm5oFvrr6gKjCSeLbjCRH1K,4.009
1.0,priced,-0.07584555379484867,50701234565.0,50179715191.0,Sheep,G4uEbXFcTX2JTujLwBT2mab9Y41rdFvdeQXAazYZTJDt,2xhgFMYYCe6Asjza731aARzRCCB2BfpuQ1z2W8tWHgLv4rcq9udZEdFMNY3xwmxg3Bm5oFvrr6gKjCSeLbjCRH1K,4.009
2.0,priced,-0.07584555379484867,50701234565.0,50179715191.0,Sheep,G4uEbXFcTX2JTujLwBT2mab9Y41rdFvdeQXAazYZTJDt,2xhgFMYYCe6Asjza731aARzRCCB2BfpuQ1z2W8tWHgLv4rcq9udZEdFMNY3xwmxg3Bm5oFvrr6gKjCSeLbjCRH1K,4.009
3.0,priced,-0.19544492970751037,51386265239.0,47472707315.0,Sheep,G4uEbXFcTX2JTujLwBT2mab9Y41rdFvdeQXAazYZTJDt,2xhgFMYYCe6Asjza731aARzRCCB2BfpuQ1z2W8tWHgLv4rcq9udZEdFMNY3xwmxg3Bm5oFvrr6gKjCSeLbjCRH1K,4.009
5.0,priced,-0.19715083160116756,51978205700.0,47966534474.0,Sheep,G4uEbXFcTX2JTujLwBT2mab9Y41rdFvdeQXAazYZTJDt,2xhgFMYYCe6Asjza731aARzRCCB2BfpuQ1z2W8tWHgLv4rcq9udZEdFMNY3xwmxg3Bm5oFvrr6gKjCSeLbjCRH1K,4.009
10.0,priced,-0.22673942658918703,51760699727.0,46885221988.0,Sheep,G4uEbXFcTX2JTujLwBT2mab9Y41rdFvdeQXAazYZTJDt,2xhgFMYYCe6Asjza731aARzRCCB2BfpuQ1z2W8tWHgLv4rcq9udZEdFMNY3xwmxg3Bm5oFvrr6gKjCSeLbjCRH1K,4.009
0.0,priced,0.9028051666989422,33000000000.0,46955023874.0,Sheep,BEPSCLK9hCKUkuhNCze3nVM55jHi3A5yaAPU3yasxqii,e7h1voNQdPFYAWFYyd29K1NTc9LL6AZUYA8L1wPeizkt9Crb3CiYTYm5sBeHyybhVbwaRj75wxR5MDr2wuPqkMU,4.01
0.5,priced,0.14893916846034908,42800000000.0,47248357207.0,Sheep,BEPSCLK9hCKUkuhNCze3nVM55jHi3A5yaAPU3yasxqii,e7h1voNQdPFYAWFYyd29K1NTc9LL6AZUYA8L1wPeizkt9Crb3CiYTYm5sBeHyybhVbwaRj75wxR5MDr2wuPqkMU,4.01
1.0,priced,-0.09193245605434144,48145599445.0,47248357207.0,Sheep,BEPSCLK9hCKUkuhNCze3nVM55jHi3A5yaAPU3yasxqii,e7h1voNQdPFYAWFYyd29K1NTc9LL6AZUYA8L1wPeizkt9Crb3CiYTYm5sBeHyybhVbwaRj75wxR5MDr2wuPqkMU,4.01
2.0,priced,-0.18270319665078308,48145599445.0,44840795910.0,Sheep,BEPSCLK9hCKUkuhNCze3nVM55jHi3A5yaAPU3yasxqii,e7h1voNQdPFYAWFYyd29K1NTc9LL6AZUYA8L1wPeizkt9Crb3CiYTYm5sBeHyybhVbwaRj75wxR5MDr2wuPqkMU,4.01
3.0,priced,-0.21873066250957038,48145599445.0,43848858486.0,Sheep,BEPSCLK9hCKUkuhNCze3nVM55jHi3A5yaAPU3yasxqii,e7h1voNQdPFYAWFYyd29K1NTc9LL6AZUYA8L1wPeizkt9Crb3CiYTYm5sBeHyybhVbwaRj75wxR5MDr2wuPqkMU,4.01
5.0,priced,-0.21873066250957038,48145599445.0,43848858486.0,Sheep,BEPSCLK9hCKUkuhNCze3nVM55jHi3A5yaAPU3yasxqii,e7h1voNQdPFYAWFYyd29K1NTc9LL6AZUYA8L1wPeizkt9Crb3CiYTYm5sBeHyybhVbwaRj75wxR5MDr2wuPqkMU,4.01
10.0,priced,-0.17126796258377328,48686914190.0,45656277171.0,Sheep,BEPSCLK9hCKUkuhNCze3nVM55jHi3A5yaAPU3yasxqii,e7h1voNQdPFYAWFYyd29K1NTc9LL6AZUYA8L1wPeizkt9Crb3CiYTYm5sBeHyybhVbwaRj75wxR5MDr2wuPqkMU,4.01
0.0,priced,0.9274768063742735,33000000000.0,47258771730.0,Sheep,8DJp5aPe1LCEMt1Nk7cdkw5wf7NT6cLcuX2AX63XxTYL,38nTkSnLSqohUWZuZbQuKTSupWz5BJcTkJZWq3upG6jhyrLu5ZvbXiG4uomMa4oZ7Dvi9zS9MLXEmVej8EHrdWis,6.155
0.5,priced,-0.05650680884711301,47244444443.0,47258771730.0,Sheep,8DJp5aPe1LCEMt1Nk7cdkw5wf7NT6cLcuX2AX63XxTYL,38nTkSnLSqohUWZuZbQuKTSupWz5BJcTkJZWq3upG6jhyrLu5ZvbXiG4uomMa4oZ7Dvi9zS9MLXEmVej8EHrdWis,6.155
1.0,priced,-0.0853367880119599,47992513027.0,47268549507.0,Sheep,8DJp5aPe1LCEMt1Nk7cdkw5wf7NT6cLcuX2AX63XxTYL,38nTkSnLSqohUWZuZbQuKTSupWz5BJcTkJZWq3upG6jhyrLu5ZvbXiG4uomMa4oZ7Dvi9zS9MLXEmVej8EHrdWis,6.155
2.0,priced,-0.13290126721976994,48190043890.0,46219568024.0,Sheep,8DJp5aPe1LCEMt1Nk7cdkw5wf7NT6cLcuX2AX63XxTYL,38nTkSnLSqohUWZuZbQuKTSupWz5BJcTkJZWq3upG6jhyrLu5ZvbXiG4uomMa4oZ7Dvi9zS9MLXEmVej8EHrdWis,6.155
3.0,priced,-0.2923645978899536,53325846355.0,46219568024.0,Sheep,8DJp5aPe1LCEMt1Nk7cdkw5wf7NT6cLcuX2AX63XxTYL,38nTkSnLSqohUWZuZbQuKTSupWz5BJcTkJZWq3upG6jhyrLu5ZvbXiG4uomMa4oZ7Dvi9zS9MLXEmVej8EHrdWis,6.155
5.0,priced,-0.22017241892470338,50861973238.0,46268456912.0,Sheep,8DJp5aPe1LCEMt1Nk7cdkw5wf7NT6cLcuX2AX63XxTYL,38nTkSnLSqohUWZuZbQuKTSupWz5BJcTkJZWq3upG6jhyrLu5ZvbXiG4uomMa4oZ7Dvi9zS9MLXEmVej8EHrdWis,6.155
10.0,priced,-0.21017904286474431,46828572448.0,42886166967.0,Sheep,8DJp5aPe1LCEMt1Nk7cdkw5wf7NT6cLcuX2AX63XxTYL,38nTkSnLSqohUWZuZbQuKTSupWz5BJcTkJZWq3upG6jhyrLu5ZvbXiG4uomMa4oZ7Dvi9zS9MLXEmVej8EHrdWis,6.155
0.0,priced,-0.10008427926191413,37512298593.0,36700535332.0,Pavel,H4HSsKEhFbWvVvjFo3hXXYz38pVXbWAS2hpoah4rATr,2yDLxDKwaz5DsHweKTjynz3FTnFo957LCC5jf55FR4g8Vjj3EijCFHEq3GsUFaqjfoXyseVaNqfMfFDnY3fTEkCN,7.825
0.5,priced,-0.10008427926191413,37512298593.0,36700535332.0,Pavel,H4HSsKEhFbWvVvjFo3hXXYz38pVXbWAS2hpoah4rATr,2yDLxDKwaz5DsHweKTjynz3FTnFo957LCC5jf55FR4g8Vjj3EijCFHEq3GsUFaqjfoXyseVaNqfMfFDnY3fTEkCN,7.825
1.0,priced,-0.10008427926191413,37512298593.0,36700535332.0,Pavel,H4HSsKEhFbWvVvjFo3hXXYz38pVXbWAS2hpoah4rATr,2yDLxDKwaz5DsHweKTjynz3FTnFo957LCC5jf55FR4g8Vjj3EijCFHEq3GsUFaqjfoXyseVaNqfMfFDnY3fTEkCN,7.825
2.0,priced,-0.10008427926191413,37512298593.0,36700535332.0,Pavel,H4HSsKEhFbWvVvjFo3hXXYz38pVXbWAS2hpoah4rATr,2yDLxDKwaz5DsHweKTjynz3FTnFo957LCC5jf55FR4g8Vjj3EijCFHEq3GsUFaqjfoXyseVaNqfMfFDnY3fTEkCN,7.825
3.0,priced,-0.04181251868611944,36352328759.0,36700535332.0,Pavel,H4HSsKEhFbWvVvjFo3hXXYz38pVXbWAS2hpoah4rATr,2yDLxDKwaz5DsHweKTjynz3FTnFo957LCC5jf55FR4g8Vjj3EijCFHEq3GsUFaqjfoXyseVaNqfMfFDnY3fTEkCN,7.825
5.0,priced,-0.04810851907576108,36472558770.0,36700535332.0,Pavel,H4HSsKEhFbWvVvjFo3hXXYz38pVXbWAS2hpoah4rATr,2yDLxDKwaz5DsHweKTjynz3FTnFo957LCC5jf55FR4g8Vjj3EijCFHEq3GsUFaqjfoXyseVaNqfMfFDnY3fTEkCN,7.825
10.0,priced,-0.041574477129523994,36497003214.0,36850169833.0,Pavel,H4HSsKEhFbWvVvjFo3hXXYz38pVXbWAS2hpoah4rATr,2yDLxDKwaz5DsHweKTjynz3FTnFo957LCC5jf55FR4g8Vjj3EijCFHEq3GsUFaqjfoXyseVaNqfMfFDnY3fTEkCN,7.825
0.0,priced,0.1982051775980065,53279815576.0,59989283534.0,Pavel,9LzASLgrisEgcyDhXFgVPu5ten9zf264K3tdatQ9RMT1,3mFrkoFEMWSzoCpcHJNauMzrJCirBvZuvSJSBxxAkJ5p88GnkQqSgeurt7EJYZQYD3t4rAhrjgumGZqTcof7q1VC,46.339
0.5,priced,0.13146700200092576,54829270533.0,59989283534.0,Pavel,9LzASLgrisEgcyDhXFgVPu5ten9zf264K3tdatQ9RMT1,3mFrkoFEMWSzoCpcHJNauMzrJCirBvZuvSJSBxxAkJ5p88GnkQqSgeurt7EJYZQYD3t4rAhrjgumGZqTcof7q1VC,46.339
1.0,priced,0.14034378166659545,54614592790.0,59988367573.0,Pavel,9LzASLgrisEgcyDhXFgVPu5ten9zf264K3tdatQ9RMT1,3mFrkoFEMWSzoCpcHJNauMzrJCirBvZuvSJSBxxAkJ5p88GnkQqSgeurt7EJYZQYD3t4rAhrjgumGZqTcof7q1VC,46.339
2.0,priced,0.1510114209321997,54360867195.0,59988367573.0,Pavel,9LzASLgrisEgcyDhXFgVPu5ten9zf264K3tdatQ9RMT1,3mFrkoFEMWSzoCpcHJNauMzrJCirBvZuvSJSBxxAkJ5p88GnkQqSgeurt7EJYZQYD3t4rAhrjgumGZqTcof7q1VC,46.339
3.0,priced,0.15381383551699326,54421159740.0,60127327845.0,Pavel,9LzASLgrisEgcyDhXFgVPu5ten9zf264K3tdatQ9RMT1,3mFrkoFEMWSzoCpcHJNauMzrJCirBvZuvSJSBxxAkJ5p88GnkQqSgeurt7EJYZQYD3t4rAhrjgumGZqTcof7q1VC,46.339
5.0,priced,0.0841105405024011,54811777021.0,58707826112.0,Pavel,9LzASLgrisEgcyDhXFgVPu5ten9zf264K3tdatQ9RMT1,3mFrkoFEMWSzoCpcHJNauMzrJCirBvZuvSJSBxxAkJ5p88GnkQqSgeurt7EJYZQYD3t4rAhrjgumGZqTcof7q1VC,46.339
10.0,priced,0.09752504787228872,52523093425.0,56613112299.0,Pavel,9LzASLgrisEgcyDhXFgVPu5ten9zf264K3tdatQ9RMT1,3mFrkoFEMWSzoCpcHJNauMzrJCirBvZuvSJSBxxAkJ5p88GnkQqSgeurt7EJYZQYD3t4rAhrjgumGZqTcof7q1VC,46.339
0.0,priced,-0.13281206509540558,33624510776.0,32320345851.0,Pavel,51Wf4qYdhX39VgQ8XTSWva2t5SZG55eqAdiKrHPyrELG,Tt3JfJVwsJDhyutzQsRdk5ApCe1u1ycUnnkTJtTPsczvGtj42EZ5cRZ3oFYUvAMCXVQx6YKLBCud1oJzUyWVPaB,25.992
0.5,priced,-0.13281206509540558,33624510776.0,32320345851.0,Pavel,51Wf4qYdhX39VgQ8XTSWva2t5SZG55eqAdiKrHPyrELG,Tt3JfJVwsJDhyutzQsRdk5ApCe1u1ycUnnkTJtTPsczvGtj42EZ5cRZ3oFYUvAMCXVQx6YKLBCud1oJzUyWVPaB,25.992
1.0,priced,-0.020724603394241092,31636996737.0,32320345851.0,Pavel,51Wf4qYdhX39VgQ8XTSWva2t5SZG55eqAdiKrHPyrELG,Tt3JfJVwsJDhyutzQsRdk5ApCe1u1ycUnnkTJtTPsczvGtj42EZ5cRZ3oFYUvAMCXVQx6YKLBCud1oJzUyWVPaB,25.992
2.0,priced,-0.1247374595559348,33468826389.0,32320345851.0,Pavel,51Wf4qYdhX39VgQ8XTSWva2t5SZG55eqAdiKrHPyrELG,Tt3JfJVwsJDhyutzQsRdk5ApCe1u1ycUnnkTJtTPsczvGtj42EZ5cRZ3oFYUvAMCXVQx6YKLBCud1oJzUyWVPaB,25.992
3.0,priced,-0.1247374595559348,33468826389.0,32320345851.0,Pavel,51Wf4qYdhX39VgQ8XTSWva2t5SZG55eqAdiKrHPyrELG,Tt3JfJVwsJDhyutzQsRdk5ApCe1u1ycUnnkTJtTPsczvGtj42EZ5cRZ3oFYUvAMCXVQx6YKLBCud1oJzUyWVPaB,25.992
5.0,priced,-0.12683859285057927,33509132229.0,32320345851.0,Pavel,51Wf4qYdhX39VgQ8XTSWva2t5SZG55eqAdiKrHPyrELG,Tt3JfJVwsJDhyutzQsRdk5ApCe1u1ycUnnkTJtTPsczvGtj42EZ5cRZ3oFYUvAMCXVQx6YKLBCud1oJzUyWVPaB,25.992
10.0,priced,-0.09722987161660124,32954054847.0,32320345851.0,Pavel,51Wf4qYdhX39VgQ8XTSWva2t5SZG55eqAdiKrHPyrELG,Tt3JfJVwsJDhyutzQsRdk5ApCe1u1ycUnnkTJtTPsczvGtj42EZ5cRZ3oFYUvAMCXVQx6YKLBCud1oJzUyWVPaB,25.992
0.0,priced,-0.03411609988413274,44983631713.0,45536856655.0,Pavel,G16frcu2K2WFibDeE5Mp4G887SnvW34CUAoxqbm6hD5w,5TvhFvbGzGEi6c5bohHnSodM8qtpoQ5Sdz3caTzPm6pEUZdR2gfkaPgfaz1jEodPefZ48rmz9KYhWCCnoHhaS6wX,72.7
0.5,priced,-0.03411609988413274,44983631713.0,45536856655.0,Pavel,G16frcu2K2WFibDeE5Mp4G887SnvW34CUAoxqbm6hD5w,5TvhFvbGzGEi6c5bohHnSodM8qtpoQ5Sdz3caTzPm6pEUZdR2gfkaPgfaz1jEodPefZ48rmz9KYhWCCnoHhaS6wX,72.7
1.0,priced,-0.03579362140746701,45022742824.0,45536856655.0,Pavel,G16frcu2K2WFibDeE5Mp4G887SnvW34CUAoxqbm6hD5w,5TvhFvbGzGEi6c5bohHnSodM8qtpoQ5Sdz3caTzPm6pEUZdR2gfkaPgfaz1jEodPefZ48rmz9KYhWCCnoHhaS6wX,72.7
2.0,priced,-0.03579362140746701,45022742824.0,45536856655.0,Pavel,G16frcu2K2WFibDeE5Mp4G887SnvW34CUAoxqbm6hD5w,5TvhFvbGzGEi6c5bohHnSodM8qtpoQ5Sdz3caTzPm6pEUZdR2gfkaPgfaz1jEodPefZ48rmz9KYhWCCnoHhaS6wX,72.7
3.0,priced,-0.03579362140746701,45022742824.0,45536856655.0,Pavel,G16frcu2K2WFibDeE5Mp4G887SnvW34CUAoxqbm6hD5w,5TvhFvbGzGEi6c5bohHnSodM8qtpoQ5Sdz3caTzPm6pEUZdR2gfkaPgfaz1jEodPefZ48rmz9KYhWCCnoHhaS6wX,72.7
5.0,priced,-0.03579362140746701,45022742824.0,45536856655.0,Pavel,G16frcu2K2WFibDeE5Mp4G887SnvW34CUAoxqbm6hD5w,5TvhFvbGzGEi6c5bohHnSodM8qtpoQ5Sdz3caTzPm6pEUZdR2gfkaPgfaz1jEodPefZ48rmz9KYhWCCnoHhaS6wX,72.7
10.0,priced,-0.1569097463907336,48182909489.0,45572898998.0,Pavel,G16frcu2K2WFibDeE5Mp4G887SnvW34CUAoxqbm6hD5w,5TvhFvbGzGEi6c5bohHnSodM8qtpoQ5Sdz3caTzPm6pEUZdR2gfkaPgfaz1jEodPefZ48rmz9KYhWCCnoHhaS6wX,72.7
0.0,priced,0.13259309269837952,47836838710.0,52400298521.0,Pavel,G16frcu2K2WFibDeE5Mp4G887SnvW34CUAoxqbm6hD5w,3o8MjxoBTMxPhSMejagX1s5N1hnzeA7QHJ1nRpGCZqPFCXRB2UiG4WwA2sm8s5J2KMF8iyv49Qu7492JZfeEkUYD,5.775
0.5,priced,0.13259309269837952,47836838710.0,52400298521.0,Pavel,G16frcu2K2WFibDeE5Mp4G887SnvW34CUAoxqbm6hD5w,3o8MjxoBTMxPhSMejagX1s5N1hnzeA7QHJ1nRpGCZqPFCXRB2UiG4WwA2sm8s5J2KMF8iyv49Qu7492JZfeEkUYD,5.775
1.0,priced,0.13129045537401843,47836838710.0,52370284281.0,Pavel,G16frcu2K2WFibDeE5Mp4G887SnvW34CUAoxqbm6hD5w,3o8MjxoBTMxPhSMejagX1s5N1hnzeA7QHJ1nRpGCZqPFCXRB2UiG4WwA2sm8s5J2KMF8iyv49Qu7492JZfeEkUYD,5.775
2.0,priced,0.13557972792721604,47836838710.0,52469049712.0,Pavel,G16frcu2K2WFibDeE5Mp4G887SnvW34CUAoxqbm6hD5w,3o8MjxoBTMxPhSMejagX1s5N1hnzeA7QHJ1nRpGCZqPFCXRB2UiG4WwA2sm8s5J2KMF8iyv49Qu7492JZfeEkUYD,5.775
3.0,priced,0.13557972792721604,47836838710.0,52469049712.0,Pavel,G16frcu2K2WFibDeE5Mp4G887SnvW34CUAoxqbm6hD5w,3o8MjxoBTMxPhSMejagX1s5N1hnzeA7QHJ1nRpGCZqPFCXRB2UiG4WwA2sm8s5J2KMF8iyv49Qu7492JZfeEkUYD,5.775
5.0,priced,0.1315426232188213,47836838710.0,52376095846.0,Pavel,G16frcu2K2WFibDeE5Mp4G887SnvW34CUAoxqbm6hD5w,3o8MjxoBTMxPhSMejagX1s5N1hnzeA7QHJ1nRpGCZqPFCXRB2UiG4WwA2sm8s5J2KMF8iyv49Qu7492JZfeEkUYD,5.775
10.0,priced,0.08081309241644336,48947459396.0,52376095846.0,Pavel,G16frcu2K2WFibDeE5Mp4G887SnvW34CUAoxqbm6hD5w,3o8MjxoBTMxPhSMejagX1s5N1hnzeA7QHJ1nRpGCZqPFCXRB2UiG4WwA2sm8s5J2KMF8iyv49Qu7492JZfeEkUYD,5.775
0.0,priced,-0.22495988455505134,40366102985.0,36651949886.0,Pavel,24BSFnxoTD8pxS274gn4S76ocYBCSWmQ2Kncg1GjkNGS,5yS2tVWdBmadvGCQYeXTFgT8KtbYTULBDq1EZG2g63GtVRd9xq6a64B5QGYSGnaYa96zEhxNEcXDS5GiNwp3bY9G,60.373
0.5,priced,-0.20071503022932555,39750208104.0,36652047663.0,Pavel,24BSFnxoTD8pxS274gn4S76ocYBCSWmQ2Kncg1GjkNGS,5yS2tVWdBmadvGCQYeXTFgT8KtbYTULBDq1EZG2g63GtVRd9xq6a64B5QGYSGnaYa96zEhxNEcXDS5GiNwp3bY9G,60.373
1.0,priced,-0.4475158844448996,39946818742.0,30675642067.0,Pavel,24BSFnxoTD8pxS274gn4S76ocYBCSWmQ2Kncg1GjkNGS,5yS2tVWdBmadvGCQYeXTFgT8KtbYTULBDq1EZG2g63GtVRd9xq6a64B5QGYSGnaYa96zEhxNEcXDS5GiNwp3bY9G,60.373
2.0,priced,-0.2610944901379115,39946818742.0,35424315191.0,Pavel,24BSFnxoTD8pxS274gn4S76ocYBCSWmQ2Kncg1GjkNGS,5yS2tVWdBmadvGCQYeXTFgT8KtbYTULBDq1EZG2g63GtVRd9xq6a64B5QGYSGnaYa96zEhxNEcXDS5GiNwp3bY9G,60.373
3.0,priced,-0.32780506612772037,42562588017.0,36002092965.0,Pavel,24BSFnxoTD8pxS274gn4S76ocYBCSWmQ2Kncg1GjkNGS,5yS2tVWdBmadvGCQYeXTFgT8KtbYTULBDq1EZG2g63GtVRd9xq6a64B5QGYSGnaYa96zEhxNEcXDS5GiNwp3bY9G,60.373
5.0,priced,-0.31032396849365546,42021813776.0,36002092965.0,Pavel,24BSFnxoTD8pxS274gn4S76ocYBCSWmQ2Kncg1GjkNGS,5yS2tVWdBmadvGCQYeXTFgT8KtbYTULBDq1EZG2g63GtVRd9xq6a64B5QGYSGnaYa96zEhxNEcXDS5GiNwp3bY9G,60.373
10.0,priced,-0.34811798125173715,42021813776.0,35010993984.0,Pavel,24BSFnxoTD8pxS274gn4S76ocYBCSWmQ2Kncg1GjkNGS,5yS2tVWdBmadvGCQYeXTFgT8KtbYTULBDq1EZG2g63GtVRd9xq6a64B5QGYSGnaYa96zEhxNEcXDS5GiNwp3bY9G,60.373
0.0,priced,-0.18286828066670263,36442328029.0,33990634355.0,Pavel,8TXHYJ5FaWwpVjGknRHv6pmaBwq2gCU4g4ayMF9mCwzR,P267q64i8FSXi7w5zGQYSnvH9vC3TVWVLCdzEtMTnqkFBi8sxVT3mqgw8VSxSuNrqxk5DWYXw9ng2RP8zaMK5PD,21.943
0.5,priced,-0.18286828066670263,36442328029.0,33990634355.0,Pavel,8TXHYJ5FaWwpVjGknRHv6pmaBwq2gCU4g4ayMF9mCwzR,P267q64i8FSXi7w5zGQYSnvH9vC3TVWVLCdzEtMTnqkFBi8sxVT3mqgw8VSxSuNrqxk5DWYXw9ng2RP8zaMK5PD,21.943
1.0,priced,-0.18286828066670263,36442328029.0,33990634355.0,Pavel,8TXHYJ5FaWwpVjGknRHv6pmaBwq2gCU4g4ayMF9mCwzR,P267q64i8FSXi7w5zGQYSnvH9vC3TVWVLCdzEtMTnqkFBi8sxVT3mqgw8VSxSuNrqxk5DWYXw9ng2RP8zaMK5PD,21.943
2.0,priced,-0.1592980922912568,35927809183.0,33990634355.0,Pavel,8TXHYJ5FaWwpVjGknRHv6pmaBwq2gCU4g4ayMF9mCwzR,P267q64i8FSXi7w5zGQYSnvH9vC3TVWVLCdzEtMTnqkFBi8sxVT3mqgw8VSxSuNrqxk5DWYXw9ng2RP8zaMK5PD,21.943
3.0,priced,-0.15578236130579282,35852894616.0,33990634355.0,Pavel,8TXHYJ5FaWwpVjGknRHv6pmaBwq2gCU4g4ayMF9mCwzR,P267q64i8FSXi7w5zGQYSnvH9vC3TVWVLCdzEtMTnqkFBi8sxVT3mqgw8VSxSuNrqxk5DWYXw9ng2RP8zaMK5PD,21.943
5.0,priced,-0.15572746837229312,35851728605.0,33990634355.0,Pavel,8TXHYJ5FaWwpVjGknRHv6pmaBwq2gCU4g4ayMF9mCwzR,P267q64i8FSXi7w5zGQYSnvH9vC3TVWVLCdzEtMTnqkFBi8sxVT3mqgw8VSxSuNrqxk5DWYXw9ng2RP8zaMK5PD,21.943
10.0,priced,-0.1785105573540497,36345555764.0,33990634355.0,Pavel,8TXHYJ5FaWwpVjGknRHv6pmaBwq2gCU4g4ayMF9mCwzR,P267q64i8FSXi7w5zGQYSnvH9vC3TVWVLCdzEtMTnqkFBi8sxVT3mqgw8VSxSuNrqxk5DWYXw9ng2RP8zaMK5PD,21.943
0.0,priced,-0.25632486437079954,51547785788.0,45798712940.0,Pavel,H2ssLryjETdSFNFMnAEn3hAczt7QymXkQ23Lus1odm6u,g39ALKyKos3DqmvYDjX6iUmEKM2LyZoQGE6kwApXme11SSjqbVt738AWbbu1gipAAkkMLJooHvF3KztaBs4Tozi,21.956
0.5,priced,-0.42961339776383306,57924279613.0,45111273514.0,Pavel,H2ssLryjETdSFNFMnAEn3hAczt7QymXkQ23Lus1odm6u,g39ALKyKos3DqmvYDjX6iUmEKM2LyZoQGE6kwApXme11SSjqbVt738AWbbu1gipAAkkMLJooHvF3KztaBs4Tozi,21.956
1.0,priced,-0.42841527926375306,57924279613.0,45158049556.0,Pavel,H2ssLryjETdSFNFMnAEn3hAczt7QymXkQ23Lus1odm6u,g39ALKyKos3DqmvYDjX6iUmEKM2LyZoQGE6kwApXme11SSjqbVt738AWbbu1gipAAkkMLJooHvF3KztaBs4Tozi,21.956
2.0,priced,-0.3514332330413294,57600047884.0,47800626723.0,Pavel,H2ssLryjETdSFNFMnAEn3hAczt7QymXkQ23Lus1odm6u,g39ALKyKos3DqmvYDjX6iUmEKM2LyZoQGE6kwApXme11SSjqbVt738AWbbu1gipAAkkMLJooHvF3KztaBs4Tozi,21.956
3.0,priced,-0.33359408152773323,57797381217.0,48612130788.0,Pavel,H2ssLryjETdSFNFMnAEn3hAczt7QymXkQ23Lus1odm6u,g39ALKyKos3DqmvYDjX6iUmEKM2LyZoQGE6kwApXme11SSjqbVt738AWbbu1gipAAkkMLJooHvF3KztaBs4Tozi,21.956
5.0,priced,-0.33549373909150326,57927818646.0,48652624614.0,Pavel,H2ssLryjETdSFNFMnAEn3hAczt7QymXkQ23Lus1odm6u,g39ALKyKos3DqmvYDjX6iUmEKM2LyZoQGE6kwApXme11SSjqbVt738AWbbu1gipAAkkMLJooHvF3KztaBs4Tozi,21.956
10.0,priced,-0.3536764900748798,57800733241.0,47884369584.0,Pavel,H2ssLryjETdSFNFMnAEn3hAczt7QymXkQ23Lus1odm6u,g39ALKyKos3DqmvYDjX6iUmEKM2LyZoQGE6kwApXme11SSjqbVt738AWbbu1gipAAkkMLJooHvF3KztaBs4Tozi,21.956
0.0,priced,-0.2360294945067004,48829017599.0,43977163378.0,Pavel,DvsEnX72ieGftozm9ML5nuXmCx9u18GGkYnD3dtLpump,L6U1iJGRffBqLYv3hpNyQfokPJ3YLJNXc4Y5zWrTB1eghGQtLEckfRrWj2Cwj33ykmxkgNkfMsWDcLYaz8GGewq,26.034
0.5,priced,-0.25221880201889957,49358992906.0,43982605956.0,Pavel,DvsEnX72ieGftozm9ML5nuXmCx9u18GGkYnD3dtLpump,L6U1iJGRffBqLYv3hpNyQfokPJ3YLJNXc4Y5zWrTB1eghGQtLEckfRrWj2Cwj33ykmxkgNkfMsWDcLYaz8GGewq,26.034
1.0,priced,-0.23454103279763555,48787747341.0,43982605956.0,Pavel,DvsEnX72ieGftozm9ML5nuXmCx9u18GGkYnD3dtLpump,L6U1iJGRffBqLYv3hpNyQfokPJ3YLJNXc4Y5zWrTB1eghGQtLEckfRrWj2Cwj33ykmxkgNkfMsWDcLYaz8GGewq,26.034
2.0,priced,-0.2356424563497907,48787747341.0,43951208296.0,Pavel,DvsEnX72ieGftozm9ML5nuXmCx9u18GGkYnD3dtLpump,L6U1iJGRffBqLYv3hpNyQfokPJ3YLJNXc4Y5zWrTB1eghGQtLEckfRrWj2Cwj33ykmxkgNkfMsWDcLYaz8GGewq,26.034
3.0,priced,-0.25038813534335813,48985278204.0,43704101607.0,Pavel,DvsEnX72ieGftozm9ML5nuXmCx9u18GGkYnD3dtLpump,L6U1iJGRffBqLYv3hpNyQfokPJ3YLJNXc4Y5zWrTB1eghGQtLEckfRrWj2Cwj33ykmxkgNkfMsWDcLYaz8GGewq,26.034
5.0,priced,-0.2787169204278492,49066371954.0,42948078884.0,Pavel,DvsEnX72ieGftozm9ML5nuXmCx9u18GGkYnD3dtLpump,L6U1iJGRffBqLYv3hpNyQfokPJ3YLJNXc4Y5zWrTB1eghGQtLEckfRrWj2Cwj33ykmxkgNkfMsWDcLYaz8GGewq,26.034
10.0,priced,-0.45204841108770755,56038500802.0,42791804777.0,Pavel,DvsEnX72ieGftozm9ML5nuXmCx9u18GGkYnD3dtLpump,L6U1iJGRffBqLYv3hpNyQfokPJ3YLJNXc4Y5zWrTB1eghGQtLEckfRrWj2Cwj33ykmxkgNkfMsWDcLYaz8GGewq,26.034
0.0,priced,0.8834419298806188,46481235226.0,65630480784.0,Pikalosi,ngch2AoNUWswN22tyuz3kC8SmTFKx6e84kQu565Bpyt,29BS2GpaDBCawsdGgNfz1R6AvSXTzpsPgZ7tEyFkmprGRbNTGkcuUxYZKEwy9Dj8HDe9BVDGofytfebtjS5e73DB,570.401
0.5,priced,0.504511377862243,52034885828.0,65634428668.0,Pikalosi,ngch2AoNUWswN22tyuz3kC8SmTFKx6e84kQu565Bpyt,29BS2GpaDBCawsdGgNfz1R6AvSXTzpsPgZ7tEyFkmprGRbNTGkcuUxYZKEwy9Dj8HDe9BVDGofytfebtjS5e73DB,570.401
1.0,priced,0.4704274428722131,52036861136.0,64890972575.0,Pikalosi,ngch2AoNUWswN22tyuz3kC8SmTFKx6e84kQu565Bpyt,29BS2GpaDBCawsdGgNfz1R6AvSXTzpsPgZ7tEyFkmprGRbNTGkcuUxYZKEwy9Dj8HDe9BVDGofytfebtjS5e73DB,570.401
2.0,priced,0.4704274428722131,52036861136.0,64890972575.0,Pikalosi,ngch2AoNUWswN22tyuz3kC8SmTFKx6e84kQu565Bpyt,29BS2GpaDBCawsdGgNfz1R6AvSXTzpsPgZ7tEyFkmprGRbNTGkcuUxYZKEwy9Dj8HDe9BVDGofytfebtjS5e73DB,570.401
3.0,priced,0.4704274428722131,52036861136.0,64890972575.0,Pikalosi,ngch2AoNUWswN22tyuz3kC8SmTFKx6e84kQu565Bpyt,29BS2GpaDBCawsdGgNfz1R6AvSXTzpsPgZ7tEyFkmprGRbNTGkcuUxYZKEwy9Dj8HDe9BVDGofytfebtjS5e73DB,570.401
5.0,priced,0.2833183691447606,52046737678.0,60645717547.0,Pikalosi,ngch2AoNUWswN22tyuz3kC8SmTFKx6e84kQu565Bpyt,29BS2GpaDBCawsdGgNfz1R6AvSXTzpsPgZ7tEyFkmprGRbNTGkcuUxYZKEwy9Dj8HDe9BVDGofytfebtjS5e73DB,570.401
10.0,priced,0.08511542474344969,54227584821.0,58111767986.0,Pikalosi,ngch2AoNUWswN22tyuz3kC8SmTFKx6e84kQu565Bpyt,29BS2GpaDBCawsdGgNfz1R6AvSXTzpsPgZ7tEyFkmprGRbNTGkcuUxYZKEwy9Dj8HDe9BVDGofytfebtjS5e73DB,570.401
0.0,priced,-0.2532962728470721,39020201724.0,34788011099.0,Pavel,GJQoBmMDX36TjTBr6S1CTmVREbHo1k8CcqCekW36pump,3bknDu1hMEFyJGXP7iu7XWuLxTMdyTJ5qpN6VrX2BTHjbBuYKWnN7PEMGTkc7mUCYQ6qqrqPUNfDoKKjfiMJMrmw,13.99
0.5,priced,-0.25453355651516235,39020201724.0,34759404059.0,Pavel,GJQoBmMDX36TjTBr6S1CTmVREbHo1k8CcqCekW36pump,3bknDu1hMEFyJGXP7iu7XWuLxTMdyTJ5qpN6VrX2BTHjbBuYKWnN7PEMGTkc7mUCYQ6qqrqPUNfDoKKjfiMJMrmw,13.99
1.0,priced,-0.2734320997247422,39218852279.0,34493212322.0,Pavel,GJQoBmMDX36TjTBr6S1CTmVREbHo1k8CcqCekW36pump,3bknDu1hMEFyJGXP7iu7XWuLxTMdyTJ5qpN6VrX2BTHjbBuYKWnN7PEMGTkc7mUCYQ6qqrqPUNfDoKKjfiMJMrmw,13.99
2.0,priced,-0.2677743641107996,39067392701.0,34493212322.0,Pavel,GJQoBmMDX36TjTBr6S1CTmVREbHo1k8CcqCekW36pump,3bknDu1hMEFyJGXP7iu7XWuLxTMdyTJ5qpN6VrX2BTHjbBuYKWnN7PEMGTkc7mUCYQ6qqrqPUNfDoKKjfiMJMrmw,13.99
3.0,priced,-0.2095600680835798,37603532362.0,34493212322.0,Pavel,GJQoBmMDX36TjTBr6S1CTmVREbHo1k8CcqCekW36pump,3bknDu1hMEFyJGXP7iu7XWuLxTMdyTJ5qpN6VrX2BTHjbBuYKWnN7PEMGTkc7mUCYQ6qqrqPUNfDoKKjfiMJMrmw,13.99
5.0,priced,-0.22758700618201996,37487212821.0,33995620014.0,Pavel,GJQoBmMDX36TjTBr6S1CTmVREbHo1k8CcqCekW36pump,3bknDu1hMEFyJGXP7iu7XWuLxTMdyTJ5qpN6VrX2BTHjbBuYKWnN7PEMGTkc7mUCYQ6qqrqPUNfDoKKjfiMJMrmw,13.99
10.0,priced,-0.23935418638634312,37584238185.0,33824384560.0,Pavel,GJQoBmMDX36TjTBr6S1CTmVREbHo1k8CcqCekW36pump,3bknDu1hMEFyJGXP7iu7XWuLxTMdyTJ5qpN6VrX2BTHjbBuYKWnN7PEMGTkc7mUCYQ6qqrqPUNfDoKKjfiMJMrmw,13.99
0.0,priced,-0.2778666226579175,45879431255.0,40194969887.0,Pavel,J9wFUhWqVdiUBZWGzsR4TEhD1thuY5wcVKkJQJ1Qpump,5E7M4U6uoF3mJWKAFhXW1h2Hy8PKfe18ALos9shpS42vKiNpt4u8Cu4VLR3GfYry1jgepjm2fEnXv6CoWEfheF2F,34.434
0.5,priced,-0.2778666226579175,45879431255.0,40194969887.0,Pavel,J9wFUhWqVdiUBZWGzsR4TEhD1thuY5wcVKkJQJ1Qpump,5E7M4U6uoF3mJWKAFhXW1h2Hy8PKfe18ALos9shpS42vKiNpt4u8Cu4VLR3GfYry1jgepjm2fEnXv6CoWEfheF2F,34.434
1.0,priced,-0.2778666226579175,45879431255.0,40194969887.0,Pavel,J9wFUhWqVdiUBZWGzsR4TEhD1thuY5wcVKkJQJ1Qpump,5E7M4U6uoF3mJWKAFhXW1h2Hy8PKfe18ALos9shpS42vKiNpt4u8Cu4VLR3GfYry1jgepjm2fEnXv6CoWEfheF2F,34.434
2.0,priced,-0.27940890589071904,45928320143.0,40194969887.0,Pavel,J9wFUhWqVdiUBZWGzsR4TEhD1thuY5wcVKkJQJ1Qpump,5E7M4U6uoF3mJWKAFhXW1h2Hy8PKfe18ALos9shpS42vKiNpt4u8Cu4VLR3GfYry1jgepjm2fEnXv6CoWEfheF2F,34.434
3.0,priced,-0.27940890589071904,45928320143.0,40194969887.0,Pavel,J9wFUhWqVdiUBZWGzsR4TEhD1thuY5wcVKkJQJ1Qpump,5E7M4U6uoF3mJWKAFhXW1h2Hy8PKfe18ALos9shpS42vKiNpt4u8Cu4VLR3GfYry1jgepjm2fEnXv6CoWEfheF2F,34.434
5.0,priced,-0.18231573443189086,45928320143.0,42795858776.0,Pavel,J9wFUhWqVdiUBZWGzsR4TEhD1thuY5wcVKkJQJ1Qpump,5E7M4U6uoF3mJWKAFhXW1h2Hy8PKfe18ALos9shpS42vKiNpt4u8Cu4VLR3GfYry1jgepjm2fEnXv6CoWEfheF2F,34.434
10.0,priced,-0.0943059550533191,45928233174.0,45024611606.0,Pavel,J9wFUhWqVdiUBZWGzsR4TEhD1thuY5wcVKkJQJ1Qpump,5E7M4U6uoF3mJWKAFhXW1h2Hy8PKfe18ALos9shpS42vKiNpt4u8Cu4VLR3GfYry1jgepjm2fEnXv6CoWEfheF2F,34.434
0.0,priced,-0.18251561569174446,37472011089.0,34952352880.0,Pavel,9BAAXfXCPQLvqwjmN752evXsbBwr5DQ1ervWWxb2CgQZ,zZAGJHyG3bvfwuYynBN5Uuk2aMx7dwSVgGBFKZiGHzyMwioRt3agxJcooBLby8VzC5ShvT9RNnFKZmsTF6FKVbQ,36.105
0.5,priced,-0.18251561569174446,37472011089.0,34952352880.0,Pavel,9BAAXfXCPQLvqwjmN752evXsbBwr5DQ1ervWWxb2CgQZ,zZAGJHyG3bvfwuYynBN5Uuk2aMx7dwSVgGBFKZiGHzyMwioRt3agxJcooBLby8VzC5ShvT9RNnFKZmsTF6FKVbQ,36.105
1.0,priced,-0.22074308666067385,38379339624.0,34952352880.0,Pavel,9BAAXfXCPQLvqwjmN752evXsbBwr5DQ1ervWWxb2CgQZ,zZAGJHyG3bvfwuYynBN5Uuk2aMx7dwSVgGBFKZiGHzyMwioRt3agxJcooBLby8VzC5ShvT9RNnFKZmsTF6FKVbQ,36.105
2.0,priced,-0.23247011187647035,38671013569.0,34952352880.0,Pavel,9BAAXfXCPQLvqwjmN752evXsbBwr5DQ1ervWWxb2CgQZ,zZAGJHyG3bvfwuYynBN5Uuk2aMx7dwSVgGBFKZiGHzyMwioRt3agxJcooBLby8VzC5ShvT9RNnFKZmsTF6FKVbQ,36.105
3.0,priced,-0.23247011187647035,38671013569.0,34952352880.0,Pavel,9BAAXfXCPQLvqwjmN752evXsbBwr5DQ1ervWWxb2CgQZ,zZAGJHyG3bvfwuYynBN5Uuk2aMx7dwSVgGBFKZiGHzyMwioRt3agxJcooBLby8VzC5ShvT9RNnFKZmsTF6FKVbQ,36.105
5.0,priced,-0.2345901349761536,38724448153.0,34952352880.0,Pavel,9BAAXfXCPQLvqwjmN752evXsbBwr5DQ1ervWWxb2CgQZ,zZAGJHyG3bvfwuYynBN5Uuk2aMx7dwSVgGBFKZiGHzyMwioRt3agxJcooBLby8VzC5ShvT9RNnFKZmsTF6FKVbQ,36.105
10.0,priced,-0.2711336044227301,39712102471.0,34979248269.0,Pavel,9BAAXfXCPQLvqwjmN752evXsbBwr5DQ1ervWWxb2CgQZ,zZAGJHyG3bvfwuYynBN5Uuk2aMx7dwSVgGBFKZiGHzyMwioRt3agxJcooBLby8VzC5ShvT9RNnFKZmsTF6FKVbQ,36.105
0.0,priced,-0.06929224216890442,42125766947.0,41879841028.0,Pavel,36o29RLN6CC2YvBSDXdsQJCknfwqRrjeinyCpKxbpump,3NaXFCT9yEo4tGsa3dDjw8JKnG1sXxmZcdpD8xnjxo5m6pj9kjQhQ7vY2woJKgopjrYCzXMFG18TtM4tb2xex64P,23.965
0.5,priced,-0.06929224216890442,42125766947.0,41879841028.0,Pavel,36o29RLN6CC2YvBSDXdsQJCknfwqRrjeinyCpKxbpump,3NaXFCT9yEo4tGsa3dDjw8JKnG1sXxmZcdpD8xnjxo5m6pj9kjQhQ7vY2woJKgopjrYCzXMFG18TtM4tb2xex64P,23.965
1.0,priced,-0.06929224216890442,42125766947.0,41879841028.0,Pavel,36o29RLN6CC2YvBSDXdsQJCknfwqRrjeinyCpKxbpump,3NaXFCT9yEo4tGsa3dDjw8JKnG1sXxmZcdpD8xnjxo5m6pj9kjQhQ7vY2woJKgopjrYCzXMFG18TtM4tb2xex64P,23.965
2.0,priced,-0.06929224216890442,42125766947.0,41879841028.0,Pavel,36o29RLN6CC2YvBSDXdsQJCknfwqRrjeinyCpKxbpump,3NaXFCT9yEo4tGsa3dDjw8JKnG1sXxmZcdpD8xnjxo5m6pj9kjQhQ7vY2woJKgopjrYCzXMFG18TtM4tb2xex64P,23.965
3.0,priced,-0.06929224216890442,42125766947.0,41879841028.0,Pavel,36o29RLN6CC2YvBSDXdsQJCknfwqRrjeinyCpKxbpump,3NaXFCT9yEo4tGsa3dDjw8JKnG1sXxmZcdpD8xnjxo5m6pj9kjQhQ7vY2woJKgopjrYCzXMFG18TtM4tb2xex64P,23.965
5.0,priced,-0.06929224216890442,42125766947.0,41879841028.0,Pavel,36o29RLN6CC2YvBSDXdsQJCknfwqRrjeinyCpKxbpump,3NaXFCT9yEo4tGsa3dDjw8JKnG1sXxmZcdpD8xnjxo5m6pj9kjQhQ7vY2woJKgopjrYCzXMFG18TtM4tb2xex64P,23.965
10.0,priced,-0.06929224216890442,42125766947.0,41879841028.0,Pavel,36o29RLN6CC2YvBSDXdsQJCknfwqRrjeinyCpKxbpump,3NaXFCT9yEo4tGsa3dDjw8JKnG1sXxmZcdpD8xnjxo5m6pj9kjQhQ7vY2woJKgopjrYCzXMFG18TtM4tb2xex64P,23.965
0.0,priced,-0.2356186628667313,34345929223.0,31003216141.0,Pavel,98MFfJzwaq8N7T55N8YA7ehoUk3GddxTE6sdQf5S2qzg,5kL6oRmK4dhrPD6N466KqQNzLFJGFsT8XLN7ASXuCq2j2PZZvu9qaGYhBdghXaeZLPCCnK1yqXvWi1KJrhVRgA6G,23.972
0.5,priced,-0.2356186628667313,34345929223.0,31003216141.0,Pavel,98MFfJzwaq8N7T55N8YA7ehoUk3GddxTE6sdQf5S2qzg,5kL6oRmK4dhrPD6N466KqQNzLFJGFsT8XLN7ASXuCq2j2PZZvu9qaGYhBdghXaeZLPCCnK1yqXvWi1KJrhVRgA6G,23.972
1.0,priced,-0.2356186628667313,34345929223.0,31003216141.0,Pavel,98MFfJzwaq8N7T55N8YA7ehoUk3GddxTE6sdQf5S2qzg,5kL6oRmK4dhrPD6N466KqQNzLFJGFsT8XLN7ASXuCq2j2PZZvu9qaGYhBdghXaeZLPCCnK1yqXvWi1KJrhVRgA6G,23.972
2.0,priced,-0.2356186628667313,34345929223.0,31003216141.0,Pavel,98MFfJzwaq8N7T55N8YA7ehoUk3GddxTE6sdQf5S2qzg,5kL6oRmK4dhrPD6N466KqQNzLFJGFsT8XLN7ASXuCq2j2PZZvu9qaGYhBdghXaeZLPCCnK1yqXvWi1KJrhVRgA6G,23.972
3.0,priced,-0.2356186628667313,34345929223.0,31003216141.0,Pavel,98MFfJzwaq8N7T55N8YA7ehoUk3GddxTE6sdQf5S2qzg,5kL6oRmK4dhrPD6N466KqQNzLFJGFsT8XLN7ASXuCq2j2PZZvu9qaGYhBdghXaeZLPCCnK1yqXvWi1KJrhVRgA6G,23.972
5.0,priced,-0.2358895352680564,34345929223.0,30997761957.0,Pavel,98MFfJzwaq8N7T55N8YA7ehoUk3GddxTE6sdQf5S2qzg,5kL6oRmK4dhrPD6N466KqQNzLFJGFsT8XLN7ASXuCq2j2PZZvu9qaGYhBdghXaeZLPCCnK1yqXvWi1KJrhVRgA6G,23.972
10.0,priced,-0.2522452020193955,34719262557.0,30997761957.0,Pavel,98MFfJzwaq8N7T55N8YA7ehoUk3GddxTE6sdQf5S2qzg,5kL6oRmK4dhrPD6N466KqQNzLFJGFsT8XLN7ASXuCq2j2PZZvu9qaGYhBdghXaeZLPCCnK1yqXvWi1KJrhVRgA6G,23.972
0.0,priced,0.8868234145343432,50216458593.0,70934834504.0,Pikalosi,5izqPHf4DkwDbygR51RRhoJBuWnyvzaA8uGkT3k2b1om,238KBLqGE8kY6j4uhdPnPbcMbibKCW63748sAKfpLm7i16ZQfB2545arUQHgh6hrboRRxDjCHGJzUFMkCAsp4QwZ,159.498
0.5,priced,0.7879153198971729,51593314595.0,70934834504.0,Pikalosi,5izqPHf4DkwDbygR51RRhoJBuWnyvzaA8uGkT3k2b1om,238KBLqGE8kY6j4uhdPnPbcMbibKCW63748sAKfpLm7i16ZQfB2545arUQHgh6hrboRRxDjCHGJzUFMkCAsp4QwZ,159.498
1.0,priced,0.8285150855626452,51014724960.0,70934834504.0,Pikalosi,5izqPHf4DkwDbygR51RRhoJBuWnyvzaA8uGkT3k2b1om,238KBLqGE8kY6j4uhdPnPbcMbibKCW63748sAKfpLm7i16ZQfB2545arUQHgh6hrboRRxDjCHGJzUFMkCAsp4QwZ,159.498
2.0,priced,0.9698401763081016,49141283611.0,70934834504.0,Pikalosi,5izqPHf4DkwDbygR51RRhoJBuWnyvzaA8uGkT3k2b1om,238KBLqGE8kY6j4uhdPnPbcMbibKCW63748sAKfpLm7i16ZQfB2545arUQHgh6hrboRRxDjCHGJzUFMkCAsp4QwZ,159.498
3.0,priced,0.9684727561331775,49115698459.0,70873525611.0,Pikalosi,5izqPHf4DkwDbygR51RRhoJBuWnyvzaA8uGkT3k2b1om,238KBLqGE8kY6j4uhdPnPbcMbibKCW63748sAKfpLm7i16ZQfB2545arUQHgh6hrboRRxDjCHGJzUFMkCAsp4QwZ,159.498
5.0,priced,0.9686885585108337,49112991383.0,70873525611.0,Pikalosi,5izqPHf4DkwDbygR51RRhoJBuWnyvzaA8uGkT3k2b1om,238KBLqGE8kY6j4uhdPnPbcMbibKCW63748sAKfpLm7i16ZQfB2545arUQHgh6hrboRRxDjCHGJzUFMkCAsp4QwZ,159.498
10.0,priced,0.9659819414228148,49152502413.0,70881447161.0,Pikalosi,5izqPHf4DkwDbygR51RRhoJBuWnyvzaA8uGkT3k2b1om,238KBLqGE8kY6j4uhdPnPbcMbibKCW63748sAKfpLm7i16ZQfB2545arUQHgh6hrboRRxDjCHGJzUFMkCAsp4QwZ,159.498
0.0,priced,-0.26693273335100376,37661980121.0,33278571332.0,Pavel,71kqVf1xJZGZjwuFxHrBLsNQHayJ3EwSe47sY1oXpump,56oHDSkMNDWHeEw4bWnhpDbkgjZfYKBC2DQ6ntiXuCFwEDPx1RJJoiShaTmxGHZ6w7zZvrU1YzUfHtvc7srU2hif,30.045
0.5,priced,-0.26693273335100376,37661980121.0,33278571332.0,Pavel,71kqVf1xJZGZjwuFxHrBLsNQHayJ3EwSe47sY1oXpump,56oHDSkMNDWHeEw4bWnhpDbkgjZfYKBC2DQ6ntiXuCFwEDPx1RJJoiShaTmxGHZ6w7zZvrU1YzUfHtvc7srU2hif,30.045
1.0,priced,-0.2648623812154175,37609009739.0,33278571332.0,Pavel,71kqVf1xJZGZjwuFxHrBLsNQHayJ3EwSe47sY1oXpump,56oHDSkMNDWHeEw4bWnhpDbkgjZfYKBC2DQ6ntiXuCFwEDPx1RJJoiShaTmxGHZ6w7zZvrU1YzUfHtvc7srU2hif,30.045
2.0,priced,-0.2648623812154175,37609009739.0,33278571332.0,Pavel,71kqVf1xJZGZjwuFxHrBLsNQHayJ3EwSe47sY1oXpump,56oHDSkMNDWHeEw4bWnhpDbkgjZfYKBC2DQ6ntiXuCFwEDPx1RJJoiShaTmxGHZ6w7zZvrU1YzUfHtvc7srU2hif,30.045
3.0,priced,-0.2648623812154175,37609009739.0,33278571332.0,Pavel,71kqVf1xJZGZjwuFxHrBLsNQHayJ3EwSe47sY1oXpump,56oHDSkMNDWHeEw4bWnhpDbkgjZfYKBC2DQ6ntiXuCFwEDPx1RJJoiShaTmxGHZ6w7zZvrU1YzUfHtvc7srU2hif,30.045
5.0,priced,-0.2648623812154175,37609009739.0,33278571332.0,Pavel,71kqVf1xJZGZjwuFxHrBLsNQHayJ3EwSe47sY1oXpump,56oHDSkMNDWHeEw4bWnhpDbkgjZfYKBC2DQ6ntiXuCFwEDPx1RJJoiShaTmxGHZ6w7zZvrU1YzUfHtvc7srU2hif,30.045
10.0,priced,-0.26018949758554233,37490261109.0,33278571332.0,Pavel,71kqVf1xJZGZjwuFxHrBLsNQHayJ3EwSe47sY1oXpump,56oHDSkMNDWHeEw4bWnhpDbkgjZfYKBC2DQ6ntiXuCFwEDPx1RJJoiShaTmxGHZ6w7zZvrU1YzUfHtvc7srU2hif,30.045
0.0,priced,-0.043620163554326775,41714423500.0,42038190530.0,Pavel,9KPveamFX3FTQMGVACFZN7Zxwg9f63HHxHBcJj9X3Cug,5r2L75iDSMXD3SekTETPemW5gpBmjz5kS372FUeL8tabMbQ4R29SwK7r3xXcj3Uw73D6EthGKcH8Z3MfFYCcVKi2,15.91
0.5,priced,-0.043620163554326775,41714423500.0,42038190530.0,Pavel,9KPveamFX3FTQMGVACFZN7Zxwg9f63HHxHBcJj9X3Cug,5r2L75iDSMXD3SekTETPemW5gpBmjz5kS372FUeL8tabMbQ4R29SwK7r3xXcj3Uw73D6EthGKcH8Z3MfFYCcVKi2,15.91
1.0,priced,-0.043620163554326775,41714423500.0,42038190530.0,Pavel,9KPveamFX3FTQMGVACFZN7Zxwg9f63HHxHBcJj9X3Cug,5r2L75iDSMXD3SekTETPemW5gpBmjz5kS372FUeL8tabMbQ4R29SwK7r3xXcj3Uw73D6EthGKcH8Z3MfFYCcVKi2,15.91
2.0,priced,-0.043620163554326775,41714423500.0,42038190530.0,Pavel,9KPveamFX3FTQMGVACFZN7Zxwg9f63HHxHBcJj9X3Cug,5r2L75iDSMXD3SekTETPemW5gpBmjz5kS372FUeL8tabMbQ4R29SwK7r3xXcj3Uw73D6EthGKcH8Z3MfFYCcVKi2,15.91
3.0,priced,-0.04362464493871951,41714521278.0,42038190530.0,Pavel,9KPveamFX3FTQMGVACFZN7Zxwg9f63HHxHBcJj9X3Cug,5r2L75iDSMXD3SekTETPemW5gpBmjz5kS372FUeL8tabMbQ4R29SwK7r3xXcj3Uw73D6EthGKcH8Z3MfFYCcVKi2,15.91
5.0,priced,-0.04362464493871951,41714521278.0,42038190530.0,Pavel,9KPveamFX3FTQMGVACFZN7Zxwg9f63HHxHBcJj9X3Cug,5r2L75iDSMXD3SekTETPemW5gpBmjz5kS372FUeL8tabMbQ4R29SwK7r3xXcj3Uw73D6EthGKcH8Z3MfFYCcVKi2,15.91
10.0,priced,-0.06564767161679506,42203410166.0,42038190530.0,Pavel,9KPveamFX3FTQMGVACFZN7Zxwg9f63HHxHBcJj9X3Cug,5r2L75iDSMXD3SekTETPemW5gpBmjz5kS372FUeL8tabMbQ4R29SwK7r3xXcj3Uw73D6EthGKcH8Z3MfFYCcVKi2,15.91
0.0,priced,-0.03601979204653323,38358485532.0,38828571785.0,Pavel,898CbqQsNWepHjomQUPK1sd3Kc62r6NVcmEqhJY5pump,5ezHmciiHTQyJbzdWo8io9eZtdyq1uFNeBLyZVAg5ufFPMVnJhuWGyTbmTgjH3bceLhnqqinYygvKMtofTFN6DqS,46.212
0.5,priced,-0.03601979204653323,38358485532.0,38828571785.0,Pavel,898CbqQsNWepHjomQUPK1sd3Kc62r6NVcmEqhJY5pump,5ezHmciiHTQyJbzdWo8io9eZtdyq1uFNeBLyZVAg5ufFPMVnJhuWGyTbmTgjH3bceLhnqqinYygvKMtofTFN6DqS,46.212
1.0,priced,-0.03601979204653323,38358485532.0,38828571785.0,Pavel,898CbqQsNWepHjomQUPK1sd3Kc62r6NVcmEqhJY5pump,5ezHmciiHTQyJbzdWo8io9eZtdyq1uFNeBLyZVAg5ufFPMVnJhuWGyTbmTgjH3bceLhnqqinYygvKMtofTFN6DqS,46.212
2.0,priced,-0.03601979204653323,38358485532.0,38828571785.0,Pavel,898CbqQsNWepHjomQUPK1sd3Kc62r6NVcmEqhJY5pump,5ezHmciiHTQyJbzdWo8io9eZtdyq1uFNeBLyZVAg5ufFPMVnJhuWGyTbmTgjH3bceLhnqqinYygvKMtofTFN6DqS,46.212
3.0,priced,-0.06010367377833557,38847374420.0,38828571785.0,Pavel,898CbqQsNWepHjomQUPK1sd3Kc62r6NVcmEqhJY5pump,5ezHmciiHTQyJbzdWo8io9eZtdyq1uFNeBLyZVAg5ufFPMVnJhuWGyTbmTgjH3bceLhnqqinYygvKMtofTFN6DqS,46.212
5.0,priced,-0.020642944603019478,38055724840.0,38828571785.0,Pavel,898CbqQsNWepHjomQUPK1sd3Kc62r6NVcmEqhJY5pump,5ezHmciiHTQyJbzdWo8io9eZtdyq1uFNeBLyZVAg5ufFPMVnJhuWGyTbmTgjH3bceLhnqqinYygvKMtofTFN6DqS,46.212
10.0,priced,-0.0806793868170545,39280016976.0,38828571785.0,Pavel,898CbqQsNWepHjomQUPK1sd3Kc62r6NVcmEqhJY5pump,5ezHmciiHTQyJbzdWo8io9eZtdyq1uFNeBLyZVAg5ufFPMVnJhuWGyTbmTgjH3bceLhnqqinYygvKMtofTFN6DqS,46.212
0.0,priced,-0.1411337547686633,38910473756.0,37186757199.0,Pavel,56AN2hmTynhvWeWMxUoRPt8t8q3WvQiaJ84RdQJxKPpF,46LbGd3fHrteHJBkyjz89fqhPGt3iCys5AeZLo9cyDA7B54BqSw8SvPqnB3TPi4TbzzCMEBxwBx86CxGi8HUzZMo,23.988
0.5,priced,-0.1411337547686633,38910473756.0,37186757199.0,Pavel,56AN2hmTynhvWeWMxUoRPt8t8q3WvQiaJ84RdQJxKPpF,46LbGd3fHrteHJBkyjz89fqhPGt3iCys5AeZLo9cyDA7B54BqSw8SvPqnB3TPi4TbzzCMEBxwBx86CxGi8HUzZMo,23.988
1.0,priced,-0.1411337547686633,38910473756.0,37186757199.0,Pavel,56AN2hmTynhvWeWMxUoRPt8t8q3WvQiaJ84RdQJxKPpF,46LbGd3fHrteHJBkyjz89fqhPGt3iCys5AeZLo9cyDA7B54BqSw8SvPqnB3TPi4TbzzCMEBxwBx86CxGi8HUzZMo,23.988
2.0,priced,-0.14650520866304995,39032695376.0,37186757199.0,Pavel,56AN2hmTynhvWeWMxUoRPt8t8q3WvQiaJ84RdQJxKPpF,46LbGd3fHrteHJBkyjz89fqhPGt3iCys5AeZLo9cyDA7B54BqSw8SvPqnB3TPi4TbzzCMEBxwBx86CxGi8HUzZMo,23.988
3.0,priced,-0.24385668983100714,41477139821.0,37196633741.0,Pavel,56AN2hmTynhvWeWMxUoRPt8t8q3WvQiaJ84RdQJxKPpF,46LbGd3fHrteHJBkyjz89fqhPGt3iCys5AeZLo9cyDA7B54BqSw8SvPqnB3TPi4TbzzCMEBxwBx86CxGi8HUzZMo,23.988
5.0,priced,-0.24385668983100714,41477139821.0,37196633741.0,Pavel,56AN2hmTynhvWeWMxUoRPt8t8q3WvQiaJ84RdQJxKPpF,46LbGd3fHrteHJBkyjz89fqhPGt3iCys5AeZLo9cyDA7B54BqSw8SvPqnB3TPi4TbzzCMEBxwBx86CxGi8HUzZMo,23.988
10.0,priced,-0.25457124200818476,41773436117.0,37196633741.0,Pavel,56AN2hmTynhvWeWMxUoRPt8t8q3WvQiaJ84RdQJxKPpF,46LbGd3fHrteHJBkyjz89fqhPGt3iCys5AeZLo9cyDA7B54BqSw8SvPqnB3TPi4TbzzCMEBxwBx86CxGi8HUzZMo,23.988
0.0,priced,-0.19035231107758235,42589654029.0,39506617924.0,Pavel,9fe77n2m5GyaR7R96KFt5AYj9uE1woMrjtVKkpBRpump,5wEFuciyS97YrrxjDnd39pE7M34oWnWyWXzEnkNuC4HNTdZKeSd3NxHJkygiYyj7iruDAPqmger1VCPMYFiiaFpM,88.643
0.5,priced,-0.1812255655398407,42351993933.0,39506617924.0,Pavel,9fe77n2m5GyaR7R96KFt5AYj9uE1woMrjtVKkpBRpump,5wEFuciyS97YrrxjDnd39pE7M34oWnWyWXzEnkNuC4HNTdZKeSd3NxHJkygiYyj7iruDAPqmger1VCPMYFiiaFpM,88.643
1.0,priced,-0.18675898844497502,42496058542.0,39507030644.0,Pavel,9fe77n2m5GyaR7R96KFt5AYj9uE1woMrjtVKkpBRpump,5wEFuciyS97YrrxjDnd39pE7M34oWnWyWXzEnkNuC4HNTdZKeSd3NxHJkygiYyj7iruDAPqmger1VCPMYFiiaFpM,88.643
2.0,priced,-0.1910514776222534,42608471646.0,39507030644.0,Pavel,9fe77n2m5GyaR7R96KFt5AYj9uE1woMrjtVKkpBRpump,5wEFuciyS97YrrxjDnd39pE7M34oWnWyWXzEnkNuC4HNTdZKeSd3NxHJkygiYyj7iruDAPqmger1VCPMYFiiaFpM,88.643
3.0,priced,-0.19988172036108948,42842525970.0,39507030644.0,Pavel,9fe77n2m5GyaR7R96KFt5AYj9uE1woMrjtVKkpBRpump,5wEFuciyS97YrrxjDnd39pE7M34oWnWyWXzEnkNuC4HNTdZKeSd3NxHJkygiYyj7iruDAPqmger1VCPMYFiiaFpM,88.643
5.0,priced,-0.19988172036108948,42842525970.0,39507030644.0,Pavel,9fe77n2m5GyaR7R96KFt5AYj9uE1woMrjtVKkpBRpump,5wEFuciyS97YrrxjDnd39pE7M34oWnWyWXzEnkNuC4HNTdZKeSd3NxHJkygiYyj7iruDAPqmger1VCPMYFiiaFpM,88.643
10.0,priced,-0.03081468539346433,40984538399.0,41581104716.0,Pavel,9fe77n2m5GyaR7R96KFt5AYj9uE1woMrjtVKkpBRpump,5wEFuciyS97YrrxjDnd39pE7M34oWnWyWXzEnkNuC4HNTdZKeSd3NxHJkygiYyj7iruDAPqmger1VCPMYFiiaFpM,88.643
0.0,priced,-0.0017633763858487606,33536843654.0,34574721090.0,Pavel,8kGA5ZuCVLAd8Fhb7X2LB3MSLvFLPNDxgp8Kp1NpWyxb,4EpVCidygz6H5ZCAZChGYEuMNcNUhatwopStuqWixBURbT4SNPGMemcqFNFTZeAeu4XPmrQ6a65FyF8YBbhQCkB9,11.846
0.5,priced,-0.0017633763858487606,33536843654.0,34574721090.0,Pavel,8kGA5ZuCVLAd8Fhb7X2LB3MSLvFLPNDxgp8Kp1NpWyxb,4EpVCidygz6H5ZCAZChGYEuMNcNUhatwopStuqWixBURbT4SNPGMemcqFNFTZeAeu4XPmrQ6a65FyF8YBbhQCkB9,11.846
1.0,priced,-0.019228487539104583,33536843654.0,34272240234.0,Pavel,8kGA5ZuCVLAd8Fhb7X2LB3MSLvFLPNDxgp8Kp1NpWyxb,4EpVCidygz6H5ZCAZChGYEuMNcNUhatwopStuqWixBURbT4SNPGMemcqFNFTZeAeu4XPmrQ6a65FyF8YBbhQCkB9,11.846
2.0,priced,-0.046863808215773343,34030670813.0,34282067393.0,Pavel,8kGA5ZuCVLAd8Fhb7X2LB3MSLvFLPNDxgp8Kp1NpWyxb,4EpVCidygz6H5ZCAZChGYEuMNcNUhatwopStuqWixBURbT4SNPGMemcqFNFTZeAeu4XPmrQ6a65FyF8YBbhQCkB9,11.846
3.0,priced,-0.045594186681025384,34007973539.0,34282067393.0,Pavel,8kGA5ZuCVLAd8Fhb7X2LB3MSLvFLPNDxgp8Kp1NpWyxb,4EpVCidygz6H5ZCAZChGYEuMNcNUhatwopStuqWixBURbT4SNPGMemcqFNFTZeAeu4XPmrQ6a65FyF8YBbhQCkB9,11.846
5.0,priced,-0.04700275212593782,34007973539.0,34256880677.0,Pavel,8kGA5ZuCVLAd8Fhb7X2LB3MSLvFLPNDxgp8Kp1NpWyxb,4EpVCidygz6H5ZCAZChGYEuMNcNUhatwopStuqWixBURbT4SNPGMemcqFNFTZeAeu4XPmrQ6a65FyF8YBbhQCkB9,11.846
10.0,priced,-0.03131749172293759,33730812784.0,34256880677.0,Pavel,8kGA5ZuCVLAd8Fhb7X2LB3MSLvFLPNDxgp8Kp1NpWyxb,4EpVCidygz6H5ZCAZChGYEuMNcNUhatwopStuqWixBURbT4SNPGMemcqFNFTZeAeu4XPmrQ6a65FyF8YBbhQCkB9,11.846
0.0,priced,0.5945534017328119,50840523114.0,66023174342.0,Pavel,Gq9ei3ZfhbSXPkRutqz7f8qpqAJC3rY3BNy1zbKapump,5T7KU2uUHiHD9nMGBxNX6UeswgFGsawDVat3arGuLxbG8w7B4KACRrLf1nxhFp1jgodryvVDK7RM8rBbZeiZmoHn,84.626
0.5,priced,0.5945534017328119,50840523114.0,66023174342.0,Pavel,Gq9ei3ZfhbSXPkRutqz7f8qpqAJC3rY3BNy1zbKapump,5T7KU2uUHiHD9nMGBxNX6UeswgFGsawDVat3arGuLxbG8w7B4KACRrLf1nxhFp1jgodryvVDK7RM8rBbZeiZmoHn,84.626
1.0,priced,0.5945534017328119,50840523114.0,66023174342.0,Pavel,Gq9ei3ZfhbSXPkRutqz7f8qpqAJC3rY3BNy1zbKapump,5T7KU2uUHiHD9nMGBxNX6UeswgFGsawDVat3arGuLxbG8w7B4KACRrLf1nxhFp1jgodryvVDK7RM8rBbZeiZmoHn,84.626
2.0,priced,0.5518429167940271,51537812877.0,66023174342.0,Pavel,Gq9ei3ZfhbSXPkRutqz7f8qpqAJC3rY3BNy1zbKapump,5T7KU2uUHiHD9nMGBxNX6UeswgFGsawDVat3arGuLxbG8w7B4KACRrLf1nxhFp1jgodryvVDK7RM8rBbZeiZmoHn,84.626
3.0,priced,0.5518429167940271,51537812877.0,66023174342.0,Pavel,Gq9ei3ZfhbSXPkRutqz7f8qpqAJC3rY3BNy1zbKapump,5T7KU2uUHiHD9nMGBxNX6UeswgFGsawDVat3arGuLxbG8w7B4KACRrLf1nxhFp1jgodryvVDK7RM8rBbZeiZmoHn,84.626
5.0,priced,0.5467407599062841,51623022414.0,66023174342.0,Pavel,Gq9ei3ZfhbSXPkRutqz7f8qpqAJC3rY3BNy1zbKapump,5T7KU2uUHiHD9nMGBxNX6UeswgFGsawDVat3arGuLxbG8w7B4KACRrLf1nxhFp1jgodryvVDK7RM8rBbZeiZmoHn,84.626
10.0,priced,0.48360197315589715,52459958223.0,65707475905.0,Pavel,Gq9ei3ZfhbSXPkRutqz7f8qpqAJC3rY3BNy1zbKapump,5T7KU2uUHiHD9nMGBxNX6UeswgFGsawDVat3arGuLxbG8w7B4KACRrLf1nxhFp1jgodryvVDK7RM8rBbZeiZmoHn,84.626
0.0,priced,-0.05980335417992282,32122618982.0,32154182768.0,Pavel,DYCDGyNvhvWCnmDJRn6uW4exou4sixUw5tAcvRHwcK2M,5iuh1rieajeYAeYT8iBAU5uAjk3SDR5gbRo3oRzZ4CzdZYEb5yqv3wKaswucHTQSoQBFrodZqwp2KpR9QzP8XVig,23.978
0.5,priced,-0.05980335417992282,32122618982.0,32154182768.0,Pavel,DYCDGyNvhvWCnmDJRn6uW4exou4sixUw5tAcvRHwcK2M,5iuh1rieajeYAeYT8iBAU5uAjk3SDR5gbRo3oRzZ4CzdZYEb5yqv3wKaswucHTQSoQBFrodZqwp2KpR9QzP8XVig,23.978
1.0,priced,-0.05980335417992282,32122618982.0,32154182768.0,Pavel,DYCDGyNvhvWCnmDJRn6uW4exou4sixUw5tAcvRHwcK2M,5iuh1rieajeYAeYT8iBAU5uAjk3SDR5gbRo3oRzZ4CzdZYEb5yqv3wKaswucHTQSoQBFrodZqwp2KpR9QzP8XVig,23.978
2.0,priced,-0.05980335417992282,32122618982.0,32154182768.0,Pavel,DYCDGyNvhvWCnmDJRn6uW4exou4sixUw5tAcvRHwcK2M,5iuh1rieajeYAeYT8iBAU5uAjk3SDR5gbRo3oRzZ4CzdZYEb5yqv3wKaswucHTQSoQBFrodZqwp2KpR9QzP8XVig,23.978
3.0,priced,-0.019949987902234196,32122618982.0,32825536800.0,Pavel,DYCDGyNvhvWCnmDJRn6uW4exou4sixUw5tAcvRHwcK2M,5iuh1rieajeYAeYT8iBAU5uAjk3SDR5gbRo3oRzZ4CzdZYEb5yqv3wKaswucHTQSoQBFrodZqwp2KpR9QzP8XVig,23.978
5.0,priced,-0.02281713658435583,32122618982.0,32777691785.0,Pavel,DYCDGyNvhvWCnmDJRn6uW4exou4sixUw5tAcvRHwcK2M,5iuh1rieajeYAeYT8iBAU5uAjk3SDR5gbRo3oRzZ4CzdZYEb5yqv3wKaswucHTQSoQBFrodZqwp2KpR9QzP8XVig,23.978
10.0,priced,-0.02281713658435583,32122618982.0,32777691785.0,Pavel,DYCDGyNvhvWCnmDJRn6uW4exou4sixUw5tAcvRHwcK2M,5iuh1rieajeYAeYT8iBAU5uAjk3SDR5gbRo3oRzZ4CzdZYEb5yqv3wKaswucHTQSoQBFrodZqwp2KpR9QzP8XVig,23.978
0.0,priced,-0.30873869016651645,34938271603.0,30000000001.0,West,8wVdPFN1eremzKgBwF8AkJGsiFbNQw5v3ngwfef4pump,2h8QfNEc3Xo4ty4Y69NDUrosCAFDRndVFA6wdqwHDWoGyT2oBGXSez4MakSd7r2hvp1jEpcmc46muEUiaqmDA2Wr,3.758
0.5,priced,-0.29890729049154485,34938271603.0,30210790362.0,West,8wVdPFN1eremzKgBwF8AkJGsiFbNQw5v3ngwfef4pump,2h8QfNEc3Xo4ty4Y69NDUrosCAFDRndVFA6wdqwHDWoGyT2oBGXSez4MakSd7r2hvp1jEpcmc46muEUiaqmDA2Wr,3.758
1.0,priced,-0.29890729049154485,34938271603.0,30210790362.0,West,8wVdPFN1eremzKgBwF8AkJGsiFbNQw5v3ngwfef4pump,2h8QfNEc3Xo4ty4Y69NDUrosCAFDRndVFA6wdqwHDWoGyT2oBGXSez4MakSd7r2hvp1jEpcmc46muEUiaqmDA2Wr,3.758
2.0,priced,-0.29890729049154485,34938271603.0,30210790362.0,West,8wVdPFN1eremzKgBwF8AkJGsiFbNQw5v3ngwfef4pump,2h8QfNEc3Xo4ty4Y69NDUrosCAFDRndVFA6wdqwHDWoGyT2oBGXSez4MakSd7r2hvp1jEpcmc46muEUiaqmDA2Wr,3.758
3.0,priced,-0.2874208193812146,34938271603.0,30455234806.0,West,8wVdPFN1eremzKgBwF8AkJGsiFbNQw5v3ngwfef4pump,2h8QfNEc3Xo4ty4Y69NDUrosCAFDRndVFA6wdqwHDWoGyT2oBGXSez4MakSd7r2hvp1jEpcmc46muEUiaqmDA2Wr,3.758
5.0,missed: wallet sold before our entry landed,,,,West,8wVdPFN1eremzKgBwF8AkJGsiFbNQw5v3ngwfef4pump,2h8QfNEc3Xo4ty4Y69NDUrosCAFDRndVFA6wdqwHDWoGyT2oBGXSez4MakSd7r2hvp1jEpcmc46muEUiaqmDA2Wr,3.758
10.0,missed: wallet sold before our entry landed,,,,West,8wVdPFN1eremzKgBwF8AkJGsiFbNQw5v3ngwfef4pump,2h8QfNEc3Xo4ty4Y69NDUrosCAFDRndVFA6wdqwHDWoGyT2oBGXSez4MakSd7r2hvp1jEpcmc46muEUiaqmDA2Wr,3.758
0.0,priced,0.00859259113764584,32962962961.0,34162535539.0,West,G5djdERnu2BAU2YH56i8N7q6PvaPbbYEwJVx96egpump,57zzubyJpzKWwsWH65kykAcGcQXgkRWxevDdWiFXUffy4oXpa3mudKxpKiNxj65iFGGEyPS1ARJPUuDWnWHuRXPT,1.733
0.5,priced,-0.24318693933169772,38058155255.0,34162535539.0,West,G5djdERnu2BAU2YH56i8N7q6PvaPbbYEwJVx96egpump,57zzubyJpzKWwsWH65kykAcGcQXgkRWxevDdWiFXUffy4oXpa3mudKxpKiNxj65iFGGEyPS1ARJPUuDWnWHuRXPT,1.733
1.0,priced,-0.24318693933169772,38058155255.0,34162535539.0,West,G5djdERnu2BAU2YH56i8N7q6PvaPbbYEwJVx96egpump,57zzubyJpzKWwsWH65kykAcGcQXgkRWxevDdWiFXUffy4oXpa3mudKxpKiNxj65iFGGEyPS1ARJPUuDWnWHuRXPT,1.733
2.0,priced,-0.1231789783737384,38058155255.0,36753117759.0,West,G5djdERnu2BAU2YH56i8N7q6PvaPbbYEwJVx96egpump,57zzubyJpzKWwsWH65kykAcGcQXgkRWxevDdWiFXUffy4oXpa3mudKxpKiNxj65iFGGEyPS1ARJPUuDWnWHuRXPT,1.733
3.0,missed: wallet sold before our entry landed,,,,West,G5djdERnu2BAU2YH56i8N7q6PvaPbbYEwJVx96egpump,57zzubyJpzKWwsWH65kykAcGcQXgkRWxevDdWiFXUffy4oXpa3mudKxpKiNxj65iFGGEyPS1ARJPUuDWnWHuRXPT,1.733
5.0,missed: wallet sold before our entry landed,,,,West,G5djdERnu2BAU2YH56i8N7q6PvaPbbYEwJVx96egpump,57zzubyJpzKWwsWH65kykAcGcQXgkRWxevDdWiFXUffy4oXpa3mudKxpKiNxj65iFGGEyPS1ARJPUuDWnWHuRXPT,1.733
10.0,missed: wallet sold before our entry landed,,,,West,G5djdERnu2BAU2YH56i8N7q6PvaPbbYEwJVx96egpump,57zzubyJpzKWwsWH65kykAcGcQXgkRWxevDdWiFXUffy4oXpa3mudKxpKiNxj65iFGGEyPS1ARJPUuDWnWHuRXPT,1.733
0.0,priced,-0.4243579140610187,53606345773.0,41950696894.0,Sheep,GGT1ULnhkBgfpAmy2drcpqL49bT7GnhP9vSb8aJRpump,pwxYuZxSn7nT7doR9B3DHzXmZDwwqcfGcsW1EdAu1CU6CbJmLCRLBmkbQJjZpNK319rvPoEPLd5suvZqMpUkJJ7,24.557
0.5,priced,-0.5231665488203797,53606345773.0,38229074687.0,Sheep,GGT1ULnhkBgfpAmy2drcpqL49bT7GnhP9vSb8aJRpump,pwxYuZxSn7nT7doR9B3DHzXmZDwwqcfGcsW1EdAu1CU6CbJmLCRLBmkbQJjZpNK319rvPoEPLd5suvZqMpUkJJ7,24.557
1.0,priced,-0.5290660412411547,53922395152.0,38218541399.0,Sheep,GGT1ULnhkBgfpAmy2drcpqL49bT7GnhP9vSb8aJRpump,pwxYuZxSn7nT7doR9B3DHzXmZDwwqcfGcsW1EdAu1CU6CbJmLCRLBmkbQJjZpNK319rvPoEPLd5suvZqMpUkJJ7,24.557
2.0,priced,-0.5425168159442945,53517471664.0,37395339397.0,Sheep,GGT1ULnhkBgfpAmy2drcpqL49bT7GnhP9vSb8aJRpump,pwxYuZxSn7nT7doR9B3DHzXmZDwwqcfGcsW1EdAu1CU6CbJmLCRLBmkbQJjZpNK319rvPoEPLd5suvZqMpUkJJ7,24.557
3.0,priced,-0.5537039135044666,54129994811.0,37363721086.0,Sheep,GGT1ULnhkBgfpAmy2drcpqL49bT7GnhP9vSb8aJRpump,pwxYuZxSn7nT7doR9B3DHzXmZDwwqcfGcsW1EdAu1CU6CbJmLCRLBmkbQJjZpNK319rvPoEPLd5suvZqMpUkJJ7,24.557
5.0,priced,-0.5920068491629987,54221644267.0,35811837472.0,Sheep,GGT1ULnhkBgfpAmy2drcpqL49bT7GnhP9vSb8aJRpump,pwxYuZxSn7nT7doR9B3DHzXmZDwwqcfGcsW1EdAu1CU6CbJmLCRLBmkbQJjZpNK319rvPoEPLd5suvZqMpUkJJ7,24.557
10.0,priced,-0.5510490224180695,53497264842.0,37036552146.0,Sheep,GGT1ULnhkBgfpAmy2drcpqL49bT7GnhP9vSb8aJRpump,pwxYuZxSn7nT7doR9B3DHzXmZDwwqcfGcsW1EdAu1CU6CbJmLCRLBmkbQJjZpNK319rvPoEPLd5suvZqMpUkJJ7,24.557
0.0,priced,-0.14987319337013985,47169852863.0,44803946217.0,Pikalosi,3K2jbXp7t1o5masALFr81XbRLG6ZVvKQbRQnBSJNpump,2hDkQcRfrjj7UqrLJ7qYze9D7edv2TvBxjhgYcit6qCizkAqqegnLyyBm4ZT4nMSJnmXtr3gQ6cvkPpc2u5Knfsm,28.517
0.5,priced,-0.31492361072873176,51128488788.0,43617525704.0,Pikalosi,3K2jbXp7t1o5masALFr81XbRLG6ZVvKQbRQnBSJNpump,2hDkQcRfrjj7UqrLJ7qYze9D7edv2TvBxjhgYcit6qCizkAqqegnLyyBm4ZT4nMSJnmXtr3gQ6cvkPpc2u5Knfsm,28.517
1.0,priced,-0.3138985297268695,51090475933.0,43617525704.0,Pikalosi,3K2jbXp7t1o5masALFr81XbRLG6ZVvKQbRQnBSJNpump,2hDkQcRfrjj7UqrLJ7qYze9D7edv2TvBxjhgYcit6qCizkAqqegnLyyBm4ZT4nMSJnmXtr3gQ6cvkPpc2u5Knfsm,28.517
2.0,priced,-0.3138985297268695,51090475933.0,43617525704.0,Pikalosi,3K2jbXp7t1o5masALFr81XbRLG6ZVvKQbRQnBSJNpump,2hDkQcRfrjj7UqrLJ7qYze9D7edv2TvBxjhgYcit6qCizkAqqegnLyyBm4ZT4nMSJnmXtr3gQ6cvkPpc2u5Knfsm,28.517
3.0,priced,-0.3138985297268695,51090475933.0,43617525704.0,Pikalosi,3K2jbXp7t1o5masALFr81XbRLG6ZVvKQbRQnBSJNpump,2hDkQcRfrjj7UqrLJ7qYze9D7edv2TvBxjhgYcit6qCizkAqqegnLyyBm4ZT4nMSJnmXtr3gQ6cvkPpc2u5Knfsm,28.517
5.0,priced,-0.2974555221472248,50491995992.0,43617525704.0,Pikalosi,3K2jbXp7t1o5masALFr81XbRLG6ZVvKQbRQnBSJNpump,2hDkQcRfrjj7UqrLJ7qYze9D7edv2TvBxjhgYcit6qCizkAqqegnLyyBm4ZT4nMSJnmXtr3gQ6cvkPpc2u5Knfsm,28.517
10.0,priced,-0.30814130528930367,50907125899.0,43641928296.0,Pikalosi,3K2jbXp7t1o5masALFr81XbRLG6ZVvKQbRQnBSJNpump,2hDkQcRfrjj7UqrLJ7qYze9D7edv2TvBxjhgYcit6qCizkAqqegnLyyBm4ZT4nMSJnmXtr3gQ6cvkPpc2u5Knfsm,28.517
0.0,priced,-0.10828491232298887,55689362037.0,54123789502.0,Pikalosi,6S3y6swEV5rAP8bEtyBgpmhmToiH7FyKN3QQFWuhpump,25FQzCWe2eAdQqLt3d3w6QvLF3S2zV4NLM7ycjJ4BSLqzsDf6JN2jmqBqhuDUKZRb22sxBbqoEvt1oS9jGruUmv2,58.379
0.5,priced,-0.2160134190228839,55837510183.0,50908064350.0,Pikalosi,6S3y6swEV5rAP8bEtyBgpmhmToiH7FyKN3QQFWuhpump,25FQzCWe2eAdQqLt3d3w6QvLF3S2zV4NLM7ycjJ4BSLqzsDf6JN2jmqBqhuDUKZRb22sxBbqoEvt1oS9jGruUmv2,58.379
1.0,priced,-0.30916860412743713,55837510183.0,47814707710.0,Pikalosi,6S3y6swEV5rAP8bEtyBgpmhmToiH7FyKN3QQFWuhpump,25FQzCWe2eAdQqLt3d3w6QvLF3S2zV4NLM7ycjJ4BSLqzsDf6JN2jmqBqhuDUKZRb22sxBbqoEvt1oS9jGruUmv2,58.379
2.0,priced,-0.3167874975526569,55936275614.0,47636633815.0,Pikalosi,6S3y6swEV5rAP8bEtyBgpmhmToiH7FyKN3QQFWuhpump,25FQzCWe2eAdQqLt3d3w6QvLF3S2zV4NLM7ycjJ4BSLqzsDf6JN2jmqBqhuDUKZRb22sxBbqoEvt1oS9jGruUmv2,58.379
3.0,priced,-0.35482256075964724,55936275614.0,46305053599.0,Pikalosi,6S3y6swEV5rAP8bEtyBgpmhmToiH7FyKN3QQFWuhpump,25FQzCWe2eAdQqLt3d3w6QvLF3S2zV4NLM7ycjJ4BSLqzsDf6JN2jmqBqhuDUKZRb22sxBbqoEvt1oS9jGruUmv2,58.379
5.0,priced,-0.4824632313797803,55936275614.0,41527302098.0,Pikalosi,6S3y6swEV5rAP8bEtyBgpmhmToiH7FyKN3QQFWuhpump,25FQzCWe2eAdQqLt3d3w6QvLF3S2zV4NLM7ycjJ4BSLqzsDf6JN2jmqBqhuDUKZRb22sxBbqoEvt1oS9jGruUmv2,58.379
10.0,priced,-0.5006848085946021,55936274603.0,40799872854.0,Pikalosi,6S3y6swEV5rAP8bEtyBgpmhmToiH7FyKN3QQFWuhpump,25FQzCWe2eAdQqLt3d3w6QvLF3S2zV4NLM7ycjJ4BSLqzsDf6JN2jmqBqhuDUKZRb22sxBbqoEvt1oS9jGruUmv2,58.379
0.0,priced,0.03927478392915225,48158959805.0,50541449160.0,Pikalosi,6S3y6swEV5rAP8bEtyBgpmhmToiH7FyKN3QQFWuhpump,qqgJ8VnofxD3VCLKX2XUmG1kjbR56DcgT5BhrVsWzpUnFQthGDKKchpPFa1JqSKPvrBzYbGJ8Twusxkcfnt1NyL,1.733
0.5,priced,-0.1573521359277332,52809948544.0,49914792816.0,Pikalosi,6S3y6swEV5rAP8bEtyBgpmhmToiH7FyKN3QQFWuhpump,qqgJ8VnofxD3VCLKX2XUmG1kjbR56DcgT5BhrVsWzpUnFQthGDKKchpPFa1JqSKPvrBzYbGJ8Twusxkcfnt1NyL,1.733
1.0,priced,-0.05619782728768194,51781676100.0,51782437353.0,Pikalosi,6S3y6swEV5rAP8bEtyBgpmhmToiH7FyKN3QQFWuhpump,qqgJ8VnofxD3VCLKX2XUmG1kjbR56DcgT5BhrVsWzpUnFQthGDKKchpPFa1JqSKPvrBzYbGJ8Twusxkcfnt1NyL,1.733
2.0,missed: wallet sold before our entry landed,,,,Pikalosi,6S3y6swEV5rAP8bEtyBgpmhmToiH7FyKN3QQFWuhpump,qqgJ8VnofxD3VCLKX2XUmG1kjbR56DcgT5BhrVsWzpUnFQthGDKKchpPFa1JqSKPvrBzYbGJ8Twusxkcfnt1NyL,1.733
3.0,missed: wallet sold before our entry landed,,,,Pikalosi,6S3y6swEV5rAP8bEtyBgpmhmToiH7FyKN3QQFWuhpump,qqgJ8VnofxD3VCLKX2XUmG1kjbR56DcgT5BhrVsWzpUnFQthGDKKchpPFa1JqSKPvrBzYbGJ8Twusxkcfnt1NyL,1.733
5.0,missed: wallet sold before our entry landed,,,,Pikalosi,6S3y6swEV5rAP8bEtyBgpmhmToiH7FyKN3QQFWuhpump,qqgJ8VnofxD3VCLKX2XUmG1kjbR56DcgT5BhrVsWzpUnFQthGDKKchpPFa1JqSKPvrBzYbGJ8Twusxkcfnt1NyL,1.733
10.0,missed: wallet sold before our entry landed,,,,Pikalosi,6S3y6swEV5rAP8bEtyBgpmhmToiH7FyKN3QQFWuhpump,qqgJ8VnofxD3VCLKX2XUmG1kjbR56DcgT5BhrVsWzpUnFQthGDKKchpPFa1JqSKPvrBzYbGJ8Twusxkcfnt1NyL,1.733
0.0,priced,-0.1921228717809229,80774128725.0,74651043300.0,Pikalosi,tip2EGeW8iz6oLMVhyLufPhJ8eL24zLAehHCTjVbkJ2,3dtCPm4mnYFEfu8BZr3Nwj7X2yn8pdrrF3CnhHY2AP2jjLcdzDuQPV12NEQ8Mwf9WVJ7TBD3SP8u35De1KtuoGTq,306.498
0.5,priced,-0.22557610784008908,80991412675.0,73298541653.0,Pikalosi,tip2EGeW8iz6oLMVhyLufPhJ8eL24zLAehHCTjVbkJ2,3dtCPm4mnYFEfu8BZr3Nwj7X2yn8pdrrF3CnhHY2AP2jjLcdzDuQPV12NEQ8Mwf9WVJ7TBD3SP8u35De1KtuoGTq,306.498
1.0,priced,-0.22557610784008908,80991412675.0,73298541653.0,Pikalosi,tip2EGeW8iz6oLMVhyLufPhJ8eL24zLAehHCTjVbkJ2,3dtCPm4mnYFEfu8BZr3Nwj7X2yn8pdrrF3CnhHY2AP2jjLcdzDuQPV12NEQ8Mwf9WVJ7TBD3SP8u35De1KtuoGTq,306.498
2.0,priced,-0.22557610784008908,80991412675.0,73298541653.0,Pikalosi,tip2EGeW8iz6oLMVhyLufPhJ8eL24zLAehHCTjVbkJ2,3dtCPm4mnYFEfu8BZr3Nwj7X2yn8pdrrF3CnhHY2AP2jjLcdzDuQPV12NEQ8Mwf9WVJ7TBD3SP8u35De1KtuoGTq,306.498
3.0,priced,-0.22576950333229864,81001466552.0,73298541653.0,Pikalosi,tip2EGeW8iz6oLMVhyLufPhJ8eL24zLAehHCTjVbkJ2,3dtCPm4mnYFEfu8BZr3Nwj7X2yn8pdrrF3CnhHY2AP2jjLcdzDuQPV12NEQ8Mwf9WVJ7TBD3SP8u35De1KtuoGTq,306.498
5.0,priced,-0.23025297888989998,81001466552.0,73087892888.0,Pikalosi,tip2EGeW8iz6oLMVhyLufPhJ8eL24zLAehHCTjVbkJ2,3dtCPm4mnYFEfu8BZr3Nwj7X2yn8pdrrF3CnhHY2AP2jjLcdzDuQPV12NEQ8Mwf9WVJ7TBD3SP8u35De1KtuoGTq,306.498
10.0,priced,-0.3130434751311158,85159096234.0,72619249535.0,Pikalosi,tip2EGeW8iz6oLMVhyLufPhJ8eL24zLAehHCTjVbkJ2,3dtCPm4mnYFEfu8BZr3Nwj7X2yn8pdrrF3CnhHY2AP2jjLcdzDuQPV12NEQ8Mwf9WVJ7TBD3SP8u35De1KtuoGTq,306.498
0.0,priced,-0.12674238401016902,50513607571.0,48607645970.0,Pikalosi,Bw6f1A4braWJA4GZCSSoA6if5QbRyb6yjBmHR6m7pump,Pr49s2uztK1t2sKsqQTSgTLoZ6oQSEKY1fKLFCqGZ5sKqcuBYnVfgVx6nNTUh1ABwnML43BR9YUqxAkNiV7dZda,159.011
0.5,priced,-0.12674238401016902,50513607571.0,48607645970.0,Pikalosi,Bw6f1A4braWJA4GZCSSoA6if5QbRyb6yjBmHR6m7pump,Pr49s2uztK1t2sKsqQTSgTLoZ6oQSEKY1fKLFCqGZ5sKqcuBYnVfgVx6nNTUh1ABwnML43BR9YUqxAkNiV7dZda,159.011
1.0,priced,-0.21606402628506102,53305492315.0,48607645970.0,Pikalosi,Bw6f1A4braWJA4GZCSSoA6if5QbRyb6yjBmHR6m7pump,Pr49s2uztK1t2sKsqQTSgTLoZ6oQSEKY1fKLFCqGZ5sKqcuBYnVfgVx6nNTUh1ABwnML43BR9YUqxAkNiV7dZda,159.011
2.0,priced,-0.21606402628506102,53305492315.0,48607645970.0,Pikalosi,Bw6f1A4braWJA4GZCSSoA6if5QbRyb6yjBmHR6m7pump,Pr49s2uztK1t2sKsqQTSgTLoZ6oQSEKY1fKLFCqGZ5sKqcuBYnVfgVx6nNTUh1ABwnML43BR9YUqxAkNiV7dZda,159.011
3.0,priced,-0.21606402628506102,53305492315.0,48607645970.0,Pikalosi,Bw6f1A4braWJA4GZCSSoA6if5QbRyb6yjBmHR6m7pump,Pr49s2uztK1t2sKsqQTSgTLoZ6oQSEKY1fKLFCqGZ5sKqcuBYnVfgVx6nNTUh1ABwnML43BR9YUqxAkNiV7dZda,159.011
5.0,priced,-0.21606402628506102,53305492315.0,48607645970.0,Pikalosi,Bw6f1A4braWJA4GZCSSoA6if5QbRyb6yjBmHR6m7pump,Pr49s2uztK1t2sKsqQTSgTLoZ6oQSEKY1fKLFCqGZ5sKqcuBYnVfgVx6nNTUh1ABwnML43BR9YUqxAkNiV7dZda,159.011
10.0,priced,-0.21606402628506102,53305492315.0,48607645970.0,Pikalosi,Bw6f1A4braWJA4GZCSSoA6if5QbRyb6yjBmHR6m7pump,Pr49s2uztK1t2sKsqQTSgTLoZ6oQSEKY1fKLFCqGZ5sKqcuBYnVfgVx6nNTUh1ABwnML43BR9YUqxAkNiV7dZda,159.011
0.0,priced,-0.48277293479884337,43759135688.0,32511645397.0,Sheep,HH2QdjWZE6gHVRteV8tQZRDgMchj4fKzscN63DhX4PHW,4VA9Tr9SHGpVCV4J3haVwRJaHBZExxYtnVQ2XAPoMUSznqULEU7ppZg8eBQDPwqq2hvrLAV352g3EWU9zMcUut3z,271.051
0.5,priced,-0.5112221805269461,43759135688.0,31617088478.0,Sheep,HH2QdjWZE6gHVRteV8tQZRDgMchj4fKzscN63DhX4PHW,4VA9Tr9SHGpVCV4J3haVwRJaHBZExxYtnVQ2XAPoMUSznqULEU7ppZg8eBQDPwqq2hvrLAV352g3EWU9zMcUut3z,271.051
1.0,priced,-0.5115874779167279,43775343255.0,31617088478.0,Sheep,HH2QdjWZE6gHVRteV8tQZRDgMchj4fKzscN63DhX4PHW,4VA9Tr9SHGpVCV4J3haVwRJaHBZExxYtnVQ2XAPoMUSznqULEU7ppZg8eBQDPwqq2hvrLAV352g3EWU9zMcUut3z,271.051
2.0,priced,-0.5115874779167279,43775343255.0,31617088478.0,Sheep,HH2QdjWZE6gHVRteV8tQZRDgMchj4fKzscN63DhX4PHW,4VA9Tr9SHGpVCV4J3haVwRJaHBZExxYtnVQ2XAPoMUSznqULEU7ppZg8eBQDPwqq2hvrLAV352g3EWU9zMcUut3z,271.051
3.0,priced,-0.5115874779167279,43775343255.0,31617088478.0,Sheep,HH2QdjWZE6gHVRteV8tQZRDgMchj4fKzscN63DhX4PHW,4VA9Tr9SHGpVCV4J3haVwRJaHBZExxYtnVQ2XAPoMUSznqULEU7ppZg8eBQDPwqq2hvrLAV352g3EWU9zMcUut3z,271.051
5.0,priced,-0.5143729313820465,43775343255.0,31528081566.0,Sheep,HH2QdjWZE6gHVRteV8tQZRDgMchj4fKzscN63DhX4PHW,4VA9Tr9SHGpVCV4J3haVwRJaHBZExxYtnVQ2XAPoMUSznqULEU7ppZg8eBQDPwqq2hvrLAV352g3EWU9zMcUut3z,271.051
10.0,priced,-0.5148150841180823,43795095352.0,31528081566.0,Sheep,HH2QdjWZE6gHVRteV8tQZRDgMchj4fKzscN63DhX4PHW,4VA9Tr9SHGpVCV4J3haVwRJaHBZExxYtnVQ2XAPoMUSznqULEU7ppZg8eBQDPwqq2hvrLAV352g3EWU9zMcUut3z,271.051
