offset_slots,status,ret,entry_vsol,exit_vsol,wallet_label,mint,entry_signature,hold_s
0.0,priced,0.04503979105280816,35000000000.0,36904493285.0,Sheep,7nv5RVppCWh4YuhnisuBgskY48sFXQzjPWLbGde3RALz,491zUM5Cz83LnTK4rLeeRLTELP4FnMSHPUzX2DDBs7wqXeidQ2p89R1fR8Mhy2bZbxAqsseQh4YwixXsN8qrdWcT,4.202
0.5,priced,-0.19161654913686096,39800000000.0,36904493285.0,Sheep,7nv5RVppCWh4YuhnisuBgskY48sFXQzjPWLbGde3RALz,491zUM5Cz83LnTK4rLeeRLTELP4FnMSHPUzX2DDBs7wqXeidQ2p89R1fR8Mhy2bZbxAqsseQh4YwixXsN8qrdWcT,4.202
1.0,priced,-0.2156829752136078,39800000000.0,36354936931.0,Sheep,7nv5RVppCWh4YuhnisuBgskY48sFXQzjPWLbGde3RALz,491zUM5Cz83LnTK4rLeeRLTELP4FnMSHPUzX2DDBs7wqXeidQ2p89R1fR8Mhy2bZbxAqsseQh4YwixXsN8qrdWcT,4.202
2.0,priced,-0.2156829752136078,39800000000.0,36354936931.0,Sheep,7nv5RVppCWh4YuhnisuBgskY48sFXQzjPWLbGde3RALz,491zUM5Cz83LnTK4rLeeRLTELP4FnMSHPUzX2DDBs7wqXeidQ2p89R1fR8Mhy2bZbxAqsseQh4YwixXsN8qrdWcT,4.202
3.0,priced,-0.24109182325057127,40459590122.0,36354936931.0,Sheep,7nv5RVppCWh4YuhnisuBgskY48sFXQzjPWLbGde3RALz,491zUM5Cz83LnTK4rLeeRLTELP4FnMSHPUzX2DDBs7wqXeidQ2p89R1fR8Mhy2bZbxAqsseQh4YwixXsN8qrdWcT,4.202
5.0,priced,-0.27315248358016053,40459590122.0,35584885580.0,Sheep,7nv5RVppCWh4YuhnisuBgskY48sFXQzjPWLbGde3RALz,491zUM5Cz83LnTK4rLeeRLTELP4FnMSHPUzX2DDBs7wqXeidQ2p89R1fR8Mhy2bZbxAqsseQh4YwixXsN8qrdWcT,4.202
10.0,missed: wallet sold before our entry landed,,,,Sheep,7nv5RVppCWh4YuhnisuBgskY48sFXQzjPWLbGde3RALz,491zUM5Cz83LnTK4rLeeRLTELP4FnMSHPUzX2DDBs7wqXeidQ2p89R1fR8Mhy2bZbxAqsseQh4YwixXsN8qrdWcT,4.202
0.0,priced,-0.26636126291890444,35000000000.0,30952660762.0,Sheep,6TvEReAXL1YhqaC3PnjGMySnTrDU1T9Qn2anLkP7KAxw,4YHXDep9HQS3JzGcqh6jyHAJA2sG9wkqfZvurUZX9vENBAocyoPrSh9gFS4agvyxLckuGBeqNxRqXR41qDmYbFwL,1.843
0.5,priced,-0.47883750842665956,41494300968.0,30952660762.0,Sheep,6TvEReAXL1YhqaC3PnjGMySnTrDU1T9Qn2anLkP7KAxw,4YHXDep9HQS3JzGcqh6jyHAJA2sG9wkqfZvurUZX9vENBAocyoPrSh9gFS4agvyxLckuGBeqNxRqXR41qDmYbFwL,1.843
1.0,priced,-0.47883750842665956,41494300968.0,30952660762.0,Sheep,6TvEReAXL1YhqaC3PnjGMySnTrDU1T9Qn2anLkP7KAxw,4YHXDep9HQS3JzGcqh6jyHAJA2sG9wkqfZvurUZX9vENBAocyoPrSh9gFS4agvyxLckuGBeqNxRqXR41qDmYbFwL,1.843
2.0,missed: wallet sold before our entry landed,,,,Sheep,6TvEReAXL1YhqaC3PnjGMySnTrDU1T9Qn2anLkP7KAxw,4YHXDep9HQS3JzGcqh6jyHAJA2sG9wkqfZvurUZX9vENBAocyoPrSh9gFS4agvyxLckuGBeqNxRqXR41qDmYbFwL,1.843
3.0,missed: wallet sold before our entry landed,,,,Sheep,6TvEReAXL1YhqaC3PnjGMySnTrDU1T9Qn2anLkP7KAxw,4YHXDep9HQS3JzGcqh6jyHAJA2sG9wkqfZvurUZX9vENBAocyoPrSh9gFS4agvyxLckuGBeqNxRqXR41qDmYbFwL,1.843
5.0,missed: wallet sold before our entry landed,,,,Sheep,6TvEReAXL1YhqaC3PnjGMySnTrDU1T9Qn2anLkP7KAxw,4YHXDep9HQS3JzGcqh6jyHAJA2sG9wkqfZvurUZX9vENBAocyoPrSh9gFS4agvyxLckuGBeqNxRqXR41qDmYbFwL,1.843
10.0,missed: wallet sold before our entry landed,,,,Sheep,6TvEReAXL1YhqaC3PnjGMySnTrDU1T9Qn2anLkP7KAxw,4YHXDep9HQS3JzGcqh6jyHAJA2sG9wkqfZvurUZX9vENBAocyoPrSh9gFS4agvyxLckuGBeqNxRqXR41qDmYbFwL,1.843
0.0,priced,-0.22713845850199652,40348326996.0,36584763288.0,Sheep,Gxb8BPs3aQ8XQRfsyUmcjk7Mt9XMvQL52L2crURhe83Z,SeWhLVX4oLsyVunwAqeX1exn6r3mstgZktKE5PjSSZ1Ye85jeAvgwq9UUBDKHXG6Cw71RyZdGhP5kzXUGPJDBSE,601.074
0.5,priced,-0.2926223519580139,40881660323.0,35473271645.0,Sheep,Gxb8BPs3aQ8XQRfsyUmcjk7Mt9XMvQL52L2crURhe83Z,SeWhLVX4oLsyVunwAqeX1exn6r3mstgZktKE5PjSSZ1Ye85jeAvgwq9UUBDKHXG6Cw71RyZdGhP5kzXUGPJDBSE,601.074
1.0,priced,-0.34432670180030156,42456891967.0,35473271645.0,Sheep,Gxb8BPs3aQ8XQRfsyUmcjk7Mt9XMvQL52L2crURhe83Z,SeWhLVX4oLsyVunwAqeX1exn6r3mstgZktKE5PjSSZ1Ye85jeAvgwq9UUBDKHXG6Cw71RyZdGhP5kzXUGPJDBSE,601.074
2.0,priced,-0.34432670180030156,42456891967.0,35473271645.0,Sheep,Gxb8BPs3aQ8XQRfsyUmcjk7Mt9XMvQL52L2crURhe83Z,SeWhLVX4oLsyVunwAqeX1exn6r3mstgZktKE5PjSSZ1Ye85jeAvgwq9UUBDKHXG6Cw71RyZdGhP5kzXUGPJDBSE,601.074
3.0,priced,-0.34432670180030156,42456891967.0,35473271645.0,Sheep,Gxb8BPs3aQ8XQRfsyUmcjk7Mt9XMvQL52L2crURhe83Z,SeWhLVX4oLsyVunwAqeX1exn6r3mstgZktKE5PjSSZ1Ye85jeAvgwq9UUBDKHXG6Cw71RyZdGhP5kzXUGPJDBSE,601.074
5.0,priced,-0.4597529270726123,42456891967.0,32234250852.0,Sheep,Gxb8BPs3aQ8XQRfsyUmcjk7Mt9XMvQL52L2crURhe83Z,SeWhLVX4oLsyVunwAqeX1exn6r3mstgZktKE5PjSSZ1Ye85jeAvgwq9UUBDKHXG6Cw71RyZdGhP5kzXUGPJDBSE,601.074
10.0,priced,-0.5029768929873264,42325758350.0,30839708939.0,Sheep,Gxb8BPs3aQ8XQRfsyUmcjk7Mt9XMvQL52L2crURhe83Z,SeWhLVX4oLsyVunwAqeX1exn6r3mstgZktKE5PjSSZ1Ye85jeAvgwq9UUBDKHXG6Cw71RyZdGhP5kzXUGPJDBSE,601.074
0.0,priced,-0.1887188097970581,42530668748.0,39491697249.0,Sheep,Gxb8BPs3aQ8XQRfsyUmcjk7Mt9XMvQL52L2crURhe83Z,2xmFbvCYwVEQvQskdwiEb9Zz8eTKN81pWwETXukLpHWfuETE9cse6hDgjhtn6ZycaSkawM9SSrZjUccRUtFBhcnD,17.639
0.5,priced,-0.3817198684582269,47196035526.0,38283334353.0,Sheep,Gxb8BPs3aQ8XQRfsyUmcjk7Mt9XMvQL52L2crURhe83Z,2xmFbvCYwVEQvQskdwiEb9Zz8eTKN81pWwETXukLpHWfuETE9cse6hDgjhtn6ZycaSkawM9SSrZjUccRUtFBhcnD,17.639
1.0,priced,-0.46521090332306886,53261579617.0,40194161321.0,Sheep,Gxb8BPs3aQ8XQRfsyUmcjk7Mt9XMvQL52L2crURhe83Z,2xmFbvCYwVEQvQskdwiEb9Zz8eTKN81pWwETXukLpHWfuETE9cse6hDgjhtn6ZycaSkawM9SSrZjUccRUtFBhcnD,17.639
2.0,priced,-0.38233260576734435,49364043479.0,40014087928.0,Sheep,Gxb8BPs3aQ8XQRfsyUmcjk7Mt9XMvQL52L2crURhe83Z,2xmFbvCYwVEQvQskdwiEb9Zz8eTKN81pWwETXukLpHWfuETE9cse6hDgjhtn6ZycaSkawM9SSrZjUccRUtFBhcnD,17.639
3.0,priced,-0.4505168590278595,52294931133.0,39999199636.0,Sheep,Gxb8BPs3aQ8XQRfsyUmcjk7Mt9XMvQL52L2crURhe83Z,2xmFbvCYwVEQvQskdwiEb9Zz8eTKN81pWwETXukLpHWfuETE9cse6hDgjhtn6ZycaSkawM9SSrZjUccRUtFBhcnD,17.639
5.0,priced,-0.5097027516703418,53841682329.0,38926596489.0,Sheep,Gxb8BPs3aQ8XQRfsyUmcjk7Mt9XMvQL52L2crURhe83Z,2xmFbvCYwVEQvQskdwiEb9Zz8eTKN81pWwETXukLpHWfuETE9cse6hDgjhtn6ZycaSkawM9SSrZjUccRUtFBhcnD,17.639
10.0,priced,-0.45142144720684635,52664762858.0,40248161563.0,Sheep,Gxb8BPs3aQ8XQRfsyUmcjk7Mt9XMvQL52L2crURhe83Z,2xmFbvCYwVEQvQskdwiEb9Zz8eTKN81pWwETXukLpHWfuETE9cse6hDgjhtn6ZycaSkawM9SSrZjUccRUtFBhcnD,17.639
0.0,priced,-0.3781954592123212,71828616193.0,58334574317.0,Sheep,34tzhKUsa4JwiLKcxCFUCTZUYhKWNLSveQL9hyPBpump,MGDcDENyubK4jNLdUML1jGsZqBpawXx83SFhxEVroAPL3pt5AuzztB3Q82pi4ippSXBSxf7X1nMn5ouXLGMvSDa,57.166
0.5,priced,-0.45764200949835754,75482937177.0,57292161845.0,Sheep,34tzhKUsa4JwiLKcxCFUCTZUYhKWNLSveQL9hyPBpump,MGDcDENyubK4jNLdUML1jGsZqBpawXx83SFhxEVroAPL3pt5AuzztB3Q82pi4ippSXBSxf7X1nMn5ouXLGMvSDa,57.166
1.0,priced,-0.5086421218964514,79258963448.0,57292161845.0,Sheep,34tzhKUsa4JwiLKcxCFUCTZUYhKWNLSveQL9hyPBpump,MGDcDENyubK4jNLdUML1jGsZqBpawXx83SFhxEVroAPL3pt5AuzztB3Q82pi4ippSXBSxf7X1nMn5ouXLGMvSDa,57.166
2.0,priced,-0.5086421218964514,79258963448.0,57292161845.0,Sheep,34tzhKUsa4JwiLKcxCFUCTZUYhKWNLSveQL9hyPBpump,MGDcDENyubK4jNLdUML1jGsZqBpawXx83SFhxEVroAPL3pt5AuzztB3Q82pi4ippSXBSxf7X1nMn5ouXLGMvSDa,57.166
3.0,priced,-0.5086421218964514,79258963448.0,57292161845.0,Sheep,34tzhKUsa4JwiLKcxCFUCTZUYhKWNLSveQL9hyPBpump,MGDcDENyubK4jNLdUML1jGsZqBpawXx83SFhxEVroAPL3pt5AuzztB3Q82pi4ippSXBSxf7X1nMn5ouXLGMvSDa,57.166
5.0,priced,-0.5119000361365625,79258963448.0,57104755383.0,Sheep,34tzhKUsa4JwiLKcxCFUCTZUYhKWNLSveQL9hyPBpump,MGDcDENyubK4jNLdUML1jGsZqBpawXx83SFhxEVroAPL3pt5AuzztB3Q82pi4ippSXBSxf7X1nMn5ouXLGMvSDa,57.166
10.0,priced,-0.4668230434175342,79522067763.0,59843107407.0,Sheep,34tzhKUsa4JwiLKcxCFUCTZUYhKWNLSveQL9hyPBpump,MGDcDENyubK4jNLdUML1jGsZqBpawXx83SFhxEVroAPL3pt5AuzztB3Q82pi4ippSXBSxf7X1nMn5ouXLGMvSDa,57.166
0.0,priced,0.3944945086226587,35000000000.0,42613954972.0,Sheep,6P12vACoyZym2d9kGxhJEMLwuihCz6ghurPmHJXsTqHh,3Z6SVCknNmL9PfqjBfEbzSJafJNrG9zBdXREQvNMFNMt28jq9f2QCGdD37GfFTW8Cv6eh7MLrkaM3FqgneRbgVU5,4.205
0.5,priced,0.06633437441212106,40046913579.0,42613954972.0,Sheep,6P12vACoyZym2d9kGxhJEMLwuihCz6ghurPmHJXsTqHh,3Z6SVCknNmL9PfqjBfEbzSJafJNrG9zBdXREQvNMFNMt28jq9f2QCGdD37GfFTW8Cv6eh7MLrkaM3FqgneRbgVU5,4.205
1.0,priced,0.06633437441212106,40046913579.0,42613954972.0,Sheep,6P12vACoyZym2d9kGxhJEMLwuihCz6ghurPmHJXsTqHh,3Z6SVCknNmL9PfqjBfEbzSJafJNrG9zBdXREQvNMFNMt28jq9f2QCGdD37GfFTW8Cv6eh7MLrkaM3FqgneRbgVU5,4.205
2.0,priced,0.06633437441212106,40046913579.0,42613954972.0,Sheep,6P12vACoyZym2d9kGxhJEMLwuihCz6ghurPmHJXsTqHh,3Z6SVCknNmL9PfqjBfEbzSJafJNrG9zBdXREQvNMFNMt28jq9f2QCGdD37GfFTW8Cv6eh7MLrkaM3FqgneRbgVU5,4.205
3.0,priced,0.06633437441212106,40046913579.0,42613954972.0,Sheep,6P12vACoyZym2d9kGxhJEMLwuihCz6ghurPmHJXsTqHh,3Z6SVCknNmL9PfqjBfEbzSJafJNrG9zBdXREQvNMFNMt28jq9f2QCGdD37GfFTW8Cv6eh7MLrkaM3FqgneRbgVU5,4.205
5.0,priced,-0.07981463660033261,40046913579.0,39600501429.0,Sheep,6P12vACoyZym2d9kGxhJEMLwuihCz6ghurPmHJXsTqHh,3Z6SVCknNmL9PfqjBfEbzSJafJNrG9zBdXREQvNMFNMt28jq9f2QCGdD37GfFTW8Cv6eh7MLrkaM3FqgneRbgVU5,4.205
10.0,priced,-0.26794808537381104,44891332622.0,39600501429.0,Sheep,6P12vACoyZym2d9kGxhJEMLwuihCz6ghurPmHJXsTqHh,3Z6SVCknNmL9PfqjBfEbzSJafJNrG9zBdXREQvNMFNMt28jq9f2QCGdD37GfFTW8Cv6eh7MLrkaM3FqgneRbgVU5,4.205
0.0,priced,0.029810172084534882,33928158983.0,35521707159.0,Sheep,3V24EKgNsS1XtzbtSqEPVLufksmtTWvxZWxQfiTbwKPk,3bP9yxvMiA5EqDtY5wePuvc47X99avztuT7oYYh37kajWkKTSj8sUaXMb6opLys461nDJnQisuf753uuryy7NZVD,441.819
0.5,priced,-0.4082932250457108,40056249095.0,31819839629.0,Sheep,3V24EKgNsS1XtzbtSqEPVLufksmtTWvxZWxQfiTbwKPk,3bP9yxvMiA5EqDtY5wePuvc47X99avztuT7oYYh37kajWkKTSj8sUaXMb6opLys461nDJnQisuf753uuryy7NZVD,441.819
1.0,priced,-0.4229618677932727,40559230395.0,31819839629.0,Sheep,3V24EKgNsS1XtzbtSqEPVLufksmtTWvxZWxQfiTbwKPk,3bP9yxvMiA5EqDtY5wePuvc47X99avztuT7oYYh37kajWkKTSj8sUaXMb6opLys461nDJnQisuf753uuryy7NZVD,441.819
2.0,priced,-0.398912160398512,40559230395.0,32468829738.0,Sheep,3V24EKgNsS1XtzbtSqEPVLufksmtTWvxZWxQfiTbwKPk,3bP9yxvMiA5EqDtY5wePuvc47X99avztuT7oYYh37kajWkKTSj8sUaXMb6opLys461nDJnQisuf753uuryy7NZVD,441.819
3.0,priced,-0.3396659166311524,38705154415.0,32468829738.0,Sheep,3V24EKgNsS1XtzbtSqEPVLufksmtTWvxZWxQfiTbwKPk,3bP9yxvMiA5EqDtY5wePuvc47X99avztuT7oYYh37kajWkKTSj8sUaXMb6opLys461nDJnQisuf753uuryy7NZVD,441.819
5.0,priced,-0.31587914481833435,38705154415.0,33043113761.0,Sheep,3V24EKgNsS1XtzbtSqEPVLufksmtTWvxZWxQfiTbwKPk,3bP9yxvMiA5EqDtY5wePuvc47X99avztuT7oYYh37kajWkKTSj8sUaXMb6opLys461nDJnQisuf753uuryy7NZVD,441.819
10.0,priced,-0.258229268516135,37174238303.0,33043113761.0,Sheep,3V24EKgNsS1XtzbtSqEPVLufksmtTWvxZWxQfiTbwKPk,3bP9yxvMiA5EqDtY5wePuvc47X99avztuT7oYYh37kajWkKTSj8sUaXMb6opLys461nDJnQisuf753uuryy7NZVD,441.819
0.0,priced,-0.20174210574157012,35000000000.0,32277178518.0,Sheep,FKkP57B64dNwSDRHrNQ86vbCjqv1WhJh2s1LZh2VCVwu,FCayXjdLhj6Lk1MHdKA699eKkZg4h1EhUpDAgftCZ8Cx99rHgyPjmDLA7iWVZ5kwYZHdKpKq5mCXXgyMaL5sDF4,1.847
0.5,priced,-0.4629029972118561,39800000000.0,30140074292.0,Sheep,FKkP57B64dNwSDRHrNQ86vbCjqv1WhJh2s1LZh2VCVwu,FCayXjdLhj6Lk1MHdKA699eKkZg4h1EhUpDAgftCZ8Cx99rHgyPjmDLA7iWVZ5kwYZHdKpKq5mCXXgyMaL5sDF4,1.847
1.0,missed: wallet sold before our entry landed,,,,Sheep,FKkP57B64dNwSDRHrNQ86vbCjqv1WhJh2s1LZh2VCVwu,FCayXjdLhj6Lk1MHdKA699eKkZg4h1EhUpDAgftCZ8Cx99rHgyPjmDLA7iWVZ5kwYZHdKpKq5mCXXgyMaL5sDF4,1.847
2.0,missed: wallet sold before our entry landed,,,,Sheep,FKkP57B64dNwSDRHrNQ86vbCjqv1WhJh2s1LZh2VCVwu,FCayXjdLhj6Lk1MHdKA699eKkZg4h1EhUpDAgftCZ8Cx99rHgyPjmDLA7iWVZ5kwYZHdKpKq5mCXXgyMaL5sDF4,1.847
3.0,missed: wallet sold before our entry landed,,,,Sheep,FKkP57B64dNwSDRHrNQ86vbCjqv1WhJh2s1LZh2VCVwu,FCayXjdLhj6Lk1MHdKA699eKkZg4h1EhUpDAgftCZ8Cx99rHgyPjmDLA7iWVZ5kwYZHdKpKq5mCXXgyMaL5sDF4,1.847
5.0,missed: wallet sold before our entry landed,,,,Sheep,FKkP57B64dNwSDRHrNQ86vbCjqv1WhJh2s1LZh2VCVwu,FCayXjdLhj6Lk1MHdKA699eKkZg4h1EhUpDAgftCZ8Cx99rHgyPjmDLA7iWVZ5kwYZHdKpKq5mCXXgyMaL5sDF4,1.847
10.0,missed: wallet sold before our entry landed,,,,Sheep,FKkP57B64dNwSDRHrNQ86vbCjqv1WhJh2s1LZh2VCVwu,FCayXjdLhj6Lk1MHdKA699eKkZg4h1EhUpDAgftCZ8Cx99rHgyPjmDLA7iWVZ5kwYZHdKpKq5mCXXgyMaL5sDF4,1.847
0.0,priced,-0.20589592630332887,35000000000.0,32193660126.0,Sheep,2zn2QdzPBGHr2EQSP1nrRPSBGF2aabw3uAcTZL6rDnEM,2GC3Tr6X4ouRvPUV5QFvfMmqtRa9N2jXtjFJ1gu1i2W3R3TUGG8chZn2qizg8FFTF4nbosBYrwJmF1iCYB68ozQC,1.843
0.5,priced,-0.462902997248014,39800000000.0,30140074290.0,Sheep,2zn2QdzPBGHr2EQSP1nrRPSBGF2aabw3uAcTZL6rDnEM,2GC3Tr6X4ouRvPUV5QFvfMmqtRa9N2jXtjFJ1gu1i2W3R3TUGG8chZn2qizg8FFTF4nbosBYrwJmF1iCYB68ozQC,1.843
1.0,priced,-0.469553220308378,40046913579.0,30140074290.0,Sheep,2zn2QdzPBGHr2EQSP1nrRPSBGF2aabw3uAcTZL6rDnEM,2GC3Tr6X4ouRvPUV5QFvfMmqtRa9N2jXtjFJ1gu1i2W3R3TUGG8chZn2qizg8FFTF4nbosBYrwJmF1iCYB68ozQC,1.843
2.0,missed: wallet sold before our entry landed,,,,Sheep,2zn2QdzPBGHr2EQSP1nrRPSBGF2aabw3uAcTZL6rDnEM,2GC3Tr6X4ouRvPUV5QFvfMmqtRa9N2jXtjFJ1gu1i2W3R3TUGG8chZn2qizg8FFTF4nbosBYrwJmF1iCYB68ozQC,1.843
3.0,missed: wallet sold before our entry landed,,,,Sheep,2zn2QdzPBGHr2EQSP1nrRPSBGF2aabw3uAcTZL6rDnEM,2GC3Tr6X4ouRvPUV5QFvfMmqtRa9N2jXtjFJ1gu1i2W3R3TUGG8chZn2qizg8FFTF4nbosBYrwJmF1iCYB68ozQC,1.843
5.0,missed: wallet sold before our entry landed,,,,Sheep,2zn2QdzPBGHr2EQSP1nrRPSBGF2aabw3uAcTZL6rDnEM,2GC3Tr6X4ouRvPUV5QFvfMmqtRa9N2jXtjFJ1gu1i2W3R3TUGG8chZn2qizg8FFTF4nbosBYrwJmF1iCYB68ozQC,1.843
10.0,missed: wallet sold before our entry landed,,,,Sheep,2zn2QdzPBGHr2EQSP1nrRPSBGF2aabw3uAcTZL6rDnEM,2GC3Tr6X4ouRvPUV5QFvfMmqtRa9N2jXtjFJ1gu1i2W3R3TUGG8chZn2qizg8FFTF4nbosBYrwJmF1iCYB68ozQC,1.843
0.0,priced,0.7012191084533026,44423589060.0,59633170870.0,Sheep,6A7mboBmCCxcDcAgCYaDux9yrssWSATtjT8ka7AtDono,3cft2CCZApiVNMJrnhVsLXS1dDPeJsqJ4hDuL8zY6kCyPhYmnRbA2ko7s8LyT7B2h3vj1j4f1i8hEQzKcXuZnLkS,869.894
0.5,priced,0.3185334667393713,46069679594.0,54446177855.0,Sheep,6A7mboBmCCxcDcAgCYaDux9yrssWSATtjT8ka7AtDono,3cft2CCZApiVNMJrnhVsLXS1dDPeJsqJ4hDuL8zY6kCyPhYmnRbA2ko7s8LyT7B2h3vj1j4f1i8hEQzKcXuZnLkS,869.894
1.0,priced,0.03027313757386041,50161465595.0,52404888847.0,Sheep,6A7mboBmCCxcDcAgCYaDux9yrssWSATtjT8ka7AtDono,3cft2CCZApiVNMJrnhVsLXS1dDPeJsqJ4hDuL8zY6kCyPhYmnRbA2ko7s8LyT7B2h3vj1j4f1i8hEQzKcXuZnLkS,869.894
2.0,priced,0.026860829664024588,50244719544.0,52404888847.0,Sheep,6A7mboBmCCxcDcAgCYaDux9yrssWSATtjT8ka7AtDono,3cft2CCZApiVNMJrnhVsLXS1dDPeJsqJ4hDuL8zY6kCyPhYmnRbA2ko7s8LyT7B2h3vj1j4f1i8hEQzKcXuZnLkS,869.894
3.0,priced,0.026860829664024588,50244719544.0,52404888847.0,Sheep,6A7mboBmCCxcDcAgCYaDux9yrssWSATtjT8ka7AtDono,3cft2CCZApiVNMJrnhVsLXS1dDPeJsqJ4hDuL8zY6kCyPhYmnRbA2ko7s8LyT7B2h3vj1j4f1i8hEQzKcXuZnLkS,869.894
5.0,priced,0.0398181844914484,49930744353.0,52404888847.0,Sheep,6A7mboBmCCxcDcAgCYaDux9yrssWSATtjT8ka7AtDono,3cft2CCZApiVNMJrnhVsLXS1dDPeJsqJ4hDuL8zY6kCyPhYmnRbA2ko7s8LyT7B2h3vj1j4f1i8hEQzKcXuZnLkS,869.894
10.0,priced,0.008618068792680025,50360772357.0,52059148519.0,Sheep,6A7mboBmCCxcDcAgCYaDux9yrssWSATtjT8ka7AtDono,3cft2CCZApiVNMJrnhVsLXS1dDPeJsqJ4hDuL8zY6kCyPhYmnRbA2ko7s8LyT7B2h3vj1j4f1i8hEQzKcXuZnLkS,869.894
0.0,priced,0.15983811761867497,35000000000.0,38871599803.0,Sheep,GiigBZRWXQYrXMZAY8Z5PdYSN8oVScQMxFwrvrDwez52,5uh3bzifY1PpFgJcWjdtiaiESPuANysSMD1RjQuYvBY7Svp6EkA14kSradFJmBnwx72xfFVcduk8WiwxEpSnRCcY,4.947
0.5,priced,-0.18912813161189151,41869700929.0,38871599803.0,Sheep,GiigBZRWXQYrXMZAY8Z5PdYSN8oVScQMxFwrvrDwez52,5uh3bzifY1PpFgJcWjdtiaiESPuANysSMD1RjQuYvBY7Svp6EkA14kSradFJmBnwx72xfFVcduk8WiwxEpSnRCcY,4.947
1.0,priced,-0.18912813161189151,41869700929.0,38871599803.0,Sheep,GiigBZRWXQYrXMZAY8Z5PdYSN8oVScQMxFwrvrDwez52,5uh3bzifY1PpFgJcWjdtiaiESPuANysSMD1RjQuYvBY7Svp6EkA14kSradFJmBnwx72xfFVcduk8WiwxEpSnRCcY,4.947
2.0,priced,-0.18912813161189151,41869700929.0,38871599803.0,Sheep,GiigBZRWXQYrXMZAY8Z5PdYSN8oVScQMxFwrvrDwez52,5uh3bzifY1PpFgJcWjdtiaiESPuANysSMD1RjQuYvBY7Svp6EkA14kSradFJmBnwx72xfFVcduk8WiwxEpSnRCcY,4.947
3.0,priced,0.2832468227031629,41869700929.0,48845920790.0,Sheep,GiigBZRWXQYrXMZAY8Z5PdYSN8oVScQMxFwrvrDwez52,5uh3bzifY1PpFgJcWjdtiaiESPuANysSMD1RjQuYvBY7Svp6EkA14kSradFJmBnwx72xfFVcduk8WiwxEpSnRCcY,4.947
5.0,priced,0.28540109008520437,41869700929.0,48886788065.0,Sheep,GiigBZRWXQYrXMZAY8Z5PdYSN8oVScQMxFwrvrDwez52,5uh3bzifY1PpFgJcWjdtiaiESPuANysSMD1RjQuYvBY7Svp6EkA14kSradFJmBnwx72xfFVcduk8WiwxEpSnRCcY,4.947
10.0,priced,0.11907141286937425,47701234562.0,51941037908.0,Sheep,GiigBZRWXQYrXMZAY8Z5PdYSN8oVScQMxFwrvrDwez52,5uh3bzifY1PpFgJcWjdtiaiESPuANysSMD1RjQuYvBY7Svp6EkA14kSradFJmBnwx72xfFVcduk8WiwxEpSnRCcY,4.947
0.0,priced,-0.22395014657767093,55271305864.0,50140349683.0,Sheep,H624soSwArqBJY8GRFF9puFzYtq3WL2D3A8ABqQ41rci,2xhi6oM3k7kTSbgu6cKsvnJVMTGLHHnUuDvVZusNq7S8Y3h1UWJftJ5XGvbidaU2MAETWn7Ddt8r7sogaGZfAYp3,46.608
0.5,priced,-0.3680618040767304,58135503389.0,47627375111.0,Sheep,H624soSwArqBJY8GRFF9puFzYtq3WL2D3A8ABqQ41rci,2xhi6oM3k7kTSbgu6cKsvnJVMTGLHHnUuDvVZusNq7S8Y3h1UWJftJ5XGvbidaU2MAETWn7Ddt8r7sogaGZfAYp3,46.608
1.0,priced,-0.3680618040767304,58135503389.0,47627375111.0,Sheep,H624soSwArqBJY8GRFF9puFzYtq3WL2D3A8ABqQ41rci,2xhi6oM3k7kTSbgu6cKsvnJVMTGLHHnUuDvVZusNq7S8Y3h1UWJftJ5XGvbidaU2MAETWn7Ddt8r7sogaGZfAYp3,46.608
2.0,priced,-0.3760650919478394,58135503389.0,47328106205.0,Sheep,H624soSwArqBJY8GRFF9puFzYtq3WL2D3A8ABqQ41rci,2xhi6oM3k7kTSbgu6cKsvnJVMTGLHHnUuDvVZusNq7S8Y3h1UWJftJ5XGvbidaU2MAETWn7Ddt8r7sogaGZfAYp3,46.608
3.0,priced,-0.3737748582851001,58029861506.0,47328106205.0,Sheep,H624soSwArqBJY8GRFF9puFzYtq3WL2D3A8ABqQ41rci,2xhi6oM3k7kTSbgu6cKsvnJVMTGLHHnUuDvVZusNq7S8Y3h1UWJftJ5XGvbidaU2MAETWn7Ddt8r7sogaGZfAYp3,46.608
5.0,priced,-0.4108463943459156,60130162012.0,47577558862.0,Sheep,H624soSwArqBJY8GRFF9puFzYtq3WL2D3A8ABqQ41rci,2xhi6oM3k7kTSbgu6cKsvnJVMTGLHHnUuDvVZusNq7S8Y3h1UWJftJ5XGvbidaU2MAETWn7Ddt8r7sogaGZfAYp3,46.608
10.0,priced,-0.4344418677940887,60551461145.0,46952133440.0,Sheep,H624soSwArqBJY8GRFF9puFzYtq3WL2D3A8ABqQ41rci,2xhi6oM3k7kTSbgu6cKsvnJVMTGLHHnUuDvVZusNq7S8Y3h1UWJftJ5XGvbidaU2MAETWn7Ddt8r7sogaGZfAYp3,46.608
0.0,priced,-0.3524126629326099,53104721506.0,44051564743.0,Sheep,3PB5f3JT6yYALHw9VukrUEmQpQrRfgL4HPp5EYFvYFpJ,4Qupx1aMRUnWrWuaGyQzQa2xN8QDTM3bPaLyr2nKarsAD2NLMeRnUHBMaGX8MKQ86Hmysxsa2a9abBFHoVoVpiBi,53.347
0.5,priced,-0.3683547752285395,53766434031.0,44051564743.0,Sheep,3PB5f3JT6yYALHw9VukrUEmQpQrRfgL4HPp5EYFvYFpJ,4Qupx1aMRUnWrWuaGyQzQa2xN8QDTM3bPaLyr2nKarsAD2NLMeRnUHBMaGX8MKQ86Hmysxsa2a9abBFHoVoVpiBi,53.347
1.0,priced,-0.3683547752285395,53766434031.0,44051564743.0,Sheep,3PB5f3JT6yYALHw9VukrUEmQpQrRfgL4HPp5EYFvYFpJ,4Qupx1aMRUnWrWuaGyQzQa2xN8QDTM3bPaLyr2nKarsAD2NLMeRnUHBMaGX8MKQ86Hmysxsa2a9abBFHoVoVpiBi,53.347
2.0,priced,-0.3917833480754999,54785040921.0,44051564743.0,Sheep,3PB5f3JT6yYALHw9VukrUEmQpQrRfgL4HPp5EYFvYFpJ,4Qupx1aMRUnWrWuaGyQzQa2xN8QDTM3bPaLyr2nKarsAD2NLMeRnUHBMaGX8MKQ86Hmysxsa2a9abBFHoVoVpiBi,53.347
3.0,priced,-0.3917833480754999,54785040921.0,44051564743.0,Sheep,3PB5f3JT6yYALHw9VukrUEmQpQrRfgL4HPp5EYFvYFpJ,4Qupx1aMRUnWrWuaGyQzQa2xN8QDTM3bPaLyr2nKarsAD2NLMeRnUHBMaGX8MKQ86Hmysxsa2a9abBFHoVoVpiBi,53.347
5.0,priced,-0.3933113054830262,54853485365.0,44051564743.0,Sheep,3PB5f3JT6yYALHw9VukrUEmQpQrRfgL4HPp5EYFvYFpJ,4Qupx1aMRUnWrWuaGyQzQa2xN8QDTM3bPaLyr2nKarsAD2NLMeRnUHBMaGX8MKQ86Hmysxsa2a9abBFHoVoVpiBi,53.347
10.0,priced,-0.4247353406658454,56320152031.0,44051564743.0,Sheep,3PB5f3JT6yYALHw9VukrUEmQpQrRfgL4HPp5EYFvYFpJ,4Qupx1aMRUnWrWuaGyQzQa2xN8QDTM3bPaLyr2nKarsAD2NLMeRnUHBMaGX8MKQ86Hmysxsa2a9abBFHoVoVpiBi,53.347
0.0,priced,-0.23295983051352967,35521332474.0,32112393402.0,Sheep,3Xg2inkSVzf1peD5qDNFr8D44RZWj7hqwdfms3GSMQpP,Bhi32nJiYC22xsa8CvFNjykyrEcWXiuqJ35k9nEtYvBHN6Tj3gvXUqZgP5nn2MGep5d4BUNnPJMUNBsTLuSNXjo,103.572
0.5,priced,-0.3092102216798309,37413770703.0,32101025975.0,Sheep,3Xg2inkSVzf1peD5qDNFr8D44RZWj7hqwdfms3GSMQpP,Bhi32nJiYC22xsa8CvFNjykyrEcWXiuqJ35k9nEtYvBHN6Tj3gvXUqZgP5nn2MGep5d4BUNnPJMUNBsTLuSNXjo,103.572
1.0,priced,-0.3042509472532865,37975128324.0,32695488679.0,Sheep,3Xg2inkSVzf1peD5qDNFr8D44RZWj7hqwdfms3GSMQpP,Bhi32nJiYC22xsa8CvFNjykyrEcWXiuqJ35k9nEtYvBHN6Tj3gvXUqZgP5nn2MGep5d4BUNnPJMUNBsTLuSNXjo,103.572
2.0,priced,-0.3042509755078696,37975129093.0,32695488679.0,Sheep,3Xg2inkSVzf1peD5qDNFr8D44RZWj7hqwdfms3GSMQpP,Bhi32nJiYC22xsa8CvFNjykyrEcWXiuqJ35k9nEtYvBHN6Tj3gvXUqZgP5nn2MGep5d4BUNnPJMUNBsTLuSNXjo,103.572
3.0,priced,-0.3042509755078696,37975129093.0,32695488679.0,Sheep,3Xg2inkSVzf1peD5qDNFr8D44RZWj7hqwdfms3GSMQpP,Bhi32nJiYC22xsa8CvFNjykyrEcWXiuqJ35k9nEtYvBHN6Tj3gvXUqZgP5nn2MGep5d4BUNnPJMUNBsTLuSNXjo,103.572
5.0,priced,-0.28324191127688697,37415798336.0,32695488679.0,Sheep,3Xg2inkSVzf1peD5qDNFr8D44RZWj7hqwdfms3GSMQpP,Bhi32nJiYC22xsa8CvFNjykyrEcWXiuqJ35k9nEtYvBHN6Tj3gvXUqZgP5nn2MGep5d4BUNnPJMUNBsTLuSNXjo,103.572
10.0,priced,-0.2857405742372028,37339300361.0,32572594106.0,Sheep,3Xg2inkSVzf1peD5qDNFr8D44RZWj7hqwdfms3GSMQpP,Bhi32nJiYC22xsa8CvFNjykyrEcWXiuqJ35k9nEtYvBHN6Tj3gvXUqZgP5nn2MGep5d4BUNnPJMUNBsTLuSNXjo,103.572
0.0,priced,-0.4076326137401593,45490335579.0,36132992564.0,Sheep,J22sSfGEv6NbhvLwJanRewHZrfQ8LCXvRvaMv8Sxpump,4MHoCNRP1c9EiFxnMAB66iQT3xMaQwiLURcv3JQYk5EWLuBXjZe2i75Q8dpk3YSvF7J8p7jBMUibLDeYnJWJJaX6,938.95
0.5,priced,-0.4592070520527246,46443566200.0,35263354318.0,Sheep,J22sSfGEv6NbhvLwJanRewHZrfQ8LCXvRvaMv8Sxpump,4MHoCNRP1c9EiFxnMAB66iQT3xMaQwiLURcv3JQYk5EWLuBXjZe2i75Q8dpk3YSvF7J8p7jBMUibLDeYnJWJJaX6,938.95
1.0,priced,-0.4592070520527246,46443566200.0,35263354318.0,Sheep,J22sSfGEv6NbhvLwJanRewHZrfQ8LCXvRvaMv8Sxpump,4MHoCNRP1c9EiFxnMAB66iQT3xMaQwiLURcv3JQYk5EWLuBXjZe2i75Q8dpk3YSvF7J8p7jBMUibLDeYnJWJJaX6,938.95
2.0,priced,-0.4592070520527246,46443566200.0,35263354318.0,Sheep,J22sSfGEv6NbhvLwJanRewHZrfQ8LCXvRvaMv8Sxpump,4MHoCNRP1c9EiFxnMAB66iQT3xMaQwiLURcv3JQYk5EWLuBXjZe2i75Q8dpk3YSvF7J8p7jBMUibLDeYnJWJJaX6,938.95
3.0,priced,-0.4592070520527246,46443566200.0,35263354318.0,Sheep,J22sSfGEv6NbhvLwJanRewHZrfQ8LCXvRvaMv8Sxpump,4MHoCNRP1c9EiFxnMAB66iQT3xMaQwiLURcv3JQYk5EWLuBXjZe2i75Q8dpk3YSvF7J8p7jBMUibLDeYnJWJJaX6,938.95
5.0,priced,-0.4592070520527246,46443566200.0,35263354318.0,Sheep,J22sSfGEv6NbhvLwJanRewHZrfQ8LCXvRvaMv8Sxpump,4MHoCNRP1c9EiFxnMAB66iQT3xMaQwiLURcv3JQYk5EWLuBXjZe2i75Q8dpk3YSvF7J8p7jBMUibLDeYnJWJJaX6,938.95
10.0,priced,-0.4626911406211975,46443566200.0,35151016642.0,Sheep,J22sSfGEv6NbhvLwJanRewHZrfQ8LCXvRvaMv8Sxpump,4MHoCNRP1c9EiFxnMAB66iQT3xMaQwiLURcv3JQYk5EWLuBXjZe2i75Q8dpk3YSvF7J8p7jBMUibLDeYnJWJJaX6,938.95
0.0,priced,-0.058209102210717796,49992811879.0,49948967974.0,Sheep,Bo4UrPD2ifNaNfE5zskMwgufuZjpYVgQ8FmzS8NepTFN,2LtmfzWFfeY5UtPT9gzbxnb3TxUTCHznZBBhtszNwvioYFdY91rLbWS6JTuEWkW4UB3WukmK1kyH7kXzdJbAAjtU,45.187
0.5,priced,-0.2929150942070588,53382935330.0,46251003821.0,Sheep,Bo4UrPD2ifNaNfE5zskMwgufuZjpYVgQ8FmzS8NepTFN,2LtmfzWFfeY5UtPT9gzbxnb3TxUTCHznZBBhtszNwvioYFdY91rLbWS6JTuEWkW4UB3WukmK1kyH7kXzdJbAAjtU,45.187
1.0,priced,-0.3140307663971808,55219338490.0,47122398798.0,Sheep,Bo4UrPD2ifNaNfE5zskMwgufuZjpYVgQ8FmzS8NepTFN,2LtmfzWFfeY5UtPT9gzbxnb3TxUTCHznZBBhtszNwvioYFdY91rLbWS6JTuEWkW4UB3WukmK1kyH7kXzdJbAAjtU,45.187
2.0,priced,-0.29999493083367,55035552525.0,47439682746.0,Sheep,Bo4UrPD2ifNaNfE5zskMwgufuZjpYVgQ8FmzS8NepTFN,2LtmfzWFfeY5UtPT9gzbxnb3TxUTCHznZBBhtszNwvioYFdY91rLbWS6JTuEWkW4UB3WukmK1kyH7kXzdJbAAjtU,45.187
3.0,priced,-0.3032935622299707,54968544883.0,47271443959.0,Sheep,Bo4UrPD2ifNaNfE5zskMwgufuZjpYVgQ8FmzS8NepTFN,2LtmfzWFfeY5UtPT9gzbxnb3TxUTCHznZBBhtszNwvioYFdY91rLbWS6JTuEWkW4UB3WukmK1kyH7kXzdJbAAjtU,45.187
5.0,priced,-0.3133246479569336,54968544883.0,46933158710.0,Sheep,Bo4UrPD2ifNaNfE5zskMwgufuZjpYVgQ8FmzS8NepTFN,2LtmfzWFfeY5UtPT9gzbxnb3TxUTCHznZBBhtszNwvioYFdY91rLbWS6JTuEWkW4UB3WukmK1kyH7kXzdJbAAjtU,45.187
10.0,priced,-0.32185166312379454,55211132549.0,46848683399.0,Sheep,Bo4UrPD2ifNaNfE5zskMwgufuZjpYVgQ8FmzS8NepTFN,2LtmfzWFfeY5UtPT9gzbxnb3TxUTCHznZBBhtszNwvioYFdY91rLbWS6JTuEWkW4UB3WukmK1kyH7kXzdJbAAjtU,45.187
0.0,priced,-0.303562102336988,36248899004.0,31233417732.0,Sheep,4ZcmpEBpTVX8gQxQ4NRsxhEFLemMEuuWrJeKjVcJAZxo,djtf2ifjxc24UKUVHR19VytHr58rXqFoPA1r46YA81aC39ont9SvFUzvY4Bd1WRNPvwYKUb6P2eT9ToiopBcEti,66.609
0.5,priced,-0.2864860786501101,37522973074.0,32714899212.0,Sheep,4ZcmpEBpTVX8gQxQ4NRsxhEFLemMEuuWrJeKjVcJAZxo,djtf2ifjxc24UKUVHR19VytHr58rXqFoPA1r46YA81aC39ont9SvFUzvY4Bd1WRNPvwYKUb6P2eT9ToiopBcEti,66.609
1.0,priced,-0.2864860786501101,37522973074.0,32714899212.0,Sheep,4ZcmpEBpTVX8gQxQ4NRsxhEFLemMEuuWrJeKjVcJAZxo,djtf2ifjxc24UKUVHR19VytHr58rXqFoPA1r46YA81aC39ont9SvFUzvY4Bd1WRNPvwYKUb6P2eT9ToiopBcEti,66.609
2.0,priced,-0.2864860786501101,37522973074.0,32714899212.0,Sheep,4ZcmpEBpTVX8gQxQ4NRsxhEFLemMEuuWrJeKjVcJAZxo,djtf2ifjxc24UKUVHR19VytHr58rXqFoPA1r46YA81aC39ont9SvFUzvY4Bd1WRNPvwYKUb6P2eT9ToiopBcEti,66.609
3.0,priced,-0.2868422256685773,37522973074.0,32706801228.0,Sheep,4ZcmpEBpTVX8gQxQ4NRsxhEFLemMEuuWrJeKjVcJAZxo,djtf2ifjxc24UKUVHR19VytHr58rXqFoPA1r46YA81aC39ont9SvFUzvY4Bd1WRNPvwYKUb6P2eT9ToiopBcEti,66.609
5.0,priced,-0.22539748560887612,37522973074.0,34075690116.0,Sheep,4ZcmpEBpTVX8gQxQ4NRsxhEFLemMEuuWrJeKjVcJAZxo,djtf2ifjxc24UKUVHR19VytHr58rXqFoPA1r46YA81aC39ont9SvFUzvY4Bd1WRNPvwYKUb6P2eT9ToiopBcEti,66.609
10.0,priced,-0.23349896268202758,37720503937.0,34075690116.0,Sheep,4ZcmpEBpTVX8gQxQ4NRsxhEFLemMEuuWrJeKjVcJAZxo,djtf2ifjxc24UKUVHR19VytHr58rXqFoPA1r46YA81aC39ont9SvFUzvY4Bd1WRNPvwYKUb6P2eT9ToiopBcEti,66.609
0.0,priced,-0.30597847453857124,35000000000.0,30112093627.0,Sheep,29XXZ2voHwcLkUrsigXKCFzmDfQ2CuN7stphfkZAk8QD,4dNrDLkiMu4EGStLzqQ2D83CUkmNnPsDkiCSF2DeXMy3kYevUneJhkdTAHUFb9YH6avv31P9XjXnibSHfAhrNLts,1.783
0.5,priced,-0.46391228321246186,39800000000.0,30112093627.0,Sheep,29XXZ2voHwcLkUrsigXKCFzmDfQ2CuN7stphfkZAk8QD,4dNrDLkiMu4EGStLzqQ2D83CUkmNnPsDkiCSF2DeXMy3kYevUneJhkdTAHUFb9YH6avv31P9XjXnibSHfAhrNLts,1.783
1.0,missed: wallet sold before our entry landed,,,,Sheep,29XXZ2voHwcLkUrsigXKCFzmDfQ2CuN7stphfkZAk8QD,4dNrDLkiMu4EGStLzqQ2D83CUkmNnPsDkiCSF2DeXMy3kYevUneJhkdTAHUFb9YH6avv31P9XjXnibSHfAhrNLts,1.783
2.0,missed: wallet sold before our entry landed,,,,Sheep,29XXZ2voHwcLkUrsigXKCFzmDfQ2CuN7stphfkZAk8QD,4dNrDLkiMu4EGStLzqQ2D83CUkmNnPsDkiCSF2DeXMy3kYevUneJhkdTAHUFb9YH6avv31P9XjXnibSHfAhrNLts,1.783
3.0,missed: wallet sold before our entry landed,,,,Sheep,29XXZ2voHwcLkUrsigXKCFzmDfQ2CuN7stphfkZAk8QD,4dNrDLkiMu4EGStLzqQ2D83CUkmNnPsDkiCSF2DeXMy3kYevUneJhkdTAHUFb9YH6avv31P9XjXnibSHfAhrNLts,1.783
5.0,missed: wallet sold before our entry landed,,,,Sheep,29XXZ2voHwcLkUrsigXKCFzmDfQ2CuN7stphfkZAk8QD,4dNrDLkiMu4EGStLzqQ2D83CUkmNnPsDkiCSF2DeXMy3kYevUneJhkdTAHUFb9YH6avv31P9XjXnibSHfAhrNLts,1.783
10.0,missed: wallet sold before our entry landed,,,,Sheep,29XXZ2voHwcLkUrsigXKCFzmDfQ2CuN7stphfkZAk8QD,4dNrDLkiMu4EGStLzqQ2D83CUkmNnPsDkiCSF2DeXMy3kYevUneJhkdTAHUFb9YH6avv31P9XjXnibSHfAhrNLts,1.783
0.0,priced,-0.3319036400959672,36156278695.0,30519173152.0,Sheep,3cNXhXGFyFyrMXc2PuPV5uFKY6RUsZqP29fcJdDS44D5,BKZ6H4FR3VNwKZf3feXuwdMpkb5uUFRww77h6sXoCg8tg77GrPrqNyWwaqpi3wUhVwLYXa3euEJJgWf81VUmJPX,102.627
0.5,priced,-0.3319036400959672,36156278695.0,30519173152.0,Sheep,3cNXhXGFyFyrMXc2PuPV5uFKY6RUsZqP29fcJdDS44D5,BKZ6H4FR3VNwKZf3feXuwdMpkb5uUFRww77h6sXoCg8tg77GrPrqNyWwaqpi3wUhVwLYXa3euEJJgWf81VUmJPX,102.627
1.0,priced,-0.27913986883113895,36170910609.0,31703870917.0,Sheep,3cNXhXGFyFyrMXc2PuPV5uFKY6RUsZqP29fcJdDS44D5,BKZ6H4FR3VNwKZf3feXuwdMpkb5uUFRww77h6sXoCg8tg77GrPrqNyWwaqpi3wUhVwLYXa3euEJJgWf81VUmJPX,102.627
2.0,priced,-0.2791474143918616,36170910609.0,31703706326.0,Sheep,3cNXhXGFyFyrMXc2PuPV5uFKY6RUsZqP29fcJdDS44D5,BKZ6H4FR3VNwKZf3feXuwdMpkb5uUFRww77h6sXoCg8tg77GrPrqNyWwaqpi3wUhVwLYXa3euEJJgWf81VUmJPX,102.627
3.0,priced,-0.2906115985213062,36421446619.0,31669141159.0,Sheep,3cNXhXGFyFyrMXc2PuPV5uFKY6RUsZqP29fcJdDS44D5,BKZ6H4FR3VNwKZf3feXuwdMpkb5uUFRww77h6sXoCg8tg77GrPrqNyWwaqpi3wUhVwLYXa3euEJJgWf81VUmJPX,102.627
5.0,priced,-0.29445147145501127,36520212050.0,31669141159.0,Sheep,3cNXhXGFyFyrMXc2PuPV5uFKY6RUsZqP29fcJdDS44D5,BKZ6H4FR3VNwKZf3feXuwdMpkb5uUFRww77h6sXoCg8tg77GrPrqNyWwaqpi3wUhVwLYXa3euEJJgWf81VUmJPX,102.627
10.0,priced,-0.29452719000291017,36522167605.0,31669141159.0,Sheep,3cNXhXGFyFyrMXc2PuPV5uFKY6RUsZqP29fcJdDS44D5,BKZ6H4FR3VNwKZf3feXuwdMpkb5uUFRww77h6sXoCg8tg77GrPrqNyWwaqpi3wUhVwLYXa3euEJJgWf81VUmJPX,102.627
0.0,priced,0.023271931981322047,35000000000.0,36519680728.0,Sheep,3cNXhXGFyFyrMXc2PuPV5uFKY6RUsZqP29fcJdDS44D5,2LY2sPX3SAm8pVJd2XzZvDbwDUkVmswbKBEcfMCqZrTH8XmTymBMxspxbXhAMzvf8xHAnVDQoxRLzsPBZSLgmfYv,4.018
0.5,priced,-0.2163158833234979,39997530863.0,36519680728.0,Sheep,3cNXhXGFyFyrMXc2PuPV5uFKY6RUsZqP29fcJdDS44D5,2LY2sPX3SAm8pVJd2XzZvDbwDUkVmswbKBEcfMCqZrTH8XmTymBMxspxbXhAMzvf8xHAnVDQoxRLzsPBZSLgmfYv,4.018
1.0,priced,-0.21565769943438662,39997530863.0,36534900393.0,Sheep,3cNXhXGFyFyrMXc2PuPV5uFKY6RUsZqP29fcJdDS44D5,2LY2sPX3SAm8pVJd2XzZvDbwDUkVmswbKBEcfMCqZrTH8XmTymBMxspxbXhAMzvf8xHAnVDQoxRLzsPBZSLgmfYv,4.018
2.0,priced,-0.21565769943438662,39997530863.0,36534900393.0,Sheep,3cNXhXGFyFyrMXc2PuPV5uFKY6RUsZqP29fcJdDS44D5,2LY2sPX3SAm8pVJd2XzZvDbwDUkVmswbKBEcfMCqZrTH8XmTymBMxspxbXhAMzvf8xHAnVDQoxRLzsPBZSLgmfYv,4.018
3.0,priced,-0.21565769943438662,39997530863.0,36534900393.0,Sheep,3cNXhXGFyFyrMXc2PuPV5uFKY6RUsZqP29fcJdDS44D5,2LY2sPX3SAm8pVJd2XzZvDbwDUkVmswbKBEcfMCqZrTH8XmTymBMxspxbXhAMzvf8xHAnVDQoxRLzsPBZSLgmfYv,4.018
5.0,priced,-0.21565769943438662,39997530863.0,36534900393.0,Sheep,3cNXhXGFyFyrMXc2PuPV5uFKY6RUsZqP29fcJdDS44D5,2LY2sPX3SAm8pVJd2XzZvDbwDUkVmswbKBEcfMCqZrTH8XmTymBMxspxbXhAMzvf8xHAnVDQoxRLzsPBZSLgmfYv,4.018
10.0,missed: wallet sold before our entry landed,,,,Sheep,3cNXhXGFyFyrMXc2PuPV5uFKY6RUsZqP29fcJdDS44D5,2LY2sPX3SAm8pVJd2XzZvDbwDUkVmswbKBEcfMCqZrTH8XmTymBMxspxbXhAMzvf8xHAnVDQoxRLzsPBZSLgmfYv,4.018
0.0,priced,-0.40320668937067844,40865891340.0,32597192553.0,Sheep,Fb189ratjCdZESmai5UdrUMyvMV3uANghzxLxCAM2Jnz,TyNiLL1QvVVWDCji7Ft4za9Yzvxy5HQRPF7Sm58V5ZeALJtNZWWiLMo9fuf4XABtdHeUWKrDn1fgdVruLAMCKrE,148.101
0.5,priced,-0.4045185759776422,40865891340.0,32561735463.0,Sheep,Fb189ratjCdZESmai5UdrUMyvMV3uANghzxLxCAM2Jnz,TyNiLL1QvVVWDCji7Ft4za9Yzvxy5HQRPF7Sm58V5ZeALJtNZWWiLMo9fuf4XABtdHeUWKrDn1fgdVruLAMCKrE,148.101
1.0,priced,-0.43690720024283697,42017521161.0,32561735463.0,Sheep,Fb189ratjCdZESmai5UdrUMyvMV3uANghzxLxCAM2Jnz,TyNiLL1QvVVWDCji7Ft4za9Yzvxy5HQRPF7Sm58V5ZeALJtNZWWiLMo9fuf4XABtdHeUWKrDn1fgdVruLAMCKrE,148.101
2.0,priced,-0.29108660798423397,42017521161.0,36492599659.0,Sheep,Fb189ratjCdZESmai5UdrUMyvMV3uANghzxLxCAM2Jnz,TyNiLL1QvVVWDCji7Ft4za9Yzvxy5HQRPF7Sm58V5ZeALJtNZWWiLMo9fuf4XABtdHeUWKrDn1fgdVruLAMCKrE,148.101
3.0,priced,-0.148528489779773,38345098492.0,36492599659.0,Sheep,Fb189ratjCdZESmai5UdrUMyvMV3uANghzxLxCAM2Jnz,TyNiLL1QvVVWDCji7Ft4za9Yzvxy5HQRPF7Sm58V5ZeALJtNZWWiLMo9fuf4XABtdHeUWKrDn1fgdVruLAMCKrE,148.101
5.0,priced,-0.15383423145192504,38345098492.0,36379447249.0,Sheep,Fb189ratjCdZESmai5UdrUMyvMV3uANghzxLxCAM2Jnz,TyNiLL1QvVVWDCji7Ft4za9Yzvxy5HQRPF7Sm58V5ZeALJtNZWWiLMo9fuf4XABtdHeUWKrDn1fgdVruLAMCKrE,148.101
10.0,priced,-0.1729675490322193,38345098492.0,35968472758.0,Sheep,Fb189ratjCdZESmai5UdrUMyvMV3uANghzxLxCAM2Jnz,TyNiLL1QvVVWDCji7Ft4za9Yzvxy5HQRPF7Sm58V5ZeALJtNZWWiLMo9fuf4XABtdHeUWKrDn1fgdVruLAMCKrE,148.101
0.0,priced,-0.024490674657923938,33084855195.0,33723282229.0,Sheep,3muQMVGG1tkojEp5BKbUDoep6od91yzJw1nZqpxwpump,5Tn9Xfxs55dSfjU76ZCB1saZ7ihF3MfPkoxTR1XCc49r7jQiixWZrUMvGha1NK68xKxmG33nnBGxjHcnisfJeW2a,220.163
0.5,priced,-0.12538304910944914,34944937499.0,33723282229.0,Sheep,3muQMVGG1tkojEp5BKbUDoep6od91yzJw1nZqpxwpump,5Tn9Xfxs55dSfjU76ZCB1saZ7ihF3MfPkoxTR1XCc49r7jQiixWZrUMvGha1NK68xKxmG33nnBGxjHcnisfJeW2a,220.163
1.0,priced,-0.2153489641348871,36811549569.0,33648216308.0,Sheep,3muQMVGG1tkojEp5BKbUDoep6od91yzJw1nZqpxwpump,5Tn9Xfxs55dSfjU76ZCB1saZ7ihF3MfPkoxTR1XCc49r7jQiixWZrUMvGha1NK68xKxmG33nnBGxjHcnisfJeW2a,220.163
2.0,priced,-0.21716172138486756,36854110614.0,33648216308.0,Sheep,3muQMVGG1tkojEp5BKbUDoep6od91yzJw1nZqpxwpump,5Tn9Xfxs55dSfjU76ZCB1saZ7ihF3MfPkoxTR1XCc49r7jQiixWZrUMvGha1NK68xKxmG33nnBGxjHcnisfJeW2a,220.163
3.0,priced,-0.21716172138486756,36854110614.0,33648216308.0,Sheep,3muQMVGG1tkojEp5BKbUDoep6od91yzJw1nZqpxwpump,5Tn9Xfxs55dSfjU76ZCB1saZ7ihF3MfPkoxTR1XCc49r7jQiixWZrUMvGha1NK68xKxmG33nnBGxjHcnisfJeW2a,220.163
5.0,priced,-0.35731697134315943,36854110614.0,30512766965.0,Sheep,3muQMVGG1tkojEp5BKbUDoep6od91yzJw1nZqpxwpump,5Tn9Xfxs55dSfjU76ZCB1saZ7ihF3MfPkoxTR1XCc49r7jQiixWZrUMvGha1NK68xKxmG33nnBGxjHcnisfJeW2a,220.163
10.0,priced,-0.35731697134315943,36854110614.0,30512766965.0,Sheep,3muQMVGG1tkojEp5BKbUDoep6od91yzJw1nZqpxwpump,5Tn9Xfxs55dSfjU76ZCB1saZ7ihF3MfPkoxTR1XCc49r7jQiixWZrUMvGha1NK68xKxmG33nnBGxjHcnisfJeW2a,220.163
0.0,priced,0.09125807053665899,32211537018.0,34726018922.0,Sheep,7BH6qQ4wkTCri6eezdo3psRHQJcmsh8VExTGA2QjwbNd,2hXSUJNw458J1TGzKpSvCreodkzqebbmv9xhg7Y9wEbjjVqKfMvZ4fUiiR9w3eFSnz7gE13LxjLTFPbPZ5ggEkEq,198.069
0.5,priced,-0.1489263372278204,36485825794.0,34726018922.0,Sheep,7BH6qQ4wkTCri6eezdo3psRHQJcmsh8VExTGA2QjwbNd,2hXSUJNw458J1TGzKpSvCreodkzqebbmv9xhg7Y9wEbjjVqKfMvZ4fUiiR9w3eFSnz7gE13LxjLTFPbPZ5ggEkEq,198.069
1.0,priced,-0.17481849800716007,37541399477.0,35180039144.0,Sheep,7BH6qQ4wkTCri6eezdo3psRHQJcmsh8VExTGA2QjwbNd,2hXSUJNw458J1TGzKpSvCreodkzqebbmv9xhg7Y9wEbjjVqKfMvZ4fUiiR9w3eFSnz7gE13LxjLTFPbPZ5ggEkEq,198.069
2.0,priced,-0.17481849800716007,37541399477.0,35180039144.0,Sheep,7BH6qQ4wkTCri6eezdo3psRHQJcmsh8VExTGA2QjwbNd,2hXSUJNw458J1TGzKpSvCreodkzqebbmv9xhg7Y9wEbjjVqKfMvZ4fUiiR9w3eFSnz7gE13LxjLTFPbPZ5ggEkEq,198.069
3.0,priced,-0.17481849800716007,37541399477.0,35180039144.0,Sheep,7BH6qQ4wkTCri6eezdo3psRHQJcmsh8VExTGA2QjwbNd,2hXSUJNw458J1TGzKpSvCreodkzqebbmv9xhg7Y9wEbjjVqKfMvZ4fUiiR9w3eFSnz7gE13LxjLTFPbPZ5ggEkEq,198.069
5.0,priced,-0.16546442333950806,37541399477.0,35377570007.0,Sheep,7BH6qQ4wkTCri6eezdo3psRHQJcmsh8VExTGA2QjwbNd,2hXSUJNw458J1TGzKpSvCreodkzqebbmv9xhg7Y9wEbjjVqKfMvZ4fUiiR9w3eFSnz7gE13LxjLTFPbPZ5ggEkEq,198.069
10.0,priced,-0.17133313462269845,37541399477.0,35253768079.0,Sheep,7BH6qQ4wkTCri6eezdo3psRHQJcmsh8VExTGA2QjwbNd,2hXSUJNw458J1TGzKpSvCreodkzqebbmv9xhg7Y9wEbjjVqKfMvZ4fUiiR9w3eFSnz7gE13LxjLTFPbPZ5ggEkEq,198.069
0.0,priced,0.05468322178744995,35000000000.0,37073707135.0,Sheep,8FjFPNDSopzXuL4CmaBLMhEg7tTv3gGWtkXsEZKiK8xL,2ZmQBupR2KCX6AvdU5kUe1o4vbXHVUY4WhMUQynTf8FGXF1zLjoUgjg9aN7HGYk8F8SC1GFUPckxggiRck4HPp9D,3.995
0.5,priced,-0.21988142139563596,39997530863.0,36437122617.0,Sheep,8FjFPNDSopzXuL4CmaBLMhEg7tTv3gGWtkXsEZKiK8xL,2ZmQBupR2KCX6AvdU5kUe1o4vbXHVUY4WhMUQynTf8FGXF1zLjoUgjg9aN7HGYk8F8SC1GFUPckxggiRck4HPp9D,3.995
1.0,priced,-0.2452564152375244,40663065677.0,36437122617.0,Sheep,8FjFPNDSopzXuL4CmaBLMhEg7tTv3gGWtkXsEZKiK8xL,2ZmQBupR2KCX6AvdU5kUe1o4vbXHVUY4WhMUQynTf8FGXF1zLjoUgjg9aN7HGYk8F8SC1GFUPckxggiRck4HPp9D,3.995
2.0,priced,-0.2452564152375244,40663065677.0,36437122617.0,Sheep,8FjFPNDSopzXuL4CmaBLMhEg7tTv3gGWtkXsEZKiK8xL,2ZmQBupR2KCX6AvdU5kUe1o4vbXHVUY4WhMUQynTf8FGXF1zLjoUgjg9aN7HGYk8F8SC1GFUPckxggiRck4HPp9D,3.995
3.0,priced,-0.2452564152375244,40663065677.0,36437122617.0,Sheep,8FjFPNDSopzXuL4CmaBLMhEg7tTv3gGWtkXsEZKiK8xL,2ZmQBupR2KCX6AvdU5kUe1o4vbXHVUY4WhMUQynTf8FGXF1zLjoUgjg9aN7HGYk8F8SC1GFUPckxggiRck4HPp9D,3.995
5.0,priced,-0.2452564152375244,40663065677.0,36437122617.0,Sheep,8FjFPNDSopzXuL4CmaBLMhEg7tTv3gGWtkXsEZKiK8xL,2ZmQBupR2KCX6AvdU5kUe1o4vbXHVUY4WhMUQynTf8FGXF1zLjoUgjg9aN7HGYk8F8SC1GFUPckxggiRck4HPp9D,3.995
10.0,missed: wallet sold before our entry landed,,,,Sheep,8FjFPNDSopzXuL4CmaBLMhEg7tTv3gGWtkXsEZKiK8xL,2ZmQBupR2KCX6AvdU5kUe1o4vbXHVUY4WhMUQynTf8FGXF1zLjoUgjg9aN7HGYk8F8SC1GFUPckxggiRck4HPp9D,3.995
0.0,priced,-0.23530365468967904,42150988628.0,38009075732.0,Sheep,3bgxS7UFWk3iymjLgeCwCwdnvG2bppZo7ryZx6Vepump,61J4MTybQGzhXV5UET5JPc7nQ4z429GYqkhkiP5nphPsUk4ySndzosNxJacPaGrWTNwYrfs3fzyaQ12LrKLzyPjw,26.564
0.5,priced,-0.3856930324191302,44011070932.0,35598180483.0,Sheep,3bgxS7UFWk3iymjLgeCwCwdnvG2bppZo7ryZx6Vepump,61J4MTybQGzhXV5UET5JPc7nQ4z429GYqkhkiP5nphPsUk4ySndzosNxJacPaGrWTNwYrfs3fzyaQ12LrKLzyPjw,26.564
1.0,priced,-0.3334917360363947,41595495177.0,35040612523.0,Sheep,3bgxS7UFWk3iymjLgeCwCwdnvG2bppZo7ryZx6Vepump,61J4MTybQGzhXV5UET5JPc7nQ4z429GYqkhkiP5nphPsUk4ySndzosNxJacPaGrWTNwYrfs3fzyaQ12LrKLzyPjw,26.564
2.0,priced,-0.34898577370963263,42383523223.0,35287477538.0,Sheep,3bgxS7UFWk3iymjLgeCwCwdnvG2bppZo7ryZx6Vepump,61J4MTybQGzhXV5UET5JPc7nQ4z429GYqkhkiP5nphPsUk4ySndzosNxJacPaGrWTNwYrfs3fzyaQ12LrKLzyPjw,26.564
3.0,priced,-0.2892610082681177,40570357100.0,35287477538.0,Sheep,3bgxS7UFWk3iymjLgeCwCwdnvG2bppZo7ryZx6Vepump,61J4MTybQGzhXV5UET5JPc7nQ4z429GYqkhkiP5nphPsUk4ySndzosNxJacPaGrWTNwYrfs3fzyaQ12LrKLzyPjw,26.564
5.0,priced,-0.3317158631720246,41338963872.0,34871599056.0,Sheep,3bgxS7UFWk3iymjLgeCwCwdnvG2bppZo7ryZx6Vepump,61J4MTybQGzhXV5UET5JPc7nQ4z429GYqkhkiP5nphPsUk4ySndzosNxJacPaGrWTNwYrfs3fzyaQ12LrKLzyPjw,26.564
10.0,priced,-0.3632387853928357,41338963872.0,34047193231.0,Sheep,3bgxS7UFWk3iymjLgeCwCwdnvG2bppZo7ryZx6Vepump,61J4MTybQGzhXV5UET5JPc7nQ4z429GYqkhkiP5nphPsUk4ySndzosNxJacPaGrWTNwYrfs3fzyaQ12LrKLzyPjw,26.564
0.0,priced,-0.14374996421105898,42996646587.0,41005896341.0,Sheep,3bgxS7UFWk3iymjLgeCwCwdnvG2bppZo7ryZx6Vepump,Js5sKDeaXD34CfyHUnqZy5mToNHKxHR2c5u8JmtsZ7s8ycg7MtBMumTuCnT5tA2ZqsjvYMNqbr4ZRfJLosVfwoU,10.076
0.5,priced,-0.34828334264457705,44960017493.0,37441311819.0,Sheep,3bgxS7UFWk3iymjLgeCwCwdnvG2bppZo7ryZx6Vepump,Js5sKDeaXD34CfyHUnqZy5mToNHKxHR2c5u8JmtsZ7s8ycg7MtBMumTuCnT5tA2ZqsjvYMNqbr4ZRfJLosVfwoU,10.076
1.0,priced,-0.28675758111387084,42982043207.0,37438570433.0,Sheep,3bgxS7UFWk3iymjLgeCwCwdnvG2bppZo7ryZx6Vepump,Js5sKDeaXD34CfyHUnqZy5mToNHKxHR2c5u8JmtsZ7s8ycg7MtBMumTuCnT5tA2ZqsjvYMNqbr4ZRfJLosVfwoU,10.076
2.0,priced,-0.32978206426779605,44214510227.0,37337519731.0,Sheep,3bgxS7UFWk3iymjLgeCwCwdnvG2bppZo7ryZx6Vepump,Js5sKDeaXD34CfyHUnqZy5mToNHKxHR2c5u8JmtsZ7s8ycg7MtBMumTuCnT5tA2ZqsjvYMNqbr4ZRfJLosVfwoU,10.076
3.0,priced,-0.3302631639526868,44230317147.0,37337519731.0,Sheep,3bgxS7UFWk3iymjLgeCwCwdnvG2bppZo7ryZx6Vepump,Js5sKDeaXD34CfyHUnqZy5mToNHKxHR2c5u8JmtsZ7s8ycg7MtBMumTuCnT5tA2ZqsjvYMNqbr4ZRfJLosVfwoU,10.076
5.0,priced,-0.32166316105199527,43950265185.0,37337519731.0,Sheep,3bgxS7UFWk3iymjLgeCwCwdnvG2bppZo7ryZx6Vepump,Js5sKDeaXD34CfyHUnqZy5mToNHKxHR2c5u8JmtsZ7s8ycg7MtBMumTuCnT5tA2ZqsjvYMNqbr4ZRfJLosVfwoU,10.076
10.0,priced,-0.3557232072722839,42557859519.0,35249849021.0,Sheep,3bgxS7UFWk3iymjLgeCwCwdnvG2bppZo7ryZx6Vepump,Js5sKDeaXD34CfyHUnqZy5mToNHKxHR2c5u8JmtsZ7s8ycg7MtBMumTuCnT5tA2ZqsjvYMNqbr4ZRfJLosVfwoU,10.076
0.0,priced,0.016476009947296144,49511232339.0,51383213321.0,Sheep,Eg5noE4CHfxQiMkM73XCAyUTAdgmfRoTXMit62sspaid,4oNogfuxwbnh1hCH9PavKYNPrQ3gFFaB6EiXtHHUrgLrhFABL9Jx9fhD6fKkFjXWm2ybWfhJMctYqpcnqEpBS7cL,209.216
0.5,priced,0.02816460921526122,49417358381.0,51578768876.0,Sheep,Eg5noE4CHfxQiMkM73XCAyUTAdgmfRoTXMit62sspaid,4oNogfuxwbnh1hCH9PavKYNPrQ3gFFaB6EiXtHHUrgLrhFABL9Jx9fhD6fKkFjXWm2ybWfhJMctYqpcnqEpBS7cL,209.216
1.0,priced,-0.16640587550139524,51013235308.0,47966295845.0,Sheep,Eg5noE4CHfxQiMkM73XCAyUTAdgmfRoTXMit62sspaid,4oNogfuxwbnh1hCH9PavKYNPrQ3gFFaB6EiXtHHUrgLrhFABL9Jx9fhD6fKkFjXWm2ybWfhJMctYqpcnqEpBS7cL,209.216
2.0,priced,-0.19871148545489323,52076418561.0,48010389526.0,Sheep,Eg5noE4CHfxQiMkM73XCAyUTAdgmfRoTXMit62sspaid,4oNogfuxwbnh1hCH9PavKYNPrQ3gFFaB6EiXtHHUrgLrhFABL9Jx9fhD6fKkFjXWm2ybWfhJMctYqpcnqEpBS7cL,209.216
3.0,priced,-0.16956547676737488,52076418561.0,48869153794.0,Sheep,Eg5noE4CHfxQiMkM73XCAyUTAdgmfRoTXMit62sspaid,4oNogfuxwbnh1hCH9PavKYNPrQ3gFFaB6EiXtHHUrgLrhFABL9Jx9fhD6fKkFjXWm2ybWfhJMctYqpcnqEpBS7cL,209.216
5.0,priced,-0.1963986582627045,52076418561.0,48079091813.0,Sheep,Eg5noE4CHfxQiMkM73XCAyUTAdgmfRoTXMit62sspaid,4oNogfuxwbnh1hCH9PavKYNPrQ3gFFaB6EiXtHHUrgLrhFABL9Jx9fhD6fKkFjXWm2ybWfhJMctYqpcnqEpBS7cL,209.216
10.0,priced,-0.26647473550388434,53189523694.0,46930100632.0,Sheep,Eg5noE4CHfxQiMkM73XCAyUTAdgmfRoTXMit62sspaid,4oNogfuxwbnh1hCH9PavKYNPrQ3gFFaB6EiXtHHUrgLrhFABL9Jx9fhD6fKkFjXWm2ybWfhJMctYqpcnqEpBS7cL,209.216
0.0,priced,0.11900740583945368,35000000000.0,38183436450.0,Sheep,79D2bE5VZ8eESx2eHfVZz7mYUhgiBcGUUbUitPDwhYkG,3P8LqSe2bGnC91mN5urWqVXqpdLFVFR5hpH7MZZbGSJ9t8dv6rovhtRZx7iCPtCLLxpQnG71xxFdSE5raDEAZHtH,4.212
0.5,priced,-0.26727164798179076,43256790122.0,38183436450.0,Sheep,79D2bE5VZ8eESx2eHfVZz7mYUhgiBcGUUbUitPDwhYkG,3P8LqSe2bGnC91mN5urWqVXqpdLFVFR5hpH7MZZbGSJ9t8dv6rovhtRZx7iCPtCLLxpQnG71xxFdSE5raDEAZHtH,4.212
1.0,priced,-0.26760716341826235,43266666664.0,38183436450.0,Sheep,79D2bE5VZ8eESx2eHfVZz7mYUhgiBcGUUbUitPDwhYkG,3P8LqSe2bGnC91mN5urWqVXqpdLFVFR5hpH7MZZbGSJ9t8dv6rovhtRZx7iCPtCLLxpQnG71xxFdSE5raDEAZHtH,4.212
2.0,priced,-0.29047381614664614,43956001972.0,38183436450.0,Sheep,79D2bE5VZ8eESx2eHfVZz7mYUhgiBcGUUbUitPDwhYkG,3P8LqSe2bGnC91mN5urWqVXqpdLFVFR5hpH7MZZbGSJ9t8dv6rovhtRZx7iCPtCLLxpQnG71xxFdSE5raDEAZHtH,4.212
3.0,priced,-0.29047381614664614,43956001972.0,38183436450.0,Sheep,79D2bE5VZ8eESx2eHfVZz7mYUhgiBcGUUbUitPDwhYkG,3P8LqSe2bGnC91mN5urWqVXqpdLFVFR5hpH7MZZbGSJ9t8dv6rovhtRZx7iCPtCLLxpQnG71xxFdSE5raDEAZHtH,4.212
5.0,priced,-0.209872301481565,42088899014.0,38574547561.0,Sheep,79D2bE5VZ8eESx2eHfVZz7mYUhgiBcGUUbUitPDwhYkG,3P8LqSe2bGnC91mN5urWqVXqpdLFVFR5hpH7MZZbGSJ9t8dv6rovhtRZx7iCPtCLLxpQnG71xxFdSE5raDEAZHtH,4.212
10.0,priced,-0.3108918341046021,42001958111.0,35970488831.0,Sheep,79D2bE5VZ8eESx2eHfVZz7mYUhgiBcGUUbUitPDwhYkG,3P8LqSe2bGnC91mN5urWqVXqpdLFVFR5hpH7MZZbGSJ9t8dv6rovhtRZx7iCPtCLLxpQnG71xxFdSE5raDEAZHtH,4.212
0.0,priced,-0.14183342588290895,35000000000.0,33458767014.0,Sheep,8Skh5btKQtydg2BNhVzrcVjc3oKLtyRWnEQcTqGRrZZs,41fiNVZAZDnFouwhaz7WnpZp7w8BSRE9KLCyG53Yq7GQM81qoaQDudyra9R59dMAMiKa6PAZPRxUqNWUc5K7vfAz,4.02
0.5,priced,-0.3365951781223679,39800000000.0,33458767014.0,Sheep,8Skh5btKQtydg2BNhVzrcVjc3oKLtyRWnEQcTqGRrZZs,41fiNVZAZDnFouwhaz7WnpZp7w8BSRE9KLCyG53Yq7GQM81qoaQDudyra9R59dMAMiKa6PAZPRxUqNWUc5K7vfAz,4.02
1.0,priced,-0.3365951781223679,39800000000.0,33458767014.0,Sheep,8Skh5btKQtydg2BNhVzrcVjc3oKLtyRWnEQcTqGRrZZs,41fiNVZAZDnFouwhaz7WnpZp7w8BSRE9KLCyG53Yq7GQM81qoaQDudyra9R59dMAMiKa6PAZPRxUqNWUc5K7vfAz,4.02
2.0,priced,-0.3365951781223679,39800000000.0,33458767014.0,Sheep,8Skh5btKQtydg2BNhVzrcVjc3oKLtyRWnEQcTqGRrZZs,41fiNVZAZDnFouwhaz7WnpZp7w8BSRE9KLCyG53Yq7GQM81qoaQDudyra9R59dMAMiKa6PAZPRxUqNWUc5K7vfAz,4.02
3.0,priced,-0.3365951781223679,39800000000.0,33458767014.0,Sheep,8Skh5btKQtydg2BNhVzrcVjc3oKLtyRWnEQcTqGRrZZs,41fiNVZAZDnFouwhaz7WnpZp7w8BSRE9KLCyG53Yq7GQM81qoaQDudyra9R59dMAMiKa6PAZPRxUqNWUc5K7vfAz,4.02
5.0,priced,-0.3365951781223679,39800000000.0,33458767014.0,Sheep,8Skh5btKQtydg2BNhVzrcVjc3oKLtyRWnEQcTqGRrZZs,41fiNVZAZDnFouwhaz7WnpZp7w8BSRE9KLCyG53Yq7GQM81qoaQDudyra9R59dMAMiKa6PAZPRxUqNWUc5K7vfAz,4.02
10.0,missed: wallet sold before our entry landed,,,,Sheep,8Skh5btKQtydg2BNhVzrcVjc3oKLtyRWnEQcTqGRrZZs,41fiNVZAZDnFouwhaz7WnpZp7w8BSRE9KLCyG53Yq7GQM81qoaQDudyra9R59dMAMiKa6PAZPRxUqNWUc5K7vfAz,4.02
0.0,priced,0.014483509275057913,35000000000.0,36363177480.0,Sheep,2PH4QDUUa9Uib6B9UsgyqvwfTHjfxyVTkAsaGBgJ8NzE,2BWpFuue2b9V4z5vHRT6H3rKjsa1Mt1dBibixgfHHhfg8yPXpxWz8jScfdG6E82XtLxYp5HGkjdsxpo2GG3DbNoN,4.054
0.5,priced,-0.21571462845067443,39809876542.0,36363177480.0,Sheep,2PH4QDUUa9Uib6B9UsgyqvwfTHjfxyVTkAsaGBgJ8NzE,2BWpFuue2b9V4z5vHRT6H3rKjsa1Mt1dBibixgfHHhfg8yPXpxWz8jScfdG6E82XtLxYp5HGkjdsxpo2GG3DbNoN,4.054
1.0,priced,-0.24884061095481574,39809876542.0,35592780694.0,Sheep,2PH4QDUUa9Uib6B9UsgyqvwfTHjfxyVTkAsaGBgJ8NzE,2BWpFuue2b9V4z5vHRT6H3rKjsa1Mt1dBibixgfHHhfg8yPXpxWz8jScfdG6E82XtLxYp5HGkjdsxpo2GG3DbNoN,4.054
2.0,priced,-0.2799316725671015,39809876542.0,34854350193.0,Sheep,2PH4QDUUa9Uib6B9UsgyqvwfTHjfxyVTkAsaGBgJ8NzE,2BWpFuue2b9V4z5vHRT6H3rKjsa1Mt1dBibixgfHHhfg8yPXpxWz8jScfdG6E82XtLxYp5HGkjdsxpo2GG3DbNoN,4.054
3.0,priced,-0.2799316725671015,39809876542.0,34854350193.0,Sheep,2PH4QDUUa9Uib6B9UsgyqvwfTHjfxyVTkAsaGBgJ8NzE,2BWpFuue2b9V4z5vHRT6H3rKjsa1Mt1dBibixgfHHhfg8yPXpxWz8jScfdG6E82XtLxYp5HGkjdsxpo2GG3DbNoN,4.054
5.0,priced,-0.26962823298799443,39809876542.0,35100769945.0,Sheep,2PH4QDUUa9Uib6B9UsgyqvwfTHjfxyVTkAsaGBgJ8NzE,2BWpFuue2b9V4z5vHRT6H3rKjsa1Mt1dBibixgfHHhfg8yPXpxWz8jScfdG6E82XtLxYp5HGkjdsxpo2GG3DbNoN,4.054
10.0,missed: wallet sold before our entry landed,,,,Sheep,2PH4QDUUa9Uib6B9UsgyqvwfTHjfxyVTkAsaGBgJ8NzE,2BWpFuue2b9V4z5vHRT6H3rKjsa1Mt1dBibixgfHHhfg8yPXpxWz8jScfdG6E82XtLxYp5HGkjdsxpo2GG3DbNoN,4.054
0.0,priced,0.19229576948402644,35000000000.0,39410168023.0,Sheep,DckxpYDPmFWkw7941PSRzqF7QazjLrzhqbdbuz7Mbk3H,2Ak8sNXXBSvmQbscqF5fE1aEGxdG8mekf6nLeyJgy3VNQKmUQR7Kat41KHHGzXppuZocSeq1BcivZibsm2hgs3ri,4.051
0.5,priced,-0.07780856151201726,39809876542.0,39410168023.0,Sheep,DckxpYDPmFWkw7941PSRzqF7QazjLrzhqbdbuz7Mbk3H,2Ak8sNXXBSvmQbscqF5fE1aEGxdG8mekf6nLeyJgy3VNQKmUQR7Kat41KHHGzXppuZocSeq1BcivZibsm2hgs3ri,4.051
1.0,priced,-0.14054423368526614,40473058763.0,38684191599.0,Sheep,DckxpYDPmFWkw7941PSRzqF7QazjLrzhqbdbuz7Mbk3H,2Ak8sNXXBSvmQbscqF5fE1aEGxdG8mekf6nLeyJgy3VNQKmUQR7Kat41KHHGzXppuZocSeq1BcivZibsm2hgs3ri,4.051
2.0,priced,-0.1639598630029925,40473058763.0,38157022468.0,Sheep,DckxpYDPmFWkw7941PSRzqF7QazjLrzhqbdbuz7Mbk3H,2Ak8sNXXBSvmQbscqF5fE1aEGxdG8mekf6nLeyJgy3VNQKmUQR7Kat41KHHGzXppuZocSeq1BcivZibsm2hgs3ri,4.051
3.0,priced,-0.1639598630029925,40473058763.0,38157022468.0,Sheep,DckxpYDPmFWkw7941PSRzqF7QazjLrzhqbdbuz7Mbk3H,2Ak8sNXXBSvmQbscqF5fE1aEGxdG8mekf6nLeyJgy3VNQKmUQR7Kat41KHHGzXppuZocSeq1BcivZibsm2hgs3ri,4.051
5.0,priced,-0.15522331903222358,40473058763.0,38354553332.0,Sheep,DckxpYDPmFWkw7941PSRzqF7QazjLrzhqbdbuz7Mbk3H,2Ak8sNXXBSvmQbscqF5fE1aEGxdG8mekf6nLeyJgy3VNQKmUQR7Kat41KHHGzXppuZocSeq1BcivZibsm2hgs3ri,4.051
10.0,priced,-0.2700330490147065,41350189343.0,36441061961.0,Sheep,DckxpYDPmFWkw7941PSRzqF7QazjLrzhqbdbuz7Mbk3H,2Ak8sNXXBSvmQbscqF5fE1aEGxdG8mekf6nLeyJgy3VNQKmUQR7Kat41KHHGzXppuZocSeq1BcivZibsm2hgs3ri,4.051
0.0,priced,-0.16505171952245368,47160911377.0,44396591513.0,Sheep,21bsojgJaEBe68Q7E58Zg7EJcugM6mRRamT9hMBEwvgn,4X2L2BnguBaswXxXoMChXN67BZJUpNg8EWHEyCDzAw8u8a2JaNvhRgQez6H2nax1SUCiq5oqNeP6R5Eo8pJrA55w,58.348
0.5,priced,-0.2869902071292462,49169141827.0,42792273861.0,Sheep,21bsojgJaEBe68Q7E58Zg7EJcugM6mRRamT9hMBEwvgn,4X2L2BnguBaswXxXoMChXN67BZJUpNg8EWHEyCDzAw8u8a2JaNvhRgQez6H2nax1SUCiq5oqNeP6R5Eo8pJrA55w,58.348
1.0,priced,-0.24627028511068547,48695016663.0,43564526289.0,Sheep,21bsojgJaEBe68Q7E58Zg7EJcugM6mRRamT9hMBEwvgn,4X2L2BnguBaswXxXoMChXN67BZJUpNg8EWHEyCDzAw8u8a2JaNvhRgQez6H2nax1SUCiq5oqNeP6R5Eo8pJrA55w,58.348
2.0,priced,-0.2478532043384619,48587031888.0,43423086526.0,Sheep,21bsojgJaEBe68Q7E58Zg7EJcugM6mRRamT9hMBEwvgn,4X2L2BnguBaswXxXoMChXN67BZJUpNg8EWHEyCDzAw8u8a2JaNvhRgQez6H2nax1SUCiq5oqNeP6R5Eo8pJrA55w,58.348
3.0,priced,-0.2478532043384619,48587031888.0,43423086526.0,Sheep,21bsojgJaEBe68Q7E58Zg7EJcugM6mRRamT9hMBEwvgn,4X2L2BnguBaswXxXoMChXN67BZJUpNg8EWHEyCDzAw8u8a2JaNvhRgQez6H2nax1SUCiq5oqNeP6R5Eo8pJrA55w,58.348
5.0,priced,-0.29303655479396057,48117772533.0,41705131047.0,Sheep,21bsojgJaEBe68Q7E58Zg7EJcugM6mRRamT9hMBEwvgn,4X2L2BnguBaswXxXoMChXN67BZJUpNg8EWHEyCDzAw8u8a2JaNvhRgQez6H2nax1SUCiq5oqNeP6R5Eo8pJrA55w,58.348
10.0,priced,-0.38136646468491636,51044133522.0,41401866670.0,Sheep,21bsojgJaEBe68Q7E58Zg7EJcugM6mRRamT9hMBEwvgn,4X2L2BnguBaswXxXoMChXN67BZJUpNg8EWHEyCDzAw8u8a2JaNvhRgQez6H2nax1SUCiq5oqNeP6R5Eo8pJrA55w,58.348
0.0,priced,0.10821870629024052,35000000000.0,37999545353.0,Sheep,8MvHDsaMjgJerEw7x31vmrAGL1FWfFN9hgrVRxGhYiK8,3LabMizF5utfmhmqunzgrhZd51mjebx9k5YeuUyMZ6omydhnrbzqc91KENVZydnRHiNKUc7hgveUJ2t9QfgkuFJ4,4.228
0.5,priced,-0.14259423542085875,39800000000.0,37999545353.0,Sheep,8MvHDsaMjgJerEw7x31vmrAGL1FWfFN9hgrVRxGhYiK8,3LabMizF5utfmhmqunzgrhZd51mjebx9k5YeuUyMZ6omydhnrbzqc91KENVZydnRHiNKUc7hgveUJ2t9QfgkuFJ4,4.228
1.0,priced,-0.14259423542085875,39800000000.0,37999545353.0,Sheep,8MvHDsaMjgJerEw7x31vmrAGL1FWfFN9hgrVRxGhYiK8,3LabMizF5utfmhmqunzgrhZd51mjebx9k5YeuUyMZ6omydhnrbzqc91KENVZydnRHiNKUc7hgveUJ2t9QfgkuFJ4,4.228
2.0,priced,-0.2731820142174384,40460409876.0,35584885580.0,Sheep,8MvHDsaMjgJerEw7x31vmrAGL1FWfFN9hgrVRxGhYiK8,3LabMizF5utfmhmqunzgrhZd51mjebx9k5YeuUyMZ6omydhnrbzqc91KENVZydnRHiNKUc7hgveUJ2t9QfgkuFJ4,4.228
3.0,priced,-0.2731820142174384,40460409876.0,35584885580.0,Sheep,8MvHDsaMjgJerEw7x31vmrAGL1FWfFN9hgrVRxGhYiK8,3LabMizF5utfmhmqunzgrhZd51mjebx9k5YeuUyMZ6omydhnrbzqc91KENVZydnRHiNKUc7hgveUJ2t9QfgkuFJ4,4.228
5.0,priced,-0.2731820142174384,40460409876.0,35584885580.0,Sheep,8MvHDsaMjgJerEw7x31vmrAGL1FWfFN9hgrVRxGhYiK8,3LabMizF5utfmhmqunzgrhZd51mjebx9k5YeuUyMZ6omydhnrbzqc91KENVZydnRHiNKUc7hgveUJ2t9QfgkuFJ4,4.228
10.0,priced,-0.33643094478960456,40460409876.0,34015006085.0,Sheep,8MvHDsaMjgJerEw7x31vmrAGL1FWfFN9hgrVRxGhYiK8,3LabMizF5utfmhmqunzgrhZd51mjebx9k5YeuUyMZ6omydhnrbzqc91KENVZydnRHiNKUc7hgveUJ2t9QfgkuFJ4,4.228
0.0,priced,-0.0067274802650887965,33000000000.0,33940975620.0,Sheep,4fo46v5hvkXpfXV4jSfuTE2YE3PBi4Nw2MSeSdtLXmfi,3QdoHEY2MNJ8REv9ZM5cEdtbyLwpdo2YC5nTWJwhrazhXhtX6A6R6f99XDQXKQukSJ2UmC7bS5sJCq9bFAkPdDYu,4.19
0.5,priced,-0.24279278456432402,37800000000.0,33940975620.0,Sheep,4fo46v5hvkXpfXV4jSfuTE2YE3PBi4Nw2MSeSdtLXmfi,3QdoHEY2MNJ8REv9ZM5cEdtbyLwpdo2YC5nTWJwhrazhXhtX6A6R6f99XDQXKQukSJ2UmC7bS5sJCq9bFAkPdDYu,4.19
1.0,priced,-0.28167055302415894,38807407404.0,33940975620.0,Sheep,4fo46v5hvkXpfXV4jSfuTE2YE3PBi4Nw2MSeSdtLXmfi,3QdoHEY2MNJ8REv9ZM5cEdtbyLwpdo2YC5nTWJwhrazhXhtX6A6R6f99XDQXKQukSJ2UmC7bS5sJCq9bFAkPdDYu,4.19
2.0,priced,-0.30538072192497157,39462350613.0,33940975620.0,Sheep,4fo46v5hvkXpfXV4jSfuTE2YE3PBi4Nw2MSeSdtLXmfi,3QdoHEY2MNJ8REv9ZM5cEdtbyLwpdo2YC5nTWJwhrazhXhtX6A6R6f99XDQXKQukSJ2UmC7bS5sJCq9bFAkPdDYu,4.19
3.0,priced,-0.23806600598841132,39462350613.0,35534062037.0,Sheep,4fo46v5hvkXpfXV4jSfuTE2YE3PBi4Nw2MSeSdtLXmfi,3QdoHEY2MNJ8REv9ZM5cEdtbyLwpdo2YC5nTWJwhrazhXhtX6A6R6f99XDQXKQukSJ2UmC7bS5sJCq9bFAkPdDYu,4.19
5.0,priced,-0.23806600598841132,39462350613.0,35534062037.0,Sheep,4fo46v5hvkXpfXV4jSfuTE2YE3PBi4Nw2MSeSdtLXmfi,3QdoHEY2MNJ8REv9ZM5cEdtbyLwpdo2YC5nTWJwhrazhXhtX6A6R6f99XDQXKQukSJ2UmC7bS5sJCq9bFAkPdDYu,4.19
10.0,priced,-0.2126598916188599,38821409392.0,35534062037.0,Sheep,4fo46v5hvkXpfXV4jSfuTE2YE3PBi4Nw2MSeSdtLXmfi,3QdoHEY2MNJ8REv9ZM5cEdtbyLwpdo2YC5nTWJwhrazhXhtX6A6R6f99XDQXKQukSJ2UmC7bS5sJCq9bFAkPdDYu,4.19
0.0,priced,0.04160940477800846,33000000000.0,34753708763.0,Sheep,HGttyv47WXodiM818VP6kg6yCUkFHZoxfGuKyaj2F4Jz,5ysyimVFHCigMWaMbGMvgHMWASYu2jhPeA9oMSRERSYusXd6f5eyX8nnUrPw2c4wzhfXbnGEw2sXJHfaVZXHVbh9,4.005
0.5,priced,-0.24798680750973143,38797530862.0,34712462576.0,Sheep,HGttyv47WXodiM818VP6kg6yCUkFHZoxfGuKyaj2F4Jz,5ysyimVFHCigMWaMbGMvgHMWASYu2jhPeA9oMSRERSYusXd6f5eyX8nnUrPw2c4wzhfXbnGEw2sXJHfaVZXHVbh9,4.005
1.0,priced,-0.2727615682789606,39451443947.0,34712462576.0,Sheep,HGttyv47WXodiM818VP6kg6yCUkFHZoxfGuKyaj2F4Jz,5ysyimVFHCigMWaMbGMvgHMWASYu2jhPeA9oMSRERSYusXd6f5eyX8nnUrPw2c4wzhfXbnGEw2sXJHfaVZXHVbh9,4.005
2.0,priced,-0.2727615682789606,39451443947.0,34712462576.0,Sheep,HGttyv47WXodiM818VP6kg6yCUkFHZoxfGuKyaj2F4Jz,5ysyimVFHCigMWaMbGMvgHMWASYu2jhPeA9oMSRERSYusXd6f5eyX8nnUrPw2c4wzhfXbnGEw2sXJHfaVZXHVbh9,4.005
3.0,priced,-0.2727615682789606,39451443947.0,34712462576.0,Sheep,HGttyv47WXodiM818VP6kg6yCUkFHZoxfGuKyaj2F4Jz,5ysyimVFHCigMWaMbGMvgHMWASYu2jhPeA9oMSRERSYusXd6f5eyX8nnUrPw2c4wzhfXbnGEw2sXJHfaVZXHVbh9,4.005
5.0,priced,-0.2727615682789606,39451443947.0,34712462576.0,Sheep,HGttyv47WXodiM818VP6kg6yCUkFHZoxfGuKyaj2F4Jz,5ysyimVFHCigMWaMbGMvgHMWASYu2jhPeA9oMSRERSYusXd6f5eyX8nnUrPw2c4wzhfXbnGEw2sXJHfaVZXHVbh9,4.005
10.0,priced,-0.14980391884910155,37809389472.0,35959129241.0,Sheep,HGttyv47WXodiM818VP6kg6yCUkFHZoxfGuKyaj2F4Jz,5ysyimVFHCigMWaMbGMvgHMWASYu2jhPeA9oMSRERSYusXd6f5eyX8nnUrPw2c4wzhfXbnGEw2sXJHfaVZXHVbh9,4.005
0.0,priced,0.13029711888888978,33000000000.0,36198004883.0,Sheep,DNVK8uZ5dZ2CsJb7Kzh692YdXT4w3FycmYCwikaRguSj,5P7uVfUgwbaZfWLX5DKtXXPxTUNYUDCnqCWuppuWSCEgRwW6KCDkGH9UM6hi37twCaVUwx2pk87jy2F2ypoayEys,4.272
0.5,priced,-0.13842146053490234,37809876542.0,36198004883.0,Sheep,DNVK8uZ5dZ2CsJb7Kzh692YdXT4w3FycmYCwikaRguSj,5P7uVfUgwbaZfWLX5DKtXXPxTUNYUDCnqCWuppuWSCEgRwW6KCDkGH9UM6hi37twCaVUwx2pk87jy2F2ypoayEys,4.272
1.0,priced,-0.13842146053490234,37809876542.0,36198004883.0,Sheep,DNVK8uZ5dZ2CsJb7Kzh692YdXT4w3FycmYCwikaRguSj,5P7uVfUgwbaZfWLX5DKtXXPxTUNYUDCnqCWuppuWSCEgRwW6KCDkGH9UM6hi37twCaVUwx2pk87jy2F2ypoayEys,4.272
2.0,priced,-0.16746731175538146,38463681973.0,36198004883.0,Sheep,DNVK8uZ5dZ2CsJb7Kzh692YdXT4w3FycmYCwikaRguSj,5P7uVfUgwbaZfWLX5DKtXXPxTUNYUDCnqCWuppuWSCEgRwW6KCDkGH9UM6hi37twCaVUwx2pk87jy2F2ypoayEys,4.272
3.0,priced,-0.16746731175538146,38463681973.0,36198004883.0,Sheep,DNVK8uZ5dZ2CsJb7Kzh692YdXT4w3FycmYCwikaRguSj,5P7uVfUgwbaZfWLX5DKtXXPxTUNYUDCnqCWuppuWSCEgRwW6KCDkGH9UM6hi37twCaVUwx2pk87jy2F2ypoayEys,4.272
5.0,priced,-0.16746731175538146,38463681973.0,36198004883.0,Sheep,DNVK8uZ5dZ2CsJb7Kzh692YdXT4w3FycmYCwikaRguSj,5P7uVfUgwbaZfWLX5DKtXXPxTUNYUDCnqCWuppuWSCEgRwW6KCDkGH9UM6hi37twCaVUwx2pk87jy2F2ypoayEys,4.272
10.0,priced,-0.29249585459388067,40657796099.0,35283228637.0,Sheep,DNVK8uZ5dZ2CsJb7Kzh692YdXT4w3FycmYCwikaRguSj,5P7uVfUgwbaZfWLX5DKtXXPxTUNYUDCnqCWuppuWSCEgRwW6KCDkGH9UM6hi37twCaVUwx2pk87jy2F2ypoayEys,4.272
0.0,priced,-0.177881026069978,57483675761.0,53651816657.0,Sheep,EHRz4hJ1xG8m53DtVoJ75uwNG4WMRSybrC1j3YvYnWhn,3hyHfTvHyraLAR4tJfKN4C54iEusPASRqt7LuZexwkZxAritbwdSSnQWvxMAcvWW91XtCEbdVnKYo2qJnf5cDmh,12.351
0.5,priced,-0.33955821012305665,60260428233.0,50450754115.0,Sheep,EHRz4hJ1xG8m53DtVoJ75uwNG4WMRSybrC1j3YvYnWhn,3hyHfTvHyraLAR4tJfKN4C54iEusPASRqt7LuZexwkZxAritbwdSSnQWvxMAcvWW91XtCEbdVnKYo2qJnf5cDmh,12.351
1.0,priced,-0.3640550162868171,61402064060.0,50450754115.0,Sheep,EHRz4hJ1xG8m53DtVoJ75uwNG4WMRSybrC1j3YvYnWhn,3hyHfTvHyraLAR4tJfKN4C54iEusPASRqt7LuZexwkZxAritbwdSSnQWvxMAcvWW91XtCEbdVnKYo2qJnf5cDmh,12.351
2.0,priced,-0.36422591049111996,61410256222.0,50450754115.0,Sheep,EHRz4hJ1xG8m53DtVoJ75uwNG4WMRSybrC1j3YvYnWhn,3hyHfTvHyraLAR4tJfKN4C54iEusPASRqt7LuZexwkZxAritbwdSSnQWvxMAcvWW91XtCEbdVnKYo2qJnf5cDmh,12.351
3.0,priced,-0.36422591049111996,61410256222.0,50450754115.0,Sheep,EHRz4hJ1xG8m53DtVoJ75uwNG4WMRSybrC1j3YvYnWhn,3hyHfTvHyraLAR4tJfKN4C54iEusPASRqt7LuZexwkZxAritbwdSSnQWvxMAcvWW91XtCEbdVnKYo2qJnf5cDmh,12.351
5.0,priced,-0.36965038126386596,61410256222.0,50237408487.0,Sheep,EHRz4hJ1xG8m53DtVoJ75uwNG4WMRSybrC1j3YvYnWhn,3hyHfTvHyraLAR4tJfKN4C54iEusPASRqt7LuZexwkZxAritbwdSSnQWvxMAcvWW91XtCEbdVnKYo2qJnf5cDmh,12.351
10.0,priced,-0.3737160329475184,61607787085.0,50237408487.0,Sheep,EHRz4hJ1xG8m53DtVoJ75uwNG4WMRSybrC1j3YvYnWhn,3hyHfTvHyraLAR4tJfKN4C54iEusPASRqt7LuZexwkZxAritbwdSSnQWvxMAcvWW91XtCEbdVnKYo2qJnf5cDmh,12.351
0.0,priced,0.09522026792240595,33000000000.0,35633688034.0,Sheep,6FvBuUnaAN4h15gVVbHbh3tEykJB5F8H3C4m71D9ZunJ,2ptNGv4kH1B1kWbfZMBYyENNSqsaFd1aWNfUUmpPvN2BuJyNVyUPk6voYkQ9FMjLTU7n1QWa3EMJRtVbjceNpPVP,6.227
0.5,priced,-0.33193839693586613,42254320984.0,35633688034.0,Sheep,6FvBuUnaAN4h15gVVbHbh3tEykJB5F8H3C4m71D9ZunJ,2ptNGv4kH1B1kWbfZMBYyENNSqsaFd1aWNfUUmpPvN2BuJyNVyUPk6voYkQ9FMjLTU7n1QWa3EMJRtVbjceNpPVP,6.227
1.0,priced,-0.33193839693586613,42254320984.0,35633688034.0,Sheep,6FvBuUnaAN4h15gVVbHbh3tEykJB5F8H3C4m71D9ZunJ,2ptNGv4kH1B1kWbfZMBYyENNSqsaFd1aWNfUUmpPvN2BuJyNVyUPk6voYkQ9FMjLTU7n1QWa3EMJRtVbjceNpPVP,6.227
2.0,priced,-0.3534978362938007,42949951601.0,35633688034.0,Sheep,6FvBuUnaAN4h15gVVbHbh3tEykJB5F8H3C4m71D9ZunJ,2ptNGv4kH1B1kWbfZMBYyENNSqsaFd1aWNfUUmpPvN2BuJyNVyUPk6voYkQ9FMjLTU7n1QWa3EMJRtVbjceNpPVP,6.227
3.0,priced,-0.3534978362938007,42949951601.0,35633688034.0,Sheep,6FvBuUnaAN4h15gVVbHbh3tEykJB5F8H3C4m71D9ZunJ,2ptNGv4kH1B1kWbfZMBYyENNSqsaFd1aWNfUUmpPvN2BuJyNVyUPk6voYkQ9FMjLTU7n1QWa3EMJRtVbjceNpPVP,6.227
5.0,priced,-0.2902253238979242,40998377142.0,35633688034.0,Sheep,6FvBuUnaAN4h15gVVbHbh3tEykJB5F8H3C4m71D9ZunJ,2ptNGv4kH1B1kWbfZMBYyENNSqsaFd1aWNfUUmpPvN2BuJyNVyUPk6voYkQ9FMjLTU7n1QWa3EMJRtVbjceNpPVP,6.227
10.0,priced,-0.20559847055356575,37807907494.0,34765703975.0,Sheep,6FvBuUnaAN4h15gVVbHbh3tEykJB5F8H3C4m71D9ZunJ,2ptNGv4kH1B1kWbfZMBYyENNSqsaFd1aWNfUUmpPvN2BuJyNVyUPk6voYkQ9FMjLTU7n1QWa3EMJRtVbjceNpPVP,6.227
0.0,priced,0.30552498693088553,33000000000.0,38896075667.0,Sheep,DBugzhdvZvTSvjkKMddrs5qTqXiZxYw54xP27fLqn8Um,4vpacFv4NGRa6PpELntzzLq9Wf3wVBAgwD2rRpwNp4ayBDB9irnj9sg9CVubv5ZnzstxMcbDUh3ty6KmSmt6rCcq,4.185
0.5,priced,-0.08764829187125123,39498794071.0,38896075667.0,Sheep,DBugzhdvZvTSvjkKMddrs5qTqXiZxYw54xP27fLqn8Um,4vpacFv4NGRa6PpELntzzLq9Wf3wVBAgwD2rRpwNp4ayBDB9irnj9sg9CVubv5ZnzstxMcbDUh3ty6KmSmt6rCcq,4.185
1.0,priced,-0.08718225010459352,39498794071.0,38905952209.0,Sheep,DBugzhdvZvTSvjkKMddrs5qTqXiZxYw54xP27fLqn8Um,4vpacFv4NGRa6PpELntzzLq9Wf3wVBAgwD2rRpwNp4ayBDB9irnj9sg9CVubv5ZnzstxMcbDUh3ty6KmSmt6rCcq,4.185
2.0,priced,-0.08256210959259891,39498794071.0,39003729986.0,Sheep,DBugzhdvZvTSvjkKMddrs5qTqXiZxYw54xP27fLqn8Um,4vpacFv4NGRa6PpELntzzLq9Wf3wVBAgwD2rRpwNp4ayBDB9irnj9sg9CVubv5ZnzstxMcbDUh3ty6KmSmt6rCcq,4.185
3.0,priced,-0.07793047770677494,39498794071.0,39101507763.0,Sheep,DBugzhdvZvTSvjkKMddrs5qTqXiZxYw54xP27fLqn8Um,4vpacFv4NGRa6PpELntzzLq9Wf3wVBAgwD2rRpwNp4ayBDB9irnj9sg9CVubv5ZnzstxMcbDUh3ty6KmSmt6rCcq,4.185
5.0,priced,-0.07793047770677494,39498794071.0,39101507763.0,Sheep,DBugzhdvZvTSvjkKMddrs5qTqXiZxYw54xP27fLqn8Um,4vpacFv4NGRa6PpELntzzLq9Wf3wVBAgwD2rRpwNp4ayBDB9irnj9sg9CVubv5ZnzstxMcbDUh3ty6KmSmt6rCcq,4.185
10.0,priced,-0.0780064295356617,38281394010.0,37902172223.0,Sheep,DBugzhdvZvTSvjkKMddrs5qTqXiZxYw54xP27fLqn8Um,4vpacFv4NGRa6PpELntzzLq9Wf3wVBAgwD2rRpwNp4ayBDB9irnj9sg9CVubv5ZnzstxMcbDUh3ty6KmSmt6rCcq,4.185
0.0,priced,0.38163326410198045,33000000000.0,40012011171.0,Sheep,ByrpmrpRyevdfvnM6zZzZtSjwuJT8eNY7QMxpSq4Fibq,4rkfqNJoyvBgxCiozoyrrLtp1BtSiReQJVroWXwTRbFkhD9esQ69iJCDFaRYq6EDP5GozdE1rzBHnan2GrPLLfY7,4.272
0.5,priced,0.015977066811946987,38508642962.0,40012011171.0,Sheep,ByrpmrpRyevdfvnM6zZzZtSjwuJT8eNY7QMxpSq4Fibq,4rkfqNJoyvBgxCiozoyrrLtp1BtSiReQJVroWXwTRbFkhD9esQ69iJCDFaRYq6EDP5GozdE1rzBHnan2GrPLLfY7,4.272
1.0,priced,0.015977066811946987,38508642962.0,40012011171.0,Sheep,ByrpmrpRyevdfvnM6zZzZtSjwuJT8eNY7QMxpSq4Fibq,4rkfqNJoyvBgxCiozoyrrLtp1BtSiReQJVroWXwTRbFkhD9esQ69iJCDFaRYq6EDP5GozdE1rzBHnan2GrPLLfY7,4.272
2.0,priced,0.015977066811946987,38508642962.0,40012011171.0,Sheep,ByrpmrpRyevdfvnM6zZzZtSjwuJT8eNY7QMxpSq4Fibq,4rkfqNJoyvBgxCiozoyrrLtp1BtSiReQJVroWXwTRbFkhD9esQ69iJCDFaRYq6EDP5GozdE1rzBHnan2GrPLLfY7,4.272
3.0,priced,0.015977066811946987,38508642962.0,40012011171.0,Sheep,ByrpmrpRyevdfvnM6zZzZtSjwuJT8eNY7QMxpSq4Fibq,4rkfqNJoyvBgxCiozoyrrLtp1BtSiReQJVroWXwTRbFkhD9esQ69iJCDFaRYq6EDP5GozdE1rzBHnan2GrPLLfY7,4.272
5.0,priced,0.015977066811946987,38508642962.0,40012011171.0,Sheep,ByrpmrpRyevdfvnM6zZzZtSjwuJT8eNY7QMxpSq4Fibq,4rkfqNJoyvBgxCiozoyrrLtp1BtSiReQJVroWXwTRbFkhD9esQ69iJCDFaRYq6EDP5GozdE1rzBHnan2GrPLLfY7,4.272
10.0,priced,-0.2573786973216126,41263950615.0,36676759135.0,Sheep,ByrpmrpRyevdfvnM6zZzZtSjwuJT8eNY7QMxpSq4Fibq,4rkfqNJoyvBgxCiozoyrrLtp1BtSiReQJVroWXwTRbFkhD9esQ69iJCDFaRYq6EDP5GozdE1rzBHnan2GrPLLfY7,4.272
0.0,priced,-0.39835818137916135,37748365490.0,30244570210.0,Sheep,iHN3NuPQKJXFX5NBVH41d8k9H8nDEVCgGWuqBS7pump,2TZR43m7TBz3aMzXxgnLF2pSwvNkZQwVUZdFezswVtpngKYz6BjFmYubKF8VNkyWXeHubHW3jsHSPaS95isvxdRc,34.704
0.5,priced,-0.375496369507996,38044661784.0,31048324221.0,Sheep,iHN3NuPQKJXFX5NBVH41d8k9H8nDEVCgGWuqBS7pump,2TZR43m7TBz3aMzXxgnLF2pSwvNkZQwVUZdFezswVtpngKYz6BjFmYubKF8VNkyWXeHubHW3jsHSPaS95isvxdRc,34.704
1.0,priced,-0.37615741620540405,38064726264.0,31048324221.0,Sheep,iHN3NuPQKJXFX5NBVH41d8k9H8nDEVCgGWuqBS7pump,2TZR43m7TBz3aMzXxgnLF2pSwvNkZQwVUZdFezswVtpngKYz6BjFmYubKF8VNkyWXeHubHW3jsHSPaS95isvxdRc,34.704
2.0,priced,-0.33530537958664547,38064726264.0,32038978542.0,Sheep,iHN3NuPQKJXFX5NBVH41d8k9H8nDEVCgGWuqBS7pump,2TZR43m7TBz3aMzXxgnLF2pSwvNkZQwVUZdFezswVtpngKYz6BjFmYubKF8VNkyWXeHubHW3jsHSPaS95isvxdRc,34.704
3.0,priced,-0.22946992616309478,35359301009.0,32038978542.0,Sheep,iHN3NuPQKJXFX5NBVH41d8k9H8nDEVCgGWuqBS7pump,2TZR43m7TBz3aMzXxgnLF2pSwvNkZQwVUZdFezswVtpngKYz6BjFmYubKF8VNkyWXeHubHW3jsHSPaS95isvxdRc,34.704
5.0,priced,-0.22946992616309478,35359301009.0,32038978542.0,Sheep,iHN3NuPQKJXFX5NBVH41d8k9H8nDEVCgGWuqBS7pump,2TZR43m7TBz3aMzXxgnLF2pSwvNkZQwVUZdFezswVtpngKYz6BjFmYubKF8VNkyWXeHubHW3jsHSPaS95isvxdRc,34.704
10.0,priced,-0.21772868764754427,35359301009.0,32280422986.0,Sheep,iHN3NuPQKJXFX5NBVH41d8k9H8nDEVCgGWuqBS7pump,2TZR43m7TBz3aMzXxgnLF2pSwvNkZQwVUZdFezswVtpngKYz6BjFmYubKF8VNkyWXeHubHW3jsHSPaS95isvxdRc,34.704
0.0,priced,-0.2562374894432312,34938271604.0,31109252320.0,Sheep,BcC4FVUGs7eX1NRW3RxhSL7u6U4SzhN6UykgFSCUVhYR,scTANVdBnSJLdRS1VLxTmmv27VbamT9uJBfLrYuCAfDZ8xtZqk91UHUgnJmzUa1s1YcLQEzA7ND78CfGAJgntzX,16.215
0.5,priced,-0.2958902328005923,35907083364.0,31109252320.0,Sheep,BcC4FVUGs7eX1NRW3RxhSL7u6U4SzhN6UykgFSCUVhYR,scTANVdBnSJLdRS1VLxTmmv27VbamT9uJBfLrYuCAfDZ8xtZqk91UHUgnJmzUa1s1YcLQEzA7ND78CfGAJgntzX,16.215
1.0,priced,-0.3072268205515311,35927948226.0,30877730738.0,Sheep,BcC4FVUGs7eX1NRW3RxhSL7u6U4SzhN6UykgFSCUVhYR,scTANVdBnSJLdRS1VLxTmmv27VbamT9uJBfLrYuCAfDZ8xtZqk91UHUgnJmzUa1s1YcLQEzA7ND78CfGAJgntzX,16.215
2.0,priced,-0.3072268205515311,35927948226.0,30877730738.0,Sheep,BcC4FVUGs7eX1NRW3RxhSL7u6U4SzhN6UykgFSCUVhYR,scTANVdBnSJLdRS1VLxTmmv27VbamT9uJBfLrYuCAfDZ8xtZqk91UHUgnJmzUa1s1YcLQEzA7ND78CfGAJgntzX,16.215
3.0,priced,-0.3072268205515311,35927948226.0,30877730738.0,Sheep,BcC4FVUGs7eX1NRW3RxhSL7u6U4SzhN6UykgFSCUVhYR,scTANVdBnSJLdRS1VLxTmmv27VbamT9uJBfLrYuCAfDZ8xtZqk91UHUgnJmzUa1s1YcLQEzA7ND78CfGAJgntzX,16.215
5.0,priced,-0.2833708128554639,35326053479.0,30877730738.0,Sheep,BcC4FVUGs7eX1NRW3RxhSL7u6U4SzhN6UykgFSCUVhYR,scTANVdBnSJLdRS1VLxTmmv27VbamT9uJBfLrYuCAfDZ8xtZqk91UHUgnJmzUa1s1YcLQEzA7ND78CfGAJgntzX,16.215
10.0,priced,-0.2833708128554639,35326053479.0,30877730738.0,Sheep,BcC4FVUGs7eX1NRW3RxhSL7u6U4SzhN6UykgFSCUVhYR,scTANVdBnSJLdRS1VLxTmmv27VbamT9uJBfLrYuCAfDZ8xtZqk91UHUgnJmzUa1s1YcLQEzA7ND78CfGAJgntzX,16.215
0.0,priced,0.08474999624557542,33000000000.0,35463522787.0,Sheep,8rsdmbQsq3Qiv8tVXPn2kP6mXEKuqWoUHPN1ehsw6E9r,2w7TTUZKCxwZcwff7sJtB4xHy2yvinznUPXNt33Kpb3dQoj4o8huyA9WQGkNbLGX2sQt3HKRYnc3ZfxoAnzc2mU6,4.168
0.5,priced,-0.1376712689319947,37800000000.0,36204263526.0,Sheep,8rsdmbQsq3Qiv8tVXPn2kP6mXEKuqWoUHPN1ehsw6E9r,2w7TTUZKCxwZcwff7sJtB4xHy2yvinznUPXNt33Kpb3dQoj4o8huyA9WQGkNbLGX2sQt3HKRYnc3ZfxoAnzc2mU6,4.168
1.0,priced,-0.21304919141195192,37840476021.0,34633067952.0,Sheep,8rsdmbQsq3Qiv8tVXPn2kP6mXEKuqWoUHPN1ehsw6E9r,2w7TTUZKCxwZcwff7sJtB4xHy2yvinznUPXNt33Kpb3dQoj4o8huyA9WQGkNbLGX2sQt3HKRYnc3ZfxoAnzc2mU6,4.168
2.0,priced,-0.21304919141195192,37840476021.0,34633067952.0,Sheep,8rsdmbQsq3Qiv8tVXPn2kP6mXEKuqWoUHPN1ehsw6E9r,2w7TTUZKCxwZcwff7sJtB4xHy2yvinznUPXNt33Kpb3dQoj4o8huyA9WQGkNbLGX2sQt3HKRYnc3ZfxoAnzc2mU6,4.168
3.0,priced,-0.21304919141195192,37840476021.0,34633067952.0,Sheep,8rsdmbQsq3Qiv8tVXPn2kP6mXEKuqWoUHPN1ehsw6E9r,2w7TTUZKCxwZcwff7sJtB4xHy2yvinznUPXNt33Kpb3dQoj4o8huyA9WQGkNbLGX2sQt3HKRYnc3ZfxoAnzc2mU6,4.168
5.0,priced,-0.313021674209325,40494260713.0,34633067952.0,Sheep,8rsdmbQsq3Qiv8tVXPn2kP6mXEKuqWoUHPN1ehsw6E9r,2w7TTUZKCxwZcwff7sJtB4xHy2yvinznUPXNt33Kpb3dQoj4o8huyA9WQGkNbLGX2sQt3HKRYnc3ZfxoAnzc2mU6,4.168
10.0,priced,-0.3671696703185419,40504038490.0,33261118365.0,Sheep,8rsdmbQsq3Qiv8tVXPn2kP6mXEKuqWoUHPN1ehsw6E9r,2w7TTUZKCxwZcwff7sJtB4xHy2yvinznUPXNt33Kpb3dQoj4o8huyA9WQGkNbLGX2sQt3HKRYnc3ZfxoAnzc2mU6,4.168
0.0,priced,-0.30996703838483153,35470710351.0,30427392610.0,Sheep,6AP2B87ZN3bBCfSER2biwRctGa4G2FerTEMP3QnYpDx3,2mspB9dFLoQAKuUsPEGT6wgsSnPLfBYFfbKo749kHeicB24CF5xN5XCsNUF4CFZdQMVankwRj63Jt7qdGPSe9o7C,41.014
0.5,priced,-0.30996703838483153,35470710351.0,30427392610.0,Sheep,6AP2B87ZN3bBCfSER2biwRctGa4G2FerTEMP3QnYpDx3,2mspB9dFLoQAKuUsPEGT6wgsSnPLfBYFfbKo749kHeicB24CF5xN5XCsNUF4CFZdQMVankwRj63Jt7qdGPSe9o7C,41.014
1.0,priced,-0.30996703838483153,35470710351.0,30427392610.0,Sheep,6AP2B87ZN3bBCfSER2biwRctGa4G2FerTEMP3QnYpDx3,2mspB9dFLoQAKuUsPEGT6wgsSnPLfBYFfbKo749kHeicB24CF5xN5XCsNUF4CFZdQMVankwRj63Jt7qdGPSe9o7C,41.014
2.0,priced,-0.30996703838483153,35470710351.0,30427392610.0,Sheep,6AP2B87ZN3bBCfSER2biwRctGa4G2FerTEMP3QnYpDx3,2mspB9dFLoQAKuUsPEGT6wgsSnPLfBYFfbKo749kHeicB24CF5xN5XCsNUF4CFZdQMVankwRj63Jt7qdGPSe9o7C,41.014
3.0,priced,-0.30996703838483153,35470710351.0,30427392610.0,Sheep,6AP2B87ZN3bBCfSER2biwRctGa4G2FerTEMP3QnYpDx3,2mspB9dFLoQAKuUsPEGT6wgsSnPLfBYFfbKo749kHeicB24CF5xN5XCsNUF4CFZdQMVankwRj63Jt7qdGPSe9o7C,41.014
5.0,priced,-0.30996703838483153,35470710351.0,30427392610.0,Sheep,6AP2B87ZN3bBCfSER2biwRctGa4G2FerTEMP3QnYpDx3,2mspB9dFLoQAKuUsPEGT6wgsSnPLfBYFfbKo749kHeicB24CF5xN5XCsNUF4CFZdQMVankwRj63Jt7qdGPSe9o7C,41.014
10.0,priced,-0.30996703838483153,35470710351.0,30427392610.0,Sheep,6AP2B87ZN3bBCfSER2biwRctGa4G2FerTEMP3QnYpDx3,2mspB9dFLoQAKuUsPEGT6wgsSnPLfBYFfbKo749kHeicB24CF5xN5XCsNUF4CFZdQMVankwRj63Jt7qdGPSe9o7C,41.014
0.0,priced,0.35513183783414437,33000000000.0,39626954489.0,Sheep,6AP2B87ZN3bBCfSER2biwRctGa4G2FerTEMP3QnYpDx3,4GpYZBenBUFfEK9YaYydNrJnynr7Df28WinZSB6Ju5LN4icSb66mBuYqLVrmpGsuuALXJ1sCsLqNkwV6sxzTrbxd,4.186
0.5,priced,-0.1318318316664368,41256790122.0,39626954489.0,Sheep,6AP2B87ZN3bBCfSER2biwRctGa4G2FerTEMP3QnYpDx3,4GpYZBenBUFfEK9YaYydNrJnynr7Df28WinZSB6Ju5LN4icSb66mBuYqLVrmpGsuuALXJ1sCsLqNkwV6sxzTrbxd,4.186
1.0,priced,-0.2280984179020356,41258765430.0,37382479042.0,Sheep,6AP2B87ZN3bBCfSER2biwRctGa4G2FerTEMP3QnYpDx3,4GpYZBenBUFfEK9YaYydNrJnynr7Df28WinZSB6Ju5LN4icSb66mBuYqLVrmpGsuuALXJ1sCsLqNkwV6sxzTrbxd,4.186
2.0,priced,-0.25383817409451415,41962727898.0,37382479042.0,Sheep,6AP2B87ZN3bBCfSER2biwRctGa4G2FerTEMP3QnYpDx3,4GpYZBenBUFfEK9YaYydNrJnynr7Df28WinZSB6Ju5LN4icSb66mBuYqLVrmpGsuuALXJ1sCsLqNkwV6sxzTrbxd,4.186
3.0,priced,-0.25383817409451415,41962727898.0,37382479042.0,Sheep,6AP2B87ZN3bBCfSER2biwRctGa4G2FerTEMP3QnYpDx3,4GpYZBenBUFfEK9YaYydNrJnynr7Df28WinZSB6Ju5LN4icSb66mBuYqLVrmpGsuuALXJ1sCsLqNkwV6sxzTrbxd,4.186
5.0,priced,-0.13678443810806765,40096024582.0,38409145706.0,Sheep,6AP2B87ZN3bBCfSER2biwRctGa4G2FerTEMP3QnYpDx3,4GpYZBenBUFfEK9YaYydNrJnynr7Df28WinZSB6Ju5LN4icSb66mBuYqLVrmpGsuuALXJ1sCsLqNkwV6sxzTrbxd,4.186
10.0,priced,-0.25995641874453557,42158166206.0,37402593482.0,Sheep,6AP2B87ZN3bBCfSER2biwRctGa4G2FerTEMP3QnYpDx3,4GpYZBenBUFfEK9YaYydNrJnynr7Df28WinZSB6Ju5LN4icSb66mBuYqLVrmpGsuuALXJ1sCsLqNkwV6sxzTrbxd,4.186
0.0,priced,-0.2551818332927381,84452602534.0,74960324732.0,Sheep,5FQZRyHR2jcn7Z1HZd9F8iyBWFPFKi6pxicXoHRNpump,4mtkNm8ezBXpXkubGh7rRWrqokAirVrjrZFQV9L6vTtZ1MkKSZ2GS4xrtY66mzCDjmFwE2mdVsbBuFcnEbuxV3Zp,82.566
0.5,priced,-0.32916854230804693,85539022286.0,72090139842.0,Sheep,5FQZRyHR2jcn7Z1HZd9F8iyBWFPFKi6pxicXoHRNpump,4mtkNm8ezBXpXkubGh7rRWrqokAirVrjrZFQV9L6vTtZ1MkKSZ2GS4xrtY66mzCDjmFwE2mdVsbBuFcnEbuxV3Zp,82.566
1.0,priced,-0.34980696359702396,85589716418.0,71026458966.0,Sheep,5FQZRyHR2jcn7Z1HZd9F8iyBWFPFKi6pxicXoHRNpump,4mtkNm8ezBXpXkubGh7rRWrqokAirVrjrZFQV9L6vTtZ1MkKSZ2GS4xrtY66mzCDjmFwE2mdVsbBuFcnEbuxV3Zp,82.566
2.0,priced,-0.36113680822785643,85589716418.0,70411776030.0,Sheep,5FQZRyHR2jcn7Z1HZd9F8iyBWFPFKi6pxicXoHRNpump,4mtkNm8ezBXpXkubGh7rRWrqokAirVrjrZFQV9L6vTtZ1MkKSZ2GS4xrtY66mzCDjmFwE2mdVsbBuFcnEbuxV3Zp,82.566
3.0,priced,-0.36182719997673213,85635600473.0,70411776030.0,Sheep,5FQZRyHR2jcn7Z1HZd9F8iyBWFPFKi6pxicXoHRNpump,4mtkNm8ezBXpXkubGh7rRWrqokAirVrjrZFQV9L6vTtZ1MkKSZ2GS4xrtY66mzCDjmFwE2mdVsbBuFcnEbuxV3Zp,82.566
5.0,priced,-0.354569372778479,86152058640.0,71232484030.0,Sheep,5FQZRyHR2jcn7Z1HZd9F8iyBWFPFKi6pxicXoHRNpump,4mtkNm8ezBXpXkubGh7rRWrqokAirVrjrZFQV9L6vTtZ1MkKSZ2GS4xrtY66mzCDjmFwE2mdVsbBuFcnEbuxV3Zp,82.566
10.0,priced,-0.3477374758012353,86968552465.0,72281195462.0,Sheep,5FQZRyHR2jcn7Z1HZd9F8iyBWFPFKi6pxicXoHRNpump,4mtkNm8ezBXpXkubGh7rRWrqokAirVrjrZFQV9L6vTtZ1MkKSZ2GS4xrtY66mzCDjmFwE2mdVsbBuFcnEbuxV3Zp,82.566
0.0,priced,-0.09859111938242554,44586083698.0,43612859852.0,Sheep,Hmj1cXDhDyrFh82tp1R7kCshKqNQiNzGckVLgvWAymHy,5P5rBcZvX9yihWF3YgFPhqtxZmrp5DdCfZzSNDB1ioXbjLMBuHQAfHfbg1NC9XB6KftkmjKdVCdnxJ5pQWMLc8Aa,35.031
0.5,priced,-0.37491519965787723,49899663939.0,40685837848.0,Sheep,Hmj1cXDhDyrFh82tp1R7kCshKqNQiNzGckVLgvWAymHy,5P5rBcZvX9yihWF3YgFPhqtxZmrp5DdCfZzSNDB1ioXbjLMBuHQAfHfbg1NC9XB6KftkmjKdVCdnxJ5pQWMLc8Aa,35.031
1.0,priced,-0.38650167506592403,50365626449.0,40685837848.0,Sheep,Hmj1cXDhDyrFh82tp1R7kCshKqNQiNzGckVLgvWAymHy,5P5rBcZvX9yihWF3YgFPhqtxZmrp5DdCfZzSNDB1ioXbjLMBuHQAfHfbg1NC9XB6KftkmjKdVCdnxJ5pQWMLc8Aa,35.031
2.0,priced,-0.4144523296954901,51545254412.0,40685837848.0,Sheep,Hmj1cXDhDyrFh82tp1R7kCshKqNQiNzGckVLgvWAymHy,5P5rBcZvX9yihWF3YgFPhqtxZmrp5DdCfZzSNDB1ioXbjLMBuHQAfHfbg1NC9XB6KftkmjKdVCdnxJ5pQWMLc8Aa,35.031
3.0,priced,-0.3343347965533105,51545254412.0,43350132858.0,Sheep,Hmj1cXDhDyrFh82tp1R7kCshKqNQiNzGckVLgvWAymHy,5P5rBcZvX9yihWF3YgFPhqtxZmrp5DdCfZzSNDB1ioXbjLMBuHQAfHfbg1NC9XB6KftkmjKdVCdnxJ5pQWMLc8Aa,35.031
5.0,priced,-0.3640897032357557,51594637127.0,42420509669.0,Sheep,Hmj1cXDhDyrFh82tp1R7kCshKqNQiNzGckVLgvWAymHy,5P5rBcZvX9yihWF3YgFPhqtxZmrp5DdCfZzSNDB1ioXbjLMBuHQAfHfbg1NC9XB6KftkmjKdVCdnxJ5pQWMLc8Aa,35.031
10.0,priced,-0.45469872546616946,50709226009.0,38645280044.0,Sheep,Hmj1cXDhDyrFh82tp1R7kCshKqNQiNzGckVLgvWAymHy,5P5rBcZvX9yihWF3YgFPhqtxZmrp5DdCfZzSNDB1ioXbjLMBuHQAfHfbg1NC9XB6KftkmjKdVCdnxJ5pQWMLc8Aa,35.031
0.0,priced,0.2368759159439001,33000000000.0,37861681268.0,Sheep,5jahpqxUitNqB3nn3xLfr31kLmoupxcmBVfqd1rxGnsK,2uQHEP21FKf3rv3Kz1omfeox4pmDvnC1MaVxXgK48qj2sFuGUAXGEaZkNjHsSxF9XDGi9oTY8LBLXqoCRncRmX6k,3.886
0.5,priced,-0.09370335857817078,38570204415.0,37861681268.0,Sheep,5jahpqxUitNqB3nn3xLfr31kLmoupxcmBVfqd1rxGnsK,2uQHEP21FKf3rv3Kz1omfeox4pmDvnC1MaVxXgK48qj2sFuGUAXGEaZkNjHsSxF9XDGi9oTY8LBLXqoCRncRmX6k,3.886
1.0,priced,-0.09370335857817078,38570204415.0,37861681268.0,Sheep,5jahpqxUitNqB3nn3xLfr31kLmoupxcmBVfqd1rxGnsK,2uQHEP21FKf3rv3Kz1omfeox4pmDvnC1MaVxXgK48qj2sFuGUAXGEaZkNjHsSxF9XDGi9oTY8LBLXqoCRncRmX6k,3.886
2.0,priced,-0.29445431962431884,43706006880.0,37861681268.0,Sheep,5jahpqxUitNqB3nn3xLfr31kLmoupxcmBVfqd1rxGnsK,2uQHEP21FKf3rv3Kz1omfeox4pmDvnC1MaVxXgK48qj2sFuGUAXGEaZkNjHsSxF9XDGi9oTY8LBLXqoCRncRmX6k,3.886
3.0,priced,-0.29444719100867556,43705786894.0,37861681268.0,Sheep,5jahpqxUitNqB3nn3xLfr31kLmoupxcmBVfqd1rxGnsK,2uQHEP21FKf3rv3Kz1omfeox4pmDvnC1MaVxXgK48qj2sFuGUAXGEaZkNjHsSxF9XDGi9oTY8LBLXqoCRncRmX6k,3.886
5.0,priced,-0.29444719100867556,43705786894.0,37861681268.0,Sheep,5jahpqxUitNqB3nn3xLfr31kLmoupxcmBVfqd1rxGnsK,2uQHEP21FKf3rv3Kz1omfeox4pmDvnC1MaVxXgK48qj2sFuGUAXGEaZkNjHsSxF9XDGi9oTY8LBLXqoCRncRmX6k,3.886
10.0,missed: wallet sold before our entry landed,,,,Sheep,5jahpqxUitNqB3nn3xLfr31kLmoupxcmBVfqd1rxGnsK,2uQHEP21FKf3rv3Kz1omfeox4pmDvnC1MaVxXgK48qj2sFuGUAXGEaZkNjHsSxF9XDGi9oTY8LBLXqoCRncRmX6k,3.886
0.0,priced,0.10468390112840031,33000000000.0,35786805179.0,Sheep,5r4UnaVq1x5xtdpiffrJLUxL18cE4PZuNtFyGRKgxM7B,2kvbnaZXdhVE8sCjrSp72UNHCWQpEzvnw1cyRVvKET1C1h7HjXfkqaHXtHXQeyGM43phdP7MeBH363ekHVoAmaKR,3.887
0.5,priced,-0.19104074896503603,38573763922.0,35786805179.0,Sheep,5r4UnaVq1x5xtdpiffrJLUxL18cE4PZuNtFyGRKgxM7B,2kvbnaZXdhVE8sCjrSp72UNHCWQpEzvnw1cyRVvKET1C1h7HjXfkqaHXtHXQeyGM43phdP7MeBH363ekHVoAmaKR,3.887
1.0,priced,-0.19104074896503603,38573763922.0,35786805179.0,Sheep,5r4UnaVq1x5xtdpiffrJLUxL18cE4PZuNtFyGRKgxM7B,2kvbnaZXdhVE8sCjrSp72UNHCWQpEzvnw1cyRVvKET1C1h7HjXfkqaHXtHXQeyGM43phdP7MeBH363ekHVoAmaKR,3.887
2.0,priced,-0.19104074896503603,38573763922.0,35786805179.0,Sheep,5r4UnaVq1x5xtdpiffrJLUxL18cE4PZuNtFyGRKgxM7B,2kvbnaZXdhVE8sCjrSp72UNHCWQpEzvnw1cyRVvKET1C1h7HjXfkqaHXtHXQeyGM43phdP7MeBH363ekHVoAmaKR,3.887
3.0,priced,-0.19104074896503603,38573763922.0,35786805179.0,Sheep,5r4UnaVq1x5xtdpiffrJLUxL18cE4PZuNtFyGRKgxM7B,2kvbnaZXdhVE8sCjrSp72UNHCWQpEzvnw1cyRVvKET1C1h7HjXfkqaHXtHXQeyGM43phdP7MeBH363ekHVoAmaKR,3.887
5.0,priced,-0.19104074896503603,38573763922.0,35786805179.0,Sheep,5r4UnaVq1x5xtdpiffrJLUxL18cE4PZuNtFyGRKgxM7B,2kvbnaZXdhVE8sCjrSp72UNHCWQpEzvnw1cyRVvKET1C1h7HjXfkqaHXtHXQeyGM43phdP7MeBH363ekHVoAmaKR,3.887
10.0,priced,-0.24410255942901862,37838500714.0,33946161730.0,Sheep,5r4UnaVq1x5xtdpiffrJLUxL18cE4PZuNtFyGRKgxM7B,2kvbnaZXdhVE8sCjrSp72UNHCWQpEzvnw1cyRVvKET1C1h7HjXfkqaHXtHXQeyGM43phdP7MeBH363ekHVoAmaKR,3.887
0.0,priced,0.36505576728407213,33000000000.0,39771576659.0,Sheep,5dtmUkTL5YDgJ8pE6ZwjJnPuJm3okpTqMduQs1uvNctY,3E1ymuJCHkrgRJweS7uGHTYfauq3Myfx4yJMG8h63mzfGq2c5SpeNfjo5kjDXnErphHZFLPofm2qBm8t6sSrd5UC,4.306
0.5,priced,0.003975548907703876,38504260713.0,39771576659.0,Sheep,5dtmUkTL5YDgJ8pE6ZwjJnPuJm3okpTqMduQs1uvNctY,3E1ymuJCHkrgRJweS7uGHTYfauq3Myfx4yJMG8h63mzfGq2c5SpeNfjo5kjDXnErphHZFLPofm2qBm8t6sSrd5UC,4.306
1.0,priced,0.003975548907703876,38504260713.0,39771576659.0,Sheep,5dtmUkTL5YDgJ8pE6ZwjJnPuJm3okpTqMduQs1uvNctY,3E1ymuJCHkrgRJweS7uGHTYfauq3Myfx4yJMG8h63mzfGq2c5SpeNfjo5kjDXnErphHZFLPofm2qBm8t6sSrd5UC,4.306
2.0,priced,0.003975548907703876,38504260713.0,39771576659.0,Sheep,5dtmUkTL5YDgJ8pE6ZwjJnPuJm3okpTqMduQs1uvNctY,3E1ymuJCHkrgRJweS7uGHTYfauq3Myfx4yJMG8h63mzfGq2c5SpeNfjo5kjDXnErphHZFLPofm2qBm8t6sSrd5UC,4.306
3.0,priced,0.003975548907703876,38504260713.0,39771576659.0,Sheep,5dtmUkTL5YDgJ8pE6ZwjJnPuJm3okpTqMduQs1uvNctY,3E1ymuJCHkrgRJweS7uGHTYfauq3Myfx4yJMG8h63mzfGq2c5SpeNfjo5kjDXnErphHZFLPofm2qBm8t6sSrd5UC,4.306
5.0,priced,0.003975548907703876,38504260713.0,39771576659.0,Sheep,5dtmUkTL5YDgJ8pE6ZwjJnPuJm3okpTqMduQs1uvNctY,3E1ymuJCHkrgRJweS7uGHTYfauq3Myfx4yJMG8h63mzfGq2c5SpeNfjo5kjDXnErphHZFLPofm2qBm8t6sSrd5UC,4.306
10.0,priced,-0.34212617689995967,44854948060.0,37528551096.0,Sheep,5dtmUkTL5YDgJ8pE6ZwjJnPuJm3okpTqMduQs1uvNctY,3E1ymuJCHkrgRJweS7uGHTYfauq3Myfx4yJMG8h63mzfGq2c5SpeNfjo5kjDXnErphHZFLPofm2qBm8t6sSrd5UC,4.306
0.0,priced,-0.3674153718684156,42922892539.0,35229809805.0,Sheep,EMXiWX5q3XJeJwRbdz8YycX2tepdFmn88M8rfygedgcL,5UXNv4vtScjbLgGRk1Rekw5agfr7rM2QAi6piD5Rey5FBzkx7ksiviGzf4hULiq4ZHwKSm8Sh6jPCLYN5jGcfoxU,15.861
0.5,priced,-0.5490338540881506,49849641507.0,34597169415.0,Sheep,EMXiWX5q3XJeJwRbdz8YycX2tepdFmn88M8rfygedgcL,5UXNv4vtScjbLgGRk1Rekw5agfr7rM2QAi6piD5Rey5FBzkx7ksiviGzf4hULiq4ZHwKSm8Sh6jPCLYN5jGcfoxU,15.861
1.0,priced,-0.5380533384963806,49791530971.0,34968646883.0,Sheep,EMXiWX5q3XJeJwRbdz8YycX2tepdFmn88M8rfygedgcL,5UXNv4vtScjbLgGRk1Rekw5agfr7rM2QAi6piD5Rey5FBzkx7ksiviGzf4hULiq4ZHwKSm8Sh6jPCLYN5jGcfoxU,15.861
2.0,priced,-0.53120735528185,49791530971.0,35222869105.0,Sheep,EMXiWX5q3XJeJwRbdz8YycX2tepdFmn88M8rfygedgcL,5UXNv4vtScjbLgGRk1Rekw5agfr7rM2QAi6piD5Rey5FBzkx7ksiviGzf4hULiq4ZHwKSm8Sh6jPCLYN5jGcfoxU,15.861
3.0,priced,-0.5731136083213272,50827975414.0,34334058518.0,Sheep,EMXiWX5q3XJeJwRbdz8YycX2tepdFmn88M8rfygedgcL,5UXNv4vtScjbLgGRk1Rekw5agfr7rM2QAi6piD5Rey5FBzkx7ksiviGzf4hULiq4ZHwKSm8Sh6jPCLYN5jGcfoxU,15.861
5.0,priced,-0.5677606707726953,50530852515.0,34343935060.0,Sheep,EMXiWX5q3XJeJwRbdz8YycX2tepdFmn88M8rfygedgcL,5UXNv4vtScjbLgGRk1Rekw5agfr7rM2QAi6piD5Rey5FBzkx7ksiviGzf4hULiq4ZHwKSm8Sh6jPCLYN5jGcfoxU,15.861
10.0,priced,-0.5432613076056635,48383051693.0,33794427144.0,Sheep,EMXiWX5q3XJeJwRbdz8YycX2tepdFmn88M8rfygedgcL,5UXNv4vtScjbLgGRk1Rekw5agfr7rM2QAi6piD5Rey5FBzkx7ksiviGzf4hULiq4ZHwKSm8Sh6jPCLYN5jGcfoxU,15.861
0.0,priced,-0.1750081059467374,33000000000.0,30947415173.0,Sheep,8LdYXLcpruwbeQeV4w5hAhEB7BVQq43CoSzD5xwhmRbJ,4WKGCyV5236P7dsCEFPHJ1Q465DqPTUxYgNokKWgdxtS55sExshtrEN4jEvt6uDS72PLgmKWZtiBTcfv1noFNbzm,1.885
0.5,priced,-0.4192759762879318,39316568768.0,30947415173.0,Sheep,8LdYXLcpruwbeQeV4w5hAhEB7BVQq43CoSzD5xwhmRbJ,4WKGCyV5236P7dsCEFPHJ1Q465DqPTUxYgNokKWgdxtS55sExshtrEN4jEvt6uDS72PLgmKWZtiBTcfv1noFNbzm,1.885
1.0,missed: wallet sold before our entry landed,,,,Sheep,8LdYXLcpruwbeQeV4w5hAhEB7BVQq43CoSzD5xwhmRbJ,4WKGCyV5236P7dsCEFPHJ1Q465DqPTUxYgNokKWgdxtS55sExshtrEN4jEvt6uDS72PLgmKWZtiBTcfv1noFNbzm,1.885
2.0,missed: wallet sold before our entry landed,,,,Sheep,8LdYXLcpruwbeQeV4w5hAhEB7BVQq43CoSzD5xwhmRbJ,4WKGCyV5236P7dsCEFPHJ1Q465DqPTUxYgNokKWgdxtS55sExshtrEN4jEvt6uDS72PLgmKWZtiBTcfv1noFNbzm,1.885
3.0,missed: wallet sold before our entry landed,,,,Sheep,8LdYXLcpruwbeQeV4w5hAhEB7BVQq43CoSzD5xwhmRbJ,4WKGCyV5236P7dsCEFPHJ1Q465DqPTUxYgNokKWgdxtS55sExshtrEN4jEvt6uDS72PLgmKWZtiBTcfv1noFNbzm,1.885
5.0,missed: wallet sold before our entry landed,,,,Sheep,8LdYXLcpruwbeQeV4w5hAhEB7BVQq43CoSzD5xwhmRbJ,4WKGCyV5236P7dsCEFPHJ1Q465DqPTUxYgNokKWgdxtS55sExshtrEN4jEvt6uDS72PLgmKWZtiBTcfv1noFNbzm,1.885
10.0,missed: wallet sold before our entry landed,,,,Sheep,8LdYXLcpruwbeQeV4w5hAhEB7BVQq43CoSzD5xwhmRbJ,4WKGCyV5236P7dsCEFPHJ1Q465DqPTUxYgNokKWgdxtS55sExshtrEN4jEvt6uDS72PLgmKWZtiBTcfv1noFNbzm,1.885
0.0,priced,-0.07470667739589298,41632558514.0,41272438621.0,Sheep,84ZXiWBk8KW9c3r9Ch27hhK2sWhnm5RYFJArXjjqMbvo,W8438m6vrL4QZA9ospJrtEWfmeDm4b7FJWgUfRmvHMna7yMJ1grZUGH5TfpjxFreBjy4VkpzLMBQYiYLfm1LSPP,8.029
0.5,priced,-0.20350239705426454,41876621551.0,38534335965.0,Sheep,84ZXiWBk8KW9c3r9Ch27hhK2sWhnm5RYFJArXjjqMbvo,W8438m6vrL4QZA9ospJrtEWfmeDm4b7FJWgUfRmvHMna7yMJ1grZUGH5TfpjxFreBjy4VkpzLMBQYiYLfm1LSPP,8.029
1.0,priced,-0.22199590617201412,42370448710.0,38534335965.0,Sheep,84ZXiWBk8KW9c3r9Ch27hhK2sWhnm5RYFJArXjjqMbvo,W8438m6vrL4QZA9ospJrtEWfmeDm4b7FJWgUfRmvHMna7yMJ1grZUGH5TfpjxFreBjy4VkpzLMBQYiYLfm1LSPP,8.029
2.0,priced,-0.22199590617201412,42370448710.0,38534335965.0,Sheep,84ZXiWBk8KW9c3r9Ch27hhK2sWhnm5RYFJArXjjqMbvo,W8438m6vrL4QZA9ospJrtEWfmeDm4b7FJWgUfRmvHMna7yMJ1grZUGH5TfpjxFreBjy4VkpzLMBQYiYLfm1LSPP,8.029
3.0,priced,-0.36642019253641295,42875979572.0,35218892504.0,Sheep,84ZXiWBk8KW9c3r9Ch27hhK2sWhnm5RYFJArXjjqMbvo,W8438m6vrL4QZA9ospJrtEWfmeDm4b7FJWgUfRmvHMna7yMJ1grZUGH5TfpjxFreBjy4VkpzLMBQYiYLfm1LSPP,8.029
5.0,priced,-0.3250836429634943,42953843144.0,36404077688.0,Sheep,84ZXiWBk8KW9c3r9Ch27hhK2sWhnm5RYFJArXjjqMbvo,W8438m6vrL4QZA9ospJrtEWfmeDm4b7FJWgUfRmvHMna7yMJ1grZUGH5TfpjxFreBjy4VkpzLMBQYiYLfm1LSPP,8.029
10.0,priced,-0.3400744845427643,42953843144.0,36001350778.0,Sheep,84ZXiWBk8KW9c3r9Ch27hhK2sWhnm5RYFJArXjjqMbvo,W8438m6vrL4QZA9ospJrtEWfmeDm4b7FJWgUfRmvHMna7yMJ1grZUGH5TfpjxFreBjy4VkpzLMBQYiYLfm1LSPP,8.029
0.0,priced,0.22343859554047368,33000000000.0,37655927145.0,Sheep,DYp5UvHfSbxhP2GeHkrSCrCFkdBWL542n15kBLXzqfKL,24V9wq8kZwxvQWDP4UYmm7NS364im32rbJi8QJqbwyHHZND29FyVHefzNMWqTuhccfsTGakGNtZby4h2xFLZ3dN7,4.362
0.5,priced,-0.11056254152291631,38721288994.0,37655927145.0,Sheep,DYp5UvHfSbxhP2GeHkrSCrCFkdBWL542n15kBLXzqfKL,24V9wq8kZwxvQWDP4UYmm7NS364im32rbJi8QJqbwyHHZND29FyVHefzNMWqTuhccfsTGakGNtZby4h2xFLZ3dN7,4.362
1.0,priced,-0.18420252629792058,38761690316.0,36110719615.0,Sheep,DYp5UvHfSbxhP2GeHkrSCrCFkdBWL542n15kBLXzqfKL,24V9wq8kZwxvQWDP4UYmm7NS364im32rbJi8QJqbwyHHZND29FyVHefzNMWqTuhccfsTGakGNtZby4h2xFLZ3dN7,4.362
2.0,priced,-0.17974830954474366,38761690316.0,36208497392.0,Sheep,DYp5UvHfSbxhP2GeHkrSCrCFkdBWL542n15kBLXzqfKL,24V9wq8kZwxvQWDP4UYmm7NS364im32rbJi8QJqbwyHHZND29FyVHefzNMWqTuhccfsTGakGNtZby4h2xFLZ3dN7,4.362
3.0,priced,-0.17974830954474366,38761690316.0,36208497392.0,Sheep,DYp5UvHfSbxhP2GeHkrSCrCFkdBWL542n15kBLXzqfKL,24V9wq8kZwxvQWDP4UYmm7NS364im32rbJi8QJqbwyHHZND29FyVHefzNMWqTuhccfsTGakGNtZby4h2xFLZ3dN7,4.362
5.0,priced,-0.17974830954474366,38761690316.0,36208497392.0,Sheep,DYp5UvHfSbxhP2GeHkrSCrCFkdBWL542n15kBLXzqfKL,24V9wq8kZwxvQWDP4UYmm7NS364im32rbJi8QJqbwyHHZND29FyVHefzNMWqTuhccfsTGakGNtZby4h2xFLZ3dN7,4.362
10.0,missed: wallet sold before our entry landed,,,,Sheep,DYp5UvHfSbxhP2GeHkrSCrCFkdBWL542n15kBLXzqfKL,24V9wq8kZwxvQWDP4UYmm7NS364im32rbJi8QJqbwyHHZND29FyVHefzNMWqTuhccfsTGakGNtZby4h2xFLZ3dN7,4.362
0.0,priced,0.16010608507479857,33000000000.0,36670827624.0,Sheep,HHwSsfzKJNfChGz11Xor1KKWTPW8y8RDvC7qbHtNBX34,5UZ8EjEJ1fAh26tBYwLJQ16bUw9KZXa98XV529LdBBvf67i2XHPb9GSuybBeNnpvyCe6Yf5tXKAz3d6XU3V9Ejcn,4.176
0.5,priced,-0.20161777502212155,38828194322.0,35786805180.0,Sheep,HHwSsfzKJNfChGz11Xor1KKWTPW8y8RDvC7qbHtNBX34,5UZ8EjEJ1fAh26tBYwLJQ16bUw9KZXa98XV529LdBBvf67i2XHPb9GSuybBeNnpvyCe6Yf5tXKAz3d6XU3V9Ejcn,4.176
1.0,priced,-0.20161777502212155,38828194322.0,35786805180.0,Sheep,HHwSsfzKJNfChGz11Xor1KKWTPW8y8RDvC7qbHtNBX34,5UZ8EjEJ1fAh26tBYwLJQ16bUw9KZXa98XV529LdBBvf67i2XHPb9GSuybBeNnpvyCe6Yf5tXKAz3d6XU3V9Ejcn,4.176
2.0,priced,-0.20161777502212155,38828194322.0,35786805180.0,Sheep,HHwSsfzKJNfChGz11Xor1KKWTPW8y8RDvC7qbHtNBX34,5UZ8EjEJ1fAh26tBYwLJQ16bUw9KZXa98XV529LdBBvf67i2XHPb9GSuybBeNnpvyCe6Yf5tXKAz3d6XU3V9Ejcn,4.176
3.0,priced,-0.20161777502212155,38828194322.0,35786805180.0,Sheep,HHwSsfzKJNfChGz11Xor1KKWTPW8y8RDvC7qbHtNBX34,5UZ8EjEJ1fAh26tBYwLJQ16bUw9KZXa98XV529LdBBvf67i2XHPb9GSuybBeNnpvyCe6Yf5tXKAz3d6XU3V9Ejcn,4.176
5.0,priced,-0.20161777502212155,38828194322.0,35786805180.0,Sheep,HHwSsfzKJNfChGz11Xor1KKWTPW8y8RDvC7qbHtNBX34,5UZ8EjEJ1fAh26tBYwLJQ16bUw9KZXa98XV529LdBBvf67i2XHPb9GSuybBeNnpvyCe6Yf5tXKAz3d6XU3V9Ejcn,4.176
10.0,missed: wallet sold before our entry landed,,,,Sheep,HHwSsfzKJNfChGz11Xor1KKWTPW8y8RDvC7qbHtNBX34,5UZ8EjEJ1fAh26tBYwLJQ16bUw9KZXa98XV529LdBBvf67i2XHPb9GSuybBeNnpvyCe6Yf5tXKAz3d6XU3V9Ejcn,4.176
0.0,priced,0.30676493341299793,33000000000.0,38914509409.0,Sheep,Cy1ZrJJbYrnRSiqCG7r59Q2pr8izVbxPSe2X5LF8H9v5,2DwKB2TuyXPae4S8WZ9ejQmwxQPVRTe1x79T9gj2KD54piYGB2RYoTWPSyLnY8cEnh2dj2Mgyptbb99FbWFAyJiA,4.281
0.5,priced,-0.007305387152331591,37838500713.0,38869113267.0,Sheep,Cy1ZrJJbYrnRSiqCG7r59Q2pr8izVbxPSe2X5LF8H9v5,2DwKB2TuyXPae4S8WZ9ejQmwxQPVRTe1x79T9gj2KD54piYGB2RYoTWPSyLnY8cEnh2dj2Mgyptbb99FbWFAyJiA,4.281
1.0,priced,-0.0012805071381689313,37838500713.0,38986333358.0,Sheep,Cy1ZrJJbYrnRSiqCG7r59Q2pr8izVbxPSe2X5LF8H9v5,2DwKB2TuyXPae4S8WZ9ejQmwxQPVRTe1x79T9gj2KD54piYGB2RYoTWPSyLnY8cEnh2dj2Mgyptbb99FbWFAyJiA,4.281
2.0,priced,0.011495131094777823,37838500713.0,39233748937.0,Sheep,Cy1ZrJJbYrnRSiqCG7r59Q2pr8izVbxPSe2X5LF8H9v5,2DwKB2TuyXPae4S8WZ9ejQmwxQPVRTe1x79T9gj2KD54piYGB2RYoTWPSyLnY8cEnh2dj2Mgyptbb99FbWFAyJiA,4.281
3.0,priced,-0.043864585761035205,37838500713.0,38150171054.0,Sheep,Cy1ZrJJbYrnRSiqCG7r59Q2pr8izVbxPSe2X5LF8H9v5,2DwKB2TuyXPae4S8WZ9ejQmwxQPVRTe1x79T9gj2KD54piYGB2RYoTWPSyLnY8cEnh2dj2Mgyptbb99FbWFAyJiA,4.281
5.0,priced,-0.06612070982901311,37838500713.0,37705854791.0,Sheep,Cy1ZrJJbYrnRSiqCG7r59Q2pr8izVbxPSe2X5LF8H9v5,2DwKB2TuyXPae4S8WZ9ejQmwxQPVRTe1x79T9gj2KD54piYGB2RYoTWPSyLnY8cEnh2dj2Mgyptbb99FbWFAyJiA,4.281
10.0,priced,-0.16626593476226986,41352722932.0,38928077013.0,Sheep,Cy1ZrJJbYrnRSiqCG7r59Q2pr8izVbxPSe2X5LF8H9v5,2DwKB2TuyXPae4S8WZ9ejQmwxQPVRTe1x79T9gj2KD54piYGB2RYoTWPSyLnY8cEnh2dj2Mgyptbb99FbWFAyJiA,4.281
0.0,priced,0.3867250489341931,33000000000.0,40085575050.0,Sheep,3qS2un9uVW9E72hdaYX3C3MnbxaQUkQ8NzE6YjxxGh47,uf2E6UbBw9DhBaqSLQ5cQw8xKJwpxTHPpxqsLiRdzxAWYN2grVjWJTR6282pi1c43jWVEo7yU2juN4AkMA8nzLW,1.761
0.5,priced,-0.4062508434860065,47738271603.0,37953651498.0,Sheep,3qS2un9uVW9E72hdaYX3C3MnbxaQUkQ8NzE6YjxxGh47,uf2E6UbBw9DhBaqSLQ5cQw8xKJwpxTHPpxqsLiRdzxAWYN2grVjWJTR6282pi1c43jWVEo7yU2juN4AkMA8nzLW,1.761
1.0,missed: wallet sold before our entry landed,,,,Sheep,3qS2un9uVW9E72hdaYX3C3MnbxaQUkQ8NzE6YjxxGh47,uf2E6UbBw9DhBaqSLQ5cQw8xKJwpxTHPpxqsLiRdzxAWYN2grVjWJTR6282pi1c43jWVEo7yU2juN4AkMA8nzLW,1.761
2.0,missed: wallet sold before our entry landed,,,,Sheep,3qS2un9uVW9E72hdaYX3C3MnbxaQUkQ8NzE6YjxxGh47,uf2E6UbBw9DhBaqSLQ5cQw8xKJwpxTHPpxqsLiRdzxAWYN2grVjWJTR6282pi1c43jWVEo7yU2juN4AkMA8nzLW,1.761
3.0,missed: wallet sold before our entry landed,,,,Sheep,3qS2un9uVW9E72hdaYX3C3MnbxaQUkQ8NzE6YjxxGh47,uf2E6UbBw9DhBaqSLQ5cQw8xKJwpxTHPpxqsLiRdzxAWYN2grVjWJTR6282pi1c43jWVEo7yU2juN4AkMA8nzLW,1.761
5.0,missed: wallet sold before our entry landed,,,,Sheep,3qS2un9uVW9E72hdaYX3C3MnbxaQUkQ8NzE6YjxxGh47,uf2E6UbBw9DhBaqSLQ5cQw8xKJwpxTHPpxqsLiRdzxAWYN2grVjWJTR6282pi1c43jWVEo7yU2juN4AkMA8nzLW,1.761
10.0,missed: wallet sold before our entry landed,,,,Sheep,3qS2un9uVW9E72hdaYX3C3MnbxaQUkQ8NzE6YjxxGh47,uf2E6UbBw9DhBaqSLQ5cQw8xKJwpxTHPpxqsLiRdzxAWYN2grVjWJTR6282pi1c43jWVEo7yU2juN4AkMA8nzLW,1.761
0.0,priced,0.10726311877565431,33000000000.0,35828423585.0,Sheep,7c6uEA1TBQgaJKYWHc9kjuKFqKErgG3MJW52dMgBxpHy,aXjArnNoSnhMnsdFd65LjM3n1swW9xSwGQgw9eAwsnyEfj45R9sPpiUEbgu3aQhr1ySgXA3szSPLyAc1yyeYE5V,4.244
0.5,priced,-0.17301848241131842,38196049381.0,35828423585.0,Sheep,7c6uEA1TBQgaJKYWHc9kjuKFqKErgG3MJW52dMgBxpHy,aXjArnNoSnhMnsdFd65LjM3n1swW9xSwGQgw9eAwsnyEfj45R9sPpiUEbgu3aQhr1ySgXA3szSPLyAc1yyeYE5V,4.244
1.0,priced,-0.21517367678821112,39223015843.0,35842520458.0,Sheep,7c6uEA1TBQgaJKYWHc9kjuKFqKErgG3MJW52dMgBxpHy,aXjArnNoSnhMnsdFd65LjM3n1swW9xSwGQgw9eAwsnyEfj45R9sPpiUEbgu3aQhr1ySgXA3szSPLyAc1yyeYE5V,4.244
2.0,priced,-0.21513193942253292,39221974368.0,35842520458.0,Sheep,7c6uEA1TBQgaJKYWHc9kjuKFqKErgG3MJW52dMgBxpHy,aXjArnNoSnhMnsdFd65LjM3n1swW9xSwGQgw9eAwsnyEfj45R9sPpiUEbgu3aQhr1ySgXA3szSPLyAc1yyeYE5V,4.244
3.0,priced,-0.2171318891017176,39271971712.0,35842520458.0,Sheep,7c6uEA1TBQgaJKYWHc9kjuKFqKErgG3MJW52dMgBxpHy,aXjArnNoSnhMnsdFd65LjM3n1swW9xSwGQgw9eAwsnyEfj45R9sPpiUEbgu3aQhr1ySgXA3szSPLyAc1yyeYE5V,4.244
5.0,priced,-0.20305327156044806,39271971712.0,36161042402.0,Sheep,7c6uEA1TBQgaJKYWHc9kjuKFqKErgG3MJW52dMgBxpHy,aXjArnNoSnhMnsdFd65LjM3n1swW9xSwGQgw9eAwsnyEfj45R9sPpiUEbgu3aQhr1ySgXA3szSPLyAc1yyeYE5V,4.244
10.0,priced,-0.18133145566405331,38854440157.0,36259807833.0,Sheep,7c6uEA1TBQgaJKYWHc9kjuKFqKErgG3MJW52dMgBxpHy,aXjArnNoSnhMnsdFd65LjM3n1swW9xSwGQgw9eAwsnyEfj45R9sPpiUEbgu3aQhr1ySgXA3szSPLyAc1yyeYE5V,4.244
0.0,priced,0.27881889035302493,33000000000.0,38496933200.0,Sheep,DwQTU4D12UrepibASoG6VqByt4KtujRYnznCfrg9qpbd,59StDyZBpugnF6cZTNYijfuGaC5mH2MAETzGDiWNEUBc3FDnArtYYPtcw2t3bEgJzFDcL5LFwVypFjGfDNUNivc,4.257
0.5,priced,-0.02433429846137333,37800000000.0,38496933200.0,Sheep,DwQTU4D12UrepibASoG6VqByt4KtujRYnznCfrg9qpbd,59StDyZBpugnF6cZTNYijfuGaC5mH2MAETzGDiWNEUBc3FDnArtYYPtcw2t3bEgJzFDcL5LFwVypFjGfDNUNivc,4.257
1.0,priced,-0.1391992553565588,40244521326.0,38496933200.0,Sheep,DwQTU4D12UrepibASoG6VqByt4KtujRYnznCfrg9qpbd,59StDyZBpugnF6cZTNYijfuGaC5mH2MAETzGDiWNEUBc3FDnArtYYPtcw2t3bEgJzFDcL5LFwVypFjGfDNUNivc,4.257
2.0,priced,-0.1399103216435834,40261146142.0,38496933200.0,Sheep,DwQTU4D12UrepibASoG6VqByt4KtujRYnznCfrg9qpbd,59StDyZBpugnF6cZTNYijfuGaC5mH2MAETzGDiWNEUBc3FDnArtYYPtcw2t3bEgJzFDcL5LFwVypFjGfDNUNivc,4.257
3.0,priced,-0.13804821795325506,40261146142.0,38538319344.0,Sheep,DwQTU4D12UrepibASoG6VqByt4KtujRYnznCfrg9qpbd,59StDyZBpugnF6cZTNYijfuGaC5mH2MAETzGDiWNEUBc3FDnArtYYPtcw2t3bEgJzFDcL5LFwVypFjGfDNUNivc,4.257
5.0,priced,-0.13804821795325506,40261146142.0,38538319344.0,Sheep,DwQTU4D12UrepibASoG6VqByt4KtujRYnznCfrg9qpbd,59StDyZBpugnF6cZTNYijfuGaC5mH2MAETzGDiWNEUBc3FDnArtYYPtcw2t3bEgJzFDcL5LFwVypFjGfDNUNivc,4.257
10.0,priced,-0.29496620291731085,42039210468.0,36412162460.0,Sheep,DwQTU4D12UrepibASoG6VqByt4KtujRYnznCfrg9qpbd,59StDyZBpugnF6cZTNYijfuGaC5mH2MAETzGDiWNEUBc3FDnArtYYPtcw2t3bEgJzFDcL5LFwVypFjGfDNUNivc,4.257
0.0,priced,-0.12432079065751958,44023505588.0,42450303788.0,Sheep,9urVnEqQPCEHarBgdZCNKGc8Xan242zNB24ckEQVx2pk,5cNmAEwgiGCdjUtajLLoUZRYN6z6S7zHaobDwgAm3ExQPV7tyDRJumuwxLR56Rfa9JXNox9rdGmyo7pK2xUv212q,96.904
0.5,priced,-0.3590289873362458,48072888298.0,39692806549.0,Sheep,9urVnEqQPCEHarBgdZCNKGc8Xan242zNB24ckEQVx2pk,5cNmAEwgiGCdjUtajLLoUZRYN6z6S7zHaobDwgAm3ExQPV7tyDRJumuwxLR56Rfa9JXNox9rdGmyo7pK2xUv212q,96.904
1.0,priced,-0.42866886340023136,50484313598.0,39370893834.0,Sheep,9urVnEqQPCEHarBgdZCNKGc8Xan242zNB24ckEQVx2pk,5cNmAEwgiGCdjUtajLLoUZRYN6z6S7zHaobDwgAm3ExQPV7tyDRJumuwxLR56Rfa9JXNox9rdGmyo7pK2xUv212q,96.904
2.0,priced,-0.44823787527700437,50484313598.0,38698994663.0,Sheep,9urVnEqQPCEHarBgdZCNKGc8Xan242zNB24ckEQVx2pk,5cNmAEwgiGCdjUtajLLoUZRYN6z6S7zHaobDwgAm3ExQPV7tyDRJumuwxLR56Rfa9JXNox9rdGmyo7pK2xUv212q,96.904
3.0,priced,-0.40494095239798644,50484313598.0,40170599600.0,Sheep,9urVnEqQPCEHarBgdZCNKGc8Xan242zNB24ckEQVx2pk,5cNmAEwgiGCdjUtajLLoUZRYN6z6S7zHaobDwgAm3ExQPV7tyDRJumuwxLR56Rfa9JXNox9rdGmyo7pK2xUv212q,96.904
5.0,priced,-0.4117842093630841,50484313598.0,39941593886.0,Sheep,9urVnEqQPCEHarBgdZCNKGc8Xan242zNB24ckEQVx2pk,5cNmAEwgiGCdjUtajLLoUZRYN6z6S7zHaobDwgAm3ExQPV7tyDRJumuwxLR56Rfa9JXNox9rdGmyo7pK2xUv212q,96.904
10.0,priced,-0.32478046448725223,48533138488.0,41117039988.0,Sheep,9urVnEqQPCEHarBgdZCNKGc8Xan242zNB24ckEQVx2pk,5cNmAEwgiGCdjUtajLLoUZRYN6z6S7zHaobDwgAm3ExQPV7tyDRJumuwxLR56Rfa9JXNox9rdGmyo7pK2xUv212q,96.904
0.0,priced,0.5080522687713568,33000000000.0,41800680776.0,Sheep,7Lu2TH33GmSHJycxBhR16WhJaDnkWp1jxtEnaF78zs1b,5TZzTbApY6sVTx2BYcoAeea8SMfmrmdnXGGGaKKzoCLyoSoEANLKtCNBn1GmmdDo8edekwob928D11ECEe7HH4oj,6.182
0.5,priced,0.09111335482986807,38828194322.0,41800680776.0,Sheep,7Lu2TH33GmSHJycxBhR16WhJaDnkWp1jxtEnaF78zs1b,5TZzTbApY6sVTx2BYcoAeea8SMfmrmdnXGGGaKKzoCLyoSoEANLKtCNBn1GmmdDo8edekwob928D11ECEe7HH4oj,6.182
1.0,priced,0.02075163076496458,40241369631.0,41898458553.0,Sheep,7Lu2TH33GmSHJycxBhR16WhJaDnkWp1jxtEnaF78zs1b,5TZzTbApY6sVTx2BYcoAeea8SMfmrmdnXGGGaKKzoCLyoSoEANLKtCNBn1GmmdDo8edekwob928D11ECEe7HH4oj,6.182
2.0,priced,0.02075163076496458,40241369631.0,41898458553.0,Sheep,7Lu2TH33GmSHJycxBhR16WhJaDnkWp1jxtEnaF78zs1b,5TZzTbApY6sVTx2BYcoAeea8SMfmrmdnXGGGaKKzoCLyoSoEANLKtCNBn1GmmdDo8edekwob928D11ECEe7HH4oj,6.182
3.0,priced,-0.06131471873229802,40241369631.0,40187411846.0,Sheep,7Lu2TH33GmSHJycxBhR16WhJaDnkWp1jxtEnaF78zs1b,5TZzTbApY6sVTx2BYcoAeea8SMfmrmdnXGGGaKKzoCLyoSoEANLKtCNBn1GmmdDo8edekwob928D11ECEe7HH4oj,6.182
5.0,priced,-0.06131471873229802,40241369631.0,40187411846.0,Sheep,7Lu2TH33GmSHJycxBhR16WhJaDnkWp1jxtEnaF78zs1b,5TZzTbApY6sVTx2BYcoAeea8SMfmrmdnXGGGaKKzoCLyoSoEANLKtCNBn1GmmdDo8edekwob928D11ECEe7HH4oj,6.182
10.0,priced,-0.17491886407148194,42072772640.0,39397411847.0,Sheep,7Lu2TH33GmSHJycxBhR16WhJaDnkWp1jxtEnaF78zs1b,5TZzTbApY6sVTx2BYcoAeea8SMfmrmdnXGGGaKKzoCLyoSoEANLKtCNBn1GmmdDo8edekwob928D11ECEe7HH4oj,6.182
0.0,priced,-0.1226798675387305,54167873182.0,52227636515.0,Sheep,A12bnxyxbs23jGHzbtNhVwFx14rzJQnw8bBGu1GY2tus,2oFSDAqMtFBT8aG9yWKJxXe9G5s62fWkG79bpKC5XPT3bxSEzMhMf7SMZw8nzTA3PUvCx1rUZCC3ntHq8HMDpuf7,40.686
0.5,priced,-0.14893167463219428,56159642725.0,53329198072.0,Sheep,A12bnxyxbs23jGHzbtNhVwFx14rzJQnw8bBGu1GY2tus,2oFSDAqMtFBT8aG9yWKJxXe9G5s62fWkG79bpKC5XPT3bxSEzMhMf7SMZw8nzTA3PUvCx1rUZCC3ntHq8HMDpuf7,40.686
1.0,priced,-0.16518935595759404,56653469884.0,53283648416.0,Sheep,A12bnxyxbs23jGHzbtNhVwFx14rzJQnw8bBGu1GY2tus,2oFSDAqMtFBT8aG9yWKJxXe9G5s62fWkG79bpKC5XPT3bxSEzMhMf7SMZw8nzTA3PUvCx1rUZCC3ntHq8HMDpuf7,40.686
2.0,priced,-0.1992470301802063,57094008379.0,52597990282.0,Sheep,A12bnxyxbs23jGHzbtNhVwFx14rzJQnw8bBGu1GY2tus,2oFSDAqMtFBT8aG9yWKJxXe9G5s62fWkG79bpKC5XPT3bxSEzMhMf7SMZw8nzTA3PUvCx1rUZCC3ntHq8HMDpuf7,40.686
3.0,priced,-0.19084824288030827,56829591214.0,52627081319.0,Sheep,A12bnxyxbs23jGHzbtNhVwFx14rzJQnw8bBGu1GY2tus,2oFSDAqMtFBT8aG9yWKJxXe9G5s62fWkG79bpKC5XPT3bxSEzMhMf7SMZw8nzTA3PUvCx1rUZCC3ntHq8HMDpuf7,40.686
5.0,priced,-0.2273618487614038,58435814657.0,52883375569.0,Sheep,A12bnxyxbs23jGHzbtNhVwFx14rzJQnw8bBGu1GY2tus,2oFSDAqMtFBT8aG9yWKJxXe9G5s62fWkG79bpKC5XPT3bxSEzMhMf7SMZw8nzTA3PUvCx1rUZCC3ntHq8HMDpuf7,40.686
10.0,priced,-0.19432405810210027,59369658426.0,54852348688.0,Sheep,A12bnxyxbs23jGHzbtNhVwFx14rzJQnw8bBGu1GY2tus,2oFSDAqMtFBT8aG9yWKJxXe9G5s62fWkG79bpKC5XPT3bxSEzMhMf7SMZw8nzTA3PUvCx1rUZCC3ntHq8HMDpuf7,40.686
0.0,priced,-0.01600094801779604,33934048430.0,34731942486.0,Sheep,9MWpEePgSjwZJzc2ubHqd76zSVq6Zc3AabvsCKrMpump,3c6dZaQ1HTuvaNzfoNaDGcaTP1FQ2s9mBpQC6EwJfj6WkCkMqYA9i3TcSH5XWQpVeDMFd5wgjF9BPVGUdwmJKHqA,106.176
0.5,priced,-0.2685298921658648,36618530055.0,32327170407.0,Sheep,9MWpEePgSjwZJzc2ubHqd76zSVq6Zc3AabvsCKrMpump,3c6dZaQ1HTuvaNzfoNaDGcaTP1FQ2s9mBpQC6EwJfj6WkCkMqYA9i3TcSH5XWQpVeDMFd5wgjF9BPVGUdwmJKHqA,106.176
1.0,priced,-0.2593130347600659,36390342428.0,32327170407.0,Sheep,9MWpEePgSjwZJzc2ubHqd76zSVq6Zc3AabvsCKrMpump,3c6dZaQ1HTuvaNzfoNaDGcaTP1FQ2s9mBpQC6EwJfj6WkCkMqYA9i3TcSH5XWQpVeDMFd5wgjF9BPVGUdwmJKHqA,106.176
2.0,priced,-0.2593130347600659,36390342428.0,32327170407.0,Sheep,9MWpEePgSjwZJzc2ubHqd76zSVq6Zc3AabvsCKrMpump,3c6dZaQ1HTuvaNzfoNaDGcaTP1FQ2s9mBpQC6EwJfj6WkCkMqYA9i3TcSH5XWQpVeDMFd5wgjF9BPVGUdwmJKHqA,106.176
3.0,priced,-0.3267565376952949,36390342428.0,30832547350.0,Sheep,9MWpEePgSjwZJzc2ubHqd76zSVq6Zc3AabvsCKrMpump,3c6dZaQ1HTuvaNzfoNaDGcaTP1FQ2s9mBpQC6EwJfj6WkCkMqYA9i3TcSH5XWQpVeDMFd5wgjF9BPVGUdwmJKHqA,106.176
5.0,priced,-0.31140039243853274,35816272004.0,30690287000.0,Sheep,9MWpEePgSjwZJzc2ubHqd76zSVq6Zc3AabvsCKrMpump,3c6dZaQ1HTuvaNzfoNaDGcaTP1FQ2s9mBpQC6EwJfj6WkCkMqYA9i3TcSH5XWQpVeDMFd5wgjF9BPVGUdwmJKHqA,106.176
10.0,priced,-0.31140039243853274,35816272004.0,30690287000.0,Sheep,9MWpEePgSjwZJzc2ubHqd76zSVq6Zc3AabvsCKrMpump,3c6dZaQ1HTuvaNzfoNaDGcaTP1FQ2s9mBpQC6EwJfj6WkCkMqYA9i3TcSH5XWQpVeDMFd5wgjF9BPVGUdwmJKHqA,106.176
0.0,priced,-0.03588345321791446,47879841338.0,48408645490.0,Kadenox,BpuuWH2cTv3vHoUShdHk4xNnvUWexMgiok43wLw9moMt,cgcwY7phgTHyMHq5oMRbEqDaq7DzdZaVhgqv1RyF61bQA9FdDA2PKQuQntRd4kB86eXtddaxMPxEff6959zLi8a,26.699
0.5,priced,-0.31048728098122313,54404085787.0,46548145078.0,Kadenox,BpuuWH2cTv3vHoUShdHk4xNnvUWexMgiok43wLw9moMt,cgcwY7phgTHyMHq5oMRbEqDaq7DzdZaVhgqv1RyF61bQA9FdDA2PKQuQntRd4kB86eXtddaxMPxEff6959zLi8a,26.699
1.0,priced,-0.31653874550171207,53662651386.0,45716408328.0,Kadenox,BpuuWH2cTv3vHoUShdHk4xNnvUWexMgiok43wLw9moMt,cgcwY7phgTHyMHq5oMRbEqDaq7DzdZaVhgqv1RyF61bQA9FdDA2PKQuQntRd4kB86eXtddaxMPxEff6959zLi8a,26.699
2.0,priced,-0.30006057990476204,52484446864.0,45247631772.0,Kadenox,BpuuWH2cTv3vHoUShdHk4xNnvUWexMgiok43wLw9moMt,cgcwY7phgTHyMHq5oMRbEqDaq7DzdZaVhgqv1RyF61bQA9FdDA2PKQuQntRd4kB86eXtddaxMPxEff6959zLi8a,26.699
3.0,priced,-0.3017234843918195,52484446864.0,45194352428.0,Kadenox,BpuuWH2cTv3vHoUShdHk4xNnvUWexMgiok43wLw9moMt,cgcwY7phgTHyMHq5oMRbEqDaq7DzdZaVhgqv1RyF61bQA9FdDA2PKQuQntRd4kB86eXtddaxMPxEff6959zLi8a,26.699
5.0,priced,-0.26658617934073364,51196262205.0,45175583726.0,Kadenox,BpuuWH2cTv3vHoUShdHk4xNnvUWexMgiok43wLw9moMt,cgcwY7phgTHyMHq5oMRbEqDaq7DzdZaVhgqv1RyF61bQA9FdDA2PKQuQntRd4kB86eXtddaxMPxEff6959zLi8a,26.699
10.0,priced,-0.2844304950057215,52196743267.0,45495730338.0,Kadenox,BpuuWH2cTv3vHoUShdHk4xNnvUWexMgiok43wLw9moMt,cgcwY7phgTHyMHq5oMRbEqDaq7DzdZaVhgqv1RyF61bQA9FdDA2PKQuQntRd4kB86eXtddaxMPxEff6959zLi8a,26.699
0.0,priced,0.056859357386130925,33000000000.0,35006249444.0,Sheep,7rJUHj2581tVNL1nTqZyqPrckzhTXPJuhUBP3c7bcjEF,5o1y5er5GLFHDM4DS5ThwuZN6yN78FB6fbr4nmH6YKTuCvhWpQNStdo2KHWzW7wimaUHbTCP2rqopSj9YYMYVQ4D,4.257
0.5,priced,-0.17111336408373046,37800000000.0,35499763457.0,Sheep,7rJUHj2581tVNL1nTqZyqPrckzhTXPJuhUBP3c7bcjEF,5o1y5er5GLFHDM4DS5ThwuZN6yN78FB6fbr4nmH6YKTuCvhWpQNStdo2KHWzW7wimaUHbTCP2rqopSj9YYMYVQ4D,4.257
1.0,priced,-0.20782024668183113,38665199909.0,35499763457.0,Sheep,7rJUHj2581tVNL1nTqZyqPrckzhTXPJuhUBP3c7bcjEF,5o1y5er5GLFHDM4DS5ThwuZN6yN78FB6fbr4nmH6YKTuCvhWpQNStdo2KHWzW7wimaUHbTCP2rqopSj9YYMYVQ4D,4.257
2.0,priced,-0.21267231065435493,38784017416.0,35499763457.0,Sheep,7rJUHj2581tVNL1nTqZyqPrckzhTXPJuhUBP3c7bcjEF,5o1y5er5GLFHDM4DS5ThwuZN6yN78FB6fbr4nmH6YKTuCvhWpQNStdo2KHWzW7wimaUHbTCP2rqopSj9YYMYVQ4D,4.257
3.0,priced,-0.213760804400177,38810821618.0,35499763457.0,Sheep,7rJUHj2581tVNL1nTqZyqPrckzhTXPJuhUBP3c7bcjEF,5o1y5er5GLFHDM4DS5ThwuZN6yN78FB6fbr4nmH6YKTuCvhWpQNStdo2KHWzW7wimaUHbTCP2rqopSj9YYMYVQ4D,4.257
5.0,priced,-0.37743870604761603,42412303096.0,34538820962.0,Sheep,7rJUHj2581tVNL1nTqZyqPrckzhTXPJuhUBP3c7bcjEF,5o1y5er5GLFHDM4DS5ThwuZN6yN78FB6fbr4nmH6YKTuCvhWpQNStdo2KHWzW7wimaUHbTCP2rqopSj9YYMYVQ4D,4.257
10.0,priced,-0.04341961640149045,41519207915.0,41846973298.0,Sheep,7rJUHj2581tVNL1nTqZyqPrckzhTXPJuhUBP3c7bcjEF,5o1y5er5GLFHDM4DS5ThwuZN6yN78FB6fbr4nmH6YKTuCvhWpQNStdo2KHWzW7wimaUHbTCP2rqopSj9YYMYVQ4D,4.257
0.0,priced,0.46041730975801015,33000000000.0,41135715176.0,Sheep,4hU4XLXgaHR4usxM4qCYZefGofu3zE5a1df6Vd5yY3gm,Ka6hYBfJuovE95J71vykvMDYf5NFXnG3j9pPqRMnzoDTY8a4pDBaNEExSH967x4U7ejNckyTdrkp6d49VExSQnU,4.454
0.5,priced,0.056486172545678136,38829184042.0,41135797151.0,Sheep,4hU4XLXgaHR4usxM4qCYZefGofu3zE5a1df6Vd5yY3gm,Ka6hYBfJuovE95J71vykvMDYf5NFXnG3j9pPqRMnzoDTY8a4pDBaNEExSH967x4U7ejNckyTdrkp6d49VExSQnU,4.454
1.0,priced,0.05903503998462701,38829184042.0,41185179866.0,Sheep,4hU4XLXgaHR4usxM4qCYZefGofu3zE5a1df6Vd5yY3gm,Ka6hYBfJuovE95J71vykvMDYf5NFXnG3j9pPqRMnzoDTY8a4pDBaNEExSH967x4U7ejNckyTdrkp6d49VExSQnU,4.454
2.0,priced,0.05903077128027224,38829193918.0,41185107619.0,Sheep,4hU4XLXgaHR4usxM4qCYZefGofu3zE5a1df6Vd5yY3gm,Ka6hYBfJuovE95J71vykvMDYf5NFXnG3j9pPqRMnzoDTY8a4pDBaNEExSH967x4U7ejNckyTdrkp6d49VExSQnU,4.454
3.0,priced,-0.02448504262324035,38849723220.0,39556041569.0,Sheep,4hU4XLXgaHR4usxM4qCYZefGofu3zE5a1df6Vd5yY3gm,Ka6hYBfJuovE95J71vykvMDYf5NFXnG3j9pPqRMnzoDTY8a4pDBaNEExSH967x4U7ejNckyTdrkp6d49VExSQnU,4.454
5.0,priced,-0.054283823690532806,38849723220.0,38950301334.0,Sheep,4hU4XLXgaHR4usxM4qCYZefGofu3zE5a1df6Vd5yY3gm,Ka6hYBfJuovE95J71vykvMDYf5NFXnG3j9pPqRMnzoDTY8a4pDBaNEExSH967x4U7ejNckyTdrkp6d49VExSQnU,4.454
10.0,priced,-0.16054379623099066,38871915644.0,36730627768.0,Sheep,4hU4XLXgaHR4usxM4qCYZefGofu3zE5a1df6Vd5yY3gm,Ka6hYBfJuovE95J71vykvMDYf5NFXnG3j9pPqRMnzoDTY8a4pDBaNEExSH967x4U7ejNckyTdrkp6d49VExSQnU,4.454
0.0,priced,-0.19879341577947723,33000000000.0,30500866827.0,Sheep,4JRd3p91UxvRwsC3wkN8wbLyfRSEUcnrqpYpspuk8mag,5PfmEsBzF2NWyV2rLn1NABiTXucfM5YB66zGxesvNUFTvXKAsEF3NRqHxJk7EeBMxjxJASwEPHHAzry7aqT82agz,1.764
0.5,priced,-0.5295983345687763,44862951107.0,31804544279.0,Sheep,4JRd3p91UxvRwsC3wkN8wbLyfRSEUcnrqpYpspuk8mag,5PfmEsBzF2NWyV2rLn1NABiTXucfM5YB66zGxesvNUFTvXKAsEF3NRqHxJk7EeBMxjxJASwEPHHAzry7aqT82agz,1.764
1.0,priced,-0.5405248118856059,44862951107.0,31438551586.0,Sheep,4JRd3p91UxvRwsC3wkN8wbLyfRSEUcnrqpYpspuk8mag,5PfmEsBzF2NWyV2rLn1NABiTXucfM5YB66zGxesvNUFTvXKAsEF3NRqHxJk7EeBMxjxJASwEPHHAzry7aqT82agz,1.764
2.0,missed: wallet sold before our entry landed,,,,Sheep,4JRd3p91UxvRwsC3wkN8wbLyfRSEUcnrqpYpspuk8mag,5PfmEsBzF2NWyV2rLn1NABiTXucfM5YB66zGxesvNUFTvXKAsEF3NRqHxJk7EeBMxjxJASwEPHHAzry7aqT82agz,1.764
3.0,missed: wallet sold before our entry landed,,,,Sheep,4JRd3p91UxvRwsC3wkN8wbLyfRSEUcnrqpYpspuk8mag,5PfmEsBzF2NWyV2rLn1NABiTXucfM5YB66zGxesvNUFTvXKAsEF3NRqHxJk7EeBMxjxJASwEPHHAzry7aqT82agz,1.764
5.0,missed: wallet sold before our entry landed,,,,Sheep,4JRd3p91UxvRwsC3wkN8wbLyfRSEUcnrqpYpspuk8mag,5PfmEsBzF2NWyV2rLn1NABiTXucfM5YB66zGxesvNUFTvXKAsEF3NRqHxJk7EeBMxjxJASwEPHHAzry7aqT82agz,1.764
10.0,missed: wallet sold before our entry landed,,,,Sheep,4JRd3p91UxvRwsC3wkN8wbLyfRSEUcnrqpYpspuk8mag,5PfmEsBzF2NWyV2rLn1NABiTXucfM5YB66zGxesvNUFTvXKAsEF3NRqHxJk7EeBMxjxJASwEPHHAzry7aqT82agz,1.764
0.0,priced,0.08199123230479241,41497418166.0,44469315891.0,Sheep,6eqXxCd5hkzowyPggCznHPnyrxwMiGRhKSkgawpypump,2BNapTYvx6EcVPe31PyQPfxuPH1KPF4Ub8hfEK4L3PT9kA5t1ByyaY9eDvobVLyV7AmkmQAabYYwR7zVm8465z7N,16.183
0.5,priced,-0.29051754240617433,46534455197.0,40410460853.0,Sheep,6eqXxCd5hkzowyPggCznHPnyrxwMiGRhKSkgawpypump,2BNapTYvx6EcVPe31PyQPfxuPH1KPF4Ub8hfEK4L3PT9kA5t1ByyaY9eDvobVLyV7AmkmQAabYYwR7zVm8465z7N,16.183
1.0,priced,-0.2632544227020868,46734252526.0,41348732457.0,Sheep,6eqXxCd5hkzowyPggCznHPnyrxwMiGRhKSkgawpypump,2BNapTYvx6EcVPe31PyQPfxuPH1KPF4Ub8hfEK4L3PT9kA5t1ByyaY9eDvobVLyV7AmkmQAabYYwR7zVm8465z7N,16.183
2.0,priced,-0.23690776734685243,46687047628.0,42033176901.0,Sheep,6eqXxCd5hkzowyPggCznHPnyrxwMiGRhKSkgawpypump,2BNapTYvx6EcVPe31PyQPfxuPH1KPF4Ub8hfEK4L3PT9kA5t1ByyaY9eDvobVLyV7AmkmQAabYYwR7zVm8465z7N,16.183
3.0,priced,-0.24905821208311404,46687047628.0,41699920532.0,Sheep,6eqXxCd5hkzowyPggCznHPnyrxwMiGRhKSkgawpypump,2BNapTYvx6EcVPe31PyQPfxuPH1KPF4Ub8hfEK4L3PT9kA5t1ByyaY9eDvobVLyV7AmkmQAabYYwR7zVm8465z7N,16.183
5.0,priced,-0.24155923200373114,46456416563.0,41699920532.0,Sheep,6eqXxCd5hkzowyPggCznHPnyrxwMiGRhKSkgawpypump,2BNapTYvx6EcVPe31PyQPfxuPH1KPF4Ub8hfEK4L3PT9kA5t1ByyaY9eDvobVLyV7AmkmQAabYYwR7zVm8465z7N,16.183
10.0,priced,-0.2513993495304358,46295428604.0,41287880868.0,Sheep,6eqXxCd5hkzowyPggCznHPnyrxwMiGRhKSkgawpypump,2BNapTYvx6EcVPe31PyQPfxuPH1KPF4Ub8hfEK4L3PT9kA5t1ByyaY9eDvobVLyV7AmkmQAabYYwR7zVm8465z7N,16.183
0.0,priced,-0.4387032487731229,40719303356.0,31511057839.0,Sheep,B9rLsYmLEerhxACpkdFA6G47R1ZxXQs7uBDXdamCrNTw,Nwamx8qNFY3xz4KWNw9p2pafBCJUUHmwsYFSHhbF9nBXFJw2z6LEPFGb8PkCyVnQA5XbDTPbTq9ripHVs7Ho5mG,240.085
0.5,priced,-0.43866799949074553,40719303356.0,31512035616.0,Sheep,B9rLsYmLEerhxACpkdFA6G47R1ZxXQs7uBDXdamCrNTw,Nwamx8qNFY3xz4KWNw9p2pafBCJUUHmwsYFSHhbF9nBXFJw2z6LEPFGb8PkCyVnQA5XbDTPbTq9ripHVs7Ho5mG,240.085
1.0,priced,-0.3662749184213275,40904946895.0,33612035616.0,Sheep,B9rLsYmLEerhxACpkdFA6G47R1ZxXQs7uBDXdamCrNTw,Nwamx8qNFY3xz4KWNw9p2pafBCJUUHmwsYFSHhbF9nBXFJw2z6LEPFGb8PkCyVnQA5XbDTPbTq9ripHVs7Ho5mG,240.085
2.0,priced,-0.3662749184213275,40904946895.0,33612035616.0,Sheep,B9rLsYmLEerhxACpkdFA6G47R1ZxXQs7uBDXdamCrNTw,Nwamx8qNFY3xz4KWNw9p2pafBCJUUHmwsYFSHhbF9nBXFJw2z6LEPFGb8PkCyVnQA5XbDTPbTq9ripHVs7Ho5mG,240.085
3.0,priced,-0.3662749184213275,40904946895.0,33612035616.0,Sheep,B9rLsYmLEerhxACpkdFA6G47R1ZxXQs7uBDXdamCrNTw,Nwamx8qNFY3xz4KWNw9p2pafBCJUUHmwsYFSHhbF9nBXFJw2z6LEPFGb8PkCyVnQA5XbDTPbTq9ripHVs7Ho5mG,240.085
5.0,priced,-0.3662749184213275,40904946895.0,33612035616.0,Sheep,B9rLsYmLEerhxACpkdFA6G47R1ZxXQs7uBDXdamCrNTw,Nwamx8qNFY3xz4KWNw9p2pafBCJUUHmwsYFSHhbF9nBXFJw2z6LEPFGb8PkCyVnQA5XbDTPbTq9ripHVs7Ho5mG,240.085
10.0,priced,-0.3662749184213275,40904946895.0,33612035616.0,Sheep,B9rLsYmLEerhxACpkdFA6G47R1ZxXQs7uBDXdamCrNTw,Nwamx8qNFY3xz4KWNw9p2pafBCJUUHmwsYFSHhbF9nBXFJw2z6LEPFGb8PkCyVnQA5XbDTPbTq9ripHVs7Ho5mG,240.085
0.0,priced,0.37841817596792054,33000000000.0,39965492171.0,Sheep,B9rLsYmLEerhxACpkdFA6G47R1ZxXQs7uBDXdamCrNTw,2ntKk8mpavHQztd6NU6jHBRF9kMpzXGU2BMyVez87YDQxn8n2kZGXensPc9qQbiYDF3JFvFKNTYDaHbUS7qLLP8z,4.153
0.5,priced,-0.10891885237186216,41073049836.0,39965492171.0,Sheep,B9rLsYmLEerhxACpkdFA6G47R1ZxXQs7uBDXdamCrNTw,2ntKk8mpavHQztd6NU6jHBRF9kMpzXGU2BMyVez87YDQxn8n2kZGXensPc9qQbiYDF3JFvFKNTYDaHbUS7qLLP8z,4.153
1.0,priced,-0.10891885237186216,41073049836.0,39965492171.0,Sheep,B9rLsYmLEerhxACpkdFA6G47R1ZxXQs7uBDXdamCrNTw,2ntKk8mpavHQztd6NU6jHBRF9kMpzXGU2BMyVez87YDQxn8n2kZGXensPc9qQbiYDF3JFvFKNTYDaHbUS7qLLP8z,4.153
2.0,priced,-0.141964767028963,41856101953.0,39965492171.0,Sheep,B9rLsYmLEerhxACpkdFA6G47R1ZxXQs7uBDXdamCrNTw,2ntKk8mpavHQztd6NU6jHBRF9kMpzXGU2BMyVez87YDQxn8n2kZGXensPc9qQbiYDF3JFvFKNTYDaHbUS7qLLP8z,4.153
3.0,priced,-0.14196476706987607,41856101955.0,39965492171.0,Sheep,B9rLsYmLEerhxACpkdFA6G47R1ZxXQs7uBDXdamCrNTw,2ntKk8mpavHQztd6NU6jHBRF9kMpzXGU2BMyVez87YDQxn8n2kZGXensPc9qQbiYDF3JFvFKNTYDaHbUS7qLLP8z,4.153
5.0,priced,-0.14196521824634828,41856101955.0,39965481732.0,Sheep,B9rLsYmLEerhxACpkdFA6G47R1ZxXQs7uBDXdamCrNTw,2ntKk8mpavHQztd6NU6jHBRF9kMpzXGU2BMyVez87YDQxn8n2kZGXensPc9qQbiYDF3JFvFKNTYDaHbUS7qLLP8z,4.153
10.0,priced,0.11049207442262315,38870039755.0,42213964164.0,Sheep,B9rLsYmLEerhxACpkdFA6G47R1ZxXQs7uBDXdamCrNTw,2ntKk8mpavHQztd6NU6jHBRF9kMpzXGU2BMyVez87YDQxn8n2kZGXensPc9qQbiYDF3JFvFKNTYDaHbUS7qLLP8z,4.153
0.0,priced,-0.1216210922385968,48706150335.0,47012946483.0,Sheep,Hx1AoMykzJ9eqECAb6edMDoAGznrRHiSUN3F5HUCLqkQ,3bfSNLmKomj3CPu27zMZAu8X7m5vSsBAENPv3FgCAW9G6o1ri376ahCX7dAKC4sjUQk6pMZoDvhBTghGEitrBZhw,130.253
0.5,priced,-0.2977762424136975,50286397246.0,43430891512.0,Sheep,Hx1AoMykzJ9eqECAb6edMDoAGznrRHiSUN3F5HUCLqkQ,3bfSNLmKomj3CPu27zMZAu8X7m5vSsBAENPv3FgCAW9G6o1ri376ahCX7dAKC4sjUQk6pMZoDvhBTghGEitrBZhw,130.253
1.0,priced,-0.34225128683651007,51941548500.0,43424047175.0,Sheep,Hx1AoMykzJ9eqECAb6edMDoAGznrRHiSUN3F5HUCLqkQ,3bfSNLmKomj3CPu27zMZAu8X7m5vSsBAENPv3FgCAW9G6o1ri376ahCX7dAKC4sjUQk6pMZoDvhBTghGEitrBZhw,130.253
2.0,priced,-0.34084589409325255,51855879861.0,43398559324.0,Sheep,Hx1AoMykzJ9eqECAb6edMDoAGznrRHiSUN3F5HUCLqkQ,3bfSNLmKomj3CPu27zMZAu8X7m5vSsBAENPv3FgCAW9G6o1ri376ahCX7dAKC4sjUQk6pMZoDvhBTghGEitrBZhw,130.253
3.0,priced,-0.31967897315789007,51855879861.0,44083003769.0,Sheep,Hx1AoMykzJ9eqECAb6edMDoAGznrRHiSUN3F5HUCLqkQ,3bfSNLmKomj3CPu27zMZAu8X7m5vSsBAENPv3FgCAW9G6o1ri376ahCX7dAKC4sjUQk6pMZoDvhBTghGEitrBZhw,130.253
5.0,priced,-0.32339915068188657,51877831188.0,43982006609.0,Sheep,Hx1AoMykzJ9eqECAb6edMDoAGznrRHiSUN3F5HUCLqkQ,3bfSNLmKomj3CPu27zMZAu8X7m5vSsBAENPv3FgCAW9G6o1ri376ahCX7dAKC4sjUQk6pMZoDvhBTghGEitrBZhw,130.253
10.0,priced,-0.3281360970934333,51342249128.0,43378747624.0,Sheep,Hx1AoMykzJ9eqECAb6edMDoAGznrRHiSUN3F5HUCLqkQ,3bfSNLmKomj3CPu27zMZAu8X7m5vSsBAENPv3FgCAW9G6o1ri376ahCX7dAKC4sjUQk6pMZoDvhBTghGEitrBZhw,130.253
0.0,priced,0.6273886081911755,33000000000.0,43422486354.0,Sheep,6ZUUE2GEhbzFBjdsHMA8KkD2xRk8EjEqKVQaX2hEmUdG,3wWFtYWEwxCysP2m8aRsDdF8tshbHU6gHXTwtoMgwVKAQ8g63fcNXmVxZAzy7gmvbfhpJZp5tccWmeTkhUgAyjpG,4.118
0.5,priced,0.24243922126931688,37800000000.0,43422486354.0,Sheep,6ZUUE2GEhbzFBjdsHMA8KkD2xRk8EjEqKVQaX2hEmUdG,3wWFtYWEwxCysP2m8aRsDdF8tshbHU6gHXTwtoMgwVKAQ8g63fcNXmVxZAzy7gmvbfhpJZp5tccWmeTkhUgAyjpG,4.118
1.0,priced,0.041391001369097236,41298205429.0,43422486354.0,Sheep,6ZUUE2GEhbzFBjdsHMA8KkD2xRk8EjEqKVQaX2hEmUdG,3wWFtYWEwxCysP2m8aRsDdF8tshbHU6gHXTwtoMgwVKAQ8g63fcNXmVxZAzy7gmvbfhpJZp5tccWmeTkhUgAyjpG,4.118
2.0,priced,0.06771271257551933,40728075068.0,43362121287.0,Sheep,6ZUUE2GEhbzFBjdsHMA8KkD2xRk8EjEqKVQaX2hEmUdG,3wWFtYWEwxCysP2m8aRsDdF8tshbHU6gHXTwtoMgwVKAQ8g63fcNXmVxZAzy7gmvbfhpJZp5tccWmeTkhUgAyjpG,4.118
3.0,priced,0.06771271257551933,40728075068.0,43362121287.0,Sheep,6ZUUE2GEhbzFBjdsHMA8KkD2xRk8EjEqKVQaX2hEmUdG,3wWFtYWEwxCysP2m8aRsDdF8tshbHU6gHXTwtoMgwVKAQ8g63fcNXmVxZAzy7gmvbfhpJZp5tccWmeTkhUgAyjpG,4.118
5.0,priced,0.028455023803255555,40731916755.0,42565028057.0,Sheep,6ZUUE2GEhbzFBjdsHMA8KkD2xRk8EjEqKVQaX2hEmUdG,3wWFtYWEwxCysP2m8aRsDdF8tshbHU6gHXTwtoMgwVKAQ8g63fcNXmVxZAzy7gmvbfhpJZp5tccWmeTkhUgAyjpG,4.118
10.0,priced,0.07443943187266969,37902902176.0,40499214390.0,Sheep,6ZUUE2GEhbzFBjdsHMA8KkD2xRk8EjEqKVQaX2hEmUdG,3wWFtYWEwxCysP2m8aRsDdF8tshbHU6gHXTwtoMgwVKAQ8g63fcNXmVxZAzy7gmvbfhpJZp5tccWmeTkhUgAyjpG,4.118
