offset_slots,status,ret,entry_vsol,exit_vsol,wallet_label,mint,entry_signature,hold_s
0.0,priced,-0.23861830196067263,66863377998.0,60041539315.0,6SB1n4,DZ4hBjxbSJrCNB2SVi96UrRNHPaaHKSrxsMP9HE698ro,63N7Q6a2DBkFmppV6cMa5mtxDWxc3qNAc1bzP9Kk7FhFzTQwMHyN3Rs8oFope1dVLF7J9vjG4VyUoxjV5dLXzwWz,10.451
0.5,priced,-0.2115362876602509,65710877034.0,60041539315.0,6SB1n4,DZ4hBjxbSJrCNB2SVi96UrRNHPaaHKSrxsMP9HE698ro,63N7Q6a2DBkFmppV6cMa5mtxDWxc3qNAc1bzP9Kk7FhFzTQwMHyN3Rs8oFope1dVLF7J9vjG4VyUoxjV5dLXzwWz,10.451
1.0,priced,-0.2115362876602509,65710877034.0,60041539315.0,6SB1n4,DZ4hBjxbSJrCNB2SVi96UrRNHPaaHKSrxsMP9HE698ro,63N7Q6a2DBkFmppV6cMa5mtxDWxc3qNAc1bzP9Kk7FhFzTQwMHyN3Rs8oFope1dVLF7J9vjG4VyUoxjV5dLXzwWz,10.451
2.0,priced,-0.2115362876602509,65710877034.0,60041539315.0,6SB1n4,DZ4hBjxbSJrCNB2SVi96UrRNHPaaHKSrxsMP9HE698ro,63N7Q6a2DBkFmppV6cMa5mtxDWxc3qNAc1bzP9Kk7FhFzTQwMHyN3Rs8oFope1dVLF7J9vjG4VyUoxjV5dLXzwWz,10.451
3.0,priced,-0.2115362876602509,65710877034.0,60041539315.0,6SB1n4,DZ4hBjxbSJrCNB2SVi96UrRNHPaaHKSrxsMP9HE698ro,63N7Q6a2DBkFmppV6cMa5mtxDWxc3qNAc1bzP9Kk7FhFzTQwMHyN3Rs8oFope1dVLF7J9vjG4VyUoxjV5dLXzwWz,10.451
5.0,priced,-0.21364067951176394,66688654812.0,60851102310.0,6SB1n4,DZ4hBjxbSJrCNB2SVi96UrRNHPaaHKSrxsMP9HE698ro,63N7Q6a2DBkFmppV6cMa5mtxDWxc3qNAc1bzP9Kk7FhFzTQwMHyN3Rs8oFope1dVLF7J9vjG4VyUoxjV5dLXzwWz,10.451
10.0,priced,-0.18768978365009703,66688654812.0,61838756630.0,6SB1n4,DZ4hBjxbSJrCNB2SVi96UrRNHPaaHKSrxsMP9HE698ro,63N7Q6a2DBkFmppV6cMa5mtxDWxc3qNAc1bzP9Kk7FhFzTQwMHyN3Rs8oFope1dVLF7J9vjG4VyUoxjV5dLXzwWz,10.451
0.0,priced,0.18509850680597947,59782434626.0,66907883789.0,6SB1n4,DZ4hBjxbSJrCNB2SVi96UrRNHPaaHKSrxsMP9HE698ro,25pwkpSb2dyr89SQfFRzAfLHt5cXoySD3BfnLH9kPbRp8tJV1WiWNysLPQ52sHQFoPWdsUhn8MAJ1TRD8DsTKxr1,36.386
0.5,priced,0.18509850680597947,59782434626.0,66907883789.0,6SB1n4,DZ4hBjxbSJrCNB2SVi96UrRNHPaaHKSrxsMP9HE698ro,25pwkpSb2dyr89SQfFRzAfLHt5cXoySD3BfnLH9kPbRp8tJV1WiWNysLPQ52sHQFoPWdsUhn8MAJ1TRD8DsTKxr1,36.386
1.0,priced,0.18509850680597947,59782434626.0,66907883789.0,6SB1n4,DZ4hBjxbSJrCNB2SVi96UrRNHPaaHKSrxsMP9HE698ro,25pwkpSb2dyr89SQfFRzAfLHt5cXoySD3BfnLH9kPbRp8tJV1WiWNysLPQ52sHQFoPWdsUhn8MAJ1TRD8DsTKxr1,36.386
2.0,priced,0.1818942317578058,59782434626.0,66817772280.0,6SB1n4,DZ4hBjxbSJrCNB2SVi96UrRNHPaaHKSrxsMP9HE698ro,25pwkpSb2dyr89SQfFRzAfLHt5cXoySD3BfnLH9kPbRp8tJV1WiWNysLPQ52sHQFoPWdsUhn8MAJ1TRD8DsTKxr1,36.386
3.0,priced,0.1818942317578058,59782434626.0,66817772280.0,6SB1n4,DZ4hBjxbSJrCNB2SVi96UrRNHPaaHKSrxsMP9HE698ro,25pwkpSb2dyr89SQfFRzAfLHt5cXoySD3BfnLH9kPbRp8tJV1WiWNysLPQ52sHQFoPWdsUhn8MAJ1TRD8DsTKxr1,36.386
5.0,priced,0.1818942317578058,59782434626.0,66817772280.0,6SB1n4,DZ4hBjxbSJrCNB2SVi96UrRNHPaaHKSrxsMP9HE698ro,25pwkpSb2dyr89SQfFRzAfLHt5cXoySD3BfnLH9kPbRp8tJV1WiWNysLPQ52sHQFoPWdsUhn8MAJ1TRD8DsTKxr1,36.386
10.0,priced,0.3399484980924511,60271323514.0,71706661170.0,6SB1n4,DZ4hBjxbSJrCNB2SVi96UrRNHPaaHKSrxsMP9HE698ro,25pwkpSb2dyr89SQfFRzAfLHt5cXoySD3BfnLH9kPbRp8tJV1WiWNysLPQ52sHQFoPWdsUhn8MAJ1TRD8DsTKxr1,36.386
0.0,priced,0.081852504798609,55981323841.0,59892586593.0,6SB1n4,DZ4hBjxbSJrCNB2SVi96UrRNHPaaHKSrxsMP9HE698ro,q2TzPWourzAaQgVYNRvwGGz9aA9r6WtHsbvASnuCc5wp8J8ExXZWTzAc74Z3UKRTRb722FUWTf7V7NRbyEdL7ym,31.447
0.5,priced,0.081852504798609,55981323841.0,59892586593.0,6SB1n4,DZ4hBjxbSJrCNB2SVi96UrRNHPaaHKSrxsMP9HE698ro,q2TzPWourzAaQgVYNRvwGGz9aA9r6WtHsbvASnuCc5wp8J8ExXZWTzAc74Z3UKRTRb722FUWTf7V7NRbyEdL7ym,31.447
1.0,priced,0.081852504798609,55981323841.0,59892586593.0,6SB1n4,DZ4hBjxbSJrCNB2SVi96UrRNHPaaHKSrxsMP9HE698ro,q2TzPWourzAaQgVYNRvwGGz9aA9r6WtHsbvASnuCc5wp8J8ExXZWTzAc74Z3UKRTRb722FUWTf7V7NRbyEdL7ym,31.447
2.0,priced,0.081852504798609,55981323841.0,59892586593.0,6SB1n4,DZ4hBjxbSJrCNB2SVi96UrRNHPaaHKSrxsMP9HE698ro,q2TzPWourzAaQgVYNRvwGGz9aA9r6WtHsbvASnuCc5wp8J8ExXZWTzAc74Z3UKRTRb722FUWTf7V7NRbyEdL7ym,31.447
3.0,priced,0.081852504798609,55981323841.0,59892586593.0,6SB1n4,DZ4hBjxbSJrCNB2SVi96UrRNHPaaHKSrxsMP9HE698ro,q2TzPWourzAaQgVYNRvwGGz9aA9r6WtHsbvASnuCc5wp8J8ExXZWTzAc74Z3UKRTRb722FUWTf7V7NRbyEdL7ym,31.447
5.0,priced,0.07588784085456896,55981323841.0,59728087626.0,6SB1n4,DZ4hBjxbSJrCNB2SVi96UrRNHPaaHKSrxsMP9HE698ro,q2TzPWourzAaQgVYNRvwGGz9aA9r6WtHsbvASnuCc5wp8J8ExXZWTzAc74Z3UKRTRb722FUWTf7V7NRbyEdL7ym,31.447
10.0,priced,0.18661085505621886,55981323841.0,62711888428.0,6SB1n4,DZ4hBjxbSJrCNB2SVi96UrRNHPaaHKSrxsMP9HE698ro,q2TzPWourzAaQgVYNRvwGGz9aA9r6WtHsbvASnuCc5wp8J8ExXZWTzAc74Z3UKRTRb722FUWTf7V7NRbyEdL7ym,31.447
0.0,priced,-0.010822787608917833,47819958935.0,48969256672.0,6SB1n4,DZ4hBjxbSJrCNB2SVi96UrRNHPaaHKSrxsMP9HE698ro,34WmbVu4CgA4n8cEMwGapb1JdF6ic3WFywHyLvmdGHB3Cbnh8GrLQNpBkqeUghGWpx6rpU1MVy7Bgvr5Sy1kD5e2,44.436
0.5,priced,-0.010822787608917833,47819958935.0,48969256672.0,6SB1n4,DZ4hBjxbSJrCNB2SVi96UrRNHPaaHKSrxsMP9HE698ro,34WmbVu4CgA4n8cEMwGapb1JdF6ic3WFywHyLvmdGHB3Cbnh8GrLQNpBkqeUghGWpx6rpU1MVy7Bgvr5Sy1kD5e2,44.436
1.0,priced,-0.013900199721077323,47819958935.0,48893439072.0,6SB1n4,DZ4hBjxbSJrCNB2SVi96UrRNHPaaHKSrxsMP9HE698ro,34WmbVu4CgA4n8cEMwGapb1JdF6ic3WFywHyLvmdGHB3Cbnh8GrLQNpBkqeUghGWpx6rpU1MVy7Bgvr5Sy1kD5e2,44.436
2.0,priced,-0.011896308359542251,47819958935.0,48942821787.0,6SB1n4,DZ4hBjxbSJrCNB2SVi96UrRNHPaaHKSrxsMP9HE698ro,34WmbVu4CgA4n8cEMwGapb1JdF6ic3WFywHyLvmdGHB3Cbnh8GrLQNpBkqeUghGWpx6rpU1MVy7Bgvr5Sy1kD5e2,44.436
3.0,priced,-0.011896308359542251,47819958935.0,48942821787.0,6SB1n4,DZ4hBjxbSJrCNB2SVi96UrRNHPaaHKSrxsMP9HE698ro,34WmbVu4CgA4n8cEMwGapb1JdF6ic3WFywHyLvmdGHB3Cbnh8GrLQNpBkqeUghGWpx6rpU1MVy7Bgvr5Sy1kD5e2,44.436
5.0,priced,-0.011896308359542251,47819958935.0,48942821787.0,6SB1n4,DZ4hBjxbSJrCNB2SVi96UrRNHPaaHKSrxsMP9HE698ro,34WmbVu4CgA4n8cEMwGapb1JdF6ic3WFywHyLvmdGHB3Cbnh8GrLQNpBkqeUghGWpx6rpU1MVy7Bgvr5Sy1kD5e2,44.436
10.0,priced,-0.019931448346318364,48015514490.0,48942821787.0,6SB1n4,DZ4hBjxbSJrCNB2SVi96UrRNHPaaHKSrxsMP9HE698ro,34WmbVu4CgA4n8cEMwGapb1JdF6ic3WFywHyLvmdGHB3Cbnh8GrLQNpBkqeUghGWpx6rpU1MVy7Bgvr5Sy1kD5e2,44.436
0.0,priced,0.030641264885683535,75269013790.0,78519224076.0,6SB1n4,E5UqwtQsWMk2zdDdkehGrChAWMdq9Cbd5RUBwtTgJ4gA,5vw36G4gjLwwaYdiEg28vct2hK6LrzjjjnG4qMzx9YcGW9um9vtQykqUtdEjVe6z21ZkY8q6STRuYpHS3UZ2FiKm,4.043
0.5,priced,0.030641264885683535,75269013790.0,78519224076.0,6SB1n4,E5UqwtQsWMk2zdDdkehGrChAWMdq9Cbd5RUBwtTgJ4gA,5vw36G4gjLwwaYdiEg28vct2hK6LrzjjjnG4qMzx9YcGW9um9vtQykqUtdEjVe6z21ZkY8q6STRuYpHS3UZ2FiKm,4.043
1.0,priced,0.11227284347591543,75269013790.0,81551774495.0,6SB1n4,E5UqwtQsWMk2zdDdkehGrChAWMdq9Cbd5RUBwtTgJ4gA,5vw36G4gjLwwaYdiEg28vct2hK6LrzjjjnG4qMzx9YcGW9um9vtQykqUtdEjVe6z21ZkY8q6STRuYpHS3UZ2FiKm,4.043
2.0,priced,0.10361813540626097,75534015324.0,81520641106.0,6SB1n4,E5UqwtQsWMk2zdDdkehGrChAWMdq9Cbd5RUBwtTgJ4gA,5vw36G4gjLwwaYdiEg28vct2hK6LrzjjjnG4qMzx9YcGW9um9vtQykqUtdEjVe6z21ZkY8q6STRuYpHS3UZ2FiKm,4.043
3.0,priced,0.10906970602961422,75534015324.0,81720641106.0,6SB1n4,E5UqwtQsWMk2zdDdkehGrChAWMdq9Cbd5RUBwtTgJ4gA,5vw36G4gjLwwaYdiEg28vct2hK6LrzjjjnG4qMzx9YcGW9um9vtQykqUtdEjVe6z21ZkY8q6STRuYpHS3UZ2FiKm,4.043
5.0,priced,0.10957146994710207,75534015324.0,81739024691.0,6SB1n4,E5UqwtQsWMk2zdDdkehGrChAWMdq9Cbd5RUBwtTgJ4gA,5vw36G4gjLwwaYdiEg28vct2hK6LrzjjjnG4qMzx9YcGW9um9vtQykqUtdEjVe6z21ZkY8q6STRuYpHS3UZ2FiKm,4.043
10.0,priced,0.11473291956507564,75418033551.0,81802515097.0,6SB1n4,E5UqwtQsWMk2zdDdkehGrChAWMdq9Cbd5RUBwtTgJ4gA,5vw36G4gjLwwaYdiEg28vct2hK6LrzjjjnG4qMzx9YcGW9um9vtQykqUtdEjVe6z21ZkY8q6STRuYpHS3UZ2FiKm,4.043
0.0,priced,0.1534227652755146,46903737381.0,51852029328.0,6SB1n4,8kwUZuU2NuUhswPsHyzMfZmbHata1SYgrVhS4DgRpump,pP3ATuduRdntK5W9mvaGaiq3jcN2EJiGV8QWip82Y8Frq6uopbBaycXiYKnArpisPADSwo7agn6QJjBv7B7UnNT,12.62
0.5,priced,0.11252200880064822,46903737381.0,50928241393.0,6SB1n4,8kwUZuU2NuUhswPsHyzMfZmbHata1SYgrVhS4DgRpump,pP3ATuduRdntK5W9mvaGaiq3jcN2EJiGV8QWip82Y8Frq6uopbBaycXiYKnArpisPADSwo7agn6QJjBv7B7UnNT,12.62
1.0,priced,0.11711009950030873,46903737381.0,51032694030.0,6SB1n4,8kwUZuU2NuUhswPsHyzMfZmbHata1SYgrVhS4DgRpump,pP3ATuduRdntK5W9mvaGaiq3jcN2EJiGV8QWip82Y8Frq6uopbBaycXiYKnArpisPADSwo7agn6QJjBv7B7UnNT,12.62
2.0,priced,0.08904613370454526,46914601577.0,50402038401.0,6SB1n4,8kwUZuU2NuUhswPsHyzMfZmbHata1SYgrVhS4DgRpump,pP3ATuduRdntK5W9mvaGaiq3jcN2EJiGV8QWip82Y8Frq6uopbBaycXiYKnArpisPADSwo7agn6QJjBv7B7UnNT,12.62
3.0,priced,0.08904613370454526,46914601577.0,50402038401.0,6SB1n4,8kwUZuU2NuUhswPsHyzMfZmbHata1SYgrVhS4DgRpump,pP3ATuduRdntK5W9mvaGaiq3jcN2EJiGV8QWip82Y8Frq6uopbBaycXiYKnArpisPADSwo7agn6QJjBv7B7UnNT,12.62
5.0,priced,0.09042870504957151,46930547965.0,50450927289.0,6SB1n4,8kwUZuU2NuUhswPsHyzMfZmbHata1SYgrVhS4DgRpump,pP3ATuduRdntK5W9mvaGaiq3jcN2EJiGV8QWip82Y8Frq6uopbBaycXiYKnArpisPADSwo7agn6QJjBv7B7UnNT,12.62
10.0,priced,0.1032767880064478,46877575019.0,50688979590.0,6SB1n4,8kwUZuU2NuUhswPsHyzMfZmbHata1SYgrVhS4DgRpump,pP3ATuduRdntK5W9mvaGaiq3jcN2EJiGV8QWip82Y8Frq6uopbBaycXiYKnArpisPADSwo7agn6QJjBv7B7UnNT,12.62
0.0,priced,0.10796204232605339,46844813665.0,50760714049.0,6SB1n4,8kwUZuU2NuUhswPsHyzMfZmbHata1SYgrVhS4DgRpump,4GvKfdRnvu5zrhXwXz2DcRNCsuBBJyRFFx5eDHYLnh7Cuo6GbhuUXbXVuwHhocgjioi7fxF2GkKLrvWPWJ3BwSeQ,8.294
0.5,priced,0.10796204232605339,46844813665.0,50760714049.0,6SB1n4,8kwUZuU2NuUhswPsHyzMfZmbHata1SYgrVhS4DgRpump,4GvKfdRnvu5zrhXwXz2DcRNCsuBBJyRFFx5eDHYLnh7Cuo6GbhuUXbXVuwHhocgjioi7fxF2GkKLrvWPWJ3BwSeQ,8.294
1.0,priced,0.10796204232605339,46844813665.0,50760714049.0,6SB1n4,8kwUZuU2NuUhswPsHyzMfZmbHata1SYgrVhS4DgRpump,4GvKfdRnvu5zrhXwXz2DcRNCsuBBJyRFFx5eDHYLnh7Cuo6GbhuUXbXVuwHhocgjioi7fxF2GkKLrvWPWJ3BwSeQ,8.294
2.0,priced,-0.09881825651948548,46844813665.0,45804634997.0,6SB1n4,8kwUZuU2NuUhswPsHyzMfZmbHata1SYgrVhS4DgRpump,4GvKfdRnvu5zrhXwXz2DcRNCsuBBJyRFFx5eDHYLnh7Cuo6GbhuUXbXVuwHhocgjioi7fxF2GkKLrvWPWJ3BwSeQ,8.294
3.0,priced,-0.08210225191998899,46844813665.0,46224867487.0,6SB1n4,8kwUZuU2NuUhswPsHyzMfZmbHata1SYgrVhS4DgRpump,4GvKfdRnvu5zrhXwXz2DcRNCsuBBJyRFFx5eDHYLnh7Cuo6GbhuUXbXVuwHhocgjioi7fxF2GkKLrvWPWJ3BwSeQ,8.294
5.0,priced,-0.08248954866515743,46854690207.0,46224867487.0,6SB1n4,8kwUZuU2NuUhswPsHyzMfZmbHata1SYgrVhS4DgRpump,4GvKfdRnvu5zrhXwXz2DcRNCsuBBJyRFFx5eDHYLnh7Cuo6GbhuUXbXVuwHhocgjioi7fxF2GkKLrvWPWJ3BwSeQ,8.294
10.0,priced,0.0370540564947058,45876993657.0,48107755500.0,6SB1n4,8kwUZuU2NuUhswPsHyzMfZmbHata1SYgrVhS4DgRpump,4GvKfdRnvu5zrhXwXz2DcRNCsuBBJyRFFx5eDHYLnh7Cuo6GbhuUXbXVuwHhocgjioi7fxF2GkKLrvWPWJ3BwSeQ,8.294
0.0,priced,-0.09315161853166509,42366024314.0,41577107478.0,6SB1n4,7KokuXJWnC3QwTnG2ZQRwWZxodyrfszmEgdTPLEJpump,3ZYVNrpqxtMGxKUxd64tegUzyLVyH6YjUVjhUt32DdKJwC3grP7DaBBsSvSpCF1pP8RpZqjfEMV1qDmu9VkgJtub,6.14
0.5,priced,-0.09315161853166509,42366024314.0,41577107478.0,6SB1n4,7KokuXJWnC3QwTnG2ZQRwWZxodyrfszmEgdTPLEJpump,3ZYVNrpqxtMGxKUxd64tegUzyLVyH6YjUVjhUt32DdKJwC3grP7DaBBsSvSpCF1pP8RpZqjfEMV1qDmu9VkgJtub,6.14
1.0,priced,-0.09556831936877752,42422572257.0,41577107478.0,6SB1n4,7KokuXJWnC3QwTnG2ZQRwWZxodyrfszmEgdTPLEJpump,3ZYVNrpqxtMGxKUxd64tegUzyLVyH6YjUVjhUt32DdKJwC3grP7DaBBsSvSpCF1pP8RpZqjfEMV1qDmu9VkgJtub,6.14
2.0,priced,-0.09556831936877752,42422572257.0,41577107478.0,6SB1n4,7KokuXJWnC3QwTnG2ZQRwWZxodyrfszmEgdTPLEJpump,3ZYVNrpqxtMGxKUxd64tegUzyLVyH6YjUVjhUt32DdKJwC3grP7DaBBsSvSpCF1pP8RpZqjfEMV1qDmu9VkgJtub,6.14
3.0,priced,-0.15843490502275576,42422572257.0,40115266136.0,6SB1n4,7KokuXJWnC3QwTnG2ZQRwWZxodyrfszmEgdTPLEJpump,3ZYVNrpqxtMGxKUxd64tegUzyLVyH6YjUVjhUt32DdKJwC3grP7DaBBsSvSpCF1pP8RpZqjfEMV1qDmu9VkgJtub,6.14
5.0,priced,-0.19477593700413215,42422572257.0,39245604543.0,6SB1n4,7KokuXJWnC3QwTnG2ZQRwWZxodyrfszmEgdTPLEJpump,3ZYVNrpqxtMGxKUxd64tegUzyLVyH6YjUVjhUt32DdKJwC3grP7DaBBsSvSpCF1pP8RpZqjfEMV1qDmu9VkgJtub,6.14
10.0,priced,-0.19477593700413215,42422572257.0,39245604543.0,6SB1n4,7KokuXJWnC3QwTnG2ZQRwWZxodyrfszmEgdTPLEJpump,3ZYVNrpqxtMGxKUxd64tegUzyLVyH6YjUVjhUt32DdKJwC3grP7DaBBsSvSpCF1pP8RpZqjfEMV1qDmu9VkgJtub,6.14
0.0,priced,-0.08394421333416022,62026261069.0,61067193329.0,6SB1n4,E5UqwtQsWMk2zdDdkehGrChAWMdq9Cbd5RUBwtTgJ4gA,4HAvfMwWCXoYfyMZcgafNWLoGEjV5adMnRjBu5vLEZwqi8fPz4JyDGP4qR9LaLiR4bwmAEwwupNtk5ocM9R4T4ZN,3.982
0.5,priced,-0.08394421333416022,62026261069.0,61067193329.0,6SB1n4,E5UqwtQsWMk2zdDdkehGrChAWMdq9Cbd5RUBwtTgJ4gA,4HAvfMwWCXoYfyMZcgafNWLoGEjV5adMnRjBu5vLEZwqi8fPz4JyDGP4qR9LaLiR4bwmAEwwupNtk5ocM9R4T4ZN,3.982
1.0,priced,-0.08394421333416022,62026261069.0,61067193329.0,6SB1n4,E5UqwtQsWMk2zdDdkehGrChAWMdq9Cbd5RUBwtTgJ4gA,4HAvfMwWCXoYfyMZcgafNWLoGEjV5adMnRjBu5vLEZwqi8fPz4JyDGP4qR9LaLiR4bwmAEwwupNtk5ocM9R4T4ZN,3.982
2.0,priced,-0.08394421333416022,62026261069.0,61067193329.0,6SB1n4,E5UqwtQsWMk2zdDdkehGrChAWMdq9Cbd5RUBwtTgJ4gA,4HAvfMwWCXoYfyMZcgafNWLoGEjV5adMnRjBu5vLEZwqi8fPz4JyDGP4qR9LaLiR4bwmAEwwupNtk5ocM9R4T4ZN,3.982
3.0,priced,-0.11810130720188533,63212294207.0,61067193329.0,6SB1n4,E5UqwtQsWMk2zdDdkehGrChAWMdq9Cbd5RUBwtTgJ4gA,4HAvfMwWCXoYfyMZcgafNWLoGEjV5adMnRjBu5vLEZwqi8fPz4JyDGP4qR9LaLiR4bwmAEwwupNtk5ocM9R4T4ZN,3.982
5.0,priced,-0.08445645060570622,62045575335.0,61069168637.0,6SB1n4,E5UqwtQsWMk2zdDdkehGrChAWMdq9Cbd5RUBwtTgJ4gA,4HAvfMwWCXoYfyMZcgafNWLoGEjV5adMnRjBu5vLEZwqi8fPz4JyDGP4qR9LaLiR4bwmAEwwupNtk5ocM9R4T4ZN,3.982
10.0,priced,-0.08318924393188107,62045575335.0,61111132195.0,6SB1n4,E5UqwtQsWMk2zdDdkehGrChAWMdq9Cbd5RUBwtTgJ4gA,4HAvfMwWCXoYfyMZcgafNWLoGEjV5adMnRjBu5vLEZwqi8fPz4JyDGP4qR9LaLiR4bwmAEwwupNtk5ocM9R4T4ZN,3.982
0.0,priced,-0.024903614010313154,54364178572.0,55241161103.0,6SB1n4,Qd7c6vsB6aRSjk8HzL14hGaCXAB2LmGQReAJSRVpump,4B8hwf7vQjs7mWkbQtN8137isyFZztQVwb83S9TV8hMQ8xpCvmAqqjvvb1xgdATRpMVAgeckL7WbJpMNHwdKau7E,65.098
0.5,priced,-0.024903614010313154,54364178572.0,55241161103.0,6SB1n4,Qd7c6vsB6aRSjk8HzL14hGaCXAB2LmGQReAJSRVpump,4B8hwf7vQjs7mWkbQtN8137isyFZztQVwb83S9TV8hMQ8xpCvmAqqjvvb1xgdATRpMVAgeckL7WbJpMNHwdKau7E,65.098
1.0,priced,-0.0422333408687824,54853067460.0,55241161103.0,6SB1n4,Qd7c6vsB6aRSjk8HzL14hGaCXAB2LmGQReAJSRVpump,4B8hwf7vQjs7mWkbQtN8137isyFZztQVwb83S9TV8hMQ8xpCvmAqqjvvb1xgdATRpMVAgeckL7WbJpMNHwdKau7E,65.098
2.0,priced,-0.0422333408687824,54853067460.0,55241161103.0,6SB1n4,Qd7c6vsB6aRSjk8HzL14hGaCXAB2LmGQReAJSRVpump,4B8hwf7vQjs7mWkbQtN8137isyFZztQVwb83S9TV8hMQ8xpCvmAqqjvvb1xgdATRpMVAgeckL7WbJpMNHwdKau7E,65.098
3.0,priced,-0.0422333408687824,54853067460.0,55241161103.0,6SB1n4,Qd7c6vsB6aRSjk8HzL14hGaCXAB2LmGQReAJSRVpump,4B8hwf7vQjs7mWkbQtN8137isyFZztQVwb83S9TV8hMQ8xpCvmAqqjvvb1xgdATRpMVAgeckL7WbJpMNHwdKau7E,65.098
5.0,priced,-0.0422333408687824,54853067460.0,55241161103.0,6SB1n4,Qd7c6vsB6aRSjk8HzL14hGaCXAB2LmGQReAJSRVpump,4B8hwf7vQjs7mWkbQtN8137isyFZztQVwb83S9TV8hMQ8xpCvmAqqjvvb1xgdATRpMVAgeckL7WbJpMNHwdKau7E,65.098
10.0,priced,-0.031868766956382515,54853067460.0,55537457399.0,6SB1n4,Qd7c6vsB6aRSjk8HzL14hGaCXAB2LmGQReAJSRVpump,4B8hwf7vQjs7mWkbQtN8137isyFZztQVwb83S9TV8hMQ8xpCvmAqqjvvb1xgdATRpMVAgeckL7WbJpMNHwdKau7E,65.098
0.0,priced,-0.15142628634950628,61145993600.0,57959724658.0,6SB1n4,C6y68vS7gGsGtQsdtk25K6aBy9V1ru8Sdx3rHAQ92bSu,zBQE716dFQm3NHitZmHyaViNmoENdt8gmE5rEo41CbL7BGUTg9as2JRXJMwc8HTqE5FrAqyw6EodXx8XhGSFXas,14.382
0.5,priced,-0.15695728149945617,61145993600.0,57771942461.0,6SB1n4,C6y68vS7gGsGtQsdtk25K6aBy9V1ru8Sdx3rHAQ92bSu,zBQE716dFQm3NHitZmHyaViNmoENdt8gmE5rEo41CbL7BGUTg9as2JRXJMwc8HTqE5FrAqyw6EodXx8XhGSFXas,14.382
1.0,priced,-0.1568069727440107,61140563393.0,57771942461.0,6SB1n4,C6y68vS7gGsGtQsdtk25K6aBy9V1ru8Sdx3rHAQ92bSu,zBQE716dFQm3NHitZmHyaViNmoENdt8gmE5rEo41CbL7BGUTg9as2JRXJMwc8HTqE5FrAqyw6EodXx8XhGSFXas,14.382
2.0,priced,-0.1568069727440107,61140563393.0,57771942461.0,6SB1n4,C6y68vS7gGsGtQsdtk25K6aBy9V1ru8Sdx3rHAQ92bSu,zBQE716dFQm3NHitZmHyaViNmoENdt8gmE5rEo41CbL7BGUTg9as2JRXJMwc8HTqE5FrAqyw6EodXx8XhGSFXas,14.382
3.0,priced,-0.16219500594116332,61336118948.0,57771942461.0,6SB1n4,C6y68vS7gGsGtQsdtk25K6aBy9V1ru8Sdx3rHAQ92bSu,zBQE716dFQm3NHitZmHyaViNmoENdt8gmE5rEo41CbL7BGUTg9as2JRXJMwc8HTqE5FrAqyw6EodXx8XhGSFXas,14.382
5.0,priced,-0.17461260121358765,61829946107.0,57805421113.0,6SB1n4,C6y68vS7gGsGtQsdtk25K6aBy9V1ru8Sdx3rHAQ92bSu,zBQE716dFQm3NHitZmHyaViNmoENdt8gmE5rEo41CbL7BGUTg9as2JRXJMwc8HTqE5FrAqyw6EodXx8XhGSFXas,14.382
10.0,priced,-0.15648266645904363,61132162219.0,57775058708.0,6SB1n4,C6y68vS7gGsGtQsdtk25K6aBy9V1ru8Sdx3rHAQ92bSu,zBQE716dFQm3NHitZmHyaViNmoENdt8gmE5rEo41CbL7BGUTg9as2JRXJMwc8HTqE5FrAqyw6EodXx8XhGSFXas,14.382
0.0,priced,-0.48173478675224735,54528990406.0,40514588625.0,6SB1n4,HeUetYJLdBHCRUQaModuS9DDzWxbJXHMLFUJsoA65sBi,2BrxYtWY1Rc53KSTpjgWrFePwzh44xjY7jiifdpk5SNqQTHUiRDraQqSr9tWJciZkVkbbEVbNbEqebmjA5Eqxn5,27.376
0.5,priced,-0.47596966141917174,54528990406.0,40736267886.0,6SB1n4,HeUetYJLdBHCRUQaModuS9DDzWxbJXHMLFUJsoA65sBi,2BrxYtWY1Rc53KSTpjgWrFePwzh44xjY7jiifdpk5SNqQTHUiRDraQqSr9tWJciZkVkbbEVbNbEqebmjA5Eqxn5,27.376
1.0,priced,-0.48963530393122806,54528990406.0,40208824715.0,6SB1n4,HeUetYJLdBHCRUQaModuS9DDzWxbJXHMLFUJsoA65sBi,2BrxYtWY1Rc53KSTpjgWrFePwzh44xjY7jiifdpk5SNqQTHUiRDraQqSr9tWJciZkVkbbEVbNbEqebmjA5Eqxn5,27.376
2.0,priced,-0.4981607440523053,55017879294.0,40232393044.0,6SB1n4,HeUetYJLdBHCRUQaModuS9DDzWxbJXHMLFUJsoA65sBi,2BrxYtWY1Rc53KSTpjgWrFePwzh44xjY7jiifdpk5SNqQTHUiRDraQqSr9tWJciZkVkbbEVbNbEqebmjA5Eqxn5,27.376
3.0,priced,-0.4981607440523053,55017879294.0,40232393044.0,6SB1n4,HeUetYJLdBHCRUQaModuS9DDzWxbJXHMLFUJsoA65sBi,2BrxYtWY1Rc53KSTpjgWrFePwzh44xjY7jiifdpk5SNqQTHUiRDraQqSr9tWJciZkVkbbEVbNbEqebmjA5Eqxn5,27.376
5.0,priced,-0.5140076567615185,55017879294.0,39601198057.0,6SB1n4,HeUetYJLdBHCRUQaModuS9DDzWxbJXHMLFUJsoA65sBi,2BrxYtWY1Rc53KSTpjgWrFePwzh44xjY7jiifdpk5SNqQTHUiRDraQqSr9tWJciZkVkbbEVbNbEqebmjA5Eqxn5,27.376
10.0,priced,-0.4907537206201593,53838743316.0,39658897914.0,6SB1n4,HeUetYJLdBHCRUQaModuS9DDzWxbJXHMLFUJsoA65sBi,2BrxYtWY1Rc53KSTpjgWrFePwzh44xjY7jiifdpk5SNqQTHUiRDraQqSr9tWJciZkVkbbEVbNbEqebmjA5Eqxn5,27.376
0.0,priced,-0.21751988118745125,62775818610.0,57152941984.0,6SB1n4,ByrYWc7g5w4HFeLqBRcE9LePPzzFr6cJh5YxkNei37Qg,4zmn8J6q8Buq1gmWFrwTkUCENQ5cNZ5qfKXTnkMKVhYmGgP6DtkG3s1f4Ni2QJ3j7hPfJPhZung6JV1TUjqvhxCx,4.012
0.5,priced,-0.21383466049529543,63166929721.0,57641830872.0,6SB1n4,ByrYWc7g5w4HFeLqBRcE9LePPzzFr6cJh5YxkNei37Qg,4zmn8J6q8Buq1gmWFrwTkUCENQ5cNZ5qfKXTnkMKVhYmGgP6DtkG3s1f4Ni2QJ3j7hPfJPhZung6JV1TUjqvhxCx,4.012
1.0,priced,-0.201887207691175,63166929721.0,58074561386.0,6SB1n4,ByrYWc7g5w4HFeLqBRcE9LePPzzFr6cJh5YxkNei37Qg,4zmn8J6q8Buq1gmWFrwTkUCENQ5cNZ5qfKXTnkMKVhYmGgP6DtkG3s1f4Ni2QJ3j7hPfJPhZung6JV1TUjqvhxCx,4.012
2.0,priced,-0.20758417750419558,63430929720.0,58109583804.0,6SB1n4,ByrYWc7g5w4HFeLqBRcE9LePPzzFr6cJh5YxkNei37Qg,4zmn8J6q8Buq1gmWFrwTkUCENQ5cNZ5qfKXTnkMKVhYmGgP6DtkG3s1f4Ni2QJ3j7hPfJPhZung6JV1TUjqvhxCx,4.012
3.0,priced,-0.20758164026239323,63430929720.0,58109676067.0,6SB1n4,ByrYWc7g5w4HFeLqBRcE9LePPzzFr6cJh5YxkNei37Qg,4zmn8J6q8Buq1gmWFrwTkUCENQ5cNZ5qfKXTnkMKVhYmGgP6DtkG3s1f4Ni2QJ3j7hPfJPhZung6JV1TUjqvhxCx,4.012
5.0,priced,-0.20133658152556516,63290281767.0,58207453843.0,6SB1n4,ByrYWc7g5w4HFeLqBRcE9LePPzzFr6cJh5YxkNei37Qg,4zmn8J6q8Buq1gmWFrwTkUCENQ5cNZ5qfKXTnkMKVhYmGgP6DtkG3s1f4Ni2QJ3j7hPfJPhZung6JV1TUjqvhxCx,4.012
10.0,priced,0.17594638991347597,59873314245.0,66751067982.0,6SB1n4,ByrYWc7g5w4HFeLqBRcE9LePPzzFr6cJh5YxkNei37Qg,4zmn8J6q8Buq1gmWFrwTkUCENQ5cNZ5qfKXTnkMKVhYmGgP6DtkG3s1f4Ni2QJ3j7hPfJPhZung6JV1TUjqvhxCx,4.012
0.0,priced,-0.3340972205654121,50383089924.0,42384475813.0,6SB1n4,HDfeHGejrwFvTWMReFsBfH2ywcGLXD9gaNwRWodideYk,2Ga2trxeKLD55jf4EZsdg78HHu3M5wnJcmN231CnjdNKxsU1sXNFcoXcYdT5RkvTh2pPmBf1gNohNeLnTVMaxqvd,734.773
0.5,priced,-0.34188448863293885,50678645479.0,42384475813.0,6SB1n4,HDfeHGejrwFvTWMReFsBfH2ywcGLXD9gaNwRWodideYk,2Ga2trxeKLD55jf4EZsdg78HHu3M5wnJcmN231CnjdNKxsU1sXNFcoXcYdT5RkvTh2pPmBf1gNohNeLnTVMaxqvd,734.773
1.0,priced,-0.34188448863293885,50678645479.0,42384475813.0,6SB1n4,HDfeHGejrwFvTWMReFsBfH2ywcGLXD9gaNwRWodideYk,2Ga2trxeKLD55jf4EZsdg78HHu3M5wnJcmN231CnjdNKxsU1sXNFcoXcYdT5RkvTh2pPmBf1gNohNeLnTVMaxqvd,734.773
2.0,priced,-0.34188448863293885,50678645479.0,42384475813.0,6SB1n4,HDfeHGejrwFvTWMReFsBfH2ywcGLXD9gaNwRWodideYk,2Ga2trxeKLD55jf4EZsdg78HHu3M5wnJcmN231CnjdNKxsU1sXNFcoXcYdT5RkvTh2pPmBf1gNohNeLnTVMaxqvd,734.773
3.0,priced,-0.34188448863293885,50678645479.0,42384475813.0,6SB1n4,HDfeHGejrwFvTWMReFsBfH2ywcGLXD9gaNwRWodideYk,2Ga2trxeKLD55jf4EZsdg78HHu3M5wnJcmN231CnjdNKxsU1sXNFcoXcYdT5RkvTh2pPmBf1gNohNeLnTVMaxqvd,734.773
5.0,priced,-0.34188448863293885,50678645479.0,42384475813.0,6SB1n4,HDfeHGejrwFvTWMReFsBfH2ywcGLXD9gaNwRWodideYk,2Ga2trxeKLD55jf4EZsdg78HHu3M5wnJcmN231CnjdNKxsU1sXNFcoXcYdT5RkvTh2pPmBf1gNohNeLnTVMaxqvd,734.773
10.0,priced,-0.34188446235142517,50678644473.0,42384475813.0,6SB1n4,HDfeHGejrwFvTWMReFsBfH2ywcGLXD9gaNwRWodideYk,2Ga2trxeKLD55jf4EZsdg78HHu3M5wnJcmN231CnjdNKxsU1sXNFcoXcYdT5RkvTh2pPmBf1gNohNeLnTVMaxqvd,734.773
0.0,priced,-0.33708532284117926,54806782591.0,45986843847.0,6SB1n4,D7VKwiofvbiiAtHE5VsQoNvhXnG95aFXBfi9by2S176D,5SQFzfLtP7T7dVbPVGQb36zgZcZfFdKMBjFTjRq6JbMnATuok1mqPvb87kyaMofuddC76HjgsyeGcsLnjT5h8oJR,3.985
0.5,priced,-0.2675921112045337,54806782591.0,48314376192.0,6SB1n4,D7VKwiofvbiiAtHE5VsQoNvhXnG95aFXBfi9by2S176D,5SQFzfLtP7T7dVbPVGQb36zgZcZfFdKMBjFTjRq6JbMnATuok1mqPvb87kyaMofuddC76HjgsyeGcsLnjT5h8oJR,3.985
1.0,priced,-0.25424888233862736,54806782591.0,48748636446.0,6SB1n4,D7VKwiofvbiiAtHE5VsQoNvhXnG95aFXBfi9by2S176D,5SQFzfLtP7T7dVbPVGQb36zgZcZfFdKMBjFTjRq6JbMnATuok1mqPvb87kyaMofuddC76HjgsyeGcsLnjT5h8oJR,3.985
2.0,priced,-0.25424888233862736,54806782591.0,48748636446.0,6SB1n4,D7VKwiofvbiiAtHE5VsQoNvhXnG95aFXBfi9by2S176D,5SQFzfLtP7T7dVbPVGQb36zgZcZfFdKMBjFTjRq6JbMnATuok1mqPvb87kyaMofuddC76HjgsyeGcsLnjT5h8oJR,3.985
3.0,priced,-0.2728526983037043,54806782591.0,48142098219.0,6SB1n4,D7VKwiofvbiiAtHE5VsQoNvhXnG95aFXBfi9by2S176D,5SQFzfLtP7T7dVbPVGQb36zgZcZfFdKMBjFTjRq6JbMnATuok1mqPvb87kyaMofuddC76HjgsyeGcsLnjT5h8oJR,3.985
5.0,priced,-0.2857167811701977,55295671479.0,48142098219.0,6SB1n4,D7VKwiofvbiiAtHE5VsQoNvhXnG95aFXBfi9by2S176D,5SQFzfLtP7T7dVbPVGQb36zgZcZfFdKMBjFTjRq6JbMnATuok1mqPvb87kyaMofuddC76HjgsyeGcsLnjT5h8oJR,3.985
10.0,priced,-0.07519596181298041,48715735514.0,48240863650.0,6SB1n4,D7VKwiofvbiiAtHE5VsQoNvhXnG95aFXBfi9by2S176D,5SQFzfLtP7T7dVbPVGQb36zgZcZfFdKMBjFTjRq6JbMnATuok1mqPvb87kyaMofuddC76HjgsyeGcsLnjT5h8oJR,3.985
0.0,priced,-0.3074088196015345,64165878347.0,54986785536.0,6SB1n4,D7VKwiofvbiiAtHE5VsQoNvhXnG95aFXBfi9by2S176D,Upae3y2trHjyWx2pnCqgRG4rLSPHgopV8r3Dr4XWArrdhgVbameVDD9jGGAPAVwwSFkMr6jiqoNsaJHoDvQeiTE,25.172
0.5,priced,-0.3074088196015345,64165878347.0,54986785536.0,6SB1n4,D7VKwiofvbiiAtHE5VsQoNvhXnG95aFXBfi9by2S176D,Upae3y2trHjyWx2pnCqgRG4rLSPHgopV8r3Dr4XWArrdhgVbameVDD9jGGAPAVwwSFkMr6jiqoNsaJHoDvQeiTE,25.172
1.0,priced,-0.23258993001875247,60975011229.0,54986785536.0,6SB1n4,D7VKwiofvbiiAtHE5VsQoNvhXnG95aFXBfi9by2S176D,Upae3y2trHjyWx2pnCqgRG4rLSPHgopV8r3Dr4XWArrdhgVbameVDD9jGGAPAVwwSFkMr6jiqoNsaJHoDvQeiTE,25.172
2.0,priced,-0.2251666468569416,60975011229.0,55249838272.0,6SB1n4,D7VKwiofvbiiAtHE5VsQoNvhXnG95aFXBfi9by2S176D,Upae3y2trHjyWx2pnCqgRG4rLSPHgopV8r3Dr4XWArrdhgVbameVDD9jGGAPAVwwSFkMr6jiqoNsaJHoDvQeiTE,25.172
3.0,priced,-0.26108030423754336,61073776660.0,54052439631.0,6SB1n4,D7VKwiofvbiiAtHE5VsQoNvhXnG95aFXBfi9by2S176D,Upae3y2trHjyWx2pnCqgRG4rLSPHgopV8r3Dr4XWArrdhgVbameVDD9jGGAPAVwwSFkMr6jiqoNsaJHoDvQeiTE,25.172
5.0,priced,-0.2587682470681226,61073776660.0,54136181297.0,6SB1n4,D7VKwiofvbiiAtHE5VsQoNvhXnG95aFXBfi9by2S176D,Upae3y2trHjyWx2pnCqgRG4rLSPHgopV8r3Dr4XWArrdhgVbameVDD9jGGAPAVwwSFkMr6jiqoNsaJHoDvQeiTE,25.172
10.0,priced,-0.15722764856064703,59526614660.0,56238897345.0,6SB1n4,D7VKwiofvbiiAtHE5VsQoNvhXnG95aFXBfi9by2S176D,Upae3y2trHjyWx2pnCqgRG4rLSPHgopV8r3Dr4XWArrdhgVbameVDD9jGGAPAVwwSFkMr6jiqoNsaJHoDvQeiTE,25.172
0.0,priced,-0.10273466425743902,94174953176.0,91647933211.0,6SB1n4,3hMvhPmEnid683SC3rKS8HdW3e4onuEPSckeKUqx38vN,JpkA3jrvYuCNmzN7rJ3zVwJd13x7QtqNJJxwFA338KpaSgxCxAt26QmjNivaTfQE1HdGHmYkJdLNhQveJbBzNj8,38.772
0.5,priced,-0.10366867176630379,94174953176.0,91600582506.0,6SB1n4,3hMvhPmEnid683SC3rKS8HdW3e4onuEPSckeKUqx38vN,JpkA3jrvYuCNmzN7rJ3zVwJd13x7QtqNJJxwFA338KpaSgxCxAt26QmjNivaTfQE1HdGHmYkJdLNhQveJbBzNj8,38.772
1.0,priced,-0.06422179149520146,92671448056.0,92089471394.0,6SB1n4,3hMvhPmEnid683SC3rKS8HdW3e4onuEPSckeKUqx38vN,JpkA3jrvYuCNmzN7rJ3zVwJd13x7QtqNJJxwFA338KpaSgxCxAt26QmjNivaTfQE1HdGHmYkJdLNhQveJbBzNj8,38.772
2.0,priced,-0.06413368375157832,92667105557.0,92089471394.0,6SB1n4,3hMvhPmEnid683SC3rKS8HdW3e4onuEPSckeKUqx38vN,JpkA3jrvYuCNmzN7rJ3zVwJd13x7QtqNJJxwFA338KpaSgxCxAt26QmjNivaTfQE1HdGHmYkJdLNhQveJbBzNj8,38.772
3.0,priced,-0.05369720628328371,92454290303.0,92385767690.0,6SB1n4,3hMvhPmEnid683SC3rKS8HdW3e4onuEPSckeKUqx38vN,JpkA3jrvYuCNmzN7rJ3zVwJd13x7QtqNJJxwFA338KpaSgxCxAt26QmjNivaTfQE1HdGHmYkJdLNhQveJbBzNj8,38.772
5.0,priced,-0.041339834362823485,91868929601.0,92395644232.0,6SB1n4,3hMvhPmEnid683SC3rKS8HdW3e4onuEPSckeKUqx38vN,JpkA3jrvYuCNmzN7rJ3zVwJd13x7QtqNJJxwFA338KpaSgxCxAt26QmjNivaTfQE1HdGHmYkJdLNhQveJbBzNj8,38.772
10.0,priced,-0.04648453199825072,92156621477.0,92436918305.0,6SB1n4,3hMvhPmEnid683SC3rKS8HdW3e4onuEPSckeKUqx38vN,JpkA3jrvYuCNmzN7rJ3zVwJd13x7QtqNJJxwFA338KpaSgxCxAt26QmjNivaTfQE1HdGHmYkJdLNhQveJbBzNj8,38.772
0.0,priced,-0.28968983832408085,92576375181.0,80244228006.0,6SB1n4,8edcNEC4r3m6BcrNLWZYMhQ9DQqdr5cuTKhyCjvPpump,417jwTjUF7QYWHrPwUzyABsxf3HXBX3XwKhoXxdKfWY9FeAdqwLVRVzsXGC3wcJb5zWV5UGHrqcaK3fhadVofPvZ,81.702
0.5,priced,-0.28968983832408085,92576375181.0,80244228006.0,6SB1n4,8edcNEC4r3m6BcrNLWZYMhQ9DQqdr5cuTKhyCjvPpump,417jwTjUF7QYWHrPwUzyABsxf3HXBX3XwKhoXxdKfWY9FeAdqwLVRVzsXGC3wcJb5zWV5UGHrqcaK3fhadVofPvZ,81.702
1.0,priced,-0.29270407220363653,92771930736.0,80244228006.0,6SB1n4,8edcNEC4r3m6BcrNLWZYMhQ9DQqdr5cuTKhyCjvPpump,417jwTjUF7QYWHrPwUzyABsxf3HXBX3XwKhoXxdKfWY9FeAdqwLVRVzsXGC3wcJb5zWV5UGHrqcaK3fhadVofPvZ,81.702
2.0,priced,-0.2927497890186304,92774906229.0,80244228006.0,6SB1n4,8edcNEC4r3m6BcrNLWZYMhQ9DQqdr5cuTKhyCjvPpump,417jwTjUF7QYWHrPwUzyABsxf3HXBX3XwKhoXxdKfWY9FeAdqwLVRVzsXGC3wcJb5zWV5UGHrqcaK3fhadVofPvZ,81.702
3.0,priced,-0.2927497890186304,92774906229.0,80244228006.0,6SB1n4,8edcNEC4r3m6BcrNLWZYMhQ9DQqdr5cuTKhyCjvPpump,417jwTjUF7QYWHrPwUzyABsxf3HXBX3XwKhoXxdKfWY9FeAdqwLVRVzsXGC3wcJb5zWV5UGHrqcaK3fhadVofPvZ,81.702
5.0,priced,-0.3075388990065906,93752684006.0,80244228006.0,6SB1n4,8edcNEC4r3m6BcrNLWZYMhQ9DQqdr5cuTKhyCjvPpump,417jwTjUF7QYWHrPwUzyABsxf3HXBX3XwKhoXxdKfWY9FeAdqwLVRVzsXGC3wcJb5zWV5UGHrqcaK3fhadVofPvZ,81.702
10.0,priced,-0.3027810600928785,93434769579.0,80244228006.0,6SB1n4,8edcNEC4r3m6BcrNLWZYMhQ9DQqdr5cuTKhyCjvPpump,417jwTjUF7QYWHrPwUzyABsxf3HXBX3XwKhoXxdKfWY9FeAdqwLVRVzsXGC3wcJb5zWV5UGHrqcaK3fhadVofPvZ,81.702
0.0,priced,-0.0022768846261029246,51708961300.0,53158104890.0,6SB1n4,FdFJri2ZBmb8pUKrBwjzBRrBDNK5oSkMyw6ovU7r83uz,mv89MnuuUJ4zTLaaA75mVyguY2pPnFku14VEWQ6C61eodxX6MA1kmEFnuo2iJNGpFFpcDzXiWtQ4eVmc5A8TEaQ,15.872
0.5,priced,-0.0022768846261029246,51708961300.0,53158104890.0,6SB1n4,FdFJri2ZBmb8pUKrBwjzBRrBDNK5oSkMyw6ovU7r83uz,mv89MnuuUJ4zTLaaA75mVyguY2pPnFku14VEWQ6C61eodxX6MA1kmEFnuo2iJNGpFFpcDzXiWtQ4eVmc5A8TEaQ,15.872
1.0,priced,-0.0022768846261029246,51708961300.0,53158104890.0,6SB1n4,FdFJri2ZBmb8pUKrBwjzBRrBDNK5oSkMyw6ovU7r83uz,mv89MnuuUJ4zTLaaA75mVyguY2pPnFku14VEWQ6C61eodxX6MA1kmEFnuo2iJNGpFFpcDzXiWtQ4eVmc5A8TEaQ,15.872
2.0,priced,-0.0022768846261029246,51708961300.0,53158104890.0,6SB1n4,FdFJri2ZBmb8pUKrBwjzBRrBDNK5oSkMyw6ovU7r83uz,mv89MnuuUJ4zTLaaA75mVyguY2pPnFku14VEWQ6C61eodxX6MA1kmEFnuo2iJNGpFFpcDzXiWtQ4eVmc5A8TEaQ,15.872
3.0,priced,-0.0022768846261029246,51708961300.0,53158104890.0,6SB1n4,FdFJri2ZBmb8pUKrBwjzBRrBDNK5oSkMyw6ovU7r83uz,mv89MnuuUJ4zTLaaA75mVyguY2pPnFku14VEWQ6C61eodxX6MA1kmEFnuo2iJNGpFFpcDzXiWtQ4eVmc5A8TEaQ,15.872
5.0,priced,-0.001963015218396664,51708961300.0,53166419189.0,6SB1n4,FdFJri2ZBmb8pUKrBwjzBRrBDNK5oSkMyw6ovU7r83uz,mv89MnuuUJ4zTLaaA75mVyguY2pPnFku14VEWQ6C61eodxX6MA1kmEFnuo2iJNGpFFpcDzXiWtQ4eVmc5A8TEaQ,15.872
10.0,priced,-0.00947551480717957,51904516855.0,53166419189.0,6SB1n4,FdFJri2ZBmb8pUKrBwjzBRrBDNK5oSkMyw6ovU7r83uz,mv89MnuuUJ4zTLaaA75mVyguY2pPnFku14VEWQ6C61eodxX6MA1kmEFnuo2iJNGpFFpcDzXiWtQ4eVmc5A8TEaQ,15.872
0.0,priced,0.36262227570192623,62758905946.0,75279828478.0,6SB1n4,3hMvhPmEnid683SC3rKS8HdW3e4onuEPSckeKUqx38vN,3YTkTUR3SRwiQfZQ73wBRkrvhXNbJmxADxzZkmeRsGbmFEDxaX3XbSYg8nkGTz2SGaUPTdicTd12NKLTBncogTUm,12.614
0.5,priced,0.3670661272822423,62758905946.0,75402050700.0,6SB1n4,3hMvhPmEnid683SC3rKS8HdW3e4onuEPSckeKUqx38vN,3YTkTUR3SRwiQfZQ73wBRkrvhXNbJmxADxzZkmeRsGbmFEDxaX3XbSYg8nkGTz2SGaUPTdicTd12NKLTBncogTUm,12.614
1.0,priced,0.3818742280248265,62405946312.0,75383394053.0,6SB1n4,3hMvhPmEnid683SC3rKS8HdW3e4onuEPSckeKUqx38vN,3YTkTUR3SRwiQfZQ73wBRkrvhXNbJmxADxzZkmeRsGbmFEDxaX3XbSYg8nkGTz2SGaUPTdicTd12NKLTBncogTUm,12.614
2.0,priced,0.3799952387884314,62405946312.0,75332300844.0,6SB1n4,3hMvhPmEnid683SC3rKS8HdW3e4onuEPSckeKUqx38vN,3YTkTUR3SRwiQfZQ73wBRkrvhXNbJmxADxzZkmeRsGbmFEDxaX3XbSYg8nkGTz2SGaUPTdicTd12NKLTBncogTUm,12.614
3.0,priced,0.3951567187200475,62221127968.0,75520244233.0,6SB1n4,3hMvhPmEnid683SC3rKS8HdW3e4onuEPSckeKUqx38vN,3YTkTUR3SRwiQfZQ73wBRkrvhXNbJmxADxzZkmeRsGbmFEDxaX3XbSYg8nkGTz2SGaUPTdicTd12NKLTBncogTUm,12.614
5.0,priced,0.03928952289417112,72212391154.0,75654735578.0,6SB1n4,3hMvhPmEnid683SC3rKS8HdW3e4onuEPSckeKUqx38vN,3YTkTUR3SRwiQfZQ73wBRkrvhXNbJmxADxzZkmeRsGbmFEDxaX3XbSYg8nkGTz2SGaUPTdicTd12NKLTBncogTUm,12.614
10.0,priced,0.12610824394134162,69660105098.0,75960837944.0,6SB1n4,3hMvhPmEnid683SC3rKS8HdW3e4onuEPSckeKUqx38vN,3YTkTUR3SRwiQfZQ73wBRkrvhXNbJmxADxzZkmeRsGbmFEDxaX3XbSYg8nkGTz2SGaUPTdicTd12NKLTBncogTUm,12.614
0.0,priced,0.00496107010472536,42861575397.0,44265065503.0,6SB1n4,4BBhqe8KuN6dZdkd86vtrnt1BnC19NhWG7YZyzsGqj6y,2dA8puecfCKXbNN4ULFzRG46GQjHRXjN3kcLZ6ojPkc5G2s9NyhREY6dGXdrJrBYvEEKrtyYfwcFMP2iykseu5v3,103.461
0.5,priced,0.00496107010472536,42861575397.0,44265065503.0,6SB1n4,4BBhqe8KuN6dZdkd86vtrnt1BnC19NhWG7YZyzsGqj6y,2dA8puecfCKXbNN4ULFzRG46GQjHRXjN3kcLZ6ojPkc5G2s9NyhREY6dGXdrJrBYvEEKrtyYfwcFMP2iykseu5v3,103.461
1.0,priced,0.00496107010472536,42861575397.0,44265065503.0,6SB1n4,4BBhqe8KuN6dZdkd86vtrnt1BnC19NhWG7YZyzsGqj6y,2dA8puecfCKXbNN4ULFzRG46GQjHRXjN3kcLZ6ojPkc5G2s9NyhREY6dGXdrJrBYvEEKrtyYfwcFMP2iykseu5v3,103.461
2.0,priced,0.00496107010472536,42861575397.0,44265065503.0,6SB1n4,4BBhqe8KuN6dZdkd86vtrnt1BnC19NhWG7YZyzsGqj6y,2dA8puecfCKXbNN4ULFzRG46GQjHRXjN3kcLZ6ojPkc5G2s9NyhREY6dGXdrJrBYvEEKrtyYfwcFMP2iykseu5v3,103.461
3.0,priced,0.00496107010472536,42861575397.0,44265065503.0,6SB1n4,4BBhqe8KuN6dZdkd86vtrnt1BnC19NhWG7YZyzsGqj6y,2dA8puecfCKXbNN4ULFzRG46GQjHRXjN3kcLZ6ojPkc5G2s9NyhREY6dGXdrJrBYvEEKrtyYfwcFMP2iykseu5v3,103.461
5.0,priced,0.00496107010472536,42861575397.0,44265065503.0,6SB1n4,4BBhqe8KuN6dZdkd86vtrnt1BnC19NhWG7YZyzsGqj6y,2dA8puecfCKXbNN4ULFzRG46GQjHRXjN3kcLZ6ojPkc5G2s9NyhREY6dGXdrJrBYvEEKrtyYfwcFMP2iykseu5v3,103.461
10.0,priced,0.00496107010472536,42861575397.0,44265065503.0,6SB1n4,4BBhqe8KuN6dZdkd86vtrnt1BnC19NhWG7YZyzsGqj6y,2dA8puecfCKXbNN4ULFzRG46GQjHRXjN3kcLZ6ojPkc5G2s9NyhREY6dGXdrJrBYvEEKrtyYfwcFMP2iykseu5v3,103.461
0.0,priced,-0.11657755468075992,56837861452.0,54979521078.0,6SB1n4,4CzoVVvbNZgyJLzMsX4gKoo5xH9juDt4fCGQ4MAoZgTq,4YPaBJqrK4zXJwU5wWaSZXAPHE69kexMohpbjxKAj696ctWA8CqCqKiHEAnAcGCXe2z3Jj9B9mLkC7FnSSc8GHZa,3.982
0.5,priced,-0.11657755468075992,56837861452.0,54979521078.0,6SB1n4,4CzoVVvbNZgyJLzMsX4gKoo5xH9juDt4fCGQ4MAoZgTq,4YPaBJqrK4zXJwU5wWaSZXAPHE69kexMohpbjxKAj696ctWA8CqCqKiHEAnAcGCXe2z3Jj9B9mLkC7FnSSc8GHZa,3.982
1.0,priced,-0.15440546420924628,56837861452.0,53797944154.0,6SB1n4,4CzoVVvbNZgyJLzMsX4gKoo5xH9juDt4fCGQ4MAoZgTq,4YPaBJqrK4zXJwU5wWaSZXAPHE69kexMohpbjxKAj696ctWA8CqCqKiHEAnAcGCXe2z3Jj9B9mLkC7FnSSc8GHZa,3.982
2.0,priced,-0.15440546420924628,56837861452.0,53797944154.0,6SB1n4,4CzoVVvbNZgyJLzMsX4gKoo5xH9juDt4fCGQ4MAoZgTq,4YPaBJqrK4zXJwU5wWaSZXAPHE69kexMohpbjxKAj696ctWA8CqCqKiHEAnAcGCXe2z3Jj9B9mLkC7FnSSc8GHZa,3.982
3.0,priced,-0.11545521783652044,55575975254.0,53797944154.0,6SB1n4,4CzoVVvbNZgyJLzMsX4gKoo5xH9juDt4fCGQ4MAoZgTq,4YPaBJqrK4zXJwU5wWaSZXAPHE69kexMohpbjxKAj696ctWA8CqCqKiHEAnAcGCXe2z3Jj9B9mLkC7FnSSc8GHZa,3.982
5.0,priced,-0.123205561184654,55820419698.0,53797944154.0,6SB1n4,4CzoVVvbNZgyJLzMsX4gKoo5xH9juDt4fCGQ4MAoZgTq,4YPaBJqrK4zXJwU5wWaSZXAPHE69kexMohpbjxKAj696ctWA8CqCqKiHEAnAcGCXe2z3Jj9B9mLkC7FnSSc8GHZa,3.982
10.0,missed: wallet sold before our entry landed,,,,6SB1n4,4CzoVVvbNZgyJLzMsX4gKoo5xH9juDt4fCGQ4MAoZgTq,4YPaBJqrK4zXJwU5wWaSZXAPHE69kexMohpbjxKAj696ctWA8CqCqKiHEAnAcGCXe2z3Jj9B9mLkC7FnSSc8GHZa,3.982
0.0,priced,-0.2790858844446094,104845117071.0,91521284957.0,6SB1n4,6pX9txbsqfG73o91BHpJq1JxM1gZyn5XgtbXVfHMpump,62ubrJGGqfxPMJXSLMfyKMKRDmMuhTr1u3ED7iQTxmjiTsvXy1fRQSiTAzUCw28aNZ7pV39k2oAkgTjfo13fZVwz,69.2
0.5,priced,-0.2790858844446094,104845117071.0,91521284957.0,6SB1n4,6pX9txbsqfG73o91BHpJq1JxM1gZyn5XgtbXVfHMpump,62ubrJGGqfxPMJXSLMfyKMKRDmMuhTr1u3ED7iQTxmjiTsvXy1fRQSiTAzUCw28aNZ7pV39k2oAkgTjfo13fZVwz,69.2
1.0,priced,-0.28581504007969,105334005959.0,91521284957.0,6SB1n4,6pX9txbsqfG73o91BHpJq1JxM1gZyn5XgtbXVfHMpump,62ubrJGGqfxPMJXSLMfyKMKRDmMuhTr1u3ED7iQTxmjiTsvXy1fRQSiTAzUCw28aNZ7pV39k2oAkgTjfo13fZVwz,69.2
2.0,priced,-0.27168505266693854,104315181824.0,91521284957.0,6SB1n4,6pX9txbsqfG73o91BHpJq1JxM1gZyn5XgtbXVfHMpump,62ubrJGGqfxPMJXSLMfyKMKRDmMuhTr1u3ED7iQTxmjiTsvXy1fRQSiTAzUCw28aNZ7pV39k2oAkgTjfo13fZVwz,69.2
3.0,priced,-0.27168505266693854,104315181824.0,91521284957.0,6SB1n4,6pX9txbsqfG73o91BHpJq1JxM1gZyn5XgtbXVfHMpump,62ubrJGGqfxPMJXSLMfyKMKRDmMuhTr1u3ED7iQTxmjiTsvXy1fRQSiTAzUCw28aNZ7pV39k2oAkgTjfo13fZVwz,69.2
5.0,priced,-0.25116987884066166,104019929590.0,92526778179.0,6SB1n4,6pX9txbsqfG73o91BHpJq1JxM1gZyn5XgtbXVfHMpump,62ubrJGGqfxPMJXSLMfyKMKRDmMuhTr1u3ED7iQTxmjiTsvXy1fRQSiTAzUCw28aNZ7pV39k2oAkgTjfo13fZVwz,69.2
10.0,priced,-0.24103334624090209,103437436122.0,92624555956.0,6SB1n4,6pX9txbsqfG73o91BHpJq1JxM1gZyn5XgtbXVfHMpump,62ubrJGGqfxPMJXSLMfyKMKRDmMuhTr1u3ED7iQTxmjiTsvXy1fRQSiTAzUCw28aNZ7pV39k2oAkgTjfo13fZVwz,69.2
0.0,priced,0.41635250510387084,87321451574.0,106651373690.0,6SB1n4,6pX9txbsqfG73o91BHpJq1JxM1gZyn5XgtbXVfHMpump,4bNY5r5sNbPkCXKFuxsVjyNKdttoqavCkqtzuBhWCjvriZ3YviBKjJpd6xVpwgqg6nwA3toqM5eg5BQFMhzKmQ6C,44.884
0.5,priced,0.41635250510387084,87321451574.0,106651373690.0,6SB1n4,6pX9txbsqfG73o91BHpJq1JxM1gZyn5XgtbXVfHMpump,4bNY5r5sNbPkCXKFuxsVjyNKdttoqavCkqtzuBhWCjvriZ3YviBKjJpd6xVpwgqg6nwA3toqM5eg5BQFMhzKmQ6C,44.884
1.0,priced,0.4203611592671778,87468118240.0,106980431422.0,6SB1n4,6pX9txbsqfG73o91BHpJq1JxM1gZyn5XgtbXVfHMpump,4bNY5r5sNbPkCXKFuxsVjyNKdttoqavCkqtzuBhWCjvriZ3YviBKjJpd6xVpwgqg6nwA3toqM5eg5BQFMhzKmQ6C,44.884
2.0,priced,0.4140260586756482,87663673795.0,106980431422.0,6SB1n4,6pX9txbsqfG73o91BHpJq1JxM1gZyn5XgtbXVfHMpump,4bNY5r5sNbPkCXKFuxsVjyNKdttoqavCkqtzuBhWCjvriZ3YviBKjJpd6xVpwgqg6nwA3toqM5eg5BQFMhzKmQ6C,44.884
3.0,priced,0.4140260586756482,87663673795.0,106980431422.0,6SB1n4,6pX9txbsqfG73o91BHpJq1JxM1gZyn5XgtbXVfHMpump,4bNY5r5sNbPkCXKFuxsVjyNKdttoqavCkqtzuBhWCjvriZ3YviBKjJpd6xVpwgqg6nwA3toqM5eg5BQFMhzKmQ6C,44.884
5.0,priced,0.4107688100199072,87664669205.0,106858839798.0,6SB1n4,6pX9txbsqfG73o91BHpJq1JxM1gZyn5XgtbXVfHMpump,4bNY5r5sNbPkCXKFuxsVjyNKdttoqavCkqtzuBhWCjvriZ3YviBKjJpd6xVpwgqg6nwA3toqM5eg5BQFMhzKmQ6C,44.884
10.0,priced,0.4005076472946837,87160866573.0,105861063207.0,6SB1n4,6pX9txbsqfG73o91BHpJq1JxM1gZyn5XgtbXVfHMpump,4bNY5r5sNbPkCXKFuxsVjyNKdttoqavCkqtzuBhWCjvriZ3YviBKjJpd6xVpwgqg6nwA3toqM5eg5BQFMhzKmQ6C,44.884
0.0,priced,-0.12357629126710629,46397093226.0,44745542354.0,6SB1n4,4BBhqe8KuN6dZdkd86vtrnt1BnC19NhWG7YZyzsGqj6y,4PzyU5XTSD1eVnwurcMxPL29J3T7Zyz9Rsj4Fgq74FEMZBvwBLsTWLHZBPfQBByPAJFhVUo6TCK7CdD4HD7j7vwE,1019.791
0.5,priced,-0.12357629126710629,46397093226.0,44745542354.0,6SB1n4,4BBhqe8KuN6dZdkd86vtrnt1BnC19NhWG7YZyzsGqj6y,4PzyU5XTSD1eVnwurcMxPL29J3T7Zyz9Rsj4Fgq74FEMZBvwBLsTWLHZBPfQBByPAJFhVUo6TCK7CdD4HD7j7vwE,1019.791
1.0,priced,-0.12357629126710629,46397093226.0,44745542354.0,6SB1n4,4BBhqe8KuN6dZdkd86vtrnt1BnC19NhWG7YZyzsGqj6y,4PzyU5XTSD1eVnwurcMxPL29J3T7Zyz9Rsj4Fgq74FEMZBvwBLsTWLHZBPfQBByPAJFhVUo6TCK7CdD4HD7j7vwE,1019.791
2.0,priced,-0.12357629126710629,46397093226.0,44745542354.0,6SB1n4,4BBhqe8KuN6dZdkd86vtrnt1BnC19NhWG7YZyzsGqj6y,4PzyU5XTSD1eVnwurcMxPL29J3T7Zyz9Rsj4Fgq74FEMZBvwBLsTWLHZBPfQBByPAJFhVUo6TCK7CdD4HD7j7vwE,1019.791
3.0,priced,-0.12357629126710629,46397093226.0,44745542354.0,6SB1n4,4BBhqe8KuN6dZdkd86vtrnt1BnC19NhWG7YZyzsGqj6y,4PzyU5XTSD1eVnwurcMxPL29J3T7Zyz9Rsj4Fgq74FEMZBvwBLsTWLHZBPfQBByPAJFhVUo6TCK7CdD4HD7j7vwE,1019.791
5.0,priced,-0.12357629126710629,46397093226.0,44745542354.0,6SB1n4,4BBhqe8KuN6dZdkd86vtrnt1BnC19NhWG7YZyzsGqj6y,4PzyU5XTSD1eVnwurcMxPL29J3T7Zyz9Rsj4Fgq74FEMZBvwBLsTWLHZBPfQBByPAJFhVUo6TCK7CdD4HD7j7vwE,1019.791
10.0,priced,-0.153090985000813,46397093226.0,43990719542.0,6SB1n4,4BBhqe8KuN6dZdkd86vtrnt1BnC19NhWG7YZyzsGqj6y,4PzyU5XTSD1eVnwurcMxPL29J3T7Zyz9Rsj4Fgq74FEMZBvwBLsTWLHZBPfQBByPAJFhVUo6TCK7CdD4HD7j7vwE,1019.791
0.0,priced,-0.14439295078459347,61009991042.0,58068701100.0,6SB1n4,5JyuubtoxbaXTrgqmE92A2bUgxyzDHHiTZUsbL9Tpump,3KDzEKRoX1JkazPr9GQtrRzKeJn9ZGgdZwCB3K79dkMTe2x1CuVHYk6aC4W1AU5iJYYC4fTFfS11m5rcYWf5b4Vw,2622.388
0.5,priced,-0.14439295078459347,61009991042.0,58068701100.0,6SB1n4,5JyuubtoxbaXTrgqmE92A2bUgxyzDHHiTZUsbL9Tpump,3KDzEKRoX1JkazPr9GQtrRzKeJn9ZGgdZwCB3K79dkMTe2x1CuVHYk6aC4W1AU5iJYYC4fTFfS11m5rcYWf5b4Vw,2622.388
1.0,priced,-0.14439295078459347,61009991042.0,58068701100.0,6SB1n4,5JyuubtoxbaXTrgqmE92A2bUgxyzDHHiTZUsbL9Tpump,3KDzEKRoX1JkazPr9GQtrRzKeJn9ZGgdZwCB3K79dkMTe2x1CuVHYk6aC4W1AU5iJYYC4fTFfS11m5rcYWf5b4Vw,2622.388
2.0,priced,-0.14439295078459347,61009991042.0,58068701100.0,6SB1n4,5JyuubtoxbaXTrgqmE92A2bUgxyzDHHiTZUsbL9Tpump,3KDzEKRoX1JkazPr9GQtrRzKeJn9ZGgdZwCB3K79dkMTe2x1CuVHYk6aC4W1AU5iJYYC4fTFfS11m5rcYWf5b4Vw,2622.388
3.0,priced,-0.14439295078459347,61009991042.0,58068701100.0,6SB1n4,5JyuubtoxbaXTrgqmE92A2bUgxyzDHHiTZUsbL9Tpump,3KDzEKRoX1JkazPr9GQtrRzKeJn9ZGgdZwCB3K79dkMTe2x1CuVHYk6aC4W1AU5iJYYC4fTFfS11m5rcYWf5b4Vw,2622.388
5.0,priced,-0.14439295078459347,61009991042.0,58068701100.0,6SB1n4,5JyuubtoxbaXTrgqmE92A2bUgxyzDHHiTZUsbL9Tpump,3KDzEKRoX1JkazPr9GQtrRzKeJn9ZGgdZwCB3K79dkMTe2x1CuVHYk6aC4W1AU5iJYYC4fTFfS11m5rcYWf5b4Vw,2622.388
10.0,priced,-0.14439295078459347,61009991042.0,58068701100.0,6SB1n4,5JyuubtoxbaXTrgqmE92A2bUgxyzDHHiTZUsbL9Tpump,3KDzEKRoX1JkazPr9GQtrRzKeJn9ZGgdZwCB3K79dkMTe2x1CuVHYk6aC4W1AU5iJYYC4fTFfS11m5rcYWf5b4Vw,2622.388
0.0,priced,0.11521932103872132,46398613780.0,50443518166.0,6SB1n4,BP1Lx9HdmmKuZcDAGSKF7PnUT1jcUAQYQK478EGwpump,3ASyJDmwS1M9pQeq5xfxgu3JvqoYAvAxgu9iMdQLaZV5qL299p2AffNxz1pVsWHG6x6UuiPMk6pUdRPNkrAygvxh,12.465
0.5,priced,0.11521932103872132,46398613780.0,50443518166.0,6SB1n4,BP1Lx9HdmmKuZcDAGSKF7PnUT1jcUAQYQK478EGwpump,3ASyJDmwS1M9pQeq5xfxgu3JvqoYAvAxgu9iMdQLaZV5qL299p2AffNxz1pVsWHG6x6UuiPMk6pUdRPNkrAygvxh,12.465
1.0,priced,0.10134801695597173,46579502668.0,50324559111.0,6SB1n4,BP1Lx9HdmmKuZcDAGSKF7PnUT1jcUAQYQK478EGwpump,3ASyJDmwS1M9pQeq5xfxgu3JvqoYAvAxgu9iMdQLaZV5qL299p2AffNxz1pVsWHG6x6UuiPMk6pUdRPNkrAygvxh,12.465
2.0,priced,0.09775037476538945,46579502668.0,50242661068.0,6SB1n4,BP1Lx9HdmmKuZcDAGSKF7PnUT1jcUAQYQK478EGwpump,3ASyJDmwS1M9pQeq5xfxgu3JvqoYAvAxgu9iMdQLaZV5qL299p2AffNxz1pVsWHG6x6UuiPMk6pUdRPNkrAygvxh,12.465
3.0,priced,0.08859917025776051,46775058223.0,50242661068.0,6SB1n4,BP1Lx9HdmmKuZcDAGSKF7PnUT1jcUAQYQK478EGwpump,3ASyJDmwS1M9pQeq5xfxgu3JvqoYAvAxgu9iMdQLaZV5qL299p2AffNxz1pVsWHG6x6UuiPMk6pUdRPNkrAygvxh,12.465
5.0,priced,0.09132316471974611,46803253374.0,50335358516.0,6SB1n4,BP1Lx9HdmmKuZcDAGSKF7PnUT1jcUAQYQK478EGwpump,3ASyJDmwS1M9pQeq5xfxgu3JvqoYAvAxgu9iMdQLaZV5qL299p2AffNxz1pVsWHG6x6UuiPMk6pUdRPNkrAygvxh,12.465
10.0,priced,0.11385684696261644,46326921443.0,50335358516.0,6SB1n4,BP1Lx9HdmmKuZcDAGSKF7PnUT1jcUAQYQK478EGwpump,3ASyJDmwS1M9pQeq5xfxgu3JvqoYAvAxgu9iMdQLaZV5qL299p2AffNxz1pVsWHG6x6UuiPMk6pUdRPNkrAygvxh,12.465
0.0,priced,0.4983553368374388,49263248707.0,62029875309.0,6SB1n4,HDfeHGejrwFvTWMReFsBfH2ywcGLXD9gaNwRWodideYk,42YyLb3GChtYMAaXHuiypS4ju6K4mM2cWaYzAmVYgKvZ2x6KkkU6Y11MRaStUbMpkcvm1fhD8Jx65EbvYaRrDbt1,27.08
0.5,priced,0.4983553368374388,49263248707.0,62029875309.0,6SB1n4,HDfeHGejrwFvTWMReFsBfH2ywcGLXD9gaNwRWodideYk,42YyLb3GChtYMAaXHuiypS4ju6K4mM2cWaYzAmVYgKvZ2x6KkkU6Y11MRaStUbMpkcvm1fhD8Jx65EbvYaRrDbt1,27.08
1.0,priced,0.46164453968329094,49263248707.0,61267026258.0,6SB1n4,HDfeHGejrwFvTWMReFsBfH2ywcGLXD9gaNwRWodideYk,42YyLb3GChtYMAaXHuiypS4ju6K4mM2cWaYzAmVYgKvZ2x6KkkU6Y11MRaStUbMpkcvm1fhD8Jx65EbvYaRrDbt1,27.08
2.0,priced,0.4501446248053467,49458804262.0,61267026258.0,6SB1n4,HDfeHGejrwFvTWMReFsBfH2ywcGLXD9gaNwRWodideYk,42YyLb3GChtYMAaXHuiypS4ju6K4mM2cWaYzAmVYgKvZ2x6KkkU6Y11MRaStUbMpkcvm1fhD8Jx65EbvYaRrDbt1,27.08
3.0,priced,0.4501446248053467,49458804262.0,61267026258.0,6SB1n4,HDfeHGejrwFvTWMReFsBfH2ywcGLXD9gaNwRWodideYk,42YyLb3GChtYMAaXHuiypS4ju6K4mM2cWaYzAmVYgKvZ2x6KkkU6Y11MRaStUbMpkcvm1fhD8Jx65EbvYaRrDbt1,27.08
5.0,priced,0.4501446248053467,49458804262.0,61267026258.0,6SB1n4,HDfeHGejrwFvTWMReFsBfH2ywcGLXD9gaNwRWodideYk,42YyLb3GChtYMAaXHuiypS4ju6K4mM2cWaYzAmVYgKvZ2x6KkkU6Y11MRaStUbMpkcvm1fhD8Jx65EbvYaRrDbt1,27.08
10.0,priced,0.2627432808013117,53009920527.0,61267026258.0,6SB1n4,HDfeHGejrwFvTWMReFsBfH2ywcGLXD9gaNwRWodideYk,42YyLb3GChtYMAaXHuiypS4ju6K4mM2cWaYzAmVYgKvZ2x6KkkU6Y11MRaStUbMpkcvm1fhD8Jx65EbvYaRrDbt1,27.08
0.0,priced,-0.14768562331120122,98010165288.0,92969891354.0,6SB1n4,4Bh9GNYLWKsX9HHNoJXd13QHJJB21Mj4Nfe73AP6pump,5zsgQEUK1Gaguf39gf2L8YRKcMUQVUUK1A7K7V2dnH5x2EsRuYjq4Z38aXLAiaPWFdjVTuaKTorHcJzm2pD7gzX7,165.424
0.5,priced,-0.14768562331120122,98010165288.0,92969891354.0,6SB1n4,4Bh9GNYLWKsX9HHNoJXd13QHJJB21Mj4Nfe73AP6pump,5zsgQEUK1Gaguf39gf2L8YRKcMUQVUUK1A7K7V2dnH5x2EsRuYjq4Z38aXLAiaPWFdjVTuaKTorHcJzm2pD7gzX7,165.424
1.0,priced,-0.1493664186090833,98106393770.0,92969891354.0,6SB1n4,4Bh9GNYLWKsX9HHNoJXd13QHJJB21Mj4Nfe73AP6pump,5zsgQEUK1Gaguf39gf2L8YRKcMUQVUUK1A7K7V2dnH5x2EsRuYjq4Z38aXLAiaPWFdjVTuaKTorHcJzm2pD7gzX7,165.424
2.0,priced,-0.1473351307260462,98128966314.0,93101290701.0,6SB1n4,4Bh9GNYLWKsX9HHNoJXd13QHJJB21Mj4Nfe73AP6pump,5zsgQEUK1Gaguf39gf2L8YRKcMUQVUUK1A7K7V2dnH5x2EsRuYjq4Z38aXLAiaPWFdjVTuaKTorHcJzm2pD7gzX7,165.424
3.0,priced,-0.1473351307260462,98128966314.0,93101290701.0,6SB1n4,4Bh9GNYLWKsX9HHNoJXd13QHJJB21Mj4Nfe73AP6pump,5zsgQEUK1Gaguf39gf2L8YRKcMUQVUUK1A7K7V2dnH5x2EsRuYjq4Z38aXLAiaPWFdjVTuaKTorHcJzm2pD7gzX7,165.424
5.0,priced,-0.17148677139267707,100088626911.0,93612718148.0,6SB1n4,4Bh9GNYLWKsX9HHNoJXd13QHJJB21Mj4Nfe73AP6pump,5zsgQEUK1Gaguf39gf2L8YRKcMUQVUUK1A7K7V2dnH5x2EsRuYjq4Z38aXLAiaPWFdjVTuaKTorHcJzm2pD7gzX7,165.424
10.0,priced,-0.2205904507611841,99724783578.0,90491144551.0,6SB1n4,4Bh9GNYLWKsX9HHNoJXd13QHJJB21Mj4Nfe73AP6pump,5zsgQEUK1Gaguf39gf2L8YRKcMUQVUUK1A7K7V2dnH5x2EsRuYjq4Z38aXLAiaPWFdjVTuaKTorHcJzm2pD7gzX7,165.424
0.0,priced,-0.07300740798190308,46227083230.0,45842540065.0,6SB1n4,BWKQ6GCwu8MUPW38t3M6mZWyfD4xbBwtmjC3FxFfpump,5GmKadYycbQ63BGUTPwsU2jNCwRgN7rJPAxcWi9UXSoZUHfkbNUCh6ey7i7MnbQPiGb7RyuvZn8ZtQSopNi1Lqkv,14.76
0.5,priced,-0.07300740798190308,46227083230.0,45842540065.0,6SB1n4,BWKQ6GCwu8MUPW38t3M6mZWyfD4xbBwtmjC3FxFfpump,5GmKadYycbQ63BGUTPwsU2jNCwRgN7rJPAxcWi9UXSoZUHfkbNUCh6ey7i7MnbQPiGb7RyuvZn8ZtQSopNi1Lqkv,14.76
1.0,priced,-0.14682333301186526,48182638785.0,45842540065.0,6SB1n4,BWKQ6GCwu8MUPW38t3M6mZWyfD4xbBwtmjC3FxFfpump,5GmKadYycbQ63BGUTPwsU2jNCwRgN7rJPAxcWi9UXSoZUHfkbNUCh6ey7i7MnbQPiGb7RyuvZn8ZtQSopNi1Lqkv,14.76
2.0,priced,-0.14682333301186526,48182638785.0,45842540065.0,6SB1n4,BWKQ6GCwu8MUPW38t3M6mZWyfD4xbBwtmjC3FxFfpump,5GmKadYycbQ63BGUTPwsU2jNCwRgN7rJPAxcWi9UXSoZUHfkbNUCh6ey7i7MnbQPiGb7RyuvZn8ZtQSopNi1Lqkv,14.76
3.0,priced,-0.16391333641383124,48671527673.0,45842540065.0,6SB1n4,BWKQ6GCwu8MUPW38t3M6mZWyfD4xbBwtmjC3FxFfpump,5GmKadYycbQ63BGUTPwsU2jNCwRgN7rJPAxcWi9UXSoZUHfkbNUCh6ey7i7MnbQPiGb7RyuvZn8ZtQSopNi1Lqkv,14.76
5.0,priced,-0.16391333641383124,48671527673.0,45842540065.0,6SB1n4,BWKQ6GCwu8MUPW38t3M6mZWyfD4xbBwtmjC3FxFfpump,5GmKadYycbQ63BGUTPwsU2jNCwRgN7rJPAxcWi9UXSoZUHfkbNUCh6ey7i7MnbQPiGb7RyuvZn8ZtQSopNi1Lqkv,14.76
10.0,priced,0.01926326241232419,48103957483.0,49998095620.0,6SB1n4,BWKQ6GCwu8MUPW38t3M6mZWyfD4xbBwtmjC3FxFfpump,5GmKadYycbQ63BGUTPwsU2jNCwRgN7rJPAxcWi9UXSoZUHfkbNUCh6ey7i7MnbQPiGb7RyuvZn8ZtQSopNi1Lqkv,14.76
0.0,priced,-0.16692633885110106,87911776413.0,82474811761.0,6SB1n4,4Bh9GNYLWKsX9HHNoJXd13QHJJB21Mj4Nfe73AP6pump,257t2rKqYypG6wTUeqAgwYEx44JDhqafa7SLrUqc6wXY1kEd7QoaZYFoywDq7S8SJneEjrbtFRkyxoLPzTcHwaA9,32.265
0.5,priced,-0.16811245312108278,87974078737.0,82474811761.0,6SB1n4,4Bh9GNYLWKsX9HHNoJXd13QHJJB21Mj4Nfe73AP6pump,257t2rKqYypG6wTUeqAgwYEx44JDhqafa7SLrUqc6wXY1kEd7QoaZYFoywDq7S8SJneEjrbtFRkyxoLPzTcHwaA9,32.265
1.0,priced,-0.16725940447859014,87974078737.0,82516739219.0,6SB1n4,4Bh9GNYLWKsX9HHNoJXd13QHJJB21Mj4Nfe73AP6pump,257t2rKqYypG6wTUeqAgwYEx44JDhqafa7SLrUqc6wXY1kEd7QoaZYFoywDq7S8SJneEjrbtFRkyxoLPzTcHwaA9,32.265
2.0,priced,-0.07204136389130247,83360425731.0,82516739219.0,6SB1n4,4Bh9GNYLWKsX9HHNoJXd13QHJJB21Mj4Nfe73AP6pump,257t2rKqYypG6wTUeqAgwYEx44JDhqafa7SLrUqc6wXY1kEd7QoaZYFoywDq7S8SJneEjrbtFRkyxoLPzTcHwaA9,32.265
3.0,priced,-0.08425158210650266,83869470814.0,82475088874.0,6SB1n4,4Bh9GNYLWKsX9HHNoJXd13QHJJB21Mj4Nfe73AP6pump,257t2rKqYypG6wTUeqAgwYEx44JDhqafa7SLrUqc6wXY1kEd7QoaZYFoywDq7S8SJneEjrbtFRkyxoLPzTcHwaA9,32.265
5.0,priced,-0.11779988166696775,85183772294.0,82226571260.0,6SB1n4,4Bh9GNYLWKsX9HHNoJXd13QHJJB21Mj4Nfe73AP6pump,257t2rKqYypG6wTUeqAgwYEx44JDhqafa7SLrUqc6wXY1kEd7QoaZYFoywDq7S8SJneEjrbtFRkyxoLPzTcHwaA9,32.265
10.0,priced,-0.14994355212438237,86189760458.0,81677043017.0,6SB1n4,4Bh9GNYLWKsX9HHNoJXd13QHJJB21Mj4Nfe73AP6pump,257t2rKqYypG6wTUeqAgwYEx44JDhqafa7SLrUqc6wXY1kEd7QoaZYFoywDq7S8SJneEjrbtFRkyxoLPzTcHwaA9,32.265
0.0,priced,-0.16134376636969852,87362382474.0,82232694252.0,6SB1n4,HFNSKQh7bHzEKzt5m6pe79FmGiZ14PJjJScBshts8Yd8,5yMCvjU8CeBUSyM3K7JLiNefE1Y2Qn4H4Uw76zgdnu11hLYGgNFkAM8e3xgwZnk1HgBu3piyUbbyP8RanF6qB6Ro,88.562
0.5,priced,-0.16134376636969852,87362382474.0,82232694252.0,6SB1n4,HFNSKQh7bHzEKzt5m6pe79FmGiZ14PJjJScBshts8Yd8,5yMCvjU8CeBUSyM3K7JLiNefE1Y2Qn4H4Uw76zgdnu11hLYGgNFkAM8e3xgwZnk1HgBu3piyUbbyP8RanF6qB6Ro,88.562
1.0,priced,-0.17710982853427124,87362382474.0,81462443560.0,6SB1n4,HFNSKQh7bHzEKzt5m6pe79FmGiZ14PJjJScBshts8Yd8,5yMCvjU8CeBUSyM3K7JLiNefE1Y2Qn4H4Uw76zgdnu11hLYGgNFkAM8e3xgwZnk1HgBu3piyUbbyP8RanF6qB6Ro,88.562
2.0,priced,-0.18062986644525636,87548770929.0,81462443560.0,6SB1n4,HFNSKQh7bHzEKzt5m6pe79FmGiZ14PJjJScBshts8Yd8,5yMCvjU8CeBUSyM3K7JLiNefE1Y2Qn4H4Uw76zgdnu11hLYGgNFkAM8e3xgwZnk1HgBu3piyUbbyP8RanF6qB6Ro,88.562
3.0,priced,-0.18062986644525636,87548770929.0,81462443560.0,6SB1n4,HFNSKQh7bHzEKzt5m6pe79FmGiZ14PJjJScBshts8Yd8,5yMCvjU8CeBUSyM3K7JLiNefE1Y2Qn4H4Uw76zgdnu11hLYGgNFkAM8e3xgwZnk1HgBu3piyUbbyP8RanF6qB6Ro,88.562
5.0,priced,-0.18062986644525636,87548770929.0,81462443560.0,6SB1n4,HFNSKQh7bHzEKzt5m6pe79FmGiZ14PJjJScBshts8Yd8,5yMCvjU8CeBUSyM3K7JLiNefE1Y2Qn4H4Uw76zgdnu11hLYGgNFkAM8e3xgwZnk1HgBu3piyUbbyP8RanF6qB6Ro,88.562
10.0,priced,-0.18062986644525636,87548770929.0,81462443560.0,6SB1n4,HFNSKQh7bHzEKzt5m6pe79FmGiZ14PJjJScBshts8Yd8,5yMCvjU8CeBUSyM3K7JLiNefE1Y2Qn4H4Uw76zgdnu11hLYGgNFkAM8e3xgwZnk1HgBu3piyUbbyP8RanF6qB6Ro,88.562
0.0,priced,0.4309525980035639,41886621340.0,51594452862.0,6SB1n4,4Bh9GNYLWKsX9HHNoJXd13QHJJB21Mj4Nfe73AP6pump,3pfMCKj1GtejpEjJX3ecxc8YaCqAR6HcShGVR8bEhYtgR2GdaayemmvSY9pNbyNycxPFjmQAVJS3zpcAGqowucQc,49.387
0.5,priced,0.42745434573120855,41938145016.0,51594452862.0,6SB1n4,4Bh9GNYLWKsX9HHNoJXd13QHJJB21Mj4Nfe73AP6pump,3pfMCKj1GtejpEjJX3ecxc8YaCqAR6HcShGVR8bEhYtgR2GdaayemmvSY9pNbyNycxPFjmQAVJS3zpcAGqowucQc,49.387
1.0,priced,0.42194095508338425,41938145016.0,51494921265.0,6SB1n4,4Bh9GNYLWKsX9HHNoJXd13QHJJB21Mj4Nfe73AP6pump,3pfMCKj1GtejpEjJX3ecxc8YaCqAR6HcShGVR8bEhYtgR2GdaayemmvSY9pNbyNycxPFjmQAVJS3zpcAGqowucQc,49.387
2.0,priced,0.42194095508338425,41938145016.0,51494921265.0,6SB1n4,4Bh9GNYLWKsX9HHNoJXd13QHJJB21Mj4Nfe73AP6pump,3pfMCKj1GtejpEjJX3ecxc8YaCqAR6HcShGVR8bEhYtgR2GdaayemmvSY9pNbyNycxPFjmQAVJS3zpcAGqowucQc,49.387
3.0,priced,0.42194095508338425,41938145016.0,51494921265.0,6SB1n4,4Bh9GNYLWKsX9HHNoJXd13QHJJB21Mj4Nfe73AP6pump,3pfMCKj1GtejpEjJX3ecxc8YaCqAR6HcShGVR8bEhYtgR2GdaayemmvSY9pNbyNycxPFjmQAVJS3zpcAGqowucQc,49.387
5.0,priced,0.4219354207482977,41938226991.0,51494921265.0,6SB1n4,4Bh9GNYLWKsX9HHNoJXd13QHJJB21Mj4Nfe73AP6pump,3pfMCKj1GtejpEjJX3ecxc8YaCqAR6HcShGVR8bEhYtgR2GdaayemmvSY9pNbyNycxPFjmQAVJS3zpcAGqowucQc,49.387
10.0,priced,0.41529069335379887,42036992422.0,51494921265.0,6SB1n4,4Bh9GNYLWKsX9HHNoJXd13QHJJB21Mj4Nfe73AP6pump,3pfMCKj1GtejpEjJX3ecxc8YaCqAR6HcShGVR8bEhYtgR2GdaayemmvSY9pNbyNycxPFjmQAVJS3zpcAGqowucQc,49.387
0.0,priced,-0.3281463228751111,48540540084.0,41021645373.0,6SB1n4,4Bh9GNYLWKsX9HHNoJXd13QHJJB21Mj4Nfe73AP6pump,2u3pNgrQMSED9FWWJ6KnNXobf9VojWgmrr2c1weefb7pmNYSppmdZnKHcBgqSQmHknCrmNCW8x4LpyXfMLyz7Bnf,12.851
0.5,priced,-0.33519194013378845,48795749959.0,41021645373.0,6SB1n4,4Bh9GNYLWKsX9HHNoJXd13QHJJB21Mj4Nfe73AP6pump,2u3pNgrQMSED9FWWJ6KnNXobf9VojWgmrr2c1weefb7pmNYSppmdZnKHcBgqSQmHknCrmNCW8x4LpyXfMLyz7Bnf,12.851
1.0,priced,-0.33519194013378845,48795749959.0,41021645373.0,6SB1n4,4Bh9GNYLWKsX9HHNoJXd13QHJJB21Mj4Nfe73AP6pump,2u3pNgrQMSED9FWWJ6KnNXobf9VojWgmrr2c1weefb7pmNYSppmdZnKHcBgqSQmHknCrmNCW8x4LpyXfMLyz7Bnf,12.851
2.0,priced,-0.33949986192973386,48953774646.0,41021645373.0,6SB1n4,4Bh9GNYLWKsX9HHNoJXd13QHJJB21Mj4Nfe73AP6pump,2u3pNgrQMSED9FWWJ6KnNXobf9VojWgmrr2c1weefb7pmNYSppmdZnKHcBgqSQmHknCrmNCW8x4LpyXfMLyz7Bnf,12.851
3.0,priced,-0.33949986192973386,48953774646.0,41021645373.0,6SB1n4,4Bh9GNYLWKsX9HHNoJXd13QHJJB21Mj4Nfe73AP6pump,2u3pNgrQMSED9FWWJ6KnNXobf9VojWgmrr2c1weefb7pmNYSppmdZnKHcBgqSQmHknCrmNCW8x4LpyXfMLyz7Bnf,12.851
5.0,priced,-0.34284172569878973,48953774646.0,40918769032.0,6SB1n4,4Bh9GNYLWKsX9HHNoJXd13QHJJB21Mj4Nfe73AP6pump,2u3pNgrQMSED9FWWJ6KnNXobf9VojWgmrr2c1weefb7pmNYSppmdZnKHcBgqSQmHknCrmNCW8x4LpyXfMLyz7Bnf,12.851
10.0,priced,-0.36054407535081423,48953774646.0,40369472781.0,6SB1n4,4Bh9GNYLWKsX9HHNoJXd13QHJJB21Mj4Nfe73AP6pump,2u3pNgrQMSED9FWWJ6KnNXobf9VojWgmrr2c1weefb7pmNYSppmdZnKHcBgqSQmHknCrmNCW8x4LpyXfMLyz7Bnf,12.851
0.0,priced,-0.015155419428002954,53645737207.0,54784660803.0,6SB1n4,9vL8Kx9PP6YDENCmrwi1SB9F94hNpoVqn2UzbwqsczGn,417CZUWyAWiMpzAkv3VjBwA8RSbG7Uf7uhX7VaRsXnLv2fb7qTtueXZ1LFrX4iQX59s7ZBBSebcptbj4xguYwMEb,27.317
0.5,priced,-0.17099966547413814,53645737207.0,50291989549.0,6SB1n4,9vL8Kx9PP6YDENCmrwi1SB9F94hNpoVqn2UzbwqsczGn,417CZUWyAWiMpzAkv3VjBwA8RSbG7Uf7uhX7VaRsXnLv2fb7qTtueXZ1LFrX4iQX59s7ZBBSebcptbj4xguYwMEb,27.317
1.0,priced,-0.1770294683272834,53841292762.0,50291989549.0,6SB1n4,9vL8Kx9PP6YDENCmrwi1SB9F94hNpoVqn2UzbwqsczGn,417CZUWyAWiMpzAkv3VjBwA8RSbG7Uf7uhX7VaRsXnLv2fb7qTtueXZ1LFrX4iQX59s7ZBBSebcptbj4xguYwMEb,27.317
2.0,priced,-0.18001999872944344,53939070539.0,50291989549.0,6SB1n4,9vL8Kx9PP6YDENCmrwi1SB9F94hNpoVqn2UzbwqsczGn,417CZUWyAWiMpzAkv3VjBwA8RSbG7Uf7uhX7VaRsXnLv2fb7qTtueXZ1LFrX4iQX59s7ZBBSebcptbj4xguYwMEb,27.317
3.0,priced,-0.18595289818482363,54134626094.0,50291989549.0,6SB1n4,9vL8Kx9PP6YDENCmrwi1SB9F94hNpoVqn2UzbwqsczGn,417CZUWyAWiMpzAkv3VjBwA8RSbG7Uf7uhX7VaRsXnLv2fb7qTtueXZ1LFrX4iQX59s7ZBBSebcptbj4xguYwMEb,27.317
5.0,priced,-0.19614407201865483,54134626094.0,49978625325.0,6SB1n4,9vL8Kx9PP6YDENCmrwi1SB9F94hNpoVqn2UzbwqsczGn,417CZUWyAWiMpzAkv3VjBwA8RSbG7Uf7uhX7VaRsXnLv2fb7qTtueXZ1LFrX4iQX59s7ZBBSebcptbj4xguYwMEb,27.317
10.0,priced,-0.10127576751983583,54134626094.0,52824289356.0,6SB1n4,9vL8Kx9PP6YDENCmrwi1SB9F94hNpoVqn2UzbwqsczGn,417CZUWyAWiMpzAkv3VjBwA8RSbG7Uf7uhX7VaRsXnLv2fb7qTtueXZ1LFrX4iQX59s7ZBBSebcptbj4xguYwMEb,27.317
0.0,priced,-0.15625837608423102,35302305024.0,33462704560.0,6SB1n4,G8aSEeAtQAwA46DvAJELvxE3cfVhs2dW7ALvA835oPFF,2t5aLQo6Z6KPDHaPDNLmfQF88KwoQ7KPG3fbnGzYLwZfd5uZ2Bw2dwefaQU2BNqm9iHzucmYwaxR2ynW5nWNKKuu,3.984
0.5,priced,-0.1564361399214722,35302305024.0,33459201066.0,6SB1n4,G8aSEeAtQAwA46DvAJELvxE3cfVhs2dW7ALvA835oPFF,2t5aLQo6Z6KPDHaPDNLmfQF88KwoQ7KPG3fbnGzYLwZfd5uZ2Bw2dwefaQU2BNqm9iHzucmYwaxR2ynW5nWNKKuu,3.984
1.0,priced,-0.1543441886762805,35302305024.0,33500407715.0,6SB1n4,G8aSEeAtQAwA46DvAJELvxE3cfVhs2dW7ALvA835oPFF,2t5aLQo6Z6KPDHaPDNLmfQF88KwoQ7KPG3fbnGzYLwZfd5uZ2Bw2dwefaQU2BNqm9iHzucmYwaxR2ynW5nWNKKuu,3.984
2.0,priced,-0.06095356010973632,35265755324.0,35255185492.0,6SB1n4,G8aSEeAtQAwA46DvAJELvxE3cfVhs2dW7ALvA835oPFF,2t5aLQo6Z6KPDHaPDNLmfQF88KwoQ7KPG3fbnGzYLwZfd5uZ2Bw2dwefaQU2BNqm9iHzucmYwaxR2ynW5nWNKKuu,3.984
3.0,priced,-0.005639557865083695,35265755324.0,36273738040.0,6SB1n4,G8aSEeAtQAwA46DvAJELvxE3cfVhs2dW7ALvA835oPFF,2t5aLQo6Z6KPDHaPDNLmfQF88KwoQ7KPG3fbnGzYLwZfd5uZ2Bw2dwefaQU2BNqm9iHzucmYwaxR2ynW5nWNKKuu,3.984
5.0,priced,-0.016496737131887793,35461310879.0,36274715817.0,6SB1n4,G8aSEeAtQAwA46DvAJELvxE3cfVhs2dW7ALvA835oPFF,2t5aLQo6Z6KPDHaPDNLmfQF88KwoQ7KPG3fbnGzYLwZfd5uZ2Bw2dwefaQU2BNqm9iHzucmYwaxR2ynW5nWNKKuu,3.984
10.0,priced,-0.03972298745055914,34638721069.0,35020056556.0,6SB1n4,G8aSEeAtQAwA46DvAJELvxE3cfVhs2dW7ALvA835oPFF,2t5aLQo6Z6KPDHaPDNLmfQF88KwoQ7KPG3fbnGzYLwZfd5uZ2Bw2dwefaQU2BNqm9iHzucmYwaxR2ynW5nWNKKuu,3.984
0.0,priced,-0.1361028670851599,37507174894.0,35958019536.0,6SB1n4,G8aSEeAtQAwA46DvAJELvxE3cfVhs2dW7ALvA835oPFF,7j1HFA9SKwWft3iRmwJANPYDMGiSHc5xiuwUvELeoaLpMJJgvxCqqEqgYzyb6r79jJkxkwTVXwSwCknkpHGZ28W,3.984
0.5,priced,-0.13610290345557738,37507175684.0,35958019536.0,6SB1n4,G8aSEeAtQAwA46DvAJELvxE3cfVhs2dW7ALvA835oPFF,7j1HFA9SKwWft3iRmwJANPYDMGiSHc5xiuwUvELeoaLpMJJgvxCqqEqgYzyb6r79jJkxkwTVXwSwCknkpHGZ28W,3.984
1.0,priced,-0.1768173635543164,37443507160.0,35046635305.0,6SB1n4,G8aSEeAtQAwA46DvAJELvxE3cfVhs2dW7ALvA835oPFF,7j1HFA9SKwWft3iRmwJANPYDMGiSHc5xiuwUvELeoaLpMJJgvxCqqEqgYzyb6r79jJkxkwTVXwSwCknkpHGZ28W,3.984
2.0,priced,-0.11884219071305357,36190470282.0,35046635305.0,6SB1n4,G8aSEeAtQAwA46DvAJELvxE3cfVhs2dW7ALvA835oPFF,7j1HFA9SKwWft3iRmwJANPYDMGiSHc5xiuwUvELeoaLpMJJgvxCqqEqgYzyb6r79jJkxkwTVXwSwCknkpHGZ28W,3.984
3.0,priced,-0.15210573979766728,36893882254.0,35046635305.0,6SB1n4,G8aSEeAtQAwA46DvAJELvxE3cfVhs2dW7ALvA835oPFF,7j1HFA9SKwWft3iRmwJANPYDMGiSHc5xiuwUvELeoaLpMJJgvxCqqEqgYzyb6r79jJkxkwTVXwSwCknkpHGZ28W,3.984
5.0,priced,-0.182928841695315,37583222632.0,35046635305.0,6SB1n4,G8aSEeAtQAwA46DvAJELvxE3cfVhs2dW7ALvA835oPFF,7j1HFA9SKwWft3iRmwJANPYDMGiSHc5xiuwUvELeoaLpMJJgvxCqqEqgYzyb6r79jJkxkwTVXwSwCknkpHGZ28W,3.984
10.0,priced,-0.10902906413284122,36419129848.0,35461310879.0,6SB1n4,G8aSEeAtQAwA46DvAJELvxE3cfVhs2dW7ALvA835oPFF,7j1HFA9SKwWft3iRmwJANPYDMGiSHc5xiuwUvELeoaLpMJJgvxCqqEqgYzyb6r79jJkxkwTVXwSwCknkpHGZ28W,3.984
0.0,priced,0.02099729303334105,85972067185.0,89229708107.0,6SB1n4,2B2jRuauv1W3f3g1wRgjoZ9eZWfeiCcBfNZZ97Twpump,2iCwKHkjh8caAvKgwbhdJvt6R2FSayWPxeo3HhXNpvFwU9JAgmHuxbYw6iMtPcmaFLQ2zuCvn3XQiy9HWZi8avpv,314.757
0.5,priced,0.02099729303334105,85972067185.0,89229708107.0,6SB1n4,2B2jRuauv1W3f3g1wRgjoZ9eZWfeiCcBfNZZ97Twpump,2iCwKHkjh8caAvKgwbhdJvt6R2FSayWPxeo3HhXNpvFwU9JAgmHuxbYw6iMtPcmaFLQ2zuCvn3XQiy9HWZi8avpv,314.757
1.0,priced,0.019601464236262203,86030692371.0,89229708107.0,6SB1n4,2B2jRuauv1W3f3g1wRgjoZ9eZWfeiCcBfNZZ97Twpump,2iCwKHkjh8caAvKgwbhdJvt6R2FSayWPxeo3HhXNpvFwU9JAgmHuxbYw6iMtPcmaFLQ2zuCvn3XQiy9HWZi8avpv,314.757
2.0,priced,0.019601464236262203,86030692371.0,89229708107.0,6SB1n4,2B2jRuauv1W3f3g1wRgjoZ9eZWfeiCcBfNZZ97Twpump,2iCwKHkjh8caAvKgwbhdJvt6R2FSayWPxeo3HhXNpvFwU9JAgmHuxbYw6iMtPcmaFLQ2zuCvn3XQiy9HWZi8avpv,314.757
3.0,priced,0.019601464236262203,86030692371.0,89229708107.0,6SB1n4,2B2jRuauv1W3f3g1wRgjoZ9eZWfeiCcBfNZZ97Twpump,2iCwKHkjh8caAvKgwbhdJvt6R2FSayWPxeo3HhXNpvFwU9JAgmHuxbYw6iMtPcmaFLQ2zuCvn3XQiy9HWZi8avpv,314.757
5.0,priced,0.014965870160074474,86226247926.0,89229708107.0,6SB1n4,2B2jRuauv1W3f3g1wRgjoZ9eZWfeiCcBfNZZ97Twpump,2iCwKHkjh8caAvKgwbhdJvt6R2FSayWPxeo3HhXNpvFwU9JAgmHuxbYw6iMtPcmaFLQ2zuCvn3XQiy9HWZi8avpv,314.757
10.0,priced,0.009203744760931373,86471186196.0,89229708107.0,6SB1n4,2B2jRuauv1W3f3g1wRgjoZ9eZWfeiCcBfNZZ97Twpump,2iCwKHkjh8caAvKgwbhdJvt6R2FSayWPxeo3HhXNpvFwU9JAgmHuxbYw6iMtPcmaFLQ2zuCvn3XQiy9HWZi8avpv,314.757
0.0,priced,0.22971571400199697,50742657368.0,57890147321.0,6SB1n4,6GVnpTN7u8BTf8spgqT8SD4RocQsLvL4BaixXvb6pump,uLNJhJaLSGMKG1f6Y1n7mVXRvxq6c56sLCuunJiunprc2pt3Dd9Yg1ibQFcGd4ckE5oMYunoTCwGRgCcZ9oAcs8,27.766
0.5,priced,0.22971571400199697,50742657368.0,57890147321.0,6SB1n4,6GVnpTN7u8BTf8spgqT8SD4RocQsLvL4BaixXvb6pump,uLNJhJaLSGMKG1f6Y1n7mVXRvxq6c56sLCuunJiunprc2pt3Dd9Yg1ibQFcGd4ckE5oMYunoTCwGRgCcZ9oAcs8,27.766
1.0,priced,0.22971571400199697,50742657368.0,57890147321.0,6SB1n4,6GVnpTN7u8BTf8spgqT8SD4RocQsLvL4BaixXvb6pump,uLNJhJaLSGMKG1f6Y1n7mVXRvxq6c56sLCuunJiunprc2pt3Dd9Yg1ibQFcGd4ckE5oMYunoTCwGRgCcZ9oAcs8,27.766
2.0,priced,0.22971571400199697,50742657368.0,57890147321.0,6SB1n4,6GVnpTN7u8BTf8spgqT8SD4RocQsLvL4BaixXvb6pump,uLNJhJaLSGMKG1f6Y1n7mVXRvxq6c56sLCuunJiunprc2pt3Dd9Yg1ibQFcGd4ckE5oMYunoTCwGRgCcZ9oAcs8,27.766
3.0,priced,0.22971571400199697,50742657368.0,57890147321.0,6SB1n4,6GVnpTN7u8BTf8spgqT8SD4RocQsLvL4BaixXvb6pump,uLNJhJaLSGMKG1f6Y1n7mVXRvxq6c56sLCuunJiunprc2pt3Dd9Yg1ibQFcGd4ckE5oMYunoTCwGRgCcZ9oAcs8,27.766
5.0,priced,0.22971571400199697,50742657368.0,57890147321.0,6SB1n4,6GVnpTN7u8BTf8spgqT8SD4RocQsLvL4BaixXvb6pump,uLNJhJaLSGMKG1f6Y1n7mVXRvxq6c56sLCuunJiunprc2pt3Dd9Yg1ibQFcGd4ckE5oMYunoTCwGRgCcZ9oAcs8,27.766
10.0,priced,0.1625508323411627,50554943907.0,56086100861.0,6SB1n4,6GVnpTN7u8BTf8spgqT8SD4RocQsLvL4BaixXvb6pump,uLNJhJaLSGMKG1f6Y1n7mVXRvxq6c56sLCuunJiunprc2pt3Dd9Yg1ibQFcGd4ckE5oMYunoTCwGRgCcZ9oAcs8,27.766
0.0,priced,0.14000747750370549,37469344809.0,41238125069.0,6SB1n4,5qz9nhuGa3CZ5gEGXhcAh2JokGQry1QHdX4jJFKtpHtS,61zimeDr4XEK7BwB4gL37fJWbj6w4SW2Uay2Mzdqf2URZLj5ryD2EyHzhJjTj3Gzd4aDBrtg22NnRW2uuwZV3KE4,8.399
0.5,priced,0.14000747750370549,37469344809.0,41238125069.0,6SB1n4,5qz9nhuGa3CZ5gEGXhcAh2JokGQry1QHdX4jJFKtpHtS,61zimeDr4XEK7BwB4gL37fJWbj6w4SW2Uay2Mzdqf2URZLj5ryD2EyHzhJjTj3Gzd4aDBrtg22NnRW2uuwZV3KE4,8.399
1.0,priced,0.09170227920840812,37671972290.0,40574927617.0,6SB1n4,5qz9nhuGa3CZ5gEGXhcAh2JokGQry1QHdX4jJFKtpHtS,61zimeDr4XEK7BwB4gL37fJWbj6w4SW2Uay2Mzdqf2URZLj5ryD2EyHzhJjTj3Gzd4aDBrtg22NnRW2uuwZV3KE4,8.399
2.0,priced,0.045930575877961996,38960091308.0,41067767121.0,6SB1n4,5qz9nhuGa3CZ5gEGXhcAh2JokGQry1QHdX4jJFKtpHtS,61zimeDr4XEK7BwB4gL37fJWbj6w4SW2Uay2Mzdqf2URZLj5ryD2EyHzhJjTj3Gzd4aDBrtg22NnRW2uuwZV3KE4,8.399
3.0,priced,0.3019236346498852,38305959847.0,45037939957.0,6SB1n4,5qz9nhuGa3CZ5gEGXhcAh2JokGQry1QHdX4jJFKtpHtS,61zimeDr4XEK7BwB4gL37fJWbj6w4SW2Uay2Mzdqf2URZLj5ryD2EyHzhJjTj3Gzd4aDBrtg22NnRW2uuwZV3KE4,8.399
5.0,priced,0.2774284363215337,38354848735.0,44669842243.0,6SB1n4,5qz9nhuGa3CZ5gEGXhcAh2JokGQry1QHdX4jJFKtpHtS,61zimeDr4XEK7BwB4gL37fJWbj6w4SW2Uay2Mzdqf2URZLj5ryD2EyHzhJjTj3Gzd4aDBrtg22NnRW2uuwZV3KE4,8.399
10.0,priced,0.5205449946265368,36812749069.0,46782443556.0,6SB1n4,5qz9nhuGa3CZ5gEGXhcAh2JokGQry1QHdX4jJFKtpHtS,61zimeDr4XEK7BwB4gL37fJWbj6w4SW2Uay2Mzdqf2URZLj5ryD2EyHzhJjTj3Gzd4aDBrtg22NnRW2uuwZV3KE4,8.399
0.0,priced,0.15651974404748653,62974293133.0,69613893053.0,6SB1n4,43WhJUaUbdVNSZG6H2khBjTWGs4heEEvhgX68kAvpump,3QQr4BXDYDJ6hjY5FnyB1xapctgaDc6jrv3YsrnE7Ph5UdFYUVYf4Vz6HMR7uEtxeZF91LXsduN2ZYRN6PPanFAu,19.111
0.5,priced,0.12962285595321701,62974293133.0,68803552257.0,6SB1n4,43WhJUaUbdVNSZG6H2khBjTWGs4heEEvhgX68kAvpump,3QQr4BXDYDJ6hjY5FnyB1xapctgaDc6jrv3YsrnE7Ph5UdFYUVYf4Vz6HMR7uEtxeZF91LXsduN2ZYRN6PPanFAu,19.111
1.0,priced,0.06292763768304502,64917458873.0,68803552257.0,6SB1n4,43WhJUaUbdVNSZG6H2khBjTWGs4heEEvhgX68kAvpump,3QQr4BXDYDJ6hjY5FnyB1xapctgaDc6jrv3YsrnE7Ph5UdFYUVYf4Vz6HMR7uEtxeZF91LXsduN2ZYRN6PPanFAu,19.111
2.0,priced,0.05983445348228824,65011965739.0,68803552257.0,6SB1n4,43WhJUaUbdVNSZG6H2khBjTWGs4heEEvhgX68kAvpump,3QQr4BXDYDJ6hjY5FnyB1xapctgaDc6jrv3YsrnE7Ph5UdFYUVYf4Vz6HMR7uEtxeZF91LXsduN2ZYRN6PPanFAu,19.111
3.0,priced,0.05976994505242062,65013941047.0,68803552257.0,6SB1n4,43WhJUaUbdVNSZG6H2khBjTWGs4heEEvhgX68kAvpump,3QQr4BXDYDJ6hjY5FnyB1xapctgaDc6jrv3YsrnE7Ph5UdFYUVYf4Vz6HMR7uEtxeZF91LXsduN2ZYRN6PPanFAu,19.111
5.0,priced,0.05977300402734554,65013941047.0,68803651008.0,6SB1n4,43WhJUaUbdVNSZG6H2khBjTWGs4heEEvhgX68kAvpump,3QQr4BXDYDJ6hjY5FnyB1xapctgaDc6jrv3YsrnE7Ph5UdFYUVYf4Vz6HMR7uEtxeZF91LXsduN2ZYRN6PPanFAu,19.111
10.0,priced,0.03849858805983031,65458385487.0,68577270376.0,6SB1n4,43WhJUaUbdVNSZG6H2khBjTWGs4heEEvhgX68kAvpump,3QQr4BXDYDJ6hjY5FnyB1xapctgaDc6jrv3YsrnE7Ph5UdFYUVYf4Vz6HMR7uEtxeZF91LXsduN2ZYRN6PPanFAu,19.111
0.0,priced,-0.29150940288452637,52471535618.0,45509482280.0,6SB1n4,FmK8AoQQRGwXY9NXaZW8PPZvgVgC5VKY13BconLMkjLk,39r7Nd3SeX4whYh8bBEfHaYYMZ8jeM18nnBzDzHvgD5asnfXbemYhCSGD4SMrSLojczD4ctr6emcRotuE1eZ5n7Y,19.103
0.5,priced,-0.29150940288452637,52471535618.0,45509482280.0,6SB1n4,FmK8AoQQRGwXY9NXaZW8PPZvgVgC5VKY13BconLMkjLk,39r7Nd3SeX4whYh8bBEfHaYYMZ8jeM18nnBzDzHvgD5asnfXbemYhCSGD4SMrSLojczD4ctr6emcRotuE1eZ5n7Y,19.103
1.0,priced,-0.29150940288452637,52471535618.0,45509482280.0,6SB1n4,FmK8AoQQRGwXY9NXaZW8PPZvgVgC5VKY13BconLMkjLk,39r7Nd3SeX4whYh8bBEfHaYYMZ8jeM18nnBzDzHvgD5asnfXbemYhCSGD4SMrSLojczD4ctr6emcRotuE1eZ5n7Y,19.103
2.0,priced,-0.30459451456079045,52960424506.0,45509482280.0,6SB1n4,FmK8AoQQRGwXY9NXaZW8PPZvgVgC5VKY13BconLMkjLk,39r7Nd3SeX4whYh8bBEfHaYYMZ8jeM18nnBzDzHvgD5asnfXbemYhCSGD4SMrSLojczD4ctr6emcRotuE1eZ5n7Y,19.103
3.0,priced,-0.3232039036866651,52960424506.0,44902263418.0,6SB1n4,FmK8AoQQRGwXY9NXaZW8PPZvgVgC5VKY13BconLMkjLk,39r7Nd3SeX4whYh8bBEfHaYYMZ8jeM18nnBzDzHvgD5asnfXbemYhCSGD4SMrSLojczD4ctr6emcRotuE1eZ5n7Y,19.103
5.0,priced,-0.3257352169510101,53059189937.0,44902263418.0,6SB1n4,FmK8AoQQRGwXY9NXaZW8PPZvgVgC5VKY13BconLMkjLk,39r7Nd3SeX4whYh8bBEfHaYYMZ8jeM18nnBzDzHvgD5asnfXbemYhCSGD4SMrSLojczD4ctr6emcRotuE1eZ5n7Y,19.103
10.0,priced,-0.30516034043652895,51220707312.0,44003168393.0,6SB1n4,FmK8AoQQRGwXY9NXaZW8PPZvgVgC5VKY13BconLMkjLk,39r7Nd3SeX4whYh8bBEfHaYYMZ8jeM18nnBzDzHvgD5asnfXbemYhCSGD4SMrSLojczD4ctr6emcRotuE1eZ5n7Y,19.103
0.0,priced,0.12713292963558412,60570185746.0,66114907787.0,6SB1n4,AF8CYWbip2H8qivVcHpqsYkLRGGQSHNnY84hKVEa7z8f,2Grd3CbGVBUrPdEwsWc52RrtGucuqw8uvHghJ6D63Ha7M8HvsDik2RZvNW3bAejLwMCjt3PnwGsYJTkmnjZwAobN,7.54
0.5,priced,0.12713292963558412,60570185746.0,66114907787.0,6SB1n4,AF8CYWbip2H8qivVcHpqsYkLRGGQSHNnY84hKVEa7z8f,2Grd3CbGVBUrPdEwsWc52RrtGucuqw8uvHghJ6D63Ha7M8HvsDik2RZvNW3bAejLwMCjt3PnwGsYJTkmnjZwAobN,7.54
1.0,priced,0.09157487530144762,61547963522.0,66114907787.0,6SB1n4,AF8CYWbip2H8qivVcHpqsYkLRGGQSHNnY84hKVEa7z8f,2Grd3CbGVBUrPdEwsWc52RrtGucuqw8uvHghJ6D63Ha7M8HvsDik2RZvNW3bAejLwMCjt3PnwGsYJTkmnjZwAobN,7.54
2.0,priced,0.10296311859410762,61547963522.0,66457130009.0,6SB1n4,AF8CYWbip2H8qivVcHpqsYkLRGGQSHNnY84hKVEa7z8f,2Grd3CbGVBUrPdEwsWc52RrtGucuqw8uvHghJ6D63Ha7M8HvsDik2RZvNW3bAejLwMCjt3PnwGsYJTkmnjZwAobN,7.54
3.0,priced,0.10172442839743662,61547963522.0,66419991689.0,6SB1n4,AF8CYWbip2H8qivVcHpqsYkLRGGQSHNnY84hKVEa7z8f,2Grd3CbGVBUrPdEwsWc52RrtGucuqw8uvHghJ6D63Ha7M8HvsDik2RZvNW3bAejLwMCjt3PnwGsYJTkmnjZwAobN,7.54
5.0,priced,0.09972933498087716,61547963522.0,66360131524.0,6SB1n4,AF8CYWbip2H8qivVcHpqsYkLRGGQSHNnY84hKVEa7z8f,2Grd3CbGVBUrPdEwsWc52RrtGucuqw8uvHghJ6D63Ha7M8HvsDik2RZvNW3bAejLwMCjt3PnwGsYJTkmnjZwAobN,7.54
10.0,priced,0.059379638592819216,61841394632.0,65447042520.0,6SB1n4,AF8CYWbip2H8qivVcHpqsYkLRGGQSHNnY84hKVEa7z8f,2Grd3CbGVBUrPdEwsWc52RrtGucuqw8uvHghJ6D63Ha7M8HvsDik2RZvNW3bAejLwMCjt3PnwGsYJTkmnjZwAobN,7.54
0.0,priced,-0.3190549144026904,50433963700.0,42898947366.0,6SB1n4,2Y8ta28Qt4KqHPR5dq1Hw4pUtkyiQ28pMsK6guFedfew,23TrHo89PnKuaGUPPAp6JF8y1nRLuiRizzczPwBq8vBfKnPrYGhJgz2KfPJo2QDidxQJknqKGuMTLRvb7urTS6KM,8.311
0.5,priced,-0.30128500164665223,49849245706.0,42948330081.0,6SB1n4,2Y8ta28Qt4KqHPR5dq1Hw4pUtkyiQ28pMsK6guFedfew,23TrHo89PnKuaGUPPAp6JF8y1nRLuiRizzczPwBq8vBfKnPrYGhJgz2KfPJo2QDidxQJknqKGuMTLRvb7urTS6KM,8.311
1.0,priced,-0.30128500164665223,49849245706.0,42948330081.0,6SB1n4,2Y8ta28Qt4KqHPR5dq1Hw4pUtkyiQ28pMsK6guFedfew,23TrHo89PnKuaGUPPAp6JF8y1nRLuiRizzczPwBq8vBfKnPrYGhJgz2KfPJo2QDidxQJknqKGuMTLRvb7urTS6KM,8.311
2.0,priced,-0.30128500164665223,49849245706.0,42948330081.0,6SB1n4,2Y8ta28Qt4KqHPR5dq1Hw4pUtkyiQ28pMsK6guFedfew,23TrHo89PnKuaGUPPAp6JF8y1nRLuiRizzczPwBq8vBfKnPrYGhJgz2KfPJo2QDidxQJknqKGuMTLRvb7urTS6KM,8.311
3.0,priced,-0.32434786243075875,50688637963.0,42948330081.0,6SB1n4,2Y8ta28Qt4KqHPR5dq1Hw4pUtkyiQ28pMsK6guFedfew,23TrHo89PnKuaGUPPAp6JF8y1nRLuiRizzczPwBq8vBfKnPrYGhJgz2KfPJo2QDidxQJknqKGuMTLRvb7urTS6KM,8.311
5.0,priced,-0.32434786243075875,50688637963.0,42948330081.0,6SB1n4,2Y8ta28Qt4KqHPR5dq1Hw4pUtkyiQ28pMsK6guFedfew,23TrHo89PnKuaGUPPAp6JF8y1nRLuiRizzczPwBq8vBfKnPrYGhJgz2KfPJo2QDidxQJknqKGuMTLRvb7urTS6KM,8.311
10.0,priced,-0.36858619903627193,49411376514.0,40490767251.0,6SB1n4,2Y8ta28Qt4KqHPR5dq1Hw4pUtkyiQ28pMsK6guFedfew,23TrHo89PnKuaGUPPAp6JF8y1nRLuiRizzczPwBq8vBfKnPrYGhJgz2KfPJo2QDidxQJknqKGuMTLRvb7urTS6KM,8.311
0.0,priced,0.07011301589331603,36963793869.0,39423123566.0,6SB1n4,65mmB9wgVWr5ArUS4nKhPa7XE7bAk68T4oHd3wxWGtdv,4vkAdnxFhG7r1HfXgVQwAoe8FxTPsBFNSdbFz7KKyENnMC334Pvjzxuuers87aSSY3aNo29Tm2L7r2TJDUXbS7tX,27.417
0.5,priced,0.07011301589331603,36963793869.0,39423123566.0,6SB1n4,65mmB9wgVWr5ArUS4nKhPa7XE7bAk68T4oHd3wxWGtdv,4vkAdnxFhG7r1HfXgVQwAoe8FxTPsBFNSdbFz7KKyENnMC334Pvjzxuuers87aSSY3aNo29Tm2L7r2TJDUXbS7tX,27.417
1.0,priced,0.10758528655204225,36963793869.0,40104810514.0,6SB1n4,65mmB9wgVWr5ArUS4nKhPa7XE7bAk68T4oHd3wxWGtdv,4vkAdnxFhG7r1HfXgVQwAoe8FxTPsBFNSdbFz7KKyENnMC334Pvjzxuuers87aSSY3aNo29Tm2L7r2TJDUXbS7tX,27.417
2.0,priced,0.10758528655204225,36963793869.0,40104810514.0,6SB1n4,65mmB9wgVWr5ArUS4nKhPa7XE7bAk68T4oHd3wxWGtdv,4vkAdnxFhG7r1HfXgVQwAoe8FxTPsBFNSdbFz7KKyENnMC334Pvjzxuuers87aSSY3aNo29Tm2L7r2TJDUXbS7tX,27.417
3.0,priced,0.0841551353008361,36963793869.0,39679932138.0,6SB1n4,65mmB9wgVWr5ArUS4nKhPa7XE7bAk68T4oHd3wxWGtdv,4vkAdnxFhG7r1HfXgVQwAoe8FxTPsBFNSdbFz7KKyENnMC334Pvjzxuuers87aSSY3aNo29Tm2L7r2TJDUXbS7tX,27.417
5.0,priced,0.09008418324427367,36862826668.0,39679932138.0,6SB1n4,65mmB9wgVWr5ArUS4nKhPa7XE7bAk68T4oHd3wxWGtdv,4vkAdnxFhG7r1HfXgVQwAoe8FxTPsBFNSdbFz7KKyENnMC334Pvjzxuuers87aSSY3aNo29Tm2L7r2TJDUXbS7tX,27.417
10.0,priced,0.08893207681011725,36882382223.0,39679932138.0,6SB1n4,65mmB9wgVWr5ArUS4nKhPa7XE7bAk68T4oHd3wxWGtdv,4vkAdnxFhG7r1HfXgVQwAoe8FxTPsBFNSdbFz7KKyENnMC334Pvjzxuuers87aSSY3aNo29Tm2L7r2TJDUXbS7tX,27.417
0.0,priced,-0.072391205195727,49492114558.0,49079653842.0,6SB1n4,AF8CYWbip2H8qivVcHpqsYkLRGGQSHNnY84hKVEa7z8f,2NMCXCKBJnG8SPaKKRhrm4iTFryACBxkih9XzM3ZW5bWQkt2ELx5gojHgGTSJJbqBw8B6sdRGK8TVVkTNy7Z5KtE,21.231
0.5,priced,-0.072391205195727,49492114558.0,49079653842.0,6SB1n4,AF8CYWbip2H8qivVcHpqsYkLRGGQSHNnY84hKVEa7z8f,2NMCXCKBJnG8SPaKKRhrm4iTFryACBxkih9XzM3ZW5bWQkt2ELx5gojHgGTSJJbqBw8B6sdRGK8TVVkTNy7Z5KtE,21.231
1.0,priced,-0.072391205195727,49492114558.0,49079653842.0,6SB1n4,AF8CYWbip2H8qivVcHpqsYkLRGGQSHNnY84hKVEa7z8f,2NMCXCKBJnG8SPaKKRhrm4iTFryACBxkih9XzM3ZW5bWQkt2ELx5gojHgGTSJJbqBw8B6sdRGK8TVVkTNy7Z5KtE,21.231
2.0,priced,-0.072391205195727,49492114558.0,49079653842.0,6SB1n4,AF8CYWbip2H8qivVcHpqsYkLRGGQSHNnY84hKVEa7z8f,2NMCXCKBJnG8SPaKKRhrm4iTFryACBxkih9XzM3ZW5bWQkt2ELx5gojHgGTSJJbqBw8B6sdRGK8TVVkTNy7Z5KtE,21.231
3.0,priced,-0.072391205195727,49492114558.0,49079653842.0,6SB1n4,AF8CYWbip2H8qivVcHpqsYkLRGGQSHNnY84hKVEa7z8f,2NMCXCKBJnG8SPaKKRhrm4iTFryACBxkih9XzM3ZW5bWQkt2ELx5gojHgGTSJJbqBw8B6sdRGK8TVVkTNy7Z5KtE,21.231
5.0,priced,-0.07536310220312811,49571486766.0,49079653842.0,6SB1n4,AF8CYWbip2H8qivVcHpqsYkLRGGQSHNnY84hKVEa7z8f,2NMCXCKBJnG8SPaKKRhrm4iTFryACBxkih9XzM3ZW5bWQkt2ELx5gojHgGTSJJbqBw8B6sdRGK8TVVkTNy7Z5KtE,21.231
10.0,priced,-0.10418530763718509,50265305557.0,48986430126.0,6SB1n4,AF8CYWbip2H8qivVcHpqsYkLRGGQSHNnY84hKVEa7z8f,2NMCXCKBJnG8SPaKKRhrm4iTFryACBxkih9XzM3ZW5bWQkt2ELx5gojHgGTSJJbqBw8B6sdRGK8TVVkTNy7Z5KtE,21.231
0.0,priced,-0.08243674265798712,49811487104.0,49128284676.0,6SB1n4,AF8CYWbip2H8qivVcHpqsYkLRGGQSHNnY84hKVEa7z8f,3XMVdLjQVZGamd6BYZNzmc5MnRKsTzwjhGCmxsXfxKMWPxCN2F9gyj4XjSu2gKDqeEZPqB7Bcx7tC2e9ePGh5FW5,3.984
0.5,priced,-0.08243674265798712,49811487104.0,49128284676.0,6SB1n4,AF8CYWbip2H8qivVcHpqsYkLRGGQSHNnY84hKVEa7z8f,3XMVdLjQVZGamd6BYZNzmc5MnRKsTzwjhGCmxsXfxKMWPxCN2F9gyj4XjSu2gKDqeEZPqB7Bcx7tC2e9ePGh5FW5,3.984
1.0,priced,-0.0754113503226819,49622138989.0,49128284676.0,6SB1n4,AF8CYWbip2H8qivVcHpqsYkLRGGQSHNnY84hKVEa7z8f,3XMVdLjQVZGamd6BYZNzmc5MnRKsTzwjhGCmxsXfxKMWPxCN2F9gyj4XjSu2gKDqeEZPqB7Bcx7tC2e9ePGh5FW5,3.984
2.0,priced,-0.23014093883496345,49915426488.0,45122481906.0,6SB1n4,AF8CYWbip2H8qivVcHpqsYkLRGGQSHNnY84hKVEa7z8f,3XMVdLjQVZGamd6BYZNzmc5MnRKsTzwjhGCmxsXfxKMWPxCN2F9gyj4XjSu2gKDqeEZPqB7Bcx7tC2e9ePGh5FW5,3.984
3.0,priced,-0.27715499881982913,49915426488.0,43734663518.0,6SB1n4,AF8CYWbip2H8qivVcHpqsYkLRGGQSHNnY84hKVEa7z8f,3XMVdLjQVZGamd6BYZNzmc5MnRKsTzwjhGCmxsXfxKMWPxCN2F9gyj4XjSu2gKDqeEZPqB7Bcx7tC2e9ePGh5FW5,3.984
5.0,priced,-0.28769054875468875,49915426488.0,43417618173.0,6SB1n4,AF8CYWbip2H8qivVcHpqsYkLRGGQSHNnY84hKVEa7z8f,3XMVdLjQVZGamd6BYZNzmc5MnRKsTzwjhGCmxsXfxKMWPxCN2F9gyj4XjSu2gKDqeEZPqB7Bcx7tC2e9ePGh5FW5,3.984
10.0,priced,-0.29765753350613405,49915426488.0,43115550343.0,6SB1n4,AF8CYWbip2H8qivVcHpqsYkLRGGQSHNnY84hKVEa7z8f,3XMVdLjQVZGamd6BYZNzmc5MnRKsTzwjhGCmxsXfxKMWPxCN2F9gyj4XjSu2gKDqeEZPqB7Bcx7tC2e9ePGh5FW5,3.984
0.0,priced,-0.06139407877287292,46525544254.0,46423356835.0,6SB1n4,ETfXPFDmFNr7FG9UrE56XKLFuZY6rVW4WuseAUS8eHca,4Ezi4vmSPHmgxwAYE4CKmvqhB5SdGZ6APev477dtVijac54Q2agUwFowwUcc53uW6K3vtHUurwSWs1ygrM4jR5pD,8.29
0.5,priced,-0.10455533805607237,46525544254.0,45349926862.0,6SB1n4,ETfXPFDmFNr7FG9UrE56XKLFuZY6rVW4WuseAUS8eHca,4Ezi4vmSPHmgxwAYE4CKmvqhB5SdGZ6APev477dtVijac54Q2agUwFowwUcc53uW6K3vtHUurwSWs1ygrM4jR5pD,8.29
1.0,priced,-0.11161021256749393,46709684916.0,45349926862.0,6SB1n4,ETfXPFDmFNr7FG9UrE56XKLFuZY6rVW4WuseAUS8eHca,4Ezi4vmSPHmgxwAYE4CKmvqhB5SdGZ6APev477dtVijac54Q2agUwFowwUcc53uW6K3vtHUurwSWs1ygrM4jR5pD,8.29
2.0,priced,-0.12084873402247798,46954129360.0,45349926862.0,6SB1n4,ETfXPFDmFNr7FG9UrE56XKLFuZY6rVW4WuseAUS8eHca,4Ezi4vmSPHmgxwAYE4CKmvqhB5SdGZ6APev477dtVijac54Q2agUwFowwUcc53uW6K3vtHUurwSWs1ygrM4jR5pD,8.29
3.0,priced,-0.12084873402247798,46954129360.0,45349926862.0,6SB1n4,ETfXPFDmFNr7FG9UrE56XKLFuZY6rVW4WuseAUS8eHca,4Ezi4vmSPHmgxwAYE4CKmvqhB5SdGZ6APev477dtVijac54Q2agUwFowwUcc53uW6K3vtHUurwSWs1ygrM4jR5pD,8.29
5.0,priced,-0.12084873402247798,46954129360.0,45349926862.0,6SB1n4,ETfXPFDmFNr7FG9UrE56XKLFuZY6rVW4WuseAUS8eHca,4Ezi4vmSPHmgxwAYE4CKmvqhB5SdGZ6APev477dtVijac54Q2agUwFowwUcc53uW6K3vtHUurwSWs1ygrM4jR5pD,8.29
10.0,priced,-0.16125966312720955,46963907137.0,44311639571.0,6SB1n4,ETfXPFDmFNr7FG9UrE56XKLFuZY6rVW4WuseAUS8eHca,4Ezi4vmSPHmgxwAYE4CKmvqhB5SdGZ6APev477dtVijac54Q2agUwFowwUcc53uW6K3vtHUurwSWs1ygrM4jR5pD,8.29
0.0,priced,-0.007947479133607865,61580884291.0,63079309133.0,6SB1n4,ETfXPFDmFNr7FG9UrE56XKLFuZY6rVW4WuseAUS8eHca,5DwY8PxeY6WfXvvEkXdYuyJM29ZPi92bVtCPFx53shNpoKwn14KVA95tDp2SeBUJ1ysLT9nqKUQ2WDFojtsj6mGA,10.545
0.5,priced,-0.020991772605687263,61580884291.0,62665737053.0,6SB1n4,ETfXPFDmFNr7FG9UrE56XKLFuZY6rVW4WuseAUS8eHca,5DwY8PxeY6WfXvvEkXdYuyJM29ZPi92bVtCPFx53shNpoKwn14KVA95tDp2SeBUJ1ysLT9nqKUQ2WDFojtsj6mGA,10.545
1.0,priced,-0.020991772605687263,61580884291.0,62665737053.0,6SB1n4,ETfXPFDmFNr7FG9UrE56XKLFuZY6rVW4WuseAUS8eHca,5DwY8PxeY6WfXvvEkXdYuyJM29ZPi92bVtCPFx53shNpoKwn14KVA95tDp2SeBUJ1ysLT9nqKUQ2WDFojtsj6mGA,10.545
2.0,priced,-0.020991772605687263,61580884291.0,62665737053.0,6SB1n4,ETfXPFDmFNr7FG9UrE56XKLFuZY6rVW4WuseAUS8eHca,5DwY8PxeY6WfXvvEkXdYuyJM29ZPi92bVtCPFx53shNpoKwn14KVA95tDp2SeBUJ1ysLT9nqKUQ2WDFojtsj6mGA,10.545
3.0,priced,-0.020604805699365257,61568743370.0,62665737053.0,6SB1n4,ETfXPFDmFNr7FG9UrE56XKLFuZY6rVW4WuseAUS8eHca,5DwY8PxeY6WfXvvEkXdYuyJM29ZPi92bVtCPFx53shNpoKwn14KVA95tDp2SeBUJ1ysLT9nqKUQ2WDFojtsj6mGA,10.545
5.0,priced,-0.020604805699365257,61568743370.0,62665737053.0,6SB1n4,ETfXPFDmFNr7FG9UrE56XKLFuZY6rVW4WuseAUS8eHca,5DwY8PxeY6WfXvvEkXdYuyJM29ZPi92bVtCPFx53shNpoKwn14KVA95tDp2SeBUJ1ysLT9nqKUQ2WDFojtsj6mGA,10.545
10.0,priced,-0.06735420242252135,61849348069.0,61438954550.0,6SB1n4,ETfXPFDmFNr7FG9UrE56XKLFuZY6rVW4WuseAUS8eHca,5DwY8PxeY6WfXvvEkXdYuyJM29ZPi92bVtCPFx53shNpoKwn14KVA95tDp2SeBUJ1ysLT9nqKUQ2WDFojtsj6mGA,10.545
0.0,priced,0.010719776651727318,50612166130.0,52371929684.0,6SB1n4,ETfXPFDmFNr7FG9UrE56XKLFuZY6rVW4WuseAUS8eHca,3Mb2CWbxegdQ9bRauHJVfiayYRnFxdpkYejoRKRf9LTtztGWL1GE1XUck1mYv2AYvmZGy9uhr1Zx539nhMzvpFHi,9.757
0.5,priced,0.16812040233135367,50612166130.0,56283040797.0,6SB1n4,ETfXPFDmFNr7FG9UrE56XKLFuZY6rVW4WuseAUS8eHca,3Mb2CWbxegdQ9bRauHJVfiayYRnFxdpkYejoRKRf9LTtztGWL1GE1XUck1mYv2AYvmZGy9uhr1Zx539nhMzvpFHi,9.757
1.0,priced,0.1677999041979053,50619216913.0,56283151022.0,6SB1n4,ETfXPFDmFNr7FG9UrE56XKLFuZY6rVW4WuseAUS8eHca,3Mb2CWbxegdQ9bRauHJVfiayYRnFxdpkYejoRKRf9LTtztGWL1GE1XUck1mYv2AYvmZGy9uhr1Zx539nhMzvpFHi,9.757
2.0,priced,0.1677999041979053,50619216913.0,56283151022.0,6SB1n4,ETfXPFDmFNr7FG9UrE56XKLFuZY6rVW4WuseAUS8eHca,3Mb2CWbxegdQ9bRauHJVfiayYRnFxdpkYejoRKRf9LTtztGWL1GE1XUck1mYv2AYvmZGy9uhr1Zx539nhMzvpFHi,9.757
3.0,priced,0.17673428766079471,50426498655.0,56283151022.0,6SB1n4,ETfXPFDmFNr7FG9UrE56XKLFuZY6rVW4WuseAUS8eHca,3Mb2CWbxegdQ9bRauHJVfiayYRnFxdpkYejoRKRf9LTtztGWL1GE1XUck1mYv2AYvmZGy9uhr1Zx539nhMzvpFHi,9.757
5.0,priced,0.1613403936824975,50622054210.0,56131053924.0,6SB1n4,ETfXPFDmFNr7FG9UrE56XKLFuZY6rVW4WuseAUS8eHca,3Mb2CWbxegdQ9bRauHJVfiayYRnFxdpkYejoRKRf9LTtztGWL1GE1XUck1mYv2AYvmZGy9uhr1Zx539nhMzvpFHi,9.757
10.0,priced,0.12060300349800038,50527744373.0,55039845207.0,6SB1n4,ETfXPFDmFNr7FG9UrE56XKLFuZY6rVW4WuseAUS8eHca,3Mb2CWbxegdQ9bRauHJVfiayYRnFxdpkYejoRKRf9LTtztGWL1GE1XUck1mYv2AYvmZGy9uhr1Zx539nhMzvpFHi,9.757
0.0,priced,0.23825284616311884,49122100264.0,56244329378.0,6SB1n4,HmrntTaX5yBuQd3t4nArwU4HidahuHudvFBfvu2Npump,66n1DxvHtCVcJHTZ8xrFrods1xXJnbfipxYh3k1Ke5J5EYvBPUhLVrDeY6ZzmqDB1e7YTh4suV2pFaytuup5nbad,31.704
0.5,priced,0.3151578986166363,47661196601.0,56244329378.0,6SB1n4,HmrntTaX5yBuQd3t4nArwU4HidahuHudvFBfvu2Npump,66n1DxvHtCVcJHTZ8xrFrods1xXJnbfipxYh3k1Ke5J5EYvBPUhLVrDeY6ZzmqDB1e7YTh4suV2pFaytuup5nbad,31.704
1.0,priced,0.3151578986166363,47661196601.0,56244329378.0,6SB1n4,HmrntTaX5yBuQd3t4nArwU4HidahuHudvFBfvu2Npump,66n1DxvHtCVcJHTZ8xrFrods1xXJnbfipxYh3k1Ke5J5EYvBPUhLVrDeY6ZzmqDB1e7YTh4suV2pFaytuup5nbad,31.704
2.0,priced,0.3195590847239313,47488813350.0,56135443304.0,6SB1n4,HmrntTaX5yBuQd3t4nArwU4HidahuHudvFBfvu2Npump,66n1DxvHtCVcJHTZ8xrFrods1xXJnbfipxYh3k1Ke5J5EYvBPUhLVrDeY6ZzmqDB1e7YTh4suV2pFaytuup5nbad,31.704
3.0,priced,0.3178656417713103,47519393342.0,56135443304.0,6SB1n4,HmrntTaX5yBuQd3t4nArwU4HidahuHudvFBfvu2Npump,66n1DxvHtCVcJHTZ8xrFrods1xXJnbfipxYh3k1Ke5J5EYvBPUhLVrDeY6ZzmqDB1e7YTh4suV2pFaytuup5nbad,31.704
5.0,priced,0.28284715082466316,48008282230.0,55953613859.0,6SB1n4,HmrntTaX5yBuQd3t4nArwU4HidahuHudvFBfvu2Npump,66n1DxvHtCVcJHTZ8xrFrods1xXJnbfipxYh3k1Ke5J5EYvBPUhLVrDeY6ZzmqDB1e7YTh4suV2pFaytuup5nbad,31.704
10.0,priced,0.12956191841273498,50853496604.0,55612897623.0,6SB1n4,HmrntTaX5yBuQd3t4nArwU4HidahuHudvFBfvu2Npump,66n1DxvHtCVcJHTZ8xrFrods1xXJnbfipxYh3k1Ke5J5EYvBPUhLVrDeY6ZzmqDB1e7YTh4suV2pFaytuup5nbad,31.704
0.0,priced,-0.13158754966055966,40369755106.0,38785301081.0,6SB1n4,7muyoZo19VkaZtBZCMcKhiRrtdUaQTtmQCi5YRHBpump,67KTqm3yE92BVGhQsTTMiMwYB5g7ALhcNiEuF2a5pARKYvSFZJhG6x57LMcYZeQGg1Y7gdUepWceyLXVaSb979GF,6.142
0.5,priced,-0.13158754966055966,40369755106.0,38785301081.0,6SB1n4,7muyoZo19VkaZtBZCMcKhiRrtdUaQTtmQCi5YRHBpump,67KTqm3yE92BVGhQsTTMiMwYB5g7ALhcNiEuF2a5pARKYvSFZJhG6x57LMcYZeQGg1Y7gdUepWceyLXVaSb979GF,6.142
1.0,priced,-0.039175934644133326,37858171729.0,38262875390.0,6SB1n4,7muyoZo19VkaZtBZCMcKhiRrtdUaQTtmQCi5YRHBpump,67KTqm3yE92BVGhQsTTMiMwYB5g7ALhcNiEuF2a5pARKYvSFZJhG6x57LMcYZeQGg1Y7gdUepWceyLXVaSb979GF,6.142
2.0,priced,-0.037480172322330356,37858171729.0,38296455635.0,6SB1n4,7muyoZo19VkaZtBZCMcKhiRrtdUaQTtmQCi5YRHBpump,67KTqm3yE92BVGhQsTTMiMwYB5g7ALhcNiEuF2a5pARKYvSFZJhG6x57LMcYZeQGg1Y7gdUepWceyLXVaSb979GF,6.142
3.0,priced,-0.037480172322330356,37858171729.0,38296455635.0,6SB1n4,7muyoZo19VkaZtBZCMcKhiRrtdUaQTtmQCi5YRHBpump,67KTqm3yE92BVGhQsTTMiMwYB5g7ALhcNiEuF2a5pARKYvSFZJhG6x57LMcYZeQGg1Y7gdUepWceyLXVaSb979GF,6.142
5.0,priced,0.022010822616694927,36737679599.0,38296455635.0,6SB1n4,7muyoZo19VkaZtBZCMcKhiRrtdUaQTtmQCi5YRHBpump,67KTqm3yE92BVGhQsTTMiMwYB5g7ALhcNiEuF2a5pARKYvSFZJhG6x57LMcYZeQGg1Y7gdUepWceyLXVaSb979GF,6.142
10.0,priced,0.029642148418425322,36600947054.0,38296455635.0,6SB1n4,7muyoZo19VkaZtBZCMcKhiRrtdUaQTtmQCi5YRHBpump,67KTqm3yE92BVGhQsTTMiMwYB5g7ALhcNiEuF2a5pARKYvSFZJhG6x57LMcYZeQGg1Y7gdUepWceyLXVaSb979GF,6.142
0.0,priced,-0.21857002844870366,74281856186.0,67544549418.0,6SB1n4,7zr5K77xWAp7S8DKxcLVkPrFPYX5KBtDArSB9yxmpump,3fqbP9kZon4DXS52sawVry6JwSFfrdxZJfh86ZDUuHLSHoHvabK48otsJcrX8CFouvZmYmxachtVMuZCgPCKvpKG,3.987
0.5,priced,-0.22483551178043462,74175945300.0,67179953827.0,6SB1n4,7zr5K77xWAp7S8DKxcLVkPrFPYX5KBtDArSB9yxmpump,3fqbP9kZon4DXS52sawVry6JwSFfrdxZJfh86ZDUuHLSHoHvabK48otsJcrX8CFouvZmYmxachtVMuZCgPCKvpKG,3.987
1.0,priced,-0.2042162079371606,74175945300.0,68059897141.0,6SB1n4,7zr5K77xWAp7S8DKxcLVkPrFPYX5KBtDArSB9yxmpump,3fqbP9kZon4DXS52sawVry6JwSFfrdxZJfh86ZDUuHLSHoHvabK48otsJcrX8CFouvZmYmxachtVMuZCgPCKvpKG,3.987
2.0,priced,-0.2075782040871191,75119561028.0,68778470861.0,6SB1n4,7zr5K77xWAp7S8DKxcLVkPrFPYX5KBtDArSB9yxmpump,3fqbP9kZon4DXS52sawVry6JwSFfrdxZJfh86ZDUuHLSHoHvabK48otsJcrX8CFouvZmYmxachtVMuZCgPCKvpKG,3.987
3.0,priced,-0.21783297427901185,75586730289.0,68759476204.0,6SB1n4,7zr5K77xWAp7S8DKxcLVkPrFPYX5KBtDArSB9yxmpump,3fqbP9kZon4DXS52sawVry6JwSFfrdxZJfh86ZDUuHLSHoHvabK48otsJcrX8CFouvZmYmxachtVMuZCgPCKvpKG,3.987
5.0,priced,-0.2120541554730481,77548491749.0,70796383884.0,6SB1n4,7zr5K77xWAp7S8DKxcLVkPrFPYX5KBtDArSB9yxmpump,3fqbP9kZon4DXS52sawVry6JwSFfrdxZJfh86ZDUuHLSHoHvabK48otsJcrX8CFouvZmYmxachtVMuZCgPCKvpKG,3.987
10.0,priced,-0.34724085889282535,81869591314.0,68079864800.0,6SB1n4,7zr5K77xWAp7S8DKxcLVkPrFPYX5KBtDArSB9yxmpump,3fqbP9kZon4DXS52sawVry6JwSFfrdxZJfh86ZDUuHLSHoHvabK48otsJcrX8CFouvZmYmxachtVMuZCgPCKvpKG,3.987
0.0,priced,-0.10744115367229248,62631767094.0,60870513562.0,6SB1n4,5JyuubtoxbaXTrgqmE92A2bUgxyzDHHiTZUsbL9Tpump,ZQ1gvFVsAzrKTgWxPEXAzwD7DLvcmrQc79RDxatXy5BW2DTaQtRVX7TyMzfCSFQnJ9A4pWQM9xAmdJC2aHsccHZ,38.568
0.5,priced,-0.11017108725359737,62631767094.0,60778008493.0,6SB1n4,5JyuubtoxbaXTrgqmE92A2bUgxyzDHHiTZUsbL9Tpump,ZQ1gvFVsAzrKTgWxPEXAzwD7DLvcmrQc79RDxatXy5BW2DTaQtRVX7TyMzfCSFQnJ9A4pWQM9xAmdJC2aHsccHZ,38.568
1.0,priced,-0.11017108725359737,62631767094.0,60778008493.0,6SB1n4,5JyuubtoxbaXTrgqmE92A2bUgxyzDHHiTZUsbL9Tpump,ZQ1gvFVsAzrKTgWxPEXAzwD7DLvcmrQc79RDxatXy5BW2DTaQtRVX7TyMzfCSFQnJ9A4pWQM9xAmdJC2aHsccHZ,38.568
2.0,priced,-0.11017108725359737,62631767094.0,60778008493.0,6SB1n4,5JyuubtoxbaXTrgqmE92A2bUgxyzDHHiTZUsbL9Tpump,ZQ1gvFVsAzrKTgWxPEXAzwD7DLvcmrQc79RDxatXy5BW2DTaQtRVX7TyMzfCSFQnJ9A4pWQM9xAmdJC2aHsccHZ,38.568
3.0,priced,-0.10725625388824953,62631767094.0,60876773924.0,6SB1n4,5JyuubtoxbaXTrgqmE92A2bUgxyzDHHiTZUsbL9Tpump,ZQ1gvFVsAzrKTgWxPEXAzwD7DLvcmrQc79RDxatXy5BW2DTaQtRVX7TyMzfCSFQnJ9A4pWQM9xAmdJC2aHsccHZ,38.568
5.0,priced,-0.10725625388824953,62631767094.0,60876773924.0,6SB1n4,5JyuubtoxbaXTrgqmE92A2bUgxyzDHHiTZUsbL9Tpump,ZQ1gvFVsAzrKTgWxPEXAzwD7DLvcmrQc79RDxatXy5BW2DTaQtRVX7TyMzfCSFQnJ9A4pWQM9xAmdJC2aHsccHZ,38.568
10.0,priced,-0.10725628142311525,62631767094.0,60876772992.0,6SB1n4,5JyuubtoxbaXTrgqmE92A2bUgxyzDHHiTZUsbL9Tpump,ZQ1gvFVsAzrKTgWxPEXAzwD7DLvcmrQc79RDxatXy5BW2DTaQtRVX7TyMzfCSFQnJ9A4pWQM9xAmdJC2aHsccHZ,38.568
0.0,priced,-0.01542031997490418,54340081843.0,55483074926.0,6SB1n4,2B2jRuauv1W3f3g1wRgjoZ9eZWfeiCcBfNZZ97Twpump,3nzdyUfpSBN3NhvkTZvn7s7XfGMB33eSWF5qDinmSLiqkp5XAg9f9fVvEuJ8CwHFHqkdHbmb4BgtboagqkanTZi2,6.139
0.5,priced,-0.0198654332881732,54340081843.0,55358415553.0,6SB1n4,2B2jRuauv1W3f3g1wRgjoZ9eZWfeiCcBfNZZ97Twpump,3nzdyUfpSBN3NhvkTZvn7s7XfGMB33eSWF5qDinmSLiqkp5XAg9f9fVvEuJ8CwHFHqkdHbmb4BgtboagqkanTZi2,6.139
1.0,priced,-0.0198654332881732,54340081843.0,55358415553.0,6SB1n4,2B2jRuauv1W3f3g1wRgjoZ9eZWfeiCcBfNZZ97Twpump,3nzdyUfpSBN3NhvkTZvn7s7XfGMB33eSWF5qDinmSLiqkp5XAg9f9fVvEuJ8CwHFHqkdHbmb4BgtboagqkanTZi2,6.139
2.0,priced,-0.0198654332881732,54340081843.0,55358415553.0,6SB1n4,2B2jRuauv1W3f3g1wRgjoZ9eZWfeiCcBfNZZ97Twpump,3nzdyUfpSBN3NhvkTZvn7s7XfGMB33eSWF5qDinmSLiqkp5XAg9f9fVvEuJ8CwHFHqkdHbmb4BgtboagqkanTZi2,6.139
3.0,priced,-0.07079013323959471,55806748509.0,55358415553.0,6SB1n4,2B2jRuauv1W3f3g1wRgjoZ9eZWfeiCcBfNZZ97Twpump,3nzdyUfpSBN3NhvkTZvn7s7XfGMB33eSWF5qDinmSLiqkp5XAg9f9fVvEuJ8CwHFHqkdHbmb4BgtboagqkanTZi2,6.139
5.0,priced,-0.08737217311209225,56310353445.0,55358415553.0,6SB1n4,2B2jRuauv1W3f3g1wRgjoZ9eZWfeiCcBfNZZ97Twpump,3nzdyUfpSBN3NhvkTZvn7s7XfGMB33eSWF5qDinmSLiqkp5XAg9f9fVvEuJ8CwHFHqkdHbmb4BgtboagqkanTZi2,6.139
10.0,priced,-0.09526293085986698,56554797889.0,55358415553.0,6SB1n4,2B2jRuauv1W3f3g1wRgjoZ9eZWfeiCcBfNZZ97Twpump,3nzdyUfpSBN3NhvkTZvn7s7XfGMB33eSWF5qDinmSLiqkp5XAg9f9fVvEuJ8CwHFHqkdHbmb4BgtboagqkanTZi2,6.139
0.0,priced,-0.07146523021612858,58922088162.0,58414204809.0,6SB1n4,BTFk1AraMSPtSBgGS8gQV4iFNnAMH1VzhX2p71Uqpump,2wbvJqrB1WfDMbX8iDMLTdDTPx9kvjheYJE8yCtdbhJvtJMCGqAsRGHpTQgqmuZ4rMYkBTZb3VhsHSizbvexULdn,8.291
0.5,priced,-0.07146523021612858,58922088162.0,58414204809.0,6SB1n4,BTFk1AraMSPtSBgGS8gQV4iFNnAMH1VzhX2p71Uqpump,2wbvJqrB1WfDMbX8iDMLTdDTPx9kvjheYJE8yCtdbhJvtJMCGqAsRGHpTQgqmuZ4rMYkBTZb3VhsHSizbvexULdn,8.291
1.0,priced,-0.07146523021612858,58922088162.0,58414204809.0,6SB1n4,BTFk1AraMSPtSBgGS8gQV4iFNnAMH1VzhX2p71Uqpump,2wbvJqrB1WfDMbX8iDMLTdDTPx9kvjheYJE8yCtdbhJvtJMCGqAsRGHpTQgqmuZ4rMYkBTZb3VhsHSizbvexULdn,8.291
2.0,priced,-0.07146523021612858,58922088162.0,58414204809.0,6SB1n4,BTFk1AraMSPtSBgGS8gQV4iFNnAMH1VzhX2p71Uqpump,2wbvJqrB1WfDMbX8iDMLTdDTPx9kvjheYJE8yCtdbhJvtJMCGqAsRGHpTQgqmuZ4rMYkBTZb3VhsHSizbvexULdn,8.291
3.0,priced,-0.07146523021612858,58922088162.0,58414204809.0,6SB1n4,BTFk1AraMSPtSBgGS8gQV4iFNnAMH1VzhX2p71Uqpump,2wbvJqrB1WfDMbX8iDMLTdDTPx9kvjheYJE8yCtdbhJvtJMCGqAsRGHpTQgqmuZ4rMYkBTZb3VhsHSizbvexULdn,8.291
5.0,priced,-0.07146523021612858,58922088162.0,58414204809.0,6SB1n4,BTFk1AraMSPtSBgGS8gQV4iFNnAMH1VzhX2p71Uqpump,2wbvJqrB1WfDMbX8iDMLTdDTPx9kvjheYJE8yCtdbhJvtJMCGqAsRGHpTQgqmuZ4rMYkBTZb3VhsHSizbvexULdn,8.291
10.0,priced,-0.07146523021612858,58922088162.0,58414204809.0,6SB1n4,BTFk1AraMSPtSBgGS8gQV4iFNnAMH1VzhX2p71Uqpump,2wbvJqrB1WfDMbX8iDMLTdDTPx9kvjheYJE8yCtdbhJvtJMCGqAsRGHpTQgqmuZ4rMYkBTZb3VhsHSizbvexULdn,8.291
0.0,priced,0.3329967882939293,63465988603.0,75295282415.0,6SB1n4,5JyuubtoxbaXTrgqmE92A2bUgxyzDHHiTZUsbL9Tpump,3zfbgG3tRinLRh799Gwx5yzXU8LJJ39qHhvy4ugZKGZdqVTZF1Q39dsYLKsZHRcDrvkkdAaQgCFZG9bVzGPRDiyu,36.705
0.5,priced,0.3329967882939293,63465988603.0,75295282415.0,6SB1n4,5JyuubtoxbaXTrgqmE92A2bUgxyzDHHiTZUsbL9Tpump,3zfbgG3tRinLRh799Gwx5yzXU8LJJ39qHhvy4ugZKGZdqVTZF1Q39dsYLKsZHRcDrvkkdAaQgCFZG9bVzGPRDiyu,36.705
1.0,priced,0.3329967882939293,63465988603.0,75295282415.0,6SB1n4,5JyuubtoxbaXTrgqmE92A2bUgxyzDHHiTZUsbL9Tpump,3zfbgG3tRinLRh799Gwx5yzXU8LJJ39qHhvy4ugZKGZdqVTZF1Q39dsYLKsZHRcDrvkkdAaQgCFZG9bVzGPRDiyu,36.705
2.0,priced,0.2836880106642797,64443766380.0,75028602231.0,6SB1n4,5JyuubtoxbaXTrgqmE92A2bUgxyzDHHiTZUsbL9Tpump,3zfbgG3tRinLRh799Gwx5yzXU8LJJ39qHhvy4ugZKGZdqVTZF1Q39dsYLKsZHRcDrvkkdAaQgCFZG9bVzGPRDiyu,36.705
3.0,priced,0.2836880106642797,64443766380.0,75028602231.0,6SB1n4,5JyuubtoxbaXTrgqmE92A2bUgxyzDHHiTZUsbL9Tpump,3zfbgG3tRinLRh799Gwx5yzXU8LJJ39qHhvy4ugZKGZdqVTZF1Q39dsYLKsZHRcDrvkkdAaQgCFZG9bVzGPRDiyu,36.705
5.0,priced,0.28209485871772455,64443766380.0,74982216486.0,6SB1n4,5JyuubtoxbaXTrgqmE92A2bUgxyzDHHiTZUsbL9Tpump,3zfbgG3tRinLRh799Gwx5yzXU8LJJ39qHhvy4ugZKGZdqVTZF1Q39dsYLKsZHRcDrvkkdAaQgCFZG9bVzGPRDiyu,36.705
10.0,priced,0.28209485871772455,64443766380.0,74982216486.0,6SB1n4,5JyuubtoxbaXTrgqmE92A2bUgxyzDHHiTZUsbL9Tpump,3zfbgG3tRinLRh799Gwx5yzXU8LJJ39qHhvy4ugZKGZdqVTZF1Q39dsYLKsZHRcDrvkkdAaQgCFZG9bVzGPRDiyu,36.705
0.0,priced,-0.029220003649981736,83863098371.0,84893378576.0,6SB1n4,GYwYZ3vU7x4ijuEQR3aVa4amqfFf2cNjUBz6FN4FLHRW,2rvb4vUs683kcWjTngc8deEvcRtXz3pY5rpFe38NxYPcBz6g9EtcaYt9JjA84oEFCDzQsJxWhW7qFMufM6DwpWGG,10.497
0.5,priced,-0.029220003649981736,83863098371.0,84893378576.0,6SB1n4,GYwYZ3vU7x4ijuEQR3aVa4amqfFf2cNjUBz6FN4FLHRW,2rvb4vUs683kcWjTngc8deEvcRtXz3pY5rpFe38NxYPcBz6g9EtcaYt9JjA84oEFCDzQsJxWhW7qFMufM6DwpWGG,10.497
1.0,priced,-0.03214394893324828,83863098371.0,84766294576.0,6SB1n4,GYwYZ3vU7x4ijuEQR3aVa4amqfFf2cNjUBz6FN4FLHRW,2rvb4vUs683kcWjTngc8deEvcRtXz3pY5rpFe38NxYPcBz6g9EtcaYt9JjA84oEFCDzQsJxWhW7qFMufM6DwpWGG,10.497
2.0,priced,-0.03214394893324828,83863098371.0,84766294576.0,6SB1n4,GYwYZ3vU7x4ijuEQR3aVa4amqfFf2cNjUBz6FN4FLHRW,2rvb4vUs683kcWjTngc8deEvcRtXz3pY5rpFe38NxYPcBz6g9EtcaYt9JjA84oEFCDzQsJxWhW7qFMufM6DwpWGG,10.497
3.0,priced,-0.03214394893324828,83863098371.0,84766294576.0,6SB1n4,GYwYZ3vU7x4ijuEQR3aVa4amqfFf2cNjUBz6FN4FLHRW,2rvb4vUs683kcWjTngc8deEvcRtXz3pY5rpFe38NxYPcBz6g9EtcaYt9JjA84oEFCDzQsJxWhW7qFMufM6DwpWGG,10.497
5.0,priced,-0.07592599168804073,85818653926.0,84766294576.0,6SB1n4,GYwYZ3vU7x4ijuEQR3aVa4amqfFf2cNjUBz6FN4FLHRW,2rvb4vUs683kcWjTngc8deEvcRtXz3pY5rpFe38NxYPcBz6g9EtcaYt9JjA84oEFCDzQsJxWhW7qFMufM6DwpWGG,10.497
10.0,priced,-0.07592599168804073,85818653926.0,84766294576.0,6SB1n4,GYwYZ3vU7x4ijuEQR3aVa4amqfFf2cNjUBz6FN4FLHRW,2rvb4vUs683kcWjTngc8deEvcRtXz3pY5rpFe38NxYPcBz6g9EtcaYt9JjA84oEFCDzQsJxWhW7qFMufM6DwpWGG,10.497
0.0,priced,-0.0705007618787073,40079823434.0,39831796962.0,6SB1n4,BTFk1AraMSPtSBgGS8gQV4iFNnAMH1VzhX2p71Uqpump,4jzdXZTUuHyQd2Hm7PWRfVufX45PDBcbfzT8XuwpWcSD4QPVDQCy6y1kAssP5qyngGab6qxXCK6bmiPn5T2ayjAY,3.982
0.5,priced,-0.08184160369181157,40326689705.0,39831796962.0,6SB1n4,BTFk1AraMSPtSBgGS8gQV4iFNnAMH1VzhX2p71Uqpump,4jzdXZTUuHyQd2Hm7PWRfVufX45PDBcbfzT8XuwpWcSD4QPVDQCy6y1kAssP5qyngGab6qxXCK6bmiPn5T2ayjAY,3.982
1.0,priced,-0.08184160369181157,40326689705.0,39831796962.0,6SB1n4,BTFk1AraMSPtSBgGS8gQV4iFNnAMH1VzhX2p71Uqpump,4jzdXZTUuHyQd2Hm7PWRfVufX45PDBcbfzT8XuwpWcSD4QPVDQCy6y1kAssP5qyngGab6qxXCK6bmiPn5T2ayjAY,3.982
2.0,priced,-0.08184160369181157,40326689705.0,39831796962.0,6SB1n4,BTFk1AraMSPtSBgGS8gQV4iFNnAMH1VzhX2p71Uqpump,4jzdXZTUuHyQd2Hm7PWRfVufX45PDBcbfzT8XuwpWcSD4QPVDQCy6y1kAssP5qyngGab6qxXCK6bmiPn5T2ayjAY,3.982
3.0,priced,-0.08184160369181157,40326689705.0,39831796962.0,6SB1n4,BTFk1AraMSPtSBgGS8gQV4iFNnAMH1VzhX2p71Uqpump,4jzdXZTUuHyQd2Hm7PWRfVufX45PDBcbfzT8XuwpWcSD4QPVDQCy6y1kAssP5qyngGab6qxXCK6bmiPn5T2ayjAY,3.982
5.0,priced,-0.08184160369181157,40326689705.0,39831796962.0,6SB1n4,BTFk1AraMSPtSBgGS8gQV4iFNnAMH1VzhX2p71Uqpump,4jzdXZTUuHyQd2Hm7PWRfVufX45PDBcbfzT8XuwpWcSD4QPVDQCy6y1kAssP5qyngGab6qxXCK6bmiPn5T2ayjAY,3.982
10.0,priced,-0.08184160369181157,40326689705.0,39831796962.0,6SB1n4,BTFk1AraMSPtSBgGS8gQV4iFNnAMH1VzhX2p71Uqpump,4jzdXZTUuHyQd2Hm7PWRfVufX45PDBcbfzT8XuwpWcSD4QPVDQCy6y1kAssP5qyngGab6qxXCK6bmiPn5T2ayjAY,3.982
0.0,priced,0.46561188209203674,44356159718.0,55272745378.0,6SB1n4,4kGKMTtHG96XCgXx5czU9R9puAmcUp8gvWKjiMQGDw6P,2WAKAMSNgS9HapUAecBfZjtPtnbtKmmyMA4QRD6TENogBKi5NKmpKZ8VYJqiFPX1brsaPuzE1j1KwPVfud9VJWoX,12.227
0.5,priced,0.46795738570995904,44320562275.0,55272745378.0,6SB1n4,4kGKMTtHG96XCgXx5czU9R9puAmcUp8gvWKjiMQGDw6P,2WAKAMSNgS9HapUAecBfZjtPtnbtKmmyMA4QRD6TENogBKi5NKmpKZ8VYJqiFPX1brsaPuzE1j1KwPVfud9VJWoX,12.227
1.0,priced,0.46360114850457573,44926784496.0,55941100986.0,6SB1n4,4kGKMTtHG96XCgXx5czU9R9puAmcUp8gvWKjiMQGDw6P,2WAKAMSNgS9HapUAecBfZjtPtnbtKmmyMA4QRD6TENogBKi5NKmpKZ8VYJqiFPX1brsaPuzE1j1KwPVfud9VJWoX,12.227
2.0,priced,0.4316463481825621,45018206858.0,55440282318.0,6SB1n4,4kGKMTtHG96XCgXx5czU9R9puAmcUp8gvWKjiMQGDw6P,2WAKAMSNgS9HapUAecBfZjtPtnbtKmmyMA4QRD6TENogBKi5NKmpKZ8VYJqiFPX1brsaPuzE1j1KwPVfud9VJWoX,12.227
3.0,priced,0.4389206575270848,44489206858.0,54931458755.0,6SB1n4,4kGKMTtHG96XCgXx5czU9R9puAmcUp8gvWKjiMQGDw6P,2WAKAMSNgS9HapUAecBfZjtPtnbtKmmyMA4QRD6TENogBKi5NKmpKZ8VYJqiFPX1brsaPuzE1j1KwPVfud9VJWoX,12.227
5.0,priced,0.39539963902959224,45196978707.0,54951665392.0,6SB1n4,4kGKMTtHG96XCgXx5czU9R9puAmcUp8gvWKjiMQGDw6P,2WAKAMSNgS9HapUAecBfZjtPtnbtKmmyMA4QRD6TENogBKi5NKmpKZ8VYJqiFPX1brsaPuzE1j1KwPVfud9VJWoX,12.227
10.0,priced,0.2365909753273828,46743822803.0,53499870565.0,6SB1n4,4kGKMTtHG96XCgXx5czU9R9puAmcUp8gvWKjiMQGDw6P,2WAKAMSNgS9HapUAecBfZjtPtnbtKmmyMA4QRD6TENogBKi5NKmpKZ8VYJqiFPX1brsaPuzE1j1KwPVfud9VJWoX,12.227
0.0,priced,-0.17992830739567328,62746024160.0,58470892546.0,6SB1n4,5JyuubtoxbaXTrgqmE92A2bUgxyzDHHiTZUsbL9Tpump,5VeNSN7QE4bc8UPFYsUrqNiTpU5mXivYV22CEMXWWdhq9u6z3t5NvJLZzcKMnhFekby6Bz4jfBQtNanby2yiVSQT,5344.352
0.5,priced,-0.17992830739567328,62746024160.0,58470892546.0,6SB1n4,5JyuubtoxbaXTrgqmE92A2bUgxyzDHHiTZUsbL9Tpump,5VeNSN7QE4bc8UPFYsUrqNiTpU5mXivYV22CEMXWWdhq9u6z3t5NvJLZzcKMnhFekby6Bz4jfBQtNanby2yiVSQT,5344.352
1.0,priced,-0.19047659263719177,63151772068.0,58470892546.0,6SB1n4,5JyuubtoxbaXTrgqmE92A2bUgxyzDHHiTZUsbL9Tpump,5VeNSN7QE4bc8UPFYsUrqNiTpU5mXivYV22CEMXWWdhq9u6z3t5NvJLZzcKMnhFekby6Bz4jfBQtNanby2yiVSQT,5344.352
2.0,priced,-0.19047659263719177,63151772068.0,58470892546.0,6SB1n4,5JyuubtoxbaXTrgqmE92A2bUgxyzDHHiTZUsbL9Tpump,5VeNSN7QE4bc8UPFYsUrqNiTpU5mXivYV22CEMXWWdhq9u6z3t5NvJLZzcKMnhFekby6Bz4jfBQtNanby2yiVSQT,5344.352
3.0,priced,-0.19047659263719177,63151772068.0,58470892546.0,6SB1n4,5JyuubtoxbaXTrgqmE92A2bUgxyzDHHiTZUsbL9Tpump,5VeNSN7QE4bc8UPFYsUrqNiTpU5mXivYV22CEMXWWdhq9u6z3t5NvJLZzcKMnhFekby6Bz4jfBQtNanby2yiVSQT,5344.352
5.0,priced,-0.19047659263719177,63151772068.0,58470892546.0,6SB1n4,5JyuubtoxbaXTrgqmE92A2bUgxyzDHHiTZUsbL9Tpump,5VeNSN7QE4bc8UPFYsUrqNiTpU5mXivYV22CEMXWWdhq9u6z3t5NvJLZzcKMnhFekby6Bz4jfBQtNanby2yiVSQT,5344.352
10.0,priced,-0.19047659263719177,63151772068.0,58470892546.0,6SB1n4,5JyuubtoxbaXTrgqmE92A2bUgxyzDHHiTZUsbL9Tpump,5VeNSN7QE4bc8UPFYsUrqNiTpU5mXivYV22CEMXWWdhq9u6z3t5NvJLZzcKMnhFekby6Bz4jfBQtNanby2yiVSQT,5344.352
0.0,priced,-0.08054735018164672,77920179535.0,76795339002.0,6SB1n4,GYwYZ3vU7x4ijuEQR3aVa4amqfFf2cNjUBz6FN4FLHRW,3gfBuqmj84icmFUVrpN9NG1cjL8Vi9193DPuyaHFGhR3h2cZ56EuQ4S1ydQCt2BNJq3t69PUSfzPH6VMHDtcbhza,8.29
0.5,priced,-0.08054735018164672,77920179535.0,76795339002.0,6SB1n4,GYwYZ3vU7x4ijuEQR3aVa4amqfFf2cNjUBz6FN4FLHRW,3gfBuqmj84icmFUVrpN9NG1cjL8Vi9193DPuyaHFGhR3h2cZ56EuQ4S1ydQCt2BNJq3t69PUSfzPH6VMHDtcbhza,8.29
1.0,priced,-0.10317778122474003,77920179535.0,75851188819.0,6SB1n4,GYwYZ3vU7x4ijuEQR3aVa4amqfFf2cNjUBz6FN4FLHRW,3gfBuqmj84icmFUVrpN9NG1cjL8Vi9193DPuyaHFGhR3h2cZ56EuQ4S1ydQCt2BNJq3t69PUSfzPH6VMHDtcbhza,8.29
2.0,priced,-0.10317778122474003,77920179535.0,75851188819.0,6SB1n4,GYwYZ3vU7x4ijuEQR3aVa4amqfFf2cNjUBz6FN4FLHRW,3gfBuqmj84icmFUVrpN9NG1cjL8Vi9193DPuyaHFGhR3h2cZ56EuQ4S1ydQCt2BNJq3t69PUSfzPH6VMHDtcbhza,8.29
3.0,priced,-0.10317778122474003,77920179535.0,75851188819.0,6SB1n4,GYwYZ3vU7x4ijuEQR3aVa4amqfFf2cNjUBz6FN4FLHRW,3gfBuqmj84icmFUVrpN9NG1cjL8Vi9193DPuyaHFGhR3h2cZ56EuQ4S1ydQCt2BNJq3t69PUSfzPH6VMHDtcbhza,8.29
5.0,priced,-0.10317778122474003,77920179535.0,75851188819.0,6SB1n4,GYwYZ3vU7x4ijuEQR3aVa4amqfFf2cNjUBz6FN4FLHRW,3gfBuqmj84icmFUVrpN9NG1cjL8Vi9193DPuyaHFGhR3h2cZ56EuQ4S1ydQCt2BNJq3t69PUSfzPH6VMHDtcbhza,8.29
10.0,priced,-0.10317778122474003,77920179535.0,75851188819.0,6SB1n4,GYwYZ3vU7x4ijuEQR3aVa4amqfFf2cNjUBz6FN4FLHRW,3gfBuqmj84icmFUVrpN9NG1cjL8Vi9193DPuyaHFGhR3h2cZ56EuQ4S1ydQCt2BNJq3t69PUSfzPH6VMHDtcbhza,8.29
0.0,priced,-0.056033375907655,79404811420.0,79283007756.0,6SB1n4,GYwYZ3vU7x4ijuEQR3aVa4amqfFf2cNjUBz6FN4FLHRW,2geUX1vbu8nVKZsZ8fjfY3C4cceLu7UwrHwAoMSFrE3e3CFjo8YyN3DB5ujHMD63V7cktjN87YbAtxX6KnbqDzxq,6.138
0.5,priced,-0.0679350203416394,79908189917.0,79283007756.0,6SB1n4,GYwYZ3vU7x4ijuEQR3aVa4amqfFf2cNjUBz6FN4FLHRW,2geUX1vbu8nVKZsZ8fjfY3C4cceLu7UwrHwAoMSFrE3e3CFjo8YyN3DB5ujHMD63V7cktjN87YbAtxX6KnbqDzxq,6.138
1.0,priced,-0.07033760621952152,80010966717.0,79283007756.0,6SB1n4,GYwYZ3vU7x4ijuEQR3aVa4amqfFf2cNjUBz6FN4FLHRW,2geUX1vbu8nVKZsZ8fjfY3C4cceLu7UwrHwAoMSFrE3e3CFjo8YyN3DB5ujHMD63V7cktjN87YbAtxX6KnbqDzxq,6.138
2.0,priced,-0.07033760621952152,80010966717.0,79283007756.0,6SB1n4,GYwYZ3vU7x4ijuEQR3aVa4amqfFf2cNjUBz6FN4FLHRW,2geUX1vbu8nVKZsZ8fjfY3C4cceLu7UwrHwAoMSFrE3e3CFjo8YyN3DB5ujHMD63V7cktjN87YbAtxX6KnbqDzxq,6.138
3.0,priced,-0.07033760621952152,80010966717.0,79283007756.0,6SB1n4,GYwYZ3vU7x4ijuEQR3aVa4amqfFf2cNjUBz6FN4FLHRW,2geUX1vbu8nVKZsZ8fjfY3C4cceLu7UwrHwAoMSFrE3e3CFjo8YyN3DB5ujHMD63V7cktjN87YbAtxX6KnbqDzxq,6.138
5.0,priced,-0.07033760621952152,80010966717.0,79283007756.0,6SB1n4,GYwYZ3vU7x4ijuEQR3aVa4amqfFf2cNjUBz6FN4FLHRW,2geUX1vbu8nVKZsZ8fjfY3C4cceLu7UwrHwAoMSFrE3e3CFjo8YyN3DB5ujHMD63V7cktjN87YbAtxX6KnbqDzxq,6.138
10.0,priced,-0.05575939673917854,80176300047.0,80062484163.0,6SB1n4,GYwYZ3vU7x4ijuEQR3aVa4amqfFf2cNjUBz6FN4FLHRW,2geUX1vbu8nVKZsZ8fjfY3C4cceLu7UwrHwAoMSFrE3e3CFjo8YyN3DB5ujHMD63V7cktjN87YbAtxX6KnbqDzxq,6.138
0.0,priced,-0.19438016761094368,50826693744.0,46988932656.0,6SB1n4,FuaR8Pz4aS81vUbb2JKfnmEGQaRGsJwDotkxNA22pump,4om3WMYRrznTtQ56DLCfuAhDdMDvqNfEbRZ8nKCtz5RToP8y87wUEyg9fgv59rLSwbXC1Ybdfk9HiirMsG7ji5Nq,99.586
0.5,priced,-0.19470302145540036,50836850180.0,46988932656.0,6SB1n4,FuaR8Pz4aS81vUbb2JKfnmEGQaRGsJwDotkxNA22pump,4om3WMYRrznTtQ56DLCfuAhDdMDvqNfEbRZ8nKCtz5RToP8y87wUEyg9fgv59rLSwbXC1Ybdfk9HiirMsG7ji5Nq,99.586
1.0,priced,-0.19470302145540036,50836850180.0,46988932656.0,6SB1n4,FuaR8Pz4aS81vUbb2JKfnmEGQaRGsJwDotkxNA22pump,4om3WMYRrznTtQ56DLCfuAhDdMDvqNfEbRZ8nKCtz5RToP8y87wUEyg9fgv59rLSwbXC1Ybdfk9HiirMsG7ji5Nq,99.586
2.0,priced,-0.22490849803645932,51814627957.0,46988932656.0,6SB1n4,FuaR8Pz4aS81vUbb2JKfnmEGQaRGsJwDotkxNA22pump,4om3WMYRrznTtQ56DLCfuAhDdMDvqNfEbRZ8nKCtz5RToP8y87wUEyg9fgv59rLSwbXC1Ybdfk9HiirMsG7ji5Nq,99.586
3.0,priced,-0.22677353014186466,51876850178.0,46988932656.0,6SB1n4,FuaR8Pz4aS81vUbb2JKfnmEGQaRGsJwDotkxNA22pump,4om3WMYRrznTtQ56DLCfuAhDdMDvqNfEbRZ8nKCtz5RToP8y87wUEyg9fgv59rLSwbXC1Ybdfk9HiirMsG7ji5Nq,99.586
5.0,priced,-0.22415126482760073,51789428048.0,46988932656.0,6SB1n4,FuaR8Pz4aS81vUbb2JKfnmEGQaRGsJwDotkxNA22pump,4om3WMYRrznTtQ56DLCfuAhDdMDvqNfEbRZ8nKCtz5RToP8y87wUEyg9fgv59rLSwbXC1Ybdfk9HiirMsG7ji5Nq,99.586
10.0,priced,-0.22440271462701966,51797791983.0,46988932656.0,6SB1n4,FuaR8Pz4aS81vUbb2JKfnmEGQaRGsJwDotkxNA22pump,4om3WMYRrznTtQ56DLCfuAhDdMDvqNfEbRZ8nKCtz5RToP8y87wUEyg9fgv59rLSwbXC1Ybdfk9HiirMsG7ji5Nq,99.586
0.0,priced,-0.02214350982511294,46797328289.0,47653885463.0,6SB1n4,Tm61z1Yy4m3THeQapxbLHp1Gy5cLL4n4oSmMD61pump,4qQWgkYsYqttkLvA2w1zU8XyAhXxZCpcJMAwD5n6jUSTFHWT6CgLuoCDGUTrjx1XR2zsPy9tvVEGfhvnv1aGyBfo,131.439
0.5,priced,-0.02214350982511294,46797328289.0,47653885463.0,6SB1n4,Tm61z1Yy4m3THeQapxbLHp1Gy5cLL4n4oSmMD61pump,4qQWgkYsYqttkLvA2w1zU8XyAhXxZCpcJMAwD5n6jUSTFHWT6CgLuoCDGUTrjx1XR2zsPy9tvVEGfhvnv1aGyBfo,131.439
1.0,priced,-0.02821271645156491,46797328289.0,47506586233.0,6SB1n4,Tm61z1Yy4m3THeQapxbLHp1Gy5cLL4n4oSmMD61pump,4qQWgkYsYqttkLvA2w1zU8XyAhXxZCpcJMAwD5n6jUSTFHWT6CgLuoCDGUTrjx1XR2zsPy9tvVEGfhvnv1aGyBfo,131.439
2.0,priced,-0.02821271645156491,46797328289.0,47506586233.0,6SB1n4,Tm61z1Yy4m3THeQapxbLHp1Gy5cLL4n4oSmMD61pump,4qQWgkYsYqttkLvA2w1zU8XyAhXxZCpcJMAwD5n6jUSTFHWT6CgLuoCDGUTrjx1XR2zsPy9tvVEGfhvnv1aGyBfo,131.439
3.0,priced,-0.02821271645156491,46797328289.0,47506586233.0,6SB1n4,Tm61z1Yy4m3THeQapxbLHp1Gy5cLL4n4oSmMD61pump,4qQWgkYsYqttkLvA2w1zU8XyAhXxZCpcJMAwD5n6jUSTFHWT6CgLuoCDGUTrjx1XR2zsPy9tvVEGfhvnv1aGyBfo,131.439
5.0,priced,-0.02821271645156491,46797328289.0,47506586233.0,6SB1n4,Tm61z1Yy4m3THeQapxbLHp1Gy5cLL4n4oSmMD61pump,4qQWgkYsYqttkLvA2w1zU8XyAhXxZCpcJMAwD5n6jUSTFHWT6CgLuoCDGUTrjx1XR2zsPy9tvVEGfhvnv1aGyBfo,131.439
10.0,priced,-0.036286877982877254,46992883844.0,47506586233.0,6SB1n4,Tm61z1Yy4m3THeQapxbLHp1Gy5cLL4n4oSmMD61pump,4qQWgkYsYqttkLvA2w1zU8XyAhXxZCpcJMAwD5n6jUSTFHWT6CgLuoCDGUTrjx1XR2zsPy9tvVEGfhvnv1aGyBfo,131.439
0.0,priced,-0.3305285107942139,64986404420.0,54759430095.0,6SB1n4,FuaR8Pz4aS81vUbb2JKfnmEGQaRGsJwDotkxNA22pump,2MYQyZDSgTrVEnGJxXQa27fbk1jnf1EoWqgFhfY2v89ynYCTfT75jgAuxYfETtoofwBrqhencCXaM1EoGB6R1ppd,21.269
0.5,priced,-0.3290728826235627,64977721246.0,54811020902.0,6SB1n4,FuaR8Pz4aS81vUbb2JKfnmEGQaRGsJwDotkxNA22pump,2MYQyZDSgTrVEnGJxXQa27fbk1jnf1EoWqgFhfY2v89ynYCTfT75jgAuxYfETtoofwBrqhencCXaM1EoGB6R1ppd,21.269
1.0,priced,-0.27197510356260135,62840176872.0,55202132012.0,6SB1n4,FuaR8Pz4aS81vUbb2JKfnmEGQaRGsJwDotkxNA22pump,2MYQyZDSgTrVEnGJxXQa27fbk1jnf1EoWqgFhfY2v89ynYCTfT75jgAuxYfETtoofwBrqhencCXaM1EoGB6R1ppd,21.269
2.0,priced,-0.27197510356260135,62840176872.0,55202132012.0,6SB1n4,FuaR8Pz4aS81vUbb2JKfnmEGQaRGsJwDotkxNA22pump,2MYQyZDSgTrVEnGJxXQa27fbk1jnf1EoWqgFhfY2v89ynYCTfT75jgAuxYfETtoofwBrqhencCXaM1EoGB6R1ppd,21.269
3.0,priced,-0.2662089667635944,62628645419.0,55232443122.0,6SB1n4,FuaR8Pz4aS81vUbb2JKfnmEGQaRGsJwDotkxNA22pump,2MYQyZDSgTrVEnGJxXQa27fbk1jnf1EoWqgFhfY2v89ynYCTfT75jgAuxYfETtoofwBrqhencCXaM1EoGB6R1ppd,21.269
5.0,priced,-0.28870646043721376,62534445147.0,54305500006.0,6SB1n4,FuaR8Pz4aS81vUbb2JKfnmEGQaRGsJwDotkxNA22pump,2MYQyZDSgTrVEnGJxXQa27fbk1jnf1EoWqgFhfY2v89ynYCTfT75jgAuxYfETtoofwBrqhencCXaM1EoGB6R1ppd,21.269
10.0,priced,-0.24572776724098086,61232961938.0,54747899315.0,6SB1n4,FuaR8Pz4aS81vUbb2JKfnmEGQaRGsJwDotkxNA22pump,2MYQyZDSgTrVEnGJxXQa27fbk1jnf1EoWqgFhfY2v89ynYCTfT75jgAuxYfETtoofwBrqhencCXaM1EoGB6R1ppd,21.269
0.0,priced,0.01411470721756351,53253566694.0,55183741419.0,6SB1n4,FuaR8Pz4aS81vUbb2JKfnmEGQaRGsJwDotkxNA22pump,3hbLY6157i7GAWFJPAXSZVBzJ7xp6NyvMdUFK5NXjWt4AHKpcG9qJSmdsjZjCemtdVaXr53wDSmrB58zbVPcYmPR,4.038
0.5,priced,0.01411470721756351,53253566694.0,55183741419.0,6SB1n4,FuaR8Pz4aS81vUbb2JKfnmEGQaRGsJwDotkxNA22pump,3hbLY6157i7GAWFJPAXSZVBzJ7xp6NyvMdUFK5NXjWt4AHKpcG9qJSmdsjZjCemtdVaXr53wDSmrB58zbVPcYmPR,4.038
1.0,priced,0.01411470721756351,53253566694.0,55183741419.0,6SB1n4,FuaR8Pz4aS81vUbb2JKfnmEGQaRGsJwDotkxNA22pump,3hbLY6157i7GAWFJPAXSZVBzJ7xp6NyvMdUFK5NXjWt4AHKpcG9qJSmdsjZjCemtdVaXr53wDSmrB58zbVPcYmPR,4.038
2.0,priced,0.008546908562299133,53400233360.0,55183741419.0,6SB1n4,FuaR8Pz4aS81vUbb2JKfnmEGQaRGsJwDotkxNA22pump,3hbLY6157i7GAWFJPAXSZVBzJ7xp6NyvMdUFK5NXjWt4AHKpcG9qJSmdsjZjCemtdVaXr53wDSmrB58zbVPcYmPR,4.038
3.0,priced,-0.12266492631688047,56333566693.0,54306999029.0,6SB1n4,FuaR8Pz4aS81vUbb2JKfnmEGQaRGsJwDotkxNA22pump,3hbLY6157i7GAWFJPAXSZVBzJ7xp6NyvMdUFK5NXjWt4AHKpcG9qJSmdsjZjCemtdVaXr53wDSmrB58zbVPcYmPR,4.038
5.0,priced,-0.10282564522166443,55708837050.0,54306999029.0,6SB1n4,FuaR8Pz4aS81vUbb2JKfnmEGQaRGsJwDotkxNA22pump,3hbLY6157i7GAWFJPAXSZVBzJ7xp6NyvMdUFK5NXjWt4AHKpcG9qJSmdsjZjCemtdVaXr53wDSmrB58zbVPcYmPR,4.038
10.0,priced,-0.10314441877146185,55718712604.0,54306999029.0,6SB1n4,FuaR8Pz4aS81vUbb2JKfnmEGQaRGsJwDotkxNA22pump,3hbLY6157i7GAWFJPAXSZVBzJ7xp6NyvMdUFK5NXjWt4AHKpcG9qJSmdsjZjCemtdVaXr53wDSmrB58zbVPcYmPR,4.038
0.0,priced,-0.0477832444308362,55933577456.0,56162043749.0,6SB1n4,9TZcQmErhRTEgtDFhY6Ljomsp8KZZvsjJe9fu2Papump,2QB8m9fJDb3vDvCPj9WZHJ3GLJJoC1LSdNJc2pWpzzzzcEokYhHhutVkDaHgjYz7WLWK3kRzrYrPjjY57bJ59qWK,112.706
0.5,priced,-0.0477832444308362,55933577456.0,56162043749.0,6SB1n4,9TZcQmErhRTEgtDFhY6Ljomsp8KZZvsjJe9fu2Papump,2QB8m9fJDb3vDvCPj9WZHJ3GLJJoC1LSdNJc2pWpzzzzcEokYhHhutVkDaHgjYz7WLWK3kRzrYrPjjY57bJ59qWK,112.706
1.0,priced,-0.0477832444308362,55933577456.0,56162043749.0,6SB1n4,9TZcQmErhRTEgtDFhY6Ljomsp8KZZvsjJe9fu2Papump,2QB8m9fJDb3vDvCPj9WZHJ3GLJJoC1LSdNJc2pWpzzzzcEokYhHhutVkDaHgjYz7WLWK3kRzrYrPjjY57bJ59qWK,112.706
2.0,priced,-0.0477832444308362,55933577456.0,56162043749.0,6SB1n4,9TZcQmErhRTEgtDFhY6Ljomsp8KZZvsjJe9fu2Papump,2QB8m9fJDb3vDvCPj9WZHJ3GLJJoC1LSdNJc2pWpzzzzcEokYhHhutVkDaHgjYz7WLWK3kRzrYrPjjY57bJ59qWK,112.706
3.0,priced,-0.0477832444308362,55933577456.0,56162043749.0,6SB1n4,9TZcQmErhRTEgtDFhY6Ljomsp8KZZvsjJe9fu2Papump,2QB8m9fJDb3vDvCPj9WZHJ3GLJJoC1LSdNJc2pWpzzzzcEokYhHhutVkDaHgjYz7WLWK3kRzrYrPjjY57bJ59qWK,112.706
5.0,priced,-0.04046862668815982,55720350207.0,56162043749.0,6SB1n4,9TZcQmErhRTEgtDFhY6Ljomsp8KZZvsjJe9fu2Papump,2QB8m9fJDb3vDvCPj9WZHJ3GLJJoC1LSdNJc2pWpzzzzcEokYhHhutVkDaHgjYz7WLWK3kRzrYrPjjY57bJ59qWK,112.706
10.0,priced,-0.031301896285351634,55456516697.0,56162043749.0,6SB1n4,9TZcQmErhRTEgtDFhY6Ljomsp8KZZvsjJe9fu2Papump,2QB8m9fJDb3vDvCPj9WZHJ3GLJJoC1LSdNJc2pWpzzzzcEokYhHhutVkDaHgjYz7WLWK3kRzrYrPjjY57bJ59qWK,112.706
0.0,priced,-0.17942148229474306,37843938494.0,35363387118.0,6SB1n4,Tm61z1Yy4m3THeQapxbLHp1Gy5cLL4n4oSmMD61pump,WzTtbDeBHhcxcsu8CAw2gAzGW4drDjEeMK5MshzjsZwvLxnvzrKmU875A4ynuyZnez3oCgzeuQFLEvmsWbBtjmF,3.981
0.5,priced,-0.18364760794369508,37941716271.0,35363387118.0,6SB1n4,Tm61z1Yy4m3THeQapxbLHp1Gy5cLL4n4oSmMD61pump,WzTtbDeBHhcxcsu8CAw2gAzGW4drDjEeMK5MshzjsZwvLxnvzrKmU875A4ynuyZnez3oCgzeuQFLEvmsWbBtjmF,3.981
1.0,priced,-0.16520544693274236,37520433848.0,35363387118.0,6SB1n4,Tm61z1Yy4m3THeQapxbLHp1Gy5cLL4n4oSmMD61pump,WzTtbDeBHhcxcsu8CAw2gAzGW4drDjEeMK5MshzjsZwvLxnvzrKmU875A4ynuyZnez3oCgzeuQFLEvmsWbBtjmF,3.981
2.0,priced,-0.1580790632794776,36865990458.0,34897510400.0,6SB1n4,Tm61z1Yy4m3THeQapxbLHp1Gy5cLL4n4oSmMD61pump,WzTtbDeBHhcxcsu8CAw2gAzGW4drDjEeMK5MshzjsZwvLxnvzrKmU875A4ynuyZnez3oCgzeuQFLEvmsWbBtjmF,3.981
3.0,priced,-0.1580790632794776,36865990458.0,34897510400.0,6SB1n4,Tm61z1Yy4m3THeQapxbLHp1Gy5cLL4n4oSmMD61pump,WzTtbDeBHhcxcsu8CAw2gAzGW4drDjEeMK5MshzjsZwvLxnvzrKmU875A4ynuyZnez3oCgzeuQFLEvmsWbBtjmF,3.981
5.0,priced,-0.16042519073627629,36869144741.0,34852124093.0,6SB1n4,Tm61z1Yy4m3THeQapxbLHp1Gy5cLL4n4oSmMD61pump,WzTtbDeBHhcxcsu8CAw2gAzGW4drDjEeMK5MshzjsZwvLxnvzrKmU875A4ynuyZnez3oCgzeuQFLEvmsWbBtjmF,3.981
10.0,priced,-0.1600027868332095,35865847901.0,33918263800.0,6SB1n4,Tm61z1Yy4m3THeQapxbLHp1Gy5cLL4n4oSmMD61pump,WzTtbDeBHhcxcsu8CAw2gAzGW4drDjEeMK5MshzjsZwvLxnvzrKmU875A4ynuyZnez3oCgzeuQFLEvmsWbBtjmF,3.981
0.0,priced,-0.173182715490304,33629811015.0,31568496812.0,6SB1n4,8kTBrbd8uFqhZLQcLjzrNymQQ4qqrdh3sUJVHBDVpump,2L5iAwdBqjdfEV9zCNfR7jSkuVbwsDYtNEoT21gb9rwrzD6zXoKA7ekdnwUUvMUo6SQMGLcx5sbyUvXMEVBtHgTz,294.435
0.5,priced,-0.17261820442174997,33618327642.0,31568496812.0,6SB1n4,8kTBrbd8uFqhZLQcLjzrNymQQ4qqrdh3sUJVHBDVpump,2L5iAwdBqjdfEV9zCNfR7jSkuVbwsDYtNEoT21gb9rwrzD6zXoKA7ekdnwUUvMUo6SQMGLcx5sbyUvXMEVBtHgTz,294.435
1.0,priced,-0.17261820442174997,33618327642.0,31568496812.0,6SB1n4,8kTBrbd8uFqhZLQcLjzrNymQQ4qqrdh3sUJVHBDVpump,2L5iAwdBqjdfEV9zCNfR7jSkuVbwsDYtNEoT21gb9rwrzD6zXoKA7ekdnwUUvMUo6SQMGLcx5sbyUvXMEVBtHgTz,294.435
2.0,priced,-0.17261820442174997,33618327642.0,31568496812.0,6SB1n4,8kTBrbd8uFqhZLQcLjzrNymQQ4qqrdh3sUJVHBDVpump,2L5iAwdBqjdfEV9zCNfR7jSkuVbwsDYtNEoT21gb9rwrzD6zXoKA7ekdnwUUvMUo6SQMGLcx5sbyUvXMEVBtHgTz,294.435
3.0,priced,-0.17261820442174997,33618327642.0,31568496812.0,6SB1n4,8kTBrbd8uFqhZLQcLjzrNymQQ4qqrdh3sUJVHBDVpump,2L5iAwdBqjdfEV9zCNfR7jSkuVbwsDYtNEoT21gb9rwrzD6zXoKA7ekdnwUUvMUo6SQMGLcx5sbyUvXMEVBtHgTz,294.435
5.0,priced,-0.17261820442174997,33618327642.0,31568496812.0,6SB1n4,8kTBrbd8uFqhZLQcLjzrNymQQ4qqrdh3sUJVHBDVpump,2L5iAwdBqjdfEV9zCNfR7jSkuVbwsDYtNEoT21gb9rwrzD6zXoKA7ekdnwUUvMUo6SQMGLcx5sbyUvXMEVBtHgTz,294.435
10.0,priced,-0.17215627059673955,33608939548.0,31568496812.0,6SB1n4,8kTBrbd8uFqhZLQcLjzrNymQQ4qqrdh3sUJVHBDVpump,2L5iAwdBqjdfEV9zCNfR7jSkuVbwsDYtNEoT21gb9rwrzD6zXoKA7ekdnwUUvMUo6SQMGLcx5sbyUvXMEVBtHgTz,294.435
0.0,priced,0.1494399039625232,65931932439.0,72647750765.0,6SB1n4,CaMXT8h56YcN639gsagenXyXY3gjGNXTAoJL3qZm4jkR,6Knes7um8Fcr71WcEnyJ1ZD49TTfiVWexGjbVcn7rXZnPDAcWfw9BwuiBvYM4uqZaWWgoYXB3wHDZ1MwZrJrXim,32.131
0.5,priced,0.1494399039625232,65931932439.0,72647750765.0,6SB1n4,CaMXT8h56YcN639gsagenXyXY3gjGNXTAoJL3qZm4jkR,6Knes7um8Fcr71WcEnyJ1ZD49TTfiVWexGjbVcn7rXZnPDAcWfw9BwuiBvYM4uqZaWWgoYXB3wHDZ1MwZrJrXim,32.131
1.0,priced,0.14943993534884142,65931932439.0,72647751752.0,6SB1n4,CaMXT8h56YcN639gsagenXyXY3gjGNXTAoJL3qZm4jkR,6Knes7um8Fcr71WcEnyJ1ZD49TTfiVWexGjbVcn7rXZnPDAcWfw9BwuiBvYM4uqZaWWgoYXB3wHDZ1MwZrJrXim,32.131
2.0,priced,0.14943993534884142,65931932439.0,72647751752.0,6SB1n4,CaMXT8h56YcN639gsagenXyXY3gjGNXTAoJL3qZm4jkR,6Knes7um8Fcr71WcEnyJ1ZD49TTfiVWexGjbVcn7rXZnPDAcWfw9BwuiBvYM4uqZaWWgoYXB3wHDZ1MwZrJrXim,32.131
3.0,priced,0.14943993534884142,65931932439.0,72647751752.0,6SB1n4,CaMXT8h56YcN639gsagenXyXY3gjGNXTAoJL3qZm4jkR,6Knes7um8Fcr71WcEnyJ1ZD49TTfiVWexGjbVcn7rXZnPDAcWfw9BwuiBvYM4uqZaWWgoYXB3wHDZ1MwZrJrXim,32.131
5.0,priced,0.14943993534884142,65931932439.0,72647751752.0,6SB1n4,CaMXT8h56YcN639gsagenXyXY3gjGNXTAoJL3qZm4jkR,6Knes7um8Fcr71WcEnyJ1ZD49TTfiVWexGjbVcn7rXZnPDAcWfw9BwuiBvYM4uqZaWWgoYXB3wHDZ1MwZrJrXim,32.131
10.0,priced,0.14943993534884142,65931932439.0,72647751752.0,6SB1n4,CaMXT8h56YcN639gsagenXyXY3gjGNXTAoJL3qZm4jkR,6Knes7um8Fcr71WcEnyJ1ZD49TTfiVWexGjbVcn7rXZnPDAcWfw9BwuiBvYM4uqZaWWgoYXB3wHDZ1MwZrJrXim,32.131
0.0,priced,-0.4112422623714326,40857664692.0,32372922009.0,6SB1n4,6cZ9bbVEGSj2T1e41r2yecqvp6KiDb61RcRXjkqhpump,2SGbuvHBJvRBuSd2oe9CGMCMt9AGEdwQkSYtGnPmiSw1yBMk7xRCMXLzypMsBN2qgerSzDXgpwtWsWaKjRRiGuWy,16.972
0.5,priced,-0.4112422623714326,40857664692.0,32372922009.0,6SB1n4,6cZ9bbVEGSj2T1e41r2yecqvp6KiDb61RcRXjkqhpump,2SGbuvHBJvRBuSd2oe9CGMCMt9AGEdwQkSYtGnPmiSw1yBMk7xRCMXLzypMsBN2qgerSzDXgpwtWsWaKjRRiGuWy,16.972
1.0,priced,-0.42939772547076904,40857664692.0,31875517897.0,6SB1n4,6cZ9bbVEGSj2T1e41r2yecqvp6KiDb61RcRXjkqhpump,2SGbuvHBJvRBuSd2oe9CGMCMt9AGEdwQkSYtGnPmiSw1yBMk7xRCMXLzypMsBN2qgerSzDXgpwtWsWaKjRRiGuWy,16.972
2.0,priced,-0.4276256492013016,40857664692.0,31924406273.0,6SB1n4,6cZ9bbVEGSj2T1e41r2yecqvp6KiDb61RcRXjkqhpump,2SGbuvHBJvRBuSd2oe9CGMCMt9AGEdwQkSYtGnPmiSw1yBMk7xRCMXLzypMsBN2qgerSzDXgpwtWsWaKjRRiGuWy,16.972
3.0,priced,-0.4276256492013016,40857664692.0,31924406273.0,6SB1n4,6cZ9bbVEGSj2T1e41r2yecqvp6KiDb61RcRXjkqhpump,2SGbuvHBJvRBuSd2oe9CGMCMt9AGEdwQkSYtGnPmiSw1yBMk7xRCMXLzypMsBN2qgerSzDXgpwtWsWaKjRRiGuWy,16.972
5.0,priced,-0.4276256492013016,40857664692.0,31924406273.0,6SB1n4,6cZ9bbVEGSj2T1e41r2yecqvp6KiDb61RcRXjkqhpump,2SGbuvHBJvRBuSd2oe9CGMCMt9AGEdwQkSYtGnPmiSw1yBMk7xRCMXLzypMsBN2qgerSzDXgpwtWsWaKjRRiGuWy,16.972
10.0,priced,-0.43289101098098326,40857664692.0,31778925746.0,6SB1n4,6cZ9bbVEGSj2T1e41r2yecqvp6KiDb61RcRXjkqhpump,2SGbuvHBJvRBuSd2oe9CGMCMt9AGEdwQkSYtGnPmiSw1yBMk7xRCMXLzypMsBN2qgerSzDXgpwtWsWaKjRRiGuWy,16.972
0.0,priced,-0.187244061425022,45377497176.0,42158529713.0,6SB1n4,8kTBrbd8uFqhZLQcLjzrNymQQ4qqrdh3sUJVHBDVpump,2WwdG9YSmvzCwNkCGKNjQiW4tjRopsHhTvL1nomJryfr4KVrmnCTRqoUbmJFRP3C3n4d2q9AugTvZp8gV5EzkRQG,22.003
0.5,priced,-0.26235622360917427,45377497176.0,40178478003.0,6SB1n4,8kTBrbd8uFqhZLQcLjzrNymQQ4qqrdh3sUJVHBDVpump,2WwdG9YSmvzCwNkCGKNjQiW4tjRopsHhTvL1nomJryfr4KVrmnCTRqoUbmJFRP3C3n4d2q9AugTvZp8gV5EzkRQG,22.003
1.0,priced,-0.2941586441597284,45067826015.0,39043380734.0,6SB1n4,8kTBrbd8uFqhZLQcLjzrNymQQ4qqrdh3sUJVHBDVpump,2WwdG9YSmvzCwNkCGKNjQiW4tjRopsHhTvL1nomJryfr4KVrmnCTRqoUbmJFRP3C3n4d2q9AugTvZp8gV5EzkRQG,22.003
2.0,priced,-0.35615610872966375,45404023910.0,37582455516.0,6SB1n4,8kTBrbd8uFqhZLQcLjzrNymQQ4qqrdh3sUJVHBDVpump,2WwdG9YSmvzCwNkCGKNjQiW4tjRopsHhTvL1nomJryfr4KVrmnCTRqoUbmJFRP3C3n4d2q9AugTvZp8gV5EzkRQG,22.003
3.0,priced,-0.3772000143282819,46848723669.0,38140101762.0,6SB1n4,8kTBrbd8uFqhZLQcLjzrNymQQ4qqrdh3sUJVHBDVpump,2WwdG9YSmvzCwNkCGKNjQiW4tjRopsHhTvL1nomJryfr4KVrmnCTRqoUbmJFRP3C3n4d2q9AugTvZp8gV5EzkRQG,22.003
5.0,priced,-0.3618162525512629,46848723669.0,38603364120.0,6SB1n4,8kTBrbd8uFqhZLQcLjzrNymQQ4qqrdh3sUJVHBDVpump,2WwdG9YSmvzCwNkCGKNjQiW4tjRopsHhTvL1nomJryfr4KVrmnCTRqoUbmJFRP3C3n4d2q9AugTvZp8gV5EzkRQG,22.003
10.0,priced,-0.3548127305037922,46704299402.0,38693364121.0,6SB1n4,8kTBrbd8uFqhZLQcLjzrNymQQ4qqrdh3sUJVHBDVpump,2WwdG9YSmvzCwNkCGKNjQiW4tjRopsHhTvL1nomJryfr4KVrmnCTRqoUbmJFRP3C3n4d2q9AugTvZp8gV5EzkRQG,22.003
0.0,priced,-0.2581760256839386,60414506601.0,53575198650.0,6SB1n4,8kTBrbd8uFqhZLQcLjzrNymQQ4qqrdh3sUJVHBDVpump,475EMzftHngs989bnt3BC7yCFXXiUwZg7iuwZxQWuAMCWTS6KNzbSCMYVCvWqa3777Uj55B2B6K5VXiMssKAYxmn,51.081
0.5,priced,-0.38217329263372746,60414506601.0,48937756579.0,6SB1n4,8kTBrbd8uFqhZLQcLjzrNymQQ4qqrdh3sUJVHBDVpump,475EMzftHngs989bnt3BC7yCFXXiUwZg7iuwZxQWuAMCWTS6KNzbSCMYVCvWqa3777Uj55B2B6K5VXiMssKAYxmn,51.081
1.0,priced,-0.36259206953292966,60414506601.0,49698716591.0,6SB1n4,8kTBrbd8uFqhZLQcLjzrNymQQ4qqrdh3sUJVHBDVpump,475EMzftHngs989bnt3BC7yCFXXiUwZg7iuwZxQWuAMCWTS6KNzbSCMYVCvWqa3777Uj55B2B6K5VXiMssKAYxmn,51.081
2.0,priced,-0.4293730825263684,60414506601.0,47053187034.0,6SB1n4,8kTBrbd8uFqhZLQcLjzrNymQQ4qqrdh3sUJVHBDVpump,475EMzftHngs989bnt3BC7yCFXXiUwZg7iuwZxQWuAMCWTS6KNzbSCMYVCvWqa3777Uj55B2B6K5VXiMssKAYxmn,51.081
3.0,priced,-0.445371609938136,60833434127.0,46717703489.0,6SB1n4,8kTBrbd8uFqhZLQcLjzrNymQQ4qqrdh3sUJVHBDVpump,475EMzftHngs989bnt3BC7yCFXXiUwZg7iuwZxQWuAMCWTS6KNzbSCMYVCvWqa3777Uj55B2B6K5VXiMssKAYxmn,51.081
5.0,priced,-0.44837130732477604,60635758419.0,46441940385.0,6SB1n4,8kTBrbd8uFqhZLQcLjzrNymQQ4qqrdh3sUJVHBDVpump,475EMzftHngs989bnt3BC7yCFXXiUwZg7iuwZxQWuAMCWTS6KNzbSCMYVCvWqa3777Uj55B2B6K5VXiMssKAYxmn,51.081
10.0,priced,-0.5004385473786853,62257209329.0,45404023910.0,6SB1n4,8kTBrbd8uFqhZLQcLjzrNymQQ4qqrdh3sUJVHBDVpump,475EMzftHngs989bnt3BC7yCFXXiUwZg7iuwZxQWuAMCWTS6KNzbSCMYVCvWqa3777Uj55B2B6K5VXiMssKAYxmn,51.081
0.0,priced,1.4362483894257407,43104814512.0,69259685051.0,6SB1n4,8kTBrbd8uFqhZLQcLjzrNymQQ4qqrdh3sUJVHBDVpump,2dUiZByqyJBACf1HBUNgq8B3mD1TdR5jkT3KyKBrHecCjJ8TiwEyGj2qaT2Eb3LrTysUvGacsaBhrAyJdchmzYdR,113.094
0.5,priced,1.4362566871887117,43104740472.0,69259685051.0,6SB1n4,8kTBrbd8uFqhZLQcLjzrNymQQ4qqrdh3sUJVHBDVpump,2dUiZByqyJBACf1HBUNgq8B3mD1TdR5jkT3KyKBrHecCjJ8TiwEyGj2qaT2Eb3LrTysUvGacsaBhrAyJdchmzYdR,113.094
1.0,priced,1.1954909489152288,45425505472.0,69259685051.0,6SB1n4,8kTBrbd8uFqhZLQcLjzrNymQQ4qqrdh3sUJVHBDVpump,2dUiZByqyJBACf1HBUNgq8B3mD1TdR5jkT3KyKBrHecCjJ8TiwEyGj2qaT2Eb3LrTysUvGacsaBhrAyJdchmzYdR,113.094
2.0,priced,1.1488500382753344,45919332631.0,69259685051.0,6SB1n4,8kTBrbd8uFqhZLQcLjzrNymQQ4qqrdh3sUJVHBDVpump,2dUiZByqyJBACf1HBUNgq8B3mD1TdR5jkT3KyKBrHecCjJ8TiwEyGj2qaT2Eb3LrTysUvGacsaBhrAyJdchmzYdR,113.094
3.0,priced,1.1396992172637652,46018098062.0,69259685051.0,6SB1n4,8kTBrbd8uFqhZLQcLjzrNymQQ4qqrdh3sUJVHBDVpump,2dUiZByqyJBACf1HBUNgq8B3mD1TdR5jkT3KyKBrHecCjJ8TiwEyGj2qaT2Eb3LrTysUvGacsaBhrAyJdchmzYdR,113.094
5.0,priced,1.0824948056212245,46506986950.0,69048589713.0,6SB1n4,8kTBrbd8uFqhZLQcLjzrNymQQ4qqrdh3sUJVHBDVpump,2dUiZByqyJBACf1HBUNgq8B3mD1TdR5jkT3KyKBrHecCjJ8TiwEyGj2qaT2Eb3LrTysUvGacsaBhrAyJdchmzYdR,113.094
10.0,priced,1.1332963587678906,45917177557.0,69005295882.0,6SB1n4,8kTBrbd8uFqhZLQcLjzrNymQQ4qqrdh3sUJVHBDVpump,2dUiZByqyJBACf1HBUNgq8B3mD1TdR5jkT3KyKBrHecCjJ8TiwEyGj2qaT2Eb3LrTysUvGacsaBhrAyJdchmzYdR,113.094
0.0,priced,-0.1374058009420947,94786210636.0,90455436574.0,6SB1n4,DZ4hBjxbSJrCNB2SVi96UrRNHPaaHKSrxsMP9HE698ro,3JsKsPmaSfJtyoA2BhC2D4CQTjq5qNM6EptmHAypyW8LYojWXxXh6vhMAzVakJ3cKjqwAXZkfMdjxyXGAkWMGs1F,48.935
0.5,priced,-0.09783588299121701,92705036248.0,90465214351.0,6SB1n4,DZ4hBjxbSJrCNB2SVi96UrRNHPaaHKSrxsMP9HE698ro,3JsKsPmaSfJtyoA2BhC2D4CQTjq5qNM6EptmHAypyW8LYojWXxXh6vhMAzVakJ3cKjqwAXZkfMdjxyXGAkWMGs1F,48.935
1.0,priced,-0.09866851231112181,92767735742.0,90484769905.0,6SB1n4,DZ4hBjxbSJrCNB2SVi96UrRNHPaaHKSrxsMP9HE698ro,3JsKsPmaSfJtyoA2BhC2D4CQTjq5qNM6EptmHAypyW8LYojWXxXh6vhMAzVakJ3cKjqwAXZkfMdjxyXGAkWMGs1F,48.935
2.0,priced,-0.09230304919354737,92453492923.0,90494547682.0,6SB1n4,DZ4hBjxbSJrCNB2SVi96UrRNHPaaHKSrxsMP9HE698ro,3JsKsPmaSfJtyoA2BhC2D4CQTjq5qNM6EptmHAypyW8LYojWXxXh6vhMAzVakJ3cKjqwAXZkfMdjxyXGAkWMGs1F,48.935
3.0,priced,-0.08644897533687257,92178188375.0,90514103236.0,6SB1n4,DZ4hBjxbSJrCNB2SVi96UrRNHPaaHKSrxsMP9HE698ro,3JsKsPmaSfJtyoA2BhC2D4CQTjq5qNM6EptmHAypyW8LYojWXxXh6vhMAzVakJ3cKjqwAXZkfMdjxyXGAkWMGs1F,48.935
5.0,priced,-0.0926961088494116,92366917838.0,90390597113.0,6SB1n4,DZ4hBjxbSJrCNB2SVi96UrRNHPaaHKSrxsMP9HE698ro,3JsKsPmaSfJtyoA2BhC2D4CQTjq5qNM6EptmHAypyW8LYojWXxXh6vhMAzVakJ3cKjqwAXZkfMdjxyXGAkWMGs1F,48.935
10.0,priced,-0.13352884446423222,91481679549.0,87504264333.0,6SB1n4,DZ4hBjxbSJrCNB2SVi96UrRNHPaaHKSrxsMP9HE698ro,3JsKsPmaSfJtyoA2BhC2D4CQTjq5qNM6EptmHAypyW8LYojWXxXh6vhMAzVakJ3cKjqwAXZkfMdjxyXGAkWMGs1F,48.935
0.0,priced,0.39953845979851554,58507820452.0,71143887301.0,6SB1n4,DZ4hBjxbSJrCNB2SVi96UrRNHPaaHKSrxsMP9HE698ro,wT1hVp874pRYjXuAogw6mQ5AmZU9YDzPCBy7V8VZsn4ryHJYn45NTA7wKLGmB88pMq3y6UuyqNJidSg6sTmJdnP,55.246
0.5,priced,0.37164989543314575,59100413044.0,71143887301.0,6SB1n4,DZ4hBjxbSJrCNB2SVi96UrRNHPaaHKSrxsMP9HE698ro,wT1hVp874pRYjXuAogw6mQ5AmZU9YDzPCBy7V8VZsn4ryHJYn45NTA7wKLGmB88pMq3y6UuyqNJidSg6sTmJdnP,55.246
1.0,priced,0.40513929926392817,59100413044.0,72004331745.0,6SB1n4,DZ4hBjxbSJrCNB2SVi96UrRNHPaaHKSrxsMP9HE698ro,wT1hVp874pRYjXuAogw6mQ5AmZU9YDzPCBy7V8VZsn4ryHJYn45NTA7wKLGmB88pMq3y6UuyqNJidSg6sTmJdnP,55.246
2.0,priced,0.34660527382177375,60384653082.0,72018495399.0,6SB1n4,DZ4hBjxbSJrCNB2SVi96UrRNHPaaHKSrxsMP9HE698ro,wT1hVp874pRYjXuAogw6mQ5AmZU9YDzPCBy7V8VZsn4ryHJYn45NTA7wKLGmB88pMq3y6UuyqNJidSg6sTmJdnP,55.246
3.0,priced,0.42571477535400154,58911482696.0,72297162065.0,6SB1n4,DZ4hBjxbSJrCNB2SVi96UrRNHPaaHKSrxsMP9HE698ro,wT1hVp874pRYjXuAogw6mQ5AmZU9YDzPCBy7V8VZsn4ryHJYn45NTA7wKLGmB88pMq3y6UuyqNJidSg6sTmJdnP,55.246
5.0,priced,0.35092496403896595,60886791331.0,72730693379.0,6SB1n4,DZ4hBjxbSJrCNB2SVi96UrRNHPaaHKSrxsMP9HE698ro,wT1hVp874pRYjXuAogw6mQ5AmZU9YDzPCBy7V8VZsn4ryHJYn45NTA7wKLGmB88pMq3y6UuyqNJidSg6sTmJdnP,55.246
10.0,priced,0.3624950611632178,61440765724.0,73702028405.0,6SB1n4,DZ4hBjxbSJrCNB2SVi96UrRNHPaaHKSrxsMP9HE698ro,wT1hVp874pRYjXuAogw6mQ5AmZU9YDzPCBy7V8VZsn4ryHJYn45NTA7wKLGmB88pMq3y6UuyqNJidSg6sTmJdnP,55.246
0.0,priced,-0.006610431949775458,69618427342.0,71327176966.0,6SB1n4,CaMXT8h56YcN639gsagenXyXY3gjGNXTAoJL3qZm4jkR,5gwQPYwUXimsmXRUiparSD8B4Ymc8mcfSrcLMwFbURKpTz4m9Afm9NfQpXcZzrd1bd396rSxiRRx3HcbjdsGoSAU,23.417
0.5,priced,-0.006610431949775458,69618427342.0,71327176966.0,6SB1n4,CaMXT8h56YcN639gsagenXyXY3gjGNXTAoJL3qZm4jkR,5gwQPYwUXimsmXRUiparSD8B4Ymc8mcfSrcLMwFbURKpTz4m9Afm9NfQpXcZzrd1bd396rSxiRRx3HcbjdsGoSAU,23.417
1.0,priced,-0.006610431949775458,69618427342.0,71327176966.0,6SB1n4,CaMXT8h56YcN639gsagenXyXY3gjGNXTAoJL3qZm4jkR,5gwQPYwUXimsmXRUiparSD8B4Ymc8mcfSrcLMwFbURKpTz4m9Afm9NfQpXcZzrd1bd396rSxiRRx3HcbjdsGoSAU,23.417
2.0,priced,-0.006610431949775458,69618427342.0,71327176966.0,6SB1n4,CaMXT8h56YcN639gsagenXyXY3gjGNXTAoJL3qZm4jkR,5gwQPYwUXimsmXRUiparSD8B4Ymc8mcfSrcLMwFbURKpTz4m9Afm9NfQpXcZzrd1bd396rSxiRRx3HcbjdsGoSAU,23.417
3.0,priced,-0.006610431949775458,69618427342.0,71327176966.0,6SB1n4,CaMXT8h56YcN639gsagenXyXY3gjGNXTAoJL3qZm4jkR,5gwQPYwUXimsmXRUiparSD8B4Ymc8mcfSrcLMwFbURKpTz4m9Afm9NfQpXcZzrd1bd396rSxiRRx3HcbjdsGoSAU,23.417
5.0,priced,-0.006610431949775458,69618427342.0,71327176966.0,6SB1n4,CaMXT8h56YcN639gsagenXyXY3gjGNXTAoJL3qZm4jkR,5gwQPYwUXimsmXRUiparSD8B4Ymc8mcfSrcLMwFbURKpTz4m9Afm9NfQpXcZzrd1bd396rSxiRRx3HcbjdsGoSAU,23.417
10.0,priced,-0.006610431949775458,69618427342.0,71327176966.0,6SB1n4,CaMXT8h56YcN639gsagenXyXY3gjGNXTAoJL3qZm4jkR,5gwQPYwUXimsmXRUiparSD8B4Ymc8mcfSrcLMwFbURKpTz4m9Afm9NfQpXcZzrd1bd396rSxiRRx3HcbjdsGoSAU,23.417
0.0,priced,-0.027028701941462396,77975092978.0,79038955672.0,6SB1n4,F458Huat36hKjLPc7dmL4uEixBAgX7fUjxWwnUEkpump,3Agea97wFToCiunNV5hwc6PwrFaSX412FADBGmyVgWopxDWWchWKcNg8DSp8j41E93wa7FBZKw6hm65RKeakGt55,2420.956
0.5,priced,-0.027028701941462396,77975092978.0,79038955672.0,6SB1n4,F458Huat36hKjLPc7dmL4uEixBAgX7fUjxWwnUEkpump,3Agea97wFToCiunNV5hwc6PwrFaSX412FADBGmyVgWopxDWWchWKcNg8DSp8j41E93wa7FBZKw6hm65RKeakGt55,2420.956
1.0,priced,-0.031907585099866985,78170648533.0,79038955672.0,6SB1n4,F458Huat36hKjLPc7dmL4uEixBAgX7fUjxWwnUEkpump,3Agea97wFToCiunNV5hwc6PwrFaSX412FADBGmyVgWopxDWWchWKcNg8DSp8j41E93wa7FBZKw6hm65RKeakGt55,2420.956
2.0,priced,-0.031907585099866985,78170648533.0,79038955672.0,6SB1n4,F458Huat36hKjLPc7dmL4uEixBAgX7fUjxWwnUEkpump,3Agea97wFToCiunNV5hwc6PwrFaSX412FADBGmyVgWopxDWWchWKcNg8DSp8j41E93wa7FBZKw6hm65RKeakGt55,2420.956
3.0,priced,-0.03190753642077148,78170648533.0,79038957646.0,6SB1n4,F458Huat36hKjLPc7dmL4uEixBAgX7fUjxWwnUEkpump,3Agea97wFToCiunNV5hwc6PwrFaSX412FADBGmyVgWopxDWWchWKcNg8DSp8j41E93wa7FBZKw6hm65RKeakGt55,2420.956
5.0,priced,-0.024437905766862868,77871841919.0,79038957646.0,6SB1n4,F458Huat36hKjLPc7dmL4uEixBAgX7fUjxWwnUEkpump,3Agea97wFToCiunNV5hwc6PwrFaSX412FADBGmyVgWopxDWWchWKcNg8DSp8j41E93wa7FBZKw6hm65RKeakGt55,2420.956
10.0,priced,-0.01741972960999763,77594176689.0,79038957646.0,6SB1n4,F458Huat36hKjLPc7dmL4uEixBAgX7fUjxWwnUEkpump,3Agea97wFToCiunNV5hwc6PwrFaSX412FADBGmyVgWopxDWWchWKcNg8DSp8j41E93wa7FBZKw6hm65RKeakGt55,2420.956
0.0,priced,-0.05094387933117986,55519339879.0,55655901536.0,6SB1n4,Bx4TD84C99mjr6e6m8keqHGPVpturprYSvciWssuefXi,271B8V99QdnGtN61FS5fYA6ucr6Pes2RyLiRMeDDC3QWqyZYVvnribJdN7Sq4Ux9e1NdXntf1hDGxpoziuDmYcxF,5.767
0.5,priced,-0.05094387933117986,55519339879.0,55655901536.0,6SB1n4,Bx4TD84C99mjr6e6m8keqHGPVpturprYSvciWssuefXi,271B8V99QdnGtN61FS5fYA6ucr6Pes2RyLiRMeDDC3QWqyZYVvnribJdN7Sq4Ux9e1NdXntf1hDGxpoziuDmYcxF,5.767
1.0,priced,-0.05108363688513303,55523420859.0,55655901536.0,6SB1n4,Bx4TD84C99mjr6e6m8keqHGPVpturprYSvciWssuefXi,271B8V99QdnGtN61FS5fYA6ucr6Pes2RyLiRMeDDC3QWqyZYVvnribJdN7Sq4Ux9e1NdXntf1hDGxpoziuDmYcxF,5.767
2.0,priced,0.01936481021778679,53572964929.0,55655901536.0,6SB1n4,Bx4TD84C99mjr6e6m8keqHGPVpturprYSvciWssuefXi,271B8V99QdnGtN61FS5fYA6ucr6Pes2RyLiRMeDDC3QWqyZYVvnribJdN7Sq4Ux9e1NdXntf1hDGxpoziuDmYcxF,5.767
3.0,priced,0.01928550003931761,53575047429.0,55655901536.0,6SB1n4,Bx4TD84C99mjr6e6m8keqHGPVpturprYSvciWssuefXi,271B8V99QdnGtN61FS5fYA6ucr6Pes2RyLiRMeDDC3QWqyZYVvnribJdN7Sq4Ux9e1NdXntf1hDGxpoziuDmYcxF,5.767
5.0,priced,0.013573725477940678,53725661328.0,55655901536.0,6SB1n4,Bx4TD84C99mjr6e6m8keqHGPVpturprYSvciWssuefXi,271B8V99QdnGtN61FS5fYA6ucr6Pes2RyLiRMeDDC3QWqyZYVvnribJdN7Sq4Ux9e1NdXntf1hDGxpoziuDmYcxF,5.767
10.0,priced,-0.0987658750214703,55651219790.0,54372857627.0,6SB1n4,Bx4TD84C99mjr6e6m8keqHGPVpturprYSvciWssuefXi,271B8V99QdnGtN61FS5fYA6ucr6Pes2RyLiRMeDDC3QWqyZYVvnribJdN7Sq4Ux9e1NdXntf1hDGxpoziuDmYcxF,5.767
0.0,priced,0.1628019589150903,89646489347.0,99245178414.0,6SB1n4,AYRTq6bfnNzWMY5ACWTRUtMCwV8PAhux3wm84q5mpump,5REp9M6zeePfYDYUG1SAYt8tV4DSvvoDYQXVEfNqCs1kgnchfZQF54hfCuJwyaKrfjgNJAuFbBHxQGcNcvnBswPe,7.915
0.5,priced,0.1628019589150903,89646489347.0,99245178414.0,6SB1n4,AYRTq6bfnNzWMY5ACWTRUtMCwV8PAhux3wm84q5mpump,5REp9M6zeePfYDYUG1SAYt8tV4DSvvoDYQXVEfNqCs1kgnchfZQF54hfCuJwyaKrfjgNJAuFbBHxQGcNcvnBswPe,7.915
1.0,priced,0.13689827205560182,89646489347.0,98139505640.0,6SB1n4,AYRTq6bfnNzWMY5ACWTRUtMCwV8PAhux3wm84q5mpump,5REp9M6zeePfYDYUG1SAYt8tV4DSvvoDYQXVEfNqCs1kgnchfZQF54hfCuJwyaKrfjgNJAuFbBHxQGcNcvnBswPe,7.915
2.0,priced,0.21437336387646483,86746335694.0,98139505640.0,6SB1n4,AYRTq6bfnNzWMY5ACWTRUtMCwV8PAhux3wm84q5mpump,5REp9M6zeePfYDYUG1SAYt8tV4DSvvoDYQXVEfNqCs1kgnchfZQF54hfCuJwyaKrfjgNJAuFbBHxQGcNcvnBswPe,7.915
3.0,priced,0.3009654714916906,86746335694.0,101561727863.0,6SB1n4,AYRTq6bfnNzWMY5ACWTRUtMCwV8PAhux3wm84q5mpump,5REp9M6zeePfYDYUG1SAYt8tV4DSvvoDYQXVEfNqCs1kgnchfZQF54hfCuJwyaKrfjgNJAuFbBHxQGcNcvnBswPe,7.915
5.0,priced,0.251930310030658,86746335694.0,99638165989.0,6SB1n4,AYRTq6bfnNzWMY5ACWTRUtMCwV8PAhux3wm84q5mpump,5REp9M6zeePfYDYUG1SAYt8tV4DSvvoDYQXVEfNqCs1kgnchfZQF54hfCuJwyaKrfjgNJAuFbBHxQGcNcvnBswPe,7.915
10.0,priced,0.31942645214489507,86746335694.0,102276591139.0,6SB1n4,AYRTq6bfnNzWMY5ACWTRUtMCwV8PAhux3wm84q5mpump,5REp9M6zeePfYDYUG1SAYt8tV4DSvvoDYQXVEfNqCs1kgnchfZQF54hfCuJwyaKrfjgNJAuFbBHxQGcNcvnBswPe,7.915
0.0,priced,0.3015584590648351,62234332454.0,72967505883.0,6SB1n4,EC1eBL3b16AN6zb26RcrE5CEnhuiUZR44NmR2Nqjpump,4X4ZCGWqFaDhFbu9N6mNU2aBzUGwzWuBEJn7J3HKgB7hBn46Yy8qeNxmHggjJVNh6M2DHsCNZke6mY6pZQPURnyG,79.429
0.5,priced,0.3015584590648351,62234332454.0,72967505883.0,6SB1n4,EC1eBL3b16AN6zb26RcrE5CEnhuiUZR44NmR2Nqjpump,4X4ZCGWqFaDhFbu9N6mNU2aBzUGwzWuBEJn7J3HKgB7hBn46Yy8qeNxmHggjJVNh6M2DHsCNZke6mY6pZQPURnyG,79.429
1.0,priced,0.23415622105914066,63911369487.0,72967505883.0,6SB1n4,EC1eBL3b16AN6zb26RcrE5CEnhuiUZR44NmR2Nqjpump,4X4ZCGWqFaDhFbu9N6mNU2aBzUGwzWuBEJn7J3HKgB7hBn46Yy8qeNxmHggjJVNh6M2DHsCNZke6mY6pZQPURnyG,79.429
2.0,priced,0.23415622105914066,63911369487.0,72967505883.0,6SB1n4,EC1eBL3b16AN6zb26RcrE5CEnhuiUZR44NmR2Nqjpump,4X4ZCGWqFaDhFbu9N6mNU2aBzUGwzWuBEJn7J3HKgB7hBn46Yy8qeNxmHggjJVNh6M2DHsCNZke6mY6pZQPURnyG,79.429
3.0,priced,0.23415622105914066,63911369487.0,72967505883.0,6SB1n4,EC1eBL3b16AN6zb26RcrE5CEnhuiUZR44NmR2Nqjpump,4X4ZCGWqFaDhFbu9N6mNU2aBzUGwzWuBEJn7J3HKgB7hBn46Yy8qeNxmHggjJVNh6M2DHsCNZke6mY6pZQPURnyG,79.429
5.0,priced,0.23415622105914066,63911369487.0,72967505883.0,6SB1n4,EC1eBL3b16AN6zb26RcrE5CEnhuiUZR44NmR2Nqjpump,4X4ZCGWqFaDhFbu9N6mNU2aBzUGwzWuBEJn7J3HKgB7hBn46Yy8qeNxmHggjJVNh6M2DHsCNZke6mY6pZQPURnyG,79.429
10.0,priced,0.1280094331791663,66848649486.0,72967505883.0,6SB1n4,EC1eBL3b16AN6zb26RcrE5CEnhuiUZR44NmR2Nqjpump,4X4ZCGWqFaDhFbu9N6mNU2aBzUGwzWuBEJn7J3HKgB7hBn46Yy8qeNxmHggjJVNh6M2DHsCNZke6mY6pZQPURnyG,79.429
0.0,priced,-0.26790120949958623,47041329783.0,41488750910.0,6SB1n4,2hJKfXs99SrXDw7sqtQow6rSZ9jKDzxkXAVT9KPmpump,3PHf1eSpovA8MphXemvNvAsKJ8Sr1o6WVfUzWzvRDU73YcbnfnwdTfcMMvRXxZFnSDv1pKRK2So7jMu4txeEgDYG,3.984
0.5,priced,-0.26790120949958623,47041329783.0,41488750910.0,6SB1n4,2hJKfXs99SrXDw7sqtQow6rSZ9jKDzxkXAVT9KPmpump,3PHf1eSpovA8MphXemvNvAsKJ8Sr1o6WVfUzWzvRDU73YcbnfnwdTfcMMvRXxZFnSDv1pKRK2So7jMu4txeEgDYG,3.984
1.0,priced,-0.26790120949958623,47041329783.0,41488750910.0,6SB1n4,2hJKfXs99SrXDw7sqtQow6rSZ9jKDzxkXAVT9KPmpump,3PHf1eSpovA8MphXemvNvAsKJ8Sr1o6WVfUzWzvRDU73YcbnfnwdTfcMMvRXxZFnSDv1pKRK2So7jMu4txeEgDYG,3.984
2.0,priced,-0.26685482986576964,47041329783.0,41518136642.0,6SB1n4,2hJKfXs99SrXDw7sqtQow6rSZ9jKDzxkXAVT9KPmpump,3PHf1eSpovA8MphXemvNvAsKJ8Sr1o6WVfUzWzvRDU73YcbnfnwdTfcMMvRXxZFnSDv1pKRK2So7jMu4txeEgDYG,3.984
3.0,priced,-0.2094255617301581,45305760897.0,41518136642.0,6SB1n4,2hJKfXs99SrXDw7sqtQow6rSZ9jKDzxkXAVT9KPmpump,3PHf1eSpovA8MphXemvNvAsKJ8Sr1o6WVfUzWzvRDU73YcbnfnwdTfcMMvRXxZFnSDv1pKRK2So7jMu4txeEgDYG,3.984
5.0,priced,-0.20941644444152951,45305500296.0,41518136642.0,6SB1n4,2hJKfXs99SrXDw7sqtQow6rSZ9jKDzxkXAVT9KPmpump,3PHf1eSpovA8MphXemvNvAsKJ8Sr1o6WVfUzWzvRDU73YcbnfnwdTfcMMvRXxZFnSDv1pKRK2So7jMu4txeEgDYG,3.984
10.0,priced,-0.2661401391836268,41876624442.0,36999888208.0,6SB1n4,2hJKfXs99SrXDw7sqtQow6rSZ9jKDzxkXAVT9KPmpump,3PHf1eSpovA8MphXemvNvAsKJ8Sr1o6WVfUzWzvRDU73YcbnfnwdTfcMMvRXxZFnSDv1pKRK2So7jMu4txeEgDYG,3.984
0.0,priced,-0.1541702789714831,55037310852.0,52107993702.0,6SB1n4,HqKGbna4AyHQKN23yoDd5yfTC3p81dmutuDVATBvpump,2LfDtGWBy98ex68o2eByuQnaAa8uGfoUJixwG4TrLk5yEAQzdqhtnAUo8E2hNhXzp3571ugX4w5oXrryBUN8eych,27.35
0.5,priced,-0.1541702789714831,55037310852.0,52107993702.0,6SB1n4,HqKGbna4AyHQKN23yoDd5yfTC3p81dmutuDVATBvpump,2LfDtGWBy98ex68o2eByuQnaAa8uGfoUJixwG4TrLk5yEAQzdqhtnAUo8E2hNhXzp3571ugX4w5oXrryBUN8eych,27.35
1.0,priced,-0.1807695431638043,55037310852.0,51288228130.0,6SB1n4,HqKGbna4AyHQKN23yoDd5yfTC3p81dmutuDVATBvpump,2LfDtGWBy98ex68o2eByuQnaAa8uGfoUJixwG4TrLk5yEAQzdqhtnAUo8E2hNhXzp3571ugX4w5oXrryBUN8eych,27.35
2.0,priced,-0.18371187067352415,55136076283.0,51288228130.0,6SB1n4,HqKGbna4AyHQKN23yoDd5yfTC3p81dmutuDVATBvpump,2LfDtGWBy98ex68o2eByuQnaAa8uGfoUJixwG4TrLk5yEAQzdqhtnAUo8E2hNhXzp3571ugX4w5oXrryBUN8eych,27.35
3.0,priced,-0.18517715914952398,55185458998.0,51288228130.0,6SB1n4,HqKGbna4AyHQKN23yoDd5yfTC3p81dmutuDVATBvpump,2LfDtGWBy98ex68o2eByuQnaAa8uGfoUJixwG4TrLk5yEAQzdqhtnAUo8E2hNhXzp3571ugX4w5oXrryBUN8eych,27.35
5.0,priced,-0.21589933256680727,56252154744.0,51288228130.0,6SB1n4,HqKGbna4AyHQKN23yoDd5yfTC3p81dmutuDVATBvpump,2LfDtGWBy98ex68o2eByuQnaAa8uGfoUJixwG4TrLk5yEAQzdqhtnAUo8E2hNhXzp3571ugX4w5oXrryBUN8eych,27.35
10.0,priced,-0.2670653416380298,56252154744.0,49600872160.0,6SB1n4,HqKGbna4AyHQKN23yoDd5yfTC3p81dmutuDVATBvpump,2LfDtGWBy98ex68o2eByuQnaAa8uGfoUJixwG4TrLk5yEAQzdqhtnAUo8E2hNhXzp3571ugX4w5oXrryBUN8eych,27.35
0.0,priced,0.11415772333996344,41413552734.0,45032144896.0,6SB1n4,BDZ24XXwPGQhkEs1J9APhd4bbsxYJ9Qk5XXxr9EVpump,WDTSYGVr78dY1TjY8U3H76vrX3xPjXzMnHgkrh4Ngs7tUnheM5ZyTg9UwFsJ3oFj2gWYDj2rRweaBzxjTGkMrGE,61.936
0.5,priced,0.10295016525174427,41413552734.0,44805985906.0,6SB1n4,BDZ24XXwPGQhkEs1J9APhd4bbsxYJ9Qk5XXxr9EVpump,WDTSYGVr78dY1TjY8U3H76vrX3xPjXzMnHgkrh4Ngs7tUnheM5ZyTg9UwFsJ3oFj2gWYDj2rRweaBzxjTGkMrGE,61.936
1.0,priced,0.11262220743366885,41232771742.0,44805985906.0,6SB1n4,BDZ24XXwPGQhkEs1J9APhd4bbsxYJ9Qk5XXxr9EVpump,WDTSYGVr78dY1TjY8U3H76vrX3xPjXzMnHgkrh4Ngs7tUnheM5ZyTg9UwFsJ3oFj2gWYDj2rRweaBzxjTGkMrGE,61.936
2.0,priced,0.11032514587953735,41232771742.0,44759893602.0,6SB1n4,BDZ24XXwPGQhkEs1J9APhd4bbsxYJ9Qk5XXxr9EVpump,WDTSYGVr78dY1TjY8U3H76vrX3xPjXzMnHgkrh4Ngs7tUnheM5ZyTg9UwFsJ3oFj2gWYDj2rRweaBzxjTGkMrGE,61.936
3.0,priced,0.10822628719442628,41271882853.0,44759893602.0,6SB1n4,BDZ24XXwPGQhkEs1J9APhd4bbsxYJ9Qk5XXxr9EVpump,WDTSYGVr78dY1TjY8U3H76vrX3xPjXzMnHgkrh4Ngs7tUnheM5ZyTg9UwFsJ3oFj2gWYDj2rRweaBzxjTGkMrGE,61.936
5.0,priced,0.01271830155895257,40747823717.0,42256047778.0,6SB1n4,BDZ24XXwPGQhkEs1J9APhd4bbsxYJ9Qk5XXxr9EVpump,WDTSYGVr78dY1TjY8U3H76vrX3xPjXzMnHgkrh4Ngs7tUnheM5ZyTg9UwFsJ3oFj2gWYDj2rRweaBzxjTGkMrGE,61.936
10.0,priced,0.003492014144664884,40747823717.0,42064048859.0,6SB1n4,BDZ24XXwPGQhkEs1J9APhd4bbsxYJ9Qk5XXxr9EVpump,WDTSYGVr78dY1TjY8U3H76vrX3xPjXzMnHgkrh4Ngs7tUnheM5ZyTg9UwFsJ3oFj2gWYDj2rRweaBzxjTGkMrGE,61.936
0.0,priced,0.09525557234605289,46058404388.0,49627391786.0,6SB1n4,HqKGbna4AyHQKN23yoDd5yfTC3p81dmutuDVATBvpump,5doFiP1Qn7LZWG3XWAtm4ffhqhhJjxc7oRFyTjVnuo8fXRsBeVAX3j3i6iTAuwawGtGGyfNZs5u1jK4C1Vqi7HQL,3.984
0.5,priced,0.09525557234605289,46058404388.0,49627391786.0,6SB1n4,HqKGbna4AyHQKN23yoDd5yfTC3p81dmutuDVATBvpump,5doFiP1Qn7LZWG3XWAtm4ffhqhhJjxc7oRFyTjVnuo8fXRsBeVAX3j3i6iTAuwawGtGGyfNZs5u1jK4C1Vqi7HQL,3.984
1.0,priced,0.09479118582882382,46068182165.0,49627391786.0,6SB1n4,HqKGbna4AyHQKN23yoDd5yfTC3p81dmutuDVATBvpump,5doFiP1Qn7LZWG3XWAtm4ffhqhhJjxc7oRFyTjVnuo8fXRsBeVAX3j3i6iTAuwawGtGGyfNZs5u1jK4C1Vqi7HQL,3.984
2.0,priced,0.07457262587934446,46509169817.0,49637169563.0,6SB1n4,HqKGbna4AyHQKN23yoDd5yfTC3p81dmutuDVATBvpump,5doFiP1Qn7LZWG3XWAtm4ffhqhhJjxc7oRFyTjVnuo8fXRsBeVAX3j3i6iTAuwawGtGGyfNZs5u1jK4C1Vqi7HQL,3.984
3.0,priced,0.06819445150434922,46606947594.0,49593806832.0,6SB1n4,HqKGbna4AyHQKN23yoDd5yfTC3p81dmutuDVATBvpump,5doFiP1Qn7LZWG3XWAtm4ffhqhhJjxc7oRFyTjVnuo8fXRsBeVAX3j3i6iTAuwawGtGGyfNZs5u1jK4C1Vqi7HQL,3.984
5.0,priced,0.04864367208285582,46903243890.0,49450748335.0,6SB1n4,HqKGbna4AyHQKN23yoDd5yfTC3p81dmutuDVATBvpump,5doFiP1Qn7LZWG3XWAtm4ffhqhhJjxc7oRFyTjVnuo8fXRsBeVAX3j3i6iTAuwawGtGGyfNZs5u1jK4C1Vqi7HQL,3.984
10.0,priced,-0.09578423797611452,49941001699.0,48898108601.0,6SB1n4,HqKGbna4AyHQKN23yoDd5yfTC3p81dmutuDVATBvpump,5doFiP1Qn7LZWG3XWAtm4ffhqhhJjxc7oRFyTjVnuo8fXRsBeVAX3j3i6iTAuwawGtGGyfNZs5u1jK4C1Vqi7HQL,3.984
0.0,priced,-0.18712773508348143,46904251326.0,43572742822.0,6SB1n4,CW2cjDsjJtVTQzYtodLhwc2AqCHRT7H1TtuNLtqsqjg,42VxGXPSzuxrq1D5AtdP35y3vwFvV5A8rAmmtdazuTU2qj5nzGyNveu75pEn5svSFJRomZb1BaS8hqWdkNEqP9W8,12.23
0.5,priced,-0.1729474370025263,46501310918.0,43572742822.0,6SB1n4,CW2cjDsjJtVTQzYtodLhwc2AqCHRT7H1TtuNLtqsqjg,42VxGXPSzuxrq1D5AtdP35y3vwFvV5A8rAmmtdazuTU2qj5nzGyNveu75pEn5svSFJRomZb1BaS8hqWdkNEqP9W8,12.23
1.0,priced,-0.18305364814212288,46696866473.0,43488831863.0,6SB1n4,CW2cjDsjJtVTQzYtodLhwc2AqCHRT7H1TtuNLtqsqjg,42VxGXPSzuxrq1D5AtdP35y3vwFvV5A8rAmmtdazuTU2qj5nzGyNveu75pEn5svSFJRomZb1BaS8hqWdkNEqP9W8,12.23
2.0,priced,-0.18305364814212288,46696866473.0,43488831863.0,6SB1n4,CW2cjDsjJtVTQzYtodLhwc2AqCHRT7H1TtuNLtqsqjg,42VxGXPSzuxrq1D5AtdP35y3vwFvV5A8rAmmtdazuTU2qj5nzGyNveu75pEn5svSFJRomZb1BaS8hqWdkNEqP9W8,12.23
3.0,priced,-0.19155987695447385,46941310917.0,43488831863.0,6SB1n4,CW2cjDsjJtVTQzYtodLhwc2AqCHRT7H1TtuNLtqsqjg,42VxGXPSzuxrq1D5AtdP35y3vwFvV5A8rAmmtdazuTU2qj5nzGyNveu75pEn5svSFJRomZb1BaS8hqWdkNEqP9W8,12.23
5.0,priced,-0.19155987695447385,46941310917.0,43488831863.0,6SB1n4,CW2cjDsjJtVTQzYtodLhwc2AqCHRT7H1TtuNLtqsqjg,42VxGXPSzuxrq1D5AtdP35y3vwFvV5A8rAmmtdazuTU2qj5nzGyNveu75pEn5svSFJRomZb1BaS8hqWdkNEqP9W8,12.23
10.0,priced,-0.19492562671106137,47039088694.0,43488831863.0,6SB1n4,CW2cjDsjJtVTQzYtodLhwc2AqCHRT7H1TtuNLtqsqjg,42VxGXPSzuxrq1D5AtdP35y3vwFvV5A8rAmmtdazuTU2qj5nzGyNveu75pEn5svSFJRomZb1BaS8hqWdkNEqP9W8,12.23
0.0,priced,-0.24065172923625672,44258491004.0,39760409325.0,6SB1n4,CW2cjDsjJtVTQzYtodLhwc2AqCHRT7H1TtuNLtqsqjg,32V8Ec2JrSBxYniLVuDEmhjS4j7CRxuxJztStNsKK2ckGLziRZKs2cwfvNjYU5sBjfbW2237W5tk9ggLMzm76yFT,23.059
0.5,priced,-0.24065172923625672,44258491004.0,39760409325.0,6SB1n4,CW2cjDsjJtVTQzYtodLhwc2AqCHRT7H1TtuNLtqsqjg,32V8Ec2JrSBxYniLVuDEmhjS4j7CRxuxJztStNsKK2ckGLziRZKs2cwfvNjYU5sBjfbW2237W5tk9ggLMzm76yFT,23.059
1.0,priced,-0.312860039347713,44258491004.0,37838947191.0,6SB1n4,CW2cjDsjJtVTQzYtodLhwc2AqCHRT7H1TtuNLtqsqjg,32V8Ec2JrSBxYniLVuDEmhjS4j7CRxuxJztStNsKK2ckGLziRZKs2cwfvNjYU5sBjfbW2237W5tk9ggLMzm76yFT,23.059
2.0,priced,-0.312860039347713,44258491004.0,37838947191.0,6SB1n4,CW2cjDsjJtVTQzYtodLhwc2AqCHRT7H1TtuNLtqsqjg,32V8Ec2JrSBxYniLVuDEmhjS4j7CRxuxJztStNsKK2ckGLziRZKs2cwfvNjYU5sBjfbW2237W5tk9ggLMzm76yFT,23.059
3.0,priced,-0.2965002671544025,44356268781.0,38366812521.0,6SB1n4,CW2cjDsjJtVTQzYtodLhwc2AqCHRT7H1TtuNLtqsqjg,32V8Ec2JrSBxYniLVuDEmhjS4j7CRxuxJztStNsKK2ckGLziRZKs2cwfvNjYU5sBjfbW2237W5tk9ggLMzm76yFT,23.059
5.0,priced,-0.2977830481388403,44454046558.0,38416195236.0,6SB1n4,CW2cjDsjJtVTQzYtodLhwc2AqCHRT7H1TtuNLtqsqjg,32V8Ec2JrSBxYniLVuDEmhjS4j7CRxuxJztStNsKK2ckGLziRZKs2cwfvNjYU5sBjfbW2237W5tk9ggLMzm76yFT,23.059
10.0,priced,-0.1872577344841645,47979229562.0,44562835506.0,6SB1n4,CW2cjDsjJtVTQzYtodLhwc2AqCHRT7H1TtuNLtqsqjg,32V8Ec2JrSBxYniLVuDEmhjS4j7CRxuxJztStNsKK2ckGLziRZKs2cwfvNjYU5sBjfbW2237W5tk9ggLMzm76yFT,23.059
0.0,priced,-0.06033593223261047,52813927271.0,52694663378.0,6SB1n4,5ucMn4ih5gX6BxDrWRc9roWBDA5NjcyAopWzwJhgZLVy,4shaarNRBQR6xaBBC4TSToTgyMgbLutWJDjjP75xf37cQqxkQ58GfPh23csfAm4rK5KajitTQtPmA83sxGLm5PG3,102.922
0.5,priced,-0.06033593223261047,52813927271.0,52694663378.0,6SB1n4,5ucMn4ih5gX6BxDrWRc9roWBDA5NjcyAopWzwJhgZLVy,4shaarNRBQR6xaBBC4TSToTgyMgbLutWJDjjP75xf37cQqxkQ58GfPh23csfAm4rK5KajitTQtPmA83sxGLm5PG3,102.922
1.0,priced,-0.06033593223261047,52813927271.0,52694663378.0,6SB1n4,5ucMn4ih5gX6BxDrWRc9roWBDA5NjcyAopWzwJhgZLVy,4shaarNRBQR6xaBBC4TSToTgyMgbLutWJDjjP75xf37cQqxkQ58GfPh23csfAm4rK5KajitTQtPmA83sxGLm5PG3,102.922
2.0,priced,-0.06033593223261047,52813927271.0,52694663378.0,6SB1n4,5ucMn4ih5gX6BxDrWRc9roWBDA5NjcyAopWzwJhgZLVy,4shaarNRBQR6xaBBC4TSToTgyMgbLutWJDjjP75xf37cQqxkQ58GfPh23csfAm4rK5KajitTQtPmA83sxGLm5PG3,102.922
3.0,priced,-0.06033593223261047,52813927271.0,52694663378.0,6SB1n4,5ucMn4ih5gX6BxDrWRc9roWBDA5NjcyAopWzwJhgZLVy,4shaarNRBQR6xaBBC4TSToTgyMgbLutWJDjjP75xf37cQqxkQ58GfPh23csfAm4rK5KajitTQtPmA83sxGLm5PG3,102.922
5.0,priced,-0.06033593223261047,52813927271.0,52694663378.0,6SB1n4,5ucMn4ih5gX6BxDrWRc9roWBDA5NjcyAopWzwJhgZLVy,4shaarNRBQR6xaBBC4TSToTgyMgbLutWJDjjP75xf37cQqxkQ58GfPh23csfAm4rK5KajitTQtPmA83sxGLm5PG3,102.922
10.0,priced,-0.06033593223261047,52813927271.0,52694663378.0,6SB1n4,5ucMn4ih5gX6BxDrWRc9roWBDA5NjcyAopWzwJhgZLVy,4shaarNRBQR6xaBBC4TSToTgyMgbLutWJDjjP75xf37cQqxkQ58GfPh23csfAm4rK5KajitTQtPmA83sxGLm5PG3,102.922
0.0,priced,-0.12015110570429563,37103846541.0,35898770485.0,6SB1n4,FCDCkXh7QnEHTfo6QDJwjeho6ADcX7RmNQDNDLEY3Gah,2xDNSTteZU3nSx6oCfFgZJ22mtG3RMgTggUYovUm6SGKYnDUKQHyRXffnTnSzcqts1Bj15t8RfW14sn6g4pCxCen,38.856
0.5,priced,-0.12015110570429563,37103846541.0,35898770485.0,6SB1n4,FCDCkXh7QnEHTfo6QDJwjeho6ADcX7RmNQDNDLEY3Gah,2xDNSTteZU3nSx6oCfFgZJ22mtG3RMgTggUYovUm6SGKYnDUKQHyRXffnTnSzcqts1Bj15t8RfW14sn6g4pCxCen,38.856
1.0,priced,-0.12015110570429563,37103846541.0,35898770485.0,6SB1n4,FCDCkXh7QnEHTfo6QDJwjeho6ADcX7RmNQDNDLEY3Gah,2xDNSTteZU3nSx6oCfFgZJ22mtG3RMgTggUYovUm6SGKYnDUKQHyRXffnTnSzcqts1Bj15t8RfW14sn6g4pCxCen,38.856
2.0,priced,-0.12015110570429563,37103846541.0,35898770485.0,6SB1n4,FCDCkXh7QnEHTfo6QDJwjeho6ADcX7RmNQDNDLEY3Gah,2xDNSTteZU3nSx6oCfFgZJ22mtG3RMgTggUYovUm6SGKYnDUKQHyRXffnTnSzcqts1Bj15t8RfW14sn6g4pCxCen,38.856
3.0,priced,-0.12015110570429563,37103846541.0,35898770485.0,6SB1n4,FCDCkXh7QnEHTfo6QDJwjeho6ADcX7RmNQDNDLEY3Gah,2xDNSTteZU3nSx6oCfFgZJ22mtG3RMgTggUYovUm6SGKYnDUKQHyRXffnTnSzcqts1Bj15t8RfW14sn6g4pCxCen,38.856
5.0,priced,-0.12015110570429563,37103846541.0,35898770485.0,6SB1n4,FCDCkXh7QnEHTfo6QDJwjeho6ADcX7RmNQDNDLEY3Gah,2xDNSTteZU3nSx6oCfFgZJ22mtG3RMgTggUYovUm6SGKYnDUKQHyRXffnTnSzcqts1Bj15t8RfW14sn6g4pCxCen,38.856
10.0,priced,-0.06621799341533757,37103846541.0,36976548262.0,6SB1n4,FCDCkXh7QnEHTfo6QDJwjeho6ADcX7RmNQDNDLEY3Gah,2xDNSTteZU3nSx6oCfFgZJ22mtG3RMgTggUYovUm6SGKYnDUKQHyRXffnTnSzcqts1Bj15t8RfW14sn6g4pCxCen,38.856
0.0,priced,0.4017797232749615,41056686735.0,50061589245.0,6SB1n4,5ucMn4ih5gX6BxDrWRc9roWBDA5NjcyAopWzwJhgZLVy,4gqAdSKz6W3XhmS4byXVqc94rdPW2NJkXP5sX6c7gmz417sn92jxjXMbZcn3xbReB3hJCjyfU5Kj2nkQR2eHERQC,58.089
0.5,priced,0.4017797232749615,41056686735.0,50061589245.0,6SB1n4,5ucMn4ih5gX6BxDrWRc9roWBDA5NjcyAopWzwJhgZLVy,4gqAdSKz6W3XhmS4byXVqc94rdPW2NJkXP5sX6c7gmz417sn92jxjXMbZcn3xbReB3hJCjyfU5Kj2nkQR2eHERQC,58.089
1.0,priced,0.4017797232749615,41056686735.0,50061589245.0,6SB1n4,5ucMn4ih5gX6BxDrWRc9roWBDA5NjcyAopWzwJhgZLVy,4gqAdSKz6W3XhmS4byXVqc94rdPW2NJkXP5sX6c7gmz417sn92jxjXMbZcn3xbReB3hJCjyfU5Kj2nkQR2eHERQC,58.089
2.0,priced,0.4017797232749615,41056686735.0,50061589245.0,6SB1n4,5ucMn4ih5gX6BxDrWRc9roWBDA5NjcyAopWzwJhgZLVy,4gqAdSKz6W3XhmS4byXVqc94rdPW2NJkXP5sX6c7gmz417sn92jxjXMbZcn3xbReB3hJCjyfU5Kj2nkQR2eHERQC,58.089
3.0,priced,0.4017797232749615,41056686735.0,50061589245.0,6SB1n4,5ucMn4ih5gX6BxDrWRc9roWBDA5NjcyAopWzwJhgZLVy,4gqAdSKz6W3XhmS4byXVqc94rdPW2NJkXP5sX6c7gmz417sn92jxjXMbZcn3xbReB3hJCjyfU5Kj2nkQR2eHERQC,58.089
5.0,priced,0.4047153202049744,41056686735.0,50113871980.0,6SB1n4,5ucMn4ih5gX6BxDrWRc9roWBDA5NjcyAopWzwJhgZLVy,4gqAdSKz6W3XhmS4byXVqc94rdPW2NJkXP5sX6c7gmz417sn92jxjXMbZcn3xbReB3hJCjyfU5Kj2nkQR2eHERQC,58.089
10.0,priced,0.4047153202049744,41056686735.0,50113871980.0,6SB1n4,5ucMn4ih5gX6BxDrWRc9roWBDA5NjcyAopWzwJhgZLVy,4gqAdSKz6W3XhmS4byXVqc94rdPW2NJkXP5sX6c7gmz417sn92jxjXMbZcn3xbReB3hJCjyfU5Kj2nkQR2eHERQC,58.089
0.0,priced,-0.32839174995577947,43419351902.0,36707098834.0,6SB1n4,FCDCkXh7QnEHTfo6QDJwjeho6ADcX7RmNQDNDLEY3Gah,2TrSAWoaD3YEkYcfrPLF74przEyHgK5Hu1DAF7drpqqw1ZjexpLz4CiNMrPMmEkPs9Bw93EPQqsnvLMprgD14dpa,1.829
0.5,priced,-0.32839174995577947,43419351902.0,36707098834.0,6SB1n4,FCDCkXh7QnEHTfo6QDJwjeho6ADcX7RmNQDNDLEY3Gah,2TrSAWoaD3YEkYcfrPLF74przEyHgK5Hu1DAF7drpqqw1ZjexpLz4CiNMrPMmEkPs9Bw93EPQqsnvLMprgD14dpa,1.829
1.0,priced,-0.07365621194525696,36979458949.0,36707098834.0,6SB1n4,FCDCkXh7QnEHTfo6QDJwjeho6ADcX7RmNQDNDLEY3Gah,2TrSAWoaD3YEkYcfrPLF74przEyHgK5Hu1DAF7drpqqw1ZjexpLz4CiNMrPMmEkPs9Bw93EPQqsnvLMprgD14dpa,1.829
2.0,priced,-0.07365621194525696,36979458949.0,36707098834.0,6SB1n4,FCDCkXh7QnEHTfo6QDJwjeho6ADcX7RmNQDNDLEY3Gah,2TrSAWoaD3YEkYcfrPLF74przEyHgK5Hu1DAF7drpqqw1ZjexpLz4CiNMrPMmEkPs9Bw93EPQqsnvLMprgD14dpa,1.829
3.0,priced,-0.07365621194525696,36979458949.0,36707098834.0,6SB1n4,FCDCkXh7QnEHTfo6QDJwjeho6ADcX7RmNQDNDLEY3Gah,2TrSAWoaD3YEkYcfrPLF74przEyHgK5Hu1DAF7drpqqw1ZjexpLz4CiNMrPMmEkPs9Bw93EPQqsnvLMprgD14dpa,1.829
5.0,priced,-0.0778688514628589,37063930005.0,36707098834.0,6SB1n4,FCDCkXh7QnEHTfo6QDJwjeho6ADcX7RmNQDNDLEY3Gah,2TrSAWoaD3YEkYcfrPLF74przEyHgK5Hu1DAF7drpqqw1ZjexpLz4CiNMrPMmEkPs9Bw93EPQqsnvLMprgD14dpa,1.829
10.0,missed: wallet sold before our entry landed,,,,6SB1n4,FCDCkXh7QnEHTfo6QDJwjeho6ADcX7RmNQDNDLEY3Gah,2TrSAWoaD3YEkYcfrPLF74przEyHgK5Hu1DAF7drpqqw1ZjexpLz4CiNMrPMmEkPs9Bw93EPQqsnvLMprgD14dpa,1.829
0.0,priced,-0.3118691616799524,50557717387.0,43227886615.0,6SB1n4,FCDCkXh7QnEHTfo6QDJwjeho6ADcX7RmNQDNDLEY3Gah,4qMTZ7XSX8cfyS9MjVPGcivu6rHeYWGSAh568vdJc9WVP3nx5hNEXbBQTzqpahZPVDkd4RqHJ6DAHggrpkVzMrS5,3.995
0.5,priced,-0.3118691616799524,50557717387.0,43227886615.0,6SB1n4,FCDCkXh7QnEHTfo6QDJwjeho6ADcX7RmNQDNDLEY3Gah,4qMTZ7XSX8cfyS9MjVPGcivu6rHeYWGSAh568vdJc9WVP3nx5hNEXbBQTzqpahZPVDkd4RqHJ6DAHggrpkVzMrS5,3.995
1.0,priced,-0.3118691616799524,50557717387.0,43227886615.0,6SB1n4,FCDCkXh7QnEHTfo6QDJwjeho6ADcX7RmNQDNDLEY3Gah,4qMTZ7XSX8cfyS9MjVPGcivu6rHeYWGSAh568vdJc9WVP3nx5hNEXbBQTzqpahZPVDkd4RqHJ6DAHggrpkVzMrS5,3.995
2.0,priced,-0.3118691616799524,50557717387.0,43227886615.0,6SB1n4,FCDCkXh7QnEHTfo6QDJwjeho6ADcX7RmNQDNDLEY3Gah,4qMTZ7XSX8cfyS9MjVPGcivu6rHeYWGSAh568vdJc9WVP3nx5hNEXbBQTzqpahZPVDkd4RqHJ6DAHggrpkVzMrS5,3.995
3.0,priced,-0.3118691616799524,50557717387.0,43227886615.0,6SB1n4,FCDCkXh7QnEHTfo6QDJwjeho6ADcX7RmNQDNDLEY3Gah,4qMTZ7XSX8cfyS9MjVPGcivu6rHeYWGSAh568vdJc9WVP3nx5hNEXbBQTzqpahZPVDkd4RqHJ6DAHggrpkVzMrS5,3.995
5.0,priced,-0.31791158781144285,50753272942.0,43205216422.0,6SB1n4,FCDCkXh7QnEHTfo6QDJwjeho6ADcX7RmNQDNDLEY3Gah,4qMTZ7XSX8cfyS9MjVPGcivu6rHeYWGSAh568vdJc9WVP3nx5hNEXbBQTzqpahZPVDkd4RqHJ6DAHggrpkVzMrS5,3.995
10.0,priced,-0.15793531928033996,45402923644.0,42930463014.0,6SB1n4,FCDCkXh7QnEHTfo6QDJwjeho6ADcX7RmNQDNDLEY3Gah,4qMTZ7XSX8cfyS9MjVPGcivu6rHeYWGSAh568vdJc9WVP3nx5hNEXbBQTzqpahZPVDkd4RqHJ6DAHggrpkVzMrS5,3.995
0.0,priced,-0.04646272799751103,54174984697.0,54441450974.0,6SB1n4,8RDpgaFdnthGMhv4A2PzXLHkEixwMHfA9MPKBRfuyR6u,b7nVsBrKDak2QnbbKoBqETZgGDYoVgAtPa8YSegGv6PbgzTRgy43pQ9dRBpFTUvcXcBTzUNEfV3ipm7JwooLm6X,3.989
0.5,priced,-0.04646272799751103,54174984697.0,54441450974.0,6SB1n4,8RDpgaFdnthGMhv4A2PzXLHkEixwMHfA9MPKBRfuyR6u,b7nVsBrKDak2QnbbKoBqETZgGDYoVgAtPa8YSegGv6PbgzTRgy43pQ9dRBpFTUvcXcBTzUNEfV3ipm7JwooLm6X,3.989
1.0,priced,-0.060376248031965375,54174984697.0,54045243542.0,6SB1n4,8RDpgaFdnthGMhv4A2PzXLHkEixwMHfA9MPKBRfuyR6u,b7nVsBrKDak2QnbbKoBqETZgGDYoVgAtPa8YSegGv6PbgzTRgy43pQ9dRBpFTUvcXcBTzUNEfV3ipm7JwooLm6X,3.989
2.0,priced,-0.08714908866140378,54962145189.0,54045243542.0,6SB1n4,8RDpgaFdnthGMhv4A2PzXLHkEixwMHfA9MPKBRfuyR6u,b7nVsBrKDak2QnbbKoBqETZgGDYoVgAtPa8YSegGv6PbgzTRgy43pQ9dRBpFTUvcXcBTzUNEfV3ipm7JwooLm6X,3.989
3.0,priced,-0.07310628753686774,54493177626.0,53994069391.0,6SB1n4,8RDpgaFdnthGMhv4A2PzXLHkEixwMHfA9MPKBRfuyR6u,b7nVsBrKDak2QnbbKoBqETZgGDYoVgAtPa8YSegGv6PbgzTRgy43pQ9dRBpFTUvcXcBTzUNEfV3ipm7JwooLm6X,3.989
5.0,priced,-0.1283280383015765,56206264043.0,54010859093.0,6SB1n4,8RDpgaFdnthGMhv4A2PzXLHkEixwMHfA9MPKBRfuyR6u,b7nVsBrKDak2QnbbKoBqETZgGDYoVgAtPa8YSegGv6PbgzTRgy43pQ9dRBpFTUvcXcBTzUNEfV3ipm7JwooLm6X,3.989
10.0,missed: wallet sold before our entry landed,,,,6SB1n4,8RDpgaFdnthGMhv4A2PzXLHkEixwMHfA9MPKBRfuyR6u,b7nVsBrKDak2QnbbKoBqETZgGDYoVgAtPa8YSegGv6PbgzTRgy43pQ9dRBpFTUvcXcBTzUNEfV3ipm7JwooLm6X,3.989
0.0,priced,-0.2446435474379437,51773888423.0,46355492967.0,6SB1n4,FCDCkXh7QnEHTfo6QDJwjeho6ADcX7RmNQDNDLEY3Gah,vXHSZQ4viX5bTudRJtpmsCThCr7hshsEtKfMLN2izSrENFFdDYn8PCKRZFmFEeLcfPnFxtoQnGnEYoQkrk7y9hU,23.114
0.5,priced,-0.2446435474379437,51773888423.0,46355492967.0,6SB1n4,FCDCkXh7QnEHTfo6QDJwjeho6ADcX7RmNQDNDLEY3Gah,vXHSZQ4viX5bTudRJtpmsCThCr7hshsEtKfMLN2izSrENFFdDYn8PCKRZFmFEeLcfPnFxtoQnGnEYoQkrk7y9hU,23.114
1.0,priced,-0.23820300445644166,51773888423.0,46551048522.0,6SB1n4,FCDCkXh7QnEHTfo6QDJwjeho6ADcX7RmNQDNDLEY3Gah,vXHSZQ4viX5bTudRJtpmsCThCr7hshsEtKfMLN2izSrENFFdDYn8PCKRZFmFEeLcfPnFxtoQnGnEYoQkrk7y9hU,23.114
2.0,priced,-0.23820300445644166,51773888423.0,46551048522.0,6SB1n4,FCDCkXh7QnEHTfo6QDJwjeho6ADcX7RmNQDNDLEY3Gah,vXHSZQ4viX5bTudRJtpmsCThCr7hshsEtKfMLN2izSrENFFdDYn8PCKRZFmFEeLcfPnFxtoQnGnEYoQkrk7y9hU,23.114
3.0,priced,-0.24376284386411678,51773888423.0,46382282311.0,6SB1n4,FCDCkXh7QnEHTfo6QDJwjeho6ADcX7RmNQDNDLEY3Gah,vXHSZQ4viX5bTudRJtpmsCThCr7hshsEtKfMLN2izSrENFFdDYn8PCKRZFmFEeLcfPnFxtoQnGnEYoQkrk7y9hU,23.114
5.0,priced,-0.18534468961547065,52002636354.0,48337837866.0,6SB1n4,FCDCkXh7QnEHTfo6QDJwjeho6ADcX7RmNQDNDLEY3Gah,vXHSZQ4viX5bTudRJtpmsCThCr7hshsEtKfMLN2izSrENFFdDYn8PCKRZFmFEeLcfPnFxtoQnGnEYoQkrk7y9hU,23.114
10.0,priced,-0.150998169289989,52108216195.0,49438523958.0,6SB1n4,FCDCkXh7QnEHTfo6QDJwjeho6ADcX7RmNQDNDLEY3Gah,vXHSZQ4viX5bTudRJtpmsCThCr7hshsEtKfMLN2izSrENFFdDYn8PCKRZFmFEeLcfPnFxtoQnGnEYoQkrk7y9hU,23.114
0.0,priced,-0.06087870022195375,48618376406.0,48513923860.0,6SB1n4,FCDCkXh7QnEHTfo6QDJwjeho6ADcX7RmNQDNDLEY3Gah,3LvKk39gPeXYxMu2i63JZmQXqgtn79K3o7NZfgHzgacjrRVQLcpHE5jJAt2UFf7JxpYfUkmq2mGk5igZKc2p6WNM,10.095
0.5,priced,-0.056097814540844795,48495209383.0,48513923860.0,6SB1n4,FCDCkXh7QnEHTfo6QDJwjeho6ADcX7RmNQDNDLEY3Gah,3LvKk39gPeXYxMu2i63JZmQXqgtn79K3o7NZfgHzgacjrRVQLcpHE5jJAt2UFf7JxpYfUkmq2mGk5igZKc2p6WNM,10.095
1.0,priced,-0.06374783952249574,48692740247.0,48513923860.0,6SB1n4,FCDCkXh7QnEHTfo6QDJwjeho6ADcX7RmNQDNDLEY3Gah,3LvKk39gPeXYxMu2i63JZmQXqgtn79K3o7NZfgHzgacjrRVQLcpHE5jJAt2UFf7JxpYfUkmq2mGk5igZKc2p6WNM,10.095
2.0,priced,-0.1347598799498694,50648295804.0,48513923860.0,6SB1n4,FCDCkXh7QnEHTfo6QDJwjeho6ADcX7RmNQDNDLEY3Gah,3LvKk39gPeXYxMu2i63JZmQXqgtn79K3o7NZfgHzgacjrRVQLcpHE5jJAt2UFf7JxpYfUkmq2mGk5igZKc2p6WNM,10.095
3.0,priced,-0.14141774358347844,50843851359.0,48513923860.0,6SB1n4,FCDCkXh7QnEHTfo6QDJwjeho6ADcX7RmNQDNDLEY3Gah,3LvKk39gPeXYxMu2i63JZmQXqgtn79K3o7NZfgHzgacjrRVQLcpHE5jJAt2UFf7JxpYfUkmq2mGk5igZKc2p6WNM,10.095
5.0,priced,-0.0179127886240412,47543658421.0,48513923860.0,6SB1n4,FCDCkXh7QnEHTfo6QDJwjeho6ADcX7RmNQDNDLEY3Gah,3LvKk39gPeXYxMu2i63JZmQXqgtn79K3o7NZfgHzgacjrRVQLcpHE5jJAt2UFf7JxpYfUkmq2mGk5igZKc2p6WNM,10.095
10.0,priced,0.06544367396924985,45934648360.0,48819586253.0,6SB1n4,FCDCkXh7QnEHTfo6QDJwjeho6ADcX7RmNQDNDLEY3Gah,3LvKk39gPeXYxMu2i63JZmQXqgtn79K3o7NZfgHzgacjrRVQLcpHE5jJAt2UFf7JxpYfUkmq2mGk5igZKc2p6WNM,10.095
0.0,priced,-0.5395243879752344,62245851224.0,43610412117.0,6SB1n4,4oXNdYzdkJ6rvK732m2oKZnpwzZhtq2VcbSF55waMawj,3Pt8hv8eCbdqrwgQJhcM6Js63gbL4iToMAeK7Z2ouGGBsBkadXRtvHYXx9CBH3KTHYx9JtfK8PQ7jaR7SHu3upPx,64.253
0.5,priced,-0.5395243879752344,62245851224.0,43610412117.0,6SB1n4,4oXNdYzdkJ6rvK732m2oKZnpwzZhtq2VcbSF55waMawj,3Pt8hv8eCbdqrwgQJhcM6Js63gbL4iToMAeK7Z2ouGGBsBkadXRtvHYXx9CBH3KTHYx9JtfK8PQ7jaR7SHu3upPx,64.253
1.0,priced,-0.5513482260156872,62245851224.0,43055804050.0,6SB1n4,4oXNdYzdkJ6rvK732m2oKZnpwzZhtq2VcbSF55waMawj,3Pt8hv8eCbdqrwgQJhcM6Js63gbL4iToMAeK7Z2ouGGBsBkadXRtvHYXx9CBH3KTHYx9JtfK8PQ7jaR7SHu3upPx,64.253
2.0,priced,-0.5513482260156872,62245851224.0,43055804050.0,6SB1n4,4oXNdYzdkJ6rvK732m2oKZnpwzZhtq2VcbSF55waMawj,3Pt8hv8eCbdqrwgQJhcM6Js63gbL4iToMAeK7Z2ouGGBsBkadXRtvHYXx9CBH3KTHYx9JtfK8PQ7jaR7SHu3upPx,64.253
3.0,priced,-0.5556457573071117,62245851224.0,42852453123.0,6SB1n4,4oXNdYzdkJ6rvK732m2oKZnpwzZhtq2VcbSF55waMawj,3Pt8hv8eCbdqrwgQJhcM6Js63gbL4iToMAeK7Z2ouGGBsBkadXRtvHYXx9CBH3KTHYx9JtfK8PQ7jaR7SHu3upPx,64.253
5.0,priced,-0.5186310006862861,62245851224.0,44573636498.0,6SB1n4,4oXNdYzdkJ6rvK732m2oKZnpwzZhtq2VcbSF55waMawj,3Pt8hv8eCbdqrwgQJhcM6Js63gbL4iToMAeK7Z2ouGGBsBkadXRtvHYXx9CBH3KTHYx9JtfK8PQ7jaR7SHu3upPx,64.253
10.0,priced,-0.5428403548051325,62152719587.0,43390783305.0,6SB1n4,4oXNdYzdkJ6rvK732m2oKZnpwzZhtq2VcbSF55waMawj,3Pt8hv8eCbdqrwgQJhcM6Js63gbL4iToMAeK7Z2ouGGBsBkadXRtvHYXx9CBH3KTHYx9JtfK8PQ7jaR7SHu3upPx,64.253
0.0,priced,0.03607194809337282,77787628907.0,81350090352.0,6SB1n4,CaMXT8h56YcN639gsagenXyXY3gjGNXTAoJL3qZm4jkR,2n1RxAYYM5gxxukZpyBdRV9ouyVHs3CpRdNib1K17w3643oDy4kBAdEfwtrV7j2YYL2zqpgv31dwbpe5PYxwkzDS,6.155
0.5,priced,0.03607194809337282,77787628907.0,81350090352.0,6SB1n4,CaMXT8h56YcN639gsagenXyXY3gjGNXTAoJL3qZm4jkR,2n1RxAYYM5gxxukZpyBdRV9ouyVHs3CpRdNib1K17w3643oDy4kBAdEfwtrV7j2YYL2zqpgv31dwbpe5PYxwkzDS,6.155
1.0,priced,0.03607194809337282,77787628907.0,81350090352.0,6SB1n4,CaMXT8h56YcN639gsagenXyXY3gjGNXTAoJL3qZm4jkR,2n1RxAYYM5gxxukZpyBdRV9ouyVHs3CpRdNib1K17w3643oDy4kBAdEfwtrV7j2YYL2zqpgv31dwbpe5PYxwkzDS,6.155
2.0,priced,0.03607194809337282,77787628907.0,81350090352.0,6SB1n4,CaMXT8h56YcN639gsagenXyXY3gjGNXTAoJL3qZm4jkR,2n1RxAYYM5gxxukZpyBdRV9ouyVHs3CpRdNib1K17w3643oDy4kBAdEfwtrV7j2YYL2zqpgv31dwbpe5PYxwkzDS,6.155
3.0,priced,0.03607194809337282,77787628907.0,81350090352.0,6SB1n4,CaMXT8h56YcN639gsagenXyXY3gjGNXTAoJL3qZm4jkR,2n1RxAYYM5gxxukZpyBdRV9ouyVHs3CpRdNib1K17w3643oDy4kBAdEfwtrV7j2YYL2zqpgv31dwbpe5PYxwkzDS,6.155
5.0,priced,0.03607194809337282,77787628907.0,81350090352.0,6SB1n4,CaMXT8h56YcN639gsagenXyXY3gjGNXTAoJL3qZm4jkR,2n1RxAYYM5gxxukZpyBdRV9ouyVHs3CpRdNib1K17w3643oDy4kBAdEfwtrV7j2YYL2zqpgv31dwbpe5PYxwkzDS,6.155
10.0,priced,0.03627188188395381,77638504632.0,81202423385.0,6SB1n4,CaMXT8h56YcN639gsagenXyXY3gjGNXTAoJL3qZm4jkR,2n1RxAYYM5gxxukZpyBdRV9ouyVHs3CpRdNib1K17w3643oDy4kBAdEfwtrV7j2YYL2zqpgv31dwbpe5PYxwkzDS,6.155
0.0,priced,0.2748342467321155,69921431561.0,81099929819.0,6SB1n4,EC1eBL3b16AN6zb26RcrE5CEnhuiUZR44NmR2Nqjpump,5YPKv1uD9pa1v3twHJK2f4Pxk12Ds6C55r4WhWFHa6gVnsqLFyVdaF7bZpBdjrpsofP6svm8XRPLn64Bycsy1w8,64.449
0.5,priced,0.31763398239745355,69921431561.0,82444473027.0,6SB1n4,EC1eBL3b16AN6zb26RcrE5CEnhuiUZR44NmR2Nqjpump,5YPKv1uD9pa1v3twHJK2f4Pxk12Ds6C55r4WhWFHa6gVnsqLFyVdaF7bZpBdjrpsofP6svm8XRPLn64Bycsy1w8,64.449
1.0,priced,0.30741216298185775,69919212621.0,82122749401.0,6SB1n4,EC1eBL3b16AN6zb26RcrE5CEnhuiUZR44NmR2Nqjpump,5YPKv1uD9pa1v3twHJK2f4Pxk12Ds6C55r4WhWFHa6gVnsqLFyVdaF7bZpBdjrpsofP6svm8XRPLn64Bycsy1w8,64.449
2.0,priced,0.31257499560365726,69919212621.0,82284082734.0,6SB1n4,EC1eBL3b16AN6zb26RcrE5CEnhuiUZR44NmR2Nqjpump,5YPKv1uD9pa1v3twHJK2f4Pxk12Ds6C55r4WhWFHa6gVnsqLFyVdaF7bZpBdjrpsofP6svm8XRPLn64Bycsy1w8,64.449
3.0,priced,0.31286690144169305,69916993822.0,82290593547.0,6SB1n4,EC1eBL3b16AN6zb26RcrE5CEnhuiUZR44NmR2Nqjpump,5YPKv1uD9pa1v3twHJK2f4Pxk12Ds6C55r4WhWFHa6gVnsqLFyVdaF7bZpBdjrpsofP6svm8XRPLn64Bycsy1w8,64.449
5.0,priced,0.3331660068817432,69914819536.0,82919237601.0,6SB1n4,EC1eBL3b16AN6zb26RcrE5CEnhuiUZR44NmR2Nqjpump,5YPKv1uD9pa1v3twHJK2f4Pxk12Ds6C55r4WhWFHa6gVnsqLFyVdaF7bZpBdjrpsofP6svm8XRPLn64Bycsy1w8,64.449
10.0,priced,0.39749683497345445,69745607767.0,84684111769.0,6SB1n4,EC1eBL3b16AN6zb26RcrE5CEnhuiUZR44NmR2Nqjpump,5YPKv1uD9pa1v3twHJK2f4Pxk12Ds6C55r4WhWFHa6gVnsqLFyVdaF7bZpBdjrpsofP6svm8XRPLn64Bycsy1w8,64.449
0.0,priced,0.3065314666720476,44200093665.0,52011705338.0,6SB1n4,3V1FJpwHLTHc1DMwsVfHVkiJzpB8CSqHkQE8sggQXxLE,3c4ZFQMG7ZS3EXRJmJpP8YUVa64Kvaui4Bsx5RxspyYMv9K4n5y5XtbNmbMTbe1B4wrf7JiiNMmQrNzZEXWe8x8p,10.472
0.5,priced,0.2768671675839367,44712100893.0,52011705338.0,6SB1n4,3V1FJpwHLTHc1DMwsVfHVkiJzpB8CSqHkQE8sggQXxLE,3c4ZFQMG7ZS3EXRJmJpP8YUVa64Kvaui4Bsx5RxspyYMv9K4n5y5XtbNmbMTbe1B4wrf7JiiNMmQrNzZEXWe8x8p,10.472
1.0,priced,0.2032828269835515,45990084644.0,51930698207.0,6SB1n4,3V1FJpwHLTHc1DMwsVfHVkiJzpB8CSqHkQE8sggQXxLE,3c4ZFQMG7ZS3EXRJmJpP8YUVa64Kvaui4Bsx5RxspyYMv9K4n5y5XtbNmbMTbe1B4wrf7JiiNMmQrNzZEXWe8x8p,10.472
2.0,priced,0.23865276593744564,46185640199.0,52908475984.0,6SB1n4,3V1FJpwHLTHc1DMwsVfHVkiJzpB8CSqHkQE8sggQXxLE,3c4ZFQMG7ZS3EXRJmJpP8YUVa64Kvaui4Bsx5RxspyYMv9K4n5y5XtbNmbMTbe1B4wrf7JiiNMmQrNzZEXWe8x8p,10.472
3.0,priced,0.26087083151632023,45861891197.0,53007241415.0,6SB1n4,3V1FJpwHLTHc1DMwsVfHVkiJzpB8CSqHkQE8sggQXxLE,3c4ZFQMG7ZS3EXRJmJpP8YUVa64Kvaui4Bsx5RxspyYMv9K4n5y5XtbNmbMTbe1B4wrf7JiiNMmQrNzZEXWe8x8p,10.472
5.0,priced,0.2655419911329498,45861890476.0,53105019192.0,6SB1n4,3V1FJpwHLTHc1DMwsVfHVkiJzpB8CSqHkQE8sggQXxLE,3c4ZFQMG7ZS3EXRJmJpP8YUVa64Kvaui4Bsx5RxspyYMv9K4n5y5XtbNmbMTbe1B4wrf7JiiNMmQrNzZEXWe8x8p,10.472
10.0,priced,0.6806739041006842,43421189225.0,57943451406.0,6SB1n4,3V1FJpwHLTHc1DMwsVfHVkiJzpB8CSqHkQE8sggQXxLE,3c4ZFQMG7ZS3EXRJmJpP8YUVa64Kvaui4Bsx5RxspyYMv9K4n5y5XtbNmbMTbe1B4wrf7JiiNMmQrNzZEXWe8x8p,10.472
0.0,priced,0.3040799741524744,34644570664.0,40796428972.0,6SB1n4,8W8skxLyDVdPv2oGYj93Jjf5zotkyQxRpMBLuwevZARC,52ccitUcsZQy4YZNAJfEJAd55fTGh122Ghv8XCc1obRJ3GdUVwnve3Jr7ssxAjdHiTqMmpys7tuzSQXRZ5XV7SA4,898.089
0.5,priced,0.27593773389289233,34644570664.0,40354752547.0,6SB1n4,8W8skxLyDVdPv2oGYj93Jjf5zotkyQxRpMBLuwevZARC,52ccitUcsZQy4YZNAJfEJAd55fTGh122Ghv8XCc1obRJ3GdUVwnve3Jr7ssxAjdHiTqMmpys7tuzSQXRZ5XV7SA4,898.089
1.0,priced,0.27593773389289233,34644570664.0,40354752547.0,6SB1n4,8W8skxLyDVdPv2oGYj93Jjf5zotkyQxRpMBLuwevZARC,52ccitUcsZQy4YZNAJfEJAd55fTGh122Ghv8XCc1obRJ3GdUVwnve3Jr7ssxAjdHiTqMmpys7tuzSQXRZ5XV7SA4,898.089
2.0,priced,0.27593773389289233,34644570664.0,40354752547.0,6SB1n4,8W8skxLyDVdPv2oGYj93Jjf5zotkyQxRpMBLuwevZARC,52ccitUcsZQy4YZNAJfEJAd55fTGh122Ghv8XCc1obRJ3GdUVwnve3Jr7ssxAjdHiTqMmpys7tuzSQXRZ5XV7SA4,898.089
3.0,priced,0.27593773389289233,34644570664.0,40354752547.0,6SB1n4,8W8skxLyDVdPv2oGYj93Jjf5zotkyQxRpMBLuwevZARC,52ccitUcsZQy4YZNAJfEJAd55fTGh122Ghv8XCc1obRJ3GdUVwnve3Jr7ssxAjdHiTqMmpys7tuzSQXRZ5XV7SA4,898.089
5.0,priced,0.27593773389289233,34644570664.0,40354752547.0,6SB1n4,8W8skxLyDVdPv2oGYj93Jjf5zotkyQxRpMBLuwevZARC,52ccitUcsZQy4YZNAJfEJAd55fTGh122Ghv8XCc1obRJ3GdUVwnve3Jr7ssxAjdHiTqMmpys7tuzSQXRZ5XV7SA4,898.089
10.0,priced,0.27593773389289233,34644570664.0,40354752547.0,6SB1n4,8W8skxLyDVdPv2oGYj93Jjf5zotkyQxRpMBLuwevZARC,52ccitUcsZQy4YZNAJfEJAd55fTGh122Ghv8XCc1obRJ3GdUVwnve3Jr7ssxAjdHiTqMmpys7tuzSQXRZ5XV7SA4,898.089
0.0,priced,-0.3829807654048035,102137691198.0,82558162103.0,6SB1n4,7hbRB2XwmEsYrymYbREaqTmJHsXvkCin2ewE375qpump,4bax2Ef8hujVByyZ6kzNURUGZ49pcHygdrAZZLs1BWbyuhMbauzMENZugot719yy6T3p8AXDKr2VnFKw2sGv6M8m,154.679
0.5,priced,-0.3835504397996985,102137691198.0,82520493309.0,6SB1n4,7hbRB2XwmEsYrymYbREaqTmJHsXvkCin2ewE375qpump,4bax2Ef8hujVByyZ6kzNURUGZ49pcHygdrAZZLs1BWbyuhMbauzMENZugot719yy6T3p8AXDKr2VnFKw2sGv6M8m,154.679
1.0,priced,-0.38364214295247556,102305670246.0,82649840581.0,6SB1n4,7hbRB2XwmEsYrymYbREaqTmJHsXvkCin2ewE375qpump,4bax2Ef8hujVByyZ6kzNURUGZ49pcHygdrAZZLs1BWbyuhMbauzMENZugot719yy6T3p8AXDKr2VnFKw2sGv6M8m,154.679
2.0,priced,-0.37603079939557627,102305670246.0,83152580540.0,6SB1n4,7hbRB2XwmEsYrymYbREaqTmJHsXvkCin2ewE375qpump,4bax2Ef8hujVByyZ6kzNURUGZ49pcHygdrAZZLs1BWbyuhMbauzMENZugot719yy6T3p8AXDKr2VnFKw2sGv6M8m,154.679
3.0,priced,-0.35673295034262575,102305670246.0,84413851057.0,6SB1n4,7hbRB2XwmEsYrymYbREaqTmJHsXvkCin2ewE375qpump,4bax2Ef8hujVByyZ6kzNURUGZ49pcHygdrAZZLs1BWbyuhMbauzMENZugot719yy6T3p8AXDKr2VnFKw2sGv6M8m,154.679
5.0,priced,-0.36302060237583983,102432249698.0,84108686582.0,6SB1n4,7hbRB2XwmEsYrymYbREaqTmJHsXvkCin2ewE375qpump,4bax2Ef8hujVByyZ6kzNURUGZ49pcHygdrAZZLs1BWbyuhMbauzMENZugot719yy6T3p8AXDKr2VnFKw2sGv6M8m,154.679
10.0,priced,-0.3697104383623352,101190339932.0,82658682860.0,6SB1n4,7hbRB2XwmEsYrymYbREaqTmJHsXvkCin2ewE375qpump,4bax2Ef8hujVByyZ6kzNURUGZ49pcHygdrAZZLs1BWbyuhMbauzMENZugot719yy6T3p8AXDKr2VnFKw2sGv6M8m,154.679
0.0,priced,-0.11615107302872194,52374956873.0,50692877663.0,6SB1n4,D3zXS2U93X5EZ7mEkSSxE3q2C6f35mdUjoXNHNTxTBUJ,5AA5cvQm1Qme8GXZgUHRWgV59mKYYwKDvi36jcU7eQwybJPtEkHpobecjY14RfhPMJUZWhRMpdAL5ErkphNFzBdQ,8.52
0.5,priced,-0.11615107302872194,52374956873.0,50692877663.0,6SB1n4,D3zXS2U93X5EZ7mEkSSxE3q2C6f35mdUjoXNHNTxTBUJ,5AA5cvQm1Qme8GXZgUHRWgV59mKYYwKDvi36jcU7eQwybJPtEkHpobecjY14RfhPMJUZWhRMpdAL5ErkphNFzBdQ,8.52
1.0,priced,-0.12490100510969662,52635559340.0,50692877663.0,6SB1n4,D3zXS2U93X5EZ7mEkSSxE3q2C6f35mdUjoXNHNTxTBUJ,5AA5cvQm1Qme8GXZgUHRWgV59mKYYwKDvi36jcU7eQwybJPtEkHpobecjY14RfhPMJUZWhRMpdAL5ErkphNFzBdQ,8.52
2.0,priced,-0.12490100510969662,52635559340.0,50692877663.0,6SB1n4,D3zXS2U93X5EZ7mEkSSxE3q2C6f35mdUjoXNHNTxTBUJ,5AA5cvQm1Qme8GXZgUHRWgV59mKYYwKDvi36jcU7eQwybJPtEkHpobecjY14RfhPMJUZWhRMpdAL5ErkphNFzBdQ,8.52
3.0,priced,-0.12974928660883725,52655321972.0,50572117533.0,6SB1n4,D3zXS2U93X5EZ7mEkSSxE3q2C6f35mdUjoXNHNTxTBUJ,5AA5cvQm1Qme8GXZgUHRWgV59mKYYwKDvi36jcU7eQwybJPtEkHpobecjY14RfhPMJUZWhRMpdAL5ErkphNFzBdQ,8.52
5.0,priced,-0.22519195309140932,55588655305.0,50387000059.0,6SB1n4,D3zXS2U93X5EZ7mEkSSxE3q2C6f35mdUjoXNHNTxTBUJ,5AA5cvQm1Qme8GXZgUHRWgV59mKYYwKDvi36jcU7eQwybJPtEkHpobecjY14RfhPMJUZWhRMpdAL5ErkphNFzBdQ,8.52
10.0,priced,-0.2529732473886689,55659229491.0,49545627488.0,6SB1n4,D3zXS2U93X5EZ7mEkSSxE3q2C6f35mdUjoXNHNTxTBUJ,5AA5cvQm1Qme8GXZgUHRWgV59mKYYwKDvi36jcU7eQwybJPtEkHpobecjY14RfhPMJUZWhRMpdAL5ErkphNFzBdQ,8.52
0.0,priced,-0.44373514494856814,48709550444.0,37494522865.0,6SB1n4,57qp8FaWAES3u6wDc5V1C1bvMYnfCLjr1K4Wdcapump,bdnMZW86WSjUYqd3TvfdFjdMgp33RL7P148PcKLhU8hVz2wrhmPhynFbXTEUbwLr4ngrKLFFwqnXcCQNifavJfq,16.51
0.5,priced,-0.44373514494856814,48709550444.0,37494522865.0,6SB1n4,57qp8FaWAES3u6wDc5V1C1bvMYnfCLjr1K4Wdcapump,bdnMZW86WSjUYqd3TvfdFjdMgp33RL7P148PcKLhU8hVz2wrhmPhynFbXTEUbwLr4ngrKLFFwqnXcCQNifavJfq,16.51
1.0,priced,-0.44373514494856814,48709550444.0,37494522865.0,6SB1n4,57qp8FaWAES3u6wDc5V1C1bvMYnfCLjr1K4Wdcapump,bdnMZW86WSjUYqd3TvfdFjdMgp33RL7P148PcKLhU8hVz2wrhmPhynFbXTEUbwLr4ngrKLFFwqnXcCQNifavJfq,16.51
2.0,priced,-0.44373514494856814,48709550444.0,37494522865.0,6SB1n4,57qp8FaWAES3u6wDc5V1C1bvMYnfCLjr1K4Wdcapump,bdnMZW86WSjUYqd3TvfdFjdMgp33RL7P148PcKLhU8hVz2wrhmPhynFbXTEUbwLr4ngrKLFFwqnXcCQNifavJfq,16.51
3.0,priced,-0.44373514494856814,48709550444.0,37494522865.0,6SB1n4,57qp8FaWAES3u6wDc5V1C1bvMYnfCLjr1K4Wdcapump,bdnMZW86WSjUYqd3TvfdFjdMgp33RL7P148PcKLhU8hVz2wrhmPhynFbXTEUbwLr4ngrKLFFwqnXcCQNifavJfq,16.51
5.0,priced,-0.4472247327206171,48709550444.0,37378181584.0,6SB1n4,57qp8FaWAES3u6wDc5V1C1bvMYnfCLjr1K4Wdcapump,bdnMZW86WSjUYqd3TvfdFjdMgp33RL7P148PcKLhU8hVz2wrhmPhynFbXTEUbwLr4ngrKLFFwqnXcCQNifavJfq,16.51
10.0,priced,-0.448805641236145,48709550444.0,37325356139.0,6SB1n4,57qp8FaWAES3u6wDc5V1C1bvMYnfCLjr1K4Wdcapump,bdnMZW86WSjUYqd3TvfdFjdMgp33RL7P148PcKLhU8hVz2wrhmPhynFbXTEUbwLr4ngrKLFFwqnXcCQNifavJfq,16.51
0.0,priced,0.8707447242055163,57075290880.0,80223340380.0,6SB1n4,D7WmgnaiGA7WhA1EqvqKRWTjps5hHZ9YuJAY3q86U7yA,2JdkYLSDmwQHn7rHKja4uENsrt27p8KYoADZmjB5UDHmB3xYmbwGU7GquQhcNLfLDvXPRSjtopx6bveHPJz73GLL,20.708
0.5,priced,0.8706512234409642,57075290880.0,80221338110.0,6SB1n4,D7WmgnaiGA7WhA1EqvqKRWTjps5hHZ9YuJAY3q86U7yA,2JdkYLSDmwQHn7rHKja4uENsrt27p8KYoADZmjB5UDHmB3xYmbwGU7GquQhcNLfLDvXPRSjtopx6bveHPJz73GLL,20.708
1.0,priced,0.8557289821102233,57075290880.0,79901148809.0,6SB1n4,D7WmgnaiGA7WhA1EqvqKRWTjps5hHZ9YuJAY3q86U7yA,2JdkYLSDmwQHn7rHKja4uENsrt27p8KYoADZmjB5UDHmB3xYmbwGU7GquQhcNLfLDvXPRSjtopx6bveHPJz73GLL,20.708
2.0,priced,0.8509432174190525,57075290880.0,79798190110.0,6SB1n4,D7WmgnaiGA7WhA1EqvqKRWTjps5hHZ9YuJAY3q86U7yA,2JdkYLSDmwQHn7rHKja4uENsrt27p8KYoADZmjB5UDHmB3xYmbwGU7GquQhcNLfLDvXPRSjtopx6bveHPJz73GLL,20.708
3.0,priced,0.8100588225243468,57569118039.0,79592501389.0,6SB1n4,D7WmgnaiGA7WhA1EqvqKRWTjps5hHZ9YuJAY3q86U7yA,2JdkYLSDmwQHn7rHKja4uENsrt27p8KYoADZmjB5UDHmB3xYmbwGU7GquQhcNLfLDvXPRSjtopx6bveHPJz73GLL,20.708
5.0,priced,0.6197970298461022,57569118039.0,75300884423.0,6SB1n4,D7WmgnaiGA7WhA1EqvqKRWTjps5hHZ9YuJAY3q86U7yA,2JdkYLSDmwQHn7rHKja4uENsrt27p8KYoADZmjB5UDHmB3xYmbwGU7GquQhcNLfLDvXPRSjtopx6bveHPJz73GLL,20.708
10.0,priced,0.4990525314068678,63372417181.0,79714904621.0,6SB1n4,D7WmgnaiGA7WhA1EqvqKRWTjps5hHZ9YuJAY3q86U7yA,2JdkYLSDmwQHn7rHKja4uENsrt27p8KYoADZmjB5UDHmB3xYmbwGU7GquQhcNLfLDvXPRSjtopx6bveHPJz73GLL,20.708
0.0,priced,-0.0913651591287247,31209592680.0,30720703793.0,6SB1n4,5j7h9iK8WSz2BPbVnjfR2UvmqD2MsDw4txiDBtkypump,CfR9TsV4LmM6NzPpGEkGi1FRmfpVkwrzHNUz8ZSX7rqccSEMrH85HyRdCW2cy4qRyfnVDWGaNyN6caW43Lijk9e,2.054
0.5,priced,-0.0913651591287247,31209592680.0,30720703793.0,6SB1n4,5j7h9iK8WSz2BPbVnjfR2UvmqD2MsDw4txiDBtkypump,CfR9TsV4LmM6NzPpGEkGi1FRmfpVkwrzHNUz8ZSX7rqccSEMrH85HyRdCW2cy4qRyfnVDWGaNyN6caW43Lijk9e,2.054
1.0,priced,-0.0913651591287247,31209592680.0,30720703793.0,6SB1n4,5j7h9iK8WSz2BPbVnjfR2UvmqD2MsDw4txiDBtkypump,CfR9TsV4LmM6NzPpGEkGi1FRmfpVkwrzHNUz8ZSX7rqccSEMrH85HyRdCW2cy4qRyfnVDWGaNyN6caW43Lijk9e,2.054
2.0,priced,-0.0913651591287247,31209592680.0,30720703793.0,6SB1n4,5j7h9iK8WSz2BPbVnjfR2UvmqD2MsDw4txiDBtkypump,CfR9TsV4LmM6NzPpGEkGi1FRmfpVkwrzHNUz8ZSX7rqccSEMrH85HyRdCW2cy4qRyfnVDWGaNyN6caW43Lijk9e,2.054
3.0,priced,-0.0913651591287247,31209592680.0,30720703793.0,6SB1n4,5j7h9iK8WSz2BPbVnjfR2UvmqD2MsDw4txiDBtkypump,CfR9TsV4LmM6NzPpGEkGi1FRmfpVkwrzHNUz8ZSX7rqccSEMrH85HyRdCW2cy4qRyfnVDWGaNyN6caW43Lijk9e,2.054
5.0,missed: wallet sold before our entry landed,,,,6SB1n4,5j7h9iK8WSz2BPbVnjfR2UvmqD2MsDw4txiDBtkypump,CfR9TsV4LmM6NzPpGEkGi1FRmfpVkwrzHNUz8ZSX7rqccSEMrH85HyRdCW2cy4qRyfnVDWGaNyN6caW43Lijk9e,2.054
10.0,missed: wallet sold before our entry landed,,,,6SB1n4,5j7h9iK8WSz2BPbVnjfR2UvmqD2MsDw4txiDBtkypump,CfR9TsV4LmM6NzPpGEkGi1FRmfpVkwrzHNUz8ZSX7rqccSEMrH85HyRdCW2cy4qRyfnVDWGaNyN6caW43Lijk9e,2.054
0.0,priced,-0.33104184271795417,50758012588.0,42795354804.0,6SB1n4,57qp8FaWAES3u6wDc5V1C1bvMYnfCLjr1K4Wdcapump,4zTwovSzGqbYHRX9gGdd9WYRAeXL5LMb4ks8Nm726Ct15bz8QxyF6aNmfW4Mf1JTsDXHYkEHSZ2pr6sWsLqjcege,25.111
0.5,priced,-0.3086052198446875,50758012588.0,43500209006.0,6SB1n4,57qp8FaWAES3u6wDc5V1C1bvMYnfCLjr1K4Wdcapump,4zTwovSzGqbYHRX9gGdd9WYRAeXL5LMb4ks8Nm726Ct15bz8QxyF6aNmfW4Mf1JTsDXHYkEHSZ2pr6sWsLqjcege,25.111
1.0,priced,-0.29797101227650336,50758012588.0,43830351086.0,6SB1n4,57qp8FaWAES3u6wDc5V1C1bvMYnfCLjr1K4Wdcapump,4zTwovSzGqbYHRX9gGdd9WYRAeXL5LMb4ks8Nm726Ct15bz8QxyF6aNmfW4Mf1JTsDXHYkEHSZ2pr6sWsLqjcege,25.111
2.0,priced,-0.3049410150760492,50953568143.0,43781529388.0,6SB1n4,57qp8FaWAES3u6wDc5V1C1bvMYnfCLjr1K4Wdcapump,4zTwovSzGqbYHRX9gGdd9WYRAeXL5LMb4ks8Nm726Ct15bz8QxyF6aNmfW4Mf1JTsDXHYkEHSZ2pr6sWsLqjcege,25.111
3.0,priced,-0.3320482231793561,50810712718.0,42807671974.0,6SB1n4,57qp8FaWAES3u6wDc5V1C1bvMYnfCLjr1K4Wdcapump,4zTwovSzGqbYHRX9gGdd9WYRAeXL5LMb4ks8Nm726Ct15bz8QxyF6aNmfW4Mf1JTsDXHYkEHSZ2pr6sWsLqjcege,25.111
5.0,priced,-0.35631757528889646,51754208890.0,42807671974.0,6SB1n4,57qp8FaWAES3u6wDc5V1C1bvMYnfCLjr1K4Wdcapump,4zTwovSzGqbYHRX9gGdd9WYRAeXL5LMb4ks8Nm726Ct15bz8QxyF6aNmfW4Mf1JTsDXHYkEHSZ2pr6sWsLqjcege,25.111
10.0,priced,-0.35861486211364924,51852974321.0,42813204356.0,6SB1n4,57qp8FaWAES3u6wDc5V1C1bvMYnfCLjr1K4Wdcapump,4zTwovSzGqbYHRX9gGdd9WYRAeXL5LMb4ks8Nm726Ct15bz8QxyF6aNmfW4Mf1JTsDXHYkEHSZ2pr6sWsLqjcege,25.111
0.0,priced,-0.23438655691868712,60776062426.0,54744410113.0,6SB1n4,BRKMobay75ioQSMkPVkUJb1pUUqBFVy2TAYYr2RhknuG,2CHsDTz5df2Vwt6aLqnQPX7MPK6sXqzohoTuX7gj8HHBEPVNz9zAsehrKKzLQDcPq2MFzfqWXxKiJ78w3q8t5aQ2,98.639
0.5,priced,-0.24827402814828742,61332135649.0,54744410113.0,6SB1n4,BRKMobay75ioQSMkPVkUJb1pUUqBFVy2TAYYr2RhknuG,2CHsDTz5df2Vwt6aLqnQPX7MPK6sXqzohoTuX7gj8HHBEPVNz9zAsehrKKzLQDcPq2MFzfqWXxKiJ78w3q8t5aQ2,98.639
1.0,priced,-0.24827402814828742,61332135649.0,54744410113.0,6SB1n4,BRKMobay75ioQSMkPVkUJb1pUUqBFVy2TAYYr2RhknuG,2CHsDTz5df2Vwt6aLqnQPX7MPK6sXqzohoTuX7gj8HHBEPVNz9zAsehrKKzLQDcPq2MFzfqWXxKiJ78w3q8t5aQ2,98.639
2.0,priced,-0.24827402814828742,61332135649.0,54744410113.0,6SB1n4,BRKMobay75ioQSMkPVkUJb1pUUqBFVy2TAYYr2RhknuG,2CHsDTz5df2Vwt6aLqnQPX7MPK6sXqzohoTuX7gj8HHBEPVNz9zAsehrKKzLQDcPq2MFzfqWXxKiJ78w3q8t5aQ2,98.639
3.0,priced,-0.24827402814828742,61332135649.0,54744410113.0,6SB1n4,BRKMobay75ioQSMkPVkUJb1pUUqBFVy2TAYYr2RhknuG,2CHsDTz5df2Vwt6aLqnQPX7MPK6sXqzohoTuX7gj8HHBEPVNz9zAsehrKKzLQDcPq2MFzfqWXxKiJ78w3q8t5aQ2,98.639
5.0,priced,-0.24827402814828742,61332135649.0,54744410113.0,6SB1n4,BRKMobay75ioQSMkPVkUJb1pUUqBFVy2TAYYr2RhknuG,2CHsDTz5df2Vwt6aLqnQPX7MPK6sXqzohoTuX7gj8HHBEPVNz9zAsehrKKzLQDcPq2MFzfqWXxKiJ78w3q8t5aQ2,98.639
10.0,priced,-0.24827402814828742,61332135649.0,54744410113.0,6SB1n4,BRKMobay75ioQSMkPVkUJb1pUUqBFVy2TAYYr2RhknuG,2CHsDTz5df2Vwt6aLqnQPX7MPK6sXqzohoTuX7gj8HHBEPVNz9zAsehrKKzLQDcPq2MFzfqWXxKiJ78w3q8t5aQ2,98.639
0.0,priced,-0.3337619685826563,85302849585.0,71647683776.0,6SB1n4,7hbRB2XwmEsYrymYbREaqTmJHsXvkCin2ewE375qpump,5yLEgQNyA349kci8q5P6BxzTorLPhAp8khXuT4nQZtc1NQ5MxmFiDWS7K4n8NgLJ48b3M6Mz9ERq1rkirzJz7Tss,77.206
0.5,priced,-0.31731037634273807,85302849585.0,72517584057.0,6SB1n4,7hbRB2XwmEsYrymYbREaqTmJHsXvkCin2ewE375qpump,5yLEgQNyA349kci8q5P6BxzTorLPhAp8khXuT4nQZtc1NQ5MxmFiDWS7K4n8NgLJ48b3M6Mz9ERq1rkirzJz7Tss,77.206
1.0,priced,-0.3205379782096082,85508182917.0,72521430445.0,6SB1n4,7hbRB2XwmEsYrymYbREaqTmJHsXvkCin2ewE375qpump,5yLEgQNyA349kci8q5P6BxzTorLPhAp8khXuT4nQZtc1NQ5MxmFiDWS7K4n8NgLJ48b3M6Mz9ERq1rkirzJz7Tss,77.206
2.0,priced,-0.3376036917447424,86003796203.0,72028542386.0,6SB1n4,7hbRB2XwmEsYrymYbREaqTmJHsXvkCin2ewE375qpump,5yLEgQNyA349kci8q5P6BxzTorLPhAp8khXuT4nQZtc1NQ5MxmFiDWS7K4n8NgLJ48b3M6Mz9ERq1rkirzJz7Tss,77.206
3.0,priced,-0.30692254960295773,86025307311.0,73678677779.0,6SB1n4,7hbRB2XwmEsYrymYbREaqTmJHsXvkCin2ewE375qpump,5yLEgQNyA349kci8q5P6BxzTorLPhAp8khXuT4nQZtc1NQ5MxmFiDWS7K4n8NgLJ48b3M6Mz9ERq1rkirzJz7Tss,77.206
5.0,priced,-0.2989127438980054,85296066106.0,73472403133.0,6SB1n4,7hbRB2XwmEsYrymYbREaqTmJHsXvkCin2ewE375qpump,5yLEgQNyA349kci8q5P6BxzTorLPhAp8khXuT4nQZtc1NQ5MxmFiDWS7K4n8NgLJ48b3M6Mz9ERq1rkirzJz7Tss,77.206
10.0,priced,-0.25271207370993043,83480756116.0,74221672354.0,6SB1n4,7hbRB2XwmEsYrymYbREaqTmJHsXvkCin2ewE375qpump,5yLEgQNyA349kci8q5P6BxzTorLPhAp8khXuT4nQZtc1NQ5MxmFiDWS7K4n8NgLJ48b3M6Mz9ERq1rkirzJz7Tss,77.206
0.0,priced,-0.10033722064663458,75907780043.0,74014363064.0,6SB1n4,CaMXT8h56YcN639gsagenXyXY3gjGNXTAoJL3qZm4jkR,584wZjdboaPazXERLfVEAa7U3iP17f5ZBoBue2TjuzF6fgqEtURWP4dk8PpezXKD5BjFx8mqSm2DgrZ5GE9gkGEP,130.059
0.5,priced,-0.10033722064663458,75907780043.0,74014363064.0,6SB1n4,CaMXT8h56YcN639gsagenXyXY3gjGNXTAoJL3qZm4jkR,584wZjdboaPazXERLfVEAa7U3iP17f5ZBoBue2TjuzF6fgqEtURWP4dk8PpezXKD5BjFx8mqSm2DgrZ5GE9gkGEP,130.059
1.0,priced,-0.10033722064663458,75907780043.0,74014363064.0,6SB1n4,CaMXT8h56YcN639gsagenXyXY3gjGNXTAoJL3qZm4jkR,584wZjdboaPazXERLfVEAa7U3iP17f5ZBoBue2TjuzF6fgqEtURWP4dk8PpezXKD5BjFx8mqSm2DgrZ5GE9gkGEP,130.059
2.0,priced,-0.12599132165719365,76885557820.0,73896107569.0,6SB1n4,CaMXT8h56YcN639gsagenXyXY3gjGNXTAoJL3qZm4jkR,584wZjdboaPazXERLfVEAa7U3iP17f5ZBoBue2TjuzF6fgqEtURWP4dk8PpezXKD5BjFx8mqSm2DgrZ5GE9gkGEP,130.059
3.0,priced,-0.11588315448015499,76885557820.0,74318988018.0,6SB1n4,CaMXT8h56YcN639gsagenXyXY3gjGNXTAoJL3qZm4jkR,584wZjdboaPazXERLfVEAa7U3iP17f5ZBoBue2TjuzF6fgqEtURWP4dk8PpezXKD5BjFx8mqSm2DgrZ5GE9gkGEP,130.059
5.0,priced,-0.12262036320380615,77178891152.0,74318988018.0,6SB1n4,CaMXT8h56YcN639gsagenXyXY3gjGNXTAoJL3qZm4jkR,584wZjdboaPazXERLfVEAa7U3iP17f5ZBoBue2TjuzF6fgqEtURWP4dk8PpezXKD5BjFx8mqSm2DgrZ5GE9gkGEP,130.059
10.0,priced,-0.21844789110074223,77208422014.0,70202773576.0,6SB1n4,CaMXT8h56YcN639gsagenXyXY3gjGNXTAoJL3qZm4jkR,584wZjdboaPazXERLfVEAa7U3iP17f5ZBoBue2TjuzF6fgqEtURWP4dk8PpezXKD5BjFx8mqSm2DgrZ5GE9gkGEP,130.059
0.0,priced,0.20931843783439086,67735291202.0,76536978991.0,6SB1n4,CaMXT8h56YcN639gsagenXyXY3gjGNXTAoJL3qZm4jkR,5g2Ht2Hh1k5GVbAafu7MxcdfN2FSKuj2X7n37zUYaikeqxmWvVtuTrBjoZKaVPwCxvowPBjctUWweRRMVxkhXfNX,16.535
0.5,priced,0.20931843783439086,67735291202.0,76536978991.0,6SB1n4,CaMXT8h56YcN639gsagenXyXY3gjGNXTAoJL3qZm4jkR,5g2Ht2Hh1k5GVbAafu7MxcdfN2FSKuj2X7n37zUYaikeqxmWvVtuTrBjoZKaVPwCxvowPBjctUWweRRMVxkhXfNX,16.535
1.0,priced,0.11089402745407342,70668624535.0,76536978991.0,6SB1n4,CaMXT8h56YcN639gsagenXyXY3gjGNXTAoJL3qZm4jkR,5g2Ht2Hh1k5GVbAafu7MxcdfN2FSKuj2X7n37zUYaikeqxmWvVtuTrBjoZKaVPwCxvowPBjctUWweRRMVxkhXfNX,16.535
2.0,priced,0.11089402745407342,70668624535.0,76536978991.0,6SB1n4,CaMXT8h56YcN639gsagenXyXY3gjGNXTAoJL3qZm4jkR,5g2Ht2Hh1k5GVbAafu7MxcdfN2FSKuj2X7n37zUYaikeqxmWvVtuTrBjoZKaVPwCxvowPBjctUWweRRMVxkhXfNX,16.535
3.0,priced,0.11089402745407342,70668624535.0,76536978991.0,6SB1n4,CaMXT8h56YcN639gsagenXyXY3gjGNXTAoJL3qZm4jkR,5g2Ht2Hh1k5GVbAafu7MxcdfN2FSKuj2X7n37zUYaikeqxmWvVtuTrBjoZKaVPwCxvowPBjctUWweRRMVxkhXfNX,16.535
5.0,priced,0.11089402745407342,70668624535.0,76536978991.0,6SB1n4,CaMXT8h56YcN639gsagenXyXY3gjGNXTAoJL3qZm4jkR,5g2Ht2Hh1k5GVbAafu7MxcdfN2FSKuj2X7n37zUYaikeqxmWvVtuTrBjoZKaVPwCxvowPBjctUWweRRMVxkhXfNX,16.535
10.0,priced,0.1253005003682544,69959477240.0,76258871138.0,6SB1n4,CaMXT8h56YcN639gsagenXyXY3gjGNXTAoJL3qZm4jkR,5g2Ht2Hh1k5GVbAafu7MxcdfN2FSKuj2X7n37zUYaikeqxmWvVtuTrBjoZKaVPwCxvowPBjctUWweRRMVxkhXfNX,16.535
0.0,priced,0.20628544445532845,74777920810.0,84358770011.0,6SB1n4,CaMXT8h56YcN639gsagenXyXY3gjGNXTAoJL3qZm4jkR,2p7BsWvJ2nZHQcZWuf17ibiBjCCUvHMExPaGJXkUPhVxyR6SjE6Yo6ehnXpQBnYp4TehqCQvwJhG8nJHNSpJWX1H,32.092
0.5,priced,0.20628544445532845,74777920810.0,84358770011.0,6SB1n4,CaMXT8h56YcN639gsagenXyXY3gjGNXTAoJL3qZm4jkR,2p7BsWvJ2nZHQcZWuf17ibiBjCCUvHMExPaGJXkUPhVxyR6SjE6Yo6ehnXpQBnYp4TehqCQvwJhG8nJHNSpJWX1H,32.092
1.0,priced,0.20628544445532845,74777920810.0,84358770011.0,6SB1n4,CaMXT8h56YcN639gsagenXyXY3gjGNXTAoJL3qZm4jkR,2p7BsWvJ2nZHQcZWuf17ibiBjCCUvHMExPaGJXkUPhVxyR6SjE6Yo6ehnXpQBnYp4TehqCQvwJhG8nJHNSpJWX1H,32.092
2.0,priced,0.20348423852779055,74864782160.0,84358770011.0,6SB1n4,CaMXT8h56YcN639gsagenXyXY3gjGNXTAoJL3qZm4jkR,2p7BsWvJ2nZHQcZWuf17ibiBjCCUvHMExPaGJXkUPhVxyR6SjE6Yo6ehnXpQBnYp4TehqCQvwJhG8nJHNSpJWX1H,32.092
3.0,priced,0.21746971284803343,74434082682.0,84358770011.0,6SB1n4,CaMXT8h56YcN639gsagenXyXY3gjGNXTAoJL3qZm4jkR,2p7BsWvJ2nZHQcZWuf17ibiBjCCUvHMExPaGJXkUPhVxyR6SjE6Yo6ehnXpQBnYp4TehqCQvwJhG8nJHNSpJWX1H,32.092
5.0,priced,0.2204327723539648,74343776059.0,84358770011.0,6SB1n4,CaMXT8h56YcN639gsagenXyXY3gjGNXTAoJL3qZm4jkR,2p7BsWvJ2nZHQcZWuf17ibiBjCCUvHMExPaGJXkUPhVxyR6SjE6Yo6ehnXpQBnYp4TehqCQvwJhG8nJHNSpJWX1H,32.092
10.0,priced,0.2280106116848011,74114299705.0,84358770011.0,6SB1n4,CaMXT8h56YcN639gsagenXyXY3gjGNXTAoJL3qZm4jkR,2p7BsWvJ2nZHQcZWuf17ibiBjCCUvHMExPaGJXkUPhVxyR6SjE6Yo6ehnXpQBnYp4TehqCQvwJhG8nJHNSpJWX1H,32.092
0.0,priced,-0.28012018648147463,94419553442.0,82381892736.0,6SB1n4,CaMXT8h56YcN639gsagenXyXY3gjGNXTAoJL3qZm4jkR,29BUZ6e4Q6UHwre4HqhjHfrqoJqeEzruHEEPRU2YbqmdpNfPCi7LFWK59FgJKtPvDMtYJkz4BTn3wY28eZ74ow8z,59.922
0.5,priced,-0.28012018648147463,94419553442.0,82381892736.0,6SB1n4,CaMXT8h56YcN639gsagenXyXY3gjGNXTAoJL3qZm4jkR,29BUZ6e4Q6UHwre4HqhjHfrqoJqeEzruHEEPRU2YbqmdpNfPCi7LFWK59FgJKtPvDMtYJkz4BTn3wY28eZ74ow8z,59.922
1.0,priced,-0.2813325631620069,94498565786.0,82381892736.0,6SB1n4,CaMXT8h56YcN639gsagenXyXY3gjGNXTAoJL3qZm4jkR,29BUZ6e4Q6UHwre4HqhjHfrqoJqeEzruHEEPRU2YbqmdpNfPCi7LFWK59FgJKtPvDMtYJkz4BTn3wY28eZ74ow8z,59.922
2.0,priced,-0.2813325631620069,94498565786.0,82381892736.0,6SB1n4,CaMXT8h56YcN639gsagenXyXY3gjGNXTAoJL3qZm4jkR,29BUZ6e4Q6UHwre4HqhjHfrqoJqeEzruHEEPRU2YbqmdpNfPCi7LFWK59FgJKtPvDMtYJkz4BTn3wY28eZ74ow8z,59.922
3.0,priced,-0.2793853631782141,94302820715.0,82321858062.0,6SB1n4,CaMXT8h56YcN639gsagenXyXY3gjGNXTAoJL3qZm4jkR,29BUZ6e4Q6UHwre4HqhjHfrqoJqeEzruHEEPRU2YbqmdpNfPCi7LFWK59FgJKtPvDMtYJkz4BTn3wY28eZ74ow8z,59.922
5.0,priced,-0.27832456641887937,94234002977.0,82321858062.0,6SB1n4,CaMXT8h56YcN639gsagenXyXY3gjGNXTAoJL3qZm4jkR,29BUZ6e4Q6UHwre4HqhjHfrqoJqeEzruHEEPRU2YbqmdpNfPCi7LFWK59FgJKtPvDMtYJkz4BTn3wY28eZ74ow8z,59.922
10.0,priced,-0.24699859426527107,92849196889.0,82839956556.0,6SB1n4,CaMXT8h56YcN639gsagenXyXY3gjGNXTAoJL3qZm4jkR,29BUZ6e4Q6UHwre4HqhjHfrqoJqeEzruHEEPRU2YbqmdpNfPCi7LFWK59FgJKtPvDMtYJkz4BTn3wY28eZ74ow8z,59.922
0.0,priced,-0.3691659939605517,100304121748.0,81971323200.0,6SB1n4,CaMXT8h56YcN639gsagenXyXY3gjGNXTAoJL3qZm4jkR,5ZUY3ZstfQn8ooJAz4s5jB78sovwUP8R4jzAQf2GyfQkgknM1svJv2dn3LGzpAzxHqxSEKnK7Gzjmk8fw4nQ2uKn,35.595
0.5,priced,-0.3691659939605517,100304121748.0,81971323200.0,6SB1n4,CaMXT8h56YcN639gsagenXyXY3gjGNXTAoJL3qZm4jkR,5ZUY3ZstfQn8ooJAz4s5jB78sovwUP8R4jzAQf2GyfQkgknM1svJv2dn3LGzpAzxHqxSEKnK7Gzjmk8fw4nQ2uKn,35.595
1.0,priced,-0.37868194593926763,100797948907.0,81757578636.0,6SB1n4,CaMXT8h56YcN639gsagenXyXY3gjGNXTAoJL3qZm4jkR,5ZUY3ZstfQn8ooJAz4s5jB78sovwUP8R4jzAQf2GyfQkgknM1svJv2dn3LGzpAzxHqxSEKnK7Gzjmk8fw4nQ2uKn,35.595
2.0,priced,-0.3867950966099781,101291776066.0,81625426027.0,6SB1n4,CaMXT8h56YcN639gsagenXyXY3gjGNXTAoJL3qZm4jkR,5ZUY3ZstfQn8ooJAz4s5jB78sovwUP8R4jzAQf2GyfQkgknM1svJv2dn3LGzpAzxHqxSEKnK7Gzjmk8fw4nQ2uKn,35.595
3.0,priced,-0.38653280945340335,101270331494.0,81625426027.0,6SB1n4,CaMXT8h56YcN639gsagenXyXY3gjGNXTAoJL3qZm4jkR,5ZUY3ZstfQn8ooJAz4s5jB78sovwUP8R4jzAQf2GyfQkgknM1svJv2dn3LGzpAzxHqxSEKnK7Gzjmk8fw4nQ2uKn,35.595
5.0,priced,-0.3816866807197363,100863062285.0,81614545960.0,6SB1n4,CaMXT8h56YcN639gsagenXyXY3gjGNXTAoJL3qZm4jkR,5ZUY3ZstfQn8ooJAz4s5jB78sovwUP8R4jzAQf2GyfQkgknM1svJv2dn3LGzpAzxHqxSEKnK7Gzjmk8fw4nQ2uKn,35.595
10.0,priced,-0.3536179472452966,98601849582.0,81558984721.0,6SB1n4,CaMXT8h56YcN639gsagenXyXY3gjGNXTAoJL3qZm4jkR,5ZUY3ZstfQn8ooJAz4s5jB78sovwUP8R4jzAQf2GyfQkgknM1svJv2dn3LGzpAzxHqxSEKnK7Gzjmk8fw4nQ2uKn,35.595
