epoch_ms,wallet_label,mint,buy_count,hold_duration_ms,wallet_token_amount,wallet_lamports_spent,wallet_lamports_received,wallet_pnl_sol,our_lamports_spent,our_lamports_received,our_pnl_sol,sell_signature
1785043174230,Doji,GkynoEYEqShix2ts8Lnbe9Tmy7agQjXgoUpyVHyZpump,1,1933,5924487055323,642855321,360519120,-0.282336,249557732.23114,243447498,-0.00611,3ywNjybghA2ZehGE5eK6cpzzDNbVNi3w7XN7B9rssYTg3oNxhfzT2kKZXDtEaEKuzLpwTrQyyLChpuBe78JusK1D
1785043182745,Doji,FLvEPaLo8gwDgmyC2KPHjQLHC8kwRbsXQJr1VuDvpump,1,1943,10802359844385,748712445,798532259,0.04982,723938352.294754,703504718,-0.020434,5VDfJSuMRpQ1oNhGTFqN9P28A6vg7voAbdpv4fWzzm35rtRDSb518Q5QBZYbm5TkFzMD9A6oDFJKkj53VGm2inXr
1785043184676,Doji,GkynoEYEqShix2ts8Lnbe9Tmy7agQjXgoUpyVHyZpump,2,8499,14893103530623,1183329297,1748087195,0.564758,620379783.26754,586339373,-0.03404,bg5oiJSFawcF86w8zk5qniPMYNS2PQ87QUnssyN1bn9k529cX2UNvkufHB8ynFedX336yvty9EW2eN3guztFCTN
1785043250061,Cope,61Y15bMKvxzuaiHmMGa6CJ5zzbzg36o3Affyk6Rapump,1,1931,24653948466639,1266079079,715266182,-0.550813,705509839.766747,673817514,-0.031692,4GMAGRBfi36sVJzTh7Jh5BD9cogMq1C11xQUQzEbyQSe5jXFnAMm9LQdpkmyPM4TAPbqwuJmZhbBzjXWgWe1jacD
1785043275318,Doji,GHJK4QBGu5usxpVSxpSGZpoc1MMEEMkwxMcRSrbPpump,1,1934,8231701192264,470945227,297763184,-0.173182,302819411.306587,297559352,-0.00526,Z5Qc5ZJkhFZyVoQTe7jt4JiXsdeZPqVUJqpAKzZ8NTaNY5dnhS8Zb6PMGdBnHZz7rvnDpH8i2QF95vs35LjZfAm
1785043966861,Doji,DX39f7cpSRNTd7u4cNqaQPjRyHS3kXCfUL3TbKjbpump,1,14154,4492971201339,708496233,706432701,-0.002064,497265930.541183,591792118,0.094526,3k3xteA33iTyFLms1mmpLAeS8JjaQtt5MVFCqzT3Djt5EXCyT8RpS1peUjuvLQZaTVV9e6rCSQQA7yuNNVFVS9m8
1785044103823,theo,6zeFbgoK5nHDGdbtp5apAfak1gJSrmDUsD5js5tEpump,3,72400,10293788135323,790815000,1781262832,0.990448,642144980.243668,1662036315,1.019891,4r4d523QRnzRkST1gAhA4LZoJVz5gXsv1nq5MvYeDUyqSaU46RYn2M4idYoNbx8vD3SXGTajNzy9UjMvFcxVa85P
1785047844742,Doji,AJLXiyfHVWnq2u5CfMnmxspbp3eK4hnfukC5qCMppump,1,1600490,3209076891019,436185445,1527163895,1.090978,410651931.515106,1651485378,1.240833,3xZK75zqeqnfeaWm9vhdLKXxC77SDCtvESwgFG54hwyuoaHcUTk2aVVUh2k3dysF71KCfSjVjjYbnew6K5rqScex
1785054656794,Cope,F4X5rr6YGHusg5T2cXEd56ovHFhVD2JQwChLPbvTpump,2,64289,30603944791093,1945224897,1354867263,-0.590358,1844168236.421898,1551986973,-0.292181,zokjyoyf2RX3ZzkXyZaxP6AkYFRRrB4WH162Xu2CgVdV4CGsvQomhrmABQazZZtDJmXYmdjhSUc49sbWpTyVDED
1785056204497,Felix,EUhZMzAw2zppce9np8jLuUnpRJHuuZwhK2b48vujd8jt,1,45827,32712255189226,2004079080,993896815,-1.010182,1798157655.708031,891261386,-0.906896,23UsWzVsDRhKiy63ZzGdnV1j5DVDAg43JinEixEST32xiFbyw2En2VXCb7jDaG1GfYwLdAqyLJpFqwgdb7HbXkaw
1785056288037,Felix,5p4bs7DDwihkSLDs4ctFJaxqdknULS1CUwo2Jfbbpump,1,9004,28759852477171,2004079080,1204249344,-0.79983,916447791.622215,837906810,-0.078541,9P26jDqmzvpsXbLmz4HWCgLDKEXZXXs52bYwZ7km4io1NfA5btT1ht41YSgWZc24GZ4cEad24Bqd9WTyqAzMr4f
1785058933111,Felix,FWC54DmRVTr2hLbgQKS1eok31RLcQJBS3HJV2Tenpump,4,7358,10939120071579,410094080,300078169,-0.110016,328220241.511147,323938114,-0.004282,u5tH4VuCmqbkUEiaUUWEsSbpEjVn6t4JxGGUBeef2anL6uNaSwRH4iGKB2Jz1ZyF7zW7ingSZcFkKJSqRRySB6T
1785059819895,Felix,J5Q8gFnpgrwhunUz1ygymS77kiCsgM1ULobDjYBHLZ23,8,18794,19528485028278,818114080,677026045,-0.141088,559709709.253639,550503440,-0.009206,47KgNjyfVLkcg5QXRju2YrirHEXgGHNuCJFurWbAWWbaFiWpQ3petNxphquxhyTXaE7mJf7cAZ1ChUx6BYuv3tJa
1785061568160,Felix,4Ne3JQKPgEbZMU4GBobkAkmTZcEhCf2xVc321bjevdFR,1,13994,25200885907667,2004079081,1285868472,-0.718211,1651621252.058922,1071238093,-0.580383,3EAjUpmpDRQV9d5zHsKoBNLVqc6Y8PjH8KQ9PhyPxCCfbc46kTuMgZ7T8LRTcKMznBUssMSwQimKLodW4L4FLBp6
1785068335101,Felix,3jELHUCxnuis8Z7VF5najBQ3CsEEf16ouagzz8dvpump,2,40939,2272136186505,204010000,1478739507,1.27473,189637846.00988,1540459425,1.350822,ZHt1HERfVwRaSz2TrWY4xzSQmR5nGhn8UWJfvXisDiiJQATedHh2P4J4SjbAfSpVaWucwxBCT3FiJvyHGmNdUzX
1785073013515,Cope,7SvZS1nR38kgRbQvxUNBRz5w6e8i4S2p73A68P1cpump,1,34573,850599592130,52576018,930905219,0.878329,40220884.987358,845225876,0.805005,4EhHmv6Eo8vzbYjeTqp2FLH3n91jqiNHYD57u464iZt9X9paCVhoVfHggLMhb95paD3BL4dtUdXtqKXu6Fhi6pTq
1785075306834,Cope,Eds1qn9QeZThB43xZXoiciTthy26DyULNNFcmuLvDSDj,1,1331690,16841244214354,1266223313,3471398220,2.205175,1091961632.184441,2910634111,1.818672,5YMi55nJxEeahmNJbLSVVz5ofddi1XBJaC7HBpD1UnBPDEQ3kggPEzNccc262AenZtwJNAXL4qkTg2cnhehymU84
1785078170191,Cope,HFc1bM9ngPkhm3Y6wK7LD873tniwgEDdXzLyXy1bpump,6,619831,26051005355553,2981497490,887257376,-2.09424,2644186618.132904,1212233896,-1.431953,5CPJyYDFTLHGD1XqqcF9dyUjXiEeSiRP5yjyjnoygQ8T1kgo4jGtMxzdFMamGrD1tHAEMLDdbnSdQXdbsNtKuRhx
1785078571034,Cope,HFc1bM9ngPkhm3Y6wK7LD873tniwgEDdXzLyXy1bpump,1,211434,476934281620,54824733,724785222,0.66996,47872392.396629,635289070,0.587417,371a73KJYzHPbj2SeRMrFLbDQAyEoS1dbDJc42YV5AKsVTou5UXn1bBDcSNkJymAa7xr9Z8eJEWwGrMEM2edebG
1785083151140,Felix,5HMVCA68erQw6c9cvPNUbRyvk3eJ2q1u6jJuaHRVpump,1,239826,20577340768111,3504079081,552448905,-2.95163,1501378468.824944,680215460,-0.821163,5ncCDYMPEE2iZf234H621vJihj5VKo96t4YXJy5gEEsXF8zVcGQt5LEnCUJsrXk47tY1NPXrj6cwdheuartUbRA5
1785086334129,Cope,6cLNTA2yXpwnc8X1x1JAbTLiejgTjAFpRG6isyvapump,2,705507,14619946627530,1944690009,1557202155,-0.387488,1852683543.851295,1264624063,-0.588059,5Zv6yTdG2Fc1PDvosfJkZQsRvaDYcj1SoXovojySDXGeK1NViZgadpCfZ5FxeThpTBcw1jy81r23zRNAfXRtRdj2
1785090251529,Loopierr,B5z31j5BoAF3FCBnCDEJjF2Xbvm4bSB1WTuTtRRdpump,1,26721,8824520143846,2025548647,1123086765,-0.902462,1959480384.507538,1423001677,-0.536479,2NtNfrDpe6fiwY9tYRDAdkpikyHcXFDjqwKCr1DeaLrxgsJZcbwt9SuRHzqtp9NGy7iqsZrdHY6dd9GKYgPtvdoM
1785092085521,Letterbomb,7dSiM9h54a8wAhZXmAwq2rkfz1NwAYuUcLRj3P2Tpump,1,37890,12541784784426,1687484109,1123103615,-0.56438,1654856432.943222,1207461695,-0.447395,4fdJtsMStKYB1GVvi3MGZpwWFpToRPwWNZAb5oBELYTbTTm5NunVeR2L42iqyaRB7FdNPm2njgJTGcU9X4Xj1n5
1785095239233,Letterbomb,BGh2Hpm1QtedLdY9MM5SW8G4fLaRyAtubiHs3X4ppump,1,1755,35744664906893,1688206434,1217729990,-0.470476,1034026013.4053,967348189,-0.066678,BCxdGntyXkXJZzaGEC1QsGxYNf7ptpcYibMrk5GkJbdorKromdkEQQUtxoMavqkPmQJKiAkbpuMQkPQ2XTycqmU
1785095255392,Felix,EmRqQP6WJYU4BhTg5KkeATLjSkudQDm8heEou8mhpump,1,1759,10106084594290,1048548447,889516064,-0.159032,433879444.610603,423926078,-0.009953,2mBCQgGpt1E4LrsoAfBsLa8aRvH4TJR6UPU8FdJ6hf6LGXeBAFE7W8GXP8Qha7sF6j6yUTtuJMMztZqRsrUpMmxu
1785097148482,Sheep,85UGBWo5cFJJLaaU4U3dRwXriYZc2cSK4Ey66RfGpump,3,7834,25377816900826,4085160621,3916291346,-0.168869,4002229655.272308,3476357511,-0.525872,4TnwLkJ5SfBcNFdfaRtmhqmmJZ8qtWZxY54R6UWM82cTDqdpgUJdrjsJnpbdiAsFK65dePRrqQAAiNa3d2s2MEeg
1785097523187,Letterbomb,7anHSMMvXEvsJ4qZPtXULP5FCtHgy4knXNZEArmTpump,1,11098,47282420131646,1688130102,1403103555,-0.285027,1382907663.154453,1386359515,0.003452,5c9QViV1HtQJfmbePZwb5vtd17xo3QpYiGHbkMjiWrMcKGTD5KFQKxPSokREV1nFQzFratTFGX63QC3TUpxHwD2E
1785098536493,Letterbomb,BChahfV9HbPQjR9A4jyseZXkME3CKpYgqALidADopump,1,42863,1694966675762,104250723,1280741723,1.176491,84700933.29496,1064952930,0.980252,KNWTEr7c8JVL4aJcb7mEn7nMZpwcJyERzttbnNKAbYj97WjbTgdwr82RiRxinTRezwaybKEqQgFcUdrgHy2hEsL
1785099955494,Letterbomb,BChahfV9HbPQjR9A4jyseZXkME3CKpYgqALidADopump,5,11501,4136086546418,188314721,766746174,0.578431,148069505.736828,506202215,0.358133,3qC2GAr7gQmiX1ErToMJrrGU26H9umKbEbEeyqmPekMZhFsi9ZWAw5CxZpBdRwAxqhvXJixX6Rxxa6e5J82XuSxp
1785099963416,Letterbomb,BChahfV9HbPQjR9A4jyseZXkME3CKpYgqALidADopump,2,6165,1465615809428,75366162,1257786814,1.182421,43151103.832878,963596640,0.920446,3nJZi8cHB1DQavT8RYcYEwDsVBNPgR4bFFx923QdVttkTPMFJsw6j7ETgsxmPimm78hVrjz5n5Y9VLEqrAgZ2ryp
1785101826311,Letterbomb,EECtgJhKYmB4SJti5mopYdPNjwmdFQfbLXDcxpurpump,1,87391,24742038859943,1688106478,1412459865,-0.275647,1570848923.435608,2175363466,0.604515,fQPMnUs383A8RE1ij7WAqCUpvyxNf8bVVSoZGhKjBHXdYSmVCykbNUP3zFAqqRYp53Ke1BZWJcfLggYvcKLmUWX
1785101883730,Letterbomb,4NAcSegb2XbwCJnZAUn9PqtyxXCVMSNi1XzYgz3Vpump,2,28906,5945545516396,425595259,557401953,0.131807,225021268.953049,556643334,0.331622,4FRQqM6RbvThgyD1K1mAa3NPTZGgAVyFgUscD9sK1R9tud9KHZEfY9yMhu4qukScQWe2wCFxzvFyuokLk4u2tFQK
1785112825085,Zuki,2eqmhneFqFJfScfXY2NKzUf9XabvuJnLgHS9wNZvpump,2,35515,1305772271012,244410000,1594488415,1.350078,172364267.967567,1623632976,1.451269,53RmPrWRKurRgqtNnEk81VHvZ2YSHmv6RL7eAknFm9Ei986aYNdh6WDXoxU45VGQrucaCaT1MudPb33sWggA1Z71
1785113830063,Zuki,4NHZpMFSPb7Wk7DVwJEiMR5bu9EEe4WPMFGw7Giypump,1,40156,2290552824703,239405000,1365099754,1.125695,185729003.462173,1335144035,1.149415,3ecJVPyc8LFCM6FAH1ZeA3N6S4fSBsRW3i9QJZhxRNaXbLwxWFC3NT7hdipToFH9UE2Eyw1TVcPFDgZ764hUrpJ1
1785113956284,Zuki,4NHZpMFSPb7Wk7DVwJEiMR5bu9EEe4WPMFGw7Giypump,4,18776,5564621992427,488820000,2231182650,1.742363,409184549.403961,2073568675,1.664384,2vKgPGkoyqBbvk68ryNSAxbqjb1NPg4rCfLDZTab3pi7FGYcHr7UF6k7uNbQaLJHjJkrMR9MMEZRgtt1hbA9pnfV
1785126429795,Cope,J3paaPgR47pPs4E6s53fgHeQ3gFC3uzLj7qexug1pump,1,1768,12824602267758,2023600171,1475856623,-0.547744,1146394505.617706,1098919503,-0.047475,2MLLdce8zgYXFKMt2Cz67NzvCFyU3eaMjL7dRvDDvUfw7T4ce9CkqB8y2ucfFndaep3M85xRWSw1aPG5TGdykgh8
1785126741470,Zuki,DdRHJPGjuJ1x1vZknwK792MCDXx2izcpjNHsSB2T2x8o,2,23765,2591204363037,243756021,824640546,0.580885,120764792.699928,941869350,0.821105,446dBwy5sCboTnwYVQC3CuvxJdD7xhFMkG5RRM5k7f2SLH6zdaQTuySqB8nWkqwGEsvt6cM9vXxgbBPkw4u6DuZB
1785129870748,Zuki,3KGPPuCmHBr4CPuttpJLtZfQXkjNqaAG9cSxwbNUpump,2,109975,5499890955874,478810000,2223634924,1.744825,364744442.401649,1601125775,1.236381,3fWquVNKznqFT8nhEkCR2KXTJdgDZiF2aqdkWdeVaXq8Cwk5Gn1vJQkASNmJxWBR96dBFV2Fb6poEQMcTT5DokJy
1785130140925,theo,66XdEK1EMyMNUKjAHKSvUyuJAxNWwiiWWyc6157ipump,2,9781,3598173357641,527210000,5809846803,5.282637,354954594.298431,6830550973,6.475596,33qmovKpC1vTCx58bh8xh8EpBiz2ixyQCFCdvVWdXUzUasMjpB7uBbRd5qAouKL5mqM6cT1h74rF8Exh6hYbvr9E
1785130718921,Zuki,5TFVdGxMc1acnXYVb3t2csZpeYaeHmnmhhtecPNSroJZ,2,15314,23665943347743,1730538413,1501089739,-0.229449,1568046340.600685,1699481311,0.131435,3LvZhxbiR9R8AbiP14o6Fd3HEcuDrQNxZoGQ5PwJqncFHa3xXxFeiWcKcafxqKrJmJSPr8CN4aZnKDcX4S8J9Dbu
1785132626826,theo,GryL9KAqVjX6iVxkku4EvB1GRXZdYbrde3BjTWRJpump,3,4329818,10742390064374,790815000,3874380357,3.083565,774376979.773376,3240111637,2.465735,3ShRapGGN4L3z1KVMDwJNVPQckKAjxYQBPg3iMKLXDEkhf1W4nGGo8s6rr2xf5aikakARnt2xuJ2JCiLyGL2jPCu
1785135317952,Felix,DN9bckCNfLWs81tVWzEjqfGeze8JSkV2W8MLB3wCpump,1,7304,7630596730305,339382149,320707227,-0.018675,327302223.925018,322373639,-0.004929,3834CsK8LoEGPpBb4ghh5PaS2txbhvUF9jbdpj3zjRkpxye8Ju4TEE2AzimLUYAvDMK89WfBppGSLnTSxjyGy7GK
1785138274909,Felix,97hRiZYuo4aA44Vbjop9134WZzW7ToNA5P5UwyyFpump,1,12832,9979725581483,463769931,431650766,-0.032119,394519378.607857,276451867,-0.118068,49fYx878YB5M52HXr3p3xPZJp7F959SRaVcj7Nwait5QRFXkqXxEUuvPXNRVHdYq46Q7Z2ipJxPja1iQf4uzhtkA
1785139409653,Felix,HDC8x2hjeQFiv1JVq84V1DoAEXTevtFkjHEewJp2pump,1,21055,8084167424943,1013141383,534725023,-0.478416,881220195.838814,416455901,-0.464764,HaMkzzHex6WUBMvNmMofpHHH9HBdFEQetPt62MvjCYQcrDJbdvtR6LNnPQ8fPwK35qvYL9SsFjixkT39ivWDC2q
1785140671084,Cope,4xyPR9zEE1rusiLattRvAtJWNFcswbstTyQ59SPxpump,3,63822,13205587069741,558872704,1349998245,0.791126,436182276.39122,1174525191,0.738343,4jzAnqYtsYCcAvJuo7jQhoFNxbMs77oZsCw8HjgJuwmnGnvbw5gK5wJjCQUrNofWwmecQ6PLAYpZP67jCwj7v3pt
1785148258800,Cope,8vLL7XbRJ6k6DyEHhF3EojSQPKui9AFDL2UwJEQJpump,1,1830,29966540734952,1266409503,968605404,-0.297804,861905450.598083,815071165,-0.046834,4AyXnPkrViHCMZdQZK995x7VPtjKjCeTWMaMpLfXjdpeGiUdn4AQ7CMaK1DaLijr8jJGFthnLRJuAJAjk6QjVF6
1785148266454,Cope,AWRYBFNsnuPwhjkvNk7FUKqbrTNLzq2rGqJ8sbEmpump,3,5785,26174456821681,1372797979,1028128317,-0.34467,920899356.706165,874550450,-0.046349,3NADqustwVSjXkuE9HJB2ouyGBYSq8FRkezDfeqcxrCmRYYrgshyy4oiaKEUraxXffP3QGuRpWdr7CCSBtq6tvjF
1785148268287,Cope,AVjqkkDysr1EiDoJ4fZSqUToo4ZpaPrLuJ7QXjE24eGa,1,13396,24605281530095,1266301265,697323751,-0.568978,718715756.343788,686170777,-0.032545,2YkVLNZyJmqXvbhbGuqzUQciHi7jtaryESyaNmHhvJMAvzsFwvpnwExGbVXc1D4xaetnUopbmHGdrFngWR2hRmBz
1785148428457,Doji,6XAufQ4XzCekZA9KB8ZWxaudGJ98FdAkKhkb9C9ppump,3,140930,20222672149500,5857970786,255255715,-5.602715,4855324624.358765,243530567,-4.611794,4kDyKosiBRAjw4xJiKUC1vWoWaorFPCM9r94RZuzcTev7jeDD14Ph9VoVBTooG43RfCzq2utKbPhnfDhaYjz2rub
1785152590571,Cope,JB3YBxVcN4mHspWCKwuyz7oi7MmZrdCoY5HTyF8bpump,1,6578,31504826515190,1766855286,1077516269,-0.689339,1277241070.675354,1077462153,-0.199779,5YDSokZFvSsYCh4TNz7RnCcLFBFYDBHVdB3EKZphUAuej2fHnaATKNHTCKhU5KTAhw3TkjGtYcvM7S1yPrmcWovW
1785158493666,Cope,Fy26W7Lo1fktq8arKZTUM5MddhhiDk7RUyJvNDvGpump,1,6084,9329007164181,1265966137,1042922714,-0.223043,877627938.572289,894530662,0.016903,4WsiBTN8DJzaUcEuaKeua5kDKR8Msrd8JMwcBqYkQCHFQssJWPRzFDwMqN1S7MH1C8mzeUjHk3gdCB1JX4uNhr2X
1785175568178,Dedmeow5,8rFxWZ7aU3f3YUFtj5jYmScHpbwS3TVoBKmCJ1e5pump,1,3750639,17229117760405,523329134,468549414,-0.05478,576969239.904102,474096247,-0.102873,oeZQvCybcQC9t6hXgQQZHEnb6idfUsuABEWAnbaWCrYxarYtWcL3jZxmq1TCDyj98xG18ECd2fUFPMVpYDnS2eH
1785177303518,Dedmeow5,4tx5zD9MBnZoDReiWqqpeYCrZzDCvA1wkPej5isdpump,1,382114,29356186384849,1022043272,830109117,-0.191934,1032810307.090607,813105939,-0.219704,2UfETpXpmkpJbxcUNGdyG6HqmzBPw68aT1bQd31DVak23j6M9yx7GnPtVb9hb3Xy9HWWyVhKiRG4uCRJhbZk7rA1
1785177886516,Felix,5CwRE3EWUPVZtfv9QBnH2pKZu4xqvhsiLMEHY6AUsQ8y,1,10374,8555482230481,356402910,278905555,-0.077497,288631227.695534,283076878,-0.005554,WbPGDAgoMkyjWEDzzPpZYLrFJ44LAKUyQRp1hYg5PdUWtDLRwqypEo5yoAVvpm4U86AXPKrW1XeTD8DcbwgqX1f
1785183062739,Cope,BLJ4QzaUhJLJYYGbPfu1C4fFZ49oQE1euZzHCW3epump,6,69284,10602611403586,502613821,1174245221,0.671631,425238074.527214,1049783564,0.624545,5ckgwnWHqMFr4129CcVaido6moi5GwouEzYTxPRaYG996DzwqAvKDsaTWCVMTR26XwUcZQ3rY5PT66TNs85ThqAY
1785184047766,Cope,DD21T9c4x2diMmT62DynMqAkjWR9zKLz6cu8VbTmpump,1,944261,6196233270844,845597879,428793416,-0.416804,491654361.325188,416415621,-0.075239,3yLsPZs8HAKL1eZzFy9cM78M6etpKjGScMzfLY3MsZzZfCJ7eiW7gGsTnkYrz6LgXPtokSUxyWGwC7jHMFNs938i
1785184773638,Cope,8PoLji879M3Lmoxvmm8z9HDB8qUkFhaWR2g4AMwTpump,1,143440,1464306739011,453602125,1609124999,1.155523,376567145.448959,1751757623,1.37519,5ZW8EGbiNk1drTkq5c6xGqZb9XLHb8BrydD7nGS2SQfG5DibjHuhLFhcLES6KXgyhJmAWuk8QkB2fgCHX4HwGsM6
1785189972752,Boomer,EGV1kuBESY8C2tDABCMSWQLaZYz3R1n5AX56gedbpump,1,881393,2995631383273,109305003,745983858,0.636679,107386490.852318,737204878,0.629818,3QC5GC5Mau2R9onLYgzXJXb8YnhNCzuBw5eW7HGqe1FT1ZJeMh3Yf5uNwTx5KmRxBgKhFC9phzvTjG45ocpTzdwR
1785191114810,Zuki,6R2YY4A3CyE8QuCht4GmKJevnNx3Kqz9bRrakzmBpump,2,12959,75865438619128,3710484080,1255564748,-2.454919,2874579913.083977,913116421,-1.961463,2YcPRHJK8iC8d3fztohZf6uV4y9Z5gYBkve9coQAPoMhqWL74BmuHRYaCdUDMDQE6H9NkS4xVv9WgpUSSMjDVEi9
1785191144562,Zuki,EJyiSM43Q1rsnGUSCpBaFiHFJu4ayyiZUtcTvUCRBUAs,1,10357,32746785564604,986050801,1115220772,0.12917,952393240.80772,890664998,-0.061728,2kD88hC911XrYeVJLRqHWFpwxfUWfYhYGbuhUPGfeBa7nH8DG8xigKjqDzf9vTk1sxa2jnEGTRprKkie8GUj5xgV
1785194971593,Sheep,DzF3D7zJuCZ2jXtznbmHrqwRw84ucLBasvQLSMompump,8,53202,29699608116025,2216804340,1917311866,-0.299492,1995522896.304016,1819332909,-0.17619,2XgfmfRcoZ2BTCkh7LK226uo73rgaujyMQ6bvJSY56uzDHoX98tMzxyqsjy7WjTQYSRPHxro8nKgY1hEVVJjQ1d9
1785198247149,Zuki,GuaanQF2pHGyBns3CZq4gGMBUFWYC9TNa46qZ8umpump,2,12276,27424326969309,903037153,1006002280,0.102965,826728165.737469,784541709,-0.042186,5JVzcWdUehZruEhzRy8MwEHBzLScV88JZafyoDYejjg3Hx1FEHxNxmPYGm9tcBCTnDL9JWJMimH4rhxb5HimgHLA
1785199877767,Zuki,5nRdv6e8xaTQXhbNVPeLKXrNGLphkMGi6Esh2HEipump,1,14588,83372938585436,3471079080,1500339311,-1.97074,2678171195.037342,1165356161,-1.512815,3VFR81JBo6A7umcWmQn9ZWWdMaQzVFnNDKeraNzDgiAN3wbsyKoGNPe62i4r9G25xTfBh58XHQxV2YhqDcBvyCBn
1785200112588,Doji,Cyu6WXevdPoRw2bT2uptfyuq6Je3K95sJZrhi1WzGkmW,1,10569,8148984616680,705199405,232383099,-0.472816,235595415.299389,230420827,-0.005175,6SdB1RDrrBMUhbweN1Ve7oz2vSA4A7yzzikEdWjxM63HUZv7kRD4rRAsUUgrbUWJD9Ntj74d5Z6QKtUufvCjeXo
1785201784850,Zuki,3nE1DeCkzBDdQBUy4UXcqGD1QA2QDUTy8HC1sYs1pump,2,16335,4381251563776,478810000,2234290235,1.75548,262373853.710655,1503892533,1.241519,JqGh2qPJa9pisJNAbz2UDswHeDr2R4nqQNDep7irqCbWMYdP5u2oUYvrvvVx7kSJwG4LGbimumDwt5HkArcikzP
1785210762844,Doji,5DR3EbhYdhY655ST7aykUDd192Weo8YNNiY3fKpspump,3,98005,16293437329427,1452198120,497607763,-0.95459,496623511.916096,454544256,-0.042079,549armgXmrZZyrAzPEfDUCoZ3ntu4m8ZTXMKHFuQDRZw7ko4WdUAbiktvyDRgaBiW4YwZgB6Wu8xNvoMvD4aNLWN
1785210791712,Zuki,BYL1io2NYwShE9VWVM3jsqw2BJPdTzvBis1VTXBupump,2,16085,4057538993232,243812771,1116433991,0.872621,155566218.408203,1142178622,0.986612,5XGgbEx8dTPX8nPDvGDTs9SS59bBq9SR5YEJsh8GzkEUhuugffMN34GNkKcVCfuADMyAPFb6pEynz4MYb3b8MyX8
1785210982336,Zuki,GnjH9PUefdr1k7GawAr1tMgtZnrHTD9DRhPrZbPZpump,1,65308,2590305650631,239405000,1613131444,1.373726,211534107.937065,1167402503,0.955868,3pvG1X5kGm2PGEvkbpHL4xqf3C9X7BZNCLusFD1hTkhMujHoxMLHn7oPkWdBQSdU6DJS5yccx7PJc8Qy5DRFbqr4
1785211327976,Doji,6EaQReNSzJpSx1BqnMjGFeVPEVggSff9FYnLwCbTpump,1,71211,15245697022551,1709386518,1000469279,-0.708917,1606092135.256195,886741466,-0.719351,272Rnn6KJz2JiZrHzzQEjRqh9LtEa951wxyQwR4AbGFHkpgoCFqyQ8KbPjWWpCWXJ9tQuUpLTXWAXbQFG86zmP1Y
1785211370468,Doji,BKwxBvX7mAD9ei6KvKShBQV5DqkcjnpyMH61NYMmpump,1,27195,8919107109803,630347118,508230980,-0.122116,548999180.550613,598921845,0.049923,4s2RSoFF8JiZdFMmLFNnwoqEVmqZSvP3J4BHdgUa31Kr9VTR9AY7eWZ795fmXiaxUxAVJEpUfrR9gZsp67AgMWfe
1785211625990,Doji,GpC3DPG2XnPZYeS8QCCcpNpYhH7bSaREJ4JEGShspump,1,26238,3980861741649,440856421,584817717,0.143961,414130122.765938,689022673,0.274893,3okC38VrYoRq1FPF6F2hiR5oQyVwvE4WpAnqUxjvaxoA6D1hEjRZ6FHYCEXXULgh9mDpWTxPXtipTvLZPVf2q6zX
1785212096144,Zuki,Hwf1snXGde8d4ZWDmxcswXk2Et3Twkn71ZgqH4puQaj,2,47324,2449525228798,243807144,1532670322,1.288863,204289653.241074,856370663,0.652081,3REJa91ZkEspUfKth8oLYVfxBWDgevMAPD29eXsvDxxdxMZ8ZbYDQPvz3rHEJAX7UBAoWXHvpzfRBJFW4LVhwyZu
1785215982484,Zuki,6UCW3bWeoTZ2foXxq5cxtjPcJ9okadVqUV3VQ8rBpump,1,20455,3655870049691,239405000,1098132652,0.858728,214063276.33049,766052726,0.551989,2CoWcBSRCMhjWoAosNtR5EkdZwygDh3UqBwktK9WcC5YYjt8y1H5BY4hfveLBiSm3Z8bjajBm9P6fKvW5eh61mdT
1785216098419,theo,4Que5KnyrR227w3KU9SViawjvdPmcihAdeqhSar4pump,1,8792,5127997440141,263605000,2805954498,2.542349,190471827.481918,2850733862,2.660262,51ovE5V8dSffAzFtbECXgCq2uhgmi58KpFrkok3QaVFT1jCZyeW9wE4xgqJZCedwvVKRPfDovGsmTuTttXv3g9ej
1785217068575,theo,CFr9AmtH7zWRt6hGMfHqp79jUFdui2naDs1GoNnDpump,1,4110536,3771860128355,263605000,2907793641,2.644189,177330038.485893,2477430173,2.3001,48hvJRBL42anVtE5suvUw5a94FnxmbHDVqvweNWWJF6B7eHuqF6QvdpXxEAyjibzLVrbszPpR4sWRc34R6F3jELt
1785217933162,Zuki,HVW97eKcoxetQuzNaMdS5zUPmvEj1Cb4SwBHHdR2pump,3,35394,25579963150329,1476333767,1187241788,-0.289092,1298384511.857697,1094508445,-0.203876,5iPERwMWXLuhud4gKWSoVFrhCySz4YXoqMQzHZk2hga51SqP7hB2g6aGrL4e9zDVZ2q4Pit4u3aHNre5bpod5iDt
1785220228472,Cope,CDs4iCAQsLc8UNzogwk7Tufb7MhmtjmGR83azbqrpump,1,14257,18611720523804,1266062210,974844813,-0.291217,1060652904.085876,1440790866,0.380138,URSLMQ5hNSCi5QEL43SfZP8jiUW2v8TQUAUWQ7n4pR2SVwyaKnGFbNMfQLwEM8f4MpNDJg63u71nhDMR5yHCdw9
1785221492320,Zuki,7vPh3L4F2jkhFv1dDXPsq8SjCsPqqSrsYtXcN8N2pump,1,8101,4819475112382,239405000,1212548240,0.973143,228950852.192406,1372887398,1.143937,5xzCX4puYicW5RPcoVaGHBPrHm2hdnY1D2Ef2yGAZzg5uFmXiH2NVudmrDu3DL286poDZ6SVmp4pXeKbgM61fvgg
1785223430887,Zuki,HsGkAaFqpoGLJZ48syNN85o7oWYTYEwxhpcWTQ9mpump,3,89914,1952514019543,483815000,3066216426,2.582401,404062790.637054,3278771602,2.874709,2TprMvP5jyT3mPPXsHU4JanxXDJ947irdnbJK9WADMmMAGjamCCRxrYbX4chSemgpyoBX4euBLHNVGdsW8kVzTaa
1785234754941,Sheep,ExwcJ3QAvnSq5YCtLM2jj1qBML14f8sSwS1HCpt7pump,1,3803,97545454545454,3048961680,2253932108,-0.79503,3285212426.143555,1419323788,-1.865889,5BNdRquwgjmkrehN3gTAmKBYfDn7duX6DdSYYeDMD1DPWtVByxEqs5hgfBroza8rH84bxbfyCfPML68KNvw9ZiQG
1785236295946,Sheep,3C46N2g3UtMmg1iXuQedcoXmddNN6GtERWSWDY49pump,1,3841,97545454545454,3059663100,2050423515,-1.00924,3223843521.185593,1394677188,-1.829166,sKWK9e3iLYU2Psb4NAmrRu5YCCaRFBT8oH3SMw4VkKS2baGjchjysrMvYABWkqoZxbCv8rUWvXeUnEhKvQSmJ3Z
1785236421922,Cope,4pFjKAQ2TJUyfwxGuqwfGbgEaVwTsLkoxarpV1UUpump,2,55748,47263365073068,3884263977,2931728457,-0.952536,3203651678.148117,2789383557,-0.414268,3WW7cvx2wjARQrU6DtYidQDcWQvccFtqo8RgA7QPn2REctQK7d11whaV2W9ke3AqRbGx4jQ15dmkBNVGzwt8XtHx
1785239464891,Cope,Cj7bFRcgd9YcWbGrhEuydWsV9iF11f3XutvKoDYFpump,2,109805,17795512850736,2698778473,1845376371,-0.853402,2444835388.40596,1662219133,-0.782616,9fdiQeJxCqEpRYrRRxoxQzaTYAep9DBUb8vunqyvdvBANwdpRdBKHCw5PBb6YBRsnMqibSQrTbiQ9dwnEaZNPAx
1785251376434,Cope,6LhDQmR5ApQSF9tcA16JwqRRsrR9QbqBFZyKwQ9y9Zsp,1,1836,21272795138307,845397102,660493057,-0.184904,606795994.73901,583203620,-0.023592,5T4rgwebf6CAtHFW7KnorDJxRmMpNShAzQ6fdNQEKciSerhbViEk4tgCE8WfSr3y4HoAAYgFFhdXHQVAYnWdSihs
1785251378603,Cope,57CkWPv5S7dqyihS6TcF7qJoE1RnCQmVTFhNhNbMpump,1,19441,11642006548138,678290091,811662887,0.133373,334516442.188866,735022192,0.400506,23PLL7JtccoE7bdPrpCkSog4ioE76xV1KtkePMF9B1ES6dYg9JjGUiWoryKtieU9sps4ndVF6kpCimfrsENdDqSQ
1785253203602,Cope,EXg8bNVe2WMWhSEbQSMZ1RcNymbrXaWRNujYVau7pump,1,5904,9055613521640,454199359,942491329,0.488292,332503759.001877,739504149,0.407,35vkQCV7QsHY9Hf3cENTmmu8nv7JzQiWwcJA1a3dKtQ5eENqcaupSepim5pAMdECbnBHvXi4mqq4vb6rmKrKWdF3
1785253828543,Cope,BUHZUNLMEBdhFAvrKNbgbYULN5fRCsisrJXSb6a2pump,1,13985,9794463803908,845169802,275279585,-0.56989,303215021.002338,301088857,-0.002126,61DxBRFtyXAg6ZaCrMGCQHRa5GhtuGDmG5ZfBz6yqfy6JYfWt6eRtfsDRXnvFCZ65zyQw4Cnnrg8UiU3Rnhck1Sy
1785254649187,Cope,BUHZUNLMEBdhFAvrKNbgbYULN5fRCsisrJXSb6a2pump,1,814797,13811210587242,452513094,401661946,-0.050851,433188480.610489,381428143,-0.05176,4b43r9nnYrYKdQyydfvycz69DXdRvz1LaTwVW7TPhrGiPMnB4ARMPUqjdCyPDYBUPF1Ms5KRAKjLtcb3gTer4Xvd
1785257465985,Cope,8StZTTeAbnuMkvxpoijD3JdjL3Jq3HLJDyVrkrG1pump,1,1834,15759419686843,1266614730,642884241,-0.62373,1237182438.585442,1187026244,-0.050156,62s9rz81fzZxt5vxMuR64oPgW16Av8Sjxy86LLXsqmdXAXWNysMwjzVcpXxvvELmuWXaYhMBR8ipTPpYttZ8ABoP
1785259071820,Felix,dog5HR2LAffzwof8KyDvt2T1vUVYvbFL4bi7ueAVJRQ,1,39239,33586313863822,4004079081,1164871841,-2.839207,1839883327.024872,921525753,-0.918358,eCW3VnZfVn6w8ai39fuEwocmzP1X1a1SSJ3XiHPoMEim4E8KJwpnKSRHYntqbtVScfozXAU4skJMoLZqrbYPywK
1785261263637,Sheep,gbAei94hfwbi6TKCQxMd3L4rsEQRvFnnr2EakyHpump,1,17921,20295288107984,1547991345,805712871,-0.742278,1173472391.775848,871881743,-0.301591,84UJmZxn9iqWrPZLWqCprkCSJemJz2B5zPx8tab4L2PZ3WQLcnubBzgGPqbe2pTyxA9BBD1o4N8azYLjL32QCHy
1785266634394,Dedmeow5,2mGbiNWNb9wxoCHzT8PihyooeKqXa8ZwjvuDo8HJpump,1,210046,14075805465457,523329105,420140503,-0.103189,605766509.595192,459339143,-0.146427,2NpUmTv3Bs8uW6acjvFiPuomyNYdWq5sXZNZ5WBjxEHb795DeDiBbXK8KRWKuZ8zKVdXPReU6axAaaTcng9gRift
1785268799560,Dedmeow5,4TvLdMKfgNejPBhy3shRj1TcjxVTkr9hSFQawCEPWgLC,1,14076,26619407960049,1034579179,1017384961,-0.017194,1005179204.84317,952124437,-0.053055,2c3WpuECEt5B7W7PZeuXnNURiquKzELPXbHikJHV3vtGbKLxN7FUUpPYxf2AE6Udxox6CgsdBxAxMimCzAKhJ2Ms
1785270546104,Dani,Pcfd9ZWNmQLhqpSa2UvbgVw7nxya1BW8W7ovSecpS6i,1,5698,20650283564336,3033649245,2915723304,-0.117926,2174416156.256676,2439040971,0.264625,2TyFvboH2Mi53p4c8io6oxuD7bsvB1XgQh6aMixoHXHu3WArabEKtQoQZWHUriwT51yVaHdjBY3mwUUAfNaFLmzy
1785274177898,Zuki,3DG5vT7quGCAzLkMJ4BCCj1kaQ2odnDqQXffqCxYpump,3,34712,22678998485825,1391312848,607918472,-0.783394,1263525828.350342,743983231,-0.519543,3knm56R1CPvK17gidbBc44KcfduL9UdBWEpggcsewx5wZdRExD7kqvbJzX8fRk2vv7iyEXFrqpTwCG7YSAjiu4qH
1785275295295,Zuki,3DG5vT7quGCAzLkMJ4BCCj1kaQ2odnDqQXffqCxYpump,3,630011,1696234881322,249415000,4858939981,4.609525,233229781.797546,4633780108,4.40055,41YxW52yFCt9QxjiDep4M45meRu73cm3y85aU5pXkxYGyYtHQZyLueREXh4GsMP6bthPNtC3MnHU7zCgnCun1uvk
1785276273280,Zuki,mhFFF4wSCjLjAghcrj8DBAweidtFZe1F9N1tpsPpump,1,13529,28045231028614,1225002795,1384814566,0.159812,1126180259.498795,818941117,-0.307239,ZmMdFQbyx4CR47CXfo9KtgdF3SJ9q7A3n3DsSCE5SwxtFpAnkAUFaqAUugXoD9mzT1owZQ3gCVcMxqo8p6uHsDc
1785276879798,Zuki,59e5ctkeVUPHPiVnu3Xt5dykpqYYWBmoFZ11bPKppump,1,24581,2276050854067,239405000,2160925868,1.921521,143937121.451027,2591450427,2.447513,2C6fb1gDcGHKjxXSrHtTaF9HMQ6pAr8tcMTxSb6RvjwVsqUYszxE8aeVKMF42dXgePREtdtcQZDp7YVgWC2H5Tq1
1785277529976,Zuki,7pHSzi4y5VL8ZKUBfMEqKuu1XRVvZxsjc6jRfuvCpump,3,123377,4558343367003,561604073,2684824016,2.12322,468204569.58577,3388789731,2.920585,3pzQH3wDVYs99LjDL3V4RqvpDQDriUtgHj9CDN6VHRMNJGuvkohnVz3H5WtY6wkpUaCKdQ82TFwW4UE4p4RSmciV
1785277884306,Zuki,7pHSzi4y5VL8ZKUBfMEqKuu1XRVvZxsjc6jRfuvCpump,2,180716,1715489137319,244030551,1908715454,1.664685,227728564.765953,1806898799,1.57917,5Tbgsa5Scvsq4rMVXnrqWjDp5mar6n2zjjNm4Kyp1wawnwjAwFUvivqYjkac8N8mQstZBbafVZMUxMyBnNk1SJEf
1785278571826,theo,2mkLWpG5qZdCAzLc7vcNaqtWJjjNpPVzBZvhM5eFpump,2,9815,6367657279291,527210000,1821528545,1.294319,347194133.037262,2838483174,2.491289,ubYaBBQBw8bEC5mqe52Ysh7zfLiw2czxDnmuzY4zzqCERmLio3pNEj4fEKavP4sQ4fkVUdbjEBDqbzaxDJ2DmHk
1785278955046,Zuki,4tY4TuLzGPjL3CE5a5LHPMWMeKVdXx4ESj2JvsrDFRkh,1,13630,965694136895,107033675,1406547540,1.299514,83808333.410194,1017850368,0.934042,3TR5DyrHyYgdAL7s8TTvGnwMNLFdLydLmbJTSxkY7Et1G54UwZJjm75af6tKhC61RSKWKS82W7YW5dwraHp8uXQm
1785280341525,Zuki,3cbMWszF2Cvya6d8XBKm5K1zxL5ugQkEPWWxkXpwpump,3,28732,1168233369403,249415000,2772952185,2.523537,191275396.629532,2462334023,2.271059,4fnMW8UBD2QPeBSTyzejsdUS6jm6xCfrjJh3oU7FMGYTTEzLV7NNWupNSRofVam31ZCPvTK5pHBrMLB3TaG6oTdY
1785280427916,Zuki,F4gGkmpze5hBMzFqSKZSWHsjsSZnDgymYCUDQd4kpump,2,7595,20711136234430,1339868593,1121210067,-0.218659,1002809101.36837,880579266,-0.12223,3S8Q7rENUiSGC98cZZPLRE3ZVjVXx4YrL7peo1yifwJ8dKWXF4r1pkmNyc7VcghWEEdxEMXkJUBDG1URg5Xzh3td
1785281422593,Zuki,CanxH6xrbDv4ax58pijm6NEWsAgufoCKRerb3iLDpump,1,293756,3866561363646,239405000,1655303914,1.415899,161849148.000664,1486177956,1.324329,tE12hbFyPnHp5Pzg9E3PfNgNakThfxxKyBthp3U1MiMuiF7X2UdeKjM1ngUUcXw5aqdVVp37qfPPzunDEXaLaFq
1785281573590,theo,GgthtwGj5fmY6jCP8jjnHsYzgPy2zTT512TmwNeKpump,1,17800,4290528289028,263605000,3382273082,3.118668,195092992.727989,2712608682,2.517516,3Vv69aDi5tC9tud7YrMej3J2bjUwdRQMJxUQFYVYqUibPJAXEvNi9uVhx1BLUR3phDtTfnHovMuBkfGC1BFPdn2y
1785284969433,theo,7iv4adv1hskkBT9zsRSo8WD24aXtivhWRcAZM5c3pump,3,119464,3656800521650,790815000,3268893581,2.478079,629178040.97142,3324479825,2.695302,LUSfgoBikjVg3Bf18dW3eu19XhMqqCpANHQ931khFiK9G2UJJFACGXHR2n8urL4ka9QimyLUCAt6Wz97DpxDpSS
1785285447713,theo,2qhshGNVxFH7s6Hy75CtfZ5GJhd7UuMxhqRVoeEopump,4,151057,18986225050287,1054420000,4252786849,3.198367,811871946.798714,4152667669,3.340796,Rd1DCBwDRPwEncuqu3WTPhZMqiWMK3PuJmwKrmShBuohSWidRjmwLtNbeRxfWTnKMkdyyNBaoX5DZm4atG8vi9V
1785297737303,Doji,CHsvj7h3h4RpFXwfKNQbcUyxEJU8zHX2YqZ5c5Grpump,1,13982,6542621036746,752841307,677894129,-0.074947,683432098.982285,533210793,-0.150221,34dBsWuPdEqMxVLtq8yKw6JErfAB8hZkE8kaQLQfBkeX7ZeypAbyJ8jhTKB2Md8RMTZhM5XQyNvJhJv6aAEXAosS
1785298260688,theo,4W94tdrTkumDzHKRN2oXGMKT5MGKeEHGTEbGYctRpump,1,247376,3872203932825,263605000,4220481666,3.956877,246552698.754478,3088934113,2.842381,2jz9v9Vdc3hRoM1p1JG1HjY7WSaS27cDGSrLALCBw7zXzXodMNW9tR1hjBaP4C3ZB8gNgyBo5qu7AiBAswDKbzW8
1785302242356,Doji,CkGx4GR1sj85rzjwT7gE2He7jD5ycSbeQzm1BnZZpump,1,2053,3186441757544,436044328,730953503,0.294909,412675603.321297,713321595,0.300646,2ya2WCsDqde6NXxYnZzyLSYKCrHAKMueQE7qnXq8J6BVLHaTienqnN4N4kN9uWghj1EZigCuKJ5x18G98QEhaLdg
1785303310082,Doji,BjLCBRUjtPrzJwsL6zgHvJBtTLY8ZAG8vGBU9xsTpump,1,112694,4064000737329,441941937,598086560,0.156145,351103064.989937,554497853,0.203395,4PfTYwwsAbNpEXaJ7rbBRRfLhfXK4sa6KvhWrECc1Dx7vySKkgEgS8nz47kaexxWqzEQL9DxivtUA57ws8bzh5S2
1785303605618,Doji,9ucFjp5rkBjMdGKePofv5Pkkiu1wrw29hiu2siujpump,4,257235,13414098604298,2112188884,1051778710,-1.06041,1770338012.205643,980523843,-0.789814,5Pm6Xoji1aAmPccNZw1YGAdaoHPr2Vg8pZA9saNU4aauMzgpovK6er5H2C8ijEsZBmA94h3gJ3SjhLtDEkNFiCfx
1785303765210,Doji,49dNTuRTLMVAWy9o2ofj7JmfQGVSKCPCW3QUUotWpump,2,99673,5561654738246,929587649,1841790791,0.912203,808382126.779892,1799580486,0.991198,58LG9FSkwstP9XGzX2Wz4CCvfN8FWPwrT9PRfaY4vZSyx1o6pLGmjQ5za5Vdfnirmtd2sn79eF7z33arbqLZ43Bf
1785303848550,Doji,A1h9wo9fwWvHCm8xHn2Zi5GQP5SNq2bN6T8xxDNKpump,1,67802,5875733986627,662898128,446823462,-0.216075,421323202.687744,425809056,0.004486,ZGnik9M7mqhgYQ4sDfR72Suid1fkMZKjd9ZTYsVuXRED4DHqm1of9WDbXpM3oZWEunaAQ5EftJCBZz25bhDYqrH
1785304342865,Doji,DVaJyK6kYFxZWbmGzAaP7iqrGP2UcwUvk8KTymmgvjCx,1,50136,6404584354629,1369205000,1702071643,0.332867,1235226048.001007,1479387737,0.244162,3FrBEc1i64ZUGiYQWaJKyJ1MqJobzckTAHbat8J8xipkcZ3nFx2XKMwJJb2q6cqqNeFfe6C8byWrW6CetBrEEVGx
1785304514882,Doji,DVaJyK6kYFxZWbmGzAaP7iqrGP2UcwUvk8KTymmgvjCx,2,101317,8731016006088,947619472,535222513,-0.412397,741402409.697311,518726422,-0.222676,3RM47Dnsq9RFKAUM1pRQVuNGT7qi9Zba4crh1tSmDDTaZmKotki5z5kpKtrJnLma5cSm8sYUhmva5iaMv4aePwpp
1785304634850,Zuki,FeUuHuoxP4LjsSpZTT2ebUW4xoUFj9b3bJEgJ6Q9pump,4,111921,3018454389208,250421000,2526742225,2.276321,155670204.309387,1794648319,1.638978,AEEjSWfqfFeCUcGvQs722qoLqGSGC29yt79JPqPPJDugBJctB64ohPWNNdB8KBunPemojpbaFiRMt2CW1MCJpPW
1785304640789,Felix,Gqo8Q8br1NQRyk5sgAWjAAYJDyDw62yV4HPjMrjWpump,2,26089,24757151902124,1911158300,920963937,-0.990194,1376271274.600426,755311386,-0.62096,4dZX2AkCF4P63PyKnVoNo7yprhTZqdHc9JWrtkoDmHnMm7ZuQVsY7G87r2C81o1avMvRVY67oQZtXxnt7dt2WbDK
1785304745298,Zuki,ABs4hKZTwPrYxi63Reeg48Pcib7WRiRAJR2QRthBpump,1,9717,10551679650075,1441205944,1353135458,-0.08807,1418980614.707016,1354230324,-0.06475,4hB7DAJNSHZeeJBj3nwL125ZUWKPcaeLPEkEiErfJddYSNh5H7LukJBcBfsMTWbwBUvJebGciNGCxWLsH3Q77zSn
1785304798632,Zuki,F3PWgHDvotu4EbnUDkeJRztYYvw1PNzMkPeKzsyapump,4,39647,15499757885344,2078303870,1124607192,-0.953697,1567001256.1464,1198731674,-0.36827,3TxL59vmWAEuv4Zhm82huSmrkJpM8BLqBmsPFt5TT2VaEBGKZG9Eoe4djxFmGe7yLJ1BJpMkWDQs4f9vbANRa4Rg
1785305014529,Zuki,G8ModkdDYTuUWLTVR4FAV8orFyZKXccZPhtUvvLBpump,2,17310,14227333758053,1943076599,165105644,-1.777971,1736199705.897682,233736942,-1.502463,3Up5aAtTUcmx3pdXeKbFsn1eaP74DWyU4YuhL3su1xfbxC7Wrt6zDrPdgiVoepCZwfxsrstSqU3wvYWcNZt8wWtc
1785305774516,Felix,51uaudia2CdXGvbwZgwRCRxV7Aigv2oqtkBw88U7PS2N,1,25872,11818759715216,2004044280,1571978100,-0.432066,1821189003.187042,1376669550,-0.444519,4XkeZyVpp24XANgXEXnzTDdfHthiXdEs3Xm32MYKYVKXbmtGwBGEKkvcKqsSD3xHoHpiyt9CeLQPYgMQFCjFNHaa
1785306046003,Zuki,yVpa7TTpyQTecJZ6UXka8HP7BHDRe7Mqir5mZK6pump,3,13407,6979663000233,483815000,2796397095,2.312582,292104563.787987,1844687240,1.552583,JGLeBUmfVpJxM6jF4ttuv5eqzB7nJrRyQCooExMLtCvsSdJVt13QqSvZFvory9x71yNPFifJ8ViMAg5H6JE3ihm
1785306506609,Zuki,6FcoSSoPkoSaxmhXeTnfNGAXjbq83GMiG1rWWfSTpump,2,50047,4158704807164,243691663,835004446,0.591313,218626046.671822,616114096,0.397488,5TdDMqYaTWSKTT1DTkx4SKz8jqoXGj4EJ4wiTPUrXUroaWnrgw6yRvmUadqXjc2SqywBbAACpCcu1gHtW2p3YzXe
1785317207539,Cope,Dh73xBNALL9jkGo9MEhaWNnH9DwstiDNuFoMRMLUpump,1,1796,23821791552718,1266042902,772740575,-0.493302,698277461.081161,667579479,-0.030698,4SR6ebAe6g154eN1ZYpCrmK5FFwN9TxnbUtCW4pbuWQ6tvzVvef5AvnEFeXXe8pQGRrrpFoDtdP4MB5R5XbkQEKK
1785317749786,Cope,BWTzJCvmPAVaijRJUsEr1Gh9a68Tmu5aFLEhDurEpump,1,11909,46138287952474,2530117399,1727753184,-0.802364,1466684208.160152,1703520929,0.236837,2YwTueGJmdmbX26CtWjEwDgpuU9ykLmFEKUdy59jvhBdqHVg7ePckGuUUNmQpXKoK9iVniPDRwFHAxmS5Cbc3vzi
1785318092889,Cope,AGBmnqUA9qefsF5TjQ7WFYZh31Qkv22v9trHrw5vpump,2,293177,14938968893594,1944103807,2210722481,0.266619,1886779876.011826,1731211063,-0.155569,5F9n3nzSBaRVFdDGhMkiVzxA5Wye7NsPXoSC76qjivrMqVKy6cF99fjNFvSx6ogbsg7vAaB4m7HXc8jCDdtkHntV
1785320681544,Cope,8mABSkG6is77XeSP3VfhnGAwWtDM4Fm97V1ZTv6kpump,1,517525,9777646900324,1265274999,1886883662,0.621609,1187167753.270256,1654568877,0.467401,3iQBiGg4Wct9PL8CMB2eP2P8xmTEmV3w6wAsdP7FckRXZLXoMgzG2CaUrVrqDvL3cvffCLpPGHQc2sG3XeU35Nvy
1785321022210,Cope,D4ERTaCzbpLLBygGwRE1m6L1KD2ekxjGU3iAYft4pump,2,212355,21113592221681,1295723116,964979882,-0.330743,1129539920.626625,881865620,-0.247674,5JPQPSxFtz9LGw9s2DEtwjmaHnzsJfyHfjGKxP2zQ6reRnrKt8QBgUHZUXgHvB4D25ycvXfCZrmpZDyYMb4NPBGX
1785325981046,Doji,HDiJW1B8kUHtM8qBqVam3dydvuJcDDbAcCM55ZfHpump,1,5085,19785518684029,1756289374,639975923,-1.116313,664745374.990627,559871388,-0.104874,5RnSR1g86ejvfmv7E2bSQMNVaV38wd1Ef3XwC87Q5w4wk54YR3m63BiVCr14u9Acce7JSC6zpwgybm9YAv2QAK27
1785326360268,Doji,EB95SNyX9d9w2ZvroR5DQHWoYAv5hLWjrYNnFo9Epump,1,964381,13960255873005,1983738144,1456751248,-0.526987,1951330320.226837,1382768176,-0.568562,5pj6PeFqFWGihYxP7NdEJkxyqhYSVzPGH5XdSiorxfvZ61Nj3jjHmb2uW6ULi6MbaxkfQb2dnADTFKJs9oD5mwwE
1785326735803,Doji,DD9BFLWkrvpp3KnDfMtJRH8Ca75ptxPrqmbLLSUtpump,1,46683,13055521800356,1981400609,1670394841,-0.311006,1927752125.393616,1998603481,0.070851,3ipXF79LxPHFgfHbnYPyeH4z4yba16D5Bm2oVf5Ne4kyium6nk9uw8yUaNongycsiVyr9T45U38x6Wa9bAbJNDZz
1785326740947,Doji,43Pdwe74GrfsJEBKkjojkjU43Utyf1X8KgNNSBUEpump,1,10299,6356458902003,718524194,445265102,-0.273259,303193543.913063,335776660,0.032583,2wRzfY8WGT5nG8M2Yym2fkGNpEZDgvzQDbcg2kTKW97o3d4E9bXyk2bcvDCAR1Jc2cz9NwoZvhY7Y2w52KkCbug7
1785326982939,Doji,C6tY5WZyTax21qi9m5FaV5B1jxLiA1AdPsNgU9Nbpump,2,638135,6660145701033,1441715150,2011383903,0.569669,1384318884.938416,1885922428,0.501604,2gPugb5bjm8So5PH5fso5D5UzMqV5ftUrRE32R5DZbfLUYMazAAwZKeWX87NakTdymKjDspp8neoqkt5P4EPZkDB
1785327717192,Cope,8fPEg1uxXE3oe68tgrNnfS66FrgEnH9KndRn43vcpump,1,52730,1000197228979,254112138,1161202196,0.90709,230266298.048203,812362461,0.582096,4Mzwgvor7jSnPQ2bVtVCipcgogAwfYZD8SXMtohbTiiXiGmYRP3aBnqXsa9JAsk5HMUAz8Z8ikoDhouQwcnYKQ65
1785327792589,Cope,8fPEg1uxXE3oe68tgrNnfS66FrgEnH9KndRn43vcpump,2,69907,462761615548,104500115,716691184,0.612191,89672168.647461,804100094,0.714428,9ZQeZdBqhsWSSJ5dyTKcEqbGZ8rrGdRDXdVzWMZqbDutpkqjHxjqkBgKBCbp5oXUEmMe8yaRy2F9Q1Z5uFyk1vJ
1785328803355,Doji,Bq7eEJJZ7LPyCe6voeWsU5ZiuEy1tGhGTDWZksj8pump,2,59816,9640190767852,1279694423,878570948,-0.401123,936801121.342857,745369110,-0.191432,2TsaUCDjCFPHpSpuHq3fahRumhyj4XDDhYSJEYCeE34DRSAPEJwausCZoWUpExZy9pfiTFL6MTPGVmoBFFk7wDEw
1785329156562,Cope,8fPEg1uxXE3oe68tgrNnfS66FrgEnH9KndRn43vcpump,2,670999,306680419594,104727077,70061556,-0.034666,98725433.960205,72154173,-0.026571,4EAVqmwis9etuFhRWkWwCnqh7DqXiMMmqeKHAWsREgLmayCaRzsH5DH9qLzE16DP2L6XaP3k3nW26vLrxsEUmYuw
1785329478295,Felix,2oVP9oPnjG3ASkgJY3FTVGHAT6JGfA9MXTnRg2HNpump,1,167619,23102095637791,5002005000,3081972643,-1.920032,3369506449.902695,5789038048,2.419532,4zRJy7o32HvSpRi5ecAMeyrNTawoPW1oUFe2xTXEwEp7pTJmuqYTamAkNr9cMwf1QDDLTNJqoNzxFkigyxqDzVjr
1785330309628,Cope,GiSbreJszDDAGLB7nzm2hv46bZeNkEQJnR1VJKT7pump,2,237344,429386648093,105572468,738323163,0.632751,99273659.759262,618664954,0.519391,5cDc1XForZXqVY1weesD9BmGsqmWX9zcWgMayhfT5psouomWseito2AcCQM72wddCQmsVTGw4AoVzqYGXKPozxwG
1785330974756,Cope,3VFnDoACa991DYe987w354sbvmhqjjzC4Z31SoZepump,3,189351,5633408423901,562613692,1025150203,0.462537,513977768.333817,906535145,0.392557,28o2rS9LU2EwDAU7j9Hgzvw8fTqXumpY1e5Zzx6LMUVg8itChn4qypHeueBxru1SXVmaWL6YXt87mrNdfkCxJX1K
1785331202564,Cope,GiSbreJszDDAGLB7nzm2hv46bZeNkEQJnR1VJKT7pump,1,824866,294852476052,58249270,2000002448,1.941753,45134993.692795,1952014640,1.90688,VP2tooyP8Uh1WEQnvcQ2LgXgVNiJd38LarfNnnigEXEbpFS8kob4n1riczQodRmSjJv4oNjcZDHmT8WVxpRBaYu
1785331250066,Cope,BcgmWQVaffUEnfejpVdh4fiKsCF7Rgw1oDzJf9x7pump,1,8605,14388636014883,845391326,420407841,-0.424983,442335998.029713,432108987,-0.010227,QfytgeUmJ9AVEZoqqTorodWoaLWNNTP1h6F8KJwJYhdQXirPfuXQVuvoqC6YkCV3NQKppBvb97wzkgkrhM7CrJj
1785337298288,Letterbomb,4HNyogkYW3UeCphGh1KbJmhujYsKYBBoCGWitGqWpump,2,5561,41301388375632,1857750743,982402079,-0.875349,1473768289.857025,929903573,-0.543865,4uuTF2jfmMszrWG6JfhFuT1epLx4rRoCiSMEQWewU3LZbyNQBSzwBvP9bfsTgq439RSWFDufJBJKfDjUAtgAWFV6
1785337317069,Felix,Rkde12NVxwwrkLWWukHpV9vGoZMMBgwSpymi8VSpump,1,1868,27985775348958,2004079080,1854867055,-0.149212,803408452.221725,762565039,-0.040843,3APThasdnHcfmwPpeRuMfSzdaPfjz8fPgrGQKYHaY8YUWMgKC7iP4HTUNjd4qesqSt2XRFTUC8NBZwFDaDtJ4nDM
1785338178169,Cope,CFS7NNB38Kk2ZwvYcMK5bQUJFjsk4v7QNfYvdyLfpump,1,122506,10804686742701,2378961580,1194574992,-1.184387,2314915767.10582,1031383852,-1.283532,2DxVpKH7j2Kc8dxS4amnv1r8QCuwyBRDzQTPQ1q6BfzFtDpq2V5LuVH36bLzjtt4qnBZpfnEVVnsoGkh7Wpks2Mz
1785339502868,Felix,5RnESGfbQ7Gfa8jTvdNg3WTFaDqMb5vLJ2sTXBQrPqv4,1,39394,25347126016200,2002005000,911687932,-1.090317,1488499989.520744,728511500,-0.759988,2XLL2vYAtvhSKHJHJEzetR5QLgsNwB15ZkkED4a67f4bh3dpwL59X39voCQxoeJrQCRyauCdr5yBePFegN1pbQkA
1785342405364,Dedmeow5,CFi2QUQKn1oAZWHx2mCdzM9uVfynApu3h7yUtPSHpump,2,2482511,10379393632469,1555834173,1083877882,-0.471956,1647455542.439377,1025813085,-0.621642,3KeXzyKpJfUQoAPo2CYw8Qm5SfJY1B8tXbvb7KLaUN7K4GWdL5W5RzKZWi519dP7PkCCdNosFEABFq4dPUyqzgyq
1785342524358,Cope,63BPVEE4taZCKsF9XTPVYhNmyB6cDkjcbZTJkxo1pump,1,9848,35519482428378,1267930833,1000626559,-0.267304,1027088658.584293,961268150,-0.065821,4D4aaTHxJ7aB872E5Mhnn76fnZwwzEr4LxCCCgc82zT1zvdgUZq6tdueLdcik4XGqYXG6wiwP3XmubnYwab1nZJk
1785342812544,Cope,ATdhqeL3zLrkyGeNMKiLKZGQZngZm6zPUhYEi3Hpump,2,46565,19059176970418,1944946260,1217914161,-0.727032,1499577440.38073,1511167506,0.01159,2srQyoYdjaYBmYLnq8JE7kuVr3mPQ2jWDh55J1uBzA5f4M4osT5QvdHHEuVn3wDp3Dki9M1yQQKaHF1Z4UsZtRd5
1785342997593,Cope,HWhBWDUQ8XGLUa9D68gsuqaXfKhfNJg9hVmJhHuhpump,1,9989,20508001229688,1266155457,594674050,-0.671481,632047941.324684,607424113,-0.024624,2CUoxbRhSmpXxPg1xtN8dhpkXSSrdYTw2jJ4KRR5W9hkYiTFoWbhxL9pcyTZdnedLsXLX9tQ4xnksEspmzheD97U
1785345357204,Dani,CSj9tzu63Vsd6UgP5kWTCwewQLQoV8fPk2cQJLUCpump,1,33326,5263119366960,1010516730,3685116644,2.6746,926104681.788132,3435070234,2.508966,3QtrRUmm7uxNxqyQkFwLhWxbJC1e5dNvSJjSYvRPrbaCvGteSwpNwUTa7NbCZMeKhXQYt1uMQuyB7W3qpiu6DJdD
1785345757980,Cope,CSj9tzu63Vsd6UgP5kWTCwewQLQoV8fPk2cQJLUCpump,1,411980,612765498341,102535687,1151799008,1.049263,50645660.594322,1038658053,0.988012,5WkywxbVrZPZsjgYX4HyjieAndxoGhXGV1DGWcN1a9knnroMP2qqW7qmz9DugpPD8qa9iTLw2TQ4GdZHsAbA3d7u
1785352052094,Dani,AvNzjtbCDcXk2SuekEBJTgjv6Ga26Ryi7FSncqKYpump,1,9953,1051805463617,121004999,1364940354,1.243935,53712277.767372,1101087757,1.047375,2DUySZPHucDvqikS2Tg3jewjyw14mtcrpktYfuPr6vXJqxBAUR6t81bpaqBwfP3jt16QV3GH69C5Se6rfzRAZ6a7
1785353596732,theo,14eKdFSMyr3QiKqeCKj9XHNgFQRLrVokiDXb3XWfpump,2,11832,6311531404714,527210000,6918062461,6.390852,490148234.226501,4621113880,4.130966,4CmXkZrFTqaaRWnf8T23zYFkWsbQkV3yo6Uc7uxmC2MAcJP5CJ3dnqqsBJ3z2abrNbCEAVkD3JQhEbxyGSHzBMBS
1785354976078,Cope,D9R1K2Paq3Y3HPHrJFfUj9GE1p2LXDmPZZ9cwJuzpump,1,5832,23817835262850,1357695152,795345051,-0.56235,731526107.813023,692420421,-0.039106,2mAXes3FkYVM7WCZ85yFWbzXZVVcqZhSzgkA6DqS6nCBEMkgGd2q5LvYbitp7S11iF25bij6Nm5eATRa3bEmnAL9
1785356169914,Cope,CmpDbbt4pJZC4zfPcwMj1GTTuHQJPEA5tGY1JPsupump,1,414307,41960836243279,2529079078,974419952,-1.554659,2394312555.918716,915312840,-1.479,4q2w87YJTzm7DLtwedYQjfd5jY7D4Tiyit3Uy16dwt2q3ngaW8S1VAbtW5Ut9mJqLqD7W8JxTpQz6SM7BoQHdwug
1785361471090,Dedmeow5,GvMGqT4Uky19HTxuMKh5ZEVpQKdemvKP2sYZesfzpump,1,156720,1790581197103,267704143,237562088,-0.030142,255629409.900505,227221347,-0.028408,2SxywPsEA8RptukEhR5Ga8q588eN8bJVU8BwtNqBp9EtLeg5abJBHVHaXfNAGrvBMY1ZaFm7p2uC11cmHqjLzJB8
1785363073913,Dedmeow5,8D9CsvfS2H7kRZxbyFQw6aWkBVFL91yA7ASV5v1Jpump,1,9898,11618445762641,523329145,474356220,-0.048973,451118332.512062,441721972,-0.009396,3GEENXZX3xZdEh6Z9xGCCkFxfGWRzXQtn83PN8Y5zpDGYtMFGMRUS7aPmGh2XxHZQgr4hXX4cHMr8Qoez11JEDpK
1785365189068,Dedmeow5,FtPWS1mpT4NEN3GbiUAunGdLPfSDo8UqV5GYBzhfpump,1,3712121,5166414925697,1034579132,572249267,-0.46233,1174137634.24614,550918770,-0.623219,5Hh91NPMKbMvEv9ER8yGk8crCUVseViRj62v2v9CStDz9tKMqzUrj8D2yHnnCwckmyedp8yKcgHdRKdi44XjaNde
1785367575242,Cope,AwMU6ip4v9TzG8xCTamJr9xDA7ZksFhv5yBr7PzZpump,3,171667,28263819405436,3917362549,3628026099,-0.289336,3103650276.998512,3952345588,0.848695,63WgHHudqy7Tr8mHointuuZ6AN34jwfkU9RvbFyh4avMjiLQR2LLpK1TmdvQVpVxSKsinH5pLvY2yf73XMyWqky3
1785367982417,Cope,4kn9UE4DUin3mrMbitPboqC37qEoqDiGFvbLjFbBpump,1,1030755,22258001289651,1266300645,853882255,-0.412418,1011539677.379082,829111528,-0.182428,5UdzM16Qc4R3sWjcBqQZoFeerkimdu4ZbDxx4xnFya9oBZ4ckqgn1UDq1WYsWx5cXfm7n421FnYdXCJvUkh4a5uX
1785372785470,theo,AnNe5nupj6KTe54EBBjexAYGQo7PRBYeosrnNhqFpump,1,18055,4670821381000,263605000,4509901822,4.246297,230176106.678024,4211480517,3.981304,4iz3rxsof7RKsGgRWq1DR3dyq6G6K6WhMBmenB55hHo8GJ9aQQvqp8meyjvhV9LMgRjSTZx1ZmpMwNW2y3XKL8jk
1785383063560,Letterbomb,CSj9tzu63Vsd6UgP5kWTCwewQLQoV8fPk2cQJLUCpump,2,4128,33970840925533,1855600450,1192271229,-0.663329,985996540.843678,929256876,-0.05674,3Z1gJXbLRwnwMCPkEz8mmBZTBLNpiS5WFJrc8gnkD4xji9ta8AArCFsnvBSqVzFFULGHSsRw55idAmpg8muggXUf
1785383072340,Zuki,7B3F2T62ZY3BkLhaP32ZyYhZqtKqvXSPxLFvar7GKn34,2,3810,6260824545869,478810000,2001849155,1.523039,246552060.367233,1173348054,0.926796,P2wo5NLpefeEWD1xyVtBGFwBFzFXLWgMcebP1UMcyYES6hqn4sV9B6mgAYuhKe5Y7JgNR3SAsqgmanorVcHJFzW
1785383078557,Zuki,G16Uu6edJLS7Lp6W7LmkeLto7gE9ca2QE2YXMDGpump,2,3770,19538085310395,2197967030,1670603655,-0.527363,1743253912.682869,1645426084,-0.097828,4ppaYpYvhMJLxgyB6iQRJLqKynwLkAp3SGeoGSCi1wWKv7EgEq3fuQ7cNtQmexZDwcPeLSCJe61UWmXcMao7DwrP
1785383144367,Boomer,DAs6uYS7hBLPhuSqibVHtMwF346tGVnQDT7dBczjpump,1,1887,17021691569380,1031629083,693147253,-0.338482,640782989.991646,617827290,-0.022956,3shJvLKeQBE58o4LssM14hyt4SvsH7QmEAREpxYtB12S7A5VTp9TurRGPmzKbnEbygk5zzc77oQTf8cAwRZTVoj9
1785383146254,Boomer,De91tCK4HSJ8moqw6PdUGvXQZK3uZtqR3XzvXvgQpump,1,5709,14190078494374,1031594283,509887224,-0.521707,525884675.459267,510228766,-0.015656,2qgjM5EsHm482xap6SsDVbfUs7G5xxJhPWDk8M15nNXgHK3EvAg75b93SfFt4ikL9etTfnGEJyGJQi9DVLqYFjUi
1785383275048,Zuki,C9o6Lq7Kozp6pJq6R8pXg2jxGbC6JQ3fhVH2o5VVpump,9,185092,5700176112382,747765744,2759573746,2.011808,653603172.108826,2142827168,1.489224,4bPo599ieroVcpoT3sYno7M6AJ6mNtfGrE18PXNDrEFMWG1TjuoaCaCdB7ZV4DjE7AUqKhgNSn2FQxLAsaYsxyyc
1785383316170,Zuki,FKBqgTCc7vBex8RXeKvAKqz42G5aotPwtXi87anepump,4,18036,28223851344736,1314025076,1196489389,-0.117536,1187847261.295898,1023474797,-0.164372,45JBFwLFf3QLjPovFPN87sEzsjaQ1ekeeQnzX47E2GxZfiXnnStH89BQMPfkaYiKHzc375gUg7WVDLpmGUpJJChM
1785385281064,Zuki,2G9JUwAU32hdzeipKxMXLNtdMjftouJ51p5qY5oFpump,2,14174,34906763485267,1355661433,1089941587,-0.26572,1112186046.186672,1184427429,0.072241,2gcWuXmSPxBLEjd6P3CZxqsqpEzK9z247snsiXyi6cgYixfpNjexBa5cZsgAvpia65U1L2o7Lr3hzworgit6vUJp
1785385657810,Zuki,2w6CM3KWnMP4cutdHUi8XhQjn8sxb9f49uFkyTKKpump,2,40138,3266927512888,244410000,1458974316,1.214564,126826285.431183,792563078,0.665737,3im3ZnUW7ah635Nw1eWaHSQdkoUSbAHvgxRbQ7MaeWDub4HRCNAYJZMg8sL6uojfAh9P2q57WNhFTVPbTiYbM7i5
1785385690722,theo,G1dngT5xRYMQPnHrxjwSWCFzYZR7RDi4BRcZVwGcpump,1,77652,4201573228210,263605000,2833951930,2.570347,240296601.857224,1849749161,1.609453,2oS3zRRqgLKfEhuuiNwCDNUqTTxVHPL7Uj7r4MNDk5CNuHAhzabST4Q5hHJL9JcY6C1K2yTdDHr4obTPMP11aW6m
1785385823616,Zuki,12a6Z6BSEztfZVxuMNwHfMBFPoXAsrh6bDCzmf3fpump,2,8933,22675931846127,1260519551,1234611637,-0.025908,1069513635.658463,653966264,-0.415547,23nzYQeEb4q4ZfhyNrWBZxJip6SfHG9v5VXKTV3VvZXbMG9xQaM1DAbXqUJ7nypxtMf3d2HdQkDBYGXxJRr61AFp
1785386300590,Zuki,3i1v2grKXUEQFSr8y1bdHpu528RCYRDyqoDsNDgFpump,4,199161,2123577874381,254420001,3988667699,3.734248,193202121.226265,3229616271,3.036414,3s151oP368vGeZUDywD4XUSQfKFNNKmFez3X4wYwMecfWZPTvQxKe4cU35JZmCx8A9VeYs1DRLbrDmq1VAFTquGr
1785386442684,Zuki,3i1v2grKXUEQFSr8y1bdHpu528RCYRDyqoDsNDgFpump,3,16210,2550101163493,249415000,2873104203,2.623689,180636208.216652,2598168052,2.417532,5MmDdBeDVPHebPKbfTdo3SnFTPasC1rNgAQXY1CbDqmfvrHkKj8g6VQHqqdizPCjdxsXkNpqhBS2mY8VPujdCTr9
1785386971103,Dedmeow5,FCXrpzZgWDxBYGYgpr1x2t5f6kRDUwN9VkWH8AVLpump,1,90708,15741115343158,1034579153,983107770,-0.051471,1158970024.534027,1234054090,0.075084,FoYv6ZzadqfUZZzioAii3BZneeFg6LnnjRG81Pi3K6r1YJeG4U8o3DQNQZDWxH2gKzU55upTjkDe1fZPThUsdzL
1785387126622,Zuki,7WpN9YDAf2ozeADWEE5vsbf8C6QtXBfBzWkMydjjcwEU,3,144331,1642858062115,249415000,3102656158,2.853241,225501121.720207,3520103368,3.294602,5aSevX4TMHKRn5byiGuuctFjXgTSobWtPmQYJzdh6WFLn9mBuFk5kzoksM6SgqYg2QSfFiPL7V538fZVMqKJ9VaJ
1785387467752,Zuki,kingMrmdcvmtP8jUqTWu2vafDf12vFwwWYs6yRZYdHR,1,6986,26968498577968,1282174289,1290159771,0.007985,838864858.43721,796092435,-0.042772,2eVbbbDXeToBvz7GPi6LiUnqtXNgLnENY6ZWzCs3au5CYo4UNGmQCw9WLSCdA9AhPgKgmba2PgdbPcXxTzAB23hB
1785387517237,Zuki,BDTn7P1agm4WSHSHpsEj7pu5sbtwmrqteczRbjxWpump,2,14198,2483842068132,171206833,1979624519,1.808418,79215749.907539,914156116,0.83494,uMxfBxbk3rJT8cNxFwAdUMxs5pkswHFHiURcYmDTGM8PRAoR11Y9rnKTq5ofhYjZJqpESHnH7769aRAS6Uy346J
1785389308256,Zuki,87VeFoAdm7iBut8Pq7RHTHyaib99DoLZESQepVNDWi2e,2,114264,16366587195,2012000,1742413362,1.740401,1302135.001877,1968640105,1.967338,5FaMtv1nzfq2t6BTFfbDCf3YvdCrXqWXVmJ26XukZdSFkpxrkVcoCAh9W3DUc5HFiWvXYjBKimGjYrCH4pAPmgsN
1785389693701,Cope,AJwBGJu9kMJhc4tGVy6vXkfUhBqpBJQakk2WaGTFpump,1,28099,16040013343662,1266215917,852612000,-0.413604,990797890.725403,1072527612,0.08173,57HqfwupKH2z9uF7SCq2HLygYHgBr9PpG9QA2LU2PBWFB21fkHUX9sstyacqr4Z8hv6sXMT1JDtmCwGhYtCfKzMq
1785390031506,Cope,13MuT8ChjLGAhgnM65PA9poexW4be6agAj3e5jq7pump,1,236323,14602955669795,1266033261,1472446497,0.206413,1020484428.418633,1532219259,0.511735,3kRQ5Lug5UZdayUX4a2Xzx3VuAGSAko6wU3iBkxtEPL6bgiwr1cG4YREKwv794MzaLYprUZKo3UJootPKQYckBxa
1785391059224,Felix,F6bhzZoX4TNTMcWfGHpdyZF4443sHb7o6peXZSrhpump,2,45274,31077489822825,1506084080,1081793188,-0.424291,1123624377.236267,896837802,-0.226787,4cokK7pqDbQ1ExzbuYShPvjN8Tg68FrxcoY8anM5F9WZfTEuDKcW1vUveX4h4btKhbkbA1LaLAJCkhXfUXdYZwqS
1785392174866,Cope,5MabNoo8KhAtgTNU268LJYEDrqXfWkiFZq25fLzLpump,1,54590,666565543171,102818854,2747266691,2.644448,97850107.151779,2592019966,2.49417,652ojcKtH6TKXK9bjjTD6H5x4TcTHJ9pUr3L3YfiPr6RPBcKGxPaHUpADtkfyH2j7kgpKafNEVF9vYbaSUzoF6e1
1785394864945,Felix,Fd2mq4xtJKcvt73xYabMRk2bv21sa7LPpYaizmESpump,1,7133,23465915751341,1004079080,933739872,-0.070339,964333906.919601,883451325,-0.080883,3qC1NRqFEyxXSRtL2vCXj4KTpUSHasgbiSNmYMFf6d3uvTGn5xeGJjA2fj3rTKeHXmb7a467pEnbJ5UiDdFwpzxJ
1785395684178,Felix,AizMDWhqLJbgptm4Yq4AiMASHH6YxpURmRGfV4Fkpump,1,12020,27811465678132,2004079080,1153174328,-0.850905,1026876594.664055,839163727,-0.187713,3jKWBzYbJ45yC11446E4LLu4zbzpXidcuQut5JrYfKAKGkHGRFWxPTc5WWzb4bvGm9Y4FbxMTQMYvGquZCnky5rG
1785395930439,Felix,9QW6Ub9HDF2eQWrVF7qqKqYaqsKWiCfoGdw3oX46DcXp,1,7111,12521459612530,1002005000,1707667529,0.705663,803077372.18174,1568434450,0.765357,3wfRoGTygPbju5iwzJBqjr3Ff5XrMWE5fXcob9M6A3c1RiyS9FesGbvGfRUry7FS36AXhZzWp1Usq9regu6rbnjh
1785398718992,Cope,FdSRkLmjFcQEV63qMZvfwAuBSWyG6movjC34otqjpump,1,7015,50663823196350,2529200220,2236727509,-0.292473,2412949511.965431,2649293439,0.236344,uB874h28FnxvHzDoNin63bkxCLmTLFwNfWcNHrCH9WDnuVEXRk53A2sQ7yxs8tRDr6aX193b3DgcEphpxSfVHPe
1785403107727,Felix,7x15j7vg33jPZWoQdTNtMSpyiFLAuTDgCAFEAfwVpump,1,1755,41688184643657,2004079080,1639897894,-0.364181,1214224212.757164,1123348019,-0.090876,5RSoRWNU6xjaPuGtfsQRSuAdM9pibW2aYCWE3cgpY1cD7VJrNsmPjSaYKyWGnVJfTPcaHPWyscEaBFnpp3chMc3a
1785409579108,Cope,7QdnFDS77PkKFA4Q4RkMvwokDRXtsaEZqcoNmrXkpump,1,75915,329519859346,102674961,3164581573,3.061907,99777967.05217,3201999290,3.102221,5tynhv7f3wCEAgbQSwFKxEpDyTNJAstjW14inWV2BhizT22G4Hx8NAwb8PhNyJ3GTym8RVowkmBSukegkamAjzxi
1785409582632,Cope,7QdnFDS77PkKFA4Q4RkMvwokDRXtsaEZqcoNmrXkpump,1,1769,8759526132206,2526758910,2423610487,-0.103148,2093400747.488998,2001890373,-0.09151,3f52JLpeTozE2og2DWeDX5EswUrFykUJwmxFsKna6BiDWJdvqfiunHUn9dzCA3MPBXDb79F4YRPWQYN4J4p9b97U
1785416847067,Doji,Fk25wm9rV3Dva8TUxdtAYxy78CSpHYyzJMDecXd4pump,1,129906,13429902733902,1728472829,1548146413,-0.180326,1651256156.96228,1066383822,-0.584872,2T8FqGWojke8jss1B8aeJHVYXJDF86jD9JywFNoDQ3vPLijD5h77uRmb1Ges64txdUkQe67n2bGEXrYuKDWHh1Q
1785419076136,Sheep,EC9gTGS7qXbPUwd5sjaqSSg7ZmQWEPtqGqHVPd6UTnrs,1,15417,63060913280,10125000,4242788698,4.232664,8430686.568939,4433368248,4.424938,3krtXKi6hcMzrEALTmiMCByaTBvGF1HvHkckCeQLCrDZfLD17oH5xudZqzkVupyGGxABHBdZ4S3FcgcWiKmxmYkd
1785420389945,Felix,BGuoQQhqRChnFfaxwJuBa34i9231TCU8qYhfMF5qpump,1,30618,25848290363318,4004079081,3813841136,-0.190238,3612826084.18988,2885350170,-0.727476,5tkDMJEpU8iAnpTb43dWYDYecT8dwTW1zbzwnLV6hJVN1TF3ijQHUyTTnfcJN5sEF1wmpaJo73qBfxaBAZ1nsxU7
1785420971067,Cope,CJuRZ83pu4WMsqY9sM8BZibB3FhzNVAFM5B2wfT2pump,1,1754,18888804211379,1266833608,1154852517,-0.111981,1025427163.394012,976908962,-0.048518,4TuRkosq4QvYKMmDEmYaQxkz1ZbcsK2oWJhtw1P5YRiRs4pEMabx8snBXcoBtrSRcQBs5FPiKboH7e8dX2Ufzq4w
1785423183038,Doji,6caYMkLFZX3W1v1aW3u7ALd55rdwzzd2nBhQ6LPRmLsc,1,1754,26679273165505,1754673705,1686335352,-0.068338,870199056.599464,825273333,-0.044926,3fpdzSLRTKjwH5j1EZxMpTV6HpQBBcZrBMUeQ2QbEdzmR7vDCjYRZg8hdfesutiQbwY1BREvxVjsfQDHEwVzjHd8
1785423190150,Doji,7e8pknjJVbtQUSq2Y3F7kAHzNwEtaLsBJcX9N1etpump,1,1762,8505476966432,723486263,852139151,0.128653,257155359.63047,252967697,-0.004188,5YniBm75GA78o5B5d4DZdg5bFu4jiS2CjDGjmkCkWYPWu7jBDM4uup2H5wPdZwSMHh9KrdQ3mzqCJjFZ7GFrKoAn
1785423203758,Felix,DCcQgjMRBUtQ9u27bTQE4Qpto8piabd77SzZuGm2pump,1,1783,10356792684047,1004079080,835856449,-0.168223,341321625.594852,334278776,-0.007043,4LvmfDqjzPpj1LWNQWtuMSoWaaPZZCktBypNLshka9g96bYz8ciKAezTSUz1uQZ12evqa9AuycEt21XcUQ4iSXFE
1785423243278,Boomer,xNn25onRfSSGNAqCUE85CMybWRTXtEKHuqSc1xypump,1,3171,24614831045516,1031629083,863235267,-0.168394,890322524.457191,845615061,-0.044707,28EnS26KCRbNbxXZ6kxny24SvKJVc7N2NtQtM3DGNj9LzhvcZCGG8FLcCqkqrPNLB9P2ips2Emyick1R5x2xrxya
1785424167299,Cope,4RXxSUPZUDHWByGBj3cVvCUsxvTbxyJwYG733cBYpump,3,932853,1067705193328,206615527,4305815371,4.0992,178042318.762329,3972158688,3.794116,5YZEdw7aP8xMTgDa3B7VPsbXryhwZSTR7zBzxebC9YNi7ajejX3f1E2mWq63SfkpxSFcD1i2GsbMQaEgJpekYDeM
1785429068221,Dani,Agkxc1WSocq4ix8dCTuMr4MP11YmRHo1Cu39vnmgpump,1,95236,781585616759,102609697,1942653467,1.840044,96542162.619736,2333115418,2.236573,2e2RymJsmQd41kWTYxupUNXa8EVhBg5h5xzsgwkzB7zLsFLb69ZWHbrGgxUfahxUYQC9QpSdwGmukddfPBcoNseM
1785429506809,Cope,D3X2KjiaqD23Emg5J4wTirCwkef33f7D6DUxLRjMpump,3,43105,28835339743823,2197632481,1423871409,-0.773761,1758359309.979752,1357016565,-0.401343,35xtjsQgxSBo8uTdoxSxwkFw6ukbxnXphkAJkbBXAcUuVZpgSHG3hw4EcU2M1E8RsudtAJaTn7sYMMeiUTztUHfb
1785431382167,Cope,3Z5fiQHfBYGvtSUuxkiUSJFei1CZAS6JisZbg2qipump,1,1339417,1394352521920,102622483,1605555123,1.502933,97559238.224236,1512935385,1.415376,4mHEgGxCwfcMnxJSLdxj1B64Bsz2kZc9nYPC7QS1KuPvp1LWLoCdSZhXpXB3XEZ9FALxNGmgiQykK4obT4yNpJQ6
1785432549228,Dedmeow5,75dPRZoreJH7tZb6G1QteRkjAxP7wSWtuXnZLy5opump,1,949275,11041315327383,1034579158,1084987883,0.050409,1161539808.377312,1077692130,-0.083848,5Y3J6F3m8wgnEmh2Nd3Xq5PPrKoGGnHEw9qRHEBZ87MYrWXn1RUSWabJr8zJ9Smj8vBHbxw94WVtDf3npxeq9fzc
1785432972645,Sheep,7KXDmCWFBovXchWPHbDvuTwxmRPCEPadQ4siuBNPpump,2,21764,2551844429827,262650000,1334088902,1.071439,258852127.980263,2101018736,1.842167,4nmmUcm41q9CbcHCL5VQ71uA8b47sE6wtAyrnhnRqMEFmkgKdTs6qxn897wYAavPqb2nKySXy9f7y6rcT69UfUFw
1785433518884,Sheep,Lh8kvF2GApNCHKivXf8djaA2itWU6AkHxU8f7CHpump,2,14499,4671329009837,505050000,1136570282,0.63152,363464724.77668,982859910,0.619395,5it8eqyG3Qft8GekupEDR8ZonKYG7G3cbdJJzcx9mWBta7iSqYZoGGqe8AJHMyhjmaNkphktcNi86XZCj56YmTBt
1785434321291,Dani,5uTSCVw6cu9FFu9CaCdyYb8ha21mZKH7ZNmCzEqiefUz,1,45466,28613079396991,7578598111,7204122117,-0.374476,6689176198.30455,6271349223,-0.417827,hHCFdjn6jNrhcKjY6B7j1VvikEBrit57kcMFQVYN4aipNJbopBL2k4dTat9sVWjCVx7azdAUga6iykf4ybjS8pW
1785436892168,Cope,ES1NMEW5vW3k1XnYLsxNRMDD3nsvVZ22npkxsNXL2CKu,2,117483,28201769440751,3035315467,2224422366,-0.810893,2843292253.627052,1920178331,-0.923114,5keRy4QDuFmhHQuYBuszpin6GpLWas25tFk6FLiesA2YVujn1W6Gq9wc1UMjNs6XzycQNQMQsndVwp1So3KLM8Ns
1785437499515,Dedmeow5,3gov3aTpf9XQUnbC7DbZWXPSwfqxTo7PdXLXyVKtpump,1,446635,11014302834136,523329132,308852390,-0.214477,504257416.593628,319412158,-0.184845,3XrZebPgws8bGeiJE4FKLX3dJheDpjzEceXBYmQQMTEPzqvG4RFCJPB9UES4eQ1uT12J9XsgvYmtcU74uoXzSdFJ
1785437825376,Cope,BTBfN15Jbtp9A871aZHFSyn4v7EbyocJDzzBnPi2pump,1,16748,15203404488257,845867502,776497846,-0.06937,694006091.002228,641309733,-0.052696,3HNhvS44VYikvVGKchESx47s2iFZdNFuTKvCPEmM7MkrU64tUKwnyDWoctpuLg8U5kjhXX5BJGQnXAHMb7HxuZ7T
1785440509100,Cope,Gj1MuYPeXGxZHjQAn2p5Q2RUon6zDoYN54Y1xNivogzu,2,81879,15165346164390,1943972561,1670991336,-0.272981,1882655210.897285,1940708140,0.058053,43NVhysno48NYx3Jfd3j6zDLHqVUjLXunJknfCipaNS4xVJpK9jH4GZiXXASaCNyRMtEBq3wrZLA79fmmuydmCBQ
1785441704063,Cope,MuipUf1HG1yr1fE6cLsG5DPp7qEVbZRL59qmZBBpump,2,52720,20833628022629,1317621011,782941877,-0.534679,833796851.208069,678200455,-0.155596,3gVKH2Rttzrcd9L3k8EpXZfJnALVoiiRyLqKrEdntkwpuR9eW5u3ocsXyjS6RR1ASueUTxdWYRaGtqFeAnTGhrc6
1785441947119,Cope,89zMjykGxsgFy82goDtSDYL7QjqNSpzefBQQZNLDpump,2,3636,18505679465577,1944912871,1278433521,-0.666479,1007789845.669594,971785856,-0.036004,QDDbnzhQbVibvErAphggbjf5yNYVoB6ACQ3N1bHQqVoWonaFhGyfwEp9BnTuAcboRg45a4UuV8mgaDVbPdPVR4x
1785444363275,theo,HuCtS3gQtpZ7bnCXkB314zqSfwmogkme7Be7thP2pump,1,13466,89825108010084,3072079079,3094898476,0.022819,2776644301.017162,2622381390,-0.154263,264dw1hn4gWAHkEnEHh7iY8z9wh1xcDj85kwT9aC7NU7oHnNkAhV6aXVtzNMaEz7uQtMmbo3GBxBeMP5KD1Y5oEG
1785445288132,Dedmeow5,F2z59EZTpburZbZebsRH3Jzt5sVotP5PENEcu8e2pump,1,84004,3555001367432,521255009,2080962816,1.559708,486876828.094048,2298473017,1.811596,2pcXfsp11u5Rq34MNWiM3Y65cgFvofMjWFyXuFg1AS4pag2vdawMsuoQSumHrEAKD91qJSvPy6y3EYrRoKRTmUhf
1785451319330,Cope,89d6pW4VSGk1d9n1G4QMVqZykL1pvNrCcZDzoGT1pump,1,20815,17570973683766,1266075998,632011847,-0.634064,767882344.087753,540663514,-0.227219,5xnX5dADF88YVZhndmV6S9s3mQyvN8WPoSkdDxnwem8TmbsgJdiZM8hgv5LavjUiukXifxqSfMxtQ5UGcVidAUeF
1785451343896,Cope,3jX9A6zQApBKh4wwDdjsuozBoTSwVf4hhUwxZxgbpump,2,492944,17777795929312,1947877947,850480330,-1.097398,1329654000.694321,892854463,-0.4368,4aaTWsABUF27jngfhhZwfcQCKeM9CZzQQsDRQfaUFUsgvouRmmE5G2zjQwPDVSo8V3pweDTgAmmeiSXYzMawWkc4
1785459263693,Zuki,5FUTTMiN9KqZkPsk4q9Kpp6kmweRKTrJrdhhv5DKpump,2,28824,1255629875950,244410000,1676472266,1.432062,211636942.321381,1889171829,1.677535,2XjL2wN3NSKcuaVC7b1c9A3L9djGZKGsvb1PLR446KBZqGr9gmqUuz1bYLPh7CScuBeTS7P7ycbBHLt3jww8nN75
1785459487393,Zuki,a8ETZcRb9MMJ3UAQMczyHYCMKvdSiL1XHyirGYupump,1,110831,1441665050640,239405000,1817479581,1.578075,195798863.695885,721301893,0.525503,4QNdtM24j6yPpZGaFVp3hp7M6CA1tENKyhSabVJThSGhEV2pfprY2bDYx3bP2CJ2ezx7qTC5wjRVBxEaA6dFnYoX
1785459737454,Zuki,BoUWWf5RKijT3SJEwMop1YQc74Yyjdd5mveG7fjBpump,1,40662,1136005500928,239405000,3330464904,3.09106,220383230.710602,3017078231,2.796695,4FnjrZYwKtfxWWGD6Ej4CMiqbYSQzJ5dj14EnztqJahMvwxgRw44AHkpBfBjiLsF89CJaviGzFyeTcrAvkTZEgmE
1785459973658,Zuki,4SqfW6tC41TjWd3FHWkEHdotEV2RcxMSLyQoG6fVpump,5,179243,8629388553040,612722207,2905685146,2.292963,472401860.763069,2164274856,1.691873,4Ce7ZqTR5BhfdTszHnZS7aBUqwkmyMhMF14qcP6i6aDdTjhtrYNksDGXjQ6E81oB1ko13MVieY6eAAnAxa5LpdPq
1785460300267,Zuki,4vMiAjFugwttC7X5BgmWx9orB48QAjMcv4mZxZRupump,4,60702,4868854125615,488820000,2373627129,1.884807,369162496.710442,2008054930,1.638892,4LTG7W3FMWotophtcULj1ixtuVmanU9Z9mT8hR1Buev5Hjgftf7ozQqKWrpwGbcJcdbRMPyfnrJ9M1GuyZ58Lo3w
1785460484937,Zuki,5iY3VjsWgCWLZy8YsrJvyHdKjU8Dm6QcjNYHNjeKpump,1,91530,1909373011168,239405000,2995101604,2.755697,222643234.22966,1770372709,1.547729,41FkEW2mj1GCEcwN4DRiVyAzv7Uatu9v1hzpmhLRRHRN8m7VcSCWxAV1964XdPs46vNvC7f3hwhvvbk6wzC7kfBx
1785470860435,Cope,3jX9A6zQApBKh4wwDdjsuozBoTSwVf4hhUwxZxgbpump,1,8043,37264713173873,1263998963,1156950003,-0.107049,1081977483.018543,1009263674,-0.072714,vdjhQSuKUTLhxhfwJoNGWPomWpksiSZX2Zhgbzp737vwM6ptLqUi9ziNtk2K17TUAKGE38j3ZWRnK4Kpc4XG9od
1785471191930,Dedmeow5,7bZa6Mo58jfT3zDwzBFrp5rMNo5Md8Mry3zoErNHpump,1,355597,18220480155672,1034579178,496561038,-0.538018,536444828.649017,500920222,-0.035525,4wrmrKv8v9vdQ1wGeYkcGEk4V2XGAVXQ24zmJigRkHBVJnsu6G7DgU6rVMttjPaysaU476L5SF3qhTd2hTqSU7kp
1785472003521,Zuki,9BnMDgfWFDtw762GKS6gfT6SfQFUmSFLW1qEfyShpump,1,30269,3707860918761,239405000,744809458,0.505404,209695404.204468,631473991,0.421779,2G73BvnxJKfpF6Ctdh3Hf8gYgJrK4ZLcj94cpDpo4FRZvKPmcjfXp2TkELfb657g78wciD8SvfCHgpsumBhEUQw8
1785472519142,Zuki,8F3SSj8jgUihuGErVr6SmYteEmkYS6wsBkbQWuqfNWF9,1,13966,26269977734049,920957962,904385844,-0.016572,752915571.218269,716929733,-0.035986,51kPTWi9KyU1HVPR2GLAU838igsGo5kFprWYDiKCgAuy6fGzNbCvaoPXAKeFE1bRAzvahFFmP884zCZueegY4n6E
1785472915129,Zuki,3WbRaiA4dMC44FMPg6KbbxotyNFxHQMeUTwVRiv4pump,6,217600,12477923673669,967630000,2294806979,1.327177,881243669.678833,2043924615,1.162681,559RSUkgQhQqukownXMcRR6VUWuRZfYq9iSHqHhprTwpSrSZ2QugE3LwEbiaSphwvRYVGLx3etftZwMgEVxCYdW3
1785474002119,Zuki,ErYfepewqSwh8R687DNx1S2jhMXYzTdygQsUms1Dpump,2,9450,3010847849475,244410000,2315948413,2.071538,215855850.421761,2410373966,2.194518,fL7UoQqTjRNtbD7C1DCmeM8EejBJkWAvzNsC1pBd9VsxqRvoNbmMidsQtfGfCEHwzcqsPuYFHXBNxd4Hz8wHdeW
1785474177796,Zuki,6ychhQbTSugV25YJsv3sFe9sNjR7gkKQr87eVof2pump,1,13230,16652065906835,1219096959,838303982,-0.380793,757698852.846687,646979448,-0.110719,2XDnMXaYL11Af1LDZVJBVyFrfE3jvDEquyBsmbmTx2N2QojjUKxAawvutH5vi1r9QHvBMWr7qzDaBsB1dz4NXEYN
1785474287985,Zuki,4Dpx54KT4pESqcy5zA4UbpoAGrFhioBEGNEetvFyBjA4,1,13129,1657438942585,239405000,1589047560,1.349643,149333492.295906,1790398817,1.641065,3syahtxZQfvnVu3At2hRrQeRtMvNckMaDcxC9WhuBvkmEMj4PEMkxCDqnsgjXyNnPJMYSHAoiqvs2pPFQ3YWMSdA
1785475167970,Zuki,DwRB2jwH7F2hiSQ2GsK7tyrQJjkMaX3S6DKwNx2dpump,5,173972,2153496686362,258794901,1651666868,1.392872,194783005.981918,853661464,0.658878,25v5qm9miQkJvB84eAvXGFzjV23eKDM9YKSF7V2e8tRN4qZb7gvKyKbPgAHevATKRA24VdfriZDcuRPJrYesbTej
1785475349314,Zuki,F2fQHouWmdySimiUsP6zoMZYwNwkrt5Sfd4h5J5Zpump,1,7604,26865026832075,1134699503,1054744595,-0.079955,1093928679.948799,923107687,-0.170821,AD6MF3PRZ8eyj2eHpYYTG9ME9iJyx1FPpVPSFKCwnYfJvgfj2eYZvE1nCPDiHpcTWkiZUZUjUA1U8MTbfBkE64j
1785477238106,Zuki,2Dk6gwdPeMymg7TwenaqADfAFy63CRHFQUXmHqyRpump,2,59928,3039934503552,244410000,1862617323,1.618207,198249119.486343,1730481221,1.532232,TFRpaCD525jpT97n7Dv6jtQ3ixjmKJdqY11m6kpGGMaHDCLgCuU9NsbttU2zpX8eqpYMARJJ387VEpjPoN4y9i8
1785477772056,Zuki,2Dk6gwdPeMymg7TwenaqADfAFy63CRHFQUXmHqyRpump,3,226818,4146025259901,718215000,2076429363,1.358214,675047388.449265,1973242688,1.298195,3g9VL87xg9cxMttYkZr29TNCgqmFRpSL6uY9fzFV7gwh1MHLckp1VR2fdj2DMrr9Ym5RM73aFYrbuxZiAKKLqxBW
1785478439102,Zuki,HxicJSoCigY7fGcM3UDZt6DvAMNsoJt2ycmPRfvKpump,3,26824,14644589858600,2382201734,1924379923,-0.457822,2295152510.95932,1215132983,-1.08002,3U31QqgcuyHgeaanMwyV92wqPWyDb9Me9VWyybQwZ9zr582vkYqYB1U1LCqakRfKVNzyvxUJxkZFhH9FcqtdDD4f
1785480122205,Zuki,HFsC98RB5jb2AsouJEt3Pv7baC2szbg8PQhD2Xwjpump,9,73174,4362484122822,746807613,954688042,0.20788,577659250.473747,1825760753,1.248102,4dZz8mGsp4Re8DkdEJ4nrRhZsP1hgAZZ3ow9vFK3xW7CTKsdMaqVVkQtajqoXBc2pPwoVwreg9btBcsZFYg4ynWG
1785480764610,Zuki,CrVsdKbxG3Mbrbq3eUiTYmgPDs5rTCiprWLugq6vpump,3,11240,21647891087126,900296084,862503421,-0.037793,858787496.816521,605330433,-0.253457,2eWAHuorfjLmU4C97pViDh7eLcwTigwUt3xZzGWSWNwC9itdjG7jDc543Baqn7pM56NoYJhaUdmCFQmUL58edTjD
1785480785456,Zuki,7U28Xps76SG6Nk5szU1G511rMAxEahhcXf8hHqfZpump,1,13090,31114953272143,1328710057,1167061679,-0.161648,1051342710.982735,908469884,-0.142873,R4bz2LMDqm7DC8N73dRf7T4pgZ359Z8G2fDqh6tAQ7cEto1eTtCW4d1SWrqKZWqewypN8dDGnGcmQvkX7gxH5Rt
1785481150660,Zuki,J3YQp36ajGNkAJ4jLEMpAVWxdBwRzet8ccdhbyGJpump,2,9448,13780085323133,2002977320,1564822837,-0.438154,1362855519.56337,1364649020,0.001794,2JPnigw8s8aW4nzpHuQR2AymAULbRKH6ygAUfNvCDbMw4SKypAj8dJs2tx3hgxScYoeS6JDdMVaF751GmcRq3JjM
1785481313354,Zuki,CnACixZ2ppHM1xRobteaqWbDcqcm8XMZZAFCGR3kpump,1,13331,20482081943802,959794173,911373717,-0.04842,791968713.476364,635653417,-0.156315,24aQvj4mv9wh9iajNTtdXXXYFKcmT5awMT7qQZj1iy8vrFFNvWRQR4iX6GLkLvsyzR7XPZzJ8KKJGHsqcqRoKtMV
1785481531328,Felix,APJZ248DARXH1FnS3kkEgbWq7Ls3x3qeT4gbQ9Zj1DQ9,1,1939,69648354846255,3504079081,2527333832,-0.976745,3068194520.637352,2398269285,-0.669925,3hRjqpvz8F3c2aVU7XLzcc2upStZugLtMx84x3RKT8iBoJmWWK1ePwgFRRBc4dKRinog3zaq67YSUcRBieW4NRrp
1785481810688,Zuki,APJZ248DARXH1FnS3kkEgbWq7Ls3x3qeT4gbQ9Zj1DQ9,2,137546,3915394514828,478810001,1778609576,1.2998,445058333.350403,1674618239,1.22956,43R2mw92gMstFpxm14yQG61dPWYjAkKd33QLbGrhXuHaQkUe94qwad5skwWgyAoPiSoiZK4JqSLhcgyfsd3AfK8q
1785482151204,Zuki,5vGSuA1NrRz9nPn6KP8jpGa1NCtmSjLX3RFZZw79pump,5,112696,1925442101670,492730773,1285481369,0.792751,376799334.64592,1094805152,0.718006,2T7rX4Kjjw116Xqk6yFgKnFLWKqCEje6ntWQsF9Nd43zVsCZj9rFP4jWxQEDk7SvhHmJPYWnDjTieFmYboxHVkk6
1785482488488,Felix,7kQ6e6bAAAY4CrH7vufqa33hBHveV6ziFdoFxAxypump,1,1895,33035906883217,2004079080,1129996424,-0.874083,999581129.989868,938492928,-0.061088,qS4XgXR5P7V5Jdg6C6iiyFQCdGTLBgGRfNDByumieL2U1Y79E7szHSgzZKrw2NanoPZdFokdhfAcGHUfNTgtmTC
1785483789180,Cope,4Bxok7tP9kSTRGH3ga99Mmcgse2hY7TDXvtQD3Vrpump,1,13455,156574965718,51807583,1570772504,1.518965,46769602.502243,1446817922,1.400048,55okqdNMASYg55jE1JZujip8wXUxbwFctDpZYSG3qtHKxCzvzPUHhFB55oaWuBnFBmypF3nm8dWYHQuirEqimKrr
1785487447253,Felix,HZqvaGS1jRErCNA9iz2UMK92xwwDFcce9FEvWBGqpump,2,30380,20495390514454,2007084080,1391789657,-0.615294,1886219245.250664,1708259045,-0.17796,43gAbYqfsqRyoFQeTayhh7Uer3phfVfWhF1oqMQxy3Dqub879SMJX3qAxtbXsSUhbdwaN2gWquSmkvvyN4p6HDqD
1785488168620,Cope,8WN9iUr1ZHTK2qrJfg9P8jaqjkPLWUZx9REcz6gwpump,1,211272,9197535948238,1356801401,623729928,-0.733071,1336031559.04747,541349522,-0.794682,2Xa4u6YuQXDaZcfSBCyv5AxLX8YTy3MiqpCgFxUY78tDkm1m64HyE3pLJmd9KgVExF81Uj3g3YBS6rChZ3X6giag
1785489543048,Felix,27GGgnNR4RPhKpPN3bJUG3PZGbSAhwGb3kNPPvQApump,1,228415,16955982921723,3504079081,3170580118,-0.333499,3176384895.635529,2497191852,-0.679193,3qMNpHQA1uVSsf4n9pm8YsBjmFSArtFwVk26EtXjgQG2LscFVCrNSMLM2XChvXTfd9uMrC98ENR5vKkwmcHzdTo7
1785489652032,Felix,HwZki8L7K3GTysSUWqNyTR5RhiDKB5ADQhfvNPXhpump,1,66134,37273057148448,4004079081,2439710599,-1.564368,3721850750.476654,1839268621,-1.882582,3hyDYEShwmgeAPWxrozvk9FsaJi1t3m7hCfyJLmPivKm6R3Qn8b7GgFxkuaWijE5UytLvpG1ZvmEMSqpyapghSvq
1785499621365,Cope,Hao5Ex7YRV1dHJhNmFGBetBKU16vkhXVcyfX6T4wpump,1,105082,17730874978269,1266349333,896516126,-0.369833,1087698648.851387,875553058,-0.212146,5GybvtVK31pg1MvDZWRFmhZc9WTXxAGsw2s2SNdbVrYrh8HamdsnXm4U9WQSGw4SCQNdw7nSdYb8SHxsd1uvpUqo
1785500574955,Doji,DUivvQS5pJMi6W377a7xSCJzMQsHhGL7v4uSmGYFpump,1,145175,25181144082032,3692279080,368251252,-3.324028,3580582242.808289,364498840,-3.216083,2VB9uUm3cdQ3PPJ1pNBfF9JieagsLfNK2bXkDHKBeuvZKKgvxpHCeBKDpFjAsJcou7riRX7LRTNadFdf7jv3LeAK
1785500607866,Cope,3dZsr63LfNpvjLxrz2zeKDvDu8DeBtn6goMsNwJVpump,2,164737,19132234331769,2630706953,2259986117,-0.370721,1827101331.287506,2874165958,1.047065,2uJcKaDJMJdgXZjZggFD3rQW9Cvh7Gob2WErxUdEpPdQ2a76PeTNffPjU3vB9bSgKhWSzN53RdThE616TpBrwaT8
1785505291961,Doji,4gsGR6KBkRRJRiyFCMUg3WPXykJmSPHSTJMRRPe2pump,1,109896,6552156035932,686175680,225029620,-0.461146,639736203.044746,199098686,-0.440638,3Syx8cXrjunuExzTjDrWEsuUiYWPwqhX7dqounjZNW4dWJV7zr9tQBxt7T4iMh3mCVLT1S7S6156qNE3LQf3AauM
1785507491247,Cope,9sYF6PmF9jWFcACJQ68QBziLsro3PhFXhq1ZNMp1QicC,3,97483,40769312583751,2682481600,732052099,-1.95043,1583192353.802879,724919615,-0.858273,21gLdCoWX8i4f4uCsk3ynD9epcM6a1j2dkNh7TTRSoDJqLz1Lg8gyBQZVMnwYCeSQ6vt2h4DU6LmBsmn6fZFTNU4
1785508048953,Cope,HBznkuLNyrK93bNkkv8poaUw8Q1fwnKVJTvmrYXpump,1,35894,36498813965911,2528653472,1253242997,-1.27541,2406216714.650078,1280209999,-1.126007,4eiEuPEDwNw2kdSg2qmBZnTGCRaniaZhC93JGdeBWGZXgPmV9UEowRf4zEZJmw8jcJswaF9cqmmVcFRS8LQmwBSc
1785508382862,Cope,7ofw4BLwsh4QnMcYhyQu7j2tQ8xSfV3JmWZDaPuzpump,2,20347,1126290949576,104060156,2274441214,2.170381,92955693.491669,2230671338,2.137716,2qDR8oZc1YDeSkp16xbpacvYqDzKrVPiFCsk3RVuej7x6uNWiZSvyBhhqu59MsN7Zse28RUKaa8LSJdwZta7p5nt
1785510197684,Felix,RYoYXquMLJh74SnJ4aNETFsZeQnEUu9ydW1xxt2pump,2,3887,30109100650216,2006084081,1969980414,-0.036104,855433358.39164,820377672,-0.035056,4fDHKtycHmamKLNVQXVPYkTBxtUpk2XUnHt4EEBzLvWuF1R993F3zmj3CkVog9sjRF3vHfVLYLZRyB5scfNEfAJC
1785510201563,Felix,4Cs8SAcwBCSmDcMkRbCwXvSFcePtGLY62YDLoh29CXjH,1,1940,35361019350117,2004079080,1005292002,-0.998787,1022350356.184429,957116465,-0.065234,4KuM7dHKpDekDASc8vdgtbkjyjKcqKtWhgVsseE2xJn1GU6PfYZwrY5DzpxpAk7Ufhx1Ct5vBhoMHTZgfQqvyWEu
1785511146393,Dani,8WX2f3KjpXH1BvxjeZt5gzGUgB6QyQqjD7Sc8dK2pump,1,45765,401870022045,102384452,2970256617,2.867872,86573120.64444,3736214336,3.649641,4agCr8dmjPQTGpru6XybFjmpeeouC3BoY6LSk6cbh29BkHTBVWSwrvi8EhUwusn9xWgyVqGj95qbUz4zu2LbMacJ
1785513550229,Cope,Eew4oUoc6Bf7XJvBahJyPsT4R4h2qL9S3EbE8rTupump,3,396454,1242004876961,156021093,1362374630,1.206354,137664301.417397,1550349835,1.412686,27ZyshYScTF4ziQx5R9fSSDHBxp6gNUWW9VrVVgixL6CGpZ9ZJkffPpLdbcBShb8CXQ2dTT6famumh9LVWddqNaM
1785515534457,Cope,J9revoQTfom5GWeCeNcLooWfddV9kcjxGqKGB8Qrpump,2,1952146,8856511953822,2529833920,2824803832,0.29497,2101017334.602539,2894419665,0.793402,57dUvBUZJSPu7iRTEFLVG2bF32DsXR7mm95DX3Ghd4Hry8b92NfxKSbuB2bUeJv4jtwdQuAPbmfzgjZcuQcovvkB
1785515591054,Cope,AxL69GTszjFiKopAYMPxsquayvrCJ1qY1dLiLi52pump,1,23946,19293190466642,1265988252,575999038,-0.689989,639013190.410709,554673463,-0.08434,5bo2gbLS4mrtP5hGd4kHocbMdrY2CBEGhHP8nDFW9xCEiQhSSWiyoUh5AKUyLWJqk6JArke2LRgozMcMtFKuKCKQ
1785516012700,Cope,Ay3KrtTMR45MR9qD1cJLe9GjFJmjU9ZE4sjTK873pump,1,116210,6355089348838,1265838793,655438853,-0.6104,1005759585.524612,691728175,-0.314031,3iG6aDNiN7awneQUqdeZvaYw6g3vEEa665Re1k1Cx7SLZHfvtYvSnkEtN8YBDiE5hENoBzxxFENsMMpwRJSi5PNY
1785516059834,Dedmeow5,J9revoQTfom5GWeCeNcLooWfddV9kcjxGqKGB8Qrpump,1,2293804,7386239787921,2057079113,1270628728,-0.78645,1853015560.839035,1144423359,-0.708592,4jTcbGrR5Fm5qmnSWmxxoAJ3nNLzD8xbMhYXbj8qm8Gqze41SHph5ijeP2uiTLDAUtJ2mS6kiVAfa8Pw2qudQfbb
1785517797966,Dedmeow5,EBpZCVAH13rpLisMeM2zWnVAWKxTayj4VhKjspTfpump,1,58496,6945658449991,848149173,392591489,-0.455558,478161468.87323,717815707,0.239654,4g6UQUoQfU3d8knmZdzW4jtHZS2Vnuqpt3HPWg5Gw5sh3wmF1U7sCRLenDYzBFnJRTPdMyudsF64coanCig7EL4d
1785520021284,Cope,CkUBWzHvjzrTJ3yJuxBtNXA6u2iw2GNdmNw2PsPWpump,2,36037,21985429853826,3371782345,1693302141,-1.67848,2068574040.632095,1356572774,-0.712001,5ryqckkXinU9hV9BM6vuqdzU5fUA7cX67QZ9KwgqjucuaFWMiRJb9AJEivp554ebFkxR9JYtC4oCPcouzkvWTZKm
1785520689846,Cope,CFavJDAfxjAc5s7DxLQ3rQyPebU8rJtHBbVSmp5Ypump,1,286497,9144273225640,2023549739,1455877207,-0.567673,1932103709.26384,1474290991,-0.457813,4xJesB8ihMz1UMLtgzRWHCpZpUsCoSJsAobSxkMBza5z1cT5xbCyq85Hx4fd2VCzL3r3yhkPaRrkU8cCXWMPFzSD
1785521342277,Dedmeow5,EnKUSFpYytgjd69ahSRFXyRfPMemW43g98PBUcq1pump,1,430814,4074730769494,523649989,123611485,-0.400039,471852780.46431,134680558,-0.337172,2Ei2MzamtAbwmhsNFruUqibuESxqYaR6hAs8PHYhmMiRqdUKbc6oMaAx1qTv5a76aXxz81tQkwg1PK3kprRX4z9b
1785521886176,Dedmeow5,41LSCGvccVknYdubQSVSPVQN3vsajsYGChkK4RQMpump,1,534867,12338490731733,550380702,344703991,-0.205677,543685960.639442,354463412,-0.189223,5ugCPHiZoM8G7HV6UG7W2okcBU5DXALMo19yJUsW4wBZR5QHKbZWPDqScqu2e4twEGuuRpWcf8LBv7D1T9BP5gK
1785524525940,Dedmeow5,75icTpoXKdErwAcKGzuDL9W5xE2RA89JexFEZLNUpump,1,192192,36422373361116,2057079122,2371066249,0.313987,2223590426.430481,2199639503,-0.023951,ThPmKK9stfNt4d7Ds711Ze23tsuWjihMYTS7pgXxCJJazc9ip4mddh33JVusbtfxPJxnA5HYhuoxGshrArYiHPG
1785527098851,Cope,aBHBcq2DW7WvmNTb9kenMYL64wU1BwQnctT7HK8pump,1,26271,16032349357675,1269381496,553315156,-0.716066,706845628.560135,698091763,-0.008754,2CCW46wwdTQup59sox6FN8SM5TyQ2W5q1m9XA8z5hdQPpwQWuoXXjekBKuFYaRGnPykm6qd6rM75be1cikNvb7Yp
1785527249261,Dedmeow5,69ebcKK2pAzWJfags9v7runLtjq7sRnb9suQRmMipump,2,230709,9156317059617,2101604752,2078171578,-0.023433,1972389560.82399,1897610665,-0.074779,4XEkAo7niKJtcKr7tu3vwo827Q9ncWPa2bEJ62LQsr6iY4ZNB43KyuNQS33oM6J27oJ1PzNm4mHbM65U8wnURrxR
1785527408309,Dedmeow5,69ebcKK2pAzWJfags9v7runLtjq7sRnb9suQRmMipump,2,46790,4033968465005,1045337352,725631260,-0.319706,911452297.214081,588789545,-0.322663,5FFsCRizLgieY1uojvVa91GrFidQhWcqgNC8Vh6FzxNK22PdzkA6FhfUxfaThAXZsQk7i36Pnk7YrM7jEbDvCpT2
1785527958868,Dedmeow5,HRMh5HZ1dwLqZsBcXTjrpsQGKT57JULQhFDtbqhTpump,1,8088,4320634796102,523329084,420790230,-0.102539,444797740.40712,498236651,0.053439,4goQcCELGBdvmvSucHnFyhW5iGyV8nqKfwCmzqR11LfZPJ35P5qUo13dqGBHSJHKkuTNnt8HGeU4fYR6AhBoH2Wp
1785528038385,Dedmeow5,HQ84c5wiRAAuLg7C5216GSKbnj3YE7n3dLgbj12jpump,1,134143,12022034268077,3590829132,1843450500,-1.747379,3880180940.116959,2115750517,-1.76443,2R9AyruuJRKehycY6q9k2U4iRubhXKAPS2vyMA17s28vhZq7tAQonMKeRF5MVfA14PLfDHDyzw3KQn28uSHYoMDa
1785528239671,Cope,DLvP6EedhLsmHELPtXtPGBHnosEuufA9kK45H298pump,2,210056,9812709658037,1013204843,1712256482,0.699052,865640504.537979,1606913716,0.741273,3xq9CmTAUXFyggxE4bVXHNmef8nqV8XZuzq9FJHq441GJfo5kPR3gkqUsXLUf3AmngM796h7Lsb6wL9fXy3vGk5p
1785528459872,Dedmeow5,FiFiV8n7jP14ngzbv6HGG7e2enMsVfwtNvPWs9jUpump,2,9604613,6766698428270,790442556,190557504,-0.599885,716139516.294098,202510432,-0.513629,bca2WYDytpaD89SinhucQkSwh555K9JYH1NhQ9UjfDaWqnwRnwvbEqAcdfDZ5J5p9KTLM4vFbfvu5djKH12XSD5
1785528816308,Dedmeow5,9X3oWWKXdENykbVhQk1QQfMfNEHB3i9HjPXcZPyypump,1,275729,13854333615798,895213654,637923300,-0.25729,1261105125.072701,653219841,-0.607885,bpjbDneVqujxCyq1i29hjnXHatHG6AwZRawPtqX2X3TsY4MVSXktg5KTNRWjnTE7FXgy5JxWAfAg1WzpnE5yJtp
1785529226742,Cope,Ei4Wngkup5xTVb5hyGKYw7hAhZsN8Xi9Ne6qugvepump,1,26503,23844136604630,2528681057,1226217223,-1.302464,1695734463.874596,1017083742,-0.678651,qxUTB3C2ovP391uRw89Fo8oSySrEJToyttF54DHwodg2fmtqKhLYNJsr9AcvPd2SrrWyr8WggX3mVu2jhTCZZRc
1784567393989,theo,EvvorYMn5uzjUTVsh5BCFdiRjHrkpjf3dxc8DHjupump,1,68636,31819394910665,3033079079,3923738869,0.89066,3885552679.568558,2343094127,-1.542459,
1784574464290,theo,EbeSQJCJz8eLgq4CeVP9MEHBNhMo65WZMZsWFSTXpump,1,4449,5830723180285,263605000,3851805288,3.5882,300762177.235413,3935973475,3.635211,
1784585892495,theo,FSzraUkWwqPXPfpwLbRnao1frYfDcnfzDNDzU2kppump,2,14125,10910913579634,527210000,3924507807,3.397298,403292294.174595,2859771229,2.456479,
1784590308690,theo,DBpPHJLYsQvTumBJW5GHAFEZnS1DaZKAxVjdMm6Xpump,2,49191,7196759035333,527210000,2412506366,1.885296,576079536.70546,2410924222,1.834845,
1784592536286,theo,HsDeGca4ZH1g9VLQzENhgrTQzHweTLW5CMN1m4dRpump,1,5991,7020353237194,263605000,3477868955,3.214264,289780059.144028,4260854512,3.971074,
1784594969024,theo,7LNFxV9r1MAkDN741UfWPiSKJ1iXoWq3HG3Ap2gZpump,4,922213,80793316095422,3823894079,2106816146,-1.717078,4553074517.887505,1883890636,-2.669184,
1784608464749,Zuki,C5V33LoH9eP3LhWxuRVZQfdBFPvjfYWxwH6uYgDVpump,2,64451,4181843294957,244410000,3572661793,3.328252,300025602.413002,4212368332,3.912343,
1784609520889,theo,2NApmvbGkLge9DZAuc5H4WtzPYVxYLxV49cgKatYpump,2,46230,9561370148255,527210000,1906760025,1.37955,487611181.331863,1548270119,1.060659,
1784609956484,Zuki,7MgAkQYgxxHBmvT5vex3sEYVjwcTaKU4EmFP9cV1pump,3,33682,24371249928720,1331101840,1024435904,-0.306666,1338108844.428356,677664095,-0.660445,
1784610112868,Zuki,GEB7vFdtYQSqVzA86xrdrbrt28DU9wAuXd2CXJYbpump,5,27897,18533494203062,1862120230,1089426690,-0.772694,2004542564.373421,834177406,-1.170365,
1784611272289,theo,H3875Tg3g8cFr1GT3b1kvfoP59TKdvwYHgnCprnmpump,2,40557,13786507564411,527210000,3962111242,3.434901,579415041.691498,3145412390,2.565997,
1784612570401,theo,53zDNXw8myfvSTT5QkkRTmK4kc1KmchdyH8UkZBpump,3,15108,14543969578370,790815000,4491324921,3.70051,614336087.382721,4082051635,3.467716,
1784613103081,Zuki,s5xTySLnCXNcs4CC8965b3vwgAZjKhs3pz12e8Wpump,3,107005,30544772209056,3616277472,1426944842,-2.189333,4244638900.457893,1435722065,-2.808917,
1784613109074,Zuki,s5xTySLnCXNcs4CC8965b3vwgAZjKhs3pz12e8Wpump,1,1758,9256341765609,1004005000,9578918,-0.994426,840415641.631203,8348174,-0.832067,
1784613137710,Doji,s5xTySLnCXNcs4CC8965b3vwgAZjKhs3pz12e8Wpump,1,143485,12587437444745,1371279080,1668951639,0.297673,2003424758.580521,1370835983,-0.632589,
1784613462085,Zuki,6dJTX6tbeLS21tDzwwaVDxhyhHtgxQEGymANfp2Qpump,2,88174,1623201834749,243901541,1446386134,1.202485,248694541.931793,1208925545,0.960231,
1784613792283,Doji,6dJTX6tbeLS21tDzwwaVDxhyhHtgxQEGymANfp2Qpump,4,564100,29393113311455,3461513892,472786698,-2.988727,3503152316.702858,450188608,-3.052964,
1784614080943,Doji,waSphrRR19kdRoMbTKHxsJVFasaHZcrfSpjEHzVpump,2,304992,19516745844439,1877503442,1129030636,-0.748473,2780538928.411308,1215727952,-1.564811,
1784614275890,Doji,A4QiRrj8fnzWMkq5jHhan83YybtuECz5DEdTUR4spump,1,11068,6602106487077,506821578,711817937,0.204996,709542618.732422,721958422,0.012416,
1784614291712,Doji,4wiecK51AKVBKtEaSqLT2L7oRS3BspBfZx3pri8Spump,2,272235,21226124402999,1588601238,1373761308,-0.21484,1625179249.394798,1283483273,-0.341696,
1784614438928,Zuki,B6KHASKVwoepvmGd6PGGx8PWtcUQB7E7Wtbc47DTpump,1,25226,14984963652475,1767873529,1789284016,0.02141,2032529201.071831,2315023480,0.282494,
1784614505268,Zuki,4xMrz4DKxevNm3Dh24vEiSbPxHTsSrVxf6dY1ED5pump,4,55128,26657391094167,2297662126,1424457423,-0.873205,4232660319.14122,1063202896,-3.169457,
1784614586041,Zuki,4xMrz4DKxevNm3Dh24vEiSbPxHTsSrVxf6dY1ED5pump,5,60770,2631405933658,493825000,2949125698,2.455301,412245690.282135,2969131803,2.556886,
1784614817613,Doji,4xMrz4DKxevNm3Dh24vEiSbPxHTsSrVxf6dY1ED5pump,4,325005,21098018971061,3886338332,1411117551,-2.475221,4200966061.12709,1636885757,-2.56408,
1784614821833,Doji,B6KHASKVwoepvmGd6PGGx8PWtcUQB7E7Wtbc47DTpump,1,450192,5117880298493,465669844,336021921,-0.129648,677105511.259506,336300242,-0.340805,
1784615121368,Zuki,5qzP3Wb9w6HEVz8czoCPCxLvFnx7mpNWPH5uQyXRpump,1,13569,24608508200283,1969202566,424006964,-1.545196,1512897604.727127,348841152,-1.164056,
1784615340319,Zuki,B1DAunpyxTidi35fw93xk4TVB4aUWSZ3FjX9QkgHpump,3,68689,34023530202405,1454320060,1322230921,-0.132089,1965937003.43367,1397638815,-0.568298,
1784616192286,Zuki,7BSEoCQAkq88rqvj9Hnt7nyFMvu6uEp2jNn7XVmSpump,4,47099,14638152091034,1399179390,1181216778,-0.217963,1582160851.454781,624368401,-0.957792,
1784616450433,Zuki,81gvdMWVhCXsmnYLmcApjsfnR6WHu2X7wkCCjEuapump,6,74637,35481531558264,2786776842,2082342186,-0.704435,3149544690.89473,2312184732,-0.83736,
1784616519392,Zuki,81gvdMWVhCXsmnYLmcApjsfnR6WHu2X7wkCCjEuapump,2,38726,49464096844657,3474010000,3168768978,-0.305241,4360514055.367058,2026328711,-2.334185,
1784616868991,Zuki,C54842eATsYVVoNQtAoHYWhbJbdbjVpRiz2zXEuGpump,3,21872,25888278333165,1440713112,5926548377,4.485835,1774722246.789619,3618961917,1.84424,
1784617103060,Zuki,CCzy3pNH65pjnwCkNXzS4kPfWM5AeMcjk5A1apGJpump,4,121742,42999297005291,2327406276,2149943038,-0.177463,2829787832.488136,1162685608,-1.667102,
1784617164172,Zuki,E8EM712UuuyZB1eYDAG5fjrfkuGz8AParUR3aMBEpump,1,11437,37360529166615,2006079080,1661920102,-0.344159,1582936734.165863,1438276293,-0.14466,
1784618372108,Zuki,Ab37EMYTdbDXFnwtvtJxXe1qquwz2eRx3UqsFC7npump,10,442543,15268043397655,2549280718,2230574707,-0.318706,2504627477.027634,2168947596,-0.33568,
1784618597839,Zuki,CUFftYXVsPkPCtmJKJmYBokFo3NyRUb4mjz3MVtXpump,3,52225,37532344107829,1410899169,1296832528,-0.114067,1850926311.13913,1141301528,-0.709625,
1784618992401,Zuki,4d17aLjiwEFPA6RxtsgQDDwPMUQ7f5Fo3JJwYutKpump,8,86276,9590035828819,741262955,1894758243,1.153495,617195620.973793,1204942388,0.587747,
1784619305267,Zuki,4NvY4TjQ1LbuPVrBXjGoZEAHAak5R6ZSyYHCBvHHpump,1,1756,5411393576805,241479080,245991597,0.004513,193031293.774319,191953723,-0.001078,
1784619521224,Zuki,69DNxGC9KeVEihCFnTWxveYnyfBazc55jtzQwKp5pump,3,55411,29035767050203,2105041222,1891013995,-0.214027,4717016944.450485,2995102114,-1.721915,
1784620387411,Zuki,DJoMkhj1n1Uc6iKfPs5g9ZB2JzW3j652HJBwrRK2pump,5,238464,36733878163078,3936705768,687004957,-3.249701,3988475618.69857,668988976,-3.319487,
1784620488761,Zuki,ArzFoiT6n2xLwvZrGUL6rkDDGhA8xU5LTYLx8Nrbpump,1,43934,2047431488757,239405000,3077332622,2.837928,288337785.114861,2012247726,1.72391,
1784620549271,Felix,8gQ3eVqkidFuLxRcbAJfy71VrNQoiZuiUekNbvXopump,1,16112,17687116830204,1004079080,748421949,-0.255657,623810505.303402,504258844,-0.119552,
1784620953810,Zuki,EWWoZJ4ANGubSk7GwfCs3W5cPA5KtwMLoBUUYPtSpump,3,14603,9340200334395,1626293700,1522857016,-0.103437,1479055463.7043,1463275736,-0.01578,
1784621799975,Zuki,GrA9nV3kwwh55VMfZZhwBZHSYjksHJb6vhi2ADAFpump,15,365737,19271440605560,2506775557,2431567095,-0.075208,2876828919.027916,2664996679,-0.211832,
1784622202623,Zuki,6okta4bqrJ2B5ZBSPNVhiTG7xgVGmFYHH3pMJxuWpump,2,8213,45911075206524,1382111207,1395962102,0.013851,1412674780.862869,1271001443,-0.141673,
1784622325753,Doji,EWWoZJ4ANGubSk7GwfCs3W5cPA5KtwMLoBUUYPtSpump,1,1348985,9028001736070,1371279080,283657132,-1.087622,1510095817.183044,285188509,-1.224907,
1784622523377,Zuki,GrA9nV3kwwh55VMfZZhwBZHSYjksHJb6vhi2ADAFpump,8,307260,27673903022665,4351096166,3604020030,-0.747076,4343072196.000633,3974235357,-0.368837,
1784622745202,Zuki,CTd9iqdyz2mF6zaFsAqgwWovnvquFnvs6bEENjNUpump,2,15142,37833611631135,1566542561,1459085286,-0.107457,1272125229.347378,1063805250,-0.20832,
1784623251817,Zuki,8rEguX5EGf2mhWpdLuwioZGPnj3oNkSniKUnNPDNpump,1,8910,30188909163402,895195257,1245609004,0.350414,891095118.886719,841720867,-0.049374,
1784624464026,Zuki,YixPLN3a7i1XLsFh1XDtfzY8oPGzEounvUpzPGWpump,5,95333,30680528030713,2142259549,2857223018,0.714963,2363582350.867111,2744132790,0.38055,
1784624547800,Felix,6r3PifyJWqbNjRHtH5P5dz2jjsRHnLq7TF9eTp7aPzmk,1,117930,22020148767409,1095029875,1521382193,0.426352,1169648455.897636,1221415515,0.051767,
1784624849361,Zuki,YixPLN3a7i1XLsFh1XDtfzY8oPGzEounvUpzPGWpump,6,235751,16448196992756,2135157906,1734958815,-0.400199,2074072903.2687,1736424105,-0.337649,
1784625817166,Pavel,DUVsG2QGamijpu9DKs6nXJuPTsgqcgsPYXPF3mzypump,2,691920,13771285972359,1764084080,2033083124,0.268999,1899867767.84285,1810599190,-0.089269,
1784625800962,Pavel,DUVsG2QGamijpu9DKs6nXJuPTsgqcgsPYXPF3mzypump,1,248891,9442871908398,881005000,2033083124,1.152078,1095878581.455551,1991798783,0.89592,
1784625971430,Pavel,DUVsG2QGamijpu9DKs6nXJuPTsgqcgsPYXPF3mzypump,1,78024,9224667731407,881005000,948194440,0.067189,973454235.664261,1010528000,0.037074,
1784626442429,Pavel,DUVsG2QGamijpu9DKs6nXJuPTsgqcgsPYXPF3mzypump,1,38815,11281692551164,1756005001,2426198211,0.670193,1817856054.760315,2523711946,0.705856,
1784626600486,Letterbomb,DUVsG2QGamijpu9DKs6nXJuPTsgqcgsPYXPF3mzypump,1,160813,19496940208680,3707774659,2861352604,-0.846422,4794746973.78006,2920717807,-1.874029,
1784626676739,Letterbomb,Ff5UWMLpDz9UWpPrEYvtQXBquoHsap7rUYzaBZ7Spump,3,84515,32491975830196,3044257295,1810124179,-1.234133,2988880143.894859,1749059767,-1.23982,
1784627836927,Felix,35EtqCu8eLd75NhYeQw1YhUH93xZG6RK3mxPn1Tapump,1,42572,29865027881227,2004079080,1730920100,-0.273159,2171320380.608482,1902422107,-0.268898,
1784627927866,Felix,35EtqCu8eLd75NhYeQw1YhUH93xZG6RK3mxPn1Tapump,1,1936,942162923147,102005000,7568562,-0.094436,104063870.011742,10386430,-0.093677,
1784632705916,Felix,HBMrYqHhiXhfqLD8w2ETjgWH5tuQMGzgsEgcKfmUpump,3,116204,38711341674073,2208089080,1668885549,-0.539204,2281357871.127426,1084510939,-1.196847,
1784636601776,Zuki,AFaZdfMB1HNxztwAsF2qPDk3pXCQSdA8abdyLgmYpump,4,93943,10765282446578,2213857758,3068789807,0.854932,2494046820.174515,3005756763,0.51171,
1784636938466,Zuki,a3hUzTpNzBbA3LXzMCxXC6T1CxWULycQdzkvyeWpump,4,79569,11426987682330,2448928369,2134251820,-0.314677,2630204655.435852,2000880737,-0.629324,
1784637175877,Zuki,5NPNe4HW1TU2mNieLsdfEcNdA6DQWVMAiJw9MgURpump,2,35201,37466251609256,1325749756,1574777784,0.249028,1831059899.200653,1715561902,-0.115498,
1784637298254,Zuki,HPUcy3ppbCgvyjQAy6vxjrGcrStNUkPwowNWhohbpump,1,6371,17042925686106,947918654,877730641,-0.070188,502406497.716434,484434106,-0.017972,
1784637597619,Letterbomb,4npNvH7M6PrqqASMd4ww1ykJtCLspnbNbE2SbJp3pump,2,23006,32919548238496,2700188877,1315631862,-1.384557,2354799284.69886,1026709615,-1.32809,
1784637624425,Letterbomb,5NAEujNNGotuUk5NddqNHX15eRr2ZuuTpAN1UDjfpump,1,20425,27168606296312,1687900382,1908037447,0.220137,2398863974.921066,2134599321,-0.264265,
1784641676695,Felix,Db8XfDkW8bdBJA4JJJ58dHgiHEN8VSh6Wwq27LmBpump,1,43210,17661976311015,1004079080,959187605,-0.044891,1072846431.863098,485845710,-0.587001,
1784645100829,Felix,EfXKmkK3H6rq6R5VX48ueMhuqvMtCv8nCT6QDuEXA6kh,1,15312,17417818177875,1084278820,626985954,-0.457293,643386732.179138,510522633,-0.132864,
1784645242955,Felix,438oYCTEZCbTTyFWT2uJh6vtrAXrFHE62BYWSkmSpump,1,10948,22537456639616,2004079080,1076840798,-0.927238,982437831.567802,1144643170,0.162205,
1784646022017,Letterbomb,13eobgHKsDBkYeTtCpPV8e4gc1CJdgdqfH4dufmLpump,9,307832,36120613179041,5716504547,2822657172,-2.893847,6620028387.375671,2385033762,-4.234995,
1784646135047,Letterbomb,D7uPX78mAXKeAYbXDAzjVhg4JAyNH8pJBGg9zdarpump,1,6471,39500443159327,1689459699,1231059578,-0.4584,1226348031.737335,1136449873,-0.089898,
1784647561005,Letterbomb,2YptmERsZ9UxPfi8LN4qoYurma53YFBpE6zyPAVYpump,1,6448,45527990682275,1687856191,1573717698,-0.114138,1591200604.100887,1448671443,-0.142529,
1784651584836,Sheep,8dZqXD5QBACzBRXWvpkWSaigGho34NQQuyVnS1jbpump,1,20390,41656490889123,2278366844,2066441788,-0.211925,2780114108.008461,1740446647,-1.039667,
1784655533854,theo,2ALSJaMegkspeJk6azSPj1894vKFFiARbo9ar35rpump,2,8400,10651964806540,527210000,1745834674,1.218625,367030754.690945,1600915761,1.233885,
1784692829960,Felix,5hdhrkK4u8YREpSyP7u7woCGTGARrwPgpzD5hRaur7DR,1,1985,17841600355733,697388835,3069332006,2.371943,537122368.416599,519055476,-0.018067,
1784692849024,Pikalosi,Ayw4XF7qGwBSDFrURTgwoQWierK4AcQhpdVtK5pHpump,1,1944,283187711600,23961144,20614199,-0.003347,8051700.84314,8047416,-4e-06,
1784694147025,theo,BhCbtPXHqB2RmemgK89F1sYuVQz86b1Mf7FmpNXJpump,1,7742,4186695298233,263605000,4704131019,4.440526,249382832.883453,4531029038,4.281646,
1784694596290,theo,8F5Ft4avtPuwE7Gx5VVsMhCRkJyuEhJvviuTyF7upump,3,14865,12457952605842,790815000,3630817784,2.840003,796608369.533951,3999500967,3.202893,
1784695535437,Doji,CGwsCV5B498pp75HKpbWx5s6sauYD68YQkLV56hmpump,1,43036,9664363258512,751714973,765109334,0.013394,953799661.685043,674887149,-0.278913,
1784695598527,Doji,8cHVHVzMY73wZbGsAChFu6nCmF1Xpjnc9Car3e5mpump,1,61149,9431705333402,677090159,706800711,0.029711,757715978.95079,685784977,-0.071931,
1784695743544,Doji,CGwsCV5B498pp75HKpbWx5s6sauYD68YQkLV56hmpump,1,129489,10701272349870,706258485,576426156,-0.129832,758852006.795029,470102915,-0.288749,
1784696359846,Doji,EDMoJET5DHfys8oMgn9ViyD2w7fAdoJHXFtVowt3pump,1,10765,5112904715883,515174582,526032107,0.010858,501323312.310471,484878658,-0.016445,
1784696414613,Doji,EDMoJET5DHfys8oMgn9ViyD2w7fAdoJHXFtVowt3pump,1,48413,4359143600877,444739067,437475503,-0.007264,409745463.173027,438119348,0.028374,
1784696864792,theo,G1QNcgLwsLoo2mkSjdeHwctZE46oSnCU7nukVxSGpump,3,296833,15732396342357,790815000,2154367908,1.363553,884058365.104134,2303697801,1.419639,
1784696872131,theo,7W5zk1QWSQuKJr6c1kjBwuvMf3uJxowQNu5iKiMMpump,2,122827,6761722019547,527210000,2143691914,1.616482,527225833.390022,2029764974,1.502539,
1784698138178,Doji,2JjfFcZgw1ao5njxnhrQK9waSuysSQWrNqjn5D8ppump,1,6315,7703554895492,637943599,778251029,0.140307,664129033.609184,654173490,-0.009956,
1784698783032,Doji,866uW7RN8poeGa3nxJHChGuTrD5R6XEqvhnBRHNtpump,1,45678,5791802057106,462399008,91754970,-0.370644,522569297.326752,96305858,-0.426263,
1784698798017,theo,866uW7RN8poeGa3nxJHChGuTrD5R6XEqvhnBRHNtpump,1,147083,3904388703952,263605000,1067146741,0.803542,351198379.420486,706609755,0.355411,
1784698876731,Doji,CPYdtkP4BBFXgFMPDuWRPjPVThiMYX5uJSSdTBkppump,1,11002,4442784833091,503217232,410137282,-0.09308,425565495.605812,354543020,-0.071022,
1784698911170,Doji,5rm11axUtoCmRUvTYGa4st9gfBYA48jukPaR1B9pvLgU,2,65153,7617101120984,1154493705,635092963,-0.519401,1446615160.01236,714541428,-0.732074,
1784699060369,Doji,5rm11axUtoCmRUvTYGa4st9gfBYA48jukPaR1B9pvLgU,1,138211,3682182910470,647805649,1014049557,0.366244,681123505.37883,646959506,-0.034164,
1784699211598,Doji,5rm11axUtoCmRUvTYGa4st9gfBYA48jukPaR1B9pvLgU,1,134286,6133616778267,650544494,423997270,-0.226547,1015470131.760529,390649894,-0.62482,
1784699217834,Doji,ABqagmAMYXEmGL4HGnbP8RBYwV4Vr6wPAj13KibHpump,1,146855,23379827484428,743563192,657062144,-0.086501,754228802.256187,643552189,-0.110677,
1784699224169,Doji,2JjfFcZgw1ao5njxnhrQK9waSuysSQWrNqjn5D8ppump,1,1070160,5459529947198,493187994,228165388,-0.265023,517587760.486107,224963447,-0.292624,
1784699293789,Doji,5rm11axUtoCmRUvTYGa4st9gfBYA48jukPaR1B9pvLgU,1,19545,5564768224168,441195774,582307409,0.141112,407843029.020264,512331110,0.104488,
1784699310829,Doji,5WQqDfdUEgWcbmNcv9QKioVoBtNNrhSSdZSMvf4Rpump,1,6348,4846969966031,450878865,492620904,0.041742,598342945.48085,650229309,0.051886,
1784699539281,Doji,GMUV6KXAywaznyjyv6dDwFbUcqxXTjyy6EtzAjQgpump,1,45925,5443703549213,473566570,353627934,-0.119939,531839842.360344,305308804,-0.226531,
1784699686252,Doji,37KxT6Dq13oVyATKFfu6HdmogeJ4rhDoKqoCWWDqpump,1,6330,3533554471947,497226910,491265002,-0.005962,464379372.399429,393245910,-0.071133,
1784699703648,Doji,CrTpJU3drepc4DfZN5LQhxH6Hamt9bpipceLUAQppump,1,10647,4606502085605,488353033,391354160,-0.096999,473484792.729156,367191865,-0.106293,
1784699804863,Doji,3atwWsd6VQST1PsFXmbcRRu45LQBqAo3ZSTubHRXpump,1,28101,5811606261086,455540921,310302948,-0.145238,436736368.750748,204518944,-0.232217,
1784699864886,Doji,6Ay1cp8aP6vV5FamesJESrtsyNS6X1a6sz7XQBvqpump,1,53717,4959305101924,477949125,220675239,-0.257274,555841917.849754,220846204,-0.334996,
1784699914619,Felix,D4obTQfFNMJAM29uusZsdeheJKEAGTvmJTx8GqdEpump,4,59503,48191076511495,2310094080,997994997,-1.312099,2802247055.129089,973527131,-1.82872,
1784699967697,Felix,D4obTQfFNMJAM29uusZsdeheJKEAGTvmJTx8GqdEpump,1,46797,9560555523629,502005000,1189670977,0.687666,453927245.870872,1055173350,0.601246,
1784700118935,Doji,6Ay1cp8aP6vV5FamesJESrtsyNS6X1a6sz7XQBvqpump,1,10680,8949034042106,669862646,567922645,-0.10194,631065760.638908,479155098,-0.151911,
1784700668731,Doji,eHFE2DFAx11Uc2WboXq8FBuqoqGEkBMv6MYdFVjmHCc,2,13859,8148204925827,918081746,426235471,-0.491846,1147443167.697571,516443446,-0.631,
1784700704092,Felix,2c9pcThbW4PZVHpFzrCjcEY3LoS4fEWobWYpaG8Rpump,2,218460,18139430848446,2106084080,927968934,-1.178115,2223770981.159828,907189816,-1.316581,
1784701017102,Doji,FK9BuSuSYiTonDbDC4fb29i7dUgKhA8Gs4scA2TApump,2,119114,7879791846873,1276960269,1265582158,-0.011378,1383746252.051559,1414766856,0.031021,
1784701176831,Doji,FK9BuSuSYiTonDbDC4fb29i7dUgKhA8Gs4scA2TApump,1,12644,11094784667637,963205000,1014872048,0.051667,926226104.509155,917091544,-0.009135,
1784701307274,Zuki,H4sWWKVMEVAXDPnGpRJU5xWVGtHDEKZKmF3NNmzhpump,5,136114,46898993874194,2946977424,2039334338,-0.907643,4154630230.563751,3217502156,-0.937128,
1784701366608,Doji,eHFE2DFAx11Uc2WboXq8FBuqoqGEkBMv6MYdFVjmHCc,1,360324,13196007815675,3690205000,2952610303,-0.737595,3809972940.569046,3646356847,-0.163616,
1784702588259,Zuki,H4sWWKVMEVAXDPnGpRJU5xWVGtHDEKZKmF3NNmzhpump,11,748327,41054624699665,4674475989,2370052008,-2.304424,6113944815.154381,1849667525,-4.264277,
1784702809864,Zuki,29rLbnhjp7EJyrbtkSVe4s3vzD18dPYCzfhrKA8Ypump,4,71181,23603128528905,1539429554,1395614270,-0.143815,1970181416.594475,1782980391,-0.187201,
1784703045819,Zuki,ArepQM8oQKeJwbE9djVzK3H8SneXaAfZxcSswJKDpump,2,17558,27369724798181,1486667512,1681850989,0.195183,1854550162.455223,1811122143,-0.043428,
1784703098583,Zuki,3eJkLjHXHubwoZUBEUmpmGbVHRd6tutiqqoVCkoFpump,3,10320,29365902348072,1277345657,889987510,-0.387358,1010472518.261528,880296661,-0.130176,
1784703172471,Zuki,3s2XxFiyJGxgMDhn52F5vWTyTBVgXgfM9TkDcr22pump,2,35025,40218383394508,1448117368,534612646,-0.913505,2452579489.800041,377653652,-2.074926,
1784703433641,Zuki,6RhX4TEAmvjjgEX8vCC1F1zTqvbPgYrxuiUB5WZipump,1,11300,38774183659837,1894860562,826605595,-1.068255,2776376837.610229,728108327,-2.048269,
1784704671864,Zuki,CxJFstnXt4291ppaGB9co61LxNMKpiB3GFDc1hj4pump,13,253999,28378656925021,3466297861,4817346768,1.351049,7314609628.785835,3149102426,-4.165507,
1784705016462,Zuki,2CCPVMnjBtP3XkKifz4E5jkuwyhCWr5nNuxDpxaUpump,3,15205,18843238940433,933191389,738050781,-0.195141,1027201561.57235,788025556,-0.239176,
1784705230786,Zuki,ggMUEtVB9zMhoDPcW78Vguurgd9eaetuNvA7zK3pump,11,198973,17958471014794,3117933041,2269745463,-0.848188,2885286095.082603,1791281290,-1.094005,
1784705522718,Zuki,t2z3DMyBHwivzDYVbyLwcRKQ97e2qCKTJ7YoNuUpump,2,17602,41781333384565,1423378513,1408192975,-0.015186,1565801809.360828,1176987621,-0.388814,
1784705781255,Zuki,67FNunUy9YgY4GYYj2giqAfdJy3ZzcDKm5FgECUvpump,3,33006,12841260192899,2017680324,1237579009,-0.780101,1797572762.672333,1035078021,-0.762495,
1784706188129,Doji,G1UCfhd6TUeV1N4D5io9kE1Q41xtrkEtyDRPqZrCpump,2,109001,11545531604236,2483111070,2415139565,-0.067972,2622006831.741364,2430515682,-0.191491,
1784706539651,Doji,DzaCFBhui4eNM6VDUGSnBUmoEXde12n5ydXF3yr8pump,3,420748,14387296433020,1545222543,1419990221,-0.125232,1909815879.210869,1280376362,-0.62944,
1784706591752,Doji,G1UCfhd6TUeV1N4D5io9kE1Q41xtrkEtyDRPqZrCpump,4,345454,10082315382332,2421474775,2165703695,-0.255771,2441391395.100586,2288369346,-0.153022,
1784706954928,Zuki,BDoMSXAjtG8N7NGghA2a6eGzGzSXqTZMs5q3FwdYpump,5,77128,42161511207266,2419515055,665955044,-1.75356,3223865652.119942,699640942,-2.524225,
1784707007064,Doji,CVk7Y2SqZ2yV11vLf2AMRsfgGf2JZuxx1zMwgF5wpump,2,184464,12746434639979,1000170940,893573626,-0.106597,960808452.193596,640610079,-0.320198,
1784707025081,Zuki,BDoMSXAjtG8N7NGghA2a6eGzGzSXqTZMs5q3FwdYpump,4,45440,8666864615373,488820000,1436595074,0.947775,403134269.929184,1173158155,0.770024,
1784707069875,Doji,4E2s637xGgE2oaN1ezFkyBuPHG3aU7opQgqnSu3xpump,1,6409,7443988921984,526723278,493610065,-0.033113,453541299.386482,424220592,-0.029321,
1784707635978,Doji,7a3v2DmHEbhfvCff4RAtxabm35X5LbwcSQrGf57Lpump,1,99946,2682324014693,690678908,585992050,-0.104687,710171145.819046,744687105,0.034516,
1784707682341,Doji,7a3v2DmHEbhfvCff4RAtxabm35X5LbwcSQrGf57Lpump,1,24492,1495732307749,446195576,943033977,0.496838,451889277.746857,954226540,0.502337,
1784707729830,Doji,EViyZjjDxmEqir6R3GgXs5cc5gGEiEFwNUVj4dS3pump,1,78458,6383938251449,696588939,265705691,-0.430883,659174940.131851,257415030,-0.40176,
1784707753515,Doji,7a3v2DmHEbhfvCff4RAtxabm35X5LbwcSQrGf57Lpump,1,12437,1657506306801,481731180,1017650145,0.535919,523589593.819901,1056638364,0.533049,
1784707850806,Doji,7a3v2DmHEbhfvCff4RAtxabm35X5LbwcSQrGf57Lpump,1,39869,3030791977567,675844912,720498375,0.044653,731998443.346085,602830939,-0.129168,
1784707922621,Doji,ChvtzNXXiBePRgNNbaDFW4hu6TFcAUDWUTamirWKpump,1,131574,9842176975185,1925372894,1229976872,-0.695396,1881581703.907715,637195873,-1.244386,
1784707980154,Doji,ChvtzNXXiBePRgNNbaDFW4hu6TFcAUDWUTamirWKpump,1,51159,23121661493857,1793968974,1244317645,-0.549651,1744848066.076309,1862679279,0.117831,
1784707999921,Doji,7a3v2DmHEbhfvCff4RAtxabm35X5LbwcSQrGf57Lpump,1,124049,3374497981408,734211434,972157036,0.237946,702025988.603531,922284343,0.220258,
1784708068430,Zuki,tbwrKzZ7k5p7URXFhtqBvd2WKbB2w2zRjPK5rXZpump,1,20722,44692330887957,2077316156,1510337204,-0.566979,1699002780.202438,1319318543,-0.379684,
1784708182610,Doji,7a3v2DmHEbhfvCff4RAtxabm35X5LbwcSQrGf57Lpump,1,6830,2241882795474,486938570,308749766,-0.178189,454358762.150497,328701862,-0.125657,
1784708195483,Doji,7a3v2DmHEbhfvCff4RAtxabm35X5LbwcSQrGf57Lpump,1,6423,2727313026554,525942476,527435073,0.001493,489567398.782852,522803287,0.033236,
1784708289242,Doji,13rzTbUwa5pL8KdzJ27xrHHzovcHYqkoehJF3RsFpump,1,6435,3697938690861,451473677,479517804,0.028044,498085721.432487,486639512,-0.011446,
1784708412062,Doji,7a3v2DmHEbhfvCff4RAtxabm35X5LbwcSQrGf57Lpump,1,20011,4205782354341,650091227,1412174776,0.762084,682393199.917694,1309107322,0.626714,
1784708491952,Zuki,13rzTbUwa5pL8KdzJ27xrHHzovcHYqkoehJF3RsFpump,7,373772,27480351482615,2182587659,2280240049,0.097652,2789414272.78936,2224415488,-0.564999,
1784708818660,Doji,9Yj79gRCkZ37izjkkpESezPKx7895nWhMWHVLpFJpump,2,38270,11064570469307,1015695030,1019963556,0.004269,1160386547.491615,847995931,-0.312391,
1784708896319,Zuki,9Yj79gRCkZ37izjkkpESezPKx7895nWhMWHVLpFJpump,6,161134,53086896920609,2921638220,1897334645,-1.024304,3378055762.721947,1449859151,-1.928197,
1784708941253,Zuki,FX9hhVJCcK5jUGpXUYNJZw3xm8h44sebnYoGcyVVpump,1,6507,27750453534434,1313348395,1264708113,-0.04864,871771756.561558,761852563,-0.109919,
1784709437063,Doji,GkQvuthcYcJwrRCtBt29mh6g7ah6BLD5DoCcR3uqpump,3,569152,12607909657425,1419577220,759960008,-0.659617,1599187839.600357,901067209,-0.698121,
1784709523938,Zuki,9Yj79gRCkZ37izjkkpESezPKx7895nWhMWHVLpFJpump,3,20227,10964396377076,946003938,881160428,-0.064844,978380879.678764,677497363,-0.300884,
1784709668767,Zuki,56jHkADdsznCNs5dvNqsTyDa4gnBPrNKwqQm9Lw9pump,4,52349,30127511629935,1867480769,1349379498,-0.518101,2067251146.861862,1247798999,-0.819452,
1784709887925,Zuki,HuDiRde6FPj8Ns6YM8CP4TMGd3tAm1x981zn16Ypump,2,35117,27952947824064,1289313796,1090428698,-0.198885,1631917796.230309,1118058691,-0.513859,
1784709986456,Zuki,BD5bSLkXRLmV3gAHEBcQo6h3esZZBR9CXS1rcoUNpump,3,64184,14472760178575,788153810,633614677,-0.154539,678659293.993462,447195601,-0.231464,
1784710157918,Zuki,5kkfoGceVJeZUBuoKTsq6UMsjF4LuR9tUEfLZLBtpump,4,109826,53024017348735,2025253013,1668051157,-0.357202,2392305285.904243,1353946429,-1.038359,
1784711564759,Zuki,CUG5BxwmYYBW4o6Pu8YzqYS84RbKGTqPzw9KACKbpump,3,5911,33446695824471,1391160846,1813668788,0.422508,1034814788.360317,970180662,-0.064634,
1784711901034,Zuki,DDbRtiNGPh7KNzVysFKThWFVawUygmhsQeSSv6zppump,5,77724,17601881630182,1965139267,2134702144,0.169563,2557579560.272522,2721208319,0.163629,
1784712053760,Felix,QQ9KwKuBuqMfkEzqC4G38qnMcfnUzEhyLJJEgHcpump,1,269274,17507055489344,2004079080,1184355589,-0.819723,2201173573.291267,1471448212,-0.729725,
1784712924769,Zuki,64KeXkKdwN9A6SKkJsfRSvbfqm1LN2fPwmGWrGxKpump,4,92964,25780568156073,1901945113,2139933115,0.237988,2098540457.680634,2400091072,0.301551,
1784713612358,Zuki,AXrQMcHwT8k8wdSJHV2PFxBN7L4iZVh2i6MU8Aixpump,3,63792,24999836935461,1292669972,487760717,-0.804909,1972115773.970306,514051374,-1.458064,
1784714035257,Zuki,AXrQMcHwT8k8wdSJHV2PFxBN7L4iZVh2i6MU8Aixpump,10,149663,26523310283756,3390846957,3240706962,-0.15014,3202317581.560104,3286817780,0.0845,
1784714227842,Zuki,4VCKKQRTYqeMt6t5VubufRNKf4Gku567yJQGFUwapump,3,33332,25389266566141,1058294120,875073472,-0.183221,1415340675.717564,723302103,-0.692039,
1784719818175,Felix,x91qtTZMRZ57SQxjr9FF6NQvpfwLnzGdSRJ426FTxms,1,12917,83095872940687,3504079081,1955725868,-1.548353,4462965675.167641,1719040114,-2.743926,
1784721076056,Felix,FbygFGuNFhJJfPTuP4QNNjmgmxG4P6QZdqvi9nBapump,2,152895,35745849430344,1663246134,1276841583,-0.386405,1376316761.322952,1223136988,-0.15318,
1784722393346,Felix,CazgEnWmnPRjR7guoHA4jYEa3xspjrxygadkFGUgpump,1,24162,36227174420290,2004079080,1495323097,-0.508756,2152867339.571075,979794995,-1.173072,
1784723309391,Felix,6Mx7iGuEGJKPwcMfvVaAsEsqbHfsRteF8xUaHQJ7pump,1,199620,24154556866181,2004079080,1980926911,-0.023152,4067279000.904495,1893207732,-2.174071,
1784723502050,Felix,4tEJ61pWXgm3XZUK8rfuE2ARcEzEGEqc1n8CoQiwpump,1,28850,103640505703104,3504079081,3133721733,-0.370357,4033646453.58017,2642451246,-1.391195,
1784723775270,Letterbomb,5tAgPE9v4iSL79z1ny1smivxyCJfasVEYVq4yNdkpump,1,6408,37921161535894,1687172310,1239712821,-0.447459,1361685102.494408,1064352845,-0.297332,
1784728515772,Zuki,2sqcokJT1xA9ftaWdaRrLLECeqR19TMd3S4DVzDXpump,3,10245,21623232949687,1668787508,1263355588,-0.405432,770861750.177929,1203873238,0.433011,
1784728760458,Felix,C8PvKxAzbqK9iyNRkQEo9WnLvetq291E4kVGLkcrpump,5,287647,18459292296874,1666164114,1204318013,-0.461846,1789072411.275688,791646777,-0.997426,
1784728812572,Zuki,2sqcokJT1xA9ftaWdaRrLLECeqR19TMd3S4DVzDXpump,5,246008,10116958124861,976862336,2525286000,1.548424,1038533312.803253,2434807737,1.396274,
1784729310498,Zuki,C37iGsHjPU9jyy88ct6JmbajXi9mdimH9HAmMqHBpump,2,26205,26788552554156,1120187160,1194576576,0.074389,1565164671.083488,738357589,-0.826807,
1784732888377,Felix,ErkXaxLVVy47pdWj7X8moZ1KNZweF1dYVWU7tgGgpump,2,100886,25664679414739,1237354182,1038796849,-0.198557,1142017967.648819,718925180,-0.423093,
1784733103417,Felix,DJBvdqsC5a1vHdXPPRpn3a6H3D1WTSPkTofJn3XXpump,1,70091,12053001705364,1004079080,1147536802,0.143458,1033967629.88269,1155690459,0.121723,
1784735984183,Zuki,1HWEuqFHJJfvHypRom5KoyVm3A7DZxFMuVr2qDQpump,3,50830,36467153183814,1451909323,1806328765,0.354419,2318859519.712044,1690908966,-0.627951,
1784735992491,Zuki,1HWEuqFHJJfvHypRom5KoyVm3A7DZxFMuVr2qDQpump,1,1931,10153056117,5005000,1832688822,1.827684,1655517.961487,2797981445,2.796326,
1784736473722,Zuki,5CuhKPPQTZxefLe5GDunJNB6hiaBShNMZ8n4rgNkpump,3,29017,13486498740644,1737238407,1091933407,-0.645305,1148758081.149963,743041380,-0.405717,
1784736544293,Zuki,pc9B9NeR7mRw1MMJTEXca3nsgh71YmH2zXRMS3qpump,2,50888,23670670820682,1188993337,1570476533,0.381483,1544575730.307854,698994889,-0.845581,
1784736631368,Felix,pLpxox2CNsq4mhN5qpRJihLWb5YLAVLFu4V3J1zpump,9,487753,37152814731165,1820119080,1701775317,-0.118344,2110140963.12603,1506178687,-0.603962,
1784736837090,Zuki,6rhXTseuqFKADoYGZNu5iecx2R1STbEwhvfeVfVBpump,4,34527,30720282246358,1730830093,1954197067,0.223367,2344115373.692009,1390843699,-0.953272,
1784737047090,Zuki,BYELEuuh9ncA1TVwTdGVgyTCeLZg9iHxtUpJLzwgpump,1,24297,35971023337586,1101396724,939860594,-0.161536,2069528564.428688,496172949,-1.573356,
1784737255609,Zuki,4R3EveKpgLMYr299BRkenTCv3e9o9jB23EUgTGA42bMj,3,61296,25250885222707,1572219587,1439755856,-0.132464,1876892853.591919,1620418951,-0.256474,
1784739180670,Felix,3mtWt75Ut1jrb6T8SKJmJ6bJbUrf68WccMoBbAyyKhwD,1,10860,49723895109265,2004079081,1849947138,-0.154132,1539563868.996517,1399679853,-0.139884,
1784739271179,Felix,66exPo4DYjF68fr7SGH3VBUzSwsy45qE5UW3L5zRpump,1,10814,37017336507048,2004079080,1951979194,-0.0521,1116442268.665936,1040527870,-0.075914,
1784743792639,Letterbomb,EZGDFG6JDqTr87C1C9iabNEmw7ByuGnPdeaVH8Chpump,5,1034443,34457111886392,6082099076,2862465717,-3.219633,7253962006.542191,2352964715,-4.900997,
1784743895893,Felix,89VobyQc6coSqsgFoKmRDmEJFNznutxmnJJRjWtmpump,1,131271,47768726478533,2004079080,1397544050,-0.606535,2184677955.905777,1297847622,-0.88683,
1784748872577,Zuki,Dj7nzF9uY58rFAkrHHd5Wfz5CGSdBEiu91GpYuK2Wak7,2,12649,22933367272667,1087723546,920635764,-0.167088,781906754.545559,693565484,-0.088341,
1784748931218,Zuki,HSn9srYMyACSD55et9PcbbbY7BHXNQq9jR5dxJtepump,2,30296,19830489840143,1066816633,1019121420,-0.047695,1324228957.686829,564924725,-0.759304,
1784750103713,Zuki,GiATNVZRTxDipiceGPPLu34TSm7XPZLvk94ZUBbSpump,2,4224,2654796566166,244410000,88991362,-0.155419,81496396.082073,81077610,-0.000419,
1784750110009,Zuki,6xQZLY516Koafpu9E347QWeD1k84gWKtM1E4vfZqpump,2,3681,20623218543518,981821477,965045980,-0.016775,2456575029.764687,2323726433,-0.132849,
1784750511335,Zuki,4DaefYP1cmgmHoPjtSAr97U8rZ49EGRcC2ACCjmfpump,1,8173,23856534951036,1196362395,997145243,-0.199217,907198345.339333,682319721,-0.224879,
1784750915462,Zuki,2QgS9NweP7gAHpyuqtwS4oB47N61MWbKbFiycakQpump,2,32006,28649548849626,1418895717,1901057142,0.482161,1927055217.700447,1628496106,-0.298559,
1784750956990,Zuki,AWt8yuv1pQfHz1VZRbXLedR8qMcKJkKUmkBbhJdopump,1,14518,22894838726575,1187987109,956668945,-0.231318,909665761.68042,639053077,-0.270613,
1784751136424,Zuki,4cnnVwCxS5A8TGnvJvFg4oLE8A2PQKPVPmX3HLhDpump,4,64587,13723106211284,1685486023,1706866681,0.021381,2461343530.376724,1844727360,-0.616616,
1784753749231,Zuki,BwHnaw8TFSd5sFNietkEpcRmiNJLzgT3H1nuTsgmMsXb,2,71687,15331990246832,1670280359,1600445661,-0.069835,2020627368.330788,1475926018,-0.544701,
1784753887829,Zuki,5bYGAe9JuUFxW256DJciGuWeYtkrTX3K1K7FTtqpump,2,38237,41969556725889,1444078695,1366418955,-0.07766,2718673067.308037,1335929083,-1.382744,
1784753974286,Zuki,CNKNEjtZJ7vfaH23LGMwHKhPHvKsfyAvVz6uqqTYpump,2,6967,40180526852261,1439560836,1518981109,0.07942,1494039336.223778,1658275142,0.164236,
1784754078300,Zuki,38DQ5pAQKXPHyvnv3Tctcrsv2bN4WYGwmiR2wB9wpump,2,10010,9643975021972,1638078049,922396163,-0.715682,897187138.994637,637018025,-0.260169,
1784754241146,Zuki,4xTnaz6GqywRTbCeYXgyqFq9e3WmkFwG9nqRpNgTTk8N,2,13055,18201208965768,1556860326,1481097845,-0.075762,939213336.479317,1422714110,0.483501,
1784754631203,Zuki,81bjXkuHyF7tKAbZTwyaJFW8VzPNA7wpYT4xRZRKpump,2,19501,10892510129444,1005375192,523563747,-0.481811,756725328.557961,344330542,-0.412395,
1784754720964,Zuki,EywhXMKJXVsGadzJ3c6NACLwBSSFtgpP1vRKuSPYpump,3,28231,13093075035574,2127468388,1158236459,-0.969232,1824656886.308533,644775948,-1.179881,
1784754750636,theo,CZ7MKM5VNwHriZsnTHKZC3rXtZ7tFgDNiEuwvBzHpump,1,17948,21067759964329,3031004999,2436610584,-0.594394,2943651131.037605,2621586106,-0.322065,
1784754949029,Zuki,AfiGGDZ45ZQx6eCNjjj6Aw1DcYgtpmUnFP4ggWLopump,5,47859,6847157529917,2027705911,367968842,-1.659737,2149469097.604065,328070667,-1.821398,
1784755625076,Zuki,6zn73nKNh6tfYNBAhmAALxd9QUVbGTzmuMGAqiizpump,5,91926,9595696103814,1586706025,1294832911,-0.291873,1725633104.561157,1358063344,-0.36757,
1784755891647,Zuki,3ceKwLJvFxsZoZbhdSm1wmVJFnigEWHmjpE6zzVu3FHa,1,1841,22416430621069,997213684,885054760,-0.112159,675851203.227818,645351673,-0.0305,
1784756447302,Zuki,GEs1YT8QKxtcnPAC2j5rUQRYBGosqBG99CYDpeeVpump,4,84291,11052723937706,1192610777,1002733267,-0.189878,1105076697.564987,1013178971,-0.091898,
1784757377998,theo,6dp5gGqi5t7mQV8vsQhM9pRkMsEomyHb3yrmy6Wbpump,4,67170,8032695207299,1054420000,5301622702,4.247203,1131598070.111061,4625661871,3.494064,
1784761294213,Doji,6LRHW9osqzXadQCZQ9EDMtux45ymBWLuMed3gyXUpump,1,24345,5614929212961,489452566,365191785,-0.124261,613159731.195,362646802,-0.250513,
1784762363763,Sheep,81GgrRmgdoVZ18xMZUSHSHUk9QKMpMQmH4nqbHEFpump,1,23770,9968750702013,1012099080,942208551,-0.069891,1029154448.471901,959194936,-0.06996,
1784762948353,Sheep,FYKJEbU59rLfqdvePHTRxmtJKniPysVbon6xHfm7pump,1,11299,261311191596893,3032099079,2437883620,-0.594215,4432864009.503725,239240646,-4.193623,
1784763659686,Sheep,AfGJ9HCTbD6yGbHuqDCKKcCCrYSriHxab3CxDDrwpump,7,76455,1069804839588807,4042754079,1226272280,-2.816482,10255652527.078426,432144674,-9.823508,
1784764187921,Sheep,HjNkUpkjhUqKvE2oPcvhPVc5XdfjisX1mu26cis3pump,1,23872,284132990278953,3032099079,1466298820,-1.5658,8808681404.28273,176855453,-8.631826,
1784764693890,Sheep,Hy3nn6fcpPsuvgQzepFWKPL3RGeFt8x8M7z6W3Sdpump,1,14376,257370837152641,3032099079,1420623046,-1.611476,1463370972.399776,677093945,-0.786277,
1784765086542,Sheep,7ygqjepQtJd8LWMzG3C6Z3KPF7jCqH9JuvBpxDHZzYg4,1,8465,390984692166353,3032099079,2844223377,-0.187876,7677707715.243637,1000532264,-6.677175,
1784765310355,Sheep,23Ht5zkEo7wXHs9RuXvP9Zr6M1ZpjtesUveEKG4ipump,1,11205,406793671350510,3032099079,4481276663,1.449178,4594074072.680058,1882152063,-2.711922,
1784765570226,Sheep,EgPAyaXcFyxW8bvvc3q7HRNYeUbYCP4SUnpQcb2Zpump,1,11751,303505928407966,3032099079,1152287594,-1.879811,1160953169.78294,258909594,-0.902044,
1784766563719,theo,7Py7uM3rMpYEG1aXhjf8WXiCnrWkL1PYFzwcgfU5TBAR,1,117288,2660013240079,263605000,1773187063,1.509582,299523316.29007,1665321418,1.365798,
1784766631256,theo,BPnUc8FvTzty9Y63KeW1gSectfW6wqYx9cCAAzP8pump,4,24308,67334308646014,3823894079,3195239398,-0.628655,4192117127.912964,2519939078,-1.672178,
1784766877436,Sheep,3NBSNSbH1YXPjqgLG6Pq6bxPzcFrjsVqG2rQ8xwVpump,1,24104,321511018735496,3032099079,624393482,-2.407706,3313824447.854575,185566118,-3.128258,
